timestamp,alpha,beta,delta,power_wam,power_mean,power_normalized,delay_wam,delay_mean,delay_normalized,pdr_wam,pdr_mean,pdr_normalized,current_sf_len,last_ts_in_schedule,reward,episode_index,episode_initial_sf_len,episode_profile,action,applied_action,requested_sf_len,applied_sf_len,action_overridden,action_override_reason,returned_reward,terminated,truncated,wait_timeout,valid_cycle,wait_attempts,cycle_idx,seed,reset_count,step_exception_count,profile
1784688650881.9321,0.4,0.3,0.3,773.2998430141288,841.7777777777778,0.15465996860282577,290.54628499072936,368.49556821779044,0.01871556270785386,0.9940694226408514,0.9958847736625513,0.9940694226408514,11,8,2.230742170538769,1,10,balanced,0,0,11,11,False,,2.230742170538769,False,False,False,True,0,1,44,1,0,balanced
1784688657176.459,0.4,0.3,0.3,737.0518053375197,794.4444444444445,0.14741036106750394,128.8095238095238,167.73809523809524,0.00792591886654595,1.0,1.0,1.0,13,8,2.2386580799130344,1,10,balanced,0,0,13,13,False,,2.2386580799130344,False,False,False,True,0,2,44,1,0,balanced
1784688660697.8918,0.4,0.3,0.3,637.6656200941915,717.7777777777778,0.1275331240188383,114.98207885304659,139.29151732377537,0.007003474239696237,0.8398744113029829,0.8888888888888888,0.8398744113029829,14,8,2.1988480315114507,1,10,balanced,0,0,14,14,False,,2.1988480315114507,False,False,False,True,0,3,44,1,0,balanced
1784688663818.6719,0.4,0.3,0.3,699.962323390895,747.1111111111111,0.139992464678179,160.61728395061726,208.25102880658434,0.010047850830594882,1.0,1.0,1.0,16,8,2.24098865887955,1,10,balanced,0,0,16,16,False,,2.24098865887955,False,False,False,True,0,4,44,1,0,balanced
1784688666948.502,0.4,0.3,0.3,690.8524332810048,735.5555555555555,0.13817048665620096,150.8450911228689,189.84126984126985,0.009395936699324143,0.99030051581072,0.9920634920634921,0.99030051581072,17,8,2.2390031790709384,1,10,balanced,0,0,17,17,False,,2.2390031790709384,False,False,False,True,0,5,44,1,0,balanced
1784688669977.34,0.4,0.3,0.3,676.1679748822605,716.1111111111111,0.1352335949764521,165.57613168724276,218.23045267489712,0.010378661219962827,1.0,1.0,1.0,19,8,2.2427929636434305,1,10,balanced,0,0,19,19,False,,2.2427929636434305,False,False,False,True,0,6,44,1,0,balanced
1784688672995.206,0.4,0.3,0.3,670.2731554160127,708.1111111111111,0.13405463108320254,159.55540858318636,215.5731922398589,0.009977011913488083,1.0,1.0,1.0,20,8,2.2433850439926726,1,10,balanced,0,0,20,20,False,,2.2433850439926726,False,False,False,True,0,7,44,1,0,balanced
1784688676024.063,0.4,0.3,0.3,658.4599686028258,693.4444444444445,0.13169199372056517,193.96825396825398,250.13521457965902,0.012272732085940893,1.0,1.0,1.0,22,8,2.2436413828859916,1,10,balanced,0,0,22,22,False,,2.2436413828859916,False,False,False,True,0,8,44,1,0,balanced
1784688679847.836,0.4,0.3,0.3,657.0549450549452,692.0,0.13141098901098902,691.8958888958888,851.3453383453384,0.045490052628144685,0.7105644355644357,0.775962000962001,0.7105644355644357,23,8,2.146957919276492,1,10,balanced,0,0,23,23,False,,2.146957919276492,False,False,False,True,0,9,44,1,0,balanced
1784688682774.647,0.4,0.3,0.3,645.221350078493,675.6666666666666,0.1290442700156986,210.94429747207522,263.65373309817755,0.013405223313680803,1.0,1.0,1.0,25,8,2.2443607249996163,1,10,balanced,0,0,25,25,False,,2.2443607249996163,False,False,False,True,0,10,44,1,0,balanced
1784688685701.663,0.4,0.3,0.3,640.0439560439561,669.0,0.12800879120879122,236.5079365079365,294.4047619047619,0.015110602835752936,1.0,1.0,1.0,26,8,2.2442633026657575,1,10,balanced,0,0,26,26,False,,2.2442633026657575,False,False,False,True,0,11,44,1,0,balanced
1784688688518.3562,0.4,0.3,0.3,635.1491365777081,661.3333333333334,0.1270298273155416,240.70987654320987,302.1604938271605,0.015390919048913267,1.0,1.0,1.0,28,8,2.2445707933591095,1,10,balanced,0,0,28,28,False,,2.2445707933591095,False,False,False,True,0,12,44,1,0,balanced
1784688694270.387,0.4,0.3,0.3,631.5447409733126,657.5555555555555,0.1263089481946625,256.19341563786,323.41563786008237,0.016423843604927286,1.0,1.0,1.0,29,8,2.244549267640657,1,10,balanced,0,0,29,29,False,,2.244549267640657,False,False,False,True,0,13,44,1,0,balanced
1784688697087.268,0.4,0.3,0.3,621.956043956044,645.4444444444445,0.12439120879120881,311.247795414462,386.43298059964724,0.020096584083686593,1.0,1.0,1.0,32,8,2.2442145412584105,1,10,balanced,0,0,32,32,False,,2.2442145412584105,False,False,False,True,0,14,44,1,0,balanced
1784688700021.924,0.4,0.3,0.3,632.0439560439561,657.8888888888889,0.12640879120879123,248.74589490968802,321.3396278051451,0.01592701100131341,1.0,1.0,1.0,29,8,2.2446583802160895,1,10,balanced,1,1,29,29,False,,2.2446583802160895,False,False,False,True,0,15,44,1,0,balanced
1784688702846.264,0.4,0.3,0.3,622.0235478806909,646.0,0.12440470957613818,289.73251028806584,367.69547325102883,0.018661274869117134,1.0,1.0,1.0,32,8,2.2446397337088095,1,10,balanced,0,0,32,32,False,,2.2446397337088095,False,False,False,True,0,16,44,1,0,balanced
1784688705764.123,0.4,0.3,0.3,627.0518053375197,653.0,0.12541036106750394,287.83730158730157,348.21428571428567,0.01853484333470991,1.0,1.0,1.0,29,8,2.2442754025725855,1,10,balanced,1,1,29,29,False,,2.2442754025725855,False,False,False,True,0,17,44,1,0,balanced
1784688708587.2952,0.4,0.3,0.3,620.5792778649923,643.5555555555555,0.12411585557299845,401.1963550852439,525.1925338036449,0.026097155109088988,1.0,1.0,1.0,32,8,2.242524511238074,1,10,balanced,0,0,32,32,False,,2.242524511238074,False,False,False,True,0,18,44,1,0,balanced
1784688711513.23,0.4,0.3,0.3,631.0000000000001,657.3333333333334,0.12620000000000003,299.60317460317464,393.57142857142856,0.01931975814564207,0.9959941536296217,0.9961685823754789,0.9959941536296217,29,8,2.242522318645194,1,10,balanced,1,1,29,29,False,,2.242522318645194,False,False,False,True,0,19,44,1,0,balanced
1784688714340.675,0.4,0.3,0.3,621.4113029827316,644.2222222222222,0.12428226059654633,741.1119025007913,811.0113960113961,0.04877330903941236,0.9937205651491366,0.9917695473251028,0.9937205651491366,32,8,2.2337712725942986,1,10,balanced,0,0,32,32,False,,2.2337712725942986,False,False,False,True,0,20,44,1,0,balanced
1784688717159.584,0.4,0.3,0.3,630.4850863422292,657.0,0.12609701726844585,257.5800999412111,342.23838918283366,0.016516350896678526,1.0,1.0,1.0,29,8,2.244606287823618,1,10,balanced,1,1,29,29,False,,2.244606287823618,False,False,False,True,0,21,44,1,0,balanced
1784688719991.791,0.4,0.3,0.3,622.5259026687598,646.1111111111111,0.12450518053375197,313.24661963550847,384.11669606114054,0.02022992792765233,1.0,1.0,1.0,32,8,2.2441289494082035,1,10,balanced,0,0,32,32,False,,2.2441289494082035,False,False,False,True,0,22,44,1,0,balanced
1784688722923.375,0.4,0.3,0.3,630.4678178963894,656.8888888888889,0.1260935635792779,295.7142857142857,391.90476190476187,0.01906032593157343,1.0,1.0,1.0,29,8,2.2438444767888166,1,10,balanced,1,1,29,29,False,,2.2438444767888166,False,False,False,True,0,23,44,1,0,balanced
1784688728704.669,0.4,0.3,0.3,622.2229199372058,646.0,0.12444458398744115,314.87654320987656,405.5908289241622,0.02033866198865087,1.0,1.0,1.0,32,8,2.2441205678084284,1,10,balanced,0,0,32,32,False,,2.2441205678084284,False,False,False,True,0,24,44,1,0,balanced
1784688731534.728,0.4,0.3,0.3,629.580847723705,656.2222222222222,0.125916169544741,295.7508026952471,391.5706824040157,0.019062762021030494,1.0,1.0,1.0,29,8,2.2439147035757943,1,10,balanced,1,1,29,29,False,,2.2439147035757943,False,False,False,True,0,25,44,1,0,balanced
1784688734362.4138,0.4,0.3,0.3,622.5494505494506,646.4444444444445,0.12450989010989012,320.20576131687244,418.47736625514403,0.020694180207930117,1.0,1.0,1.0,32,8,2.243987789893665,1,10,balanced,0,0,32,32,False,,2.243987789893665,False,False,False,True,0,26,44,1,0,balanced
1784688737280.551,0.4,0.3,0.3,631.8932496075355,658.4444444444445,0.1263786499215071,272.4438970990695,349.1899288451013,0.01750793176111204,1.0,1.0,1.0,29,8,2.2441961605030634,1,10,balanced,1,1,29,29,False,,2.2441961605030634,False,False,False,True,0,27,44,1,0,balanced
1784688740108.443,0.4,0.3,0.3,621.9874411302984,645.7777777777778,0.12439748822605969,289.0108759553204,366.1934156378601,0.018613133819567737,1.0,1.0,1.0,32,8,2.2446570645637056,1,10,balanced,0,0,32,32,False,,2.2446570645637056,False,False,False,True,0,28,44,1,0,balanced
1784688742925.533,0.4,0.3,0.3,629.8995290423863,656.1111111111111,0.12597990580847726,263.7654320987654,343.04526748971193,0.016928981460891623,1.0,1.0,1.0,29,8,2.2445293432383417,1,10,balanced,1,1,29,29,False,,2.2445293432383417,False,False,False,True,0,29,44,1,0,balanced
1784688745750.0,0.4,0.3,0.3,622.0627943485086,646.2222222222222,0.12441255886970173,308.5567313345091,394.0726043503821,0.01991706012905331,1.0,1.0,1.0,32,8,2.2442598584134035,1,10,balanced,0,0,32,32,False,,2.2442598584134035,False,False,False,True,0,30,44,1,0,balanced
1784688748671.854,0.4,0.3,0.3,629.9010989010989,656.2222222222222,0.12598021978021978,304.20634920634916,394.92063492063494,0.01962684117453964,1.0,1.0,1.0,29,8,2.2437198597355503,1,10,balanced,1,1,29,29,False,,2.2437198597355503,False,False,False,True,0,31,44,1,0,balanced
1784688751501.477,0.4,0.3,0.3,621.8147566718997,645.8888888888889,0.12436295133437993,300.0573192239859,392.25602586713694,0.01935005465136664,1.0,1.0,1.0,32,8,2.244449803070838,1,10,balanced,0,0,32,32,False,,2.244449803070838,False,False,False,True,0,32,44,1,0,balanced
1784688754322.228,0.4,0.3,0.3,631.2668759811618,657.5555555555555,0.12625337519623236,272.51028806584367,348.5201012978791,0.01751236077824174,1.0,1.0,1.0,29,8,2.2442449416880343,1,10,balanced,1,1,29,29,False,,2.2442449416880343,False,False,False,True,0,33,44,1,0,balanced
1784688757252.743,0.4,0.3,0.3,620.896389324961,645.3333333333334,0.1241792778649922,366.82245737801287,471.0684891240447,0.02380403318065463,0.9958510876878225,0.9960317460317462,0.9958510876878225,32,8,2.2419424052061534,1,10,balanced,0,0,32,32,False,,2.2419424052061534,False,False,False,True,0,34,44,1,0,balanced
1784688763817.599,0.4,0.3,0.3,368.5557299843015,476.22222222222223,0.0737111459968603,212.49322493224932,193.52303523035232,0.013508554031504291,0.5164835164835165,0.6666666666666666,0.5164835164835165,29,8,2.1214080303368594,1,10,balanced,1,1,29,29,False,,2.1214080303368594,False,False,False,True,0,35,44,1,0,balanced
1784688766642.812,0.4,0.3,0.3,631.232339089482,658.2222222222222,0.12624646781789642,1676.3746438746439,1835.0728078505858,0.1111657534272611,1.0,1.0,1.0,28,8,2.216151686844663,1,10,balanced,1,1,28,28,False,,2.216151686844663,False,False,False,True,0,36,44,1,0,balanced
1784688769564.365,0.4,0.3,0.3,631.2715855572999,658.3333333333334,0.12625431711145998,277.09017515051994,362.52463054187194,0.017817890270214805,1.0,1.0,1.0,28,8,2.2441529060743517,1,10,balanced,2,2,28,28,False,,2.2441529060743517,False,False,False,True,0,37,44,1,0,balanced
1784688772395.4019,0.4,0.3,0.3,630.3249607535322,656.2222222222222,0.12606499215070643,292.6954732510288,375.55555555555554,0.018858937508407524,1.0,1.0,1.0,29,8,2.243916321887195,1,10,balanced,0,0,29,29,False,,2.243916321887195,False,False,False,True,0,38,44,1,0,balanced
1784688775215.597,0.4,0.3,0.3,621.9638932496076,645.7777777777778,0.12439277864992153,285.21017048794823,373.3289241622575,0.018359584422144644,1.0,1.0,1.0,32,8,2.244735013213388,1,10,balanced,0,0,32,32,False,,2.244735013213388,False,False,False,True,0,39,44,1,0,balanced
1784688778038.8132,0.4,0.3,0.3,631.1036106750394,657.1111111111111,0.12622072213500787,287.57642563198124,381.3418577307466,0.018517440002133505,1.0,1.0,1.0,29,8,2.243956479145357,1,10,balanced,1,1,29,29,False,,2.243956479145357,False,False,False,True,0,40,44,1,0,balanced
1784688780860.3489,0.4,0.3,0.3,623.0408163265307,647.4444444444445,0.12460816326530615,297.0576131687243,391.2580834803057,0.019149940838473937,1.0,1.0,1.0,32,8,2.2444117524423355,1,10,balanced,0,0,32,32,False,,2.2444117524423355,False,False,False,True,0,41,44,1,0,balanced
1784688783685.0159,0.4,0.3,0.3,629.6970172684458,656.0,0.12593940345368917,262.50158277936055,330.46058879392217,0.016844668631044734,1.0,1.0,1.0,29,8,2.244570838029211,1,10,balanced,1,1,29,29,False,,2.244570838029211,False,False,False,True,0,42,44,1,0,balanced
1784688786515.773,0.4,0.3,0.3,622.3657770800629,646.7777777777778,0.12447315541601259,256.9914756025867,344.77366255144034,0.016477083095569493,1.0,1.0,1.0,32,8,2.2452676129049243,1,10,balanced,0,0,32,32,False,,2.2452676129049243,False,False,False,True,0,43,44,1,0,balanced
1784688789335.345,0.4,0.3,0.3,630.7535321821038,657.0,0.12615070643642076,254.27350427350427,330.42101930990816,0.016295764127652053,1.0,1.0,1.0,29,8,2.244650988187136,1,10,balanced,1,1,29,29,False,,2.244650988187136,False,False,False,True,0,44,44,1,0,balanced
1784688792162.249,0.4,0.3,0.3,621.3736263736264,645.2222222222222,0.12427472527472527,301.4035861258084,387.1119929453263,0.019439865652155327,1.0,1.0,1.0,32,8,2.2444581501944634,1,10,balanced,0,0,32,32,False,,2.2444581501944634,False,False,False,True,0,45,44,1,0,balanced
1784688794987.237,0.4,0.3,0.3,631.1067503924648,657.5555555555555,0.12622135007849297,254.94618550174104,331.9499841722064,0.016340639459755908,1.0,1.0,1.0,29,8,2.244609268130676,1,10,balanced,1,1,29,29,False,,2.244609268130676,False,False,False,True,0,46,44,1,0,balanced
1784688800768.155,0.4,0.3,0.3,620.8869701726845,645.0,0.12417739403453691,290.5945032333921,367.7527924750147,0.01871877940182736,1.0,1.0,1.0,32,8,2.244713408565637,1,10,balanced,0,0,32,32,False,,2.244713408565637,False,False,False,True,0,47,44,1,0,balanced
1784688803591.69,0.4,0.3,0.3,630.6766091051807,657.6666666666666,0.12613532182103612,258.6030276308054,330.28953556731335,0.016584591569766872,1.0,1.0,1.0,29,8,2.2445704938006554,1,10,balanced,1,1,29,29,False,,2.2445704938006554,False,False,False,True,0,48,44,1,0,balanced
1784688806415.055,0.4,0.3,0.3,622.0957613814758,646.2222222222222,0.12441915227629516,299.58610319721424,385.221589110478,0.019318619292676066,1.0,1.0,1.0,32,8,2.244436753301679,1,10,balanced,0,0,32,32,False,,2.244436753301679,False,False,False,True,0,49,44,1,0,balanced
1784688809338.958,0.4,0.3,0.3,627.607535321821,653.8888888888889,0.1255215070643642,292.3700054734538,371.6926655719759,0.018837225181684708,1.0,1.0,1.0,29,8,2.244140229619749,1,10,balanced,1,1,29,29,False,,2.244140229619749,False,False,False,True,0,50,44,1,0,balanced
1784688812166.89,0.4,0.3,0.3,620.4552590266876,644.1111111111111,0.12409105180533753,326.1037624926514,408.0820105820106,0.021087642594573144,1.0,1.0,1.0,32,8,2.244037286499493,1,10,balanced,0,0,32,32,False,,2.244037286499493,False,False,False,True,0,51,44,1,0,balanced
1784688815097.71,0.4,0.3,0.3,628.7833594976453,654.7777777777778,0.12575667189952905,313.95576131687244,410.5996472663139,0.02027723557817695,1.0,1.0,1.0,29,8,2.2436141605667355,1,10,balanced,1,1,29,29,False,,2.2436141605667355,False,False,False,True,0,52,44,1,0,balanced
1784688817922.432,0.4,0.3,0.3,620.7613814756673,645.0,0.12415227629513347,346.0185185185185,433.57436801881244,0.022416178687025917,0.9958510876878225,0.9960317460317462,0.9958510876878225,32,8,2.2423695621821857,1,10,balanced,0,0,32,32,False,,2.2423695621821857,False,False,False,True,0,53,44,1,0,balanced
1784688820750.135,0.4,0.3,0.3,629.1491365777081,656.0,0.12582982731554163,256.35248496359605,337.2602089268756,0.016434455301107143,0.9958718530147103,0.9958847736625513,0.9958718530147103,29,8,2.243499288387864,1,10,balanced,1,1,29,29,False,,2.243499288387864,False,False,False,True,0,54,44,1,0,balanced
1784688823681.155,0.4,0.3,0.3,620.8555729984303,644.5555555555555,0.12417111459968605,322.19444444444446,443.38888888888886,0.02082684752798162,0.9137785291631447,0.9401709401709402,0.9137785291631447,32,8,2.2182170586506746,1,10,balanced,0,0,32,32,False,,2.2182170586506746,False,False,False,True,0,55,44,1,0,balanced
1784688826499.74,0.4,0.3,0.3,629.6342229199372,655.7777777777778,0.12592684458398745,291.10376249265136,381.0684891240447,0.018752752667955393,1.0,1.0,1.0,29,8,2.244003436366018,1,10,balanced,1,1,29,29,False,,2.244003436366018,False,False,False,True,0,56,44,1,0,balanced
1784688829530.659,0.4,0.3,0.3,545.6279434850863,569.5555555555555,0.10912558869701727,292.1278001792115,382.5329301075269,0.01882106739020757,0.883374689826303,0.8853046594982079,0.883374689826303,32,8,2.2157158512520216,1,10,balanced,0,0,32,32,False,,2.2157158512520216,False,False,False,True,0,57,44,1,0,balanced
1784688835319.173,0.4,0.3,0.3,629.0141287284146,655.4444444444445,0.1258028257456829,272.3846266901822,343.21575543797763,0.017503977764521828,1.0,1.0,1.0,29,8,2.2444276763723705,1,10,balanced,1,1,29,29,False,,2.2444276763723705,False,False,False,True,0,58,44,1,0,balanced
1784688838148.569,0.4,0.3,0.3,622.7582417582418,646.6666666666666,0.12455164835164835,322.65873015873007,413.49206349206344,0.020857820557620418,1.0,1.0,1.0,32,8,2.2439219944920543,1,10,balanced,0,0,32,32,False,,2.2439219944920543,False,False,False,True,0,59,44,1,0,balanced
1784688841178.844,0.4,0.3,0.3,549.7990580847724,576.7777777777778,0.10995981161695446,229.82198327359615,308.5579450418161,0.01466457526841869,0.8885400313971744,0.8888888888888888,0.8885400313971744,29,8,2.218178712191845,1,10,balanced,1,1,29,29,False,,2.218178712191845,False,False,False,True,0,60,44,1,0,balanced
1784688844013.617,0.4,0.3,0.3,628.0376766091052,654.5555555555555,0.12560753532182103,295.42695473251024,380.99647266313934,0.019041157754003352,1.0,1.0,1.0,29,8,2.2440446385450707,1,10,balanced,2,2,29,29,False,,2.2440446385450707,False,False,False,True,0,61,44,1,0,balanced
1784688846836.243,0.4,0.3,0.3,622.0078492935636,645.4444444444445,0.12440156985871272,354.864785420341,450.6084656084656,0.023006323243518412,1.0,1.0,1.0,32,8,2.243337475083459,1,10,balanced,0,0,32,32,False,,2.243337475083459,False,False,False,True,0,62,44,1,0,balanced
1784688850368.0552,0.4,0.3,0.3,629.1067503924647,655.0,0.12582135007849293,817.8386778913094,1123.5537776064093,0.05389183975258902,0.6628060130934966,0.7493980048159615,0.6628060130934966,29,8,2.132345711970875,1,10,balanced,1,1,29,29,False,,2.132345711970875,False,False,False,True,0,63,44,1,0,balanced
1784688853294.375,0.4,0.3,0.3,632.7331240188385,661.2222222222222,0.1265466248037677,290.0492357436802,380.4717813051146,0.018682403985569057,1.0,1.0,1.0,28,8,2.2437766288828223,1,10,balanced,1,1,28,28,False,,2.2437766288828223,False,False,False,True,0,64,44,1,0,balanced
1784688856225.003,0.4,0.3,0.3,630.497645211931,657.7777777777778,0.1260995290423862,335.01487461736497,455.2993168318839,0.02168211304985757,0.9942812289751067,0.9960317460317462,0.9942812289751067,29,8,2.2413399231606204,1,10,balanced,0,0,29,29,False,,2.2413399231606204,False,False,False,True,0,65,44,1,0,balanced
1784688859250.001,0.4,0.3,0.3,536.7864992150708,586.8888888888889,0.10735729984301415,263.25866188769413,310.9653524492235,0.016895174242007614,0.8398744113029829,0.8888888888888888,0.8398744113029829,32,8,2.203950851181087,1,10,balanced,0,0,32,32,False,,2.203950851181087,False,False,False,True,0,66,44,1,0,balanced
1784688862069.7761,0.4,0.3,0.3,629.2778649921507,655.8888888888889,0.12585557299843014,253.72507122507125,314.48717948717945,0.016259177533360324,1.0,1.0,1.0,29,8,2.24478001754062,1,10,balanced,1,1,29,29,False,,2.24478001754062,False,False,False,True,0,67,44,1,0,balanced
1784688864988.761,0.4,0.3,0.3,582.6091051805339,569.3333333333334,0.11652182103610678,299.0692951015531,391.7992831541219,0.01928414243506025,0.9419152276295134,0.8888888888888888,0.9419152276295134,32,8,2.2301805971438933,1,10,balanced,0,0,32,32,False,,2.2301805971438933,False,False,False,True,0,68,44,1,0,balanced
1784688870781.941,0.4,0.3,0.3,631.0408163265307,657.0,0.12620816326530615,269.7293447293447,327.0307059195948,0.01732684087587356,1.0,1.0,1.0,29,8,2.2443186824311154,1,10,balanced,1,1,29,29,False,,2.2443186824311154,False,False,False,True,0,69,44,1,0,balanced
1784688873605.0461,0.4,0.3,0.3,622.4191522762951,646.5555555555555,0.12448383045525901,295.31158142269254,370.1161081716637,0.0190334610688921,1.0,1.0,1.0,32,8,2.2444964294972287,1,10,balanced,0,0,32,32,False,,2.2444964294972287,False,False,False,True,0,70,44,1,0,balanced
1784688876423.989,0.4,0.3,0.3,630.4945054945056,656.4444444444445,0.12609890109890112,284.73409306742633,361.64767331434,0.01832782475433131,1.0,1.0,1.0,29,8,2.2440620921341403,1,10,balanced,1,1,29,29,False,,2.2440620921341403,False,False,False,True,0,71,44,1,0,balanced
1784688879251.235,0.4,0.3,0.3,621.8759811616956,645.4444444444445,0.12437519623233911,306.97310405643736,391.08318636096413,0.019811414546793686,1.0,1.0,1.0,32,8,2.244306497143026,1,10,balanced,0,0,32,32,False,,2.244306497143026,False,False,False,True,0,72,44,1,0,balanced
1784688882071.069,0.4,0.3,0.3,630.6200941915229,656.5555555555555,0.12612401883830457,261.8724279835391,329.79423868312756,0.016802696996900544,1.0,1.0,1.0,29,8,2.244509583365608,1,10,balanced,1,1,29,29,False,,2.244509583365608,False,False,False,True,0,73,44,1,0,balanced
1784688884896.53,0.4,0.3,0.3,624.0533751962324,647.3333333333334,0.12481067503924649,306.34259259259255,374.7530864197531,0.019769352407778024,1.0,1.0,1.0,32,8,2.2441449242619678,1,10,balanced,0,0,32,32,False,,2.2441449242619678,False,False,False,True,0,74,44,1,0,balanced
1784688887714.231,0.4,0.3,0.3,631.7378335949765,657.3333333333334,0.1263475667189953,283.04526748971193,347.4897119341564,0.01821516127349646,1.0,1.0,1.0,29,8,2.243996424930353,1,10,balanced,1,1,29,29,False,,2.243996424930353,False,False,False,True,0,75,44,1,0,balanced
1784688890533.229,0.4,0.3,0.3,623.2810047095762,647.1111111111111,0.12465620094191525,292.8975602586713,369.22692533803644,0.018872418963220235,1.0,1.0,1.0,32,8,2.2444757939342677,1,10,balanced,0,0,32,32,False,,2.2444757939342677,False,False,False,True,0,76,44,1,0,balanced
1784688893362.757,0.4,0.3,0.3,631.1381475667191,656.7777777777778,0.12622762951334382,269.3684710351377,334.59480848369736,0.017302766580062554,1.0,1.0,1.0,29,8,2.2443181182206438,1,10,balanced,1,1,29,29,False,,2.2443181182206438,False,False,False,True,0,77,44,1,0,balanced
1784688896187.081,0.4,0.3,0.3,622.6342229199372,646.4444444444445,0.12452684458398744,309.9368018812463,387.01646090534973,0.020009126209556125,1.0,1.0,1.0,32,8,2.2441865243035384,1,10,balanced,0,0,32,32,False,,2.2441865243035384,False,False,False,True,0,78,44,1,0,balanced
1784688899018.5298,0.4,0.3,0.3,631.1020408163266,657.0,0.12622040816326532,252.8189300411522,321.48148148148147,0.016198727821291007,1.0,1.0,1.0,29,8,2.2446522183883064,1,10,balanced,1,1,29,29,False,,2.2446522183883064,False,False,False,True,0,79,44,1,0,balanced
1784688904803.185,0.4,0.3,0.3,622.028257456829,646.3333333333334,0.1244056514913658,317.49044679600235,395.12933568489126,0.0205130384787193,1.0,1.0,1.0,32,8,2.244083827859838,1,10,balanced,0,0,32,32,False,,2.244083827859838,False,False,False,True,0,80,44,1,0,balanced
1784688907621.33,0.4,0.3,0.3,630.5871271585559,656.8888888888889,0.12611742543171117,247.42481798037352,314.3969610636277,0.015838880452326454,1.0,1.0,1.0,29,8,2.2448013656916177,1,10,balanced,1,1,29,29,False,,2.2448013656916177,False,False,False,True,0,81,44,1,0,balanced
1784688910449.97,0.4,0.3,0.3,620.5431711145998,644.6666666666666,0.12410863422291996,282.80496766607877,352.96884185773075,0.018199130598137343,1.0,1.0,1.0,32,8,2.244896807131391,1,10,balanced,0,0,32,32,False,,2.244896807131391,False,False,False,True,0,82,44,1,0,balanced
1784688913279.9832,0.4,0.3,0.3,630.7346938775511,656.8888888888889,0.12614693877551023,256.2361506805951,336.1332700221589,0.01642669450837859,1.0,1.0,1.0,29,8,2.2446132161372825,1,10,balanced,1,1,29,29,False,,2.2446132161372825,False,False,False,True,0,83,44,1,0,balanced
1784688916107.037,0.4,0.3,0.3,621.7974882260597,646.4444444444445,0.12435949764521194,275.3695789806901,357.0655270655271,0.0177031073369373,1.0,1.0,1.0,32,8,2.244945268740834,1,10,balanced,0,0,32,32,False,,2.244945268740834,False,False,False,True,0,84,44,1,0,balanced
1784688918931.0789,0.4,0.3,0.3,630.6248037676611,657.0,0.12612496075353222,258.4931940487496,334.84647040202594,0.016577264446214116,1.0,1.0,1.0,29,8,2.2445768363647227,1,10,balanced,1,1,29,29,False,,2.2445768363647227,False,False,False,True,0,85,44,1,0,balanced
1784688921757.856,0.4,0.3,0.3,623.4332810047097,647.3333333333334,0.12468665620094194,294.1710758377425,373.9741328630218,0.01895737664027635,1.0,1.0,1.0,32,8,2.2444381245275404,1,10,balanced,0,0,32,32,False,,2.2444381245275404,False,False,False,True,0,86,44,1,0,balanced
1784688924692.2678,0.4,0.3,0.3,630.1946624803768,657.1111111111111,0.12603893249607537,255.19841269841268,331.24931581828133,0.016357465823776698,1.0,1.0,1.0,29,8,2.2446771872544367,1,10,balanced,1,1,29,29,False,,2.2446771872544367,False,False,False,True,0,87,44,1,0,balanced
1784688927510.408,0.4,0.3,0.3,622.5839874411304,646.5555555555555,0.12451679748822607,294.4598765432099,386.45061728395063,0.01897664286479052,1.0,1.0,1.0,32,8,2.2445002881452725,1,10,balanced,0,0,32,32,False,,2.2445002881452725,False,False,False,True,0,88,44,1,0,balanced
1784688930329.0862,0.4,0.3,0.3,632.4615384615385,658.0,0.12649230769230768,259.48876226654005,339.306742640076,0.01664367993772782,0.9940694226408514,0.9958847736625513,0.9940694226408514,29,8,2.242630799734014,1,10,balanced,1,1,29,29,False,,2.242630799734014,False,False,False,True,0,89,44,1,0,balanced
1784688933145.649,0.4,0.3,0.3,622.2323390894819,646.4444444444445,0.12444646781789638,285.8597883597883,371.9708994708995,0.01840292117143351,1.0,1.0,1.0,32,8,2.244700536521411,1,10,balanced,0,0,32,32,False,,2.244700536521411,False,False,False,True,0,90,44,1,0,balanced
1784688936069.345,0.4,0.3,0.3,630.6813186813188,657.1111111111111,0.12613626373626374,253.41269841269843,323.6507936507936,0.016238338786704366,1.0,1.0,1.0,29,8,2.244673992869483,1,10,balanced,1,1,29,29,False,,2.244673992869483,False,False,False,True,0,91,44,1,0,balanced
1784688941862.99,0.4,0.3,0.3,621.8367346938777,645.7777777777778,0.12436734693877555,299.48853615520284,377.82186948853615,0.01931211048400286,1.0,1.0,1.0,32,8,2.244459428079289,1,10,balanced,0,0,32,32,False,,2.244459428079289,False,False,False,True,0,92,44,1,0,balanced
1784688944689.8042,0.4,0.3,0.3,629.1083202511775,655.7777777777778,0.12582166405023548,340.7692307692307,442.0338714783159,0.022065992713090773,1.0,1.0,1.0,29,8,2.2430515365659787,1,10,balanced,1,1,29,29,False,,2.2430515365659787,False,False,False,True,0,93,44,1,0,balanced
1784688947518.2,0.4,0.3,0.3,620.453689167975,645.0,0.12409073783359499,296.1236037624926,377.7557319223986,0.019087632005503178,0.9942812289751067,0.9960317460317462,0.9942812289751067,32,8,2.242921783957443,1,10,balanced,0,0,32,32,False,,2.242921783957443,False,False,False,True,0,94,44,1,0,balanced
1784688950453.1428,0.4,0.3,0.3,630.3233908948196,657.2222222222222,0.1260646781789639,268.6743092298648,344.96766607877714,0.017256458254160424,0.9941690962099127,0.9960317460317462,0.9941690962099127,29,8,2.24264792011514,1,10,balanced,1,1,29,29,False,,2.24264792011514,False,False,False,True,0,95,44,1,0,balanced
1784688953275.6719,0.4,0.3,0.3,622.1302982731556,646.1111111111111,0.12442605965463113,281.88034188034186,376.2709718265274,0.018137447757194253,1.0,1.0,1.0,32,8,2.244788341810989,1,10,balanced,0,0,32,32,False,,2.244788341810989,False,False,False,True,0,96,44,1,0,balanced
1784688956195.314,0.4,0.3,0.3,631.2087912087912,657.5555555555555,0.12624175824175826,271.65640394088666,352.3891625615763,0.01745539719418857,1.0,1.0,1.0,29,8,2.24426667754504,1,10,balanced,1,1,29,29,False,,2.24426667754504,False,False,False,True,0,97,44,1,0,balanced
1784688959027.503,0.4,0.3,0.3,622.7252747252749,646.5555555555555,0.12454505494505497,324.55540858318636,400.40858318636094,0.02098435013897174,1.0,1.0,1.0,32,8,2.2438866729802864,1,10,balanced,0,0,32,32,False,,2.2438866729802864,False,False,False,True,0,98,44,1,0,balanced
1784688961850.231,0.4,0.3,0.3,631.0800627943486,657.7777777777778,0.12621601255886972,273.29059829059827,345.5745489078823,0.017564416163482206,1.0,1.0,1.0,29,8,2.2442442701274072,1,10,balanced,1,1,29,29,False,,2.2442442701274072,False,False,False,True,0,99,44,1,0,balanced
1784688964677.768,0.4,0.3,0.3,622.4678178963895,647.0,0.1244935635792779,336.7342739564962,411.13462669018224,0.021796816141193876,1.0,1.0,1.0,32,8,2.243663529725931,1,10,balanced,0,0,32,32,False,,2.243663529725931,False,False,False,True,0,100,44,1,0,balanced
1784688967508.219,0.4,0.3,0.3,630.3830455259027,656.7777777777778,0.12607660910518054,257.30531813865144,330.4257676479899,0.016498019889169543,1.0,1.0,1.0,29,8,2.244619950391177,1,10,balanced,1,1,29,29,False,,2.244619950391177,False,False,False,True,0,101,44,1,0,balanced
1784688970331.471,0.4,0.3,0.3,622.0094191522765,646.1111111111111,0.12440188383045529,315.76719576719574,395.28659611992947,0.020398078436770897,1.0,1.0,1.0,32,8,2.2441198229367867,1,10,balanced,0,0,32,32,False,,2.2441198229367867,False,False,False,True,0,102,44,1,0,balanced
1784688976081.0808,0.4,0.3,0.3,629.989010989011,656.6666666666666,0.1259978021978022,315.1915163026274,407.9613801836024,0.020359674202977147,1.0,1.0,1.0,29,8,2.243492976859986,1,10,balanced,1,1,29,29,False,,2.243492976859986,False,False,False,True,0,103,44,1,0,balanced
1784688979001.096,0.4,0.3,0.3,622.9858712715857,646.8888888888889,0.12459717425431713,7468.111631167186,7499.929114095781,0.4975391348343686,0.9635027182528942,0.9649698960043788,0.9635027182528942,32,8,2.089950205323831,1,10,balanced,0,0,32,32,False,,2.089950205323831,False,False,False,True,0,104,44,1,0,balanced
1784688981834.757,0.4,0.3,0.3,630.1554160125589,656.8888888888889,0.12603108320251177,285.1843937955049,349.38113327002213,0.018357864829586717,0.9940694226408514,0.9958847736625513,0.9940694226408514,29,8,2.2423010340623746,1,10,balanced,1,1,29,29,False,,2.2423010340623746,False,False,False,True,0,105,44,1,0,balanced
1784688984666.464,0.4,0.3,0.3,621.050235478807,645.1111111111111,0.12421004709576142,313.53174603174597,407.8938859494415,0.020248949034806268,1.0,1.0,1.0,32,8,2.2442412964512535,1,10,balanced,0,0,32,32,False,,2.2442412964512535,False,False,False,True,0,106,44,1,0,balanced
1784688987495.1428,0.4,0.3,0.3,630.6499215070644,656.4444444444445,0.12612998430141287,275.6426084203861,357.80626780626784,0.017721321442320623,0.9958718530147103,0.9958847736625513,0.9958718530147103,29,8,2.2429931657511517,1,10,balanced,1,1,29,29,False,,2.2429931657511517,False,False,False,True,0,107,44,1,0,balanced
1784688990324.392,0.4,0.3,0.3,621.591836734694,645.6666666666666,0.1243183673469388,314.0696649029982,391.6122868900647,0.02028483421634411,1.0,1.0,1.0,32,8,2.2441872027963212,1,10,balanced,0,0,32,32,False,,2.2441872027963212,False,False,False,True,0,108,44,1,0,balanced
1784688993250.289,0.4,0.3,0.3,629.1428571428572,656.0,0.12582857142857146,267.5352733686067,336.005291005291,0.01718047187248877,1.0,1.0,1.0,29,8,2.244514429866825,1,10,balanced,1,1,29,29,False,,2.244514429866825,False,False,False,True,0,109,44,1,0,balanced
1784688996080.4082,0.4,0.3,0.3,620.8916797488226,645.6666666666666,0.12417833594976453,286.3536155202822,365.5731922398589,0.018435864944648578,1.0,1.0,1.0,32,8,2.2447979061366996,1,10,balanced,0,0,32,32,False,,2.2447979061366996,False,False,False,True,0,110,44,1,0,balanced
1784688998915.04,0.4,0.3,0.3,630.1365777080064,656.8888888888889,0.12602731554160126,283.62139917695475,357.11934156378607,0.018253595675580703,1.0,1.0,1.0,29,8,2.2441129950806853,1,10,balanced,1,1,29,29,False,,2.2441129950806853,False,False,False,True,0,111,44,1,0,balanced
1784689002133.04,0.4,0.3,0.3,622.613814756672,645.7777777777778,0.12452276295133441,407.21684415802054,585.2843518137637,0.02649878880307008,0.7943263533701322,0.8587589605734767,0.7943263533701322,32,8,2.180539164189585,1,10,balanced,0,0,32,32,False,,2.180539164189585,False,False,False,True,0,112,44,1,0,balanced
1784689004965.566,0.4,0.3,0.3,629.519623233909,656.0,0.1259039246467818,256.4553656220323,330.32763532763533,0.016441318587193613,1.0,1.0,1.0,29,8,2.2447060345651293,1,10,balanced,1,1,29,29,False,,2.2447060345651293,False,False,False,True,0,113,44,1,0,balanced
1784689010753.092,0.4,0.3,0.3,621.5039246467818,645.8888888888889,0.12430078492935635,304.18577307466194,384.36948853615513,0.019625468517322345,1.0,1.0,1.0,32,8,2.244392045473061,1,10,balanced,0,0,32,32,False,,2.244392045473061,False,False,False,True,0,114,44,1,0,balanced
1784689013682.759,0.4,0.3,0.3,629.2998430141288,655.4444444444445,0.12585996860282575,291.59961685823754,363.99562123700053,0.018785831678334725,1.0,1.0,1.0,29,8,2.2440202630553694,1,10,balanced,1,1,29,29,False,,2.2440202630553694,False,False,False,True,0,115,44,1,0,balanced
1784689017209.7312,0.4,0.3,0.3,416.65777080062804,430.3333333333333,0.08333155416012561,215.9769647696477,284.64159891598916,0.01374095829016996,0.6703296703296705,0.6666666666666666,0.6703296703296705,32,8,2.1636439919478,1,10,balanced,0,0,32,32,False,,2.1636439919478,False,False,False,True,0,116,44,1,0,balanced
1784689020033.2388,0.4,0.3,0.3,631.0156985871273,658.1111111111111,0.12620313971742547,269.0534979423868,342.51028806584367,0.017281754365736278,1.0,1.0,1.0,29,8,2.244334217803309,1,10,balanced,1,1,29,29,False,,2.244334217803309,False,False,False,True,0,117,44,1,0,balanced
1784689022853.908,0.4,0.3,0.3,623.1459968602827,647.8888888888889,0.12462919937205655,289.11228689006464,377.33833039388594,0.018619899058710115,1.0,1.0,1.0,32,8,2.244562350533564,1,10,balanced,0,0,32,32,False,,2.244562350533564,False,False,False,True,0,118,44,1,0,balanced
1784689025681.277,0.4,0.3,0.3,631.6389324960754,658.3333333333334,0.12632778649921508,241.6519694297472,314.43856554967664,0.01545376714007653,1.0,1.0,1.0,29,8,2.244832755258291,1,10,balanced,1,1,29,29,False,,2.244832755258291,False,False,False,True,0,119,44,1,0,balanced
1784689028516.285,0.4,0.3,0.3,622.3437990580849,645.7777777777778,0.12446875981161698,273.6202120924343,349.7673314339981,0.017586405076213098,0.9958718530147103,0.9958847736625513,0.9958718530147103,32,8,2.2436981304569024,1,10,balanced,0,0,32,32,False,,2.2436981304569024,False,False,False,True,0,120,44,1,0,balanced
1784689031348.603,0.4,0.3,0.3,630.7488226059655,657.6666666666666,0.12614976452119311,279.93131868131866,353.8607380274047,0.018007426196218722,1.0,1.0,1.0,29,8,2.244137866332657,1,10,balanced,1,1,29,29,False,,2.244137866332657,False,False,False,True,0,121,44,1,0,balanced
1784689034276.1992,0.4,0.3,0.3,624.0298273155416,649.7777777777778,0.12480596546310833,495.97674834743793,525.9257504947159,0.03242006326533942,0.9679532290369729,0.9386973180076628,0.9679532290369729,32,8,2.2307375635462465,1,10,balanced,0,0,32,32,False,,2.2307375635462465,False,False,False,True,0,122,44,1,0,balanced
1784689037103.2551,0.4,0.3,0.3,631.956043956044,658.2222222222222,0.1263912087912088,268.5042735042735,351.29471351693576,0.01724511497693619,0.9978487121344265,0.9958847736625513,0.9978487121344265,29,8,2.2436245956307634,1,10,balanced,1,1,29,29,False,,2.2436245956307634,False,False,False,True,0,123,44,1,0,balanced
1784689039932.593,0.4,0.3,0.3,621.6091051805338,645.4444444444445,0.12432182103610676,323.3810993533216,407.37801293356847,0.020906010630641868,1.0,1.0,1.0,32,8,2.243999468396365,1,10,balanced,0,0,32,32,False,,2.243999468396365,False,False,False,True,0,124,44,1,0,balanced
1784689042758.494,0.4,0.3,0.3,630.4411302982733,657.1111111111111,0.12608822605965464,277.67489711934155,344.40329218106996,0.017856897739782624,1.0,1.0,1.0,29,8,2.2442076402542033,1,10,balanced,1,1,29,29,False,,2.2442076402542033,False,False,False,True,0,125,44,1,0,balanced
1784689048547.18,0.4,0.3,0.3,621.7613814756672,646.5555555555555,0.12435227629513344,322.4603174603174,429.04761904761904,0.02084458422016794,1.0,1.0,1.0,32,8,2.2440057142158962,1,10,balanced,0,0,32,32,False,,2.2440057142158962,False,False,False,True,0,126,44,1,0,balanced
1784689051475.363,0.4,0.3,0.3,630.0,656.7777777777778,0.126,760.659652537047,854.7670741348902,0.05007736174363222,0.990188383045526,0.9920634920634921,0.990188383045526,29,8,2.231633306390568,1,10,balanced,1,1,29,29,False,,2.231633306390568,False,False,False,True,0,127,44,1,0,balanced
1784689054298.734,0.4,0.3,0.3,630.6703296703297,657.4444444444445,0.12613406593406593,327.51028806584367,393.7860082304527,0.021181473520069626,1.0,1.0,1.0,29,8,2.243191931570353,1,10,balanced,2,2,29,29,False,,2.243191931570353,False,False,False,True,0,128,44,1,0,balanced
1784689057128.088,0.4,0.3,0.3,623.3877551020408,646.5555555555555,0.12467755102040817,318.2297178130511,383.9756025867137,0.020562356091597803,0.9942812289751067,0.9960317460317462,0.9942812289751067,32,8,2.2422446414568893,1,10,balanced,0,0,32,32,False,,2.2422446414568893,False,False,False,True,0,129,44,1,0,balanced
1784689060056.072,0.4,0.3,0.3,629.4411302982732,656.1111111111111,0.12588822605965463,3168.4823329076207,3460.10526262442,0.21070595950017484,0.9920946400538239,0.9920634920634921,0.9920946400538239,29,8,2.184061313742233,1,10,balanced,1,1,29,29,False,,2.184061313742233,False,False,False,True,0,130,44,1,0,balanced
1784689062889.403,0.4,0.3,0.3,633.0800627943486,660.6666666666666,0.12661601255886973,264.2917062361507,336.55112377334603,0.016964089808949343,1.0,1.0,1.0,28,8,2.2442643680337673,1,10,balanced,1,1,28,28,False,,2.2442643680337673,False,False,False,True,0,131,44,1,0,balanced
1784689065720.642,0.4,0.3,0.3,630.5149136577709,657.0,0.12610298273155418,255.3365667254556,328.17607289829516,0.01636668223652139,1.0,1.0,1.0,29,8,2.244648802236422,1,10,balanced,0,0,29,29,False,,2.244648802236422,False,False,False,True,0,132,44,1,0,balanced
1784689068546.669,0.4,0.3,0.3,623.1726844583987,647.7777777777778,0.12463453689167975,322.42063492063494,411.07142857142856,0.02084193695267745,1.0,1.0,1.0,32,8,2.243893604157525,1,10,balanced,0,0,32,32,False,,2.243893604157525,False,False,False,True,0,133,44,1,0,balanced
1784689071377.854,0.4,0.3,0.3,630.2119309262167,656.8888888888889,0.12604238618524335,285.99647266313934,353.87713109935333,0.018412039537234113,1.0,1.0,1.0,29,8,2.2440594336647326,1,10,balanced,1,1,29,29,False,,2.2440594336647326,False,False,False,True,0,134,44,1,0,balanced
1784689074411.559,0.4,0.3,0.3,534.8728414442701,585.8888888888889,0.10697456828885402,273.96296296296293,321.8327359617682,0.017609270377782718,0.8398744113029829,0.8888888888888888,0.8398744113029829,32,8,2.2038897149620182,1,10,balanced,0,0,32,32,False,,2.2038897149620182,False,False,False,True,0,135,44,1,0,balanced
1784689077242.389,0.4,0.3,0.3,632.0188383045526,658.4444444444445,0.12640376766091052,263.641975308642,329.5473251028806,0.016920745517587855,1.0,1.0,1.0,29,8,2.2443622692803595,1,10,balanced,1,1,29,29,False,,2.2443622692803595,False,False,False,True,0,136,44,1,0,balanced
1784689083019.243,0.4,0.3,0.3,622.5839874411303,646.4444444444445,0.12451679748822606,303.04379776601996,384.7898295120517,0.019549286041762506,0.9885624579502131,0.9920634920634921,0.9885624579502131,32,8,2.240897232577245,1,10,balanced,0,0,32,32,False,,2.240897232577245,False,False,False,True,0,137,44,1,0,balanced
1784689086050.375,0.4,0.3,0.3,518.7238188017535,595.5555555555555,0.1037447637603507,274.14929693961955,290.2497013142175,0.017621700929927923,0.796411231400154,0.8853046594982079,0.796411231400154,29,8,2.1921389536369276,1,10,balanced,1,1,29,29,False,,2.1921389536369276,False,False,False,True,0,138,44,1,0,balanced
1784689088875.874,0.4,0.3,0.3,630.1365777080064,656.7777777777778,0.12602731554160126,243.9976484420929,314.7501469723692,0.015610250062848092,1.0,1.0,1.0,29,8,2.244905998764505,1,10,balanced,2,2,29,29,False,,2.244905998764505,False,False,False,True,0,139,44,1,0,balanced
1784689091709.817,0.4,0.3,0.3,622.2715855572999,645.8888888888889,0.12445431711145997,313.50676072898295,408.9800117577895,0.020247282236756703,1.0,1.0,1.0,32,8,2.244144088484389,1,10,balanced,0,0,32,32,False,,2.244144088484389,False,False,False,True,0,140,44,1,0,balanced
1784689094537.827,0.4,0.3,0.3,631.2951334379907,657.3333333333334,0.12625902668759814,281.7062361506806,367.3076923076923,0.01812583296535561,1.0,1.0,1.0,29,8,2.244058639435354,1,10,balanced,1,1,29,29,False,,2.244058639435354,False,False,False,True,0,141,44,1,0,balanced
1784689097370.3252,0.4,0.3,0.3,621.6295133437991,645.8888888888889,0.12432590266875981,295.67850359517024,389.8711165377832,0.01905793886558841,1.0,1.0,1.0,32,8,2.2445522572728196,1,10,balanced,0,0,32,32,False,,2.2445522572728196,False,False,False,True,0,142,44,1,0,balanced
1784689100203.758,0.4,0.3,0.3,630.3987441130299,657.3333333333334,0.12607974882260597,266.2382422104644,354.9044679600235,0.01709394544432718,1.0,1.0,1.0,29,8,2.2444399168376594,1,10,balanced,1,1,29,29,False,,2.2444399168376594,False,False,False,True,0,143,44,1,0,balanced
1784689103733.664,0.4,0.3,0.3,634.8006279434852,657.8888888888889,0.12696012558869704,669.6878654970759,1019.2483755685511,0.044008530053173844,0.6622416316293869,0.7527170027170027,0.6622416316293869,32,8,2.134685880237385,1,10,balanced,0,0,32,32,False,,2.134685880237385,False,False,False,True,0,144,44,1,0,balanced
1784689106566.218,0.4,0.3,0.3,630.1114599686028,656.1111111111111,0.12602229199372056,275.8553791887125,361.1022927689594,0.017735515622996165,1.0,1.0,1.0,29,8,2.244270428515613,1,10,balanced,1,1,29,29,False,,2.244270428515613,False,False,False,True,0,145,44,1,0,balanced
1784689109395.961,0.4,0.3,0.3,622.5918367346939,646.4444444444445,0.12451836734693877,294.99559082892415,388.4171075837743,0.019012380975912218,1.0,1.0,1.0,32,8,2.244488938768451,1,10,balanced,0,0,32,32,False,,2.244488938768451,False,False,False,True,0,146,44,1,0,balanced
1784689112323.312,0.4,0.3,0.3,630.8838304552592,657.2222222222222,0.12617676609105183,282.0306513409961,375.3229337712097,0.018147475072781593,1.0,1.0,1.0,29,8,2.2440850510417447,1,10,balanced,1,1,29,29,False,,2.2440850510417447,False,False,False,True,0,147,44,1,0,balanced
1784689118108.266,0.4,0.3,0.3,623.5729984301414,647.7777777777778,0.12471459968602829,286.35435038212813,363.38771310993536,0.018435913968120624,1.0,1.0,1.0,32,8,2.2445833859351527,1,10,balanced,0,0,32,32,False,,2.2445833859351527,False,False,False,True,0,148,44,1,0,balanced
1784689120939.893,0.4,0.3,0.3,631.078492935636,657.5555555555555,0.1262156985871272,267.61791706236147,352.0037986704653,0.017185985127575815,1.0,1.0,1.0,29,8,2.2443579250268764,1,10,balanced,1,1,29,29,False,,2.2443579250268764,False,False,False,True,0,149,44,1,0,balanced
1784689123765.309,0.4,0.3,0.3,622.7111459968603,646.8888888888889,0.12454222919937206,271.77248677248673,363.93298059964724,0.01746314121230732,1.0,1.0,1.0,32,8,2.244944165956559,1,10,balanced,0,0,32,32,False,,2.244944165956559,False,False,False,True,0,150,44,1,0,balanced
1784689126597.2048,0.4,0.3,0.3,632.7299843014129,659.0,0.12654599686028256,249.46502057613168,333.49794238683126,0.015974984694872026,1.0,1.0,1.0,29,8,2.2445891058474254,1,10,balanced,1,1,29,29,False,,2.2445891058474254,False,False,False,True,0,151,44,1,0,balanced
1784689129424.106,0.4,0.3,0.3,622.4411302982732,646.4444444444445,0.12448822605965464,336.54908877131095,455.08083480305703,0.021784462226238224,1.0,1.0,1.0,32,8,2.2436693709082665,1,10,balanced,0,0,32,32,False,,2.2436693709082665,False,False,False,True,0,152,44,1,0,balanced
1784689132243.518,0.4,0.3,0.3,631.5714285714286,657.6666666666666,0.1263142857142857,290.8254194365305,373.05001582779363,0.018734184085158808,1.0,1.0,1.0,29,8,2.243854030488738,1,10,balanced,1,1,29,29,False,,2.243854030488738,False,False,False,True,0,153,44,1,0,balanced
1784689135772.793,0.4,0.3,0.3,631.4662480376767,654.3333333333334,0.12629324960753532,641.7053305240224,999.1319086113976,0.04214178322375066,0.6660902600752225,0.7510429089376457,0.6660902600752225,32,8,2.136667243212427,1,10,balanced,0,0,32,32,False,,2.136667243212427,False,False,False,True,0,154,44,1,0,balanced
1784689138691.508,0.4,0.3,0.3,630.1946624803768,656.3333333333334,0.12603893249607537,3274.4975240808576,3822.472188305522,0.2177783538412847,0.9838840298023973,0.9839800117577896,0.9838840298023973,29,8,2.1794161297899035,1,10,balanced,1,1,29,29,False,,2.1794161297899035,False,False,False,True,0,155,44,1,0,balanced
1784689141609.823,0.4,0.3,0.3,635.0470957613816,661.6666666666666,0.12700941915227631,254.25834701696772,336.0919540229885,0.0162947529697777,1.0,1.0,1.0,28,8,2.2443078064481563,1,10,balanced,1,1,28,28,False,,2.2443078064481563,False,False,False,True,0,156,44,1,0,balanced
1784689144445.4119,0.4,0.3,0.3,629.0156985871272,655.3333333333334,0.12580313971742543,280.28885723330166,363.23045267489715,0.018031278000887368,1.0,1.0,1.0,29,8,2.2442693607127637,1,10,balanced,0,0,29,29,False,,2.2442693607127637,False,False,False,True,0,157,44,1,0,balanced
1784689147478.446,0.4,0.3,0.3,623.2056514913658,646.8888888888889,0.12464113029827315,358.3387096774194,497.65591397849465,0.02323807269362371,0.8813884528170243,0.9176954732510288,0.8813884528170243,32,8,2.2075886619177107,1,10,balanced,0,0,32,32,False,,2.2075886619177107,False,False,False,True,0,158,44,1,0,balanced
1784689153429.338,0.4,0.3,0.3,629.1554160125589,655.4444444444445,0.1258310832025118,373.1384322772902,526.9700627583461,0.024225379071200145,0.8817517457911548,0.9159642401021711,0.8817517457911548,29,8,2.2069254767349817,1,10,balanced,1,1,29,29,False,,2.2069254767349817,False,False,False,True,0,159,44,1,0,balanced
1784689156263.324,0.4,0.3,0.3,632.6499215070644,659.6666666666666,0.12652998430141288,236.12693890471664,305.59195948084835,0.01508518605101512,0.9940694226408514,0.9958847736625513,0.9940694226408514,29,8,2.243083277256386,1,10,balanced,2,2,29,29,False,,2.243083277256386,False,False,False,True,0,160,44,1,0,balanced
1784689159395.021,0.4,0.3,0.3,625.6483516483518,649.4444444444445,0.12512967032967034,591.4750146433615,765.0097935964872,0.038790861550591166,0.8472995898111108,0.8766801075268817,0.8472995898111108,32,8,2.1925007503462877,1,10,balanced,0,0,32,32,False,,2.1925007503462877,False,False,False,True,0,161,44,1,0,balanced
1784689162225.025,0.4,0.3,0.3,632.2291993720565,659.3333333333334,0.1264458398744113,280.4051915163026,348.94428616650833,0.018039038793615916,1.0,1.0,1.0,29,8,2.2440099524121506,1,10,balanced,1,1,29,29,False,,2.2440099524121506,False,False,False,True,0,162,44,1,0,balanced
1784689165056.031,0.4,0.3,0.3,620.5102040816328,644.4444444444445,0.12410204081632656,311.275720164609,409.5061728395062,0.02009844697562435,1.0,1.0,1.0,32,8,2.244329649580782,1,10,balanced,0,0,32,32,False,,2.244329649580782,False,False,False,True,0,163,44,1,0,balanced
1784689167982.855,0.4,0.3,0.3,630.6766091051807,657.3333333333334,0.12613532182103612,270.1183634373289,350.3831417624521,0.017352792757660367,1.0,1.0,1.0,29,8,2.2443400334442876,1,10,balanced,1,1,29,29,False,,2.2443400334442876,False,False,False,True,0,164,44,1,0,balanced
1784689170813.77,0.4,0.3,0.3,620.0376766091052,643.6666666666666,0.12400753532182104,342.4573780129335,423.6699000587889,0.02217861094148989,1.0,1.0,1.0,32,8,2.2437434025888248,1,10,balanced,0,0,32,32,False,,2.2437434025888248,False,False,False,True,0,165,44,1,0,balanced
1784689173645.062,0.4,0.3,0.3,630.6593406593407,656.3333333333334,0.12613186813186814,273.0302310857866,343.1038303260525,0.017547046770232597,1.0,1.0,1.0,29,8,2.244283138716183,1,10,balanced,1,1,29,29,False,,2.244283138716183,False,False,False,True,0,166,44,1,0,balanced
1784689176468.415,0.4,0.3,0.3,623.6766091051807,647.4444444444445,0.12473532182103614,307.6535861258083,392.6469723691946,0.019856810281908492,1.0,1.0,1.0,32,8,2.2441488281870132,1,10,balanced,0,0,32,32,False,,2.2441488281870132,False,False,False,True,0,167,44,1,0,balanced
1784689179298.9558,0.4,0.3,0.3,629.105180533752,655.6666666666666,0.1258210361067504,287.27207977207973,375.55713833491615,0.018497136742633737,1.0,1.0,1.0,29,8,2.2441224445345096,1,10,balanced,1,1,29,29,False,,2.2441224445345096,False,False,False,True,0,168,44,1,0,balanced
1784689182127.017,0.4,0.3,0.3,621.5902668759811,645.7777777777778,0.12431805337519622,314.9279835390946,403.6096413874192,0.020342093631694102,1.0,1.0,1.0,32,8,2.2441701505604135,1,10,balanced,0,0,32,32,False,,2.2441701505604135,False,False,False,True,0,169,44,1,0,balanced
1784689188022.76,0.4,0.3,0.3,631.4270015698588,657.8888888888889,0.12628540031397176,262.0458553791887,334.4591416813639,0.01681426653630345,1.0,1.0,1.0,29,8,2.24444155991352,1,10,balanced,1,1,29,29,False,,2.24444155991352,False,False,False,True,0,170,44,1,0,balanced
1784689190851.671,0.4,0.3,0.3,625.0376766091052,649.0,0.12500753532182104,287.5433568489124,360.3894767783657,0.018515233945891423,1.0,1.0,1.0,32,8,2.2444424156875042,1,10,balanced,0,0,32,32,False,,2.2444424156875042,False,False,False,True,0,171,44,1,0,balanced
1784689193784.0159,0.4,0.3,0.3,630.0832025117741,656.6666666666666,0.1260166405023548,245.78270388615215,315.71839080459773,0.01572933314784204,1.0,1.0,1.0,29,8,2.2448745438547055,1,10,balanced,1,1,29,29,False,,2.2448745438547055,False,False,False,True,0,172,44,1,0,balanced
1784689196609.3599,0.4,0.3,0.3,623.3563579277866,647.5555555555555,0.12467127158555731,283.04159318048204,372.4617871840094,0.018214916156136227,1.0,1.0,1.0,32,8,2.244667016518936,1,10,balanced,0,0,32,32,False,,2.244667016518936,False,False,False,True,0,173,44,1,0,balanced
1784689199442.2869,0.4,0.3,0.3,631.7425431711147,658.3333333333334,0.12634850863422292,252.74849635960746,332.1794871794872,0.016194029110047196,1.0,1.0,1.0,29,8,2.2446023878132966,1,10,balanced,1,1,29,29,False,,2.2446023878132966,False,False,False,True,0,174,44,1,0,balanced
1784689202264.8289,0.4,0.3,0.3,622.0235478806908,645.7777777777778,0.12440470957613815,293.85508524397414,382.7954144620811,0.018936296547296474,1.0,1.0,1.0,32,8,2.2445572272053558,1,10,balanced,0,0,32,32,False,,2.2445572272053558,False,False,False,True,0,175,44,1,0,balanced
1784689205194.7888,0.4,0.3,0.3,629.078492935636,655.2222222222222,0.12581569858712718,294.14682539682536,376.82539682539687,0.018955758865698825,1.0,1.0,1.0,29,8,2.2439869929054392,1,10,balanced,1,1,29,29,False,,2.2439869929054392,False,False,False,True,0,176,44,1,0,balanced
1784689208026.963,0.4,0.3,0.3,621.901098901099,645.7777777777778,0.12438021978021979,307.31323203545423,381.6286799620133,0.019834104872278466,1.0,1.0,1.0,32,8,2.2442976806262287,1,10,balanced,0,0,32,32,False,,2.2442976806262287,False,False,False,True,0,177,44,1,0,balanced
1784689210859.192,0.4,0.3,0.3,630.6609105180535,656.8888888888889,0.12613218210361068,287.32193732193736,366.4213358657803,0.018500462796660264,1.0,1.0,1.0,29,8,2.243996988319558,1,10,balanced,1,1,29,29,False,,2.243996988319558,False,False,False,True,0,178,44,1,0,balanced
1784689213892.208,0.4,0.3,0.3,545.541601255887,569.7777777777778,0.10910832025117741,286.72043010752685,360.68100358422936,0.018460335564211266,0.8885400313971744,0.8888888888888888,0.8885400313971744,32,8,2.217380580649418,1,10,balanced,0,0,32,32,False,,2.217380580649418,False,False,False,True,0,179,44,1,0,balanced
1784689216718.065,0.4,0.3,0.3,631.1522762951334,658.5555555555555,0.12623045525902668,255.05698005698002,328.2621082621083,0.01634803069092595,1.0,1.0,1.0,29,8,2.2446034086891116,1,10,balanced,1,1,29,29,False,,2.2446034086891116,False,False,False,True,0,180,44,1,0,balanced
1784689219546.3418,0.4,0.3,0.3,623.6923076923077,647.1111111111111,0.12473846153846155,313.73162845385065,384.7795414462081,0.020262283419202845,1.0,1.0,1.0,32,8,2.2440259303588546,1,10,balanced,0,0,32,32,False,,2.2440259303588546,False,False,False,True,0,181,44,1,0,balanced
1784689225299.644,0.4,0.3,0.3,630.7896389324961,656.7777777777778,0.12615792778649923,254.80294396961062,330.2326685660019,0.016331083653743205,1.0,1.0,1.0,29,8,2.2446375037892774,1,10,balanced,1,1,29,29,False,,2.2446375037892774,False,False,False,True,0,182,44,1,0,balanced
1784689228123.837,0.4,0.3,0.3,623.679748822606,647.6666666666666,0.12473594976452121,292.1707818930041,376.43445032333926,0.018823934749366517,1.0,1.0,1.0,32,8,2.2444584396693816,1,10,balanced,0,0,32,32,False,,2.2444584396693816,False,False,False,True,0,183,44,1,0,balanced
1784689230952.0781,0.4,0.3,0.3,630.8367346938776,656.5555555555555,0.12616734693877552,282.9423868312757,359.09465020576135,0.01820829798740999,0.99030051581072,0.9920634920634921,0.99030051581072,29,8,2.241160726571483,1,10,balanced,1,1,29,29,False,,2.241160726571483,False,False,False,True,0,184,44,1,0,balanced
1784689233783.1262,0.4,0.3,0.3,622.5353218210362,646.3333333333334,0.12450706436420723,312.8586125808348,392.74250440917103,0.02020404353441193,1.0,1.0,1.0,32,8,2.2441359611939937,1,10,balanced,0,0,32,32,False,,2.2441359611939937,False,False,False,True,0,185,44,1,0,balanced
1784689236614.1628,0.4,0.3,0.3,629.6562009419154,656.1111111111111,0.12593124018838306,271.2939221272555,359.22285533396644,0.017431215618896295,0.9897668469097043,0.9917695473251028,0.9897668469097043,29,8,2.2413281933118894,1,10,balanced,1,1,29,29,False,,2.2413281933118894,False,False,False,True,0,186,44,1,0,balanced
1784689239433.362,0.4,0.3,0.3,624.8147566718995,648.4444444444445,0.12496295133437992,324.6893795504906,400.9219689775245,0.020993287495029395,1.0,1.0,1.0,32,8,2.2437168332177393,1,10,balanced,0,0,32,32,False,,2.2437168332177393,False,False,False,True,0,187,44,1,0,balanced
1784689242364.392,0.4,0.3,0.3,629.9073783359498,656.2222222222222,0.12598147566718998,281.3758894362342,360.49397920087574,0.018103795159188408,1.0,1.0,1.0,29,8,2.2441762711853674,1,10,balanced,1,1,29,29,False,,2.2441762711853674,False,False,False,True,0,188,44,1,0,balanced
1784689245197.823,0.4,0.3,0.3,622.1648351648354,646.0,0.12443296703296708,332.35376249265136,434.7251616696061,0.02150458722432631,1.0,1.0,1.0,32,8,2.243775437019515,1,10,balanced,0,0,32,32,False,,2.243775437019515,False,False,False,True,0,189,44,1,0,balanced
1784689248029.116,0.4,0.3,0.3,629.6671899529043,655.8888888888889,0.12593343799058088,283.3002645502645,357.3001175778953,0.018232172418296496,1.0,1.0,1.0,29,8,2.2441569730782787,1,10,balanced,1,1,29,29,False,,2.2441569730782787,False,False,False,True,0,190,44,1,0,balanced
1784689250862.7268,0.4,0.3,0.3,622.2574568288854,646.5555555555555,0.12445149136577709,339.5296884185772,418.59788359788365,0.02198330142885772,1.0,1.0,1.0,32,8,2.243624413025032,1,10,balanced,0,0,32,32,False,,2.243624413025032,False,False,False,True,0,191,44,1,0,balanced
1784689253697.3728,0.4,0.3,0.3,629.4583987441131,655.8888888888889,0.12589167974882262,275.7431149097815,363.0911680911681,0.017728026344882023,1.0,1.0,1.0,29,8,2.2443249201970064,1,10,balanced,1,1,29,29,False,,2.2443249201970064,False,False,False,True,0,192,44,1,0,balanced
1784689259497.728,0.4,0.3,0.3,622.0565149136579,646.6666666666666,0.12441130298273158,300.3371320037986,378.34124723013616,0.019368721281107313,1.0,1.0,1.0,32,8,2.244424862422575,1,10,balanced,0,0,32,32,False,,2.244424862422575,False,False,False,True,0,193,44,1,0,balanced
1784689262323.22,0.4,0.3,0.3,630.7880690737834,656.7777777777778,0.12615761381475668,271.122190566635,343.7796771130104,0.017419759210582725,1.0,1.0,1.0,29,8,2.2443110267109225,1,10,balanced,1,1,29,29,False,,2.2443110267109225,False,False,False,True,0,194,44,1,0,balanced
1784689265156.576,0.4,0.3,0.3,621.4756671899529,645.4444444444445,0.12429513343799058,310.0580540858318,394.5238095238095,0.02001721508244375,1.0,1.0,1.0,32,8,2.2442767821000706,1,10,balanced,0,0,32,32,False,,2.2442767821000706,False,False,False,True,0,195,44,1,0,balanced
1784689267992.808,0.4,0.3,0.3,630.6122448979593,656.4444444444445,0.12612244897959185,284.3842988287432,350.66476733143395,0.018304489581637308,1.0,1.0,1.0,29,8,2.244059673533672,1,10,balanced,1,1,29,29,False,,2.244059673533672,False,False,False,True,0,196,44,1,0,balanced
1784689270828.709,0.4,0.3,0.3,621.8649921507065,645.6666666666666,0.1243729984301413,298.1385949441505,377.2780717225162,0.019222054365853936,1.0,1.0,1.0,32,8,2.2444841843181873,1,10,balanced,0,0,32,32,False,,2.2444841843181873,False,False,False,True,0,197,44,1,0,balanced
1784689273658.9,0.4,0.3,0.3,630.4427001569859,656.7777777777778,0.1260885400313972,276.3786008230452,347.53086419753083,0.017770420335093073,1.0,1.0,1.0,29,8,2.244233457886913,1,10,balanced,1,1,29,29,False,,2.244233457886913,False,False,False,True,0,198,44,1,0,balanced
1784689276490.0479,0.4,0.3,0.3,621.0784929356358,645.1111111111111,0.12421569858712717,308.6603468547912,391.96355085243977,0.019923972438611822,1.0,1.0,1.0,32,8,2.2443365288335655,1,10,balanced,0,0,32,32,False,,2.2443365288335655,False,False,False,True,0,199,44,1,0,balanced
1784689279417.5388,0.4,0.3,0.3,630.7598116169546,657.4444444444445,0.12615196232339093,284.76152466094993,367.0583226905066,0.018329654747228148,1.0,1.0,1.0,29,8,2.244040318646475,1,10,balanced,1,1,29,29,False,,2.244040318646475,False,False,False,True,0,200,44,1,0,balanced
1784689282253.68,0.4,0.3,0.3,620.7048665620094,644.5555555555555,0.12414097331240188,316.4594356261022,385.35420340975895,0.02044425854743844,1.0,1.0,1.0,32,8,2.2442103331108076,1,10,balanced,0,0,32,32,False,,2.2442103331108076,False,False,False,True,0,201,44,1,0,balanced
1784689285079.849,0.4,0.3,0.3,630.2700156985873,656.6666666666666,0.12605400313971746,267.34567901234567,333.53909465020575,0.017167823816700845,1.0,1.0,1.0,29,8,2.244428051599103,1,10,balanced,1,1,29,29,False,,2.244428051599103,False,False,False,True,0,202,44,1,0,balanced
1784689287903.052,0.4,0.3,0.3,623.0941915227629,646.7777777777778,0.12461883830455259,288.3877131099353,365.16166960611406,0.018571561915272535,1.0,1.0,1.0,32,8,2.244580996103597,1,10,balanced,0,0,32,32,False,,2.244580996103597,False,False,False,True,0,203,44,1,0,balanced
1784689293656.3389,0.4,0.3,0.3,631.1538461538462,658.0,0.12623076923076923,251.70781893004113,319.22760367204813,0.016124604331557112,1.0,1.0,1.0,29,8,2.244670311008225,1,10,balanced,1,1,29,29,False,,2.244670311008225,False,False,False,True,0,204,44,1,0,balanced
1784689296476.361,0.4,0.3,0.3,629.3129445234708,646.3333333333334,0.12586258890469418,320.53418803418805,384.9414371636594,0.02071608992889847,1.0,1.0,1.0,32,8,2.243440137459453,1,10,balanced,0,0,32,32,False,,2.243440137459453,False,False,False,True,0,205,44,1,0,balanced
1784689299408.206,0.4,0.3,0.3,631.100470957614,657.1111111111111,0.1262200941915228,261.3758894362343,332.74356869184453,0.01676957234397827,1.0,1.0,1.0,29,8,2.2444810906201975,1,10,balanced,1,1,29,29,False,,2.2444810906201975,False,False,False,True,0,206,44,1,0,balanced
1784689302238.852,0.4,0.3,0.3,621.0957613814758,645.3333333333334,0.12421915227629515,322.34861845972955,384.2724867724868,0.020837132652416913,1.0,1.0,1.0,32,8,2.244061199293757,1,10,balanced,0,0,32,32,False,,2.244061199293757,False,False,False,True,0,207,44,1,0,balanced
1784689305171.572,0.4,0.3,0.3,631.6923076923077,657.8888888888889,0.12633846153846154,272.0935960591133,340.1888341543514,0.01748456277912697,1.0,1.0,1.0,29,8,2.2442192465508772,1,10,balanced,1,1,29,29,False,,2.2442192465508772,False,False,False,True,0,208,44,1,0,balanced
1784689308013.596,0.4,0.3,0.3,623.2637362637363,647.2222222222222,0.12465274725274726,292.9570840681952,365.28953556731335,0.018876389864455983,1.0,1.0,1.0,32,8,2.244475984139564,1,10,balanced,0,0,32,32,False,,2.244475984139564,False,False,False,True,0,209,44,1,0,balanced
1784689310947.696,0.4,0.3,0.3,629.7880690737834,656.1111111111111,0.12595761381475667,234.51081007115488,307.8817733990148,0.014977372252912267,1.0,1.0,1.0,29,8,2.245123742798224,1,10,balanced,1,1,29,29,False,,2.245123742798224,False,False,False,True,0,210,44,1,0,balanced
1784689314484.049,0.4,0.3,0.3,417.48037676609107,431.55555555555554,0.08349607535321821,196.590108401084,250.16192411924123,0.012447638986062975,0.6703296703296704,0.6666666666666666,0.6703296703296704,32,8,2.163966179261795,1,10,balanced,0,0,32,32,False,,2.163966179261795,False,False,False,True,0,211,44,1,0,balanced
1784689317316.248,0.4,0.3,0.3,631.934065934066,657.8888888888889,0.1263868131868132,282.77448559670785,358.71769547325107,0.018197097104516866,0.9939531368102799,0.9958847736625513,0.9939531368102799,29,8,2.2421720866370034,1,10,balanced,1,1,29,29,False,,2.2421720866370034,False,False,False,True,0,212,44,1,0,balanced
1784689320145.231,0.4,0.3,0.3,623.0266875981163,647.0,0.12460533751962326,305.3968253968254,386.2698412698412,0.01970625919925453,1.0,1.0,1.0,32,8,2.2442459872323743,1,10,balanced,0,0,32,32,False,,2.2442459872323743,False,False,False,True,0,213,44,1,0,balanced
1784689323271.037,0.4,0.3,0.3,544.6420722135009,598.2222222222222,0.10892841444270018,226.87612007168457,270.09072580645164,0.014468053373694768,0.8398744113029829,0.8888888888888888,0.8398744113029829,29,8,2.204050541601706,1,10,balanced,1,1,29,29,False,,2.204050541601706,False,False,False,True,0,214,44,1,0,balanced
1784689329160.013,0.4,0.3,0.3,629.5886970172686,655.4444444444445,0.12591773940345372,285.02792475014695,349.4797178130512,0.01834742660107718,1.0,1.0,1.0,29,8,2.2441286762582955,1,10,balanced,2,2,29,29,False,,2.2441286762582955,False,False,False,True,0,215,44,1,0,balanced
1784689331993.5762,0.4,0.3,0.3,623.1821036106751,647.3333333333334,0.12463642072213502,309.55981775426216,385.4144620811287,0.019983977168396408,1.0,1.0,1.0,32,8,2.244150238560627,1,10,balanced,0,0,32,32,False,,2.244150238560627,False,False,False,True,0,216,44,1,0,balanced
1784689334814.176,0.4,0.3,0.3,630.6263736263737,656.7777777777778,0.12612527472527474,252.86155202821868,327.0517342739565,0.016201571182669693,1.0,1.0,1.0,29,8,2.244689418755089,1,10,balanced,1,1,29,29,False,,2.244689418755089,False,False,False,True,0,217,44,1,0,balanced
1784689337633.6519,0.4,0.3,0.3,620.8995290423863,645.0,0.12417990580847726,322.33759553204,396.0802469135803,0.020836397300336224,0.9942812289751067,0.9960317460317462,0.9942812289751067,32,8,2.24236148717904,1,10,balanced,0,0,32,32,False,,2.24236148717904,False,False,False,True,0,218,44,1,0,balanced
1784689340558.438,0.4,0.3,0.3,628.1224489795919,655.2222222222222,0.1256244897959184,323.3913874191652,410.66872427983543,0.020906696959250515,0.9960192868356136,0.9960317460317462,0.9960192868356136,29,8,2.2422839810445416,1,10,balanced,1,1,29,29,False,,2.2422839810445416,False,False,False,True,0,219,44,1,0,balanced
1784689343391.98,0.4,0.3,0.3,621.9591836734695,645.7777777777778,0.12439183673469391,362.66240446796,452.95855379188714,0.023526511305400934,1.0,1.0,1.0,32,8,2.243185311914502,1,10,balanced,0,0,32,32,False,,2.243185311914502,False,False,False,True,0,220,44,1,0,balanced
1784689346219.571,0.4,0.3,0.3,628.9434850863423,655.7777777777778,0.12578869701726847,261.7901234567901,350.0,0.016797206368031364,1.0,1.0,1.0,29,8,2.2446453592826834,1,10,balanced,1,1,29,29,False,,2.2446453592826834,False,False,False,True,0,221,44,1,0,balanced
1784689349037.585,0.4,0.3,0.3,620.2715855572998,643.8888888888889,0.12405431711145995,328.62139917695464,422.09876543209873,0.021255597009803513,1.0,1.0,1.0,32,8,2.244001594052475,1,10,balanced,0,0,32,32,False,,2.244001594052475,False,False,False,True,0,222,44,1,0,balanced
1784689351959.292,0.4,0.3,0.3,628.5102040816328,655.7777777777778,0.12570204081632655,278.98809523809524,353.09523809523813,0.017944502684329237,1.0,1.0,1.0,29,8,2.2443358328681704,1,10,balanced,1,1,29,29,False,,2.2443358328681704,False,False,False,True,0,223,44,1,0,balanced
1784689354988.436,0.4,0.3,0.3,623.5604395604396,647.2222222222222,0.12471208791208792,377.14029697900656,527.6497695852535,0.02449234803062085,0.876143560872625,0.9157088122605364,0.876143560872625,32,8,2.205610528687766,1,10,balanced,0,0,32,32,False,,2.205610528687766,False,False,False,True,0,224,44,1,0,balanced
1784689357808.561,0.4,0.3,0.3,629.6718995290424,656.4444444444445,0.1259343799058085,341.08736942070277,433.3507439062994,0.022087216105450485,1.0,1.0,1.0,29,8,2.2430000832060415,1,10,balanced,1,1,29,29,False,,2.2430000832060415,False,False,False,True,0,225,44,1,0,balanced
1784689360641.21,0.4,0.3,0.3,622.8147566718995,646.7777777777778,0.1245629513343799,783.8668430335097,1040.5482069370958,0.051625539895497646,1.0,1.0,1.0,32,8,2.2346871574975986,1,10,balanced,0,0,32,32,False,,2.2346871574975986,False,False,False,True,0,226,44,1,0,balanced
1784689366493.349,0.4,0.3,0.3,630.0000000000001,656.5555555555555,0.12600000000000003,307.1750136836343,406.32183908045977,0.019824884168354522,1.0,1.0,1.0,29,8,2.2436525347494936,1,10,balanced,1,1,29,29,False,,2.2436525347494936,False,False,False,True,0,227,44,1,0,balanced
1784689369319.315,0.4,0.3,0.3,621.0047095761382,645.3333333333334,0.12420094191522764,351.2575747297969,454.50662506218055,0.022765682103388717,0.9940694226408514,0.9958847736625513,0.9940694226408514,32,8,2.2417107453951477,1,10,balanced,0,0,32,32,False,,2.2417107453951477,False,False,False,True,0,228,44,1,0,balanced
1784689372153.033,0.4,0.3,0.3,645.3336170212765,658.3333333333334,0.1290667234042553,556.4090177133654,620.9053497942386,0.036451568893486684,0.9999999999999998,1.0,0.9999999999999998,29,8,2.237437839970252,1,10,balanced,1,1,29,29,False,,2.237437839970252,False,False,False,True,0,229,44,1,0,balanced
1784689375089.214,0.4,0.3,0.3,631.0784929356358,657.7777777777778,0.12621569858712717,257.55610290093045,337.9926108374384,0.016514750026746527,1.0,1.0,1.0,29,8,2.244559295557125,1,10,balanced,2,2,29,29,False,,2.244559295557125,False,False,False,True,0,230,44,1,0,balanced
1784689377920.1519,0.4,0.3,0.3,623.9136577708007,648.1111111111111,0.12478273155416014,281.99588477366257,358.06584362139915,0.018145155755414446,1.0,1.0,1.0,32,8,2.2446433606517115,1,10,balanced,0,0,32,32,False,,2.2446433606517115,False,False,False,True,0,231,44,1,0,balanced
1784689380755.358,0.4,0.3,0.3,629.923076923077,655.8888888888889,0.12598461538461542,243.52405824628042,313.67363089585314,0.01557865632063245,1.0,1.0,1.0,29,8,2.244932556949964,1,10,balanced,1,1,29,29,False,,2.244932556949964,False,False,False,True,0,232,44,1,0,balanced
1784689383588.1702,0.4,0.3,0.3,623.2747252747254,647.0,0.12465494505494508,282.84611992945327,352.8468547912992,0.018201875912571934,1.0,1.0,1.0,32,8,2.2446774592042504,1,10,balanced,0,0,32,32,False,,2.2446774592042504,False,False,False,True,0,233,44,1,0,balanced
1784689386424.215,0.4,0.3,0.3,631.1836734693879,658.0,0.12623673469387758,240.28648306426086,300.83570750237413,0.01536267398694202,1.0,1.0,1.0,29,8,2.244896503926366,1,10,balanced,1,1,29,29,False,,2.244896503926366,False,False,False,True,0,234,44,1,0,balanced
1784689389255.748,0.4,0.3,0.3,624.1522762951336,647.5555555555555,0.12483045525902671,278.2407407407407,355.5114638447972,0.01789464581325822,1.0,1.0,1.0,32,8,2.2446994241524116,1,10,balanced,0,0,32,32,False,,2.2446994241524116,False,False,False,True,0,235,44,1,0,balanced
1784689392189.292,0.4,0.3,0.3,629.7205651491366,656.0,0.12594411302982733,251.1706349206349,321.90476190476187,0.016088768173491322,1.0,1.0,1.0,29,8,2.2447957243360217,1,10,balanced,1,1,29,29,False,,2.2447957243360217,False,False,False,True,0,236,44,1,0,balanced
1784689395023.0,0.4,0.3,0.3,623.7252747252749,647.8888888888889,0.12474505494505497,318.10258671369775,400.14109347442684,0.020553875030933807,1.0,1.0,1.0,32,8,2.243935815512698,1,10,balanced,0,0,32,32,False,,2.243935815512698,False,False,False,True,0,237,44,1,0,balanced
1784689400787.128,0.4,0.3,0.3,631.9058084772371,658.0,0.1263811616954474,261.36435580880027,327.1668249446027,0.01676880292253504,1.0,1.0,1.0,29,8,2.2444168944450604,1,10,balanced,1,1,29,29,False,,2.2444168944450604,False,False,False,True,0,238,44,1,0,balanced
1784689403609.429,0.4,0.3,0.3,622.4332810047096,646.1111111111111,0.12448665620094192,279.3849206349206,361.0258671369782,0.017970975359234198,1.0,1.0,1.0,32,8,2.2448140449118528,1,10,balanced,0,0,32,32,False,,2.2448140449118528,False,False,False,True,0,239,44,1,0,balanced
1784689406944.0662,0.4,0.3,0.3,628.8555729984301,655.8888888888889,0.12577111459968604,828.1847041847042,987.9249639249639,0.05458203496895959,0.7886521641623684,0.8018674136321196,0.7886521641623684,29,8,2.1699125929181484,1,10,balanced,1,1,29,29,False,,2.1699125929181484,False,False,False,True,0,240,44,1,0,balanced
1784689409872.404,0.4,0.3,0.3,633.1836734693878,660.4444444444445,0.12663673469387757,256.0229276895943,319.7839506172839,0.016412470159412565,1.0,1.0,1.0,28,8,2.2444215650746253,1,10,balanced,1,1,28,28,False,,2.2444215650746253,False,False,False,True,0,241,44,1,0,balanced
1784689412705.497,0.4,0.3,0.3,631.4882260596547,657.8888888888889,0.12629764521193093,234.78632478632477,307.991452991453,0.014995752153857556,1.0,1.0,1.0,29,8,2.2449822162690705,1,10,balanced,0,0,29,29,False,,2.2449822162690705,False,False,False,True,0,242,44,1,0,balanced
1784689415530.79,0.4,0.3,0.3,621.3390894819466,645.2222222222222,0.12426781789638933,448.3127572016461,526.4300411522634,0.02924034404280494,1.0,1.0,1.0,32,8,2.2415207696286026,1,10,balanced,0,0,32,32,False,,2.2415207696286026,False,False,False,True,0,243,44,1,0,balanced
1784689418355.925,0.4,0.3,0.3,631.0109890109891,656.7777777777778,0.12620219780219782,302.744539411206,410.51282051282055,0.019529322175530755,0.9978487121344265,0.9958847736625516,0.9978487121344265,29,8,2.2430149378667896,1,10,balanced,1,1,29,29,False,,2.2430149378667896,False,False,False,True,0,244,44,1,0,balanced
1784689421180.5068,0.4,0.3,0.3,622.2276295133438,646.1111111111111,0.12444552590266876,311.3092411703522,399.2351784018451,0.02010068320015692,1.0,1.0,1.0,32,8,2.2441915846788856,1,10,balanced,0,0,32,32,False,,2.2441915846788856,False,False,False,True,0,245,44,1,0,balanced
1784689424102.998,0.4,0.3,0.3,631.1538461538462,657.2222222222222,0.12623076923076923,249.37904174015284,313.00411522633743,0.015969248948642618,1.0,1.0,1.0,29,8,2.2447169176230997,1,10,balanced,1,1,29,29,False,,2.2447169176230997,False,False,False,True,0,246,44,1,0,balanced
1784689426924.319,0.4,0.3,0.3,620.2810047095762,644.0,0.12405620094191525,310.96362999140774,405.86171030615475,0.020077627084149948,1.0,1.0,1.0,32,8,2.2443542314979887,1,10,balanced,0,0,32,32,False,,2.2443542314979887,False,False,False,True,0,247,44,1,0,balanced
1784689429750.426,0.4,0.3,0.3,630.1679748822605,656.4444444444445,0.1260335949764521,261.54400126622346,352.97720797720797,0.016780787275932185,1.0,1.0,1.0,29,8,2.2445523258266395,1,10,balanced,1,1,29,29,False,,2.2445523258266395,False,False,False,True,0,248,44,1,0,balanced
1784689435519.084,0.4,0.3,0.3,621.2935635792779,645.8888888888889,0.12425871271585559,297.65064667842444,394.29747207524986,0.01918950278041524,1.0,1.0,1.0,32,8,2.244539664079533,1,10,balanced,0,0,32,32,False,,2.244539664079533,False,False,False,True,0,249,44,1,0,balanced
1784689438348.5352,0.4,0.3,0.3,632.4050235478807,658.7777777777778,0.12648100470957613,279.6707818930041,360.20576131687244,0.01799004548986018,1.0,1.0,1.0,29,8,2.2440105844692115,1,10,balanced,1,1,29,29,False,,2.2440105844692115,False,False,False,True,0,250,44,1,0,balanced
1784689441175.071,0.4,0.3,0.3,621.2998430141288,645.0,0.12425996860282576,304.13139329805995,402.67783656672543,0.019621840780390924,1.0,1.0,1.0,32,8,2.2444094603247526,1,10,balanced,0,0,32,32,False,,2.2444094603247526,False,False,False,True,0,251,44,1,0,balanced
1784689444008.283,0.4,0.3,0.3,631.558869701727,657.6666666666666,0.1263117739403454,241.9753086419753,322.4786324786325,0.01547533746777687,1.0,1.0,1.0,29,8,2.2448326891835286,1,10,balanced,1,1,29,29,False,,2.2448326891835286,False,False,False,True,0,252,44,1,0,balanced
1784689446840.002,0.4,0.3,0.3,620.2810047095761,644.2222222222222,0.12405620094191522,299.0321304210193,386.14434947768285,0.019281663136825836,0.9939531368102799,0.9958847736625513,0.9939531368102799,32,8,2.24277896172527,1,10,balanced,0,0,32,32,False,,2.24277896172527,False,False,False,True,0,253,44,1,0,balanced
1784689449672.417,0.4,0.3,0.3,630.5149136577709,656.3333333333334,0.12610298273155418,276.09243431465654,360.44824311490976,0.01775132984087102,0.9957130781306608,0.9957264957264957,0.9957130781306608,29,8,2.242947331394315,1,10,balanced,1,1,29,29,False,,2.242947331394315,False,False,False,True,0,254,44,1,0,balanced
1784689452500.614,0.4,0.3,0.3,623.1695447409734,647.1111111111111,0.12463390894819468,293.08641975308643,377.7366255144033,0.01888501799553612,1.0,1.0,1.0,32,8,2.2444809310220615,1,10,balanced,0,0,32,32,False,,2.2444809310220615,False,False,False,True,0,255,44,1,0,balanced
1784689455835.8418,0.4,0.3,0.3,464.4850863422293,516.6666666666666,0.09289701726844586,209.80026455026456,253.02910052910056,0.013328903572399237,0.7284144427001571,0.7777777777777778,0.7284144427001571,29,8,2.177366854830949,1,10,balanced,1,1,29,29,False,,2.177366854830949,False,False,False,True,0,256,44,1,0,balanced
1784689458756.191,0.4,0.3,0.3,633.2276295133439,660.6666666666666,0.12664552590266878,279.31239737274217,357.4972632731253,0.0179661372496826,1.0,1.0,1.0,28,8,2.243951948464028,1,10,balanced,1,1,28,28,False,,2.243951948464028,False,False,False,True,0,257,44,1,0,balanced
1784689461579.3281,0.4,0.3,0.3,630.0188383045528,655.8888888888889,0.12600376766091057,287.6187084520418,372.46438746438747,0.018520260737294316,1.0,1.0,1.0,29,8,2.2440424147144475,1,10,balanced,0,0,29,29,False,,2.2440424147144475,False,False,False,True,0,258,44,1,0,balanced
1784689464411.223,0.4,0.3,0.3,622.348508634223,645.4444444444445,0.1244697017268446,306.6747501469723,387.43533215755434,0.019791511017142917,1.0,1.0,1.0,32,8,2.2442746660041193,1,10,balanced,0,0,32,32,False,,2.2442746660041193,False,False,False,True,0,259,44,1,0,balanced
1784689470179.647,0.4,0.3,0.3,630.0094191522763,656.4444444444445,0.12600188383045527,258.304051915163,343.2953466286799,0.016564646558716676,1.0,1.0,1.0,29,8,2.2446298525002026,1,10,balanced,1,1,29,29,False,,2.2446298525002026,False,False,False,True,0,260,44,1,0,balanced
1784689473008.2742,0.4,0.3,0.3,620.5400313971743,644.7777777777778,0.12410800627943486,324.9794238683128,422.59259259259255,0.021012636682342413,1.0,1.0,1.0,32,8,2.244053006483523,1,10,balanced,0,0,32,32,False,,2.244053006483523,False,False,False,True,0,261,44,1,0,balanced
1784689478943.403,0.4,0.3,0.3,123.75888943010229,239.88888888888889,0.024751777886020458,57.511870845204186,41.5363511659808,0.003169571103749445,0.17194349732099365,0.3333333333333333,0.17194349732099365,29,8,2.040731466710765,1,10,balanced,1,1,29,29,False,,2.040731466710765,False,False,False,True,0,262,44,1,0,balanced
1784689481777.41,0.4,0.3,0.3,634.0659340659341,661.6666666666666,0.12681318681318682,281.86530547641655,357.3520101297879,0.01813644466153546,1.0,1.0,1.0,28,8,2.2438337918762645,1,10,balanced,1,1,28,28,False,,2.2438337918762645,False,False,False,True,0,263,44,1,0,balanced
1784689484702.299,0.4,0.3,0.3,630.475667189953,656.6666666666666,0.12609513343799061,256.4440035273368,332.3721340388007,0.01644056060889505,0.9886513908329533,0.9922003284072249,0.9886513908329533,29,8,2.2412251956920213,1,10,balanced,0,0,29,29,False,,2.2412251956920213,False,False,False,True,0,264,44,1,0,balanced
1784689487540.715,0.4,0.3,0.3,624.9387755102041,648.3333333333334,0.12498775510204081,276.31687242798347,346.7489711934156,0.01776630236344119,1.0,1.0,1.0,32,8,2.244675007250151,1,10,balanced,0,0,32,32,False,,2.244675007250151,False,False,False,True,0,265,44,1,0,balanced
1784689490679.706,0.4,0.3,0.3,542.2998430141288,595.3333333333334,0.10845996860282575,312.5368023553507,443.0104326676908,0.020182575207161487,0.8785254154712284,0.9157088122605364,0.8785254154712284,29,8,2.2141188646380896,1,10,balanced,1,1,29,29,False,,2.2141188646380896,False,False,False,True,0,266,44,1,0,balanced
1784689494815.315,0.4,0.3,0.3,291.9262166405024,376.44444444444446,0.05838524332810048,113.56190476190476,122.465306122449,0.006908732805997649,0.44897959183673475,0.5555555555555556,0.44897959183673475,29,8,2.109267160377981,1,10,balanced,2,2,29,29,False,,2.109267160377981,False,False,False,True,0,267,44,1,0,balanced
1784689497740.312,0.4,0.3,0.3,636.1758241758242,663.7777777777778,0.12723516483516484,253.40020576131687,311.1904761904762,0.01623750538767958,1.0,1.0,1.0,28,8,2.24423468244963,1,10,balanced,1,1,28,28,False,,2.24423468244963,False,False,False,True,0,268,44,1,0,balanced
1784689500662.487,0.4,0.3,0.3,630.6750392464678,657.3333333333334,0.12613500784929357,286.11111111111103,355.3189300411522,0.018419687198873318,1.0,1.0,1.0,29,8,2.2440200907006207,1,10,balanced,0,0,29,29,False,,2.2440200907006207,False,False,False,True,0,269,44,1,0,balanced
1784689506423.869,0.4,0.3,0.3,623.9466248037677,647.7777777777778,0.12478932496075354,289.75161669606115,375.5261610817167,0.018662549479390337,1.0,1.0,1.0,32,8,2.2444855051718813,1,10,balanced,0,0,32,32,False,,2.2444855051718813,False,False,False,True,0,270,44,1,0,balanced
1784689509355.675,0.4,0.3,0.3,631.6153846153848,658.1111111111111,0.12632307692307695,1916.4250491597234,1816.26553345902,0.12717978980385078,0.9846416778154992,0.9883689107827038,0.9846416778154992,29,8,2.2067093356342635,1,10,balanced,1,1,29,29,False,,2.2067093356342635,False,False,False,True,0,271,44,1,0,balanced
1784689512386.565,0.4,0.3,0.3,633.4285714285716,660.3333333333334,0.12668571428571432,225.11827956989245,258.078853046595,0.014350785828545194,0.8367346938775512,0.8888888888888888,0.8367346938775512,28,8,2.196040886700416,1,10,balanced,1,1,28,28,False,,2.196040886700416,False,False,False,True,0,272,44,1,0,balanced
1784689515223.0989,0.4,0.3,0.3,628.4160125588697,654.4444444444445,0.12568320251177395,257.13754352643235,328.3491611269389,0.016486827453397756,1.0,1.0,1.0,29,8,2.2447806707592712,1,10,balanced,0,0,29,29,False,,2.2447806707592712,False,False,False,True,0,273,44,1,0,balanced
1784689518055.706,0.4,0.3,0.3,623.0156985871272,647.0,0.12460313971742544,300.65917107583766,388.1878306878307,0.01939020487497249,1.0,1.0,1.0,32,8,2.2443416826505382,1,10,balanced,0,0,32,32,False,,2.2443416826505382,False,False,False,True,0,274,44,1,0,balanced
1784689520884.83,0.4,0.3,0.3,630.0298273155416,656.2222222222222,0.12600596546310833,244.7119341563786,315.26748971193416,0.015657900877677024,1.0,1.0,1.0,29,8,2.2449002435514536,1,10,balanced,1,1,29,29,False,,2.2449002435514536,False,False,False,True,0,275,44,1,0,balanced
1784689523716.688,0.4,0.3,0.3,621.791208791209,646.1111111111111,0.1243582417582418,284.73251028806584,362.59259259259255,0.018327719165314598,1.0,1.0,1.0,32,8,2.244758387547109,1,10,balanced,0,0,32,32,False,,2.244758387547109,False,False,False,True,0,276,44,1,0,balanced
1784689527348.8518,0.4,0.3,0.3,368.98116169544744,476.6666666666667,0.07379623233908948,163.2852303523035,143.26829268292684,0.010225832578539259,0.5164835164835165,0.6666666666666666,0.5164835164835165,29,8,2.1223588122358574,1,10,balanced,1,1,29,29,False,,2.1223588122358574,False,False,False,True,0,277,44,1,0,balanced
1784689530684.251,0.4,0.3,0.3,512.0313971742544,500.77777777777777,0.10240627943485088,228.96296296296293,316.05731922398587,0.014607269043559901,0.8304552590266877,0.7777777777777778,0.8304552590266877,28,8,2.203791885220998,1,10,balanced,1,1,28,28,False,,2.203791885220998,False,False,False,True,0,278,44,1,0,balanced
1784689533610.2258,0.4,0.3,0.3,634.2229199372058,661.4444444444445,0.12684458398744117,263.79173508483854,329.00930487137384,0.016930736163097967,1.0,1.0,1.0,28,8,2.244182945556094,1,10,balanced,2,2,28,28,False,,2.244182945556094,False,False,False,True,0,279,44,1,0,balanced
1784689536541.19,0.4,0.3,0.3,631.0470957613815,657.0,0.1262094191522763,1141.7771240041354,1251.7690405238297,0.07550214302896167,0.9961565528067994,0.9961685823754789,0.9961565528067994,29,8,2.2257125552724406,1,10,balanced,0,0,29,29,False,,2.2257125552724406,False,False,False,True,0,280,44,1,0,balanced
1784689542325.874,0.4,0.3,0.3,630.8053375196233,656.3333333333334,0.12616106750392467,246.51867679645454,328.46153846153845,0.01577843074025714,1.0,1.0,1.0,29,8,2.244802043776353,1,10,balanced,2,2,29,29,False,,2.244802043776353,False,False,False,True,0,281,44,1,0,balanced
1784689545160.581,0.4,0.3,0.3,622.7142857142858,646.4444444444445,0.12454285714285715,278.04673721340384,351.9870664315108,0.017881703616638014,1.0,1.0,1.0,32,8,2.244818346057866,1,10,balanced,0,0,32,32,False,,2.244818346057866,False,False,False,True,0,282,44,1,0,balanced
1784689548092.3171,0.4,0.3,0.3,629.5447409733125,656.0,0.1259089481946625,280.85317460317464,352.9761904761905,0.018068924256382565,1.0,1.0,1.0,29,8,2.24421574344522,1,10,balanced,1,1,29,29,False,,2.24421574344522,False,False,False,True,0,283,44,1,0,balanced
1784689550921.824,0.4,0.3,0.3,622.3233908948196,646.0,0.12446467817896391,1056.4335458779901,1286.2961832406277,0.06980877557558307,0.9977324263038551,0.9958847736625513,0.9977324263038551,32,8,2.228591223946896,1,10,balanced,0,0,32,32,False,,2.228591223946896,False,False,False,True,0,284,44,1,0,balanced
1784689554552.804,0.4,0.3,0.3,465.50235478806917,517.2222222222222,0.09310047095761384,262.9850948509485,359.98644986449864,0.01687692427291184,0.6073438756365587,0.6937669376693767,0.6073438756365587,29,8,2.1398998970260483,1,10,balanced,1,1,29,29,False,,2.1398998970260483,False,False,False,True,0,285,44,1,0,balanced
1784689557474.648,0.4,0.3,0.3,633.9843014128728,660.6666666666666,0.12679686028257456,245.1416256157635,308.99562123700053,0.01568656608510764,1.0,1.0,1.0,28,8,2.244575286061438,1,10,balanced,1,1,28,28,False,,2.244575286061438,False,False,False,True,0,286,44,1,0,balanced
1784689560308.532,0.4,0.3,0.3,631.0533751962324,657.6666666666666,0.1262106750392465,238.7522045855379,313.5273368606702,0.015260320519382115,1.0,1.0,1.0,29,8,2.2449376338284868,1,10,balanced,0,0,29,29,False,,2.2449376338284868,False,False,False,True,0,287,44,1,0,balanced
1784689563136.905,0.4,0.3,0.3,622.3893249607536,646.3333333333334,0.12447786499215072,287.57936507936506,357.7380952380952,0.018517636096021684,1.0,1.0,1.0,32,8,2.2446535631743334,1,10,balanced,0,0,32,32,False,,2.2446535631743334,False,False,False,True,0,288,44,1,0,balanced
1784689565970.0361,0.4,0.3,0.3,631.1679748822608,657.2222222222222,0.12623359497645215,278.10462171573283,349.62488129154804,0.017885565157820735,1.0,1.0,1.0,29,8,2.244140892462073,1,10,balanced,1,1,29,29,False,,2.244140892462073,False,False,False,True,0,289,44,1,0,balanced
1784689568793.4849,0.4,0.3,0.3,622.1224489795918,645.1111111111111,0.12442448979591836,282.49412110523224,364.0579071134627,0.01817839366946179,1.0,1.0,1.0,32,8,2.2447766859807943,1,10,balanced,0,0,32,32,False,,2.2447766859807943,False,False,False,True,0,290,44,1,0,balanced
1784689571621.633,0.4,0.3,0.3,631.7849293563579,657.1111111111111,0.1263569858712716,266.980056980057,334.11839189616967,0.017143432753839692,1.0,1.0,1.0,29,8,2.2443141758253393,1,10,balanced,1,1,29,29,False,,2.2443141758253393,False,False,False,True,0,291,44,1,0,balanced
1784689577421.0151,0.4,0.3,0.3,622.4332810047096,646.3333333333334,0.12448665620094192,314.49735449735454,386.9370958259847,0.02031336587707502,1.0,1.0,1.0,32,8,2.244111327756501,1,10,balanced,0,0,32,32,False,,2.244111327756501,False,False,False,True,0,292,44,1,0,balanced
1784689580457.546,0.4,0.3,0.3,629.8477237048666,655.4444444444445,0.1259695447409733,322.5860215053764,453.23416965352453,0.020852970080412033,0.9018585101534412,0.9318996415770608,0.9018585101534412,29,8,2.2139138441255195,1,10,balanced,1,1,29,29,False,,2.2139138441255195,False,False,False,True,0,293,44,1,0,balanced
1784689583389.462,0.4,0.3,0.3,631.0345368916799,656.7777777777778,0.12620690737833598,238.98221634332745,307.6675485008819,0.015275664866132585,1.0,1.0,1.0,29,8,2.2449345375888257,1,10,balanced,2,2,29,29,False,,2.2449345375888257,False,False,False,True,0,294,44,1,0,balanced
1784689586227.752,0.4,0.3,0.3,622.0172684458399,645.6666666666666,0.12440345368916798,269.8177542621987,349.7398589065255,0.017332738776664358,1.0,1.0,1.0,32,8,2.2450387968913335,1,10,balanced,0,0,32,32,False,,2.2450387968913335,False,False,False,True,0,295,44,1,0,balanced
1784689589048.136,0.4,0.3,0.3,629.1836734693878,655.4444444444445,0.12583673469387757,246.85479129923576,319.38859494415044,0.015800853322163827,1.0,1.0,1.0,29,8,2.2449250501258,1,10,balanced,1,1,29,29,False,,2.2449250501258,False,False,False,True,0,296,44,1,0,balanced
1784689591871.135,0.4,0.3,0.3,621.0361067503925,645.1111111111111,0.1242072213500785,276.9966196355085,348.8080540858319,0.01781164907508396,1.0,1.0,1.0,32,8,2.2449736167374432,1,10,balanced,0,0,32,32,False,,2.2449736167374432,False,False,False,True,0,297,44,1,0,balanced
1784689594699.1838,0.4,0.3,0.3,629.4160125588697,655.8888888888889,0.12588320251177396,270.64339981006646,360.8942703387148,0.01738781853302645,1.0,1.0,1.0,29,8,2.2444303734353825,1,10,balanced,1,1,29,29,False,,2.2444303734353825,False,False,False,True,0,298,44,1,0,balanced
1784689597536.57,0.4,0.3,0.3,622.2166405023548,646.1111111111111,0.12444332810047097,283.32671957671954,372.4970605526162,0.018233937263290163,1.0,1.0,1.0,32,8,2.2447524875808247,1,10,balanced,0,0,32,32,False,,2.2447524875808247,False,False,False,True,0,299,44,1,0,balanced
1784689600370.782,0.4,0.3,0.3,631.4018838304553,658.0,0.12628037676609105,262.42086103197215,348.8999683444128,0.016839283591192272,1.0,1.0,1.0,29,8,2.244436064216206,1,10,balanced,1,1,29,29,False,,2.244436064216206,False,False,False,True,0,300,44,1,0,balanced
1784689603210.073,0.1,0.8,0.1,621.3061224489796,645.6666666666666,0.12426122448979593,311.49210871433087,409.75783475783476,0.020112882502623806,1.0,1.0,1.0,32,8,2.0714835715489213,1,10,balanced,0,0,32,32,False,,2.0714835715489213,False,False,False,True,0,301,44,1,0,delay
1784689606038.6392,0.1,0.8,0.1,630.177394034537,656.6666666666666,0.1260354788069074,262.818138651472,328.1054131054131,0.016865786434387724,1.0,1.0,1.0,29,8,2.073903822971799,1,10,balanced,1,1,29,29,False,,2.073903822971799,False,False,False,True,0,302,44,1,0,delay
1784689611896.27,0.1,0.8,0.1,633.8069073783361,661.3333333333334,0.1267613814756672,246.15887713109933,322.7131099353321,0.015754428094136047,1.0,1.0,1.0,28,8,2.0747203193771244,1,10,balanced,1,1,28,28,False,,2.0747203193771244,False,False,False,True,0,303,44,1,0,delay
1784689614832.713,0.1,0.8,0.1,640.9984301412874,670.5555555555555,0.1281996860282575,235.5342445620223,301.39329805996476,0.015045646735291681,1.0,1.0,1.0,26,8,2.075143514008941,1,10,balanced,1,1,26,26,False,,2.075143514008941,False,False,False,True,0,304,44,1,0,delay
1784689617763.546,0.1,0.8,0.1,644.5510204081633,674.5555555555555,0.12891020408163265,228.36125808348032,294.4312169312169,0.014567128624648453,1.0,1.0,1.0,25,8,2.075455276692118,1,10,balanced,1,1,25,25,False,,2.075455276692118,False,False,False,True,0,305,44,1,0,delay
1784689620795.553,0.1,0.8,0.1,654.8084772370487,687.4444444444445,0.13096169544740974,199.6996442255063,262.5273672687465,0.01265507966814585,1.0,1.0,1.0,23,8,2.076779766720742,1,10,balanced,1,1,23,23,False,,2.076779766720742,False,False,False,True,0,306,44,1,0,delay
1784689623715.031,0.1,0.8,0.1,658.6028257456829,693.1111111111111,0.13172056514913658,199.93827160493822,252.30452674897117,0.012670998772844444,1.0,1.0,1.0,22,8,2.076691144466811,1,10,balanced,1,1,22,22,False,,2.076691144466811,False,False,False,True,0,307,44,1,0,delay
1784689626747.645,0.1,0.8,0.1,669.795918367347,707.6666666666666,0.1339591836734694,167.68445032333923,220.93327454438565,0.010519309561263459,1.0,1.0,1.0,20,8,2.0781886339836424,1,10,balanced,1,1,20,20,False,,2.0781886339836424,False,False,False,True,0,308,44,1,0,delay
1784689629776.1829,0.1,0.8,0.1,677.1726844583989,716.3333333333334,0.13543453689167978,166.53846153846152,210.36087369420704,0.010442859342125518,0.9942812289751067,0.9960317460317462,0.9942812289751067,19,8,2.0775303817346424,1,10,balanced,1,1,19,19,False,,2.0775303817346424,False,False,False,True,0,309,44,1,0,delay
1784689632904.72,0.1,0.8,0.1,691.2621664050235,735.5555555555555,0.1382524332810047,131.45723104056438,164.63256907701353,0.008102550436328512,1.0,1.0,1.0,17,8,2.0796927163228367,1,10,balanced,1,1,17,17,False,,2.0796927163228367,False,False,False,True,0,310,44,1,0,delay
1784689636136.8662,0.1,0.8,0.1,701.5886970172685,749.1111111111111,0.14031773940345368,4917.461052322163,5098.76102292769,0.3273823250381696,0.9942812289751067,0.9960317460317462,0.9942812289751067,16,8,1.8234904889266297,1,10,balanced,1,1,16,16,False,,1.8234904889266297,False,False,False,True,0,311,44,1,0,delay
1784689639458.983,0.1,0.8,0.1,722.3390894819468,776.2222222222222,0.14446781789638935,489.84935332157545,665.1866549088771,0.03201129775327388,1.0,1.0,1.0,14,8,2.059944180007742,1,10,balanced,1,1,14,14,False,,2.059944180007742,False,False,False,True,0,312,44,1,0,delay
1784689642788.492,0.1,0.8,0.1,740.7017268445842,798.2222222222222,0.14814034536891685,106.87316284538507,137.35449735449734,0.006462519202494001,1.0,1.0,1.0,13,8,2.0800159501011133,1,10,balanced,1,1,13,13,False,,2.0800159501011133,False,False,False,True,0,313,44,1,0,delay
1784689649249.366,0.1,0.8,0.1,772.8477237048667,840.2222222222222,0.15456954474097334,114.98824221046442,150.85097001763668,0.007003885404300495,1.0,1.0,1.0,11,8,2.0789399372024624,1,10,balanced,1,1,11,11,False,,2.0789399372024624,False,False,False,True,0,314,44,1,0,delay
1784689652771.986,0.1,0.8,0.1,797.9670329670329,872.6666666666666,0.15959340659340657,84.33201058201057,104.88389182833627,0.0049587732209480035,1.0,1.0,1.0,10,8,2.080073640763901,1,10,balanced,1,1,10,10,False,,2.080073640763901,False,False,False,True,0,315,44,1,0,delay
1784689656294.281,0.1,0.8,0.1,795.2762951334381,870.8888888888889,0.15905525902668763,97.99970605526163,119.46208112874781,0.005870560777535799,1.0,1.0,1.0,10,8,2.0793980254753026,1,10,balanced,1,2,8,10,True,requested_slotframe_below_minimum (8 < 10),2.0793980254753026,False,False,False,True,0,316,44,1,0,delay
1784689659815.424,0.1,0.8,0.1,799.1868131868133,874.4444444444445,0.15983736263736267,110.88330393885948,132.27219282774837,0.0067300402894502655,1.0,1.0,1.0,10,8,2.0786322315047037,1,10,balanced,1,2,8,10,True,requested_slotframe_below_minimum (8 < 10),2.0786322315047037,False,False,False,True,0,317,44,1,0,delay
1784689663350.441,0.1,0.8,0.1,798.9795918367348,873.5555555555555,0.15979591836734697,104.50617283950616,130.33238366571697,0.006304614599033099,1.0,1.0,1.0,10,8,2.0789767164840387,1,10,balanced,1,2,8,10,True,requested_slotframe_below_minimum (8 < 10),2.0789767164840387,False,False,False,True,0,318,44,1,0,delay
1784689666880.645,0.1,0.8,0.1,798.2967032967034,873.1111111111111,0.15965934065934068,105.72163433274544,138.65667254556143,0.006385699421797561,1.0,1.0,1.0,10,8,2.078925506396628,1,10,balanced,1,2,8,10,True,requested_slotframe_below_minimum (8 < 10),2.078925506396628,False,False,False,True,0,319,44,1,0,delay
1784689670405.975,0.1,0.8,0.1,796.8367346938776,871.3333333333334,0.15936734693877552,102.24426807760142,136.73574368018814,0.006153720352074811,1.0,1.0,1.0,10,8,2.079140289024463,1,10,balanced,1,2,8,10,True,requested_slotframe_below_minimum (8 < 10),2.079140289024463,False,False,False,True,0,320,44,1,0,delay
1784689674039.0361,0.1,0.8,0.1,796.1302982731555,871.5555555555555,0.1592260596546311,98.22773933885045,124.94754216976438,0.005885773138015374,0.9939531368102799,0.9958847736625513,0.9939531368102799,10,8,2.0787640892051527,1,10,balanced,1,2,8,10,True,requested_slotframe_below_minimum (8 < 10),2.0787640892051527,False,False,False,True,0,321,44,1,0,delay
1784689677576.2031,0.1,0.8,0.1,797.3767660910519,872.4444444444445,0.15947535321821038,97.71604938271604,126.09053497942384,0.005851637717325953,1.0,1.0,1.0,10,8,2.0793711545043183,1,10,balanced,1,2,8,10,True,requested_slotframe_below_minimum (8 < 10),2.0793711545043183,False,False,False,True,0,322,44,1,0,delay
1784689684069.253,0.1,0.8,0.1,797.4599686028257,872.5555555555555,0.15949199372056513,163.27160493827162,228.64197530864197,0.010224923611625858,1.0,1.0,1.0,10,8,2.0758708617386428,1,10,balanced,1,2,8,10,True,requested_slotframe_below_minimum (8 < 10),2.0758708617386428,False,False,False,True,0,323,44,1,0,delay
1784689687593.3699,0.1,0.8,0.1,796.3406593406594,871.0,0.15926813186813188,95.52231718898386,119.11047799936688,0.00570529134015903,1.0,1.0,1.0,10,8,2.0795089537410596,1,10,balanced,1,2,8,10,True,requested_slotframe_below_minimum (8 < 10),2.0795089537410596,False,False,False,True,0,324,44,1,0,delay
1784689691125.4758,0.1,0.8,0.1,797.4835164835166,872.2222222222222,0.15949670329670332,92.08259847148736,116.79453262786598,0.00547582378061957,1.0,1.0,1.0,10,8,2.079669670645834,1,10,balanced,1,2,8,10,True,requested_slotframe_below_minimum (8 < 10),2.079669670645834,False,False,False,True,0,325,44,1,0,delay
1784689694951.107,0.1,0.8,0.1,708.502354788069,811.5555555555555,0.14170047095761382,102.11230585424134,132.0812425328554,0.006144917001617168,0.8367346938775512,0.8888888888888888,0.8367346938775512,10,8,2.0645874886907,1,10,balanced,1,2,8,10,True,requested_slotframe_below_minimum (8 < 10),2.0645874886907,False,False,False,True,0,326,44,1,0,delay
1784689698481.3599,0.1,0.8,0.1,798.3014128728415,873.0,0.1596602825745683,169.21731560620444,230.9449192782526,0.010621568752915573,1.0,1.0,1.0,10,8,2.075536716740211,1,10,balanced,1,2,8,10,True,requested_slotframe_below_minimum (8 < 10),2.075536716740211,False,False,False,True,0,327,44,1,0,delay
1784689702007.479,0.1,0.8,0.1,796.9733124018838,872.0,0.15939466248037676,170.24691358024685,246.99588477366257,0.01069025440828865,1.0,1.0,1.0,10,8,2.075508330225331,1,10,balanced,1,2,8,10,True,requested_slotframe_below_minimum (8 < 10),2.075508330225331,False,False,False,True,0,328,44,1,0,delay
1784689705531.549,0.1,0.8,0.1,796.8163265306124,871.4444444444445,0.1593632653061225,84.28938859494416,114.972075249853,0.004955929859569323,1.0,1.0,1.0,10,8,2.0800989295817325,1,10,balanced,1,2,8,10,True,requested_slotframe_below_minimum (8 < 10),2.0800989295817325,False,False,False,True,0,329,44,1,0,delay
1784689709164.65,0.1,0.8,0.1,798.6954474097332,873.3333333333334,0.15973908948194665,112.55511463844796,145.51293356848913,0.006841568688355434,1.0,1.0,1.0,10,8,2.078552836101121,1,10,balanced,1,2,8,10,True,requested_slotframe_below_minimum (8 < 10),2.078552836101121,False,False,False,True,0,330,44,1,0,delay
1784689712696.754,0.1,0.8,0.1,796.6609105180534,871.7777777777778,0.15933218210361066,89.27033871478316,108.67679645457424,0.0052882147241349675,1.0,1.0,1.0,10,8,2.079836210010331,1,10,balanced,1,2,8,10,True,requested_slotframe_below_minimum (8 < 10),2.079836210010331,False,False,False,True,0,331,44,1,0,delay
1784689719184.325,0.1,0.8,0.1,798.0423861852433,873.0,0.15960847723704866,98.06584362139917,120.53497942386828,0.005874972890019958,1.0,1.0,1.0,10,8,2.079339173964279,1,10,balanced,1,2,8,10,True,requested_slotframe_below_minimum (8 < 10),2.079339173964279,False,False,False,True,0,332,44,1,0,delay
1784689722919.005,0.1,0.8,0.1,737.0313971742543,757.0,0.14740627943485085,97.41935483870967,123.5483870967742,0.005831844885837869,0.9419152276295134,0.8888888888888888,0.9419152276295134,10,8,2.074785418910796,1,10,balanced,1,2,8,10,True,requested_slotframe_below_minimum (8 < 10),2.074785418910796,False,False,False,True,0,333,44,1,0,delay
1784689726453.4211,0.1,0.8,0.1,798.5525902668761,873.5555555555555,0.15971051805337522,80.14035861258083,106.1713697824809,0.004679143336396319,1.0,1.0,1.0,10,8,2.0802856335255453,1,10,balanced,1,2,8,10,True,requested_slotframe_below_minimum (8 < 10),2.0802856335255453,False,False,False,True,0,334,44,1,0,delay
1784689729981.079,0.1,0.8,0.1,797.6248037676611,872.5555555555555,0.15952496075353223,77.19056663501108,103.66888255777145,0.00448235934856645,1.0,1.0,1.0,10,8,2.0804616164457936,1,10,balanced,1,2,8,10,True,requested_slotframe_below_minimum (8 < 10),2.0804616164457936,False,False,False,True,0,335,44,1,0,delay
1784689733514.558,0.1,0.8,0.1,798.282574568289,872.6666666666666,0.1596565149136578,80.39518608963053,108.97085424863202,0.004696143168087427,0.9940694226408514,0.9958847736625513,0.9940694226408514,10,8,2.0796843762382493,1,10,balanced,1,2,8,10,True,requested_slotframe_below_minimum (8 < 10),2.0796843762382493,False,False,False,True,0,336,44,1,0,delay
1784689737046.601,0.1,0.8,0.1,797.513343799058,872.2222222222222,0.15950266875981162,76.77248677248677,102.18400940623161,0.004454468764008457,1.0,1.0,1.0,10,8,2.0804861581128122,1,10,balanced,1,2,8,10,True,requested_slotframe_below_minimum (8 < 10),2.0804861581128122,False,False,False,True,0,337,44,1,0,delay
1784689740569.1929,0.1,0.8,0.1,794.8383045525903,870.4444444444445,0.15896766091051806,6391.712567268122,6514.94460272238,0.42573132536812025,0.9940694226408514,0.9958847736625513,0.9940694226408514,10,8,1.742925115878537,1,10,balanced,1,2,8,10,True,requested_slotframe_below_minimum (8 < 10),1.742925115878537,False,False,False,True,0,338,44,1,0,delay
1784689744094.752,0.1,0.8,0.1,797.3281004709577,872.2222222222222,0.15946562009419155,96.32569077013522,118.70076425631981,0.005758885308214491,1.0,1.0,1.0,10,8,2.0794463297440093,1,10,balanced,1,2,8,10,True,requested_slotframe_below_minimum (8 < 10),2.0794463297440093,False,False,False,True,0,339,44,1,0,delay
1784689747625.072,0.1,0.8,0.1,797.2339089481947,872.5555555555555,0.15944678178963892,96.8400940623163,123.91240446796003,0.005793201738646851,1.0,1.0,1.0,10,8,2.0794207604301187,1,10,balanced,1,2,8,10,True,requested_slotframe_below_minimum (8 < 10),2.0794207604301187,False,False,False,True,0,340,44,1,0,delay
1784689754115.5952,0.1,0.8,0.1,799.3673469387755,874.0,0.1598734693877551,67.27287116176004,82.26020892687559,0.003820738569830556,1.0,1.0,1.0,10,8,2.08095606220536,1,10,balanced,1,2,8,10,True,requested_slotframe_below_minimum (8 < 10),2.08095606220536,False,False,False,True,0,341,44,1,0,delay
1784689757643.122,0.1,0.8,0.1,799.1616954474098,873.8888888888889,0.15983233908948197,77.05761316872429,89.09465020576131,0.004473489871162394,1.0,1.0,1.0,10,8,2.0804379741941217,1,10,balanced,1,2,8,10,True,requested_slotframe_below_minimum (8 < 10),2.0804379741941217,False,False,False,True,0,342,44,1,0,delay
1784689761169.734,0.1,0.8,0.1,797.1318681318681,871.2222222222222,0.15942637362637363,104.44444444444443,132.42798353909467,0.0063004966273812165,0.9942812289751067,0.9960317460317462,0.9942812289751067,10,8,2.0784450882329684,1,10,balanced,1,2,8,10,True,requested_slotframe_below_minimum (8 < 10),2.0784450882329684,False,False,False,True,0,343,44,1,0,delay
1784689764709.898,0.1,0.8,0.1,799.4505494505496,874.2222222222222,0.15989010989010993,114.40696649029981,147.75132275132273,0.006965107837911928,1.0,1.0,1.0,10,8,2.0784389027406593,1,10,balanced,1,2,8,10,True,requested_slotframe_below_minimum (8 < 10),2.0784389027406593,False,False,False,True,0,344,44,1,0,delay
1784689768343.686,0.1,0.8,0.1,796.7833594976453,871.5555555555555,0.15935667189952907,109.26293356848912,143.52586713697823,0.006621943533588333,1.0,1.0,1.0,10,8,2.0787667779831764,1,10,balanced,1,2,8,10,True,requested_slotframe_below_minimum (8 < 10),2.0787667779831764,False,False,False,True,0,345,44,1,0,delay
1784689771870.579,0.1,0.8,0.1,797.0832025117738,872.1111111111111,0.15941664050235477,137.86228689006467,169.59729570840682,0.008529839018683434,1.0,1.0,1.0,10,8,2.077234464734818,1,10,balanced,1,2,8,10,True,requested_slotframe_below_minimum (8 < 10),2.077234464734818,False,False,False,True,0,346,44,1,0,delay
1784689775398.112,0.1,0.8,0.1,797.9544740973314,872.3333333333334,0.15959089481946628,134.6516754850088,171.49323927101702,0.008315655469313463,1.0,1.0,1.0,10,8,2.077388386142603,1,10,balanced,1,2,8,10,True,requested_slotframe_below_minimum (8 < 10),2.077388386142603,False,False,False,True,0,347,44,1,0,delay
1784689778930.4968,0.1,0.8,0.1,797.7378335949766,872.7777777777778,0.1595475667189953,69.60905349794238,83.95061728395063,0.003976587958501827,1.0,1.0,1.0,10,8,2.080863972961299,1,10,balanced,1,2,8,10,True,requested_slotframe_below_minimum (8 < 10),2.080863972961299,False,False,False,True,0,348,44,1,0,delay
1784689782457.277,0.1,0.8,0.1,797.9748822605966,872.8888888888889,0.1595949764521193,70.6568534346312,84.3019943019943,0.0040464878875671245,1.0,1.0,1.0,10,8,2.0808033120447345,1,10,balanced,1,2,8,10,True,requested_slotframe_below_minimum (8 < 10),2.0808033120447345,False,False,False,True,0,349,44,1,0,delay
1784689788924.103,0.1,0.8,0.1,799.0361067503925,874.0,0.1598072213500785,64.36213991769547,80.49382716049382,0.0036265603680917594,1.0,1.0,1.0,10,8,2.081118029570519,1,10,balanced,1,2,8,10,True,requested_slotframe_below_minimum (8 < 10),2.081118029570519,False,False,False,True,0,350,44,1,0,delay
1784689792461.559,0.1,0.8,0.1,799.1962323390895,873.6666666666666,0.1598392464678179,68.6654908877131,82.53380364491476,0.00391364182039447,1.0,1.0,1.0,10,8,2.0808851618969024,1,10,balanced,1,2,8,10,True,requested_slotframe_below_minimum (8 < 10),2.0808851618969024,False,False,False,True,0,351,44,1,0,delay
1784689795989.322,0.1,0.8,0.1,796.9372056514914,871.4444444444445,0.15938744113029826,70.30151946818613,85.41785375118708,0.004022783153314618,1.0,1.0,1.0,10,8,2.0808430293643183,1,10,balanced,1,2,8,10,True,requested_slotframe_below_minimum (8 < 10),2.0808430293643183,False,False,False,True,0,352,44,1,0,delay
1784689799511.6611,0.1,0.8,0.1,663.6644647831278,872.7777777777778,0.13273289295662555,163.6825813030336,183.29218106995884,0.010252340313744737,1.0,1.0,1.0,10,8,2.0785248384533417,1,10,balanced,1,2,8,10,True,requested_slotframe_below_minimum (8 < 10),2.0785248384533417,False,False,False,True,0,353,44,1,0,delay
1784689803042.294,0.1,0.8,0.1,798.4427001569859,872.6666666666666,0.15968854003139718,72.14506172839505,89.11228689006467,0.0041457679605333584,1.0,1.0,1.0,10,8,2.0807145316284337,1,10,balanced,1,2,8,10,True,requested_slotframe_below_minimum (8 < 10),2.0807145316284337,False,False,False,True,0,354,44,1,0,delay
1784689806674.1929,0.1,0.8,0.1,797.5792778649922,872.2222222222222,0.15951585557299844,115.48647854203409,151.79159318048207,0.007037123318347838,1.0,1.0,1.0,10,8,2.078418715788022,1,10,balanced,1,2,8,10,True,requested_slotframe_below_minimum (8 < 10),2.078418715788022,False,False,False,True,0,355,44,1,0,delay
1784689810205.197,0.1,0.8,0.1,795.8540031397174,870.8888888888889,0.15917080062794348,115.13770180436846,150.99715099715098,0.007013856024307436,1.0,1.0,1.0,10,8,2.07847183511776,1,10,balanced,1,2,8,10,True,requested_slotframe_below_minimum (8 < 10),2.07847183511776,False,False,False,True,0,356,44,1,0,delay
1784689813726.851,0.1,0.8,0.1,798.221350078493,873.1111111111111,0.15964427001569859,117.01646090534979,155.02057613168725,0.0071391901871480845,1.0,1.0,1.0,10,8,2.0783242208487116,1,10,balanced,1,2,8,10,True,requested_slotframe_below_minimum (8 < 10),2.0783242208487116,False,False,False,True,0,357,44,1,0,delay
1784689817348.898,0.1,0.8,0.1,796.5180533751962,871.3333333333334,0.15930361067503926,122.33618233618233,164.26231176231175,0.00749407487232704,0.9940694226408514,0.9958847736625513,0.9940694226408514,10,8,2.0774813212987198,1,10,balanced,1,2,8,10,True,requested_slotframe_below_minimum (8 < 10),2.0774813212987198,False,False,False,True,0,358,44,1,0,delay
1784689823814.348,0.1,0.8,0.1,797.9403453689168,873.0,0.15958806907378337,125.34346312124089,169.62329851218738,0.007694694004085449,1.0,1.0,1.0,10,8,2.0778854378893534,1,10,balanced,1,2,8,10,True,requested_slotframe_below_minimum (8 < 10),2.0778854378893534,False,False,False,True,0,359,44,1,0,delay
1784689827336.326,0.1,0.8,0.1,797.3218210361069,872.0,0.15946436420722138,131.40471668249444,179.51725229503006,0.00809904714359536,0.9940694226408514,0.9958847736625513,0.9940694226408514,10,8,2.0769812681284865,1,10,balanced,1,2,8,10,True,requested_slotframe_below_minimum (8 < 10),2.0769812681284865,False,False,False,True,0,360,44,1,0,delay
1784689831068.51,0.1,0.8,0.1,798.1036106750394,872.8888888888889,0.1596207221350079,555.4538619816398,757.0585176140731,0.03638784936501933,0.9561715553974528,0.9615489874110563,0.9561715553974528,10,8,2.050544803834229,1,10,balanced,1,2,8,10,True,requested_slotframe_below_minimum (8 < 10),2.050544803834229,False,False,False,True,0,361,44,1,0,delay
1784689834598.526,0.1,0.8,0.1,799.1412872841445,873.6666666666666,0.1598282574568289,85.74311490978157,111.41658752769864,0.005052909600385695,1.0,1.0,1.0,10,8,2.0799748465740087,1,10,balanced,1,2,8,10,True,requested_slotframe_below_minimum (8 < 10),2.0799748465740087,False,False,False,True,0,362,44,1,0,delay
1784689838135.256,0.1,0.8,0.1,798.4144427001571,873.2222222222222,0.15968288854003143,89.16033554922443,128.50743906299462,0.005280876287473277,1.0,1.0,1.0,10,8,2.0798070101160184,1,10,balanced,1,2,8,10,True,requested_slotframe_below_minimum (8 < 10),2.0798070101160184,False,False,False,True,0,363,44,1,0,delay
1784689841671.6,0.1,0.8,0.1,797.8759811616956,872.8888888888889,0.15957519623233912,80.9520417853751,107.50079138968027,0.004733291646789533,1.0,1.0,1.0,10,8,2.0802558470593344,1,10,balanced,1,2,8,10,True,requested_slotframe_below_minimum (8 < 10),2.0802558470593344,False,False,False,True,0,364,44,1,0,delay
1784689845196.117,0.1,0.8,0.1,798.0518053375197,872.4444444444445,0.15961036106750393,87.23409306742641,120.39411206077872,0.005152374454131182,1.0,1.0,1.0,10,8,2.0799170643299445,1,10,balanced,1,2,8,10,True,requested_slotframe_below_minimum (8 < 10),2.0799170643299445,False,False,False,True,0,365,44,1,0,delay
1784689848728.8179,0.1,0.8,0.1,798.8210361067506,873.6666666666666,0.15976420722135012,79.44297472075249,105.63492063492062,0.0046326200614244485,1.0,1.0,1.0,10,8,2.0803174832287255,1,10,balanced,1,2,8,10,True,requested_slotframe_below_minimum (8 < 10),2.0803174832287255,False,False,False,True,0,366,44,1,0,delay
1784689852249.816,0.1,0.8,0.1,796.9199372056516,871.5555555555555,0.15938398744113033,119.71193415637859,179.50617283950618,0.007319008282613649,1.0,1.0,1.0,10,8,2.078206394629796,1,10,balanced,1,2,8,10,True,requested_slotframe_below_minimum (8 < 10),2.078206394629796,False,False,False,True,0,367,44,1,0,delay
1784689858716.5288,0.1,0.8,0.1,796.2653061224491,870.8888888888889,0.15925306122448982,153.8065843621399,195.10288065843622,0.009593501291670439,1.0,1.0,1.0,10,8,2.076399892844215,1,10,balanced,1,2,8,10,True,requested_slotframe_below_minimum (8 < 10),2.076399892844215,False,False,False,True,0,368,44,1,0,delay
1784689862945.672,0.1,0.8,0.1,592.2056514913659,694.3333333333334,0.11844113029827318,59.108309990662924,69.49019607843137,0.0032760713802977267,0.7284144427001571,0.7777777777777778,0.7284144427001571,10,8,2.05837647413595,1,10,balanced,1,2,8,10,True,requested_slotframe_below_minimum (8 < 10),2.05837647413595,False,False,False,True,0,369,44,1,0,delay
1784689866474.2788,0.1,0.8,0.1,797.690737833595,871.6666666666666,0.159538147566719,132.0840681951793,177.0987654320988,0.008144367457983942,1.0,1.0,1.0,10,8,2.077530691276941,1,10,balanced,1,2,8,10,True,requested_slotframe_below_minimum (8 < 10),2.077530691276941,False,False,False,True,0,370,44,1,0,delay
1784689870011.078,0.1,0.8,0.1,797.1585557299843,871.8888888888889,0.15943171114599686,90.2116402116402,111.98118753674308,0.005351010020789873,1.0,1.0,1.0,10,8,2.0797760208687683,1,10,balanced,1,2,8,10,True,requested_slotframe_below_minimum (8 < 10),2.0797760208687683,False,False,False,True,0,371,44,1,0,delay
1784689873646.036,0.1,0.8,0.1,796.9403453689168,871.8888888888889,0.15938806907378336,114.31878306878305,142.93797766019986,0.0069592250212663805,0.9942812289751067,0.9960317460317462,0.9942812289751067,10,8,2.0779219359731194,1,10,balanced,1,2,8,10,True,requested_slotframe_below_minimum (8 < 10),2.0779219359731194,False,False,False,True,0,372,44,1,0,delay
1784689877274.677,0.1,0.8,0.1,794.2464678178964,869.7777777777778,0.15884929356357927,122.41990005878895,161.9473838918283,0.007499659777104,0.9960192868356136,0.9960317460317462,0.9960192868356136,10,8,2.07771727150552,1,10,balanced,1,2,8,10,True,requested_slotframe_below_minimum (8 < 10),2.07771727150552,False,False,False,True,0,373,44,1,0,delay
1784689880808.1191,0.1,0.8,0.1,798.9167974882262,873.3333333333334,0.15978335949764524,130.31497309275082,183.10541310541308,0.008026349105587112,1.0,1.0,1.0,10,8,2.077600584765766,1,10,balanced,1,2,8,10,True,requested_slotframe_below_minimum (8 < 10),2.077600584765766,False,False,False,True,0,374,44,1,0,delay
1784689884334.491,0.1,0.8,0.1,797.7409733124019,872.1111111111111,0.15954819466248038,112.9360557138335,145.46691991136436,0.006866981702056938,0.9958718530147103,0.9958847736625513,0.9958718530147103,10,8,2.0781387804735774,1,10,balanced,1,2,8,10,True,requested_slotframe_below_minimum (8 < 10),2.0781387804735774,False,False,False,True,0,375,44,1,0,delay
1784689887964.449,0.1,0.8,0.1,798.3406593406595,873.2222222222222,0.1596681318681319,175.2902704291593,224.9573780129336,0.011026702496941916,1.0,1.0,1.0,10,8,2.0752118248156335,1,10,balanced,1,2,8,10,True,requested_slotframe_below_minimum (8 < 10),2.0752118248156335,False,False,False,True,0,376,44,1,0,delay
1784689894526.804,0.1,0.8,0.1,799.1193092621666,873.2222222222222,0.1598238618524333,112.4318352287701,136.0308844695818,0.006833344578303542,1.0,1.0,1.0,10,8,2.0785509381521137,1,10,balanced,1,2,8,10,True,requested_slotframe_below_minimum (8 < 10),2.0785509381521137,False,False,False,True,0,377,44,1,0,delay
1784689898053.262,0.1,0.8,0.1,798.4128728414444,873.5555555555555,0.15968257456828888,67.44222855333966,83.85565052231719,0.0038320365946190567,1.0,1.0,1.0,10,8,2.080966113267476,1,10,balanced,1,2,8,10,True,requested_slotframe_below_minimum (8 < 10),2.080966113267476,False,False,False,True,0,378,44,1,0,delay
1784689901575.9102,0.1,0.8,0.1,797.9497645211933,872.8888888888889,0.15958995290423866,90.65527065527066,119.90186767964545,0.005380605113760551,1.0,1.0,1.0,10,8,2.079736520618568,1,10,balanced,1,2,8,10,True,requested_slotframe_below_minimum (8 < 10),2.079736520618568,False,False,False,True,0,379,44,1,0,delay
1784689905108.8281,0.1,0.8,0.1,798.5934065934067,873.4444444444445,0.15971868131868133,77.65827793605571,95.79297245963913,0.004513560903005718,0.9940694226408514,0.9958847736625513,0.9940694226408514,10,8,2.0798242254098125,1,10,balanced,1,2,8,10,True,requested_slotframe_below_minimum (8 < 10),2.0798242254098125,False,False,False,True,0,380,44,1,0,delay
1784689908638.987,0.1,0.8,0.1,797.4003139717427,872.0,0.15948006279434854,98.91737891737891,121.50997150997152,0.0059317797810126026,1.0,1.0,1.0,10,8,2.079306569895755,1,10,balanced,1,2,8,10,True,requested_slotframe_below_minimum (8 < 10),2.079306569895755,False,False,False,True,0,381,44,1,0,delay
1784689912161.997,0.1,0.8,0.1,798.3485086342229,873.1111111111111,0.15966970172684458,98.02785691674579,125.72966128521686,0.005872438753618798,1.0,1.0,1.0,10,8,2.0793350788244207,1,10,balanced,1,2,8,10,True,requested_slotframe_below_minimum (8 < 10),2.0793350788244207,False,False,False,True,0,382,44,1,0,delay
1784689915690.267,0.1,0.8,0.1,798.469387755102,873.5555555555555,0.1596938775510204,82.86008230452674,109.79423868312756,0.004860579206439409,1.0,1.0,1.0,10,8,2.0801421488797462,1,10,balanced,1,2,8,10,True,requested_slotframe_below_minimum (8 < 10),2.0801421488797462,False,False,False,True,0,383,44,1,0,delay
1784689919223.368,0.1,0.8,0.1,797.3186813186813,871.4444444444445,0.15946373626373628,80.89585311807534,107.55302310857866,0.004729543236696153,1.0,1.0,1.0,10,8,2.0802699917842693,1,10,balanced,1,2,8,10,True,requested_slotframe_below_minimum (8 < 10),2.0802699917842693,False,False,False,True,0,384,44,1,0,delay
1784689922750.171,0.1,0.8,0.1,798.934065934066,873.3333333333334,0.1597868131868132,69.11522633744855,85.30864197530865,0.003943644185286761,1.0,1.0,1.0,10,8,2.0808664033330895,1,10,balanced,1,2,8,10,True,requested_slotframe_below_minimum (8 < 10),2.0808664033330895,False,False,False,True,0,385,44,1,0,delay
1784689929209.417,0.1,0.8,0.1,798.5981161695448,873.1111111111111,0.15971962323390895,69.53042328042328,85.89212228101115,0.00397134244699288,1.0,1.0,1.0,10,8,2.0808509637190147,1,10,balanced,1,2,8,10,True,requested_slotframe_below_minimum (8 < 10),2.0808509637190147,False,False,False,True,0,386,44,1,0,delay
1784689932744.232,0.1,0.8,0.1,799.3657770800629,874.6666666666666,0.15987315541601257,67.90123456790124,82.55144032921811,0.0038626574094663938,1.0,1.0,1.0,10,8,2.0809225585308258,1,10,balanced,1,2,8,10,True,requested_slotframe_below_minimum (8 < 10),2.0809225585308258,False,False,False,True,0,387,44,1,0,delay
1784689936269.338,0.1,0.8,0.1,799.7503924646783,874.4444444444445,0.15995007849293566,66.82686654908876,85.09700176366842,0.0037909850933348075,1.0,1.0,1.0,10,8,2.080972204076039,1,10,balanced,1,2,8,10,True,requested_slotframe_below_minimum (8 < 10),2.080972204076039,False,False,False,True,0,388,44,1,0,delay
1784689939809.092,0.1,0.8,0.1,797.580847723705,872.4444444444445,0.159516169544741,83.88888888888889,100.28806584362141,0.004929212067304128,1.0,1.0,1.0,10,8,2.0801050133916825,1,10,balanced,1,2,8,10,True,requested_slotframe_below_minimum (8 < 10),2.0801050133916825,False,False,False,True,0,389,44,1,0,delay
1784689943329.46,0.1,0.8,0.1,797.5259026687598,871.8888888888889,0.15950518053375196,138.67521367521368,181.67141500474835,0.008584070291875495,0.9940694226408514,0.9958847736625513,0.9940694226408514,10,8,2.0765891679772097,1,10,balanced,1,2,8,10,True,requested_slotframe_below_minimum (8 < 10),2.0765891679772097,False,False,False,True,0,390,44,1,0,delay
1784689946853.7441,0.1,0.8,0.1,795.4568288854005,870.2222222222222,0.15909136577708008,155.6861348528015,202.43906299461855,0.009718888249019446,1.0,1.0,1.0,10,8,2.0763157528230765,1,10,balanced,1,2,8,10,True,requested_slotframe_below_minimum (8 < 10),2.0763157528230765,False,False,False,True,0,391,44,1,0,delay
1784689950389.294,0.1,0.8,0.1,796.2967032967033,870.8888888888889,0.15925934065934066,147.86324786324784,186.19499841722066,0.009197014533905793,1.0,1.0,1.0,10,8,2.076716454306941,1,10,balanced,1,2,8,10,True,requested_slotframe_below_minimum (8 < 10),2.076716454306941,False,False,False,True,0,392,44,1,0,delay
1784689954011.519,0.1,0.8,0.1,797.177394034537,872.4444444444445,0.1594354788069074,143.1459435626102,181.11699000587888,0.00888231778269581,1.0,1.0,1.0,10,8,2.076950597893153,1,10,balanced,1,2,8,10,True,requested_slotframe_below_minimum (8 < 10),2.076950597893153,False,False,False,True,0,393,44,1,0,delay
1784689957637.6208,0.1,0.8,0.1,798.12715855573,873.2222222222222,0.15962543171114602,149.4635508524397,188.96531452087007,0.009303772571877231,1.0,1.0,1.0,10,8,2.0765944387713837,1,10,balanced,1,2,8,10,True,requested_slotframe_below_minimum (8 < 10),2.0765944387713837,False,False,False,True,0,394,44,1,0,delay
1784689964098.042,0.1,0.8,0.1,797.6106750392464,872.6666666666666,0.1595221350078493,131.8645140867363,181.81861348528017,0.008129720752951054,1.0,1.0,1.0,10,8,2.077544009896854,1,10,balanced,1,2,8,10,True,requested_slotframe_below_minimum (8 < 10),2.077544009896854,False,False,False,True,0,395,44,1,0,delay
1784689967623.7568,0.1,0.8,0.1,796.5620094191522,871.3333333333334,0.15931240188383045,129.28141817030703,180.90693257359922,0.007957399477672251,1.0,1.0,1.0,10,8,2.0777028402294793,1,10,balanced,1,2,8,10,True,requested_slotframe_below_minimum (8 < 10),2.0777028402294793,False,False,False,True,0,396,44,1,0,delay
1784689971249.5488,0.1,0.8,0.1,795.8728414442701,870.0,0.159174568288854,154.6626984126984,206.15079365079364,0.009650613636604296,1.0,1.0,1.0,10,8,2.0763620522618313,1,10,balanced,1,2,8,10,True,requested_slotframe_below_minimum (8 < 10),2.0763620522618313,False,False,False,True,0,397,44,1,0,delay
1784689974769.3838,0.1,0.8,0.1,797.6405023547882,872.4444444444445,0.15952810047095764,71.91199746755302,86.06521050965495,0.004130219977822083,1.0,1.0,1.0,10,8,2.0807430139706464,1,10,balanced,1,2,8,10,True,requested_slotframe_below_minimum (8 < 10),2.0807430139706464,False,False,False,True,0,398,44,1,0,delay
1784689978301.2258,0.1,0.8,0.1,800.8147566718997,875.2222222222222,0.16016295133437994,68.97119341563786,82.22222222222223,0.003934035584765701,1.0,1.0,1.0,10,8,2.0808364763987495,1,10,balanced,1,2,8,10,True,requested_slotframe_below_minimum (8 < 10),2.0808364763987495,False,False,False,True,0,399,44,1,0,delay
1784689981823.961,0.1,0.8,0.1,798.1616954474099,873.1111111111111,0.159632339089482,86.9099059376837,108.41416813639036,0.005130747560886171,1.0,1.0,1.0,10,8,2.079932168042343,1,10,balanced,1,2,8,10,True,requested_slotframe_below_minimum (8 < 10),2.079932168042343,False,False,False,True,0,400,44,1,0,delay
1784689985346.8389,0.1,0.8,0.1,797.7378335949765,873.0,0.15954756671899528,95.38857233301677,129.1057296612852,0.0056963690682466156,0.9939531368102799,0.9958847736625513,0.9939531368102799,10,8,2.0788834617545313,1,10,balanced,1,2,8,10,True,requested_slotframe_below_minimum (8 < 10),2.0788834617545313,False,False,False,True,0,401,44,1,0,delay
1784689988879.75,0.1,0.8,0.1,799.1836734693878,874.0,0.15983673469387757,66.6409465020576,83.1466784244562,0.0037785821549071114,1.0,1.0,1.0,10,8,2.0809934608066865,1,10,balanced,1,2,8,10,True,requested_slotframe_below_minimum (8 < 10),2.0809934608066865,False,False,False,True,0,402,44,1,0,delay
1784689992417.1602,0.1,0.8,0.1,798.6106750392465,873.5555555555555,0.15972213500784932,66.41166960611405,83.35537918871252,0.003763286831628689,1.0,1.0,1.0,10,8,2.081017157033912,1,10,balanced,1,2,8,10,True,requested_slotframe_below_minimum (8 < 10),2.081017157033912,False,False,False,True,0,403,44,1,0,delay
1784689998889.596,0.1,0.8,0.1,798.7142857142859,873.0,0.1597428571428572,98.33333333333331,126.50205761316872,0.005892817433844784,1.0,1.0,1.0,10,8,2.0793114603386385,1,10,balanced,1,2,8,10,True,requested_slotframe_below_minimum (8 < 10),2.0793114603386385,False,False,False,True,0,404,44,1,0,delay
1784690003527.647,0.1,0.8,0.1,532.1883830455259,581.7777777777778,0.10643767660910519,42.18055555555555,52.30555555555556,0.002146801571417982,0.6671899529042387,0.6666666666666666,0.6671899529042387,10,8,2.0543577863723788,1,10,balanced,1,2,8,10,True,requested_slotframe_below_minimum (8 < 10),2.0543577863723788,False,False,False,True,0,405,44,1,0,delay
1784690007056.867,0.1,0.8,0.1,795.1475667189954,870.7777777777778,0.15902951334379908,126.52263374485595,171.7695473251029,0.007773357821538089,1.0,1.0,1.0,10,8,2.0778783624083896,1,10,balanced,1,2,8,10,True,requested_slotframe_below_minimum (8 < 10),2.0778783624083896,False,False,False,True,0,406,44,1,0,delay
1784690010586.9329,0.1,0.8,0.1,797.0910518053375,872.2222222222222,0.1594182103610675,136.48679509790617,171.35101523990411,0.008438078392121826,1.0,1.0,1.0,10,8,2.077307716250196,1,10,balanced,1,2,8,10,True,requested_slotframe_below_minimum (8 < 10),2.077307716250196,False,False,False,True,0,407,44,1,0,delay
1784690014113.846,0.1,0.8,0.1,796.8194662480379,871.3333333333334,0.15936389324960756,139.7736625514403,176.99588477366254,0.008657349069475672,1.0,1.0,1.0,10,8,2.077137731419459,1,10,balanced,1,2,8,10,True,requested_slotframe_below_minimum (8 < 10),2.077137731419459,False,False,False,True,0,408,44,1,0,delay
1784690017647.856,0.1,0.8,0.1,796.3767660910518,871.3333333333334,0.15927535321821035,118.35786641342196,151.30579297245967,0.007228676878814007,1.0,1.0,1.0,10,8,2.078289523175128,1,10,balanced,1,2,8,10,True,requested_slotframe_below_minimum (8 < 10),2.078289523175128,False,False,False,True,0,409,44,1,0,delay
1784690021183.671,0.1,0.8,0.1,795.6703296703297,870.2222222222222,0.15913406593406593,135.54289332067108,170.78505856283633,0.008375109627796603,0.9958718530147103,0.9958847736625513,0.9958718530147103,10,8,2.076973691005827,1,10,balanced,1,2,8,10,True,requested_slotframe_below_minimum (8 < 10),2.076973691005827,False,False,False,True,0,410,44,1,0,delay
1784690024718.205,0.1,0.8,0.1,797.7802197802198,872.7777777777778,0.15955604395604395,144.6897752453308,176.65716999050335,0.008985308555392315,1.0,1.0,1.0,10,8,2.076856148760082,1,10,balanced,1,2,8,10,True,requested_slotframe_below_minimum (8 < 10),2.076856148760082,False,False,False,True,0,411,44,1,0,delay
1784690028251.7122,0.1,0.8,0.1,797.3422291993721,871.7777777777778,0.15946844583987443,115.679012345679,136.2962962962963,0.007049967468023949,1.0,1.0,1.0,10,8,2.0784131814415936,1,10,balanced,1,2,8,10,True,requested_slotframe_below_minimum (8 < 10),2.0784131814415936,False,False,False,True,0,412,44,1,0,delay
1784690034696.981,0.1,0.8,0.1,798.4003139717425,873.2222222222222,0.15968006279434852,94.83539094650205,117.98353909465021,0.005659465706904739,1.0,1.0,1.0,10,8,2.0795044211550415,1,10,balanced,1,2,8,10,True,requested_slotframe_below_minimum (8 < 10),2.0795044211550415,False,False,False,True,0,413,44,1,0,delay
1784690038228.457,0.1,0.8,0.1,798.199372056515,873.0,0.159639874411303,68.72648442092887,83.74632569077013,0.003917710768574307,0.9942812289751067,0.9960317460317462,0.9942812289751067,10,8,2.080329966841521,1,10,balanced,1,2,8,10,True,requested_slotframe_below_minimum (8 < 10),2.080329966841521,False,False,False,True,0,414,44,1,0,delay
1784690041756.331,0.1,0.8,0.1,798.1522762951336,872.7777777777778,0.15963045525902672,69.66637272192827,84.47677836566726,0.0039804117893214325,1.0,1.0,1.0,10,8,2.08085262504264,1,10,balanced,1,2,8,10,True,requested_slotframe_below_minimum (8 < 10),2.08085262504264,False,False,False,True,0,415,44,1,0,delay
1784690045287.924,0.1,0.8,0.1,799.6200941915229,874.2222222222222,0.15992401883830457,72.88857233301678,89.24659702437481,0.004195368401135209,1.0,1.0,1.0,10,8,2.0806513033952614,1,10,balanced,1,2,8,10,True,requested_slotframe_below_minimum (8 < 10),2.0806513033952614,False,False,False,True,0,416,44,1,0,delay
1784690048820.056,0.1,0.8,0.1,799.7943485086342,874.6666666666666,0.15995886970172685,67.25941753719532,83.87939221272555,0.00381984106318848,1.0,1.0,1.0,10,8,2.0809482401792767,1,10,balanced,1,2,8,10,True,requested_slotframe_below_minimum (8 < 10),2.0809482401792767,False,False,False,True,0,417,44,1,0,delay
1784690052344.981,0.1,0.8,0.1,798.6813186813187,874.1111111111111,0.15973626373626373,74.65020576131688,89.50617283950618,0.004312888976738952,1.0,1.0,1.0,10,8,2.0805760624449823,1,10,balanced,1,2,8,10,True,requested_slotframe_below_minimum (8 < 10),2.0805760624449823,False,False,False,True,0,418,44,1,0,delay
1784690055877.128,0.1,0.8,0.1,798.0989010989011,872.6666666666666,0.15961978021978024,107.69400352733686,131.79600235155792,0.0065172784207696375,1.0,1.0,1.0,10,8,2.0788241992414065,1,10,balanced,1,2,8,10,True,requested_slotframe_below_minimum (8 < 10),2.0788241992414065,False,False,False,True,0,419,44,1,0,delay
1784690059414.25,0.1,0.8,0.1,798.221350078493,873.3333333333334,0.15964427001569859,102.01278659611992,122.50440917107582,0.006138277958380249,1.0,1.0,1.0,10,8,2.079124950631726,1,10,balanced,1,2,8,10,True,requested_slotframe_below_minimum (8 < 10),2.079124950631726,False,False,False,True,0,420,44,1,0,delay
1784690062939.157,0.1,0.8,0.1,796.6985871271587,871.2222222222222,0.15933971742543174,95.19151630262742,115.31497309275089,0.005683223235665605,1.0,1.0,1.0,10,8,2.079519449668924,1,10,balanced,1,2,8,10,True,requested_slotframe_below_minimum (8 < 10),2.079519449668924,False,False,False,True,0,421,44,1,0,delay
1784690069437.519,0.1,0.8,0.1,796.7708006279435,872.0,0.1593541601255887,111.61680911680911,140.29597974042417,0.006778973256625024,1.0,1.0,1.0,10,8,2.078641405382141,1,10,balanced,1,2,8,10,True,requested_slotframe_below_minimum (8 < 10),2.078641405382141,False,False,False,True,0,422,44,1,0,delay
1784690072969.605,0.1,0.8,0.1,797.3704866562009,872.2222222222222,0.15947409733124018,115.38653733098177,153.206937095826,0.007030456126149551,1.0,1.0,1.0,10,8,2.0784282253659563,1,10,balanced,1,2,8,10,True,requested_slotframe_below_minimum (8 < 10),2.0784282253659563,False,False,False,True,0,423,44,1,0,delay
1784690076503.4822,0.1,0.8,0.1,797.1350078492936,872.2222222222222,0.15942700156985873,119.46355085243971,148.77572016460903,0.007302438349062022,1.0,1.0,1.0,10,8,2.0782153491637647,1,10,balanced,1,2,8,10,True,requested_slotframe_below_minimum (8 < 10),2.0782153491637647,False,False,False,True,0,424,44,1,0,delay
1784690080038.281,0.1,0.8,0.1,796.7331240188383,870.7777777777778,0.15934662480376766,132.4897119341564,187.73662551440327,0.008171428414553462,1.0,1.0,1.0,10,8,2.0775281947879805,1,10,balanced,1,2,8,10,True,requested_slotframe_below_minimum (8 < 10),2.0775281947879805,False,False,False,True,0,425,44,1,0,delay
1784690083571.1301,0.1,0.8,0.1,796.7817896389327,872.2222222222222,0.15935635792778652,68.04526748971193,84.77366255144032,0.0038722660099874536,1.0,1.0,1.0,10,8,2.0809665513992313,1,10,balanced,1,2,8,10,True,requested_slotframe_below_minimum (8 < 10),2.0809665513992313,False,False,False,True,0,426,44,1,0,delay
1784690087098.167,0.1,0.8,0.1,799.2150706436421,873.6666666666666,0.15984301412872842,70.72016460905348,83.82716049382715,0.004050711448235723,1.0,1.0,1.0,10,8,2.0807751294285386,1,10,balanced,1,2,8,10,True,requested_slotframe_below_minimum (8 < 10),2.0807751294285386,False,False,False,True,0,427,44,1,0,delay
1784690090620.1921,0.1,0.8,0.1,798.6766091051805,873.8888888888889,0.1597353218210361,70.98369737258626,84.5679012345679,0.004068292019518764,1.0,1.0,1.0,10,8,2.0807718342022814,1,10,balanced,1,2,8,10,True,requested_slotframe_below_minimum (8 < 10),2.0807718342022814,False,False,False,True,0,428,44,1,0,delay
1784690094147.4,0.1,0.8,0.1,798.2841444270017,872.8888888888889,0.15965682888540034,145.80880025324467,181.20607787274454,0.009059959990209785,0.9940694226408514,0.9958847736625513,0.9940694226408514,10,8,2.0761932913833774,1,10,balanced,1,2,8,10,True,requested_slotframe_below_minimum (8 < 10),2.0761932913833774,False,False,False,True,0,429,44,1,0,delay
1784690097677.8171,0.1,0.8,0.1,797.3453689167976,872.6666666666666,0.15946907378335953,140.4732510288066,177.28395061728395,0.008704019414863682,1.0,1.0,1.0,10,8,2.077089877089773,1,10,balanced,1,2,8,10,True,requested_slotframe_below_minimum (8 < 10),2.077089877089773,False,False,False,True,0,430,44,1,0,delay
1784690101212.7349,0.1,0.8,0.1,797.0675039246469,872.0,0.15941350078492939,134.93827160493825,171.93732193732194,0.00833477462341149,1.0,1.0,1.0,10,8,2.077390830222778,1,10,balanced,1,2,8,10,True,requested_slotframe_below_minimum (8 < 10),2.077390830222778,False,False,False,True,0,431,44,1,0,delay
1784690107679.077,0.1,0.8,0.1,797.973312401884,873.0,0.1595946624803768,139.7736625514403,172.71604938271605,0.008657349069475672,1.0,1.0,1.0,10,8,2.077114654496382,1,10,balanced,1,2,8,10,True,requested_slotframe_below_minimum (8 < 10),2.077114654496382,False,False,False,True,0,432,44,1,0,delay
1784690111309.552,0.1,0.8,0.1,797.74568288854,872.7777777777778,0.159549136577708,125.60185185185185,159.3503821281599,0.007711931411064166,1.0,1.0,1.0,10,8,2.077875541213378,1,10,balanced,1,2,8,10,True,requested_slotframe_below_minimum (8 < 10),2.077875541213378,False,False,False,True,0,433,44,1,0,delay
1784690114941.9438,0.1,0.8,0.1,797.447409733124,872.2222222222222,0.1594894819466248,112.1494708994709,145.5202821869489,0.0068145077317859175,1.0,1.0,1.0,10,8,2.0785994456199086,1,10,balanced,1,2,8,10,True,requested_slotframe_below_minimum (8 < 10),2.0785994456199086,False,False,False,True,0,434,44,1,0,delay
1784690118466.2112,0.1,0.8,0.1,795.8649921507065,871.3333333333334,0.1591729984301413,492.47071858182966,590.6837606837607,0.0321861720201354,1.0,1.0,1.0,10,8,2.0583337625408777,1,10,balanced,1,2,8,10,True,requested_slotframe_below_minimum (8 < 10),2.0583337625408777,False,False,False,True,0,435,44,1,0,delay
1784690122088.862,0.1,0.8,0.1,796.5463108320251,871.2222222222222,0.15930926216640504,124.30629041740151,156.46972369194592,0.0076255030298466656,1.0,1.0,1.0,10,8,2.077968671359482,1,10,balanced,1,2,8,10,True,requested_slotframe_below_minimum (8 < 10),2.077968671359482,False,False,False,True,0,436,44,1,0,delay
1784690125724.227,0.1,0.8,0.1,799.5620094191523,874.2222222222222,0.15991240188383046,97.59920634920634,121.54761904761907,0.005843842985270603,1.0,1.0,1.0,10,8,2.0793336854234004,1,10,balanced,1,2,8,10,True,requested_slotframe_below_minimum (8 < 10),2.0793336854234004,False,False,False,True,0,437,44,1,0,delay
1784690129252.405,0.1,0.8,0.1,795.4175824175825,870.4444444444445,0.15908351648351648,128.16239316239316,155.37828426717314,0.00788274804285478,0.9940694226408514,0.9958847736625513,0.9940694226408514,10,8,2.0771923921814497,1,10,balanced,1,2,8,10,True,requested_slotframe_below_minimum (8 < 10),2.0771923921814497,False,False,False,True,0,438,44,1,0,delay
1784690132789.9512,0.1,0.8,0.1,797.4803767660912,872.2222222222222,0.15949607535321825,161.27572016460903,218.97119341563786,0.0100917758615483,1.0,1.0,1.0,10,8,2.0759769717754395,1,10,balanced,1,2,8,10,True,requested_slotframe_below_minimum (8 < 10),2.0759769717754395,False,False,False,True,0,439,44,1,0,delay
1784690136327.072,0.1,0.8,0.1,796.2150706436422,870.5555555555555,0.15924301412872843,210.07439062994615,250.9718265273821,0.013347190835887002,1.0,1.0,1.0,10,8,2.0733979459184178,1,10,balanced,1,2,8,10,True,requested_slotframe_below_minimum (8 < 10),2.0733979459184178,False,False,False,True,0,440,44,1,0,delay
1784690142810.569,0.1,0.8,0.1,796.6012558869702,871.2222222222222,0.15932025117739404,142.6278659611993,180.47619047619045,0.008847756234903222,1.0,1.0,1.0,10,8,2.076989769894338,1,10,balanced,1,2,8,10,True,requested_slotframe_below_minimum (8 < 10),2.076989769894338,False,False,False,True,0,441,44,1,0,delay
1784690146346.7952,0.1,0.8,0.1,797.6734693877551,872.8888888888889,0.159534693877551,170.3336272780717,210.77013521457968,0.010696039177990106,1.0,1.0,1.0,10,8,2.075489699269853,1,10,balanced,1,2,8,10,True,requested_slotframe_below_minimum (8 < 10),2.075489699269853,False,False,False,True,0,442,44,1,0,delay
1784690149876.534,0.1,0.8,0.1,797.1083202511775,872.4444444444445,0.1594216640502355,128.10281282503502,174.8076923076923,0.007878773370582723,1.0,1.0,1.0,10,8,2.07775481489851,1,10,balanced,1,2,8,10,True,requested_slotframe_below_minimum (8 < 10),2.07775481489851,False,False,False,True,0,443,44,1,0,delay
1784690153407.874,0.1,0.8,0.1,797.0973312401884,872.0,0.15941946624803768,145.35821688599466,181.29256545923212,0.009029901059772825,0.9940694226408514,0.9958847736625513,0.9940694226408514,10,8,2.0762410747914632,1,10,balanced,1,2,8,10,True,requested_slotframe_below_minimum (8 < 10),2.0762410747914632,False,False,False,True,0,444,44,1,0,delay
1784690156942.2332,0.1,0.8,0.1,800.0879120879122,875.0,0.16001758241758243,87.2310405643739,115.870076425632,0.005152170818170374,1.0,1.0,1.0,10,8,2.0798765051037056,1,10,balanced,1,2,8,10,True,requested_slotframe_below_minimum (8 < 10),2.0798765051037056,False,False,False,True,0,445,44,1,0,delay
1784690160473.688,0.1,0.8,0.1,798.3265306122449,873.0,0.15966530612244897,89.0079365079365,116.79159318048207,0.005270709573578152,1.0,1.0,1.0,10,8,2.0798169017288926,1,10,balanced,1,2,8,10,True,requested_slotframe_below_minimum (8 < 10),2.0798169017288926,False,False,False,True,0,446,44,1,0,delay
1784690164002.7249,0.1,0.8,0.1,799.5824175824177,875.0,0.15991648351648355,69.36360964138743,85.8127572016461,0.003960214118838387,1.0,1.0,1.0,10,8,2.080840180353281,1,10,balanced,1,2,8,10,True,requested_slotframe_below_minimum (8 < 10),2.080840180353281,False,False,False,True,0,447,44,1,0,delay
1784690167526.257,0.1,0.8,0.1,799.0894819466248,874.0,0.15981789638932495,67.37286890064668,84.42533803644913,0.0038274095330651553,1.0,1.0,1.0,10,8,2.0809562827346153,1,10,balanced,1,2,8,10,True,requested_slotframe_below_minimum (8 < 10),2.0809562827346153,False,False,False,True,0,448,44,1,0,delay
1784690171059.091,0.1,0.8,0.1,797.9811616954474,872.8888888888889,0.15959623233908948,90.5217519106408,117.34861845972958,0.005371697925993383,1.0,1.0,1.0,10,8,2.0797430184252965,1,10,balanced,1,2,8,10,True,requested_slotframe_below_minimum (8 < 10),2.0797430184252965,False,False,False,True,0,449,44,1,0,delay
1784690177544.103,0.1,0.8,0.1,799.2747252747253,874.3333333333334,0.15985494505494505,109.18503821281598,148.81393298059965,0.006616747045551433,1.0,1.0,1.0,10,8,2.0787211078580645,1,10,balanced,1,2,8,10,True,requested_slotframe_below_minimum (8 < 10),2.0787211078580645,False,False,False,True,0,450,44,1,0,delay
1784690181078.1099,0.1,0.8,0.1,798.8885400313972,873.4444444444445,0.15977770800627944,99.21183240627686,131.78842762176095,0.005951423109157895,0.9896505610791327,0.9917695473251028,0.9896505610791327,10,8,2.078226146819959,1,10,balanced,1,2,8,10,True,requested_slotframe_below_minimum (8 < 10),2.078226146819959,False,False,False,True,0,451,44,1,0,delay
1784690184602.245,0.1,0.8,0.1,800.5604395604396,875.4444444444445,0.16011208791208792,82.41373852484963,109.985754985755,0.0048308031037257925,1.0,1.0,1.0,10,8,2.0801241487258104,1,10,balanced,1,2,8,10,True,requested_slotframe_below_minimum (8 < 10),2.0801241487258104,False,False,False,True,0,452,44,1,0,delay
1784690188127.7349,0.1,0.8,0.1,796.8916797488226,872.0,0.15937833594976453,80.13447971781304,108.2495590828924,0.004678751148619949,1.0,1.0,1.0,10,8,2.0803191654861277,1,10,balanced,1,2,8,10,True,requested_slotframe_below_minimum (8 < 10),2.0803191654861277,False,False,False,True,0,453,44,1,0,delay
1784690191662.731,0.1,0.8,0.1,795.9591836734695,871.1111111111111,0.1591918367346939,85.95238095238096,123.94767783656673,0.0050668699768099375,1.0,1.0,1.0,10,8,2.0800273203450828,1,10,balanced,1,2,8,10,True,requested_slotframe_below_minimum (8 < 10),2.0800273203450828,False,False,False,True,0,454,44,1,0,delay
1784690195189.454,0.1,0.8,0.1,797.6232339089482,872.7777777777778,0.15952464678178965,117.12505087505087,169.4147108035997,0.007146434347901993,0.9940694226408514,0.9958847736625513,0.9940694226408514,10,8,2.0777373301075848,1,10,balanced,1,2,8,10,True,requested_slotframe_below_minimum (8 < 10),2.0777373301075848,False,False,False,True,0,455,44,1,0,delay
1784690198723.1382,0.1,0.8,0.1,798.9638932496076,873.6666666666666,0.15979277864992153,114.75602586713697,169.48118753674305,0.0069883939871338875,1.0,1.0,1.0,10,8,2.078430006945301,1,10,balanced,1,2,8,10,True,requested_slotframe_below_minimum (8 < 10),2.078430006945301,False,False,False,True,0,456,44,1,0,delay
1784690202247.3582,0.1,0.8,0.1,798.734693877551,874.2222222222222,0.1597469387755102,134.73177542621985,206.96942974720753,0.008320999027766502,1.0,1.0,1.0,10,8,2.077368506900236,1,10,balanced,1,2,8,10,True,requested_slotframe_below_minimum (8 < 10),2.077368506900236,False,False,False,True,0,457,44,1,0,delay
1784690205778.429,0.1,0.8,0.1,798.6420722135009,873.8888888888889,0.1597284144427002,90.04409171075837,122.3206937095826,0.005339832669163333,1.0,1.0,1.0,10,8,2.0797552924203995,1,10,balanced,1,2,8,10,True,requested_slotframe_below_minimum (8 < 10),2.0797552924203995,False,False,False,True,0,458,44,1,0,delay
1784690212270.627,0.1,0.8,0.1,797.447409733124,872.0,0.1594894819466248,94.29159318048207,133.33480305702528,0.005623188337590531,1.0,1.0,1.0,10,8,2.079552501135265,1,10,balanced,1,2,8,10,True,requested_slotframe_below_minimum (8 < 10),2.079552501135265,False,False,False,True,0,459,44,1,0,delay
1784690215794.899,0.1,0.8,0.1,798.2197802197802,873.1111111111111,0.15964395604395604,95.44385655496765,139.810405643739,0.0057000571417590165,1.0,1.0,1.0,10,8,2.0794755586821974,1,10,balanced,1,2,8,10,True,requested_slotframe_below_minimum (8 < 10),2.0794755586821974,False,False,False,True,0,460,44,1,0,delay
1784690219329.849,0.1,0.8,0.1,798.4317111459969,873.3333333333334,0.1596863422291994,106.53365667254555,155.25426219870664,0.0064398703584086425,1.0,1.0,1.0,10,8,2.078879469490353,1,10,balanced,1,2,8,10,True,requested_slotframe_below_minimum (8 < 10),2.078879469490353,False,False,False,True,0,461,44,1,0,delay
1784690222851.847,0.1,0.8,0.1,798.2448979591837,872.8888888888889,0.15964897959183674,90.64888300999414,128.11875367430923,0.005380178986657381,1.0,1.0,1.0,10,8,2.0797309588514903,1,10,balanced,1,2,8,10,True,requested_slotframe_below_minimum (8 < 10),2.0797309588514903,False,False,False,True,0,462,44,1,0,delay
1784690226386.3088,0.1,0.8,0.1,798.0800627943487,873.2222222222222,0.15961601255886973,105.35493827160492,160.1205173427396,0.006361236709246492,1.0,1.0,1.0,10,8,2.078949409376716,1,10,balanced,1,2,8,10,True,requested_slotframe_below_minimum (8 < 10),2.078949409376716,False,False,False,True,0,463,44,1,0,delay
1784690229914.743,0.1,0.8,0.1,796.9607535321821,872.2222222222222,0.15939215070643642,113.4891240446796,152.38095238095238,0.006903877521326191,1.0,1.0,1.0,10,8,2.0785376829122955,1,10,balanced,1,2,8,10,True,requested_slotframe_below_minimum (8 < 10),2.0785376829122955,False,False,False,True,0,464,44,1,0,delay
1784690233437.896,0.1,0.8,0.1,798.8226059654633,874.0,0.15976452119309265,134.08730158730157,184.7707231040564,0.008278005442781958,1.0,1.0,1.0,10,8,2.077401143526465,1,10,balanced,1,2,8,10,True,requested_slotframe_below_minimum (8 < 10),2.077401143526465,False,False,False,True,0,465,44,1,0,delay
1784690236970.0178,0.1,0.8,0.1,796.1648351648353,871.3333333333334,0.15923296703296705,138.52377560710894,189.81538009315787,0.008573967685597662,1.0,1.0,1.0,10,8,2.0772175291482253,1,10,balanced,1,2,8,10,True,requested_slotframe_below_minimum (8 < 10),2.0772175291482253,False,False,False,True,0,466,44,1,0,delay
1784690240498.492,0.1,0.8,0.1,796.0910518053375,870.8888888888889,0.1592182103610675,155.52740469407135,207.4010762899652,0.009708299179057462,0.9940694226408514,0.9958847736625513,0.9940694226408514,10,8,2.0757184818847323,1,10,balanced,1,2,8,10,True,requested_slotframe_below_minimum (8 < 10),2.0757184818847323,False,False,False,True,0,467,44,1,0,delay
1784690246964.186,0.1,0.8,0.1,795.6138147566719,871.0,0.15912276295133437,144.51012978790754,189.86094152760816,0.008973324201995167,1.0,1.0,1.0,10,8,2.0769090643432704,1,10,balanced,1,2,8,10,True,requested_slotframe_below_minimum (8 < 10),2.0769090643432704,False,False,False,True,0,468,44,1,0,delay
1784690250491.572,0.1,0.8,0.1,798.9372056514915,874.1111111111111,0.1597874411302983,116.65417401528514,157.1031746031746,0.007115021615429295,1.0,1.0,1.0,10,8,2.078329238594627,1,10,balanced,1,2,8,10,True,requested_slotframe_below_minimum (8 < 10),2.078329238594627,False,False,False,True,0,469,44,1,0,delay
1784690254021.631,0.1,0.8,0.1,798.5117739403454,873.1111111111111,0.15970235478806907,123.28997648442092,173.87419165196945,0.007557703568006733,1.0,1.0,1.0,10,8,2.0779836016667876,1,10,balanced,1,2,8,10,True,requested_slotframe_below_minimum (8 < 10),2.0779836016667876,False,False,False,True,0,470,44,1,0,delay
1784690257545.748,0.1,0.8,0.1,797.7409733124019,872.4444444444445,0.15954819466248038,130.45120517342738,181.58289241622575,0.008035437303097224,1.0,1.0,1.0,10,8,2.0776168306912743,1,10,balanced,1,2,8,10,True,requested_slotframe_below_minimum (8 < 10),2.0776168306912743,False,False,False,True,0,471,44,1,0,delay
1784690261072.678,0.1,0.8,0.1,797.6640502354788,872.0,0.15953281004709577,91.19341563786007,111.56378600823045,0.005416505379443634,1.0,1.0,1.0,10,8,2.0797135146917354,1,10,balanced,1,2,8,10,True,requested_slotframe_below_minimum (8 < 10),2.0797135146917354,False,False,False,True,0,472,44,1,0,delay
1784690264606.8672,0.1,0.8,0.1,798.2919937205651,872.7777777777778,0.15965839874411303,73.70002939447383,89.76484420928864,0.004249501627383178,1.0,1.0,1.0,10,8,2.0806345588236823,1,10,balanced,1,2,8,10,True,requested_slotframe_below_minimum (8 < 10),2.0806345588236823,False,False,False,True,0,473,44,1,0,delay
1784690268142.0579,0.1,0.8,0.1,795.9089481946625,870.4444444444445,0.15918178963893248,93.07392710170485,111.08759553203998,0.0055419564444099305,1.0,1.0,1.0,10,8,2.0796482558805787,1,10,balanced,1,2,8,10,True,requested_slotframe_below_minimum (8 < 10),2.0796482558805787,False,False,False,True,0,474,44,1,0,delay
1784690271677.24,0.1,0.8,0.1,798.3532182103611,873.1111111111111,0.15967064364207223,148.44135802469134,190.38065843621402,0.00923558092226093,0.9960192868356136,0.9960317460317462,0.9960192868356136,10,8,2.0762463995815454,1,10,balanced,1,2,8,10,True,requested_slotframe_below_minimum (8 < 10),2.0762463995815454,False,False,False,True,0,475,44,1,0,delay
1784690275210.9739,0.1,0.8,0.1,796.1365777080063,870.1111111111111,0.15922731554160124,133.23780129335682,173.60964138741915,0.00822133430909652,0.9942812289751067,0.9960317460317462,0.9942812289751067,10,8,2.076928323896073,1,10,balanced,1,2,8,10,True,requested_slotframe_below_minimum (8 < 10),2.076928323896073,False,False,False,True,0,476,44,1,0,delay
1784690281692.2678,0.1,0.8,0.1,798.8885400313972,873.7777777777778,0.15977770800627944,138.56068828291052,168.59550942884277,0.008576430172308908,0.9900887094764647,0.9919165196942975,0.9900887094764647,10,8,2.0761699560091715,1,10,balanced,1,2,8,10,True,requested_slotframe_below_minimum (8 < 10),2.0761699560091715,False,False,False,True,0,477,44,1,0,delay
1784690285227.526,0.1,0.8,0.1,797.9419152276295,873.0,0.1595883830455259,69.78542034097589,84.99412110523221,0.003988353591792921,1.0,1.0,1.0,10,8,2.080850478822013,1,10,balanced,1,2,8,10,True,requested_slotframe_below_minimum (8 < 10),2.080850478822013,False,False,False,True,0,478,44,1,0,delay
1784690288756.708,0.1,0.8,0.1,798.9984301412875,873.2222222222222,0.1597996860282575,61.631845520734416,77.0275403608737,0.0034444193142584667,1.0,1.0,1.0,10,8,2.0812644959457676,1,10,balanced,1,2,8,10,True,requested_slotframe_below_minimum (8 < 10),2.0812644959457676,False,False,False,True,0,479,44,1,0,delay
1784690292289.1892,0.1,0.8,0.1,797.2025117739404,872.0,0.15944050235478807,76.9753086419753,101.76954732510288,0.004467999242293215,1.0,1.0,1.0,10,8,2.0804815503706866,1,10,balanced,1,2,8,10,True,requested_slotframe_below_minimum (8 < 10),2.0804815503706866,False,False,False,True,0,480,44,1,0,delay
1784690295814.506,0.1,0.8,0.1,798.6499215070645,872.8888888888889,0.15972998430141291,82.96002351557907,112.42210464432686,0.004867246398637696,1.0,1.0,1.0,10,8,2.0801332044509486,1,10,balanced,1,2,8,10,True,requested_slotframe_below_minimum (8 < 10),2.0801332044509486,False,False,False,True,0,481,44,1,0,delay
1784690299645.8809,0.1,0.8,0.1,711.817896389325,813.8888888888889,0.142363579277865,3682.9942322745437,3482.575083426029,0.24502963524179744,0.8308367515740789,0.8816009557945041,0.8308367515740789,10,8,1.8728236090361834,1,10,balanced,1,2,8,10,True,requested_slotframe_below_minimum (8 < 10),1.8728236090361834,False,False,False,True,0,482,44,1,0,delay
1784690303177.3838,0.1,0.8,0.1,798.287284144427,874.0,0.15965745682888538,109.86699000587889,138.49353321575546,0.0066622408276103325,1.0,1.0,1.0,10,8,2.078704461655023,1,10,balanced,1,2,8,10,True,requested_slotframe_below_minimum (8 < 10),2.078704461655023,False,False,False,True,0,483,44,1,0,delay
1784690306715.157,0.1,0.8,0.1,798.6012558869703,874.0,0.15972025117739405,114.29453262786595,153.26572604350383,0.006957607246688856,0.9940694226408514,0.9958847736625513,0.9940694226408514,10,8,2.0778688313489946,1,10,balanced,1,2,8,10,True,requested_slotframe_below_minimum (8 < 10),2.0778688313489946,False,False,False,True,0,484,44,1,0,delay
1784690310245.258,0.1,0.8,0.1,797.6389324960754,872.6666666666666,0.1595277864992151,103.95061728395062,140.8641975308642,0.006267552854166152,1.0,1.0,1.0,10,8,2.079033179066746,1,10,balanced,1,2,8,10,True,requested_slotframe_below_minimum (8 < 10),2.079033179066746,False,False,False,True,0,485,44,1,0,delay
1784690313779.5488,0.1,0.8,0.1,798.2841444270017,873.1111111111111,0.15965682888540034,102.35743680188125,137.6219870664315,0.00616126996676993,1.0,1.0,1.0,10,8,2.079105301138044,1,10,balanced,1,2,8,10,True,requested_slotframe_below_minimum (8 < 10),2.079105301138044,False,False,False,True,0,486,44,1,0,delay
1784690320270.8262,0.1,0.8,0.1,797.8383045525903,872.7777777777778,0.15956766091051808,115.44165196942974,155.9406231628454,0.007034132886553018,0.9942812289751067,0.9960317460317462,0.9942812289751067,10,8,2.0778440504972164,1,10,balanced,1,2,8,10,True,requested_slotframe_below_minimum (8 < 10),2.0778440504972164,False,False,False,True,0,487,44,1,0,delay
1784690323806.926,0.1,0.8,0.1,796.7739403453689,871.1111111111111,0.1593547880690738,132.22442680776012,187.99088771310994,0.008153730941144771,1.0,1.0,1.0,10,8,2.077541536440177,1,10,balanced,1,2,8,10,True,requested_slotframe_below_minimum (8 < 10),2.077541536440177,False,False,False,True,0,488,44,1,0,delay
1784690327330.687,0.1,0.8,0.1,798.6295133437991,873.8888888888889,0.15972590266875983,144.3827160493827,210.37037037037035,0.008964824286149614,1.0,1.0,1.0,10,8,2.076855550304204,1,10,balanced,1,2,8,10,True,requested_slotframe_below_minimum (8 < 10),2.076855550304204,False,False,False,True,0,489,44,1,0,delay
1784690330861.355,0.1,0.8,0.1,796.348508634223,871.0,0.1592697017268446,188.41563786008228,257.037037037037,0.011902310731159592,1.0,1.0,1.0,10,8,2.074551181242388,1,10,balanced,1,2,8,10,True,requested_slotframe_below_minimum (8 < 10),2.074551181242388,False,False,False,True,0,490,44,1,0,delay
1784690334394.429,0.1,0.8,0.1,796.3485086342229,871.3333333333334,0.15926970172684457,175.10802469135803,216.24926513815404,0.011014544675874451,1.0,1.0,1.0,10,8,2.075261394086616,1,10,balanced,1,2,8,10,True,requested_slotframe_below_minimum (8 < 10),2.075261394086616,False,False,False,True,0,491,44,1,0,delay
1784690337925.176,0.1,0.8,0.1,797.1224489795919,871.2222222222222,0.1594244897959184,121.07142857142857,154.9353321575544,0.007409701705899171,1.0,1.0,1.0,10,8,2.078129789655689,1,10,balanced,1,2,8,10,True,requested_slotframe_below_minimum (8 < 10),2.078129789655689,False,False,False,True,0,492,44,1,0,delay
1784690341457.677,0.1,0.8,0.1,798.5934065934067,873.8888888888889,0.15971868131868133,128.71161760050651,189.06932573599238,0.007919387431654872,1.0,1.0,1.0,10,8,2.077692621922808,1,10,balanced,1,2,8,10,True,requested_slotframe_below_minimum (8 < 10),2.077692621922808,False,False,False,True,0,493,44,1,0,delay
1784690344990.7,0.1,0.8,0.1,796.3610675039248,871.4444444444445,0.15927221350078496,111.09782707004929,145.98460181793516,0.006744351372251454,0.9940694226408514,0.9958847736625513,0.9940694226408514,10,8,2.0780842398162056,1,10,balanced,1,2,8,10,True,requested_slotframe_below_minimum (8 < 10),2.0780842398162056,False,False,False,True,0,494,44,1,0,delay
1784690348527.524,0.1,0.8,0.1,798.3139717425433,873.3333333333334,0.15966279434850866,157.34567901234567,196.33744855967078,0.009829598333045074,1.0,1.0,1.0,10,8,2.0761700418987132,1,10,balanced,1,2,8,10,True,requested_slotframe_below_minimum (8 < 10),2.0761700418987132,False,False,False,True,0,495,44,1,0,delay
1784690355018.89,0.1,0.8,0.1,795.7409733124019,871.1111111111111,0.1591481946624804,130.56878306878306,191.79012345679013,0.00804328105862462,1.0,1.0,1.0,10,8,2.0776505556868523,1,10,balanced,1,2,8,10,True,requested_slotframe_below_minimum (8 < 10),2.0776505556868523,False,False,False,True,0,496,44,1,0,delay
1784690358547.3472,0.1,0.8,0.1,797.5007849293564,872.8888888888889,0.15950015698587128,126.49600913489802,166.3062451951341,0.007771581663435491,1.0,1.0,1.0,10,8,2.0778327189706647,1,10,balanced,1,2,8,10,True,requested_slotframe_below_minimum (8 < 10),2.0778327189706647,False,False,False,True,0,497,44,1,0,delay
1784690362182.8452,0.1,0.8,0.1,799.3987441130299,874.0,0.15987974882260597,286.9326866549088,334.1431510875955,0.018474495440621002,0.9942812289751067,0.9960317460317462,0.9942812289751067,10,8,2.068660551662753,1,10,balanced,1,2,8,10,True,requested_slotframe_below_minimum (8 < 10),2.068660551662753,False,False,False,True,0,498,44,1,0,delay
1784690365709.9832,0.1,0.8,0.1,799.7566718995291,874.8888888888889,0.15995133437990583,78.44282774838331,96.93268665490888,0.0045658991159695335,1.0,1.0,1.0,10,8,2.0803521472692337,1,10,balanced,1,2,8,10,True,requested_slotframe_below_minimum (8 < 10),2.0803521472692337,False,False,False,True,0,499,44,1,0,delay
1784690369247.324,0.1,0.8,0.1,796.1946624803768,871.5555555555555,0.15923893249607535,104.00720164609054,130.3894767783657,0.006271327661513711,1.0,1.0,1.0,10,8,2.0790590446211814,1,10,balanced,1,2,8,10,True,requested_slotframe_below_minimum (8 < 10),2.0790590446211814,False,False,False,True,0,500,44,1,0,delay
1784690372784.405,0.1,0.8,0.1,799.0141287284146,873.7777777777778,0.1598028257456829,117.48971193415636,169.95884773662553,0.007170761303145854,1.0,1.0,1.0,10,8,2.078283108382915,1,10,balanced,1,2,8,10,True,requested_slotframe_below_minimum (8 < 10),2.078283108382915,False,False,False,True,0,501,44,1,0,delay
1784690376316.418,0.1,0.8,0.1,800.9277864992151,875.7777777777778,0.16018555729984302,68.4538506760729,83.39212228101118,0.003899523060445157,1.0,1.0,1.0,10,8,2.0808618258216596,1,10,balanced,1,2,8,10,True,requested_slotframe_below_minimum (8 < 10),2.0808618258216596,False,False,False,True,0,502,44,1,0,delay
1784690379850.4119,0.1,0.8,0.1,798.558869701727,873.3333333333334,0.1597117739403454,68.93004115226337,81.97530864197532,0.003931290270331112,1.0,1.0,1.0,10,8,2.0808837903897004,1,10,balanced,1,2,8,10,True,requested_slotframe_below_minimum (8 < 10),2.0808837903897004,False,False,False,True,0,503,44,1,0,delay
1784690383387.76,0.1,0.8,0.1,799.7551020408164,874.1111111111111,0.15995102040816328,66.5843621399177,84.69135802469137,0.003774807347559553,1.0,1.0,1.0,10,8,2.080985052081136,1,10,balanced,1,2,8,10,True,requested_slotframe_below_minimum (8 < 10),2.080985052081136,False,False,False,True,0,504,44,1,0,delay
1784690389847.6318,0.1,0.8,0.1,798.7237048665622,874.0,0.15974474097331245,72.4948559670782,88.05849500293944,0.004169103133227364,1.0,1.0,1.0,10,8,2.080690243396087,1,10,balanced,1,2,8,10,True,requested_slotframe_below_minimum (8 < 10),2.080690243396087,False,False,False,True,0,505,44,1,0,delay
1784690393381.355,0.1,0.8,0.1,798.2323390894821,872.8888888888889,0.15964646781789643,63.18121693121693,79.9397413286302,0.003547779648513471,1.0,1.0,1.0,10,8,2.0811971294993996,1,10,balanced,1,2,8,10,True,requested_slotframe_below_minimum (8 < 10),2.0811971294993996,False,False,False,True,0,506,44,1,0,delay
1784690397012.775,0.1,0.8,0.1,797.232339089482,872.2222222222222,0.1594464678178964,1350.1695250258467,1696.2199798215124,0.08940423782694108,0.9684346265978921,0.9719282774838331,0.9684346265978921,10,8,2.009375425616447,1,10,balanced,1,2,8,10,True,requested_slotframe_below_minimum (8 < 10),2.009375425616447,False,False,False,True,0,507,44,1,0,delay
1784690400540.01,0.1,0.8,0.1,796.4097331240189,871.2222222222222,0.15928194662480377,163.9232804232804,210.43915343915347,0.010268397626636451,0.9828436869253198,0.988095238095238,0.9828436869253198,10,8,2.0741414559287423,1,10,balanced,1,2,8,10,True,requested_slotframe_below_minimum (8 < 10),2.0741414559287423,False,False,False,True,0,508,44,1,0,delay
1784690404063.77,0.1,0.8,0.1,796.7409733124018,872.1111111111111,0.15934819466248037,157.05518247184912,202.35698457920682,0.00981021897744157,1.0,1.0,1.0,10,8,2.0762170053517988,1,10,balanced,1,2,8,10,True,requested_slotframe_below_minimum (8 < 10),2.0762170053517988,False,False,False,True,0,509,44,1,0,delay
1784690407600.431,0.1,0.8,0.1,797.76295133438,873.3333333333334,0.159552590266876,119.47751322751321,147.76161081716637,0.007303369795030902,1.0,1.0,1.0,10,8,2.078202045137288,1,10,balanced,1,2,8,10,True,requested_slotframe_below_minimum (8 < 10),2.078202045137288,False,False,False,True,0,510,44,1,0,delay
1784690411135.061,0.1,0.8,0.1,799.839874411303,875.0,0.15996797488226058,105.35375118708453,136.4656536878759,0.006361157517483958,1.0,1.0,1.0,10,8,2.0789142764977866,1,10,balanced,1,2,8,10,True,requested_slotframe_below_minimum (8 < 10),2.0789142764977866,False,False,False,True,0,511,44,1,0,delay
1784690414674.469,0.1,0.8,0.1,798.7299843014129,874.3333333333334,0.15974599686028257,94.08215755437978,116.23309817754262,0.005609216648057356,1.0,1.0,1.0,10,8,2.0795380269955257,1,10,balanced,1,2,8,10,True,requested_slotframe_below_minimum (8 < 10),2.0795380269955257,False,False,False,True,0,512,44,1,0,delay
1784690418205.913,0.1,0.8,0.1,797.1711145996861,872.4444444444445,0.15943422291993722,97.55025324469769,121.79114095780763,0.005840577267825062,1.0,1.0,1.0,10,8,2.0793841158937463,1,10,balanced,1,2,8,10,True,requested_slotframe_below_minimum (8 < 10),2.0793841158937463,False,False,False,True,0,513,44,1,0,delay
1784690424664.345,0.1,0.8,0.1,798.116169544741,873.2222222222222,0.1596232339089482,155.84678695789805,190.57929724596391,0.009729605534216014,0.9958718530147103,0.9958847736625513,0.9958718530147103,10,8,2.0758411774832033,1,10,balanced,1,2,8,10,True,requested_slotframe_below_minimum (8 < 10),2.0758411774832033,False,False,False,True,0,514,44,1,0,delay
1784690428198.571,0.1,0.8,0.1,796.6310832025118,871.3333333333334,0.15932621664050237,116.44326866549089,142.4897119341564,0.007100951878952028,0.9960192868356136,0.9960317460317462,0.9960192868356136,10,8,2.0779885455163494,1,10,balanced,1,2,8,10,True,requested_slotframe_below_minimum (8 < 10),2.0779885455163494,False,False,False,True,0,515,44,1,0,delay
1784690431732.332,0.1,0.8,0.1,797.0706436420722,872.3333333333334,0.15941412872841446,3882.8395061728393,3907.6954732510285,0.2583615414391487,0.9942812289751067,0.9960317460317462,0.9942812289751067,10,8,1.8767974768733502,1,10,balanced,1,2,8,10,True,requested_slotframe_below_minimum (8 < 10),1.8767974768733502,False,False,False,True,0,516,44,1,0,delay
1784690435259.6309,0.1,0.8,0.1,797.9324960753534,872.0,0.15958649921507068,128.87419165196943,168.73750734861846,0.007930232932086018,1.0,1.0,1.0,10,8,2.0776971637328243,1,10,balanced,1,2,8,10,True,requested_slotframe_below_minimum (8 < 10),2.0776971637328243,False,False,False,True,0,517,44,1,0,delay
1784690438785.4841,0.1,0.8,0.1,798.8021978021978,874.3333333333334,0.15976043956043956,68.33333333333334,83.37448559670783,0.003891483211029576,1.0,1.0,1.0,10,8,2.0809107694751323,1,10,balanced,1,2,8,10,True,requested_slotframe_below_minimum (8 < 10),2.0809107694751323,False,False,False,True,0,518,44,1,0,delay
1784690442315.207,0.1,0.8,0.1,797.8649921507065,871.8888888888889,0.1595729984301413,69.63477366255144,84.03292181069959,0.003978303780023445,1.0,1.0,1.0,10,8,2.080860057132967,1,10,balanced,1,2,8,10,True,requested_slotframe_below_minimum (8 < 10),2.080860057132967,False,False,False,True,0,519,44,1,0,delay
1784690445842.9192,0.1,0.8,0.1,799.9230769230769,875.1111111111111,0.1599846153846154,69.58847736625515,85.34979423868313,0.003975215301284533,1.0,1.0,1.0,10,8,2.080821366220511,1,10,balanced,1,2,8,10,True,requested_slotframe_below_minimum (8 < 10),2.080821366220511,False,False,False,True,0,520,44,1,0,delay
1784690449378.408,0.1,0.8,0.1,799.5290423861853,874.7777777777778,0.15990580847723707,73.53615520282186,88.5949441504997,0.004238569393116868,1.0,1.0,1.0,10,8,2.080618563637783,1,10,balanced,1,2,8,10,True,requested_slotframe_below_minimum (8 < 10),2.080618563637783,False,False,False,True,0,521,44,1,0,delay
1784690452906.696,0.1,0.8,0.1,796.7095761381477,871.6666666666666,0.15934191522762953,79.71193415637859,103.6625514403292,0.004650562652193368,1.0,1.0,1.0,10,8,2.0803453583554825,1,10,balanced,1,2,8,10,True,requested_slotframe_below_minimum (8 < 10),2.0803453583554825,False,False,False,True,0,522,44,1,0,delay
1784690459391.0,0.1,0.8,0.1,800.9795918367348,875.8888888888889,0.16019591836734695,70.1440329218107,87.51028806584362,0.004012277046151481,1.0,1.0,1.0,10,8,2.080770586526344,1,10,balanced,1,2,8,10,True,requested_slotframe_below_minimum (8 < 10),2.080770586526344,False,False,False,True,0,523,44,1,0,delay
1784690462920.615,0.1,0.8,0.1,798.7472527472527,874.6666666666666,0.15974945054945053,104.93680188124631,129.57965902410348,0.006333342353652189,1.0,1.0,1.0,10,8,2.078958381062133,1,10,balanced,1,2,8,10,True,requested_slotframe_below_minimum (8 < 10),2.078958381062133,False,False,False,True,0,524,44,1,0,delay
1784690466442.823,0.1,0.8,0.1,798.646781789639,873.4444444444445,0.15972935635792782,102.56331117442228,132.57518201962645,0.006175004081015496,1.0,1.0,1.0,10,8,2.079087061099395,1,10,balanced,1,2,8,10,True,requested_slotframe_below_minimum (8 < 10),2.079087061099395,False,False,False,True,0,525,44,1,0,delay
1784690469978.1858,0.1,0.8,0.1,799.4160125588697,874.1111111111111,0.15988320251177396,180.47766019988242,257.0576131687243,0.011372759186116238,1.0,1.0,1.0,10,8,2.0749134723999294,1,10,balanced,1,2,8,10,True,requested_slotframe_below_minimum (8 < 10),2.0749134723999294,False,False,False,True,0,526,44,1,0,delay
1784690473507.139,0.1,0.8,0.1,798.2794348508635,873.6666666666666,0.1596558869701727,67.46325690770135,81.10523221634332,0.0038334394201268414,1.0,1.0,1.0,10,8,2.0809676597668814,1,10,balanced,1,2,8,10,True,requested_slotframe_below_minimum (8 < 10),2.0809676597668814,False,False,False,True,0,527,44,1,0,delay
1784690477542.269,0.1,0.8,0.1,621.0141287284144,640.8888888888889,0.1242028257456829,64.00705467372133,94.26807760141092,0.003602872226399021,0.8304552590266877,0.7777777777777778,0.8304552590266877,10,8,2.067742945546981,1,10,balanced,1,2,8,10,True,requested_slotframe_below_minimum (8 < 10),2.067742945546981,False,False,False,True,0,528,44,1,0,delay
1784690481083.921,0.1,0.8,0.1,798.5211930926217,873.0,0.15970423861852434,118.26465201465201,151.07843802288247,0.007222458439936759,0.9958718530147103,0.9958847736625513,0.9958718530147103,10,8,2.0778387946876693,1,10,balanced,1,2,8,10,True,requested_slotframe_below_minimum (8 < 10),2.0778387946876693,False,False,False,True,0,529,44,1,0,delay
1784690484622.091,0.1,0.8,0.1,798.2119309262167,873.2222222222222,0.15964238618524335,109.51719576719576,134.58994708994706,0.006638905654916328,1.0,1.0,1.0,10,8,2.0787246368575425,1,10,balanced,1,2,8,10,True,requested_slotframe_below_minimum (8 < 10),2.0787246368575425,False,False,False,True,0,530,44,1,0,delay
1784690488154.268,0.1,0.8,0.1,799.8649921507065,875.2222222222222,0.1599729984301413,116.06995884773661,151.20664315108763,0.007076047955152542,1.0,1.0,1.0,10,8,2.0783418617928637,1,10,balanced,1,2,8,10,True,requested_slotframe_below_minimum (8 < 10),2.0783418617928637,False,False,False,True,0,531,44,1,0,delay
1784690494884.396,0.1,0.8,0.1,682.6200941915228,757.8888888888889,0.13652401883830456,67.6698595146871,92.67305236270754,0.0038472221157229555,0.8832025117739405,0.8851851851851852,0.8832025117739405,10,8,2.071590071600985,1,10,balanced,1,2,8,10,True,requested_slotframe_below_minimum (8 < 10),2.071590071600985,False,False,False,True,0,532,44,1,0,delay
1784690498618.181,0.1,0.8,0.1,798.2511773940345,872.8888888888889,0.15965023547880688,104.67445620223397,131.7034097589653,0.0063158409741316856,1.0,1.0,1.0,10,8,2.078982303672814,1,10,balanced,1,2,8,10,True,requested_slotframe_below_minimum (8 < 10),2.078982303672814,False,False,False,True,0,533,44,1,0,delay
1784690502155.903,0.1,0.8,0.1,797.2967032967034,872.3333333333334,0.15945934065934067,124.42386831275718,158.14814814814815,0.007633346785374061,1.0,1.0,1.0,10,8,2.0779473885057667,1,10,balanced,1,2,8,10,True,requested_slotframe_below_minimum (8 < 10),2.0779473885057667,False,False,False,True,0,534,44,1,0,delay
1784690505693.014,0.1,0.8,0.1,795.984301412873,870.7777777777778,0.1591968602825746,142.3780129335685,175.56437389770724,0.008831088254407505,1.0,1.0,1.0,10,8,2.0770154433682166,1,10,balanced,1,2,8,10,True,requested_slotframe_below_minimum (8 < 10),2.0770154433682166,False,False,False,True,0,535,44,1,0,delay
1784690509225.6428,0.1,0.8,0.1,798.8885400313973,874.0,0.15977770800627947,131.50205761316872,185.3497942386831,0.00810554086812333,1.0,1.0,1.0,10,8,2.0775377965048736,1,10,balanced,1,2,8,10,True,requested_slotframe_below_minimum (8 < 10),2.0775377965048736,False,False,False,True,0,536,44,1,0,delay
1784690512761.331,0.1,0.8,0.1,798.9623233908948,874.0,0.15979246467817895,84.21296296296295,103.53174603174602,0.004950831418476514,1.0,1.0,1.0,10,8,2.080060088397401,1,10,balanced,1,2,8,10,True,requested_slotframe_below_minimum (8 < 10),2.080060088397401,False,False,False,True,0,537,44,1,0,delay
1784690516296.644,0.1,0.8,0.1,800.3076923076924,875.7777777777778,0.16006153846153848,63.92766698322254,79.16745805634693,0.0035975761830035046,1.0,1.0,1.0,10,8,2.0811157852074436,1,10,balanced,1,2,8,10,True,requested_slotframe_below_minimum (8 < 10),2.0811157852074436,False,False,False,True,0,538,44,1,0,delay
1784690519825.1191,0.1,0.8,0.1,798.5478806907378,873.2222222222222,0.15970957613814754,71.23897707231039,85.09406231628454,0.004085322019500359,1.0,1.0,1.0,10,8,2.080760784770585,1,10,balanced,1,2,8,10,True,requested_slotframe_below_minimum (8 < 10),2.080760784770585,False,False,False,True,0,539,44,1,0,delay
1784690523354.9868,0.1,0.8,0.1,800.2700156985873,875.2222222222222,0.16005400313971746,67.90637860082305,83.99617871840093,0.003863000573770717,1.0,1.0,1.0,10,8,2.0809041992270116,1,10,balanced,1,2,8,10,True,requested_slotframe_below_minimum (8 < 10),2.0809041992270116,False,False,False,True,0,540,44,1,0,delay
1784690529257.356,0.1,0.8,0.1,797.5086342229199,873.3333333333334,0.15950172684458397,80.75323339212227,105.65402704291594,0.004720028912082873,1.0,1.0,1.0,10,8,2.0802738041858753,1,10,balanced,1,2,8,10,True,requested_slotframe_below_minimum (8 < 10),2.0802738041858753,False,False,False,True,0,541,44,1,0,delay
1784690532795.094,0.1,0.8,0.1,799.5572998430143,874.2222222222222,0.15991145996860287,81.766607877719,106.45796590241035,0.004787632280034623,1.0,1.0,1.0,10,8,2.080178748179112,1,10,balanced,1,2,8,10,True,requested_slotframe_below_minimum (8 < 10),2.080178748179112,False,False,False,True,0,542,44,1,0,delay
1784690536320.903,0.1,0.8,0.1,799.8163265306123,873.8888888888889,0.15996326530612245,77.88065843621399,103.08348030570251,0.004528396159854169,1.0,1.0,1.0,10,8,2.0803809565415046,1,10,balanced,1,2,8,10,True,requested_slotframe_below_minimum (8 < 10),2.0803809565415046,False,False,False,True,0,543,44,1,0,delay
1784690539859.473,0.1,0.8,0.1,796.1758241758241,871.8888888888889,0.1592351648351648,136.33230452674897,189.90446796002348,0.008427772149883187,0.9960192868356136,0.9960317460317462,0.9960192868356136,10,8,2.0769361944801386,1,10,balanced,1,2,8,10,True,requested_slotframe_below_minimum (8 < 10),2.0769361944801386,False,False,False,True,0,544,44,1,0,delay
1784690543395.407,0.1,0.8,0.1,796.7425431711146,871.3333333333334,0.15934850863422292,134.10787771898882,194.62228101116992,0.008279378099999254,1.0,1.0,1.0,10,8,2.0774416466565784,1,10,balanced,1,2,8,10,True,requested_slotframe_below_minimum (8 < 10),2.0774416466565784,False,False,False,True,0,545,44,1,0,delay
1784690546930.454,0.1,0.8,0.1,797.4850863422292,873.1111111111111,0.15949701726844584,152.87523176412066,216.6469949803283,0.009531369697406315,0.9940694226408514,0.9958847736625513,0.9940694226408514,10,8,2.0758321447793153,1,10,balanced,1,2,8,10,True,requested_slotframe_below_minimum (8 < 10),2.0758321447793153,False,False,False,True,0,546,44,1,0,delay
1784690550456.178,0.1,0.8,0.1,798.2433281004711,873.3333333333334,0.15964866562009422,134.18577307466194,195.461493239271,0.008284574588036154,1.0,1.0,1.0,10,8,2.0774074737675616,1,10,balanced,1,2,8,10,True,requested_slotframe_below_minimum (8 < 10),2.0774074737675616,False,False,False,True,0,547,44,1,0,delay
1784690553991.7332,0.1,0.8,0.1,797.5211930926218,872.3333333333334,0.15950423861852436,108.11948853615522,136.2139917695473,0.006545663011084404,1.0,1.0,1.0,10,8,2.07881304572928,1,10,balanced,1,2,8,10,True,requested_slotframe_below_minimum (8 < 10),2.07881304572928,False,False,False,True,0,548,44,1,0,delay
1784690557524.6821,0.1,0.8,0.1,796.9544740973312,871.6666666666666,0.15939089481946622,123.74706055261612,157.13403880070547,0.007588196167619488,1.0,1.0,1.0,10,8,2.077990353583958,1,10,balanced,1,2,8,10,True,requested_slotframe_below_minimum (8 < 10),2.077990353583958,False,False,False,True,0,549,44,1,0,delay
1784690563993.479,0.1,0.8,0.1,798.4301412872841,874.0,0.1596860282574568,133.1782209559987,166.8502690724913,0.008217359636824463,0.9940694226408514,0.9958847736625513,0.9940694226408514,10,8,2.0768644517288797,1,10,balanced,1,2,8,10,True,requested_slotframe_below_minimum (8 < 10),2.0768644517288797,False,False,False,True,0,550,44,1,0,delay
1784690567521.044,0.1,0.8,0.1,798.607535321821,873.3333333333334,0.15972150706436422,90.82671957671957,117.28689006466783,0.005392042666892566,1.0,1.0,1.0,10,8,2.0797142151600494,1,10,balanced,1,2,8,10,True,requested_slotframe_below_minimum (8 < 10),2.0797142151600494,False,False,False,True,0,551,44,1,0,delay
1784690571059.6362,0.1,0.8,0.1,799.9858712715858,875.1111111111111,0.15999717425431714,111.25,157.25014697236918,0.006754503002001334,1.0,1.0,1.0,10,8,2.0785966801729674,1,10,balanced,1,2,8,10,True,requested_slotframe_below_minimum (8 < 10),2.0785966801729674,False,False,False,True,0,552,44,1,0,delay
1784690574587.491,0.1,0.8,0.1,799.2715855573,874.5555555555555,0.15985431711146,110.04115226337449,152.9218106995885,0.006673859390485289,1.0,1.0,1.0,10,8,2.078675480776466,1,10,balanced,1,2,8,10,True,requested_slotframe_below_minimum (8 < 10),2.078675480776466,False,False,False,True,0,553,44,1,0,delay
1784690578128.433,0.1,0.8,0.1,800.1020408163266,875.7777777777778,0.16002040816326532,92.22555736444625,122.40378962601186,0.005485360731450717,0.9940694226408514,0.9958847736625513,0.9940694226408514,10,8,2.079016612862598,1,10,balanced,1,2,8,10,True,requested_slotframe_below_minimum (8 < 10),2.079016612862598,False,False,False,True,0,554,44,1,0,delay
1784690581666.388,0.1,0.8,0.1,799.9293563579279,874.4444444444445,0.15998587127158556,80.91269841269842,107.71017048794826,0.0047306670055169055,1.0,1.0,1.0,10,8,2.080216879268428,1,10,balanced,1,2,8,10,True,requested_slotframe_below_minimum (8 < 10),2.080216879268428,False,False,False,True,0,555,44,1,0,delay
1784690585193.28,0.1,0.8,0.1,799.072213500785,875.1111111111111,0.159814442700157,83.7340026228915,114.42126803237915,0.004918879427811307,0.9940694226408514,0.9958847736625513,0.9940694226408514,10,8,2.0794903944518204,1,10,balanced,1,2,8,10,True,requested_slotframe_below_minimum (8 < 10),2.0794903944518204,False,False,False,True,0,556,44,1,0,delay
1784690588724.591,0.1,0.8,0.1,799.359497645212,873.8888888888889,0.15987189952904238,79.21810699588478,105.10288065843619,0.004617618878978305,0.9978487121344265,0.9958847736625513,0.9978487121344265,10,8,2.080103586157356,1,10,balanced,1,2,8,10,True,requested_slotframe_below_minimum (8 < 10),2.080103586157356,False,False,False,True,0,557,44,1,0,delay
1784690592251.6738,0.1,0.8,0.1,799.7315541601257,874.8888888888889,0.15994631083202515,105.36228689006465,140.515873015873,0.006361726943966955,1.0,1.0,1.0,10,8,2.078915987361624,1,10,balanced,1,2,8,10,True,requested_slotframe_below_minimum (8 < 10),2.078915987361624,False,False,False,True,0,558,44,1,0,delay
1784690598707.605,0.1,0.8,0.1,798.7237048665621,873.5555555555555,0.15974474097331243,136.38888888888886,189.18961696739473,0.008431546957230744,1.0,1.0,1.0,10,8,2.077280288336884,1,10,balanced,1,2,8,10,True,requested_slotframe_below_minimum (8 < 10),2.077280288336884,False,False,False,True,0,559,44,1,0,delay
1784690602245.862,0.1,0.8,0.1,800.2417582417584,874.0,0.16004835164835168,348.353061547506,372.01793062904176,0.022571918715644162,0.9942812289751067,0.9960317460317462,0.9942812289751067,10,8,2.0653657527601603,1,10,balanced,1,2,8,10,True,requested_slotframe_below_minimum (8 < 10),2.0653657527601603,False,False,False,True,0,560,44,1,0,delay
1784690605777.944,0.1,0.8,0.1,799.9623233908949,875.1111111111111,0.15999246467817899,70.21288382399493,85.87052864830642,0.004016870168378581,1.0,1.0,1.0,10,8,2.0807872573974793,1,10,balanced,1,2,8,10,True,requested_slotframe_below_minimum (8 < 10),2.0807872573974793,False,False,False,True,0,561,44,1,0,delay
1784690609303.992,0.1,0.8,0.1,798.7378335949765,873.1111111111111,0.1597475667189953,65.32701352145796,82.49265138154027,0.003690928186888456,0.9960192868356136,0.9960317460317462,0.9960192868356136,10,8,2.080674429462151,1,10,balanced,1,2,8,10,True,requested_slotframe_below_minimum (8 < 10),2.080674429462151,False,False,False,True,0,562,44,1,0,delay
1784690612836.012,0.1,0.8,0.1,798.4709576138148,873.3333333333334,0.15969419152276296,94.2687559354226,114.13421968977524,0.005621664838920787,0.9940694226408514,0.9958847736625513,0.9940694226408514,10,8,2.0789401912406724,1,10,balanced,1,2,8,10,True,requested_slotframe_below_minimum (8 < 10),2.0789401912406724,False,False,False,True,0,563,44,1,0,delay
1784690616369.515,0.1,0.8,0.1,796.9748822605966,871.6666666666666,0.1593949764521193,99.82510288065845,117.18106995884773,0.005992335082098629,1.0,1.0,1.0,10,8,2.0792666342891093,1,10,balanced,1,2,8,10,True,requested_slotframe_below_minimum (8 < 10),2.0792666342891093,False,False,False,True,0,564,44,1,0,delay
1784690619899.832,0.1,0.8,0.1,798.8979591836736,872.7777777777778,0.1597795918367347,97.34641387419165,123.27895355673134,0.005826978910886701,1.0,1.0,1.0,10,8,2.079360457687617,1,10,balanced,1,2,8,10,True,requested_slotframe_below_minimum (8 < 10),2.079360457687617,False,False,False,True,0,565,44,1,0,delay
1784690623436.6492,0.1,0.8,0.1,796.2464678178966,871.2222222222222,0.1592492935635793,97.77263374485597,119.51940035273368,0.005855412524673514,1.0,1.0,1.0,10,8,2.079390740623903,1,10,balanced,1,2,8,10,True,requested_slotframe_below_minimum (8 < 10),2.079390740623903,False,False,False,True,0,566,44,1,0,delay
1784690626967.602,0.1,0.8,0.1,796.3014128728415,871.0,0.1592602825745683,119.20148781259891,166.8233618233618,0.007284955824723076,1.0,1.0,1.0,10,8,2.0782460070827646,1,10,balanced,1,2,8,10,True,requested_slotframe_below_minimum (8 < 10),2.0782460070827646,False,False,False,True,0,567,44,1,0,delay
1784690630505.26,0.1,0.8,0.1,798.5102040816327,873.2222222222222,0.15970204081632652,82.05761316872427,110.69958847736625,0.004807045574964928,1.0,1.0,1.0,10,8,2.0801841594583954,1,10,balanced,1,2,8,10,True,requested_slotframe_below_minimum (8 < 10),2.0801841594583954,False,False,False,True,0,568,44,1,0,delay
1784690637007.7788,0.1,0.8,0.1,798.4332810047097,873.1111111111111,0.15968665620094194,111.43874643874642,150.62994618550175,0.006767094492244591,1.0,1.0,1.0,10,8,2.07861765878611,1,10,balanced,1,2,8,10,True,requested_slotframe_below_minimum (8 < 10),2.07861765878611,False,False,False,True,0,569,44,1,0,delay
1784690640540.189,0.1,0.8,0.1,797.420722135008,872.1111111111111,0.1594841444270016,115.96707818930041,156.54320987654322,0.007069184669066072,1.0,1.0,1.0,10,8,2.078396237822047,1,10,balanced,1,2,8,10,True,requested_slotframe_below_minimum (8 < 10),2.078396237822047,False,False,False,True,0,570,44,1,0,delay
1784690644077.385,0.1,0.8,0.1,796.8791208791209,872.1111111111111,0.1593758241758242,136.41754850088182,185.5085243974133,0.008433458872640548,1.0,1.0,1.0,10,8,2.077315650484305,1,10,balanced,1,2,8,10,True,requested_slotframe_below_minimum (8 < 10),2.077315650484305,False,False,False,True,0,571,44,1,0,delay
1784690647610.589,0.1,0.8,0.1,798.2135007849294,873.3333333333334,0.15964270015698587,97.70649617871838,119.04174015285126,0.0058510004121893515,1.0,1.0,1.0,10,8,2.07935492965455,1,10,balanced,1,2,8,10,True,requested_slotframe_below_minimum (8 < 10),2.07935492965455,False,False,False,True,0,572,44,1,0,delay
1784690651143.381,0.1,0.8,0.1,796.8587127158555,871.8888888888889,0.1593717425431711,165.94062316284538,205.7201646090535,0.010402976862097757,1.0,1.0,1.0,10,8,2.0757404442560046,1,10,balanced,1,2,8,10,True,requested_slotframe_below_minimum (8 < 10),2.0757404442560046,False,False,False,True,0,573,44,1,0,delay
1784690654676.296,0.1,0.8,0.1,796.0941915227631,871.2222222222222,0.15921883830455263,139.4944150499706,168.14520870076427,0.008638720150098105,1.0,1.0,1.0,10,8,2.0771671400494665,1,10,balanced,1,2,8,10,True,requested_slotframe_below_minimum (8 < 10),2.0771671400494665,False,False,False,True,0,574,44,1,0,delay
1784690658208.6401,0.1,0.8,0.1,797.5761381475669,872.4444444444445,0.15951522762951337,126.72986478542033,162.23691945914166,0.007787182440655125,1.0,1.0,1.0,10,8,2.0778187312845247,1,10,balanced,1,2,8,10,True,requested_slotframe_below_minimum (8 < 10),2.0778187312845247,False,False,False,True,0,575,44,1,0,delay
1784690661742.796,0.1,0.8,0.1,798.2715855573,872.7777777777778,0.15965431711146,142.7954144620811,187.54262198706644,0.00885893358652976,1.0,1.0,1.0,10,8,2.0769474214196304,1,10,balanced,1,2,8,10,True,requested_slotframe_below_minimum (8 < 10),2.0769474214196304,False,False,False,True,0,576,44,1,0,delay
1784690665279.2002,0.1,0.8,0.1,796.6405023547882,871.4444444444445,0.15932810047095763,157.80864197530863,195.39094650205763,0.009860483120434199,1.0,1.0,1.0,10,8,2.076178803456557,1,10,balanced,1,2,8,10,True,requested_slotframe_below_minimum (8 < 10),2.076178803456557,False,False,False,True,0,577,44,1,0,delay
1784690671751.793,0.1,0.8,0.1,797.5243328100472,872.7777777777778,0.15950486656200943,124.79938271604938,159.51058201058203,0.007658397779589685,1.0,1.0,1.0,10,8,2.077922795120127,1,10,balanced,1,2,8,10,True,requested_slotframe_below_minimum (8 < 10),2.077922795120127,False,False,False,True,0,578,44,1,0,delay
1784690675287.355,0.1,0.8,0.1,798.3202511773941,873.3333333333334,0.1596640502354788,144.09465020576133,191.93415637860085,0.008945607085107493,1.0,1.0,1.0,10,8,2.076877109308366,1,10,balanced,1,2,8,10,True,requested_slotframe_below_minimum (8 < 10),2.076877109308366,False,False,False,True,0,579,44,1,0,delay
1784690678814.188,0.1,0.8,0.1,797.6326530612247,872.6666666666666,0.15952653061224495,129.9786890064668,178.2436801881246,0.0080039152105715,1.0,1.0,1.0,10,8,2.0776442147703182,1,10,balanced,1,2,8,10,True,requested_slotframe_below_minimum (8 < 10),2.0776442147703182,False,False,False,True,0,580,44,1,0,delay
1784690682349.996,0.1,0.8,0.1,798.4317111459969,873.6666666666666,0.1596863422291994,163.00411522633743,196.45208700764255,0.01020707906780103,1.0,1.0,1.0,10,8,2.0758657025228393,1,10,balanced,1,2,8,10,True,requested_slotframe_below_minimum (8 < 10),2.0758657025228393,False,False,False,True,0,581,44,1,0,delay
1784690685881.356,0.1,0.8,0.1,797.2511773940346,871.8888888888889,0.1594502354788069,124.71340388007054,153.87713109935328,0.0076526620333602765,1.0,1.0,1.0,10,8,2.0779328468254312,1,10,balanced,1,2,8,10,True,requested_slotframe_below_minimum (8 < 10),2.0779328468254312,False,False,False,True,0,582,44,1,0,delay
1784690689418.531,0.1,0.8,0.1,796.6436420722134,871.8888888888889,0.15932872841444268,151.93636096413874,197.96884185773078,0.00946873655531279,1.0,1.0,1.0,10,8,2.0764921379143053,1,10,balanced,1,2,8,10,True,requested_slotframe_below_minimum (8 < 10),2.0764921379143053,False,False,False,True,0,583,44,1,0,delay
1784690692955.1648,0.1,0.8,0.1,796.5808477237049,872.3333333333334,0.15931616954474098,148.03938859494414,180.53938859494414,0.009208765083051644,1.0,1.0,1.0,10,8,2.0767013709790847,1,10,balanced,1,2,8,10,True,requested_slotframe_below_minimum (8 < 10),2.0767013709790847,False,False,False,True,0,584,44,1,0,delay
1784690696379.4639,0.1,0.8,0.1,797.901098901099,872.5555555555555,0.1595802197802198,131.48227287116177,162.40107628996518,0.008104221005414395,1.0,1.0,1.0,10,8,2.0775586012176466,1,10,balanced,1,2,8,10,True,requested_slotframe_below_minimum (8 < 10),2.0775586012176466,False,False,False,True,0,585,44,1,0,delay
1784690699904.815,0.1,0.8,0.1,796.5384615384615,871.4444444444445,0.15930769230769232,137.44194591416814,174.05937683715462,0.008501797592672992,1.0,1.0,1.0,10,8,2.077267792695092,1,10,balanced,1,2,8,10,True,requested_slotframe_below_minimum (8 < 10),2.077267792695092,False,False,False,True,0,586,44,1,0,delay
1784690706363.7158,0.1,0.8,0.1,796.6766091051807,871.4444444444445,0.15933532182103613,154.66637272192824,205.26455026455025,0.009650858753964526,1.0,1.0,1.0,10,8,2.0763457808147248,1,10,balanced,1,2,8,10,True,requested_slotframe_below_minimum (8 < 10),2.0763457808147248,False,False,False,True,0,587,44,1,0,delay
1784690709890.931,0.1,0.8,0.1,798.0565149136578,873.0,0.15961130298273155,63.919753086419746,79.45473251028807,0.0035970482379199297,1.0,1.0,1.0,10,8,2.0811612311113907,1,10,balanced,1,2,8,10,True,requested_slotframe_below_minimum (8 < 10),2.0811612311113907,False,False,False,True,0,588,44,1,0,delay
1784690713425.318,0.1,0.8,0.1,798.4803767660911,872.8888888888889,0.15969607535321823,68.8205467372134,86.27572016460904,0.003923985772996225,1.0,1.0,1.0,10,8,2.080891203846281,1,10,balanced,1,2,8,10,True,requested_slotframe_below_minimum (8 < 10),2.080891203846281,False,False,False,True,0,589,44,1,0,delay
1784690716951.15,0.1,0.8,0.1,800.320251177394,875.2222222222222,0.1600640502354788,96.0978835978836,120.02792475014697,0.005743688031880159,1.0,1.0,1.0,10,8,2.079398644550948,1,10,balanced,1,2,8,10,True,requested_slotframe_below_minimum (8 < 10),2.079398644550948,False,False,False,True,0,590,44,1,0,delay
1784690720485.338,0.1,0.8,0.1,797.6766091051805,872.5555555555555,0.1595353218210361,93.00411522633745,114.73251028806584,0.0055372992145655405,1.0,1.0,1.0,10,8,2.079616628446244,1,10,balanced,1,2,8,10,True,requested_slotframe_below_minimum (8 < 10),2.079616628446244,False,False,False,True,0,591,44,1,0,delay
1784690724014.668,0.1,0.8,0.1,799.0141287284146,873.6666666666666,0.1598028257456829,132.90858318636094,151.2610229276896,0.00819937179361981,1.0,1.0,1.0,10,8,2.077460219990536,1,10,balanced,1,2,8,10,True,requested_slotframe_below_minimum (8 < 10),2.077460219990536,False,False,False,True,0,592,44,1,0,delay
1784690727541.813,0.1,0.8,0.1,796.7880690737834,872.2222222222222,0.1593576138147567,89.70605526161081,108.10405643738977,0.005317281872022069,1.0,1.0,1.0,10,8,2.0798104131209065,1,10,balanced,1,2,8,10,True,requested_slotframe_below_minimum (8 < 10),2.0798104131209065,False,False,False,True,0,593,44,1,0,delay
1784690731073.4128,0.1,0.8,0.1,799.5604395604396,874.5555555555555,0.1599120879120879,96.13756613756614,116.07142857142857,0.005746335299370657,1.0,1.0,1.0,10,8,2.0794117229692946,1,10,balanced,1,2,8,10,True,requested_slotframe_below_minimum (8 < 10),2.0794117229692946,False,False,False,True,0,594,44,1,0,delay
1784690734610.082,0.1,0.8,0.1,798.6059654631083,873.5555555555555,0.15972119309262167,99.07333921222809,126.168430335097,0.005942184070195336,1.0,1.0,1.0,10,8,2.0792741334345815,1,10,balanced,1,2,8,10,True,requested_slotframe_below_minimum (8 < 10),2.0792741334345815,False,False,False,True,0,595,44,1,0,delay
1784690741075.331,0.1,0.8,0.1,796.348508634223,871.4444444444445,0.1592697017268446,156.67401528512642,205.17195767195767,0.009784790879594824,1.0,1.0,1.0,10,8,2.0762451971236398,1,10,balanced,1,2,8,10,True,requested_slotframe_below_minimum (8 < 10),2.0762451971236398,False,False,False,True,0,596,44,1,0,delay
1784690744604.406,0.1,0.8,0.1,797.5070643642073,873.0,0.15950141287284145,127.99750146972367,163.25984714873604,0.007871747929934869,1.0,1.0,1.0,10,8,2.077752460368768,1,10,balanced,1,2,8,10,True,requested_slotframe_below_minimum (8 < 10),2.077752460368768,False,False,False,True,0,597,44,1,0,delay
1784690748141.29,0.1,0.8,0.1,796.2103610675039,870.7777777777778,0.15924207221350078,960.8009994121104,962.8248089359201,0.06342901930701203,0.9942812289751067,0.9960317460317462,0.9942812289751067,10,8,2.032760700230551,1,10,balanced,1,2,8,10,True,requested_slotframe_below_minimum (8 < 10),2.032760700230551,False,False,False,True,0,598,44,1,0,delay
1784690751676.237,0.1,0.8,0.1,795.7158555729985,870.6666666666666,0.1591431711145997,187.5198412698413,267.4265138154027,0.011842551118735244,1.0,1.0,1.0,10,8,2.0746116419935516,1,10,balanced,1,2,8,10,True,requested_slotframe_below_minimum (8 < 10),2.0746116419935516,False,False,False,True,0,599,44,1,0,delay
1784690755205.7441,0.1,0.8,0.1,797.1318681318683,871.7777777777778,0.15942637362637366,163.6360964138742,191.08171663727222,0.010249239253760789,1.0,1.0,1.0,10,8,2.075857971234354,1,10,balanced,1,2,8,10,True,requested_slotframe_below_minimum (8 < 10),2.075857971234354,False,False,False,True,0,600,44,1,0,delay
1784690758745.005,0.8,0.1,0.1,797.4819466248038,872.6666666666666,0.15949638932496074,155.5482069370958,210.36743092298647,0.009709686920420001,1.0,1.0,1.0,10,8,1.9714319198479895,1,10,balanced,1,2,8,10,True,requested_slotframe_below_minimum (8 < 10),1.9714319198479895,False,False,False,True,0,601,44,1,0,energy
1784690762173.367,0.8,0.1,0.1,773.9277864992152,842.3333333333334,0.15478555729984306,125.51660787771898,169.11963550852437,0.007706244688306803,0.9942812289751067,0.9960317460317462,0.9942812289751067,11,8,1.9748290525888055,1,10,balanced,0,0,11,11,False,,1.9748290525888055,False,False,False,True,0,602,44,1,0,energy
1784690766306.601,0.8,0.1,0.1,487.4474097331241,531.7777777777778,0.09748948194662482,62.40277777777777,77.88888888888889,0.0034958490845749014,0.6593406593406594,0.6666666666666666,0.6593406593406594,13,8,1.9875928954683086,1,10,balanced,0,0,13,13,False,,1.9875928954683086,False,False,False,True,0,603,44,1,0,energy
1784690769539.602,0.8,0.1,0.1,725.5918367346941,779.0,0.1451183673469388,105.39315108759553,133.08788947677837,0.0063637859297928975,1.0,1.0,1.0,14,8,1.9832689275294697,1,10,balanced,0,0,14,14,False,,1.9832689275294697,False,False,False,True,0,604,44,1,0,energy
1784690775643.879,0.8,0.1,0.1,703.5337519623234,751.0,0.1407067503924647,131.9260728982951,165.89359200470312,0.008133827411494004,1.0,1.0,1.0,16,8,1.986621216944879,1,10,balanced,0,0,16,16,False,,1.986621216944879,False,False,False,True,0,605,44,1,0,energy
1784690778771.064,0.8,0.1,0.1,692.3908948194663,736.8888888888889,0.13847817896389328,150.05217519106407,184.7721928277484,0.009343040372986262,1.0,1.0,1.0,17,8,1.9882831527915867,1,10,balanced,0,0,17,17,False,,1.9882831527915867,False,False,False,True,0,606,44,1,0,energy
1784690781807.478,0.8,0.1,0.1,676.2747252747253,716.7777777777778,0.13525494505494506,160.81937095825984,201.7445620223398,0.010061332285407594,1.0,1.0,1.0,19,8,1.990789910727503,1,10,balanced,0,0,19,19,False,,1.990789910727503,False,False,False,True,0,607,44,1,0,energy
1784690784846.644,0.8,0.1,0.1,673.6875981161697,711.5555555555555,0.13473751962323394,180.93732895457032,221.82950191570882,0.01140342421311343,1.0,1.0,1.0,20,8,1.9910696418801015,1,10,balanced,0,0,20,20,False,,1.9910696418801015,False,False,False,True,0,608,44,1,0,energy
1784690787786.9849,0.8,0.1,0.1,658.4442700156987,693.2222222222222,0.13168885400313976,206.1111111111111,260.0411522633745,0.01308279593803276,1.0,1.0,1.0,22,8,1.9933406372036848,1,10,balanced,0,0,22,22,False,,1.9933406372036848,False,False,False,True,0,609,44,1,0,energy
1784690790719.5188,0.8,0.1,0.1,653.8006279434851,687.2222222222222,0.130760125588697,228.6897413286302,287.5940623162845,0.014589042116653114,0.9942812289751067,0.9960317460317462,0.9942812289751067,23,8,1.9933611182148878,1,10,balanced,0,0,23,23,False,,1.9933611182148878,False,False,False,True,0,610,44,1,0,energy
1784690793655.374,0.8,0.1,0.1,643.1538461538462,673.6666666666666,0.12863076923076924,267.5595238095238,331.0714285714286,0.017182089647066297,1.0,1.0,1.0,25,8,1.995377175650678,1,10,balanced,0,0,25,25,False,,1.995377175650678,False,False,False,True,0,611,44,1,0,energy
1784690796484.598,0.8,0.1,0.1,641.210361067504,671.3333333333334,0.12824207221350079,257.6669832225388,342.04969927192155,0.016522146979488915,1.0,1.0,1.0,26,8,1.9957541275312505,1,10,balanced,0,0,26,26,False,,1.9957541275312505,False,False,False,True,0,612,44,1,0,energy
1784690799319.257,0.8,0.1,0.1,634.0408163265307,661.5555555555555,0.12680816326530614,302.13991769547323,384.0329218106996,0.019488987171145646,1.0,1.0,1.0,28,8,1.9966045706706406,1,10,balanced,0,0,28,28,False,,1.9966045706706406,False,False,False,True,0,613,44,1,0,energy
1784690802152.718,0.8,0.1,0.1,630.5604395604396,656.7777777777778,0.12611208791208792,298.74265138154027,386.90917107583766,0.019262351659875936,1.0,1.0,1.0,29,8,1.997184094504342,1,10,balanced,0,0,29,29,False,,1.997184094504342,False,False,False,True,0,614,44,1,0,energy
1784690804984.346,0.8,0.1,0.1,622.7001569858713,646.4444444444445,0.12454003139717426,344.1100823045267,422.80717225161675,0.02228886473012186,1.0,1.0,1.0,32,8,1.9981390884092485,1,10,balanced,0,0,32,32,False,,1.9981390884092485,False,False,False,True,0,615,44,1,0,energy
1784690810755.265,0.8,0.1,0.1,616.177394034537,639.1111111111111,0.1232354788069074,349.8927101704879,446.5711346266902,0.022674630431653627,1.0,1.0,1.0,34,8,1.9991441539113088,1,10,balanced,0,0,34,34,False,,1.9991441539113088,False,False,False,True,0,616,44,1,0,energy
1784690813494.958,0.8,0.1,0.1,614.2778649921509,636.6666666666666,0.12285557299843017,369.86625514403295,465.1646090534979,0.02400708840187011,1.0,1.0,1.0,35,8,1.9993148327610688,1,10,balanced,0,0,35,35,False,,1.9993148327610688,False,False,False,True,0,617,44,1,0,energy
1784690816331.51,0.8,0.1,0.1,610.6169544740973,631.5555555555555,0.12212339089481945,369.8029556650246,464.6004378762999,0.02400286562141592,1.0,1.0,1.0,37,8,1.9999010007220028,1,10,balanced,0,0,37,37,False,,1.9999010007220028,False,False,False,True,0,618,44,1,0,energy
1784690819070.1301,0.8,0.1,0.1,609.0926216640502,629.7777777777778,0.12181852433281004,359.5963912630579,468.74010762899655,0.02332197406691514,1.0,1.0,1.0,38,8,2.0002129831270605,1,10,balanced,0,0,38,38,False,,2.0002129831270605,False,False,False,True,0,619,44,1,0,energy
1784690821809.1409,0.8,0.1,0.1,605.5133437990581,624.7777777777778,0.12110266875981163,441.40138154027045,553.3891828336273,0.02877927828821017,1.0,1.0,1.0,40,8,2.0002399371633297,1,10,balanced,0,0,40,40,False,,2.0002399371633297,False,False,False,True,0,620,44,1,0,energy
1784690824549.241,0.8,0.1,0.1,603.9544740973313,623.5555555555555,0.12079089481946625,459.1820987654321,603.3289241622574,0.0299654502178407,1.0,1.0,1.0,41,8,2.000370739122643,1,10,balanced,0,0,41,41,False,,2.000370739122643,False,False,False,True,0,621,44,1,0,energy
1784690827284.1338,0.8,0.1,0.1,601.3014128728415,619.4444444444445,0.1202602825745683,395.23809523809524,497.89535567313345,0.025699672797738174,1.0,1.0,1.0,43,8,2.0012218066605714,1,10,balanced,0,0,43,43,False,,2.0012218066605714,False,False,False,True,0,622,44,1,0,energy
1784690830022.0808,0.8,0.1,0.1,599.8053375196232,617.5555555555555,0.11996106750392464,457.88286302175186,553.4465020576132,0.029878776719262964,1.0,1.0,1.0,44,8,2.001043268324934,1,10,balanced,0,0,44,44,False,,2.001043268324934,False,False,False,True,0,623,44,1,0,energy
1784690832755.038,0.8,0.1,0.1,598.0266875981162,615.1111111111111,0.11960533751962323,519.0483032293376,622.1839080459771,0.03395919301062959,1.0,1.0,1.0,46,8,2.0009198106832384,1,10,balanced,0,0,46,46,False,,2.0009198106832384,False,False,False,True,0,624,44,1,0,energy
1784690835486.31,0.8,0.1,0.1,598.1789638932497,614.7777777777778,0.11963579277864994,448.8440623162845,556.2198706643152,0.029275788013094363,1.0,1.0,1.0,47,8,2.0013637869757708,1,10,balanced,0,0,47,47,False,,2.0013637869757708,False,False,False,True,0,625,44,1,0,energy
1784690838220.376,0.8,0.1,0.1,591.9152276295133,607.5555555555555,0.11838304552590266,462.08333333333326,587.8968253968254,0.030158994885479202,1.0,1.0,1.0,49,8,2.00227766409073,1,10,balanced,0,0,49,49,False,,2.00227766409073,False,False,False,True,0,626,44,1,0,energy
1784690840948.626,0.8,0.1,0.1,593.0282574568289,608.7777777777778,0.11860565149136577,518.0724573780129,645.6099353321575,0.033894093220681314,1.0,1.0,1.0,50,8,2.0017260694848393,1,10,balanced,0,0,50,50,False,,2.0017260694848393,False,False,False,True,0,627,44,1,0,energy
1784690846629.184,0.8,0.1,0.1,591.436420722135,606.0,0.118287284144427,611.015325670498,743.913519430761,0.04009441799002655,1.0,1.0,1.0,52,8,2.0013607308854557,1,10,balanced,0,0,52,52,False,,2.0013607308854557,False,False,False,True,0,628,44,1,0,energy
1784690849268.289,0.8,0.1,0.1,589.9120879120879,604.7777777777778,0.11798241758241759,550.355333966445,682.397910731244,0.03604772074492628,1.0,1.0,1.0,53,8,2.0020092938595733,1,10,balanced,0,0,53,53,False,,2.0020092938595733,False,False,False,True,0,629,44,1,0,energy
1784690851894.1382,0.8,0.1,0.1,589.4175824175825,604.1111111111111,0.1178835164835165,551.6603355492244,678.1829692940805,0.03613477888920777,0.9915692772835631,0.9917695473251028,0.9915692772835631,55,8,2.001236636652622,1,10,balanced,0,0,55,55,False,,2.001236636652622,False,False,False,True,0,630,44,1,0,energy
1784690854618.926,0.8,0.1,0.1,587.5463108320253,601.8888888888889,0.11750926216640505,614.9397413286302,765.3586125808348,0.04035622023539895,1.0,1.0,1.0,56,8,2.001956968243336,1,10,balanced,0,0,56,56,False,,2.001956968243336,False,False,False,True,0,631,44,1,0,energy
1784690857254.7551,0.8,0.1,0.1,586.4238618524333,600.0,0.11728477237048666,626.3962375073486,767.664609053498,0.04112049616459964,1.0,1.0,1.0,58,8,2.0020601324871508,1,10,balanced,0,0,58,58,False,,2.0020601324871508,False,False,False,True,0,632,44,1,0,energy
1784690859892.432,0.8,0.1,0.1,585.751962323391,599.4444444444445,0.1171503924646782,619.2592592592591,775.4394473838919,0.040644380204086665,1.0,1.0,1.0,59,8,2.0022152480078486,1,10,balanced,0,0,59,59,False,,2.0022152480078486,False,False,False,True,0,633,44,1,0,energy
1784690862534.7632,0.8,0.1,0.1,584.89010989011,598.0,0.116978021978022,627.5073486184597,766.3433274544386,0.041194619654333534,1.0,1.0,1.0,61,8,2.0022981204521493,1,10,balanced,0,0,61,61,False,,2.0022981204521493,False,False,False,True,0,634,44,1,0,energy
1784690865168.219,0.8,0.1,0.1,583.0643642072215,595.6666666666666,0.1166128728414443,678.3583186360964,834.2989417989417,0.04458694587298842,1.0,1.0,1.0,64,8,2.0022510071395456,1,10,balanced,0,0,64,64,False,,2.0022510071395456,False,False,False,True,0,635,44,1,0,energy
1784690867804.146,0.8,0.1,0.1,580.9309262166406,593.0,0.11618618524332812,648.4327092660425,824.5491339935785,0.042590574333958804,0.9940694226408514,0.9958847736625513,0.9940694226408514,65,8,2.002198936636027,1,10,balanced,0,0,65,65,False,,2.002198936636027,False,False,False,True,0,636,44,1,0,energy
1784690870446.934,0.8,0.1,0.1,579.4238618524333,591.2222222222222,0.11588477237048667,679.9801587301588,877.3956496178719,0.04469514067579445,1.0,1.0,1.0,67,8,2.002822668036031,1,10,balanced,0,0,67,67,False,,2.002822668036031,False,False,False,True,0,637,44,1,0,energy
1784690873084.207,0.8,0.1,0.1,580.5227629513345,592.0,0.11610455259026689,709.7192827748382,888.5655496766608,0.04667907156603324,1.0,1.0,1.0,68,8,2.0024484507711833,1,10,balanced,0,0,68,68,False,,2.0024484507711833,False,False,False,True,0,638,44,1,0,energy
1784690875720.5159,0.8,0.1,0.1,578.9937205651491,590.0,0.11579874411302983,655.5753968253968,851.1037624926514,0.04306707116913921,0.9942812289751067,0.9960317460317462,0.9942812289751067,68,8,2.002482420490173,1,10,balanced,0,2,70,68,True,requested_slotframe_above_max (70 > 68),2.002482420490173,False,False,False,True,0,639,44,1,0,energy
1784690881325.369,0.8,0.1,0.1,579.8367346938776,591.5555555555555,0.11596734693877551,659.5502645502645,830.6907701352145,0.04333223912943726,1.0,1.0,1.0,68,8,2.002892898536036,1,10,balanced,0,2,70,68,True,requested_slotframe_above_max (70 > 68),2.002892898536036,False,False,False,True,0,640,44,1,0,energy
1784690883966.1309,0.8,0.1,0.1,579.7676609105181,591.6666666666666,0.11595353218210362,692.3162845385068,902.8835978835979,0.045518097701034474,1.0,1.0,1.0,68,8,2.0026853644842135,1,10,balanced,0,2,70,68,True,requested_slotframe_above_max (70 > 68),2.0026853644842135,False,False,False,True,0,641,44,1,0,energy
1784690886604.361,0.8,0.1,0.1,580.5886970172685,591.8888888888889,0.1161177394034537,655.4563492063492,834.4826572604351,0.043059129366667726,1.0,1.0,1.0,68,8,2.00279989554057,1,10,balanced,0,2,70,68,True,requested_slotframe_above_max (70 > 68),2.00279989554057,False,False,False,True,0,642,44,1,0,energy
1784690889236.857,0.8,0.1,0.1,580.3312401883832,592.3333333333334,0.11606624803767664,630.7120811287477,832.9115226337448,0.041408411015927134,1.0,1.0,1.0,68,8,2.003006160468266,1,10,balanced,0,2,70,68,True,requested_slotframe_above_max (70 > 68),2.003006160468266,False,False,False,True,0,643,44,1,0,energy
1784690891870.052,0.8,0.1,0.1,580.580847723705,592.2222222222222,0.11611616954474101,618.3083480305702,786.112580834803,0.040580943831258855,1.0,1.0,1.0,68,8,2.0030489699810814,1,10,balanced,0,2,70,68,True,requested_slotframe_above_max (70 > 68),2.0030489699810814,False,False,False,True,0,644,44,1,0,energy
1784690894507.077,0.8,0.1,0.1,582.2025117739404,593.5555555555555,0.11644050235478808,695.6819517930628,857.4250440917108,0.04574262520300619,1.0,1.0,1.0,68,8,2.002273335595869,1,10,balanced,0,2,70,68,True,requested_slotframe_above_max (70 > 68),2.002273335595869,False,False,False,True,0,645,44,1,0,energy
1784690897142.208,0.8,0.1,0.1,581.138147566719,592.6666666666666,0.1162276295133438,642.4375367430922,819.9970605526162,0.042190629535896744,1.0,1.0,1.0,68,8,2.0027988334357354,1,10,balanced,0,2,70,68,True,requested_slotframe_above_max (70 > 68),2.0027988334357354,False,False,False,True,0,646,44,1,0,energy
1784690899773.668,0.8,0.1,0.1,581.5729984301414,592.5555555555555,0.11631459968602828,661.5388007054673,822.2295708406821,0.04346489664479435,1.0,1.0,1.0,68,8,2.002601830586698,1,10,balanced,0,2,70,68,True,requested_slotframe_above_max (70 > 68),2.002601830586698,False,False,False,True,0,647,44,1,0,energy
1784690902409.485,0.8,0.1,0.1,580.6436420722135,592.5555555555555,0.1161287284144427,747.2244268077601,911.8665490887712,0.049181082508856576,1.0,1.0,1.0,68,8,2.00217890901756,1,10,balanced,0,2,70,68,True,requested_slotframe_above_max (70 > 68),2.00217890901756,False,False,False,True,0,648,44,1,0,energy
1784690905044.105,0.8,0.1,0.1,580.6075353218212,592.1111111111111,0.11612150706436423,712.1406525573192,909.4679600235156,0.04684060390642556,1.0,1.0,1.0,68,8,2.002418733957866,1,10,balanced,0,2,70,68,True,requested_slotframe_above_max (70 > 68),2.002418733957866,False,False,False,True,0,649,44,1,0,energy
1784690907676.6082,0.8,0.1,0.1,580.1695447409734,591.5555555555555,0.11603390894819468,679.7597001763668,828.4611992945325,0.044680433634180575,1.0,1.0,1.0,68,8,2.0027048294780263,1,10,balanced,0,2,70,68,True,requested_slotframe_above_max (70 > 68),2.0027048294780263,False,False,False,True,0,650,44,1,0,energy
1784690910317.06,0.8,0.1,0.1,581.3893249607537,593.1111111111111,0.11627786499215075,708.827895355673,881.4197530864197,0.046619606094441164,1.0,1.0,1.0,68,8,2.0023157473968354,1,10,balanced,0,2,70,68,True,requested_slotframe_above_max (70 > 68),2.0023157473968354,False,False,False,True,0,651,44,1,0,energy
1784690912949.823,0.8,0.1,0.1,581.9937205651491,593.4444444444445,0.11639874411302983,657.7821869488536,827.1208112874779,0.04321428865569403,1.0,1.0,1.0,68,8,2.002559575844007,1,10,balanced,0,2,70,68,True,requested_slotframe_above_max (70 > 68),2.002559575844007,False,False,False,True,0,652,44,1,0,energy
1784690918517.3682,0.8,0.1,0.1,579.4144427001571,591.0,0.11588288854003143,706.5791615791616,851.4887170442726,0.0464695904989434,1.0,1.0,1.0,68,8,2.0026467301180806,1,10,balanced,0,2,70,68,True,requested_slotframe_above_max (70 > 68),2.0026467301180806,False,False,False,True,0,653,44,1,0,energy
1784690921154.403,0.8,0.1,0.1,581.0863422291994,592.2222222222222,0.11621726844583989,737.421369782481,908.5052910052912,0.0485271093917599,1.0,1.0,1.0,68,8,2.002173474304152,1,10,balanced,0,2,70,68,True,requested_slotframe_above_max (70 > 68),2.002173474304152,False,False,False,True,0,654,44,1,0,energy
1784690923787.7751,0.8,0.1,0.1,579.6091051805338,591.2222222222222,0.11592182103610675,683.9991181657848,880.9332745443857,0.044963250044415266,1.0,1.0,1.0,68,8,2.002766218166673,1,10,balanced,0,2,70,68,True,requested_slotframe_above_max (70 > 68),2.002766218166673,False,False,False,True,0,655,44,1,0,energy
1784690926422.972,0.8,0.1,0.1,579.5635792778651,591.0,0.11591271585557301,714.4054967666078,900.2895355673134,0.04699169424727204,1.0,1.0,1.0,68,8,2.0025706578908142,1,10,balanced,0,2,70,68,True,requested_slotframe_above_max (70 > 68),2.0025706578908142,False,False,False,True,0,656,44,1,0,energy
1784690929057.463,0.8,0.1,0.1,579.0879120879122,590.5555555555555,0.11581758241758243,755.8076131687243,938.2084068195179,0.04975367666235652,1.0,1.0,1.0,68,8,2.0023705663996982,1,10,balanced,0,2,70,68,True,requested_slotframe_above_max (70 > 68),2.0023705663996982,False,False,False,True,0,657,44,1,0,energy
1784690931696.729,0.8,0.1,0.1,578.9858712715856,591.3333333333334,0.11579717425431711,672.6793062904173,847.1840094062317,0.04420809248101517,1.0,1.0,1.0,68,8,2.0029414513484447,1,10,balanced,0,2,70,68,True,requested_slotframe_above_max (70 > 68),2.0029414513484447,False,False,False,True,0,658,44,1,0,energy
1784690934336.832,0.8,0.1,0.1,578.3186813186815,590.0,0.11566373626373629,687.256760728983,853.4479717813051,0.04518057109599619,1.0,1.0,1.0,68,8,2.0029509538794112,1,10,balanced,0,2,70,68,True,requested_slotframe_above_max (70 > 68),2.0029509538794112,False,False,False,True,0,659,44,1,0,energy
1784690936974.0332,0.8,0.1,0.1,579.3139717425431,590.7777777777778,0.11586279434850863,669.6274250440918,828.0202821869487,0.04400449800160719,1.0,1.0,1.0,68,8,2.002909314721032,1,10,balanced,0,2,70,68,True,requested_slotframe_above_max (70 > 68),2.002909314721032,False,False,False,True,0,660,44,1,0,energy
1784690939606.968,0.8,0.1,0.1,580.1789638932496,591.1111111111111,0.11603579277864992,711.1419753086419,892.6205173427394,0.04677398100791474,1.0,1.0,1.0,68,8,2.0024939676762887,1,10,balanced,0,2,70,68,True,requested_slotframe_above_max (70 > 68),2.0024939676762887,False,False,False,True,0,661,44,1,0,energy
1784690942440.0,0.8,0.1,0.1,544.0549450549452,522.5555555555555,0.10881098901098904,667.1107750896058,844.8465501792115,0.04383660941224855,0.9419152276295134,0.8888888888888888,0.9419152276295134,68,8,2.0027590706129352,1,10,balanced,0,2,70,68,True,requested_slotframe_above_max (70 > 68),2.0027590706129352,False,False,False,True,0,662,44,1,0,energy
1784690945071.754,0.8,0.1,0.1,580.1616954474098,592.4444444444445,0.11603233908948196,643.7999706055261,810.9347442680777,0.042281519053070454,1.0,1.0,1.0,68,8,2.0029459768231073,1,10,balanced,0,2,70,68,True,requested_slotframe_above_max (70 > 68),2.0029459768231073,False,False,False,True,0,663,44,1,0,energy
1784690947810.497,0.8,0.1,0.1,579.0533751962323,590.6666666666666,0.11581067503924646,656.221264367816,815.719759168035,0.043110157729674185,1.0,1.0,1.0,68,8,2.0030404441956353,1,10,balanced,0,2,70,68,True,requested_slotframe_above_max (70 > 68),2.0030404441956353,False,False,False,True,0,664,44,1,0,energy
1784690953386.8909,0.8,0.1,0.1,579.8273155416014,591.5555555555555,0.11596546310832027,648.7492651381539,808.7742504409172,0.042611692137301795,1.0,1.0,1.0,68,8,2.002966460299614,1,10,balanced,0,2,70,68,True,requested_slotframe_above_max (70 > 68),2.002966460299614,False,False,False,True,0,665,44,1,0,energy
1784690956013.4832,0.8,0.1,0.1,580.4505494505495,591.6666666666666,0.1160901098901099,700.500158277936,866.4102564102564,0.046064053254031755,1.0,1.0,1.0,68,8,2.002521506762509,1,10,balanced,0,2,70,68,True,requested_slotframe_above_max (70 > 68),2.002521506762509,False,False,False,True,0,666,44,1,0,energy
1784690958652.459,0.8,0.1,0.1,580.6373626373627,592.2222222222222,0.11612747252747253,618.1422692533804,785.3953556731335,0.04056986452657641,1.0,1.0,1.0,68,8,2.0030410355253645,1,10,balanced,0,2,70,68,True,requested_slotframe_above_max (70 > 68),2.0030410355253645,False,False,False,True,0,667,44,1,0,energy
1784690961287.0059,0.8,0.1,0.1,580.956043956044,592.5555555555555,0.11619120879120881,713.6585379640935,883.3591100257768,0.0469418637734552,1.0,1.0,1.0,68,8,2.0023528465896874,1,10,balanced,0,2,70,68,True,requested_slotframe_above_max (70 > 68),2.0023528465896874,False,False,False,True,0,668,44,1,0,energy
1784690963925.272,0.8,0.1,0.1,582.061224489796,593.7777777777778,0.1164122448979592,744.3790417401528,905.8274544385656,0.04899126362509359,1.0,1.0,1.0,68,8,2.0019710777191233,1,10,balanced,0,2,70,68,True,requested_slotframe_above_max (70 > 68),2.0019710777191233,False,False,False,True,0,669,44,1,0,energy
1784690966564.603,0.8,0.1,0.1,579.5211930926217,591.2222222222222,0.11590423861852435,737.9982363315695,905.3777189888301,0.04856559281731618,1.0,1.0,1.0,68,8,2.002420049823449,1,10,balanced,0,2,70,68,True,requested_slotframe_above_max (70 > 68),2.002420049823449,False,False,False,True,0,670,44,1,0,energy
1784690969303.659,0.8,0.1,0.1,578.923076923077,590.0,0.1157846153846154,813.3709633278597,973.9997263273124,0.05359379341746896,1.0,1.0,1.0,68,8,2.002012928350561,1,10,balanced,0,2,70,68,True,requested_slotframe_above_max (70 > 68),2.002012928350561,False,False,False,True,0,671,44,1,0,energy
1784690971943.177,0.8,0.1,0.1,580.8210361067505,592.6666666666666,0.1161642072213501,758.7720458553791,924.7839506172841,0.049951437348591005,1.0,1.0,1.0,68,8,2.002073490488061,1,10,balanced,0,2,70,68,True,requested_slotframe_above_max (70 > 68),2.002073490488061,False,False,False,True,0,672,44,1,0,energy
1784690974576.811,0.8,0.1,0.1,579.9654631083204,591.5555555555555,0.11599309262166407,697.7601410934743,849.673721340388,0.04588126358195292,1.0,1.0,1.0,68,8,2.0026173995444734,1,10,balanced,0,2,70,68,True,requested_slotframe_above_max (70 > 68),2.0026173995444734,False,False,False,True,0,673,44,1,0,energy
1784690977319.561,0.8,0.1,0.1,580.2621664050237,592.0,0.11605243328100473,10608.729184112324,10958.252440053206,0.7070533144838108,0.9750059933029673,0.9730432402846196,0.9750059933029673,68,8,1.9339533212571118,1,10,balanced,0,2,70,68,True,requested_slotframe_above_max (70 > 68),1.9339533212571118,False,False,False,True,0,674,44,1,0,energy
1784690979957.2,0.8,0.1,0.1,579.6671899529043,591.3333333333334,0.11593343799058087,649.9125514403293,816.0802469135801,0.042689296293550984,0.9960192868356136,0.9960317460317462,0.9960192868356136,67,8,2.0025862486617414,1,10,balanced,1,1,67,67,False,,2.0025862486617414,False,False,False,True,0,675,44,1,0,energy
1784690982590.508,0.8,0.1,0.1,580.021978021978,591.2222222222222,0.11600439560439561,707.4007936507935,906.5887713109935,0.04652440251172738,1.0,1.0,1.0,68,8,2.0025440432653108,1,10,balanced,0,0,68,68,False,,2.0025440432653108,False,False,False,True,0,676,44,1,0,energy
1784690988147.64,0.8,0.1,0.1,579.1381475667191,591.1111111111111,0.11582762951334383,671.9673947451724,848.7749287749289,0.044160600049711306,1.0,1.0,1.0,68,8,2.002921836384354,1,10,balanced,0,2,70,68,True,requested_slotframe_above_max (70 > 68),2.002921836384354,False,False,False,True,0,677,44,1,0,energy
1784690990782.5698,0.8,0.1,0.1,580.2480376766092,591.3333333333334,0.11604960753532184,786.7078189300412,941.9135802469136,0.05181506463842837,1.0,1.0,1.0,68,8,2.0019788075078995,1,10,balanced,0,2,70,68,True,requested_slotframe_above_max (70 > 68),2.0019788075078995,False,False,False,True,0,678,44,1,0,energy
1784690993420.451,0.8,0.1,0.1,578.0188383045527,590.2222222222222,0.11560376766091053,809.673156062045,988.3713200379867,0.05334710847645397,1.0,1.0,1.0,68,8,2.002182275023626,1,10,balanced,0,2,70,68,True,requested_slotframe_above_max (70 > 68),2.002182275023626,False,False,False,True,0,679,44,1,0,energy
1784690996062.126,0.8,0.1,0.1,580.9481946624805,591.8888888888889,0.1161896389324961,690.3149730927508,847.4960430515987,0.045384587931471036,1.0,1.0,1.0,68,8,2.002509830060856,1,10,balanced,0,2,70,68,True,requested_slotframe_above_max (70 > 68),2.002509830060856,False,False,False,True,0,680,44,1,0,energy
1784690998698.5159,0.8,0.1,0.1,577.7660910518053,589.7777777777778,0.11555321821036107,656.0762899651788,826.2678062678063,0.043100486321893186,0.9940694226408514,0.9958847736625513,0.9940694226408514,68,8,2.002654319063607,1,10,balanced,0,2,70,68,True,requested_slotframe_above_max (70 > 68),2.002654319063607,False,False,False,True,0,681,44,1,0,energy
1784691001333.503,0.8,0.1,0.1,578.8304552590267,590.1111111111111,0.11576609105180535,700.0132275132274,877.5323339212229,0.04603156954724666,1.0,1.0,1.0,68,8,2.002783970203831,1,10,balanced,0,2,70,68,True,requested_slotframe_above_max (70 > 68),2.002783970203831,False,False,False,True,0,682,44,1,0,energy
1784691003974.049,0.8,0.1,0.1,580.0957613814758,591.7777777777778,0.11601915227629515,1417.265811965812,1580.893257359924,0.09388030766950047,1.0,1.0,1.0,68,8,1.997796647412014,1,10,balanced,0,2,70,68,True,requested_slotframe_above_max (70 > 68),1.997796647412014,False,False,False,True,0,683,44,1,0,energy
1784691006614.895,0.8,0.1,0.1,578.3610675039247,590.2222222222222,0.11567221350078494,758.7228101116989,934.3915343915344,0.0499481527759639,1.0,1.0,1.0,68,8,2.0024674139217757,1,10,balanced,0,2,70,68,True,requested_slotframe_above_max (70 > 68),2.0024674139217757,False,False,False,True,0,684,44,1,0,energy
1784691009255.301,0.8,0.1,0.1,579.2339089481947,590.4444444444445,0.11584678178963893,705.0617283950618,866.4609053497942,0.046368360800204254,1.0,1.0,1.0,68,8,2.0026857384882684,1,10,balanced,0,2,70,68,True,requested_slotframe_above_max (70 > 68),2.0026857384882684,False,False,False,True,0,685,44,1,0,energy
1784691011897.28,0.8,0.1,0.1,580.2888540031398,592.1111111111111,0.11605777080062796,757.3331863609641,913.9814814814813,0.04985544939032449,1.0,1.0,1.0,68,8,2.0021682384204653,1,10,balanced,0,2,70,68,True,requested_slotframe_above_max (70 > 68),2.0021682384204653,False,False,False,True,0,686,44,1,0,energy
1784691014536.1409,0.8,0.1,0.1,578.2354788069074,589.5555555555555,0.11564709576138148,626.6247795414462,773.9829512051734,0.04113574246440602,1.0,1.0,1.0,68,8,2.003368749144454,1,10,balanced,0,2,70,68,True,requested_slotframe_above_max (70 > 68),2.003368749144454,False,False,False,True,0,687,44,1,0,energy
1784691017173.9622,0.8,0.1,0.1,580.2401883830455,591.7777777777778,0.1160480376766091,709.4855967078189,904.3621399176956,0.04666348210192254,1.0,1.0,1.0,68,8,2.0024952216485206,1,10,balanced,0,2,70,68,True,requested_slotframe_above_max (70 > 68),2.0024952216485206,False,False,False,True,0,688,44,1,0,energy
1784691022771.686,0.8,0.1,0.1,581.2370486656201,592.7777777777778,0.11624740973312403,775.4644326866548,983.4817754262199,0.05106500551612107,1.0,1.0,1.0,68,8,2.0018955716618887,1,10,balanced,0,2,70,68,True,requested_slotframe_above_max (70 > 68),2.0018955716618887,False,False,False,True,0,689,44,1,0,energy
1784691025406.514,0.8,0.1,0.1,581.4631083202512,593.1111111111111,0.11629262166405024,728.2253086419754,914.7251616696061,0.04791362966257341,0.9942812289751067,0.9960317460317462,0.9942812289751067,68,8,2.001602662600013,1,10,balanced,0,2,70,68,True,requested_slotframe_above_max (70 > 68),2.001602662600013,False,False,False,True,0,690,44,1,0,energy
1784691028039.4038,0.8,0.1,0.1,579.5400313971743,591.5555555555555,0.11590800627943486,841.2594966761632,1109.4848053181386,0.05545426929127172,0.9958718530147103,0.9958847736625513,0.9958718530147103,68,8,2.001315353348796,1,10,balanced,0,2,70,68,True,requested_slotframe_above_max (70 > 68),2.001315353348796,False,False,False,True,0,691,44,1,0,energy
1784691030675.294,0.8,0.1,0.1,579.0894819466248,591.1111111111111,0.11581789638932496,780.8252498530276,984.5223398001175,0.051422631744698306,1.0,1.0,1.0,68,8,2.0022034197140703,1,10,balanced,0,2,70,68,True,requested_slotframe_above_max (70 > 68),2.0022034197140703,False,False,False,True,0,692,44,1,0,energy
1784691033518.179,0.8,0.1,0.1,490.63108320251183,529.0,0.09812621664050236,628.36917562724,757.5627240143369,0.041252113117227485,0.8398744113029829,0.8888888888888888,0.8398744113029829,68,8,2.001361256506174,1,10,balanced,0,2,70,68,True,requested_slotframe_above_max (70 > 68),2.001361256506174,False,False,False,True,0,693,44,1,0,energy
1784691036157.175,0.8,0.1,0.1,579.657770800628,591.0,0.1159315541601256,677.0781893004114,868.6831275720165,0.04450154698468388,1.0,1.0,1.0,68,8,2.0028046019734314,1,10,balanced,0,2,70,68,True,requested_slotframe_above_max (70 > 68),2.0028046019734314,False,False,False,True,0,694,44,1,0,energy
1784691038790.426,0.8,0.1,0.1,577.5243328100471,589.4444444444445,0.11550486656200942,685.6341857730745,874.2621987066432,0.04507232726971811,1.0,1.0,1.0,68,8,2.0030888740234207,1,10,balanced,0,2,70,68,True,requested_slotframe_above_max (70 > 68),2.0030888740234207,False,False,False,True,0,695,44,1,0,energy
1784691041630.1711,0.8,0.1,0.1,578.3736263736264,589.6666666666666,0.11567472527472528,821.2131555474467,994.8159804577429,0.05411695500650078,0.9248646569581397,0.9300819252432154,0.9248646569581397,68,8,1.9945349899753837,1,10,balanced,0,2,70,68,True,requested_slotframe_above_max (70 > 68),1.9945349899753837,False,False,False,True,0,696,44,1,0,energy
1784691044265.065,0.8,0.1,0.1,579.4505494505495,590.8888888888889,0.1158901098901099,689.5194003527338,876.3462669018226,0.04533151436642654,1.0,1.0,1.0,68,8,2.0027547606512695,1,10,balanced,0,2,70,68,True,requested_slotframe_above_max (70 > 68),2.0027547606512695,False,False,False,True,0,697,44,1,0,energy
1784691046898.521,0.8,0.1,0.1,579.0675039246468,590.1111111111111,0.11581350078492936,676.7791005291006,854.9588477366256,0.04448159443156108,1.0,1.0,1.0,68,8,2.0029010399289002,1,10,balanced,0,2,70,68,True,requested_slotframe_above_max (70 > 68),2.0029010399289002,False,False,False,True,0,698,44,1,0,energy
1784691049629.8489,0.8,0.1,0.1,580.1020408163265,591.3333333333334,0.1160204081632653,700.8921222810111,882.0429159318049,0.04609020161981395,0.9960192868356136,0.9960317460317462,0.9960192868356136,68,8,2.002176581990968,1,10,balanced,0,2,70,68,True,requested_slotframe_above_max (70 > 68),2.002176581990968,False,False,False,True,0,699,44,1,0,energy
1784691052266.074,0.8,0.1,0.1,578.2621664050237,590.4444444444445,0.11565243328100473,788.7882128159904,955.3218694885361,0.05195385008779122,1.0,1.0,1.0,68,8,2.002282668366417,1,10,balanced,0,2,70,68,True,requested_slotframe_above_max (70 > 68),2.002282668366417,False,False,False,True,0,700,44,1,0,energy
1784691057828.1492,0.8,0.1,0.1,579.2072213500785,590.6666666666666,0.1158414442700157,677.5676072898294,854.2357436801881,0.044534196617066674,1.0,1.0,1.0,68,8,2.0028734249222806,1,10,balanced,0,2,70,68,True,requested_slotframe_above_max (70 > 68),2.0028734249222806,False,False,False,True,0,701,44,1,0,energy
1784691060462.509,0.8,0.1,0.1,579.4725274725274,590.7777777777778,0.11589450549450549,715.9330484330484,900.7549857549857,0.0470935989615109,0.9940694226408514,0.9958847736625513,0.9940694226408514,68,8,2.0019819779723296,1,10,balanced,0,2,70,68,True,requested_slotframe_above_max (70 > 68),2.0019819779723296,False,False,False,True,0,702,44,1,0,energy
1784691063196.371,0.8,0.1,0.1,493.5243328100471,531.1111111111111,0.09870486656200941,605.2592592592592,705.7407407407408,0.039710424233439574,0.8398744113029829,0.8888888888888888,0.8398744113029829,68,8,2.0010525054573467,1,10,balanced,0,2,70,68,True,requested_slotframe_above_max (70 > 68),2.0010525054573467,False,False,False,True,0,703,44,1,0,energy
1784691065831.375,0.8,0.1,0.1,580.2229199372057,591.8888888888889,0.11604458398744114,727.0884773662551,883.7037037037037,0.04783779035131789,1.0,1.0,1.0,68,8,2.0023805537749153,1,10,balanced,0,2,70,68,True,requested_slotframe_above_max (70 > 68),2.0023805537749153,False,False,False,True,0,704,44,1,0,energy
1784691068457.653,0.8,0.1,0.1,580.2386185243329,591.6666666666666,0.11604772370486657,736.003821281599,884.5972957084069,0.04843254311418272,1.0,1.0,1.0,68,8,2.0023185667246883,1,10,balanced,0,2,70,68,True,requested_slotframe_above_max (70 > 68),2.0023185667246883,False,False,False,True,0,705,44,1,0,energy
1784691071294.6838,0.8,0.1,0.1,493.2339089481947,530.7777777777778,0.09864678178963894,613.9182721027479,721.4692353643966,0.040288076858088585,0.8362789284448272,0.8853046594982079,0.8362789284448272,68,8,2.0006816597269625,1,10,balanced,0,2,70,68,True,requested_slotframe_above_max (70 > 68),2.0006816597269625,False,False,False,True,0,706,44,1,0,energy
1784691073933.992,0.8,0.1,0.1,578.8649921507065,590.6666666666666,0.1157729984301413,647.3794826572604,799.6560846560847,0.042520312385407634,1.0,1.0,1.0,68,8,2.003129570017346,1,10,balanced,0,2,70,68,True,requested_slotframe_above_max (70 > 68),2.003129570017346,False,False,False,True,0,707,44,1,0,energy
1784691076575.362,0.8,0.1,0.1,580.8006279434851,591.8888888888889,0.11616012558869702,643.5153529597975,801.0921177587845,0.04226253188524333,1.0,1.0,1.0,68,8,2.002845646340518,1,10,balanced,0,2,70,68,True,requested_slotframe_above_max (70 > 68),2.002845646340518,False,False,False,True,0,708,44,1,0,energy
1784691079212.8489,0.8,0.1,0.1,578.4113029827316,590.0,0.11568226059654632,730.4357730746619,867.6440329218108,0.048061092266488456,1.0,1.0,1.0,68,8,2.002648082296114,1,10,balanced,0,2,70,68,True,requested_slotframe_above_max (70 > 68),2.002648082296114,False,False,False,True,0,709,44,1,0,energy
1784691081853.752,0.8,0.1,0.1,579.9623233908948,591.6666666666666,0.11599246467817895,615.5099941211051,798.04379776602,0.040394262449706814,1.0,1.0,1.0,68,8,2.0031666020124863,1,10,balanced,0,2,70,68,True,requested_slotframe_above_max (70 > 68),2.0031666020124863,False,False,False,True,0,710,44,1,0,energy
1784691084591.422,0.8,0.1,0.1,579.4395604395605,591.0,0.1158879120879121,593.5207991242473,765.1409414340447,0.0389273381670612,1.0,1.0,1.0,68,8,2.003396936512964,1,10,balanced,0,2,70,68,True,requested_slotframe_above_max (70 > 68),2.003396936512964,False,False,False,True,0,711,44,1,0,energy
1784691087229.075,0.8,0.1,0.1,579.2621664050235,590.6666666666666,0.11585243328100471,638.2716049382716,810.9465020576131,0.041912715472866686,1.0,1.0,1.0,68,8,2.0031267818279095,1,10,balanced,0,2,70,68,True,requested_slotframe_above_max (70 > 68),2.0031267818279095,False,False,False,True,0,712,44,1,0,energy
1784691092803.675,0.8,0.1,0.1,579.6954474097331,591.1111111111111,0.11593908948194662,636.4197530864197,777.0781893004115,0.04178917632331019,1.0,1.0,1.0,68,8,2.0030698107821117,1,10,balanced,0,2,70,68,True,requested_slotframe_above_max (70 > 68),2.0030698107821117,False,False,False,True,0,713,44,1,0,energy
1784691095443.4731,0.8,0.1,0.1,581.6043956043958,593.2222222222222,0.11632087912087916,606.6446208112875,772.0061728395061,0.039802843282941126,1.0,1.0,1.0,68,8,2.0029630123750026,1,10,balanced,0,2,70,68,True,requested_slotframe_above_max (70 > 68),2.0029630123750026,False,False,False,True,0,714,44,1,0,energy
1784691098073.995,0.8,0.1,0.1,580.0455259026688,591.5555555555555,0.11600910518053377,660.0,826.9958847736626,0.04336224149432955,1.0,1.0,1.0,68,8,2.00285649170614,1,10,balanced,0,2,70,68,True,requested_slotframe_above_max (70 > 68),2.00285649170614,False,False,False,True,0,715,44,1,0,energy
1784691100711.675,0.8,0.1,0.1,577.9623233908949,589.8888888888889,0.11559246467817898,739.4878012933568,892.038506760729,0.048664963395153894,1.0,1.0,1.0,68,8,2.002659531917941,1,10,balanced,0,2,70,68,True,requested_slotframe_above_max (70 > 68),2.002659531917941,False,False,False,True,0,716,44,1,0,energy
1784691103354.369,0.8,0.1,0.1,581.1130298273156,592.6666666666666,0.11622260596546312,769.3959435626101,947.9717813051146,0.050660169683963314,1.0,1.0,1.0,68,8,2.0019558982592334,1,10,balanced,0,2,70,68,True,requested_slotframe_above_max (70 > 68),2.0019558982592334,False,False,False,True,0,717,44,1,0,energy
1784691106696.099,0.8,0.1,0.1,387.87598116169556,393.6666666666667,0.07757519623233912,466.91476319525094,592.3480449090206,0.030481305083072112,0.6703296703296705,0.6666666666666666,0.6703296703296705,68,8,2.0019246795387886,1,10,balanced,0,2,70,68,True,requested_slotframe_above_max (70 > 68),2.0019246795387886,False,False,False,True,0,718,44,1,0,energy
1784691109335.0,0.8,0.1,0.1,579.0737833594977,590.4444444444445,0.11581475667189954,651.9716343327453,835.4747207524986,0.042826660062224506,1.0,1.0,1.0,68,8,2.0030655286562578,1,10,balanced,0,2,70,68,True,requested_slotframe_above_max (70 > 68),2.0030655286562578,False,False,False,True,0,719,44,1,0,energy
1784691111975.883,0.8,0.1,0.1,580.5447409733125,591.3333333333334,0.1161089481946625,623.8058495002939,804.7766019988243,0.04094768842563668,1.0,1.0,1.0,68,8,2.0030180726017064,1,10,balanced,0,2,70,68,True,requested_slotframe_above_max (70 > 68),2.0030180726017064,False,False,False,True,0,720,44,1,0,energy
1784691115018.668,0.8,0.1,0.1,424.9042386185244,463.77777777777777,0.08498084772370489,548.3108465608466,664.574074074074,0.035911330657828325,0.7284144427001571,0.7777777777777778,0.7284144427001571,68,8,2.001265633025269,1,10,balanced,0,2,70,68,True,requested_slotframe_above_max (70 > 68),2.001265633025269,False,False,False,True,0,721,44,1,0,energy
1784691117650.01,0.8,0.1,0.1,579.945054945055,592.0,0.11598901098901099,695.4982363315697,851.8356848912405,0.04573036933499464,1.0,1.0,1.0,68,8,2.0026357542752917,1,10,balanced,0,2,70,68,True,requested_slotframe_above_max (70 > 68),2.0026357542752917,False,False,False,True,0,722,44,1,0,energy
1784691120289.68,0.8,0.1,0.1,579.6232339089482,591.1111111111111,0.11592464678178965,791.8356848912405,970.0852439741328,0.05215715042636694,1.0,1.0,1.0,68,8,2.0020445675319314,1,10,balanced,0,2,70,68,True,requested_slotframe_above_max (70 > 68),2.0020445675319314,False,False,False,True,0,723,44,1,0,energy
1784691123630.2349,0.8,0.1,0.1,333.45682888540034,402.6666666666667,0.06669136577708007,389.66060136791845,389.3870176797006,0.025327591819073944,0.5604395604395606,0.6666666666666666,0.5604395604395606,68,8,2.0001581042403846,1,10,balanced,0,2,70,68,True,requested_slotframe_above_max (70 > 68),2.0001581042403846,False,False,False,True,0,724,44,1,0,energy
1784691129196.373,0.8,0.1,0.1,579.3516483516484,590.6666666666666,0.11587032967032967,722.8086419753087,919.1666666666666,0.047552277650120656,1.0,1.0,1.0,68,8,2.002548508498724,1,10,balanced,0,2,70,68,True,requested_slotframe_above_max (70 > 68),2.002548508498724,False,False,False,True,0,725,44,1,0,energy
1784691131935.6948,0.8,0.1,0.1,542.7409733124019,522.0,0.10854819466248039,673.6851851851851,872.4444444444443,0.04427519580955204,0.9419152276295134,0.8888888888888888,0.9419152276295134,68,8,2.0029254474520117,1,10,balanced,0,2,70,68,True,requested_slotframe_above_max (70 > 68),2.0029254474520117,False,False,False,True,0,726,44,1,0,energy
1784691134571.5,0.8,0.1,0.1,579.8885400313972,591.5555555555555,0.11597770800627943,896.8236444625331,1061.457400624067,0.05916101697548587,0.9940694226408514,0.9958847736625513,0.9940694226408514,68,8,2.000708674161513,1,10,balanced,0,2,70,68,True,requested_slotframe_above_max (70 > 68),2.000708674161513,False,False,False,True,0,727,44,1,0,energy
1784691137211.6758,0.8,0.1,0.1,580.2339089481947,591.6666666666666,0.11604678178963893,718.8198118753673,903.1407995296885,0.04728617824385373,1.0,1.0,1.0,68,8,2.0024339567439036,1,10,balanced,0,2,70,68,True,requested_slotframe_above_max (70 > 68),2.0024339567439036,False,False,False,True,0,728,44,1,0,energy
1784691139851.967,0.8,0.1,0.1,579.5572998430141,591.2222222222222,0.11591145996860282,737.1942974720753,901.8151087595533,0.048511961138897615,1.0,1.0,1.0,68,8,2.002419635911228,1,10,balanced,0,2,70,68,True,requested_slotframe_above_max (70 > 68),2.002419635911228,False,False,False,True,0,729,44,1,0,energy
1784691142491.5881,0.8,0.1,0.1,581.1507064364207,593.4444444444445,0.11623014128728414,648.4700176366842,816.4506172839506,0.042593063217924235,1.0,1.0,1.0,68,8,2.0027565806483802,1,10,balanced,0,2,70,68,True,requested_slotframe_above_max (70 > 68),2.0027565806483802,False,False,False,True,0,730,44,1,0,energy
1784691145131.794,0.8,0.1,0.1,580.6860282574569,592.5555555555555,0.11613720565149138,693.6008230452675,854.2313345091123,0.045603790730171276,1.0,1.0,1.0,68,8,2.00252985640579,1,10,balanced,0,2,70,68,True,requested_slotframe_above_max (70 > 68),2.00252985640579,False,False,False,True,0,731,44,1,0,energy
1784691147762.9531,0.8,0.1,0.1,582.7692307692308,594.1111111111111,0.11655384615384616,657.2053203997648,834.3459729570841,0.04317580523013775,1.0,1.0,1.0,68,8,2.002439342553909,1,10,balanced,0,2,70,68,True,requested_slotframe_above_max (70 > 68),2.002439342553909,False,False,False,True,0,732,44,1,0,energy
1784691150398.8618,0.8,0.1,0.1,580.7001569858713,592.1111111111111,0.11614003139717427,727.2861552028219,891.2463256907702,0.047850977665298326,1.0,1.0,1.0,68,8,2.002302877115731,1,10,balanced,0,2,70,68,True,requested_slotframe_above_max (70 > 68),2.002302877115731,False,False,False,True,0,733,44,1,0,energy
1784691153038.9011,0.8,0.1,0.1,581.3061224489797,592.4444444444445,0.11626122448979595,710.5900940623162,908.3906525573192,0.04673716438040802,1.0,1.0,1.0,68,8,2.0023173039701225,1,10,balanced,0,2,70,68,True,requested_slotframe_above_max (70 > 68),2.0023173039701225,False,False,False,True,0,734,44,1,0,energy
1784691155668.131,0.8,0.1,0.1,580.2370486656201,591.7777777777778,0.11604740973312402,737.6388888888889,918.7139917695472,0.048541620339485586,1.0,1.0,1.0,68,8,2.0023079101795522,1,10,balanced,0,2,70,68,True,requested_slotframe_above_max (70 > 68),2.0023079101795522,False,False,False,True,0,735,44,1,0,energy
1784691158407.655,0.8,0.1,0.1,580.9733124018838,592.5555555555555,0.11619466248037677,713.9771483305965,875.6704980842911,0.046963118634462744,1.0,1.0,1.0,68,8,2.002347958152252,1,10,balanced,0,2,70,68,True,requested_slotframe_above_max (70 > 68),2.002347958152252,False,False,False,True,0,736,44,1,0,energy
1784691164000.609,0.8,0.1,0.1,578.4960753532182,589.7777777777778,0.11569921507064364,860.5321869488536,1114.6775426219872,0.05673997244488683,0.9917437060294204,0.9917695473251028,0.9917437060294204,68,8,2.0009410013019386,1,10,balanced,0,2,70,68,True,requested_slotframe_above_max (70 > 68),2.0009410013019386,False,False,False,True,0,737,44,1,0,energy
1784691166629.155,0.8,0.1,0.1,578.6562009419152,590.8888888888889,0.11573124018838304,674.2475014697236,838.3671369782481,0.04431270857036181,1.0,1.0,1.0,68,8,2.0029837369922574,1,10,balanced,0,2,70,68,True,requested_slotframe_above_max (70 > 68),2.0029837369922574,False,False,False,True,0,738,44,1,0,energy
1784691169267.55,0.8,0.1,0.1,579.0910518053375,591.0,0.11581821036106751,683.3458259847148,884.5664315108759,0.044919668177766166,1.0,1.0,1.0,68,8,2.0028534648933696,1,10,balanced,0,2,70,68,True,requested_slotframe_above_max (70 > 68),2.0028534648933696,False,False,False,True,0,739,44,1,0,energy
1784691171907.781,0.8,0.1,0.1,579.4693877551022,591.0,0.11589387755102043,639.6383349161126,822.5023741690408,0.042003891588800045,0.9958718530147103,0.9958847736625513,0.9958718530147103,68,8,2.0026716941017746,1,10,balanced,0,2,70,68,True,requested_slotframe_above_max (70 > 68),2.0026716941017746,False,False,False,True,0,740,44,1,0,energy
1784691174537.847,0.8,0.1,0.1,579.5274725274726,591.2222222222222,0.11590549450549452,717.5742210464433,884.5282186948854,0.047203083458735376,1.0,1.0,1.0,68,8,2.002555296049731,1,10,balanced,0,2,70,68,True,requested_slotframe_above_max (70 > 68),2.002555296049731,False,False,False,True,0,741,44,1,0,energy
1784691177173.6492,0.8,0.1,0.1,578.3830455259027,590.2222222222222,0.11567660910518054,692.2935038212815,853.6699000587889,0.045516577973401036,1.0,1.0,1.0,68,8,2.0029070549185155,1,10,balanced,0,2,70,68,True,requested_slotframe_above_max (70 > 68),2.0029070549185155,False,False,False,True,0,742,44,1,0,energy
1784691179811.719,0.8,0.1,0.1,579.6436420722134,590.8888888888889,0.11592872841444268,778.6331569664902,985.1381540270427,0.051276394727584405,1.0,1.0,1.0,68,8,2.0021293777956872,1,10,balanced,0,2,70,68,True,requested_slotframe_above_max (70 > 68),2.0021293777956872,False,False,False,True,0,743,44,1,0,energy
1784691182448.603,0.8,0.1,0.1,579.2762951334381,591.0,0.11585525902668763,775.7738095238095,959.3518518518517,0.051085644397852535,1.0,1.0,1.0,68,8,2.0022072283388646,1,10,balanced,0,2,70,68,True,requested_slotframe_above_max (70 > 68),2.0022072283388646,False,False,False,True,0,744,44,1,0,energy
1784691185087.019,0.8,0.1,0.1,579.2762951334381,591.7777777777778,0.11585525902668763,658.9981006647673,831.4878125989237,0.04329540364674899,0.9958718530147103,0.9958847736625513,0.9958718530147103,68,8,2.002573437715446,1,10,balanced,0,2,70,68,True,requested_slotframe_above_max (70 > 68),2.002573437715446,False,False,False,True,0,745,44,1,0,energy
1784691187721.472,0.8,0.1,0.1,579.2872841444271,591.1111111111111,0.11585745682888542,727.2574955908287,881.875367430923,0.04784906574988851,1.0,1.0,1.0,68,8,2.002529127961903,1,10,balanced,0,2,70,68,True,requested_slotframe_above_max (70 > 68),2.002529127961903,False,False,False,True,0,746,44,1,0,energy
1784691190557.781,0.8,0.1,0.1,493.11302982731564,533.0,0.09862260596546313,631.7439516129031,724.0042562724014,0.04147724827304223,0.8367346938775512,0.8888888888888888,0.8367346938775512,68,8,2.0006276597880803,1,10,balanced,0,2,70,68,True,requested_slotframe_above_max (70 > 68),2.0006276597880803,False,False,False,True,0,747,44,1,0,energy
1784691193194.8098,0.8,0.1,0.1,580.0753532182104,591.4444444444445,0.11601507064364207,722.120811287478,918.6537330981776,0.047506391680285386,1.0,1.0,1.0,68,8,2.002437304317058,1,10,balanced,0,2,70,68,True,requested_slotframe_above_max (70 > 68),2.002437304317058,False,False,False,True,0,748,44,1,0,energy
1784691198763.652,0.8,0.1,0.1,579.4128728414443,591.4444444444445,0.11588257456828885,713.5361552028219,916.0346854791301,0.04693369947984135,1.0,1.0,1.0,68,8,2.0026005703973846,1,10,balanced,0,2,70,68,True,requested_slotframe_above_max (70 > 68),2.0026005703973846,False,False,False,True,0,749,44,1,0,energy
1784691201401.054,0.8,0.1,0.1,580.4442700156987,592.5555555555555,0.11608885400313974,715.7510288065843,879.1696061140506,0.047081456224588675,1.0,1.0,1.0,68,8,2.0024207711750295,1,10,balanced,0,2,70,68,True,requested_slotframe_above_max (70 > 68),2.0024207711750295,False,False,False,True,0,750,44,1,0,energy
1784691204040.503,0.8,0.1,0.1,577.7927786499216,590.1111111111111,0.11555855572998432,716.9373219373219,899.2006964229187,0.04716059519261654,1.0,1.0,1.0,68,8,2.002837095896751,1,10,balanced,0,2,70,68,True,requested_slotframe_above_max (70 > 68),2.002837095896751,False,False,False,True,0,751,44,1,0,energy
1784691206677.04,0.8,0.1,0.1,580.6452119309263,592.3333333333334,0.11612904238618525,764.6737213403879,955.9700176366844,0.05034514485259426,1.0,1.0,1.0,68,8,2.002062251605792,1,10,balanced,0,2,70,68,True,requested_slotframe_above_max (70 > 68),2.002062251605792,False,False,False,True,0,752,44,1,0,energy
1784691209319.01,0.8,0.1,0.1,579.624803767661,590.6666666666666,0.1159249607535322,656.0361552028218,853.1452087007642,0.04309780888611219,1.0,1.0,1.0,68,8,2.002950250508563,1,10,balanced,0,2,70,68,True,requested_slotframe_above_max (70 > 68),2.002950250508563,False,False,False,True,0,753,44,1,0,energy
1784691211961.07,0.8,0.1,0.1,578.3689167974884,589.3333333333334,0.11567378335949768,686.8768371546149,872.9056437389771,0.04515522596094829,1.0,1.0,1.0,68,8,2.002945450716307,1,10,balanced,0,2,70,68,True,requested_slotframe_above_max (70 > 68),2.002945450716307,False,False,False,True,0,754,44,1,0,energy
1784691214590.017,0.8,0.1,0.1,579.9937205651491,592.0,0.11599874411302982,816.1565029620584,1024.0055623388955,0.05377961994409996,0.9917437060294204,0.9917695473251028,0.9917437060294204,68,8,2.000997413318108,1,10,balanced,0,2,70,68,True,requested_slotframe_above_max (70 > 68),2.000997413318108,False,False,False,True,0,755,44,1,0,energy
1784691217234.311,0.8,0.1,0.1,580.403453689168,591.8888888888889,0.1160806907378336,734.3716931216929,936.6358024691358,0.048323661982768044,1.0,1.0,1.0,68,8,2.002303081211456,1,10,balanced,0,2,70,68,True,requested_slotframe_above_max (70 > 68),2.002303081211456,False,False,False,True,0,756,44,1,0,energy
1784691219876.077,0.8,0.1,0.1,579.3045525902669,591.3333333333334,0.11586091051805338,753.9704585537919,926.2536743092298,0.04963111798224095,1.0,1.0,1.0,68,8,2.002348159787333,1,10,balanced,0,2,70,68,True,requested_slotframe_above_max (70 > 68),2.002348159787333,False,False,False,True,0,757,44,1,0,energy
1784691222516.638,0.8,0.1,0.1,579.2496075353218,590.4444444444445,0.11584992150706437,717.2685185185185,869.0711346266902,0.04718268969436414,1.0,1.0,1.0,68,8,2.002601793824912,1,10,balanced,0,2,70,68,True,requested_slotframe_above_max (70 > 68),2.002601793824912,False,False,False,True,0,758,44,1,0,energy
1784691225149.7031,0.8,0.1,0.1,579.232339089482,590.4444444444445,0.11584646781789641,702.7307466196355,877.8586125808347,0.046212858346873616,1.0,1.0,1.0,68,8,2.0027015399109955,1,10,balanced,0,2,70,68,True,requested_slotframe_above_max (70 > 68),2.0027015399109955,False,False,False,True,0,759,44,1,0,energy
1784691227788.603,0.8,0.1,0.1,580.4379905808479,591.7777777777778,0.11608759811616957,623.9043209876544,806.6681363903587,0.040954257570890884,1.0,1.0,1.0,68,8,2.0030344957499753,1,10,balanced,0,2,70,68,True,requested_slotframe_above_max (70 > 68),2.0030344957499753,False,False,False,True,0,760,44,1,0,energy
1784691230422.2961,0.8,0.1,0.1,579.5416012558871,591.8888888888889,0.11590832025117744,681.9753086419753,867.9835390946503,0.04482823940239995,1.0,1.0,1.0,68,8,2.0027905198588183,1,10,balanced,0,2,70,68,True,requested_slotframe_above_max (70 > 68),2.0027905198588183,False,False,False,True,0,761,44,1,0,energy
1784691236002.37,0.8,0.1,0.1,579.7770800627944,591.4444444444445,0.11595541601255889,660.2954144620811,831.0817166372722,0.04338194893009214,1.0,1.0,1.0,68,8,2.0028974722969437,1,10,balanced,0,2,70,68,True,requested_slotframe_above_max (70 > 68),2.0028974722969437,False,False,False,True,0,762,44,1,0,energy
1784691238845.5168,0.8,0.1,0.1,493.07692307692315,531.2222222222222,0.09861538461538463,648.769041218638,750.3147401433692,0.04261301142219066,0.8398744113029829,0.8888888888888888,0.8398744113029829,68,8,2.0008338322957715,1,10,balanced,0,2,70,68,True,requested_slotframe_above_max (70 > 68),2.0008338322957715,False,False,False,True,0,763,44,1,0,energy
1784691241485.83,0.8,0.1,0.1,581.4505494505495,592.8888888888889,0.11629010989010989,721.015466015466,883.9167005833673,0.04743265283625524,1.0,1.0,1.0,68,8,2.0022246468042866,1,10,balanced,0,2,70,68,True,requested_slotframe_above_max (70 > 68),2.0022246468042866,False,False,False,True,0,764,44,1,0,energy
1784691244126.387,0.8,0.1,0.1,578.5824175824176,590.4444444444445,0.11571648351648353,707.7388300999412,877.38683127572,0.04654695330886866,1.0,1.0,1.0,68,8,2.002772117855926,1,10,balanced,0,2,70,68,True,requested_slotframe_above_max (70 > 68),2.002772117855926,False,False,False,True,0,765,44,1,0,energy
1784691246767.8188,0.8,0.1,0.1,580.9199372056515,592.1111111111111,0.1161839874411303,683.4002057613169,879.5987654320987,0.04492329591469759,1.0,1.0,1.0,68,8,2.002560480455626,1,10,balanced,0,2,70,68,True,requested_slotframe_above_max (70 > 68),2.002560480455626,False,False,False,True,0,766,44,1,0,energy
1784691249409.199,0.8,0.1,0.1,577.8367346938776,589.8888888888889,0.11556734693877552,641.5505584950029,817.6778365667255,0.042131458205136946,1.0,1.0,1.0,68,8,2.003332976628466,1,10,balanced,0,2,70,68,True,requested_slotframe_above_max (70 > 68),2.003332976628466,False,False,False,True,0,767,44,1,0,energy
1784691252046.8472,0.8,0.1,0.1,579.4505494505495,591.1111111111111,0.1158901098901099,633.9506172839506,796.3786008230453,0.041624457457234865,1.0,1.0,1.0,68,8,2.0031254663421887,1,10,balanced,0,2,70,68,True,requested_slotframe_above_max (70 > 68),2.0031254663421887,False,False,False,True,0,768,44,1,0,energy
1784691254684.258,0.8,0.1,0.1,579.2291993720565,590.5555555555555,0.11584583987441131,687.7204585537919,851.715167548501,0.04521150490685737,1.0,1.0,1.0,68,8,2.002802177609785,1,10,balanced,0,2,70,68,True,requested_slotframe_above_max (70 > 68),2.002802177609785,False,False,False,True,0,769,44,1,0,energy
1784691257325.9321,0.8,0.1,0.1,578.7488226059655,590.0,0.11574976452119311,727.4529688418576,885.2322163433274,0.04786210599345281,1.0,1.0,1.0,68,8,2.0026139777837004,1,10,balanced,0,2,70,68,True,requested_slotframe_above_max (70 > 68),2.0026139777837004,False,False,False,True,0,770,44,1,0,energy
1784691259965.162,0.8,0.1,0.1,577.8383045525903,589.3333333333334,0.11556766091051807,736.1316872427983,918.148148148148,0.048441073198318765,1.0,1.0,1.0,68,8,2.0027017639517535,1,10,balanced,0,2,70,68,True,requested_slotframe_above_max (70 > 68),2.0027017639517535,False,False,False,True,0,771,44,1,0,energy
1784691262602.853,0.8,0.1,0.1,578.3014128728414,589.5555555555555,0.11566028257456828,637.9651675485009,781.164021164021,0.04189227268502341,1.0,1.0,1.0,68,8,2.003282546671843,1,10,balanced,0,2,70,68,True,requested_slotframe_above_max (70 > 68),2.003282546671843,False,False,False,True,0,772,44,1,0,energy
1784691265235.248,0.8,0.1,0.1,577.712715855573,589.2222222222222,0.1155425431711146,671.4387464387464,837.116176005065,0.04412533331812851,1.0,1.0,1.0,68,8,2.0031534321312954,1,10,balanced,0,2,70,68,True,requested_slotframe_above_max (70 > 68),2.0031534321312954,False,False,False,True,0,773,44,1,0,energy
1784691270811.438,0.8,0.1,0.1,578.1601255886972,590.1111111111111,0.11563202511773943,710.300558495003,908.8286302175192,0.046717849132421815,1.0,1.0,1.0,68,8,2.0028225949925664,1,10,balanced,0,2,70,68,True,requested_slotframe_above_max (70 > 68),2.0028225949925664,False,False,False,True,0,774,44,1,0,energy
1784691273450.252,0.8,0.1,0.1,579.6185243328101,590.8888888888889,0.11592370486656202,694.4701646090534,857.2516166960611,0.04566178549760196,1.0,1.0,1.0,68,8,2.0026948575569903,1,10,balanced,0,2,70,68,True,requested_slotframe_above_max (70 > 68),2.0026948575569903,False,False,False,True,0,775,44,1,0,energy
1784691276087.597,0.8,0.1,0.1,580.265306122449,592.3333333333334,0.1160530612244898,684.0909758965313,843.1937095825984,0.044969377978421037,1.0,1.0,1.0,68,8,2.002660613222566,1,10,balanced,0,2,70,68,True,requested_slotframe_above_max (70 > 68),2.002660613222566,False,False,False,True,0,776,44,1,0,energy
1784691278722.262,0.8,0.1,0.1,579.7912087912089,591.8888888888889,0.11595824175824178,649.9715099715099,825.997150997151,0.04269322948442361,1.0,1.0,1.0,68,8,2.0029640836449643,1,10,balanced,0,2,70,68,True,requested_slotframe_above_max (70 > 68),2.0029640836449643,False,False,False,True,0,777,44,1,0,energy
1784691281364.517,0.8,0.1,0.1,579.6860282574569,591.6666666666666,0.11593720565149138,677.5925925925926,851.2110523221635,0.04453586341511625,1.0,1.0,1.0,68,8,2.0027966491372955,1,10,balanced,0,2,70,68,True,requested_slotframe_above_max (70 > 68),2.0027966491372955,False,False,False,True,0,778,44,1,0,energy
1784691284004.386,0.8,0.1,0.1,580.1334379905809,591.1111111111111,0.11602668759811617,630.514403292181,796.5843621399176,0.0413952237019467,1.0,1.0,1.0,68,8,2.0030391275513124,1,10,balanced,0,2,70,68,True,requested_slotframe_above_max (70 > 68),2.0030391275513124,False,False,False,True,0,779,44,1,0,energy
1784691286633.112,0.8,0.1,0.1,578.7032967032967,590.3333333333334,0.11574065934065934,647.1751910640799,808.994708994709,0.04250668386017878,1.0,1.0,1.0,68,8,2.0031568041414545,1,10,balanced,0,2,70,68,True,requested_slotframe_above_max (70 > 68),2.0031568041414545,False,False,False,True,0,780,44,1,0,energy
1784691289269.236,0.8,0.1,0.1,580.0172684458399,591.5555555555555,0.11600345368916799,741.0141093474426,881.9194591416813,0.048766785146593904,1.0,1.0,1.0,68,8,2.0023205585340063,1,10,balanced,0,2,70,68,True,requested_slotframe_above_max (70 > 68),2.0023205585340063,False,False,False,True,0,781,44,1,0,energy
1784691292012.845,0.8,0.1,0.1,581.3249607535322,592.5555555555555,0.11626499215070644,653.0665024630541,807.1702244116036,0.04289969996417973,1.0,1.0,1.0,68,8,2.0026980362830167,1,10,balanced,0,2,70,68,True,requested_slotframe_above_max (70 > 68),2.0026980362830167,False,False,False,True,0,782,44,1,0,energy
1784691294647.6199,0.8,0.1,0.1,581.3061224489795,592.0,0.11626122448979591,695.6731334509113,857.7204585537919,0.04574203692134165,1.0,1.0,1.0,68,8,2.0024168167160292,1,10,balanced,0,2,70,68,True,requested_slotframe_above_max (70 > 68),2.0024168167160292,False,False,False,True,0,783,44,1,0,energy
1784691297291.255,0.8,0.1,0.1,581.4411302982733,593.2222222222222,0.11628822605965465,686.4528218694884,842.9747207524985,0.04512693941757761,1.0,1.0,1.0,68,8,2.0024567252105183,1,10,balanced,0,2,70,68,True,requested_slotframe_above_max (70 > 68),2.0024567252105183,False,False,False,True,0,784,44,1,0,energy
1784691299925.503,0.8,0.1,0.1,582.7284144427002,593.8888888888889,0.11654568288854004,722.8446502057614,874.6604938271605,0.047554679800250924,1.0,1.0,1.0,68,8,2.002007985709143,1,10,balanced,0,2,70,68,True,requested_slotframe_above_max (70 > 68),2.002007985709143,False,False,False,True,0,785,44,1,0,energy
1784691305492.823,0.8,0.1,0.1,580.2229199372057,591.4444444444445,0.11604458398744114,692.2464726631393,849.7751322751324,0.04551344047119008,1.0,1.0,1.0,68,8,2.002612988762928,1,10,balanced,0,2,70,68,True,requested_slotframe_above_max (70 > 68),2.002612988762928,False,False,False,True,0,786,44,1,0,energy
1784691308131.715,0.8,0.1,0.1,578.9199372056515,590.4444444444445,0.1157839874411303,660.0894270338715,829.6011396011396,0.043368207273773954,0.9940694226408514,0.9958847736625513,0.9940694226408514,68,8,2.0024429315838033,1,10,balanced,0,2,70,68,True,requested_slotframe_above_max (70 > 68),2.0024429315838033,False,False,False,True,0,787,44,1,0,energy
1784691310774.066,0.8,0.1,0.1,578.8838304552592,590.4444444444445,0.11577676609105184,708.329376384932,898.5929091484646,0.04658634932521227,0.9940694226408514,0.9958847736625513,0.9940694226408514,68,8,2.0021268944587223,1,10,balanced,0,2,70,68,True,requested_slotframe_above_max (70 > 68),2.0021268944587223,False,False,False,True,0,788,44,1,0,energy
1784691313414.619,0.8,0.1,0.1,579.6373626373628,591.2222222222222,0.11592747252747256,739.1801202912312,923.5011079455523,0.048644437644511755,0.9958718530147103,0.9958847736625513,0.9958718530147103,68,8,2.001980763515042,1,10,balanced,0,2,70,68,True,requested_slotframe_above_max (70 > 68),2.001980763515042,False,False,False,True,0,789,44,1,0,energy
1784691316048.5361,0.8,0.1,0.1,578.2087912087912,590.0,0.11564175824175825,677.3581716637271,854.9162257495591,0.0445202249275335,1.0,1.0,1.0,68,8,2.00303457091384,1,10,balanced,0,2,70,68,True,requested_slotframe_above_max (70 > 68),2.00303457091384,False,False,False,True,0,790,44,1,0,energy
1784691318679.434,0.8,0.1,0.1,579.0627943485086,590.7777777777778,0.11581255886970172,711.1493239271016,899.8059964726632,0.046774471242635195,1.0,1.0,1.0,68,8,2.0026725057799752,1,10,balanced,0,2,70,68,True,requested_slotframe_above_max (70 > 68),2.0026725057799752,False,False,False,True,0,791,44,1,0,energy
1784691321320.115,0.8,0.1,0.1,577.7817896389325,588.8888888888889,0.11555635792778651,713.9507868674535,903.5362682584905,0.04696136003118436,1.0,1.0,1.0,68,8,2.0028587776546525,1,10,balanced,0,2,70,68,True,requested_slotframe_above_max (70 > 68),2.0028587776546525,False,False,False,True,0,792,44,1,0,energy
1784691323959.7312,0.8,0.1,0.1,580.1836734693878,591.6666666666666,0.11603673469387757,667.6624609957944,823.5480260480259,0.043873413008391884,1.0,1.0,1.0,68,8,2.0027832709440587,1,10,balanced,0,2,70,68,True,requested_slotframe_above_max (70 > 68),2.0027832709440587,False,False,False,True,0,793,44,1,0,energy
1784691326597.7449,0.8,0.1,0.1,582.072213500785,592.8888888888889,0.116414442700157,717.5080834803057,900.7671957671957,0.04719867134625121,1.0,1.0,1.0,68,8,2.002148578705249,1,10,balanced,0,2,70,68,True,requested_slotframe_above_max (70 > 68),2.002148578705249,False,False,False,True,0,794,44,1,0,energy
1784691329238.012,0.8,0.1,0.1,579.9324960753532,591.2222222222222,0.11598649921507065,684.340772396328,868.1750553972776,0.04498604218788046,1.0,1.0,1.0,68,8,2.0027121964091554,1,10,balanced,0,2,70,68,True,requested_slotframe_above_max (70 > 68),2.0027121964091554,False,False,False,True,0,795,44,1,0,energy
1784691331877.154,0.8,0.1,0.1,582.8602825745684,593.7777777777778,0.11657205651491367,718.9219576719577,904.4694297472075,0.04729299250646816,1.0,1.0,1.0,68,8,2.002013055537422,1,10,balanced,0,2,70,68,True,requested_slotframe_above_max (70 > 68),2.002013055537422,False,False,False,True,0,796,44,1,0,energy
1784691334508.472,0.8,0.1,0.1,580.2810047095761,591.1111111111111,0.11605620094191522,693.287037037037,845.3174603174605,0.04558285770760753,1.0,1.0,1.0,68,8,2.002596753475707,1,10,balanced,0,2,70,68,True,requested_slotframe_above_max (70 > 68),2.002596753475707,False,False,False,True,0,797,44,1,0,energy
1784691340080.617,0.8,0.1,0.1,579.1145996860283,590.4444444444445,0.11582291993720567,726.9238683127571,899.2798353909465,0.04782680909357953,1.0,1.0,1.0,68,8,2.0025589831408777,1,10,balanced,0,2,70,68,True,requested_slotframe_above_max (70 > 68),2.0025589831408777,False,False,False,True,0,798,44,1,0,energy
1784691342718.6748,0.8,0.1,0.1,579.5007849293564,590.7777777777778,0.11590015698587129,744.0909758965314,908.639035861258,0.04897204642405146,1.0,1.0,1.0,68,8,2.002382669768898,1,10,balanced,0,2,70,68,True,requested_slotframe_above_max (70 > 68),2.002382669768898,False,False,False,True,0,799,44,1,0,energy
1784691345460.186,0.8,0.1,0.1,581.0989010989011,592.4444444444445,0.11621978021978023,671.054324028462,838.2881773399015,0.04409968806060454,1.0,1.0,1.0,68,8,2.0026142070181154,1,10,balanced,0,2,70,68,True,requested_slotframe_above_max (70 > 68),2.0026142070181154,False,False,False,True,0,800,44,1,0,energy
1784691348098.5178,0.8,0.1,0.1,581.989010989011,592.6666666666666,0.11639780219780221,765.5489417989417,924.1798941798942,0.05040353180780131,1.0,1.0,1.0,68,8,2.0018414050609783,1,10,balanced,0,2,70,68,True,requested_slotframe_above_max (70 > 68),2.0018414050609783,False,False,False,True,0,801,44,1,0,energy
1784691350734.436,0.8,0.1,0.1,578.359497645212,589.5555555555555,0.11567189952904239,735.9803057025279,914.6428571428571,0.048430974363077244,1.0,1.0,1.0,68,8,2.002619382940458,1,10,balanced,0,2,70,68,True,requested_slotframe_above_max (70 > 68),2.002619382940458,False,False,False,True,0,802,44,1,0,energy
1784691353769.665,0.8,0.1,0.1,476.0156985871272,454.77777777777777,0.09520313971742544,584.3888888888888,780.936507936508,0.03831813801793788,0.8304552590266877,0.7777777777777778,0.8304552590266877,68,8,2.0030512003269347,1,10,balanced,0,2,70,68,True,requested_slotframe_above_max (70 > 68),2.0030512003269347,False,False,False,True,0,803,44,1,0,energy
1784691356401.499,0.8,0.1,0.1,579.3689167974883,590.8888888888889,0.11587378335949766,803.4545855379188,985.9318048206939,0.052932260542889846,1.0,1.0,1.0,68,8,2.002007747258113,1,10,balanced,0,2,70,68,True,requested_slotframe_above_max (70 > 68),2.002007747258113,False,False,False,True,0,804,44,1,0,energy
1784691361632.155,0.8,0.1,0.1,139.02354788069076,203.55555555555554,0.02780470957613815,223.38194444444446,185.01388888888889,0.01423495293158402,0.22762951334379905,0.3333333333333333,0.22762951334379905,68,8,1.999095688380311,1,10,balanced,0,2,70,68,True,requested_slotframe_above_max (70 > 68),1.999095688380311,False,False,False,True,0,805,44,1,0,energy
1784691364268.729,0.8,0.1,0.1,580.4882260596547,592.1111111111111,0.11609764521193094,693.5787771898882,871.9885361552028,0.04560232002600989,1.0,1.0,1.0,68,8,2.0025616518278544,1,10,balanced,2,2,68,68,False,,2.0025616518278544,False,False,False,True,0,806,44,1,0,energy
1784691366909.991,0.8,0.1,0.1,578.182103610675,589.6666666666666,0.115636420722135,822.1487360376249,1025.764256319812,0.05417936864827384,1.0,1.0,1.0,68,8,2.0020729265574646,1,10,balanced,0,2,70,68,True,requested_slotframe_above_max (70 > 68),2.0020729265574646,False,False,False,True,0,807,44,1,0,energy
1784691369552.0908,0.8,0.1,0.1,579.63579277865,591.2222222222222,0.11592715855573,720.3123162845386,923.3099308099307,0.047385744915579626,0.9858858073143789,0.9879482657260437,0.9858858073143789,68,8,2.001108279395296,1,10,balanced,0,2,70,68,True,requested_slotframe_above_max (70 > 68),2.001108279395296,False,False,False,True,0,808,44,1,0,energy
1784691375114.819,0.8,0.1,0.1,579.3390894819466,590.5555555555555,0.11586781789638934,646.9797178130511,811.5961199294533,0.042493643616614486,1.0,1.0,1.0,68,8,2.003056381321227,1,10,balanced,0,2,70,68,True,requested_slotframe_above_max (70 > 68),2.003056381321227,False,False,False,True,0,809,44,1,0,energy
1784691377747.46,0.8,0.1,0.1,578.4725274725276,590.2222222222222,0.11569450549450552,684.1468819246596,853.0880025324469,0.04497310753333286,1.0,1.0,1.0,68,8,2.0029470848510624,1,10,balanced,0,2,70,68,True,requested_slotframe_above_max (70 > 68),2.0029470848510624,False,False,False,True,0,810,44,1,0,energy
1784691380386.832,0.8,0.1,0.1,577.2574568288856,588.8888888888889,0.1154514913657771,700.5132162076605,859.8878487767377,0.04606492436341965,0.9958718530147103,0.9958847736625513,0.9958718530147103,68,8,2.0026194997725075,1,10,balanced,0,2,70,68,True,requested_slotframe_above_max (70 > 68),2.0026194997725075,False,False,False,True,0,811,44,1,0,energy
1784691383020.3801,0.8,0.1,0.1,578.7739403453689,590.1111111111111,0.11575478806907379,695.2579930357708,863.4093067426401,0.04571434243067184,1.0,1.0,1.0,68,8,2.0028247353016737,1,10,balanced,0,2,70,68,True,requested_slotframe_above_max (70 > 68),2.0028247353016737,False,False,False,True,0,812,44,1,0,energy
1784691385659.903,0.8,0.1,0.1,579.9843014128729,591.1111111111111,0.11599686028257458,718.5927395649617,881.9738389182834,0.04727102999099144,1.0,1.0,1.0,68,8,2.002475408774841,1,10,balanced,0,2,70,68,True,requested_slotframe_above_max (70 > 68),2.002475408774841,False,False,False,True,0,813,44,1,0,energy
1784691388301.352,0.8,0.1,0.1,578.7990580847724,590.2222222222222,0.11575981161695448,609.6928277483833,787.61316872428,0.04000619264498888,1.0,1.0,1.0,68,8,2.0033915314419377,1,10,balanced,0,2,70,68,True,requested_slotframe_above_max (70 > 68),2.0033915314419377,False,False,False,True,0,814,44,1,0,energy
1784691390942.271,0.8,0.1,0.1,578.0879120879122,589.2222222222222,0.11561758241758244,2404.7903947903947,2500.979966535522,0.15975919911877215,0.9940694226408514,0.9958847736625513,0.9940694226408514,68,8,1.990936956418142,1,10,balanced,0,2,70,68,True,requested_slotframe_above_max (70 > 68),1.990936956418142,False,False,False,True,0,815,44,1,0,energy
1784691393683.353,0.8,0.1,0.1,577.4018838304554,589.5555555555555,0.11548037676609108,631.5277777777777,799.6469622331691,0.04146282706989845,1.0,1.0,1.0,68,8,2.0034694158801374,1,10,balanced,0,2,70,68,True,requested_slotframe_above_max (70 > 68),2.0034694158801374,False,False,False,True,0,816,44,1,0,energy
1784691396326.935,0.8,0.1,0.1,577.723704866562,589.8888888888889,0.1155447409733124,746.8106995884773,901.3815402704291,0.049153482294094546,1.0,1.0,1.0,68,8,2.0026488589919405,1,10,balanced,0,2,70,68,True,requested_slotframe_above_max (70 > 68),2.0026488589919405,False,False,False,True,0,817,44,1,0,energy
1784691398967.721,0.8,0.1,0.1,579.348508634223,590.5555555555555,0.11586970172684459,683.3987360376249,897.7836566725456,0.04492319786775349,1.0,1.0,1.0,68,8,2.002811918831749,1,10,balanced,0,2,70,68,True,requested_slotframe_above_max (70 > 68),2.002811918831749,False,False,False,True,0,818,44,1,0,energy
1784691401610.666,0.8,0.1,0.1,579.1240188383047,590.8888888888889,0.11582480376766094,798.8719870664315,1003.1687242798354,0.052626550171209575,1.0,1.0,1.0,68,8,2.0020775019687505,1,10,balanced,0,2,70,68,True,requested_slotframe_above_max (70 > 68),2.0020775019687505,False,False,False,True,0,819,44,1,0,energy
1784691404252.6208,0.8,0.1,0.1,579.0376766091052,590.8888888888889,0.11580753532182105,673.1363903586125,820.2792475014697,0.04423858508062792,1.0,1.0,1.0,68,8,2.0029301132344806,1,10,balanced,0,2,70,68,True,requested_slotframe_above_max (70 > 68),2.0029301132344806,False,False,False,True,0,820,44,1,0,energy
1784691409822.5278,0.8,0.1,0.1,578.1554160125589,589.7777777777778,0.11563108320251178,700.2153145208699,856.7034097589653,0.04604505100205937,1.0,1.0,1.0,68,8,2.0028906283377848,1,10,balanced,0,2,70,68,True,requested_slotframe_above_max (70 > 68),2.0028906283377848,False,False,False,True,0,821,44,1,0,energy
1784691412463.489,0.8,0.1,0.1,579.1036106750392,591.2222222222222,0.11582072213500785,723.1672545561433,908.1363903586125,0.04757620110447921,1.0,1.0,1.0,68,8,2.002585802181546,1,10,balanced,0,2,70,68,True,requested_slotframe_above_max (70 > 68),2.002585802181546,False,False,False,True,0,822,44,1,0,energy
1784691415104.771,0.8,0.1,0.1,578.2511773940345,590.0,0.1156502354788069,689.3952087007642,831.3550852439741,0.045323229399650715,1.0,1.0,1.0,68,8,2.0029474886769894,1,10,balanced,0,2,70,68,True,requested_slotframe_above_max (70 > 68),2.0029474886769894,False,False,False,True,0,823,44,1,0,energy
1784691417737.507,0.8,0.1,0.1,579.9497645211932,591.7777777777778,0.11598995290423864,698.9160787771898,857.6322751322751,0.04595837750348164,1.0,1.0,1.0,68,8,2.002612199926261,1,10,balanced,0,2,70,68,True,requested_slotframe_above_max (70 > 68),2.002612199926261,False,False,False,True,0,824,44,1,0,energy
1784691420379.3982,0.8,0.1,0.1,579.2291993720567,591.1111111111111,0.11584583987441133,756.9209853932075,900.7158684936463,0.04982795099354286,1.0,1.0,1.0,68,8,2.002340533001117,1,10,balanced,0,2,70,68,True,requested_slotframe_above_max (70 > 68),2.002340533001117,False,False,False,True,0,825,44,1,0,energy
1784691423017.993,0.8,0.1,0.1,579.3437990580848,591.3333333333334,0.11586875981161696,709.5671663727219,862.1502057613169,0.04666892370731967,1.0,1.0,1.0,68,8,2.0026380997799746,1,10,balanced,0,2,70,68,True,requested_slotframe_above_max (70 > 68),2.0026380997799746,False,False,False,True,0,826,44,1,0,energy
1784691425659.565,0.8,0.1,0.1,579.7645211930927,591.5555555555555,0.11595290423861854,892.0598177542621,1025.599647266314,0.05884321666139174,1.0,1.0,1.0,68,8,2.001353354942966,1,10,balanced,0,2,70,68,True,requested_slotframe_above_max (70 > 68),2.001353354942966,False,False,False,True,0,827,44,1,0,energy
1784691428299.352,0.8,0.1,0.1,580.3563579277865,591.7777777777778,0.11607127158555729,711.6328630217519,871.1845972957085,0.04680672868724162,1.0,1.0,1.0,68,8,2.00246230986283,1,10,balanced,0,2,70,68,True,requested_slotframe_above_max (70 > 68),2.00246230986283,False,False,False,True,0,828,44,1,0,energy
1784691430939.723,0.8,0.1,0.1,580.5494505494505,592.0,0.1161098901098901,782.5940623162844,919.6443268665492,0.05154063124191357,1.0,1.0,1.0,68,8,2.0019580247878968,1,10,balanced,0,2,70,68,True,requested_slotframe_above_max (70 > 68),2.0019580247878968,False,False,False,True,0,829,44,1,0,energy
1784691433579.078,0.8,0.1,0.1,581.9795918367348,593.6666666666666,0.11639591836734696,643.6375661375661,807.8174603174602,0.04227068486574824,1.0,1.0,1.0,68,8,2.0026561968195478,1,10,balanced,0,2,70,68,True,requested_slotframe_above_max (70 > 68),2.0026561968195478,False,False,False,True,0,830,44,1,0,energy
1784691436216.4111,0.8,0.1,0.1,579.7676609105181,591.5555555555555,0.11595353218210362,646.4175485008818,814.3106995884774,0.042456140660499124,1.0,1.0,1.0,68,8,2.002991560188267,1,10,balanced,0,2,70,68,True,requested_slotframe_above_max (70 > 68),2.002991560188267,False,False,False,True,0,831,44,1,0,energy
1784691438849.705,0.8,0.1,0.1,579.166405023548,590.7777777777778,0.1158332810047096,705.4409171075838,870.188124632569,0.04639365691178011,1.0,1.0,1.0,68,8,2.0026940095050545,1,10,balanced,0,2,70,68,True,requested_slotframe_above_max (70 > 68),2.0026940095050545,False,False,False,True,0,832,44,1,0,energy
1784691441483.4968,0.8,0.1,0.1,579.5337519623234,591.2222222222222,0.11590675039246469,623.1003821281598,785.0984714873605,0.0409006258924723,1.0,1.0,1.0,68,8,2.003184537096781,1,10,balanced,0,2,70,68,True,requested_slotframe_above_max (70 > 68),2.003184537096781,False,False,False,True,0,833,44,1,0,energy
1784691447077.8699,0.8,0.1,0.1,579.7723704866563,591.0,0.11595447409733126,671.1538461538462,824.3099081987971,0.044106327295119825,0.9958718530147103,0.9958847736625513,0.9958718530147103,68,8,2.002412973294094,1,10,balanced,0,2,70,68,True,requested_slotframe_above_max (70 > 68),2.002412973294094,False,False,False,True,0,834,44,1,0,energy
1784691449718.212,0.8,0.1,0.1,578.3971742543171,589.2222222222222,0.11567943485086342,750.3659611992945,907.961493239271,0.0493906578518542,1.0,1.0,1.0,68,8,2.002517386334124,1,10,balanced,0,2,70,68,True,requested_slotframe_above_max (70 > 68),2.002517386334124,False,False,False,True,0,835,44,1,0,energy
1784691452357.706,0.8,0.1,0.1,579.497645211931,591.4444444444445,0.11589952904238619,713.2914462081129,866.3256907701352,0.04691737466364996,1.0,1.0,1.0,68,8,2.002588639299726,1,10,balanced,0,2,70,68,True,requested_slotframe_above_max (70 > 68),2.002588639299726,False,False,False,True,0,836,44,1,0,energy
1784691454996.916,0.8,0.1,0.1,579.4631083202511,591.3333333333334,0.11589262166405022,773.8418577307466,922.4441504997061,0.050956761689843,1.0,1.0,1.0,68,8,2.0021902264997755,1,10,balanced,0,2,70,68,True,requested_slotframe_above_max (70 > 68),2.0021902264997755,False,False,False,True,0,837,44,1,0,energy
1784691457631.773,0.8,0.1,0.1,578.8037676609106,590.8888888888889,0.11576075353218211,790.6731334509112,973.4891240446796,0.052079595293589805,1.0,1.0,1.0,68,8,2.0021834376448955,1,10,balanced,0,2,70,68,True,requested_slotframe_above_max (70 > 68),2.0021834376448955,False,False,False,True,0,838,44,1,0,energy
1784691460269.602,0.8,0.1,0.1,580.2244897959184,592.0,0.11604489795918368,810.7017930629041,970.7392710170487,0.05341573002420975,1.0,1.0,1.0,68,8,2.001822508630232,1,10,balanced,0,2,70,68,True,requested_slotframe_above_max (70 > 68),2.001822508630232,False,False,False,True,0,839,44,1,0,energy
1784691462909.27,0.8,0.1,0.1,579.8021978021978,591.2222222222222,0.11596043956043957,659.8544973544974,824.4473838918283,0.0433525348468644,1.0,1.0,1.0,68,8,2.002896394866962,1,10,balanced,0,2,70,68,True,requested_slotframe_above_max (70 > 68),2.002896394866962,False,False,False,True,0,840,44,1,0,energy
1784691465548.916,0.8,0.1,0.1,578.1287284144428,589.8888888888889,0.11562574568288855,753.3539094650205,928.8888888888889,0.049589987289194164,1.0,1.0,1.0,68,8,2.00254040472477,1,10,balanced,0,2,70,68,True,requested_slotframe_above_max (70 > 68),2.00254040472477,False,False,False,True,0,841,44,1,0,energy
1784691468185.986,0.8,0.1,0.1,578.9073783359498,590.4444444444445,0.11578147566718996,732.9629629629629,903.5802469135801,0.04822968398685543,1.0,1.0,1.0,68,8,2.0025518510675626,1,10,balanced,0,2,70,68,True,requested_slotframe_above_max (70 > 68),2.0025518510675626,False,False,False,True,0,842,44,1,0,energy
1784691470816.972,0.8,0.1,0.1,580.9811616954474,592.0,0.11619623233908949,661.5402704291594,859.4723691945915,0.04346499469173845,1.0,1.0,1.0,68,8,2.0026965146595543,1,10,balanced,0,2,70,68,True,requested_slotframe_above_max (70 > 68),2.0026965146595543,False,False,False,True,0,843,44,1,0,energy
1784691473444.643,0.8,0.1,0.1,578.9152276295133,590.8888888888889,0.11578304552590266,637.9783950617284,850.6422692533804,0.04189315510752024,1.0,1.0,1.0,68,8,2.003184248068526,1,10,balanced,0,2,70,68,True,requested_slotframe_above_max (70 > 68),2.003184248068526,False,False,False,True,0,844,44,1,0,energy
1784691476087.6702,0.8,0.1,0.1,578.6907378335951,590.1111111111111,0.11573814756671902,645.8215755437976,843.0055849500293,0.042416382624669624,1.0,1.0,1.0,68,8,2.003167843684158,1,10,balanced,0,2,70,68,True,requested_slotframe_above_max (70 > 68),2.003167843684158,False,False,False,True,0,845,44,1,0,energy
1784691481682.1921,0.8,0.1,0.1,582.5620094191523,594.3333333333334,0.11651240188383047,688.0104463437797,864.1690408357075,0.04523085032313407,1.0,1.0,1.0,68,8,2.0022669934606223,1,10,balanced,0,2,70,68,True,requested_slotframe_above_max (70 > 68),2.0022669934606223,False,False,False,True,0,846,44,1,0,energy
1784691484319.2698,0.8,0.1,0.1,581.3296703296704,593.0,0.11626593406593408,697.6396237507348,903.1599059376837,0.04587322373253735,1.0,1.0,1.0,68,8,2.0023999303739988,1,10,balanced,0,2,70,68,True,requested_slotframe_above_max (70 > 68),2.0023999303739988,False,False,False,True,0,847,44,1,0,energy
1784691486957.49,0.8,0.1,0.1,581.1475667189953,592.5555555555555,0.11622951334379907,760.3755144032922,972.391240446796,0.05005840656459588,1.0,1.0,1.0,68,8,2.002010548668501,1,10,balanced,0,2,70,68,True,requested_slotframe_above_max (70 > 68),2.002010548668501,False,False,False,True,0,848,44,1,0,energy
1784691489590.9988,0.8,0.1,0.1,582.1177394034537,594.2222222222222,0.11642354788069074,699.5135214579659,879.4429747207527,0.04599823358625523,1.0,1.0,1.0,68,8,2.002261338336822,1,10,balanced,0,2,70,68,True,requested_slotframe_above_max (70 > 68),2.002261338336822,False,False,False,True,0,849,44,1,0,energy
1784691492231.935,0.8,0.1,0.1,579.940345368917,591.8888888888889,0.1159880690737834,656.6240446796002,842.3456790123457,0.043137027663749175,1.0,1.0,1.0,68,8,2.002895841974598,1,10,balanced,0,2,70,68,True,requested_slotframe_above_max (70 > 68),2.002895841974598,False,False,False,True,0,850,44,1,0,energy
1784691494863.366,0.8,0.1,0.1,580.5164835164834,592.4444444444445,0.11610329670329668,664.0233686067019,838.5964138741916,0.043630645003782643,1.0,1.0,1.0,68,8,2.0027542981369844,1,10,balanced,0,2,70,68,True,requested_slotframe_above_max (70 > 68),2.0027542981369844,False,False,False,True,0,851,44,1,0,energy
1784691497503.914,0.8,0.1,0.1,580.2496075353218,591.6666666666666,0.11604992150706436,648.1738683127571,817.4250440917108,0.0425733067586896,1.0,1.0,1.0,68,8,2.0029027321184794,1,10,balanced,0,2,70,68,True,requested_slotframe_above_max (70 > 68),2.0029027321184794,False,False,False,True,0,852,44,1,0,energy
1784691500145.4092,0.8,0.1,0.1,581.2951334379906,592.8888888888889,0.1162590266875981,667.5867136978247,857.7351557907114,0.043868359819734803,1.0,1.0,1.0,68,8,2.002605942667948,1,10,balanced,0,2,70,68,True,requested_slotframe_above_max (70 > 68),2.002605942667948,False,False,False,True,0,853,44,1,0,energy
1784691502989.0598,0.8,0.1,0.1,510.96703296703305,522.4444444444445,0.10219340659340662,608.9684139784946,803.6570340501792,0.03995786617601699,0.8885400313971744,0.8888888888888888,0.8885400313971744,68,8,2.0031034912473906,1,10,balanced,0,2,70,68,True,requested_slotframe_above_max (70 > 68),2.0031034912473906,False,False,False,True,0,854,44,1,0,energy
1784691505630.347,0.8,0.1,0.1,581.3579277864993,593.4444444444445,0.11627158555729987,665.1557907113463,846.061140505585,0.04370619017420589,1.0,1.0,1.0,68,8,2.0026121125367395,1,10,balanced,0,2,70,68,True,requested_slotframe_above_max (70 > 68),2.0026121125367395,False,False,False,True,0,855,44,1,0,energy
1784691508263.199,0.8,0.1,0.1,581.7817896389325,594.3333333333334,0.11635635792778651,605.0345385067607,777.0532039976484,0.039695432855687836,1.0,1.0,1.0,68,8,2.002945370372202,1,10,balanced,0,2,70,68,True,requested_slotframe_above_max (70 > 68),2.002945370372202,False,False,False,True,0,856,44,1,0,energy
1784691510899.772,0.8,0.1,0.1,579.6860282574569,592.2222222222222,0.11593720565149138,657.364050558495,846.8621399176956,0.04318639430009973,1.0,1.0,1.0,68,8,2.002931596048797,1,10,balanced,0,2,70,68,True,requested_slotframe_above_max (70 > 68),2.002931596048797,False,False,False,True,0,857,44,1,0,energy
1784691516518.3452,0.8,0.1,0.1,579.9591836734695,591.4444444444445,0.1159918367346939,709.0924456202233,914.7868900646679,0.04663725454437781,1.0,1.0,1.0,68,8,2.002542805157807,1,10,balanced,0,2,70,68,True,requested_slotframe_above_max (70 > 68),2.002542805157807,False,False,False,True,0,858,44,1,0,energy
1784691519159.005,0.8,0.1,0.1,578.5965463108321,590.3333333333334,0.11571930926216642,770.2256025867136,975.2939447383892,0.05071551718390351,1.0,1.0,1.0,68,8,2.0023530008718766,1,10,balanced,0,2,70,68,True,requested_slotframe_above_max (70 > 68),2.0023530008718766,False,False,False,True,0,859,44,1,0,energy
1784691521791.667,0.8,0.1,0.1,579.359497645212,591.3333333333334,0.1158718995290424,695.0191064079953,878.528806584362,0.0456984060312205,1.0,1.0,1.0,68,8,2.0027326397736442,1,10,balanced,0,2,70,68,True,requested_slotframe_above_max (70 > 68),2.0027326397736442,False,False,False,True,0,860,44,1,0,energy
1784691524442.996,0.8,0.1,0.1,578.3877551020408,590.1111111111111,0.11567755102040816,759.209288653733,1012.6719576719578,0.049980606314458505,1.0,1.0,1.0,68,8,2.0024598985522277,1,10,balanced,0,2,70,68,True,requested_slotframe_above_max (70 > 68),2.0024598985522277,False,False,False,True,0,861,44,1,0,energy
1784691527080.857,0.8,0.1,0.1,578.835164835165,590.5555555555555,0.11576703296703299,703.4972075249852,900.2748383303939,0.046263989828217826,1.0,1.0,1.0,68,8,2.002759974643552,1,10,balanced,0,2,70,68,True,requested_slotframe_above_max (70 > 68),2.002759974643552,False,False,False,True,0,862,44,1,0,energy
1784691529720.704,0.8,0.1,0.1,580.0282574568289,591.3333333333334,0.11600565149136578,708.477366255144,935.627572016461,0.04659622189827512,1.0,1.0,1.0,68,8,2.00253585661708,1,10,balanced,0,2,70,68,True,requested_slotframe_above_max (70 > 68),2.00253585661708,False,False,False,True,0,863,44,1,0,energy
1784691532359.649,0.8,0.1,0.1,579.3547880690738,590.5555555555555,0.11587095761381477,751.6776895943561,962.0884773662551,0.04947816474945672,1.0,1.0,1.0,68,8,2.0023554174340026,1,10,balanced,0,2,70,68,True,requested_slotframe_above_max (70 > 68),2.0023554174340026,False,False,False,True,0,864,44,1,0,energy
1784691535000.281,0.8,0.1,0.1,580.1585557299843,591.6666666666666,0.11603171114599686,715.7539682539682,895.7142857142857,0.047081652318476865,1.0,1.0,1.0,68,8,2.002466465851355,1,10,balanced,0,2,70,68,True,requested_slotframe_above_max (70 > 68),2.002466465851355,False,False,False,True,0,865,44,1,0,energy
1784691537632.192,0.8,0.1,0.1,581.5023547880692,592.4444444444445,0.11630047095761384,678.3281893004115,861.4829512051734,0.044584935910634525,1.0,1.0,1.0,68,8,2.0025011296428454,1,10,balanced,0,2,70,68,True,requested_slotframe_above_max (70 > 68),2.0025011296428454,False,False,False,True,0,866,44,1,0,energy
1784691540674.645,0.8,0.1,0.1,405.63108320251183,472.8888888888889,0.08112621664050236,554.8871252204585,559.5379188712523,0.036350041709170014,0.6766091051805339,0.7777777777777778,0.6766091051805339,68,8,1.9991249330347345,1,10,balanced,0,2,70,68,True,requested_slotframe_above_max (70 > 68),1.9991249330347345,False,False,False,True,0,867,44,1,0,energy
1784691543318.9148,0.8,0.1,0.1,579.6059654631083,591.8888888888889,0.11592119309262167,710.1028806584361,880.546737213404,0.046704661818441365,1.0,1.0,1.0,68,8,2.0025925793440584,1,10,balanced,0,2,70,68,True,requested_slotframe_above_max (70 > 68),2.0025925793440584,False,False,False,True,0,868,44,1,0,energy
1784691545957.448,0.8,0.1,0.1,579.5102040816328,592.0,0.11590204081632656,705.2064961787185,882.7439741328631,0.046378018424197365,1.0,1.0,1.0,68,8,2.002640565504519,1,10,balanced,0,2,70,68,True,requested_slotframe_above_max (70 > 68),2.002640565504519,False,False,False,True,0,869,44,1,0,energy
1784691551556.8572,0.8,0.1,0.1,580.7378335949765,592.1111111111111,0.11614756671899529,739.6762085650975,915.0535883869215,0.048677532259179285,0.9978487121344265,0.9958847736625516,0.9978487121344265,68,8,2.0019990646123285,1,10,balanced,0,2,70,68,True,requested_slotframe_above_max (70 > 68),2.0019990646123285,False,False,False,True,0,870,44,1,0,energy
1784691554201.874,0.8,0.1,0.1,579.901098901099,591.2222222222222,0.1159802197802198,685.4732510288064,850.7157554379777,0.04506159112933999,1.0,1.0,1.0,68,8,2.00270966506289,1,10,balanced,0,2,70,68,True,requested_slotframe_above_max (70 > 68),2.00270966506289,False,False,False,True,0,871,44,1,0,energy
1784691556839.5742,0.8,0.1,0.1,579.6923076923078,591.5555555555555,0.11593846153846157,747.8926423370867,919.0654818432595,0.04922565992909184,1.0,1.0,1.0,68,8,2.0023266647763216,1,10,balanced,0,2,70,68,True,requested_slotframe_above_max (70 > 68),2.0023266647763216,False,False,False,True,0,872,44,1,0,energy
1784691559477.5332,0.8,0.1,0.1,578.697017268446,591.0,0.11573940345368919,747.1340388007055,896.8577307466196,0.0491750526217949,1.0,1.0,1.0,68,8,2.0024909719748694,1,10,balanced,0,2,70,68,True,requested_slotframe_above_max (70 > 68),2.0024909719748694,False,False,False,True,0,873,44,1,0,energy
1784691562116.3818,0.8,0.1,0.1,581.4411302982733,592.6666666666666,0.11628822605965465,766.4506172839506,946.8165784832452,0.05046368360800204,1.0,1.0,1.0,68,8,2.001923050791476,1,10,balanced,0,2,70,68,True,requested_slotframe_above_max (70 > 68),2.001923050791476,False,False,False,True,0,874,44,1,0,energy
1784691564758.467,0.8,0.1,0.1,580.1098901098902,591.5555555555555,0.11602197802197804,723.9351851851852,899.4003527336861,0.047627430632767524,1.0,1.0,1.0,68,8,2.0024196745191407,1,10,balanced,0,2,70,68,True,requested_slotframe_above_max (70 > 68),2.0024196745191407,False,False,False,True,0,875,44,1,0,energy
1784691567399.724,0.8,0.1,0.1,581.0800627943486,593.0,0.11621601255886972,754.6097883597882,930.8495002939449,0.04967376840292116,1.0,1.0,1.0,68,8,2.002059813112612,1,10,balanced,0,2,70,68,True,requested_slotframe_above_max (70 > 68),2.002059813112612,False,False,False,True,0,876,44,1,0,energy
1784691570039.386,0.8,0.1,0.1,582.0847723704867,593.6666666666666,0.11641695447409733,744.2647989870212,902.3156062044951,0.048983642360708554,0.9940694226408514,0.9958847736625513,0.9940694226408514,68,8,2.0013750144487363,1,10,balanced,0,2,70,68,True,requested_slotframe_above_max (70 > 68),2.0013750144487363,False,False,False,True,0,877,44,1,0,energy
1784691572677.5352,0.8,0.1,0.1,580.3657770800628,592.3333333333334,0.11607315541601256,723.7022339800118,895.677542621987,0.04761189019212887,1.0,1.0,1.0,68,8,2.002380286647977,1,10,balanced,0,2,70,68,True,requested_slotframe_above_max (70 > 68),2.002380286647977,False,False,False,True,0,878,44,1,0,energy
1784691575316.469,0.8,0.1,0.1,580.6954474097332,592.4444444444445,0.11613908948194665,728.5567313345091,890.7451499118166,0.04793573924846625,1.0,1.0,1.0,68,8,2.002295154489596,1,10,balanced,0,2,70,68,True,requested_slotframe_above_max (70 > 68),2.002295154489596,False,False,False,True,0,879,44,1,0,energy
1784691577948.3408,0.8,0.1,0.1,580.2621664050237,591.5555555555555,0.11605243328100473,704.1820987654321,902.3118753674311,0.04630967970416491,1.0,1.0,1.0,68,8,2.00252708540478,1,10,balanced,0,2,70,68,True,requested_slotframe_above_max (70 > 68),2.00252708540478,False,False,False,True,0,880,44,1,0,energy
1784691580588.729,0.8,0.1,0.1,580.0062794348509,591.8888888888889,0.11600125588697018,643.2267783656672,807.6234567901233,0.0422432807448744,1.0,1.0,1.0,68,8,2.0029746672159363,1,10,balanced,0,2,70,68,True,requested_slotframe_above_max (70 > 68),2.0029746672159363,False,False,False,True,0,881,44,1,0,energy
1784691583229.763,0.8,0.1,0.1,579.7943485086342,591.8888888888889,0.11595886970172685,721.9135802469135,880.2880658436214,0.04749256706116835,1.0,1.0,1.0,68,8,2.0024836475325016,1,10,balanced,0,2,70,68,True,requested_slotframe_above_max (70 > 68),2.0024836475325016,False,False,False,True,0,882,44,1,0,energy
1784691588839.053,0.8,0.1,0.1,578.1083202511775,590.0,0.1156216640502355,708.2973251028806,892.313345091123,0.04658421114762379,1.0,1.0,1.0,68,8,2.0028442476450494,1,10,balanced,0,2,70,68,True,requested_slotframe_above_max (70 > 68),2.0028442476450494,False,False,False,True,0,883,44,1,0,energy
1784691591478.2952,0.8,0.1,0.1,579.5541601255887,591.1111111111111,0.11591083202511775,698.503821281599,892.1663727219283,0.04593087533566371,1.0,1.0,1.0,68,8,2.0026782468463393,1,10,balanced,0,2,70,68,True,requested_slotframe_above_max (70 > 68),2.0026782468463393,False,False,False,True,0,884,44,1,0,energy
1784691594119.919,0.8,0.1,0.1,582.2810047095762,593.8888888888889,0.11645620094191525,2655.6159272825935,2775.517455795233,0.17649205652318836,0.9958718530147103,0.9958847736625513,0.9958718530147103,68,8,1.98877301889562,1,10,balanced,0,2,70,68,True,requested_slotframe_above_max (70 > 68),1.98877301889562,False,False,False,True,0,885,44,1,0,energy
1784691596761.42,0.8,0.1,0.1,581.2967032967033,593.0,0.11625934065934065,739.8442092886537,919.2989417989419,0.04868873977909631,1.0,1.0,1.0,68,8,2.0021236534946176,1,10,balanced,0,2,70,68,True,requested_slotframe_above_max (70 > 68),2.0021236534946176,False,False,False,True,0,886,44,1,0,energy
1784691599401.723,0.8,0.1,0.1,579.3422291993721,591.6666666666666,0.11586844583987442,691.7893885949442,852.6660787771899,0.04548294787157733,1.0,1.0,1.0,68,8,2.002756948540943,1,10,balanced,0,2,70,68,True,requested_slotframe_above_max (70 > 68),2.002756948540943,False,False,False,True,0,887,44,1,0,energy
1784691602043.204,0.8,0.1,0.1,580.7158555729984,591.7777777777778,0.11614317111459968,807.9166666666667,944.484126984127,0.05322993106515455,1.0,1.0,1.0,68,8,2.001762470001805,1,10,balanced,0,2,70,68,True,requested_slotframe_above_max (70 > 68),2.001762470001805,False,False,False,True,0,888,44,1,0,energy
1784691604683.937,0.8,0.1,0.1,579.2778649921507,591.3333333333334,0.11585557299843015,694.7369194591417,871.5608465608467,0.04567958101795475,1.0,1.0,1.0,68,8,2.0027475834994606,1,10,balanced,0,2,70,68,True,requested_slotframe_above_max (70 > 68),2.0027475834994606,False,False,False,True,0,889,44,1,0,energy
1784691607325.305,0.8,0.1,0.1,582.1915227629513,594.6666666666666,0.11643830455259026,678.4729570840681,859.1490299823632,0.04459459353462762,1.0,1.0,1.0,68,8,2.002389897004465,1,10,balanced,0,2,70,68,True,requested_slotframe_above_max (70 > 68),2.002389897004465,False,False,False,True,0,890,44,1,0,energy
1784691609962.5198,0.8,0.1,0.1,581.4379905808478,593.0,0.11628759811616955,674.4415049970605,850.7995296884187,0.04432565076698202,0.9942812289751067,0.9960317460317462,0.9942812289751067,68,8,2.0019654793278767,1,10,balanced,0,2,70,68,True,requested_slotframe_above_max (70 > 68),2.0019654793278767,False,False,False,True,0,891,44,1,0,energy
1784691612603.551,0.8,0.1,0.1,581.1177394034537,592.5555555555555,0.11622354788069074,681.3564419119974,850.1424501424502,0.0447869540968644,1.0,1.0,1.0,68,8,2.002542466285761,1,10,balanced,0,2,70,68,True,requested_slotframe_above_max (70 > 68),2.002542466285761,False,False,False,True,0,892,44,1,0,energy
1784691615247.178,0.8,0.1,0.1,580.8963893249608,592.8888888888889,0.11617927786499214,704.9537037037037,879.1475602586713,0.04636115434981346,1.0,1.0,1.0,68,8,2.002420462273025,1,10,balanced,0,2,70,68,True,requested_slotframe_above_max (70 > 68),2.002420462273025,False,False,False,True,0,893,44,1,0,energy
1784691617888.227,0.8,0.1,0.1,580.8948194662481,592.1111111111111,0.11617896389324962,710.5476416587528,868.099081987971,0.04673433233213828,1.0,1.0,1.0,68,8,2.0023833956521866,1,10,balanced,0,2,70,68,True,requested_slotframe_above_max (70 > 68),2.0023833956521866,False,False,False,True,0,894,44,1,0,energy
1784691623441.235,0.8,0.1,0.1,580.3139717425433,591.8888888888889,0.11606279434850866,734.507812146701,876.1834667390224,0.048332742638205535,1.0,1.0,1.0,68,8,2.0023164902573725,1,10,balanced,0,2,70,68,True,requested_slotframe_above_max (70 > 68),2.0023164902573725,False,False,False,True,0,895,44,1,0,energy
1784691626077.426,0.8,0.1,0.1,579.2810047095761,591.0,0.11585620094191522,764.3797766019989,923.7992357436801,0.05032553546377577,1.0,1.0,1.0,68,8,2.00228248570009,1,10,balanced,0,2,70,68,True,requested_slotframe_above_max (70 > 68),2.00228248570009,False,False,False,True,0,896,44,1,0,energy
1784691628715.108,0.8,0.1,0.1,579.6844583987441,591.2222222222222,0.11593689167974883,718.7830687830689,895.7407407407408,0.04728372707025143,1.0,1.0,1.0,68,8,2.002522113949176,1,10,balanced,0,2,70,68,True,requested_slotframe_above_max (70 > 68),2.002522113949176,False,False,False,True,0,897,44,1,0,energy
1784691631350.2349,0.8,0.1,0.1,581.0125588697017,592.7777777777778,0.11620251177394034,693.3068783068783,864.2195767195767,0.04558418134135279,1.0,1.0,1.0,68,8,2.0024795724467124,1,10,balanced,0,2,70,68,True,requested_slotframe_above_max (70 > 68),2.0024795724467124,False,False,False,True,0,898,44,1,0,energy
1784691634087.507,0.8,0.1,0.1,580.1695447409733,591.4444444444445,0.11603390894819465,598.1177147316993,757.3714245170183,0.03923400365121409,0.9849761427875433,0.9883689107827038,0.9849761427875433,68,8,2.0017470867550773,1,10,balanced,0,2,70,68,True,requested_slotframe_above_max (70 > 68),2.0017470867550773,False,False,False,True,0,899,44,1,0,energy
1784691636719.359,0.8,0.1,0.1,579.1632653061225,590.8888888888889,0.1158326530612245,651.1552028218696,837.4544385655496,0.04277219498478116,1.0,1.0,1.0,68,8,2.003056658052542,1,10,balanced,0,2,70,68,True,requested_slotframe_above_max (70 > 68),2.003056658052542,False,False,False,True,0,900,44,1,0,energy
1784691639360.7932,0.1,0.1,0.8,581.4725274725275,592.8888888888889,0.11629450549450551,647.4647266313933,827.7527924750146,0.042525999108165,1.0,1.0,1.0,68,8,2.7841179495397332,1,10,balanced,0,2,70,68,True,requested_slotframe_above_max (70 > 68),2.7841179495397332,False,False,False,True,0,901,44,1,0,reliability
1784691641998.163,0.1,0.1,0.8,579.1208791208792,590.8888888888889,0.11582417582417584,646.8364197530864,819.7648442092886,0.04248408403956547,1.0,1.0,1.0,67,8,2.784169174013626,1,10,balanced,1,1,67,67,False,,2.784169174013626,False,False,False,True,0,902,44,1,0,reliability
1784691644634.0261,0.1,0.1,0.8,582.0627943485088,594.2222222222222,0.11641255886970175,607.4919165196943,775.1455026455027,0.03985936734621043,1.0,1.0,1.0,65,8,2.784372807378409,1,10,balanced,1,1,65,65,False,,2.784372807378409,False,False,False,True,0,903,44,1,0,reliability
1784691647275.247,0.1,0.1,0.8,582.9780219780221,594.8888888888889,0.11659560439560442,684.6141975308641,836.003821281599,0.04500428269051795,1.0,1.0,1.0,64,8,2.783840011291388,1,10,balanced,1,1,64,64,False,,2.783840011291388,False,False,False,True,0,904,44,1,0,reliability
1784691650011.2551,0.1,0.1,0.8,583.9686028257458,596.6666666666666,0.11679372056514917,627.9406130268198,770.4324028461958,0.04122352321726617,1.0,1.0,1.0,61,8,2.7841982756217583,1,10,balanced,1,1,61,61,False,,2.7841982756217583,False,False,False,True,0,905,44,1,0,reliability
1784691652748.57,0.1,0.1,0.8,587.0879120879121,600.2222222222222,0.1174175824175824,509.59496442255056,659.5224411603722,0.033328549994833256,1.0,1.0,1.0,59,8,2.7849253867587587,1,10,balanced,1,1,59,59,False,,2.7849253867587587,False,False,False,True,0,906,44,1,0,reliability
1784691658353.059,0.1,0.1,0.8,587.1193092621664,600.5555555555555,0.11742386185243328,588.3744855967078,753.0864197530864,0.03858402172092781,1.0,1.0,1.0,58,8,2.784399211642664,1,10,balanced,1,1,58,58,False,,2.784399211642664,False,False,False,True,0,907,44,1,0,reliability
1784691660988.925,0.1,0.1,0.8,588.9591836734694,602.6666666666666,0.11779183673469389,529.3304843304843,678.4963596074708,0.03464512904139321,0.9939531368102799,0.9958847736625513,0.9939531368102799,56,8,2.779918812870615,1,10,balanced,1,1,56,56,False,,2.779918812870615,False,False,False,True,0,908,44,1,0,reliability
1784691663623.6292,0.1,0.1,0.8,590.9811616954474,604.8888888888889,0.11819623233908949,539.4491927825261,669.8401392845838,0.03532015962525191,1.0,1.0,1.0,55,8,2.784648360803566,1,10,balanced,1,1,55,55,False,,2.784648360803566,False,False,False,True,0,909,44,1,0,reliability
1784691666362.979,0.1,0.1,0.8,591.221350078493,605.1111111111111,0.1182442700156986,588.6788451012588,717.7941981390256,0.03860432589067771,1.0,1.0,1.0,53,8,2.7843151404093627,1,10,balanced,1,1,53,53,False,,2.7843151404093627,False,False,False,True,0,910,44,1,0,reliability
1784691669103.027,0.1,0.1,0.8,591.9183673469389,607.2222222222222,0.11838367346938779,529.8713991769547,653.8697824808936,0.03468121408785555,1.0,1.0,1.0,52,8,2.7846935112442757,1,10,balanced,1,1,52,52,False,,2.7846935112442757,False,False,False,True,0,911,44,1,0,reliability
1784691671844.1492,0.1,0.1,0.8,593.0612244897959,608.1111111111111,0.11861224489795918,456.7857142857142,571.7829775588397,0.029805584675497945,1.0,1.0,1.0,50,8,2.785158217042654,1,10,balanced,1,1,50,50,False,,2.785158217042654,False,False,False,True,0,912,44,1,0,reliability
1784691674583.497,0.1,0.1,0.8,595.3893249607536,611.3333333333334,0.11907786499215071,464.4576719576719,593.3891828336273,0.030317389723660566,1.0,1.0,1.0,49,8,2.785060474528419,1,10,balanced,1,1,49,49,False,,2.785060474528419,False,False,False,True,0,913,44,1,0,reliability
1784691677315.655,0.1,0.1,0.8,596.6766091051805,613.0,0.11933532182103611,460.5055849500294,575.8495002939449,0.030053741490995958,1.0,1.0,1.0,47,8,2.785061093668797,1,10,balanced,1,1,47,47,False,,2.785061093668797,False,False,False,True,0,914,44,1,0,reliability
1784691680056.335,0.1,0.1,0.8,596.9921507064365,614.0,0.1193984301412873,467.4228395061728,581.6358024691358,0.0305151994333671,1.0,1.0,1.0,46,8,2.7850086370425347,1,10,balanced,1,1,46,46,False,,2.7850086370425347,False,False,False,True,0,915,44,1,0,reliability
1784691682794.98,0.1,0.1,0.8,600.978021978022,618.5555555555555,0.1201956043956044,418.9631099353321,528.6199294532629,0.02728239559275064,1.0,1.0,1.0,44,8,2.785252200001165,1,10,balanced,1,1,44,44,False,,2.785252200001165,False,False,False,True,0,916,44,1,0,reliability
1784691685528.241,0.1,0.1,0.8,600.5102040816327,618.4444444444445,0.12010204081632653,418.1327160493827,517.9423868312757,0.027226999069338405,1.0,1.0,1.0,43,8,2.7852670960114336,1,10,balanced,1,1,43,43,False,,2.7852670960114336,False,False,False,True,0,917,44,1,0,reliability
1784691688270.606,0.1,0.1,0.8,602.9905808477237,622.1111111111111,0.12059811616954473,393.3568489124044,499.5532039976485,0.025574172709299826,1.0,1.0,1.0,41,8,2.7853827711121157,1,10,balanced,1,1,41,41,False,,2.7853827711121157,False,False,False,True,0,918,44,1,0,reliability
1784691693942.632,0.1,0.1,0.8,606.1868131868132,625.3333333333334,0.12123736263736264,378.78674309229865,465.92739564961784,0.02460218432903927,1.0,1.0,1.0,40,8,2.78541604530336,1,10,balanced,1,1,40,40,False,,2.78541604530336,False,False,False,True,0,919,44,1,0,reliability
1784691696677.178,0.1,0.1,0.8,609.5572998430142,629.8888888888889,0.12191145996860285,366.76954732510285,470.20576131687244,0.023800503490667303,1.0,1.0,1.0,38,8,2.785428803654073,1,10,balanced,1,1,38,38,False,,2.785428803654073,False,False,False,True,0,920,44,1,0,reliability
1784691699510.711,0.1,0.1,0.8,611.7990580847725,632.7777777777778,0.1223598116169545,372.70046524356866,451.5216201423098,0.024196161790765086,1.0,1.0,1.0,37,8,2.785344402659228,1,10,balanced,1,1,37,37,False,,2.785344402659228,False,False,False,True,0,921,44,1,0,reliability
1784691702348.186,0.1,0.1,0.8,615.8822605965463,637.8888888888889,0.12317645211930926,358.54679802955667,450.59797482211275,0.02325195450497376,1.0,1.0,1.0,35,8,2.785357159337572,1,10,balanced,1,1,35,35,False,,2.785357159337572,False,False,False,True,0,922,44,1,0,reliability
1784691705190.495,0.1,0.1,0.8,617.1946624803769,639.6666666666666,0.12343893249607538,299.9368018812463,388.78600823045264,0.019342014801951055,1.0,1.0,1.0,34,8,2.785721905270197,1,10,balanced,1,1,34,34,False,,2.785721905270197,False,False,False,True,0,923,44,1,0,reliability
1784691708035.365,0.1,0.1,0.8,620.8100470957614,644.7777777777778,0.12416200941915229,319.1659318048207,401.3668430335097,0.020624811994984702,1.0,1.0,1.0,32,8,2.7855213178585863,1,10,balanced,1,1,32,32,False,,2.7855213178585863,False,False,False,True,0,924,44,1,0,reliability
1784691710880.1638,0.1,0.1,0.8,630.7221350078494,656.5555555555555,0.1261444270015699,262.55291005291,343.6845972957084,0.016848092732015346,1.0,1.0,1.0,29,8,2.7857007480266414,1,10,balanced,1,1,29,29,False,,2.7857007480266414,False,False,False,True,0,925,44,1,0,reliability
1784691713827.081,0.1,0.1,0.8,633.4238618524334,660.7777777777778,0.1266847723704867,259.1139846743295,328.3497536945813,0.01661867809701998,1.0,1.0,1.0,28,8,2.7856696549532494,1,10,balanced,1,1,28,28,False,,2.7856696549532494,False,False,False,True,0,926,44,1,0,reliability
1784691716757.973,0.1,0.1,0.8,638.6357927786499,667.0,0.12772715855573,290.31599059376833,368.28042328042324,0.018700199505921836,1.0,1.0,1.0,26,8,2.785357264193835,1,10,balanced,1,1,26,26,False,,2.785357264193835,False,False,False,True,0,927,44,1,0,reliability
1784691719701.094,0.1,0.1,0.8,645.2527472527473,675.5555555555555,0.12905054945054947,255.69444444444443,334.0079365079365,0.0163905566674079,1.0,1.0,1.0,25,8,2.785455889388204,1,10,balanced,1,1,25,25,False,,2.785455889388204,False,False,False,True,0,928,44,1,0,reliability
1784691722747.177,0.1,0.1,0.8,653.7237048665621,686.3333333333334,0.13074474097331243,228.10002736726875,300.6841817186645,0.014549701625568295,1.0,1.0,1.0,23,8,2.785470555740112,1,10,balanced,1,1,23,23,False,,2.785470555740112,False,False,False,True,0,929,44,1,0,reliability
1784691728650.596,0.1,0.1,0.8,657.9419152276295,693.1111111111111,0.1315883830455259,234.5821462488129,295.60937005381453,0.014982131170701327,1.0,1.0,1.0,22,8,2.785342948578377,1,10,balanced,1,1,22,22,False,,2.785342948578377,False,False,False,True,0,930,44,1,0,reliability
1784691731695.242,0.1,0.1,0.8,671.1193092621666,708.4444444444445,0.13422386185243332,191.88859494415053,234.18430335097003,0.012133995660050068,1.0,1.0,1.0,20,8,2.7853642142487516,1,10,balanced,1,1,20,20,False,,2.7853642142487516,False,False,False,True,0,931,44,1,0,reliability
1784691734736.24,0.1,0.1,0.8,677.9874411302984,717.5555555555555,0.1355974882260597,148.84457106679326,190.98448876226655,0.009262479724269064,1.0,1.0,1.0,19,8,2.785514003204967,1,10,balanced,1,1,19,19,False,,2.785514003204967,False,False,False,True,0,932,44,1,0,reliability
1784691737877.6528,0.1,0.1,0.8,692.0078492935636,736.1111111111111,0.13840156985871271,136.6328630217519,171.47413286302177,0.008447822749950092,1.0,1.0,1.0,17,8,2.7853150607391335,1,10,balanced,1,1,17,17,False,,2.7853150607391335,False,False,False,True,0,933,44,1,0,reliability
1784691741017.342,0.1,0.1,0.8,703.2935635792779,750.3333333333334,0.1406587127158556,125.17416225749557,155.57466196355085,0.0076833997503332595,1.0,1.0,1.0,16,8,2.785165788753381,1,10,balanced,1,1,16,16,False,,2.785165788753381,False,False,False,True,0,934,44,1,0,reliability
1784691744262.2239,0.1,0.1,0.8,724.5368916797488,778.0,0.14490737833594977,111.53925292814182,139.60272238050015,0.006773799394805992,1.0,1.0,1.0,14,8,2.7848318822269245,1,10,balanced,1,1,14,14,False,,2.7848318822269245,False,False,False,True,0,935,44,1,0,reliability
1784691747597.6292,0.1,0.1,0.8,740.6436420722135,798.0,0.14812872841444272,99.31290417401529,126.25955320399764,0.005958165722082407,1.0,1.0,1.0,13,8,2.7845913105863476,1,10,balanced,1,1,13,13,False,,2.7845913105863476,False,False,False,True,0,936,44,1,0,reliability
1784691751039.013,0.1,0.1,0.8,774.5368916797488,842.7777777777778,0.15490737833594975,87.55070546737213,120.0191064079953,0.005173496028510482,1.0,1.0,1.0,11,8,2.783991912563554,1,10,balanced,1,1,11,11,False,,2.783991912563554,False,False,False,True,0,937,44,1,0,reliability
1784691754571.906,0.1,0.1,0.8,796.7080062794349,871.7777777777778,0.15934160125588698,87.03703703703702,115.8583186360964,0.005139228621550168,1.0,1.0,1.0,10,8,2.7835519170122565,1,10,balanced,1,1,10,10,False,,2.7835519170122565,False,False,False,True,0,938,44,1,0,reliability
1784691758110.821,0.1,0.1,0.8,798.098901098901,872.2222222222222,0.1596197802197802,129.869420702754,186.00348211459323,0.007996625797381855,1.0,1.0,1.0,10,8,2.783238359398284,1,10,balanced,1,2,8,10,True,requested_slotframe_below_minimum (8 < 10),2.783238359398284,False,False,False,True,0,939,44,1,0,reliability
1784691764703.022,0.1,0.1,0.8,798.4505494505495,873.5555555555555,0.1596901098901099,116.77836566725455,141.08318636096413,0.007123306582205106,0.9960192868356136,0.9960317460317462,0.9960192868356136,10,8,2.7801340878212595,1,10,balanced,1,2,8,10,True,requested_slotframe_below_minimum (8 < 10),2.7801340878212595,False,False,False,True,0,940,44,1,0,reliability
1784691768248.04,0.1,0.1,0.8,798.9890109890111,873.8888888888889,0.15979780219780224,129.6090534979424,155.4320987654321,0.007979256404132247,1.0,1.0,1.0,10,8,2.7832222941398066,1,10,balanced,1,2,8,10,True,requested_slotframe_below_minimum (8 < 10),2.7832222941398066,False,False,False,True,0,941,44,1,0,reliability
1784691771783.435,0.1,0.1,0.8,797.7660910518053,872.7777777777778,0.15955321821036106,133.39506172839506,169.4650205761317,0.008231825332114414,1.0,1.0,1.0,10,8,2.7832214956457526,1,10,balanced,1,2,8,10,True,requested_slotframe_below_minimum (8 < 10),2.7832214956457526,False,False,False,True,0,942,44,1,0,reliability
1784691775322.691,0.1,0.1,0.8,796.0910518053377,871.0,0.15921821036106754,97.6954732510288,129.58847736625515,0.005850265060108659,1.0,1.0,1.0,10,8,2.7834931524578823,1,10,balanced,1,2,8,10,True,requested_slotframe_below_minimum (8 < 10),2.7834931524578823,False,False,False,True,0,943,44,1,0,reliability
1784691778866.343,0.1,0.1,0.8,796.6216640502354,871.4444444444445,0.15932433281004707,121.45355673133452,148.39506172839506,0.00743519391136321,1.0,1.0,1.0,10,8,2.783324047327859,1,10,balanced,1,2,8,10,True,requested_slotframe_below_minimum (8 < 10),2.783324047327859,False,False,False,True,0,944,44,1,0,reliability
1784691782412.7942,0.1,0.1,0.8,799.1067503924648,873.3333333333334,0.15982135007849296,108.76690182245738,129.7883597883598,0.006588852689957131,1.0,1.0,1.0,10,8,2.783358979723155,1,10,balanced,1,2,8,10,True,requested_slotframe_below_minimum (8 < 10),2.783358979723155,False,False,False,True,0,945,44,1,0,reliability
1784691785956.853,0.1,0.1,0.8,798.0973312401884,872.7777777777778,0.1596194662480377,99.620076425632,122.77042915931806,0.005978657533397732,1.0,1.0,1.0,10,8,2.7834401876218564,1,10,balanced,1,2,8,10,True,requested_slotframe_below_minimum (8 < 10),2.7834401876218564,False,False,False,True,0,946,44,1,0,reliability
1784691789498.966,0.1,0.1,0.8,798.3359497645212,873.1111111111111,0.15966718995290424,145.31180753402973,185.09654954099398,0.00902680503896129,1.0,1.0,1.0,10,8,2.7831306005008134,1,10,balanced,1,2,8,10,True,requested_slotframe_below_minimum (8 < 10),2.7831306005008134,False,False,False,True,0,947,44,1,0,reliability
1784691793036.528,0.1,0.1,0.8,797.3736263736264,871.8888888888889,0.15947472527472528,122.32510288065845,154.36213991769543,0.007493335749210036,1.0,1.0,1.0,10,8,2.7833031938976065,1,10,balanced,1,2,8,10,True,requested_slotframe_below_minimum (8 < 10),2.7833031938976065,False,False,False,True,0,948,44,1,0,reliability
1784691799545.464,0.1,0.1,0.8,797.6923076923076,872.3333333333334,0.15953846153846152,136.9135802469136,169.8971193415638,0.008466549716271754,1.0,1.0,1.0,10,8,2.783199498874527,1,10,balanced,1,2,8,10,True,requested_slotframe_below_minimum (8 < 10),2.783199498874527,False,False,False,True,0,949,44,1,0,reliability
1784691803088.2659,0.1,0.1,0.8,795.778649921507,870.3333333333334,0.15915572998430141,116.91211052322161,150.81422692533803,0.007132228854117519,1.0,1.0,1.0,10,8,2.783371204116158,1,10,balanced,1,2,8,10,True,requested_slotframe_below_minimum (8 < 10),2.783371204116158,False,False,False,True,0,950,44,1,0,reliability
1784691806633.647,0.1,0.1,0.8,799.6169544740975,874.5555555555555,0.1599233908948195,112.75720164609054,146.79012345679013,0.006855050143168148,1.0,1.0,1.0,10,8,2.7833221558962014,1,10,balanced,1,2,8,10,True,requested_slotframe_below_minimum (8 < 10),2.7833221558962014,False,False,False,True,0,951,44,1,0,reliability
1784691810179.327,0.1,0.1,0.8,798.155416012559,873.1111111111111,0.15963108320251182,119.07333921222809,156.01851851851853,0.007276406885405476,1.0,1.0,1.0,10,8,2.7833092509912083,1,10,balanced,1,2,8,10,True,requested_slotframe_below_minimum (8 < 10),2.7833092509912083,False,False,False,True,0,952,44,1,0,reliability
1784691813724.408,0.1,0.1,0.8,796.8759811616954,871.3333333333334,0.1593751962323391,148.7282367837923,195.6619409397187,0.009254718931540515,0.9940694226408514,0.9958847736625513,0.9940694226408514,10,8,2.7783925465962933,1,10,balanced,1,2,8,10,True,requested_slotframe_below_minimum (8 < 10),2.7783925465962933,False,False,False,True,0,953,44,1,0,reliability
1784691817369.2678,0.1,0.1,0.8,796.2888540031397,871.2222222222222,0.15925777080062795,110.52910052910053,145.58201058201058,0.006706410975923985,1.0,1.0,1.0,10,8,2.783403581822345,1,10,balanced,1,2,8,10,True,requested_slotframe_below_minimum (8 < 10),2.783403581822345,False,False,False,True,0,954,44,1,0,reliability
1784691820904.5059,0.1,0.1,0.8,797.4113029827315,872.1111111111111,0.1594822605965463,68.63389182833627,84.51352145796591,0.0039115338110964825,1.0,1.0,1.0,10,8,2.783660620559236,1,10,balanced,1,2,8,10,True,requested_slotframe_below_minimum (8 < 10),2.783660620559236,False,False,False,True,0,955,44,1,0,reliability
1784691824434.7998,0.1,0.1,0.8,798.0251177394034,872.7777777777778,0.15960502354788067,69.61380183602405,87.53561253561254,0.003976904725551972,1.0,1.0,1.0,10,8,2.783641807172657,1,10,balanced,1,2,8,10,True,requested_slotframe_below_minimum (8 < 10),2.783641807172657,False,False,False,True,0,956,44,1,0,reliability
1784691828067.477,0.1,0.1,0.8,798.0031397174255,872.6666666666666,0.1596006279434851,4787.519999547778,4717.6357120246,0.31871380917596914,0.9633824225660961,0.9635508524397414,0.9633824225660961,10,8,2.7228744943409318,1,10,balanced,1,2,8,10,True,requested_slotframe_below_minimum (8 < 10),2.7228744943409318,False,False,False,True,0,957,44,1,0,reliability
1784691834537.7678,0.1,0.1,0.8,796.5023547880692,871.4444444444445,0.15930047095761382,137.15619771175326,177.89614706281372,0.00848273500411963,1.0,1.0,1.0,10,8,2.7832216794038267,1,10,balanced,1,2,8,10,True,requested_slotframe_below_minimum (8 < 10),2.7832216794038267,False,False,False,True,0,958,44,1,0,reliability
1784691838078.1602,0.1,0.1,0.8,796.4725274725275,871.8888888888889,0.1592945054945055,118.2113462669018,149.11816578483246,0.00721890235269525,1.0,1.0,1.0,10,8,2.78334865921528,1,10,balanced,1,2,8,10,True,requested_slotframe_below_minimum (8 < 10),2.78334865921528,False,False,False,True,0,959,44,1,0,reliability
1784691841616.865,0.1,0.1,0.8,795.778649921507,870.2222222222222,0.15915572998430141,161.29629629629628,198.3127572016461,0.010093148518765596,1.0,1.0,1.0,10,8,2.7830751121496933,1,10,balanced,1,2,8,10,True,requested_slotframe_below_minimum (8 < 10),2.7830751121496933,False,False,False,True,0,960,44,1,0,reliability
1784691845161.4202,0.1,0.1,0.8,796.1805337519623,871.1111111111111,0.15923610675039246,172.07671957671957,198.10405643738974,0.01081232285368376,1.0,1.0,1.0,10,8,2.7829951570395925,1,10,balanced,1,2,8,10,True,requested_slotframe_below_minimum (8 < 10),2.7829951570395925,False,False,False,True,0,961,44,1,0,reliability
1784691848996.2002,0.1,0.1,0.8,710.6012558869702,812.4444444444445,0.14212025117739405,251.55784204671858,264.67074527252504,0.01611459920258296,0.8398744113029829,0.8888888888888888,0.8398744113029829,10,8,2.6560760440043887,1,10,balanced,1,2,8,10,True,requested_slotframe_below_minimum (8 < 10),2.6560760440043887,False,False,False,True,0,962,44,1,0,reliability
1784691852538.826,0.1,0.1,0.8,799.4238618524333,874.7777777777778,0.15988477237048668,79.01822457378012,102.31040564373899,0.004604284494581729,1.0,1.0,1.0,10,8,2.783551094313493,1,10,balanced,1,2,8,10,True,requested_slotframe_below_minimum (8 < 10),2.783551094313493,False,False,False,True,0,963,44,1,0,reliability
1784691856080.174,0.1,0.1,0.8,799.0000000000001,874.1111111111111,0.15980000000000003,97.76115859449193,127.23171889838555,0.00585464700430233,1.0,1.0,1.0,10,8,2.7834345352995697,1,10,balanced,1,2,8,10,True,requested_slotframe_below_minimum (8 < 10),2.7834345352995697,False,False,False,True,0,964,44,1,0,reliability
1784691859616.311,0.1,0.1,0.8,797.6122448979593,872.7777777777778,0.15952244897959186,106.31687242798354,132.38683127572017,0.006425408434155006,1.0,1.0,1.0,10,8,2.783405214258625,1,10,balanced,1,2,8,10,True,requested_slotframe_below_minimum (8 < 10),2.783405214258625,False,False,False,True,0,965,44,1,0,reliability
1784691863154.5898,0.1,0.1,0.8,797.8210361067504,873.2222222222222,0.1595642072213501,118.52643241532131,150.110794555239,0.00723992210909415,1.0,1.0,1.0,10,8,2.7833195870669556,1,10,balanced,1,2,8,10,True,requested_slotframe_below_minimum (8 < 10),2.7833195870669556,False,False,False,True,0,966,44,1,0,reliability
1784691876622.3792,0.1,0.1,0.8,175.19309262166405,229.55555555555554,0.03503861852433281,113.65144956054047,95.4768463859373,0.006914706441663808,0.1695447409733124,0.2222222222222222,0.1695447409733124,10,8,2.1314404602820503,1,10,balanced,1,2,8,10,True,requested_slotframe_below_minimum (8 < 10),2.1314404602820503,False,False,False,True,0,967,44,1,0,reliability
1784691880170.603,0.1,0.1,0.8,795.3940345368918,870.4444444444445,0.15907880690737836,122.3251028806584,161.68724279835388,0.007493335749210034,0.9942812289751067,0.9960317460317462,0.9942812289751067,10,8,2.7787677689144266,1,10,balanced,1,2,8,10,True,requested_slotframe_below_minimum (8 < 10),2.7787677689144266,False,False,False,True,0,968,44,1,0,reliability
1784691883704.122,0.1,0.1,0.8,798.519623233909,872.7777777777778,0.1597039246467818,89.77366255144032,116.13168724279836,0.005321792031450322,1.0,1.0,1.0,10,8,2.783497428332177,1,10,balanced,1,2,8,10,True,requested_slotframe_below_minimum (8 < 10),2.783497428332177,False,False,False,True,0,969,44,1,0,reliability
1784691887233.906,0.1,0.1,0.8,798.4725274725275,872.6666666666666,0.1596945054945055,87.73244245466466,124.12449690227466,0.005185619910251145,0.9939531368102799,0.9958847736625513,0.9939531368102799,10,8,2.7786744969077484,1,10,balanced,1,2,8,10,True,requested_slotframe_below_minimum (8 < 10),2.7786744969077484,False,False,False,True,0,970,44,1,0,reliability
1784691891065.099,0.1,0.1,0.8,710.6734693877552,812.5555555555555,0.14213469387755104,73.64396654719235,94.1995221027479,0.004245761610886748,0.8398744113029829,0.8888888888888888,0.8398744113029829,10,8,2.6572614834935426,1,10,balanced,1,2,8,10,True,requested_slotframe_below_minimum (8 < 10),2.6572614834935426,False,False,False,True,0,971,44,1,0,reliability
1784691894597.5298,0.1,0.1,0.8,797.7676609105182,872.6666666666666,0.15955353218210364,1635.9891240446796,1548.4729570840682,0.1084715893291981,0.9958510876878225,0.9960317460317462,0.9958510876878225,10,8,2.769878357999128,1,10,balanced,1,2,8,10,True,requested_slotframe_below_minimum (8 < 10),2.769878357999128,False,False,False,True,0,972,44,1,0,reliability
1784691899028.1401,0.1,0.1,0.8,500.5918367346939,636.1111111111111,0.10011836734693878,113.97149259954136,130.02480717114864,0.006936056877888016,0.5577210246199794,0.6639566395663956,0.5577210246199794,10,8,2.435471377273501,1,10,balanced,1,2,8,10,True,requested_slotframe_below_minimum (8 < 10),2.435471377273501,False,False,False,True,0,973,44,1,0,reliability
1784691905522.083,0.1,0.1,0.8,797.1836734693878,871.8888888888889,0.15943673469387756,97.6168430335097,138.2907113462669,0.0058450195485997124,1.0,1.0,1.0,10,8,2.783471824575752,1,10,balanced,1,2,8,10,True,requested_slotframe_below_minimum (8 < 10),2.783471824575752,False,False,False,True,0,974,44,1,0,reliability
1784691909069.652,0.1,0.1,0.8,795.7802197802198,870.3333333333334,0.15915604395604396,74.57378012933569,99.16225749559084,0.0043077905356461435,1.0,1.0,1.0,10,8,2.783653616550831,1,10,balanced,1,2,8,10,True,requested_slotframe_below_minimum (8 < 10),2.783653616550831,False,False,False,True,0,975,44,1,0,reliability
1784691912608.0378,0.1,0.1,0.8,798.4505494505494,873.5555555555555,0.15969010989010987,80.06172839506172,108.9535567313345,0.004673897824887373,1.0,1.0,1.0,10,8,2.7835635992285,1,10,balanced,1,2,8,10,True,requested_slotframe_below_minimum (8 < 10),2.7835635992285,False,False,False,True,0,976,44,1,0,reliability
1784691916140.451,0.1,0.1,0.8,799.0580847723705,874.0,0.1598116169544741,100.86419753086419,142.3456790123457,0.006061654271571994,1.0,1.0,1.0,10,8,2.7834126728773954,1,10,balanced,1,2,8,10,True,requested_slotframe_below_minimum (8 < 10),2.7834126728773954,False,False,False,True,0,977,44,1,0,reliability
1784691919684.264,0.1,0.1,0.8,796.9262166405025,872.1111111111111,0.1593852433281005,79.50029394473839,107.66901822457379,0.004636443892244055,1.0,1.0,1.0,10,8,2.7835978312779655,1,10,balanced,1,2,8,10,True,requested_slotframe_below_minimum (8 < 10),2.7835978312779655,False,False,False,True,0,978,44,1,0,reliability
1784691923224.578,0.1,0.1,0.8,798.3375196232339,873.3333333333334,0.1596675039246468,81.1997467553023,104.88287432731877,0.004749816327905424,1.0,1.0,1.0,10,8,2.783558267974745,1,10,balanced,1,2,8,10,True,requested_slotframe_below_minimum (8 < 10),2.783558267974745,False,False,False,True,0,979,44,1,0,reliability
1784691926755.406,0.1,0.1,0.8,798.0204081632654,873.0,0.15960408163265308,74.68474426807761,100.24250440917108,0.004315193079925124,1.0,1.0,1.0,10,8,2.783608072528742,1,10,balanced,1,2,8,10,True,requested_slotframe_below_minimum (8 < 10),2.783608072528742,False,False,False,True,0,980,44,1,0,reliability
1784691930294.025,0.1,0.1,0.8,797.3767660910519,872.3333333333334,0.15947535321821038,97.43827160493827,139.52380952380955,0.005833106844892479,1.0,1.0,1.0,10,8,2.78346915399369,1,10,balanced,1,2,8,10,True,requested_slotframe_below_minimum (8 < 10),2.78346915399369,False,False,False,True,0,981,44,1,0,reliability
1784691933832.132,0.1,0.1,0.8,798.7409733124019,874.2222222222222,0.1597481946624804,77.89168136390359,106.38594944150499,0.004529131511934862,1.0,1.0,1.0,10,8,2.7835722673825583,1,10,balanced,1,2,8,10,True,requested_slotframe_below_minimum (8 < 10),2.7835722673825583,False,False,False,True,0,982,44,1,0,reliability
1784691940322.529,0.1,0.1,0.8,800.5149136577709,875.4444444444445,0.16010298273155418,89.36213991769546,121.19341563786007,0.005294338887104433,1.0,1.0,1.0,10,8,2.783460267838134,1,10,balanced,1,2,8,10,True,requested_slotframe_below_minimum (8 < 10),2.783460267838134,False,False,False,True,0,983,44,1,0,reliability
1784691944162.3398,0.1,0.1,0.8,711.0706436420722,812.0,0.14221412872841444,68.49462365591397,85.34050179211471,0.0039022430724425594,0.8398744113029829,0.8888888888888888,0.8398744113029829,10,8,2.6572878918623006,1,10,balanced,1,2,8,10,True,requested_slotframe_below_minimum (8 < 10),2.6572878918623006,False,False,False,True,0,984,44,1,0,reliability
1784691948307.905,0.1,0.1,0.8,737.9701726844584,757.2222222222222,0.14759403453689168,137.8839539819932,177.95545405349327,0.008531284455102948,0.7883307169021455,0.7654320987654322,0.7883307169021455,10,8,2.615052041622517,1,10,balanced,1,2,8,10,True,requested_slotframe_below_minimum (8 < 10),2.615052041622517,False,False,False,True,0,985,44,1,0,reliability
1784691951840.447,0.1,0.1,0.8,800.061224489796,874.4444444444445,0.1600122448979592,69.90345045900601,84.985754985755,0.003996227515610808,1.0,1.0,1.0,10,8,2.783599152758643,1,10,balanced,1,2,8,10,True,requested_slotframe_below_minimum (8 < 10),2.783599152758643,False,False,False,True,0,986,44,1,0,reliability
1784691955385.0469,0.1,0.1,0.8,797.9591836734694,872.4444444444445,0.15959183673469388,109.23574368018812,136.12874779541443,0.006620129665122623,1.0,1.0,1.0,10,8,2.7833788033600184,1,10,balanced,1,2,8,10,True,requested_slotframe_below_minimum (8 < 10),2.7833788033600184,False,False,False,True,0,987,44,1,0,reliability
1784691958929.293,0.1,0.1,0.8,796.8477237048667,871.0,0.15936954474097334,96.60493827160495,115.84362139917695,0.005777514227592058,1.0,1.0,1.0,10,8,2.7834852941031434,1,10,balanced,1,2,8,10,True,requested_slotframe_below_minimum (8 < 10),2.7834852941031434,False,False,False,True,0,988,44,1,0,reliability
1784691962461.066,0.1,0.1,0.8,798.6122448979593,873.8888888888889,0.15972244897959184,101.0849952516619,129.82431149097818,0.006076383939403729,1.0,1.0,1.0,10,8,2.7834201167081005,1,10,balanced,1,2,8,10,True,requested_slotframe_below_minimum (8 < 10),2.7834201167081005,False,False,False,True,0,989,44,1,0,reliability
1784691966100.077,0.1,0.1,0.8,798.2590266875981,873.7777777777778,0.1596518053375196,117.89637317415095,144.85257540813097,0.007197890138368976,0.9958718530147103,0.9958847736625513,0.9958718530147103,10,8,2.7800125128641793,1,10,balanced,1,2,8,10,True,requested_slotframe_below_minimum (8 < 10),2.7800125128641793,False,False,False,True,0,990,44,1,0,reliability
1784691969647.33,0.1,0.1,0.8,797.8869701726844,872.8888888888889,0.15957739403453688,135.948141364808,183.19461402794735,0.008402144187111943,0.9958718530147103,0.9958847736625513,0.9958718530147103,10,8,2.7798995285896035,1,10,balanced,1,2,8,10,True,requested_slotframe_below_minimum (8 < 10),2.7798995285896035,False,False,False,True,0,991,44,1,0,reliability
1784691976138.7651,0.1,0.1,0.8,796.4725274725275,871.8888888888889,0.1592945054945055,122.1788653733098,171.35361552028223,0.007483580078272835,1.0,1.0,1.0,10,8,2.783322191442722,1,10,balanced,1,2,8,10,True,requested_slotframe_below_minimum (8 < 10),2.783322191442722,False,False,False,True,0,992,44,1,0,reliability
1784691979673.054,0.1,0.1,0.8,795.3673469387755,870.7777777777778,0.1590734693877551,131.6049382716049,177.96296296296296,0.0081124041542098,1.0,1.0,1.0,10,8,2.7832814126458034,1,10,balanced,1,2,8,10,True,requested_slotframe_below_minimum (8 < 10),2.7832814126458034,False,False,False,True,0,993,44,1,0,reliability
1784691983217.318,0.1,0.1,0.8,797.4411302982733,872.4444444444445,0.15948822605965465,120.41813639035861,168.77865961199296,0.007366119839250074,1.0,1.0,1.0,10,8,2.7833145654101097,1,10,balanced,1,2,8,10,True,requested_slotframe_below_minimum (8 < 10),2.7833145654101097,False,False,False,True,0,994,44,1,0,reliability
1784691986762.396,0.1,0.1,0.8,797.6310832025118,872.8888888888889,0.15952621664050237,94.71193415637862,121.93415637860085,0.005651229763600975,1.0,1.0,1.0,10,8,2.7834822553595897,1,10,balanced,1,2,8,10,True,requested_slotframe_below_minimum (8 < 10),2.7834822553595897,False,False,False,True,0,995,44,1,0,reliability
1784691990302.198,0.1,0.1,0.8,799.8335949764522,875.3333333333334,0.15996671899529044,68.92037489259711,83.26990910324244,0.003930645423121888,0.9940694226408514,0.9958847736625513,0.9940694226408514,10,8,2.7788658016708396,1,10,balanced,1,2,8,10,True,requested_slotframe_below_minimum (8 < 10),2.7788658016708396,False,False,False,True,0,996,44,1,0,reliability
1784691993841.295,0.1,0.1,0.8,799.4113029827316,874.3333333333334,0.15988226059654634,73.3884479717813,89.99118165784833,0.004228715675235578,1.0,1.0,1.0,10,8,2.7835889023728217,1,10,balanced,1,2,8,10,True,requested_slotframe_below_minimum (8 < 10),2.7835889023728217,False,False,False,True,0,997,44,1,0,reliability
1784691997379.906,0.1,0.1,0.8,800.2040816326532,874.3333333333334,0.16004081632653064,69.60684891240447,84.04614932392711,0.003976440888085689,1.0,1.0,1.0,10,8,2.7835982742785386,1,10,balanced,1,2,8,10,True,requested_slotframe_below_minimum (8 < 10),2.7835982742785386,False,False,False,True,0,998,44,1,0,reliability
1784692000918.72,0.1,0.1,0.8,798.4144427001571,873.7777777777778,0.15968288854003143,73.73824221046443,87.87037037037037,0.004252050847929582,1.0,1.0,1.0,10,8,2.783606506061204,1,10,balanced,1,2,8,10,True,requested_slotframe_below_minimum (8 < 10),2.783606506061204,False,False,False,True,0,999,44,1,0,reliability
1784692004461.8079,0.1,0.1,0.8,798.1538461538463,873.2222222222222,0.15963076923076927,96.48883009994121,125.98177542621988,0.005769768519008753,1.0,1.0,1.0,10,8,2.7834599462250225,1,10,balanced,1,2,8,10,True,requested_slotframe_below_minimum (8 < 10),2.7834599462250225,False,False,False,True,0,1000,44,1,0,reliability
1784692007995.34,0.1,0.1,0.8,798.3108320251177,873.4444444444445,0.15966216640502354,119.6707818930041,146.70781893004116,0.00731626296817906,1.0,1.0,1.0,10,8,2.7833021570626797,1,10,balanced,1,2,8,10,True,requested_slotframe_below_minimum (8 < 10),2.7833021570626797,False,False,False,True,0,1001,44,1,0,reliability
1784692014508.901,0.1,0.1,0.8,795.4945054945057,870.2222222222222,0.15909890109890112,151.58554922443813,195.2540360873694,0.009445333503965186,0.9899412756555616,0.9917695473251028,0.9899412756555616,10,8,2.7750985970641624,1,10,balanced,1,2,8,10,True,requested_slotframe_below_minimum (8 < 10),2.7750985970641624,False,False,False,True,0,1002,44,1,0,reliability
1784692018048.138,0.1,0.1,0.8,798.3956043956044,872.7777777777778,0.1596791208791209,143.26866549088768,179.13286302175192,0.008890504702527531,1.0,1.0,1.0,10,8,2.7831430374418353,1,10,balanced,1,2,8,10,True,requested_slotframe_below_minimum (8 < 10),2.7831430374418353,False,False,False,True,0,1003,44,1,0,reliability
1784692021581.604,0.1,0.1,0.8,797.4018838304553,872.3333333333334,0.15948037676609106,133.40608465608463,214.13433274544388,0.008232560684195105,1.0,1.0,1.0,10,8,2.783228706254971,1,10,balanced,1,2,8,10,True,requested_slotframe_below_minimum (8 < 10),2.783228706254971,False,False,False,True,0,1004,44,1,0,reliability
1784692025127.1602,0.1,0.1,0.8,799.3076923076925,873.8888888888889,0.1598615384615385,70.06172839506172,84.48559670781893,0.0040067864172823025,1.0,1.0,1.0,10,8,2.783613167512118,1,10,balanced,1,2,8,10,True,requested_slotframe_below_minimum (8 < 10),2.783613167512118,False,False,False,True,0,1005,44,1,0,reliability
1784692028664.4038,0.1,0.1,0.8,799.5133437990581,873.8888888888889,0.15990266875981163,66.65931804820694,82.60141093474427,0.003779807741708268,1.0,1.0,1.0,10,8,2.783631752349848,1,10,balanced,1,2,8,10,True,requested_slotframe_below_minimum (8 < 10),2.783631752349848,False,False,False,True,0,1006,44,1,0,reliability
1784692032196.389,0.1,0.1,0.8,799.4740973312403,874.3333333333334,0.15989481946624806,71.15056753945645,86.44575589020033,0.00407942411870957,1.0,1.0,1.0,10,8,2.7836025756415044,1,10,balanced,1,2,8,10,True,requested_slotframe_below_minimum (8 < 10),2.7836025756415044,False,False,False,True,0,1007,44,1,0,reliability
1784692035739.909,0.1,0.1,0.8,798.1726844583989,873.2222222222222,0.15963453689167978,78.52072310405643,97.97912992357436,0.004571095604006433,1.0,1.0,1.0,10,8,2.7835794367504314,1,10,balanced,1,2,8,10,True,requested_slotframe_below_minimum (8 < 10),2.7835794367504314,False,False,False,True,0,1008,44,1,0,reliability
1784692039277.252,0.1,0.1,0.8,798.0047095761381,872.1111111111111,0.1596009419152276,82.61463844797177,113.38330393885948,0.004844205366775969,1.0,1.0,1.0,10,8,2.7835554852717994,1,10,balanced,1,2,8,10,True,requested_slotframe_below_minimum (8 < 10),2.7835554852717994,False,False,False,True,0,1009,44,1,0,reliability
1784692042812.31,0.1,0.1,0.8,797.7346938775512,872.5555555555555,0.15954693877551024,85.61434450323338,117.91887125220458,0.005044319179668672,1.0,1.0,1.0,10,8,2.783540874204482,1,10,balanced,1,2,8,10,True,requested_slotframe_below_minimum (8 < 10),2.783540874204482,False,False,False,True,0,1010,44,1,0,reliability
1784692049268.354,0.1,0.1,0.8,799.1836734693878,873.7777777777778,0.15983673469387757,86.11405055849501,114.96472663139328,0.005077655140660107,1.0,1.0,1.0,10,8,2.7835085610165464,1,10,balanced,1,2,8,10,True,requested_slotframe_below_minimum (8 < 10),2.7835085610165464,False,False,False,True,0,1011,44,1,0,reliability
1784692052808.8901,0.1,0.1,0.8,798.0062794348509,872.3333333333334,0.15960125588697016,77.92181069958848,99.67078189300412,0.004531141474288757,1.0,1.0,1.0,10,8,2.783586760263874,1,10,balanced,1,2,8,10,True,requested_slotframe_below_minimum (8 < 10),2.783586760263874,False,False,False,True,0,1012,44,1,0,reliability
1784692056352.0688,0.1,0.1,0.8,798.5431711145997,872.8888888888889,0.15970863422291992,76.07951205173427,105.17048794826572,0.004408239629868864,1.0,1.0,1.0,10,8,2.783588312614721,1,10,balanced,1,2,8,10,True,requested_slotframe_below_minimum (8 < 10),2.783588312614721,False,False,False,True,0,1013,44,1,0,reliability
1784692059882.928,0.1,0.1,0.8,797.4081632653063,871.7777777777778,0.15948163265306126,83.71297426852982,111.98163975941753,0.0049174766023035235,0.995697424268853,0.9958847736625513,0.995697424268853,10,8,2.780118028489546,1,10,balanced,1,2,8,10,True,requested_slotframe_below_minimum (8 < 10),2.780118028489546,False,False,False,True,0,1014,44,1,0,reliability
1784692063428.186,0.1,0.1,0.8,796.9843014128729,871.8888888888889,0.15939686028257458,89.80526161081715,126.79747207524987,0.00532390004074831,1.0,1.0,1.0,10,8,2.783527923967668,1,10,balanced,1,2,8,10,True,requested_slotframe_below_minimum (8 < 10),2.783527923967668,False,False,False,True,0,1015,44,1,0,reliability
1784692066963.394,0.1,0.1,0.8,797.956043956044,873.3333333333334,0.1595912087912088,87.89976484420929,116.08906525573191,0.00519678217773244,1.0,1.0,1.0,10,8,2.783521200903106,1,10,balanced,1,2,8,10,True,requested_slotframe_below_minimum (8 < 10),2.783521200903106,False,False,False,True,0,1016,44,1,0,reliability
1784692070504.683,0.1,0.1,0.8,797.679748822606,873.0,0.1595359497645212,145.72016460905348,190.98765432098764,0.009054047005273748,1.0,1.0,1.0,10,8,2.7831410003230204,1,10,balanced,1,2,8,10,True,requested_slotframe_below_minimum (8 < 10),2.7831410003230204,False,False,False,True,0,1017,44,1,0,reliability
1784692074051.116,0.1,0.1,0.8,796.8979591836736,872.2222222222222,0.15937959183673472,152.40107628996515,203.34283000949668,0.009499738244827562,1.0,1.0,1.0,10,8,2.7831120669918437,1,10,balanced,1,2,8,10,True,requested_slotframe_below_minimum (8 < 10),2.7831120669918437,False,False,False,True,0,1018,44,1,0,reliability
1784692077591.033,0.1,0.1,0.8,797.686028257457,872.7777777777778,0.1595372056514914,103.78600823045268,125.18518518518519,0.006256571596427798,1.0,1.0,1.0,10,8,2.7834206222752083,1,10,balanced,1,2,8,10,True,requested_slotframe_below_minimum (8 < 10),2.7834206222752083,False,False,False,True,0,1019,44,1,0,reliability
1784692084087.616,0.1,0.1,0.8,797.1381475667191,871.8888888888889,0.15942762951334383,133.0864197530864,186.2551440329218,0.008211235473854998,1.0,1.0,1.0,10,8,2.78323611350128,1,10,balanced,1,2,8,10,True,requested_slotframe_below_minimum (8 < 10),2.78323611350128,False,False,False,True,0,1020,44,1,0,reliability
1784692087623.5818,0.1,0.1,0.8,797.7535321821038,872.2222222222222,0.15955070643642075,70.2880658436214,86.79012345679013,0.004021885646672541,1.0,1.0,1.0,10,8,2.7836427407916906,1,10,balanced,1,2,8,10,True,requested_slotframe_below_minimum (8 < 10),2.7836427407916906,False,False,False,True,0,1021,44,1,0,reliability
1784692091159.466,0.1,0.1,0.8,799.646781789639,874.8888888888889,0.1599293563579278,73.99176954732509,92.51028806584362,0.0042689639457855295,1.0,1.0,1.0,10,8,2.7835801679696286,1,10,balanced,1,2,8,10,True,requested_slotframe_below_minimum (8 < 10),2.7835801679696286,False,False,False,True,0,1022,44,1,0,reliability
1784692094998.9841,0.1,0.1,0.8,712.2747252747254,813.5555555555555,0.14245494505494508,64.96296296296296,70.8888888888889,0.0036666419588367552,0.8398744113029829,0.8888888888888888,0.8398744113029829,10,8,2.6572873703410083,1,10,balanced,1,2,8,10,True,requested_slotframe_below_minimum (8 < 10),2.6572873703410083,False,False,False,True,0,1023,44,1,0,reliability
1784692098537.6748,0.1,0.1,0.8,798.5541601255887,873.5555555555555,0.15971083202511774,78.5185185185185,106.8312757201646,0.0045709485335902935,1.0,1.0,1.0,10,8,2.783571821944129,1,10,balanced,1,2,8,10,True,requested_slotframe_below_minimum (8 < 10),2.783571821944129,False,False,False,True,0,1024,44,1,0,reliability
1784692102078.595,0.1,0.1,0.8,797.7095761381476,872.4444444444445,0.1595419152276295,143.70370370370372,181.35802469135803,0.008919526597978901,1.0,1.0,1.0,10,8,2.783153855817439,1,10,balanced,1,2,8,10,True,requested_slotframe_below_minimum (8 < 10),2.783153855817439,False,False,False,True,0,1025,44,1,0,reliability
1784692105608.55,0.1,0.1,0.8,798.912087912088,874.3333333333334,0.15978241758241762,104.17695473251028,128.72427983539097,0.00628265208355639,1.0,1.0,1.0,10,8,2.7833934930334028,1,10,balanced,1,2,8,10,True,requested_slotframe_below_minimum (8 < 10),2.7833934930334028,False,False,False,True,0,1026,44,1,0,reliability
1784692109151.9028,0.1,0.1,0.8,798.2087912087912,873.1111111111111,0.15964175824175825,90.55702527924748,111.00088183421516,0.0053740510526516,1.0,1.0,1.0,10,8,2.783498419070559,1,10,balanced,1,2,8,10,True,requested_slotframe_below_minimum (8 < 10),2.783498419070559,False,False,False,True,0,1027,44,1,0,reliability
1784692112697.886,0.1,0.1,0.8,799.3956043956044,874.8888888888889,0.1598791208791209,95.22707231040563,121.94444444444444,0.005685595217505379,1.0,1.0,1.0,10,8,2.7834435283903374,1,10,balanced,1,2,8,10,True,requested_slotframe_below_minimum (8 < 10),2.7834435283903374,False,False,False,True,0,1028,44,1,0,reliability
1784692119191.427,0.1,0.1,0.8,797.3155416012559,872.2222222222222,0.15946310832025118,115.60111699000588,136.75191064079954,0.0070447709799870495,1.0,1.0,1.0,10,8,2.783349212069976,1,10,balanced,1,2,8,10,True,requested_slotframe_below_minimum (8 < 10),2.783349212069976,False,False,False,True,0,1029,44,1,0,reliability
1784692122729.805,0.1,0.1,0.8,799.447409733124,875.0,0.1598894819466248,82.34641387419165,106.15373309817754,0.0048263117994790964,1.0,1.0,1.0,10,8,2.7835284206253896,1,10,balanced,1,2,8,10,True,requested_slotframe_below_minimum (8 < 10),2.7835284206253896,False,False,False,True,0,1030,44,1,0,reliability
1784692126265.079,0.1,0.1,0.8,798.4128728414444,872.8888888888889,0.15968257456828888,68.7852733686067,86.385949441505,0.003921632646338005,1.0,1.0,1.0,10,8,2.783639579278537,1,10,balanced,1,2,8,10,True,requested_slotframe_below_minimum (8 < 10),2.783639579278537,False,False,False,True,0,1031,44,1,0,reliability
1784692129808.808,0.1,0.1,0.8,797.4740973312403,872.3333333333334,0.15949481946624805,138.47736625514403,176.2962962962963,0.008570871664786126,1.0,1.0,1.0,10,8,2.7831934308868966,1,10,balanced,1,2,8,10,True,requested_slotframe_below_minimum (8 < 10),2.7831934308868966,False,False,False,True,0,1032,44,1,0,reliability
1784692133343.2441,0.1,0.1,0.8,800.4238618524333,875.5555555555555,0.16008477237048666,66.7133586578031,80.56030389363724,0.003783412852421821,1.0,1.0,1.0,10,8,2.783613181477709,1,10,balanced,1,2,8,10,True,requested_slotframe_below_minimum (8 < 10),2.783613181477709,False,False,False,True,0,1033,44,1,0,reliability
1784692137187.628,0.1,0.1,0.8,712.7503924646782,814.5555555555555,0.14255007849293563,62.682795698924735,71.51373954599761,0.003514529399528001,0.8398744113029829,0.8888888888888888,0.8398744113029829,10,8,2.65729306825314,1,10,balanced,1,2,8,10,True,requested_slotframe_below_minimum (8 < 10),2.65729306825314,False,False,False,True,0,1034,44,1,0,reliability
1784692140724.8198,0.1,0.1,0.8,798.9984301412875,873.3333333333334,0.1597996860282575,71.13349613349612,86.33337855560077,0.0040782852657435704,0.995697424268853,0.9958847736625513,0.995697424268853,10,8,2.7801701422856824,1,10,balanced,1,2,8,10,True,requested_slotframe_below_minimum (8 < 10),2.7801701422856824,False,False,False,True,0,1035,44,1,0,reliability
1784692144270.488,0.1,0.1,0.8,798.6750392464679,874.1111111111111,0.1597350078492936,65.88771310993533,84.03586125808347,0.0037283330960597287,1.0,1.0,1.0,10,8,2.7836536659054647,1,10,balanced,1,2,8,10,True,requested_slotframe_below_minimum (8 < 10),2.7836536659054647,False,False,False,True,0,1036,44,1,0,reliability
1784692147810.179,0.1,0.1,0.8,798.2951334379908,873.2222222222222,0.15965902668759815,71.21031746031746,87.16196355085243,0.004083410104090557,1.0,1.0,1.0,10,8,2.783625756320831,1,10,balanced,1,2,8,10,True,requested_slotframe_below_minimum (8 < 10),2.783625756320831,False,False,False,True,0,1037,44,1,0,reliability
1784692154312.4448,0.1,0.1,0.8,797.8210361067503,872.8888888888889,0.15956420722135006,91.48148148148148,110.3292181069959,0.005435722580485756,1.0,1.0,1.0,10,8,2.7835000070198164,1,10,balanced,1,2,8,10,True,requested_slotframe_below_minimum (8 < 10),2.7835000070198164,False,False,False,True,0,1038,44,1,0,reliability
1784692157855.212,0.1,0.1,0.8,797.5133437990581,872.2222222222222,0.15950266875981162,96.01139601139602,125.68059512503957,0.00573791834632395,1.0,1.0,1.0,10,8,2.7834759412893866,1,10,balanced,1,2,8,10,True,requested_slotframe_below_minimum (8 < 10),2.7834759412893866,False,False,False,True,0,1039,44,1,0,reliability
1784692161393.928,0.1,0.1,0.8,796.7708006279436,872.0,0.1593541601255887,118.09749920861032,137.8917378917379,0.007211307485564397,1.0,1.0,1.0,10,8,2.783343453238885,1,10,balanced,1,2,8,10,True,requested_slotframe_below_minimum (8 < 10),2.783343453238885,False,False,False,True,0,1040,44,1,0,reliability
1784692164929.131,0.1,0.1,0.8,797.8587127158557,872.5555555555555,0.15957174254317114,87.99676660787772,110.14256319811876,0.005203253276042543,1.0,1.0,1.0,10,8,2.7835225004180786,1,10,balanced,1,2,8,10,True,requested_slotframe_below_minimum (8 < 10),2.7835225004180786,False,False,False,True,0,1041,44,1,0,reliability
1784692168471.8052,0.1,0.1,0.8,798.2794348508635,873.4444444444445,0.1596558869701727,101.15593768371546,121.97383891828336,0.006081116589974347,1.0,1.0,1.0,10,8,2.7834262996439856,1,10,balanced,1,2,8,10,True,requested_slotframe_below_minimum (8 < 10),2.7834262996439856,False,False,False,True,0,1042,44,1,0,reliability
1784692172014.535,0.1,0.1,0.8,797.7488226059655,872.7777777777778,0.1595497645211931,79.11890064667843,96.65343915343915,0.004611000710252063,1.0,1.0,1.0,10,8,2.7835839234768556,1,10,balanced,1,2,8,10,True,requested_slotframe_below_minimum (8 < 10),2.7835839234768556,False,False,False,True,0,1043,44,1,0,reliability
1784692175554.727,0.1,0.1,0.8,798.65306122449,873.7777777777778,0.15973061224489798,65.96046443268666,81.61522633744856,0.003733186419792306,1.0,1.0,1.0,10,8,2.783653620133531,1,10,balanced,1,2,8,10,True,requested_slotframe_below_minimum (8 < 10),2.783653620133531,False,False,False,True,0,1044,44,1,0,reliability
1784692179090.514,0.1,0.1,0.8,799.3799058084772,874.5555555555555,0.15987598116169546,96.38447971781306,118.79188712522046,0.0057628071859781894,1.0,1.0,1.0,10,8,2.7834361211652325,1,10,balanced,1,2,8,10,True,requested_slotframe_below_minimum (8 < 10),2.7834361211652325,False,False,False,True,0,1045,44,1,0,reliability
1784692182629.334,0.1,0.1,0.8,798.6844583987441,873.4444444444445,0.15973689167974883,117.70282186948853,159.6149323927102,0.007184978110039261,1.0,1.0,1.0,10,8,2.7833078130210214,1,10,balanced,1,2,8,10,True,requested_slotframe_below_minimum (8 < 10),2.7833078130210214,False,False,False,True,0,1046,44,1,0,reliability
1784692189127.829,0.1,0.1,0.8,798.712715855573,873.8888888888889,0.1597425431711146,112.4132863021752,150.91122868900646,0.006832107158250513,1.0,1.0,1.0,10,8,2.7833425349670637,1,10,balanced,1,2,8,10,True,requested_slotframe_below_minimum (8 < 10),2.7833425349670637,False,False,False,True,0,1047,44,1,0,reliability
1784692192670.893,0.1,0.1,0.8,796.6734693877552,872.0,0.15933469387755103,113.80675394564282,147.32227648894317,0.006925066974359094,0.9935835139916774,0.9919165196942975,0.9935835139916774,10,8,2.778240835108151,1,10,balanced,1,2,8,10,True,requested_slotframe_below_minimum (8 < 10),2.778240835108151,False,False,False,True,0,1048,44,1,0,reliability
1784692196208.8708,0.1,0.1,0.8,799.1365777080064,874.2222222222222,0.15982731554160126,101.8885949441505,122.15608465608466,0.0061299929916044365,0.9958718530147103,0.9958847736625513,0.9958718530147103,10,8,2.7801017515584476,1,10,balanced,1,2,8,10,True,requested_slotframe_below_minimum (8 < 10),2.7801017515584476,False,False,False,True,0,1049,44,1,0,reliability
1784692199750.046,0.1,0.1,0.8,799.7284144427002,874.8888888888889,0.15994568288854005,69.79423868312756,86.70781893004113,0.003988941873457476,1.0,1.0,1.0,10,8,2.7836065375238004,1,10,balanced,1,2,8,10,True,requested_slotframe_below_minimum (8 < 10),2.7836065375238004,False,False,False,True,0,1050,44,1,0,reliability
1784692203288.408,0.1,0.1,0.8,796.2935635792779,872.2222222222222,0.1592587127158556,85.4210193099082,118.81291547958214,0.005031422235484203,1.0,1.0,1.0,10,8,2.7835709865048663,1,10,balanced,1,2,8,10,True,requested_slotframe_below_minimum (8 < 10),2.7835709865048663,False,False,False,True,0,1051,44,1,0,reliability
1784692206832.9019,0.1,0.1,0.8,797.1742543171115,872.1111111111111,0.1594348508634223,112.15461493239272,147.21340388007056,0.006814850896090241,1.0,1.0,1.0,10,8,2.783375029824049,1,10,balanced,1,2,8,10,True,requested_slotframe_below_minimum (8 < 10),2.783375029824049,False,False,False,True,0,1052,44,1,0,reliability
1784692210370.03,0.1,0.1,0.8,797.6200941915229,872.6666666666666,0.15952401883830458,115.7965902410347,154.15049970605526,0.007057811223551348,0.9960192868356136,0.9960317460317462,0.9960192868356136,10,8,2.780157246462305,1,10,balanced,1,2,8,10,True,requested_slotframe_below_minimum (8 < 10),2.780157246462305,False,False,False,True,0,1053,44,1,0,reliability
1784692213901.253,0.1,0.1,0.8,798.0659340659342,872.8888888888889,0.15961318681318684,107.00323339212228,133.65079365079364,0.006471196357046183,1.0,1.0,1.0,10,8,2.7833915616829765,1,10,balanced,1,2,8,10,True,requested_slotframe_below_minimum (8 < 10),2.7833915616829765,False,False,False,True,0,1054,44,1,0,reliability
1784692217440.763,0.1,0.1,0.8,798.2543171114601,873.5555555555555,0.159650863422292,110.29174015285126,148.3318636096414,0.006690576394453053,1.0,1.0,1.0,10,8,2.7833658560183254,1,10,balanced,1,2,8,10,True,requested_slotframe_below_minimum (8 < 10),2.7833658560183254,False,False,False,True,0,1055,44,1,0,reliability
1784692223952.066,0.1,0.1,0.8,798.9293563579279,873.5555555555555,0.15978587127158558,188.23983629539183,217.93198570976347,0.011890582808231609,1.0,1.0,1.0,10,8,2.7828323545920184,1,10,balanced,1,2,8,10,True,requested_slotframe_below_minimum (8 < 10),2.7828323545920184,False,False,False,True,0,1056,44,1,0,reliability
1784692228084.282,0.1,0.1,0.8,596.3328100470958,698.1111111111111,0.11926656200941915,88.45051353874884,95.4547152194211,0.005233523251417534,0.7284144427001571,0.7777777777777778,0.7284144427001571,10,8,2.570281545634042,1,10,balanced,1,2,8,10,True,requested_slotframe_below_minimum (8 < 10),2.570281545634042,False,False,False,True,0,1057,44,1,0,reliability
1784692231629.714,0.1,0.1,0.8,799.3029827315543,873.3333333333334,0.15986059654631085,111.68724279835388,139.30041152263374,0.006783671967868838,1.0,1.0,1.0,10,8,2.783335573148582,1,10,balanced,1,2,8,10,True,requested_slotframe_below_minimum (8 < 10),2.783335573148582,False,False,False,True,0,1058,44,1,0,reliability
1784692235167.57,0.1,0.1,0.8,797.2621664050237,872.0,0.15945243328100472,99.29306290417401,130.1440329218107,0.005956842088337158,1.0,1.0,1.0,10,8,2.783459072463066,1,10,balanced,1,2,8,10,True,requested_slotframe_below_minimum (8 < 10),2.783459072463066,False,False,False,True,0,1059,44,1,0,reliability
1784692238700.1182,0.1,0.1,0.8,798.6671899529043,873.5555555555555,0.15973343799058087,101.45723104056437,122.2501469723692,0.0061012162135133,1.0,1.0,1.0,10,8,2.7834165345795907,1,10,balanced,1,2,8,10,True,requested_slotframe_below_minimum (8 < 10),2.7834165345795907,False,False,False,True,0,1060,44,1,0,reliability
1784692277621.781,0.1,0.1,0.8,798.7912087912089,874.1111111111111,0.15975824175824177,76.9503233392122,102.6954732510288,0.004466332444243643,1.0,1.0,1.0,10,8,2.7835775425797515,1,10,balanced,1,2,8,10,True,requested_slotframe_below_minimum (8 < 10),2.7835775425797515,False,False,False,True,1,1061,44,1,0,reliability
1784692281168.0032,0.1,0.1,0.8,796.5792778649922,871.6666666666666,0.15931585557299843,111.23456790123457,147.2000633111744,0.006753473509088364,0.9899412756555616,0.9917695473251028,0.9899412756555616,10,8,2.7753460876162404,1,10,balanced,1,2,8,10,True,requested_slotframe_below_minimum (8 < 10),2.7753460876162404,False,False,False,True,0,1062,44,1,0,reliability
1784692284799.68,0.1,0.1,0.8,799.3642072213502,874.3333333333334,0.15987284144427003,4961.671166282277,4748.611292000181,0.3303316321736009,0.972608457302335,0.9798647854203411,0.972608457302335,10,8,2.729066318480081,1,10,balanced,1,2,8,10,True,requested_slotframe_below_minimum (8 < 10),2.729066318480081,False,False,False,True,0,1063,44,1,0,reliability
1784692288342.669,0.1,0.1,0.8,799.6153846153846,874.3333333333334,0.15992307692307692,107.23471487360376,134.56349206349205,0.006486638750740745,1.0,1.0,1.0,10,8,2.7833590284326184,1,10,balanced,1,2,8,10,True,requested_slotframe_below_minimum (8 < 10),2.7833590284326184,False,False,False,True,0,1064,44,1,0,reliability
1784692294806.2961,0.1,0.1,0.8,799.050235478807,873.5555555555555,0.1598100470957614,82.2119341563786,110.09994121105231,0.0048173405040946365,1.0,1.0,1.0,10,8,2.7835372612400144,1,10,balanced,1,2,8,10,True,requested_slotframe_below_minimum (8 < 10),2.7835372612400144,False,False,False,True,0,1065,44,1,0,reliability
1784692298347.688,0.1,0.1,0.8,797.348508634223,871.8888888888889,0.1594697017268446,149.91328630217518,215.59376837154616,0.009333774936769524,1.0,1.0,1.0,10,8,2.783119652333639,1,10,balanced,1,2,8,10,True,requested_slotframe_below_minimum (8 < 10),2.783119652333639,False,False,False,True,0,1066,44,1,0,reliability
1784692301878.423,0.1,0.1,0.8,797.8241758241759,872.7777777777778,0.1595648351648352,139.07407407407408,173.95208700764258,0.008610678724087663,1.0,1.0,1.0,10,8,2.783182448611108,1,10,balanced,1,2,8,10,True,requested_slotframe_below_minimum (8 < 10),2.783182448611108,False,False,False,True,0,1067,44,1,0,reliability
1784692305410.4841,0.1,0.1,0.8,796.7802197802198,872.2222222222222,0.15935604395604397,147.60141093474425,202.7219282774838,0.009179547093712092,1.0,1.0,1.0,10,8,2.7831464408950244,1,10,balanced,1,2,8,10,True,requested_slotframe_below_minimum (8 < 10),2.7831464408950244,False,False,False,True,0,1068,44,1,0,reliability
1784692308954.3992,0.1,0.1,0.8,797.8901098901099,873.0,0.15957802197802198,114.86625514403293,155.70987654320984,0.006995747507940823,1.0,1.0,1.0,10,8,2.7833426230514036,1,10,balanced,1,2,8,10,True,requested_slotframe_below_minimum (8 < 10),2.7833426230514036,False,False,False,True,0,1069,44,1,0,reliability
1784692312494.166,0.1,0.1,0.8,797.607535321821,873.1111111111111,0.15952150706436422,133.16358024691357,166.96502057613168,0.008216382938419852,1.0,1.0,1.0,10,8,2.7832262109997217,1,10,balanced,1,2,8,10,True,requested_slotframe_below_minimum (8 < 10),2.7832262109997217,False,False,False,True,0,1070,44,1,0,reliability
1784692316036.549,0.1,0.1,0.8,794.8100470957613,870.0,0.15896200941915226,109.05349794238684,144.8559670781893,0.00660797184405516,1.0,1.0,1.0,10,8,2.783443001873679,1,10,balanced,1,2,8,10,True,requested_slotframe_below_minimum (8 < 10),2.783443001873679,False,False,False,True,0,1071,44,1,0,reliability
1784692322181.232,0.1,0.1,0.8,299.3642072213501,461.0,0.05987284144427002,28.406193078324222,20.182149362477233,0.001227898137313157,0.28885400313971743,0.4444444444444444,0.28885400313971743,10,8,2.2249731285536156,1,10,balanced,1,2,8,10,True,requested_slotframe_below_minimum (8 < 10),2.2249731285536156,False,False,False,True,0,1072,44,1,0,reliability
1784692325815.907,0.1,0.1,0.8,797.3343799058085,872.4444444444445,0.15946687598116172,140.3395061728395,190.49529688418573,0.008695097142951268,1.0,1.0,1.0,10,8,2.7831838026875886,1,10,balanced,1,2,8,10,True,requested_slotframe_below_minimum (8 < 10),2.7831838026875886,False,False,False,True,0,1073,44,1,0,reliability
1784692348714.4402,0.1,0.1,0.8,796.425431711146,870.8888888888889,0.15928508634222918,124.667616334283,157.85375118708453,0.0076496074939481655,1.0,1.0,1.0,10,8,2.7833065306163824,1,10,balanced,1,2,8,10,True,requested_slotframe_below_minimum (8 < 10),2.7833065306163824,False,False,False,True,0,1074,44,1,0,reliability
1784692375796.229,0.1,0.1,0.8,795.0282574568289,870.0,0.15900565149136578,133.64593225704337,171.31528964862298,0.008248561191263734,1.0,1.0,1.0,10,8,2.7832745787317372,1,10,balanced,1,2,8,10,True,requested_slotframe_below_minimum (8 < 10),2.7832745787317372,False,False,False,True,0,1075,44,1,0,reliability
1784692402795.2722,0.1,0.1,0.8,795.6405023547882,870.4444444444445,0.15912810047095763,159.81798037353593,187.1351693573916,0.009994528377153832,1.0,1.0,1.0,10,8,2.783087737115189,1,10,balanced,1,2,8,10,True,requested_slotframe_below_minimum (8 < 10),2.783087737115189,False,False,False,True,0,1076,44,1,0,reliability
1784692427051.018,0.1,0.1,0.8,794.8304552590268,870.0,0.15896609105180537,285.03165558721116,268.86989553656224,0.018347675489473726,0.9940694226408514,0.9958847736625513,0.9940694226408514,10,8,2.7775241614585533,1,10,balanced,1,2,8,10,True,requested_slotframe_below_minimum (8 < 10),2.7775241614585533,False,False,False,True,0,1077,44,1,0,reliability
1784692453937.686,0.1,0.1,0.8,796.5337519623235,872.0,0.1593067503924647,152.11775878442543,201.26938904716684,0.009480837810835585,1.0,1.0,1.0,10,8,2.78312124117967,1,10,balanced,1,2,8,10,True,requested_slotframe_below_minimum (8 < 10),2.78312124117967,False,False,False,True,0,1078,44,1,0,reliability
1784692480756.2202,0.1,0.1,0.8,796.6938775510205,871.5555555555555,0.1593387755102041,135.775561886673,172.13991769547326,0.008390631213253702,1.0,1.0,1.0,10,8,2.783227059327654,1,10,balanced,1,2,8,10,True,requested_slotframe_below_minimum (8 < 10),2.783227059327654,False,False,False,True,0,1079,44,1,0,reliability
1784692507780.262,0.1,0.1,0.8,795.2747252747254,870.5555555555555,0.15905494505494508,131.31054131054128,167.08452041785372,0.008092764597100819,1.0,1.0,1.0,10,8,2.7832852290347954,1,10,balanced,1,2,8,10,True,requested_slotframe_below_minimum (8 < 10),2.7832852290347954,False,False,False,True,0,1080,44,1,0,reliability
1784692531936.8032,0.1,0.1,0.8,798.6043956043958,873.6666666666666,0.15972087912087915,119.24343146565369,151.4672364672365,0.007287753933666023,0.9940694226408514,0.9958847736625513,0.9940694226408514,10,8,2.7785546748072267,1,10,balanced,1,2,8,10,True,requested_slotframe_below_minimum (8 < 10),2.7785546748072267,False,False,False,True,0,1081,44,1,0,reliability
1784692558931.526,0.1,0.1,0.8,798.4803767660911,873.4444444444445,0.15969607535321823,129.46172839506173,177.15390946502055,0.007969428178456419,0.9938413235116533,0.9957264957264957,0.9938413235116533,10,8,2.778306508456155,1,10,balanced,1,2,8,10,True,requested_slotframe_below_minimum (8 < 10),2.778306508456155,False,False,False,True,0,1082,44,1,0,reliability
1784692585815.786,0.1,0.1,0.8,797.1004709576139,871.6666666666666,0.15942009419152278,108.86831275720164,147.201646090535,0.006595617929099509,1.0,1.0,1.0,10,8,2.7833984287879376,1,10,balanced,1,2,8,10,True,requested_slotframe_below_minimum (8 < 10),2.7833984287879376,False,False,False,True,0,1083,44,1,0,reliability
1784692612525.1948,0.1,0.1,0.8,798.519623233909,873.3333333333334,0.1597039246467818,136.87401076289964,181.232985121874,0.008463909990853878,1.0,1.0,1.0,10,8,2.7831832165362362,1,10,balanced,1,2,8,10,True,requested_slotframe_below_minimum (8 < 10),2.7831832165362362,False,False,False,True,0,1084,44,1,0,reliability
1784692636585.443,0.1,0.1,0.8,799.0078492935636,874.0,0.15980156985871272,97.39395378284264,138.89363722697055,0.0058301503524244595,1.0,1.0,1.0,10,8,2.7834368279788864,1,10,balanced,1,2,8,10,True,requested_slotframe_below_minimum (8 < 10),2.7834368279788864,False,False,False,True,0,1085,44,1,0,reliability
1784692663501.358,0.1,0.1,0.8,799.4552590266877,874.4444444444445,0.15989105180533755,88.22412155745488,117.39474517252296,0.005218420384086383,1.0,1.0,1.0,10,8,2.7834890527810576,1,10,balanced,1,2,8,10,True,requested_slotframe_below_minimum (8 < 10),2.7834890527810576,False,False,False,True,0,1086,44,1,0,reliability
1784692690511.92,0.1,0.1,0.8,797.1789638932496,872.5555555555555,0.15943579277864992,207.35197847420068,239.64222855333966,0.01316557561535695,0.9877899877899879,0.9916112693890473,0.9877899877899879,10,8,2.7729718533925896,1,10,balanced,1,2,8,10,True,requested_slotframe_below_minimum (8 < 10),2.7729718533925896,False,False,False,True,0,1087,44,1,0,reliability
1784692717833.6711,0.1,0.1,0.8,799.2291993720567,873.7777777777778,0.15984583987441134,200.76131687242798,236.99588477366257,0.012725905061536223,1.0,1.0,1.0,10,8,2.7827428255064053,1,10,balanced,1,2,8,10,True,requested_slotframe_below_minimum (8 < 10),2.7827428255064053,False,False,False,True,0,1088,44,1,0,reliability
1784692741688.061,0.1,0.1,0.8,795.3783359497646,871.5555555555555,0.15907566718995292,808.1101614434947,877.1905666350111,0.053242839322447943,1.0,1.0,1.0,10,8,2.77876814934876,1,10,balanced,1,2,8,10,True,requested_slotframe_below_minimum (8 < 10),2.77876814934876,False,False,False,True,0,1089,44,1,0,reliability
1784692768580.741,0.1,0.1,0.8,797.7880690737834,873.4444444444445,0.15955761381475667,77.65511237733459,104.08357075023741,0.004513349724972288,0.9881388452817025,0.9917695473251028,0.9881388452817025,10,8,2.774103979871389,1,10,balanced,1,2,8,10,True,requested_slotframe_below_minimum (8 < 10),2.774103979871389,False,False,False,True,0,1090,44,1,0,reliability
1784692795499.0051,0.1,0.1,0.8,798.9073783359498,874.2222222222222,0.15978147566718998,85.68771763216208,114.28141817030706,0.005049213984800672,1.0,1.0,1.0,10,8,2.783516931034801,1,10,balanced,1,2,8,10,True,requested_slotframe_below_minimum (8 < 10),2.783516931034801,False,False,False,True,0,1091,44,1,0,reliability
1784692819456.827,0.1,0.1,0.8,798.9874411302983,874.2222222222222,0.15979748822605966,86.30579297245964,114.12155745489079,0.005090446495827862,1.0,1.0,1.0,10,8,2.783511206527811,1,10,balanced,1,2,8,10,True,requested_slotframe_below_minimum (8 < 10),2.783511206527811,False,False,False,True,0,1092,44,1,0,reliability
1784692846233.8718,0.1,0.1,0.8,797.392464678179,872.4444444444445,0.1594784929356358,89.81323203545425,116.78537511870844,0.005324431756868195,1.0,1.0,1.0,10,8,2.7835197075307496,1,10,balanced,1,2,8,10,True,requested_slotframe_below_minimum (8 < 10),2.7835197075307496,False,False,False,True,0,1093,44,1,0,reliability
1784692873061.312,0.1,0.1,0.8,798.6059654631083,873.6666666666666,0.15972119309262167,118.37290281734727,165.51123773345995,0.0072296799744727995,1.0,1.0,1.0,10,8,2.7833049126932905,1,10,balanced,1,2,8,10,True,requested_slotframe_below_minimum (8 < 10),2.7833049126932905,False,False,False,True,0,1094,44,1,0,reliability
1784692900039.321,0.1,0.1,0.8,796.8147566718995,871.7777777777778,0.15936295133437992,102.22617917062361,130.31813865147197,0.006152513620455211,1.0,1.0,1.0,10,8,2.7834484535045165,1,10,balanced,1,2,8,10,True,requested_slotframe_below_minimum (8 < 10),2.7834484535045165,False,False,False,True,0,1095,44,1,0,reliability
1784692923893.501,0.1,0.1,0.8,796.640502354788,872.1111111111111,0.1593281004709576,93.49715099715098,125.22792022792022,0.005570190193272247,1.0,1.0,1.0,10,8,2.783510170933577,1,10,balanced,1,2,8,10,True,requested_slotframe_below_minimum (8 < 10),2.783510170933577,False,False,False,True,0,1096,44,1,0,reliability
1784692950690.694,0.1,0.1,0.8,797.7723704866562,873.1111111111111,0.15955447409733123,73.16714150047483,90.04431782209559,0.00421395206807704,1.0,1.0,1.0,10,8,2.783623157383459,1,10,balanced,1,2,8,10,True,requested_slotframe_below_minimum (8 < 10),2.783623157383459,False,False,False,True,0,1097,44,1,0,reliability
1784692977608.9102,0.1,0.1,0.8,799.177394034537,874.6666666666666,0.1598354788069074,69.22127255460589,83.91896169673947,0.003950718649406664,1.0,1.0,1.0,10,8,2.7836213802543686,1,10,balanced,1,2,8,10,True,requested_slotframe_below_minimum (8 < 10),2.7836213802543686,False,False,False,True,0,1098,44,1,0,reliability
1784693004484.91,0.1,0.1,0.8,797.2276295133439,872.2222222222222,0.15944552590266878,100.69958847736625,122.34567901234567,0.0060506730138336386,1.0,1.0,1.0,10,8,2.78345038010835,1,10,balanced,1,2,8,10,True,requested_slotframe_below_minimum (8 < 10),2.78345038010835,False,False,False,True,0,1099,44,1,0,reliability
1784693028536.7,0.1,0.1,0.8,798.4725274725275,873.4444444444445,0.1596945054945055,108.17268122823678,132.55144032921808,0.0065492115562532875,1.0,1.0,1.0,10,8,2.783375628294924,1,10,balanced,1,2,8,10,True,requested_slotframe_below_minimum (8 < 10),2.783375628294924,False,False,False,True,0,1100,44,1,0,reliability
1784693055465.532,0.1,0.1,0.8,798.7142857142858,873.5555555555555,0.15974285714285716,109.15558721114277,142.1225071225071,0.006614782335633273,1.0,1.0,1.0,10,8,2.783364236052151,1,10,balanced,1,2,8,10,True,requested_slotframe_below_minimum (8 < 10),2.783364236052151,False,False,False,True,0,1101,44,1,0,reliability
1784693082359.803,0.1,0.1,0.8,797.6844583987441,872.8888888888889,0.15953689167974883,81.14276669832226,105.83729028173472,0.004746015123303687,1.0,1.0,1.0,10,8,2.7835717093196948,1,10,balanced,1,2,8,10,True,requested_slotframe_below_minimum (8 < 10),2.7835717093196948,False,False,False,True,0,1102,44,1,0,reliability
1784693109038.46,0.1,0.1,0.8,798.7048665620094,873.4444444444445,0.1597409733124019,82.13516935739158,111.42450142450144,0.004812219436783961,1.0,1.0,1.0,10,8,2.7835446807250817,1,10,balanced,1,2,8,10,True,requested_slotframe_below_minimum (8 < 10),2.7835446807250817,False,False,False,True,0,1103,44,1,0,reliability
1784693135898.0889,0.1,0.1,0.8,708.9654631083203,811.7777777777778,0.14179309262166406,126.03285543608123,150.30585424133812,0.007740684151839976,0.8367346938775512,0.8888888888888888,0.8367346938775512,10,8,2.654434377424691,1,10,balanced,1,2,8,10,True,requested_slotframe_below_minimum (8 < 10),2.654434377424691,False,False,False,True,0,1104,44,1,0,reliability
1784693162825.912,0.1,0.1,0.8,794.7315541601256,870.0,0.15894631083202512,121.42845837290282,153.50269072491295,0.007433519571241016,1.0,1.0,1.0,10,8,2.7833620169596736,1,10,balanced,1,2,8,10,True,requested_slotframe_below_minimum (8 < 10),2.7833620169596736,False,False,False,True,0,1105,44,1,0,reliability
1784693189609.022,0.1,0.1,0.8,797.2166405023548,872.0,0.15944332810047096,132.53877809433365,160.34821145932258,0.008174701674071624,1.0,1.0,1.0,10,8,2.7832381970225457,1,10,balanced,1,2,8,10,True,requested_slotframe_below_minimum (8 < 10),2.7832381970225457,False,False,False,True,0,1106,44,1,0,reliability
1784693216224.3508,0.1,0.1,0.8,797.309262166405,872.3333333333334,0.159461852433281,166.96739474517253,231.55428933206713,0.010471473965655271,1.0,1.0,1.0,10,8,2.783006667360106,1,10,balanced,1,2,8,10,True,requested_slotframe_below_minimum (8 < 10),2.783006667360106,False,False,False,True,0,1107,44,1,0,reliability
1784693240186.315,0.1,0.1,0.8,798.0784929356358,873.4444444444445,0.15961569858712718,151.00823045267492,192.46913580246914,0.009406819910118406,1.0,1.0,1.0,10,8,2.7830977481502757,1,10,balanced,1,2,8,10,True,requested_slotframe_below_minimum (8 < 10),2.7830977481502757,False,False,False,True,0,1108,44,1,0,reliability
1784693267068.1692,0.1,0.1,0.8,799.287284144427,873.8888888888889,0.15985745682888539,150.8855650522317,203.65622032288698,0.009398636761322994,1.0,1.0,1.0,10,8,2.783074390640979,1,10,balanced,1,2,8,10,True,requested_slotframe_below_minimum (8 < 10),2.783074390640979,False,False,False,True,0,1109,44,1,0,reliability
1784693293989.4941,0.1,0.1,0.8,796.6012558869703,871.8888888888889,0.15932025117739407,139.44523583412473,185.28173472617917,0.00863543934850732,1.0,1.0,1.0,10,8,2.7832044309474098,1,10,balanced,1,2,8,10,True,requested_slotframe_below_minimum (8 < 10),2.7832044309474098,False,False,False,True,0,1110,44,1,0,reliability
1784693321003.915,0.1,0.1,0.8,798.0580847723704,872.7777777777778,0.1596116169544741,132.68914213358656,159.38904716682495,0.008184732630659544,1.0,1.0,1.0,10,8,2.783220365041487,1,10,balanced,1,2,8,10,True,requested_slotframe_below_minimum (8 < 10),2.783220365041487,False,False,False,True,0,1111,44,1,0,reliability
1784693345068.951,0.1,0.1,0.8,797.0408163265307,871.7777777777778,0.15940816326530613,141.04463437796772,176.9420702754036,0.008742137049897781,1.0,1.0,1.0,10,8,2.7831849699684796,1,10,balanced,1,2,8,10,True,requested_slotframe_below_minimum (8 < 10),2.7831849699684796,False,False,False,True,0,1112,44,1,0,reliability
1784693371598.202,0.1,0.1,0.8,797.9026687598117,873.1111111111111,0.15958053375196235,116.69753086419753,142.1130104463438,0.007117914000280022,1.0,1.0,1.0,10,8,2.7833301552247756,1,10,balanced,1,2,8,10,True,requested_slotframe_below_minimum (8 < 10),2.7833301552247756,False,False,False,True,0,1113,44,1,0,reliability
1784693398273.339,0.1,0.1,0.8,799.7692307692307,874.7777777777778,0.15995384615384614,98.46549540993985,126.74422285533397,0.005901634116740484,1.0,1.0,1.0,10,8,2.7834144519729414,1,10,balanced,1,2,8,10,True,requested_slotframe_below_minimum (8 < 10),2.7834144519729414,False,False,False,True,0,1114,44,1,0,reliability
1784693425004.701,0.1,0.1,0.8,799.0204081632654,873.8888888888889,0.15980408163265308,102.31244064577398,133.66571699905032,0.006158268221866176,1.0,1.0,1.0,10,8,2.783403765014548,1,10,balanced,1,2,8,10,True,requested_slotframe_below_minimum (8 < 10),2.783403765014548,False,False,False,True,0,1115,44,1,0,reliability
1784693449173.38,0.1,0.1,0.8,798.4018838304553,873.4444444444445,0.15968037676609106,134.74992086103197,168.5565052231719,0.008322209530422413,1.0,1.0,1.0,10,8,2.783199741370349,1,10,balanced,1,2,8,10,True,requested_slotframe_below_minimum (8 < 10),2.783199741370349,False,False,False,True,0,1116,44,1,0,reliability
1784693476056.1062,0.1,0.1,0.8,799.0863422291994,873.8888888888889,0.15981726844583988,105.81038303260524,134.02342513453627,0.0063916199488062205,1.0,1.0,1.0,10,8,2.7833791111605355,1,10,balanced,1,2,8,10,True,requested_slotframe_below_minimum (8 < 10),2.7833791111605355,False,False,False,True,0,1117,44,1,0,reliability
1784693503167.67,0.1,0.1,0.8,797.806907378336,872.8888888888889,0.1595613814756672,95.66397594175372,123.72111427666985,0.005714741557155018,1.0,1.0,1.0,10,8,2.783472387696718,1,10,balanced,1,2,8,10,True,requested_slotframe_below_minimum (8 < 10),2.783472387696718,False,False,False,True,0,1118,44,1,0,reliability
1784693527424.651,0.1,0.1,0.8,799.177394034537,873.5555555555555,0.1598354788069074,107.59496676163342,143.54384298828745,0.0065106715651523294,1.0,1.0,1.0,10,8,2.783365384962794,1,10,balanced,1,2,8,10,True,requested_slotframe_below_minimum (8 < 10),2.783365384962794,False,False,False,True,0,1119,44,1,0,reliability
1784693554446.54,0.1,0.1,0.8,798.3390894819468,873.3333333333334,0.15966781789638934,114.25846786957896,147.25071225071224,0.0069552013255222795,1.0,1.0,1.0,10,8,2.783337698077809,1,10,balanced,1,2,8,10,True,requested_slotframe_below_minimum (8 < 10),2.783337698077809,False,False,False,True,0,1120,44,1,0,reliability
1784693581267.748,0.1,0.1,0.8,798.4945054945056,873.3333333333334,0.1596989010989011,111.74580563469453,136.89775245330804,0.006787578761487294,1.0,1.0,1.0,10,8,2.783351352013961,1,10,balanced,1,2,8,10,True,requested_slotframe_below_minimum (8 < 10),2.783351352013961,False,False,False,True,0,1121,44,1,0,reliability
1784693607946.729,0.1,0.1,0.8,799.2260596546312,874.1111111111111,0.15984521193092624,94.77603672048116,116.76954732510288,0.00565550611877793,1.0,1.0,1.0,10,8,2.78344992819503,1,10,balanced,1,2,8,10,True,requested_slotframe_below_minimum (8 < 10),2.78344992819503,False,False,False,True,0,1122,44,1,0,reliability
1784693631801.241,0.1,0.1,0.8,796.4285714285716,871.1111111111111,0.1592857142857143,92.79993668882557,112.79835390946502,0.005523678231409311,1.0,1.0,1.0,10,8,2.783519060748288,1,10,balanced,1,2,8,10,True,requested_slotframe_below_minimum (8 < 10),2.783519060748288,False,False,False,True,0,1123,44,1,0,reliability
1784693658827.7832,0.1,0.1,0.8,798.4615384615386,872.5555555555555,0.15969230769230772,117.77302943969609,145.11870845204177,0.007189661737137831,0.9958718530147103,0.9958847736625513,0.9958718530147103,10,8,2.780009285468824,1,10,balanced,1,2,8,10,True,requested_slotframe_below_minimum (8 < 10),2.780009285468824,False,False,False,True,0,1124,44,1,0,reliability
1784693685726.757,0.1,0.1,0.8,800.2480376766091,874.3333333333334,0.16004960753532183,102.00379867046533,132.72238050015827,0.00613767836360676,0.9940694226408514,0.9958847736625513,0.9940694226408514,10,8,2.778636809522788,1,10,balanced,1,2,8,10,True,requested_slotframe_below_minimum (8 < 10),2.778636809522788,False,False,False,True,0,1125,44,1,0,reliability
1784693712607.75,0.1,0.1,0.8,795.9984301412875,870.4444444444445,0.1591996860282575,114.19436530547641,143.573915796138,0.006950924970345324,1.0,1.0,1.0,10,8,2.7833849389001397,1,10,balanced,1,2,8,10,True,requested_slotframe_below_minimum (8 < 10),2.7833849389001397,False,False,False,True,0,1126,44,1,0,reliability
1784693739169.898,0.1,0.1,0.8,735.7802197802199,758.3333333333334,0.14715604395604398,66.81481481481481,96.03703703703702,0.0037901811083932493,0.9387755102040817,0.8888888888888888,0.9387755102040817,10,8,2.7359257856568218,1,10,balanced,1,2,8,10,True,requested_slotframe_below_minimum (8 < 10),2.7359257856568218,False,False,False,True,0,1127,44,1,0,reliability
1784693766096.497,0.1,0.1,0.8,798.3783359497645,873.0,0.1596756671899529,91.14751503640393,129.21494143716367,0.005413443297958901,1.0,1.0,1.0,10,8,2.783491088951209,1,10,balanced,1,2,8,10,True,requested_slotframe_below_minimum (8 < 10),2.783491088951209,False,False,False,True,0,1128,44,1,0,reliability
1784693793183.5188,0.1,0.1,0.8,797.8854003139717,872.4444444444445,0.15957708006279434,81.40788224121559,106.02564102564104,0.0047637012836034415,1.0,1.0,1.0,10,8,2.7835659218653603,1,10,balanced,1,2,8,10,True,requested_slotframe_below_minimum (8 < 10),2.7835659218653603,False,False,False,True,0,1129,44,1,0,reliability
1784693820206.042,0.1,0.1,0.8,799.4725274725275,874.3333333333334,0.1598945054945055,78.02310857866414,100.84203861981639,0.004537899171358515,1.0,1.0,1.0,10,8,2.783556759533414,1,10,balanced,1,2,8,10,True,requested_slotframe_below_minimum (8 < 10),2.783556759533414,False,False,False,True,0,1130,44,1,0,reliability
1784693844164.291,0.1,0.1,0.8,799.5306122448978,875.3333333333334,0.15990612244897956,72.3338081671415,88.64039252928141,0.004158359450776618,1.0,1.0,1.0,10,8,2.7835935518100245,1,10,balanced,1,2,8,10,True,requested_slotframe_below_minimum (8 < 10),2.7835935518100245,False,False,False,True,0,1131,44,1,0,reliability
1784693870847.979,0.1,0.1,0.8,798.1946624803769,873.2222222222222,0.1596389324960754,74.446027223805,88.83349161126938,0.004299267993582722,1.0,1.0,1.0,10,8,2.7836061799510343,1,10,balanced,1,2,8,10,True,requested_slotframe_below_minimum (8 < 10),2.7836061799510343,False,False,False,True,0,1132,44,1,0,reliability
1784693897578.0488,0.1,0.1,0.8,798.6483516483518,873.1111111111111,0.15972967032967036,65.43684710351377,79.3383982272871,0.0036982553104412124,1.0,1.0,1.0,10,8,2.783657207435989,1,10,balanced,1,2,8,10,True,requested_slotframe_below_minimum (8 < 10),2.783657207435989,False,False,False,True,0,1133,44,1,0,reliability
1784693924565.261,0.1,0.1,0.8,799.2998430141288,874.2222222222222,0.15985996860282575,64.32345679012346,79.75802469135802,0.003623979772523246,0.9937205651491368,0.9957264957264957,0.9937205651491368,10,8,2.7786280572817743,1,10,balanced,1,2,8,10,True,requested_slotframe_below_minimum (8 < 10),2.7786280572817743,False,False,False,True,0,1134,44,1,0,reliability
1784693948718.627,0.1,0.1,0.8,799.6844583987441,874.3333333333334,0.15993689167974884,70.39015511237733,84.74042418486863,0.004028696138250656,1.0,1.0,1.0,10,8,2.7836034412182,1,10,balanced,1,2,8,10,True,requested_slotframe_below_minimum (8 < 10),2.7836034412182,False,False,False,True,0,1135,44,1,0,reliability
1784693975638.458,0.1,0.1,0.8,797.9513343799058,872.5555555555555,0.15959026687598116,71.47198480531813,85.36245647356759,0.004100866231175325,1.0,1.0,1.0,10,8,2.7836308866892843,1,10,balanced,1,2,8,10,True,requested_slotframe_below_minimum (8 < 10),2.7836308866892843,False,False,False,True,0,1136,44,1,0,reliability
1784694002226.2412,0.1,0.1,0.8,799.8006279434852,874.5555555555555,0.15996012558869704,71.18629313073758,83.14339981006647,0.004081807413658278,1.0,1.0,1.0,10,8,2.7835958066997644,1,10,balanced,1,2,8,10,True,requested_slotframe_below_minimum (8 < 10),2.7835958066997644,False,False,False,True,0,1137,44,1,0,reliability
1784694029117.187,0.1,0.1,0.8,796.9513343799058,871.4444444444445,0.15939026687598115,1652.3377651155429,1655.3846153846155,0.10956222582491947,0.9940694226408514,0.9958847736625513,0.9940694226408514,10,8,2.768360288842591,1,10,balanced,1,2,8,10,True,requested_slotframe_below_minimum (8 < 10),2.768360288842591,False,False,False,True,0,1138,44,1,0,reliability
1784694053072.204,0.1,0.1,0.8,796.0141287284144,871.0,0.1592028257456829,148.57945552389995,183.25577714466604,0.00924479356396931,1.0,1.0,1.0,10,8,2.783155238069035,1,10,balanced,1,2,8,10,True,requested_slotframe_below_minimum (8 < 10),2.783155238069035,False,False,False,True,0,1139,44,1,0,reliability
1784694080066.4539,0.1,0.1,0.8,798.5572998430142,873.1111111111111,0.15971145996860284,93.19642291864514,115.35770813548591,0.005550128280096407,1.0,1.0,1.0,10,8,2.7834738411751303,1,10,balanced,1,2,8,10,True,requested_slotframe_below_minimum (8 < 10),2.7834738411751303,False,False,False,True,0,1140,44,1,0,reliability
1784694107157.321,0.1,0.1,0.8,799.8697017268446,874.3333333333334,0.1599739403453689,101.75568217790439,124.4068376068376,0.006121126229346524,1.0,1.0,1.0,10,8,2.7833904933425284,1,10,balanced,1,2,8,10,True,requested_slotframe_below_minimum (8 < 10),2.7833904933425284,False,False,False,True,0,1141,44,1,0,reliability
1784694134240.4832,0.1,0.1,0.8,798.4646781789639,872.6666666666666,0.1596929356357928,100.65210509654956,120.00158277936056,0.006047505343332192,1.0,1.0,1.0,10,8,2.7834259559020875,1,10,balanced,1,2,8,10,True,requested_slotframe_below_minimum (8 < 10),2.7834259559020875,False,False,False,True,0,1142,44,1,0,reliability
1784694158201.13,0.1,0.1,0.8,797.7032967032968,872.3333333333334,0.15954065934065936,107.94396961063626,131.67141500474835,0.006533953943337976,1.0,1.0,1.0,10,8,2.7833925386716003,1,10,balanced,1,2,8,10,True,requested_slotframe_below_minimum (8 < 10),2.7833925386716003,False,False,False,True,0,1143,44,1,0,reliability
1784694185210.63,0.1,0.1,0.8,799.7378335949766,874.5555555555555,0.15994756671899532,100.30943336498893,127.48654637543525,0.006024645321213404,1.0,1.0,1.0,10,8,2.7834027787959794,1,10,balanced,1,2,8,10,True,requested_slotframe_below_minimum (8 < 10),2.7834027787959794,False,False,False,True,0,1144,44,1,0,reliability
1784694212142.171,0.1,0.1,0.8,799.6593406593407,874.3333333333334,0.15993186813186813,68.73773345995568,83.93953782842672,0.003918461204800245,1.0,1.0,1.0,10,8,2.7836149670663333,1,10,balanced,1,2,8,10,True,requested_slotframe_below_minimum (8 < 10),2.7836149670663333,False,False,False,True,0,1145,44,1,0,reliability
1784694239027.899,0.1,0.1,0.8,798.1240188383046,873.3333333333334,0.15962480376766092,68.22253877809433,82.15891104779993,0.0038840919798595287,1.0,1.0,1.0,10,8,2.783649110425248,1,10,balanced,1,2,8,10,True,requested_slotframe_below_minimum (8 < 10),2.783649110425248,False,False,False,True,0,1146,44,1,0,reliability
1784694262782.763,0.1,0.1,0.8,800.243328100471,874.6666666666666,0.1600486656200942,70.29835390946502,87.18423551756885,0.004022571975281189,1.0,1.0,1.0,10,8,2.7835928762404625,1,10,balanced,1,2,8,10,True,requested_slotframe_below_minimum (8 < 10),2.7835928762404625,False,False,False,True,0,1147,44,1,0,reliability
1784694289906.304,0.1,0.1,0.8,799.0313971742545,874.0,0.1598062794348509,73.91579613801837,85.85628363406141,0.004263895672983213,1.0,1.0,1.0,10,8,2.7835929824892167,1,10,balanced,1,2,8,10,True,requested_slotframe_below_minimum (8 < 10),2.7835929824892167,False,False,False,True,0,1148,44,1,0,reliability
1784694327698.991,0.1,0.1,0.8,534.6342229199372,580.8888888888889,0.10692684458398743,57.14532520325203,68.12466124661246,0.0031451184258340244,0.6703296703296704,0.6666666666666666,0.6703296703296704,10,8,2.5252565399627542,1,10,balanced,1,2,8,10,True,requested_slotframe_below_minimum (8 < 10),2.5252565399627542,False,False,False,True,0,1149,44,1,0,reliability
1784694354521.3088,0.1,0.1,0.8,797.5934065934067,872.8888888888889,0.15951868131868135,111.49335232668565,150.7676479898702,0.006770737313321258,1.0,1.0,1.0,10,8,2.7833710581367996,1,10,balanced,1,2,8,10,True,requested_slotframe_below_minimum (8 < 10),2.7833710581367996,False,False,False,True,0,1150,44,1,0,reliability
1784694381511.065,0.1,0.1,0.8,798.1868131868132,872.7777777777778,0.15963736263736264,143.07375751820194,186.91041468819245,0.008877502169326347,1.0,1.0,1.0,10,8,2.7831485135193312,1,10,balanced,1,2,8,10,True,requested_slotframe_below_minimum (8 < 10),2.7831485135193312,False,False,False,True,0,1151,44,1,0,reliability
1784694405766.774,0.1,0.1,0.8,796.6059654631084,871.6666666666666,0.1593211930926217,112.7437480215258,150.98607154162707,0.006854152636526071,1.0,1.0,1.0,10,8,2.7833824654270853,1,10,balanced,1,2,8,10,True,requested_slotframe_below_minimum (8 < 10),2.7833824654270853,False,False,False,True,0,1152,44,1,0,reliability
1784694432753.456,0.1,0.1,0.8,796.2307692307693,871.0,0.15924615384615384,124.9588477366255,160.0411522633745,0.007669035873023716,1.0,1.0,1.0,10,8,2.783308481028082,1,10,balanced,1,2,8,10,True,requested_slotframe_below_minimum (8 < 10),2.783308481028082,False,False,False,True,0,1153,44,1,0,reliability
1784694459342.883,0.1,0.1,0.8,797.5400313971744,872.2222222222222,0.15950800627943487,109.49192782526117,139.63596074707186,0.0066372200016852016,1.0,1.0,1.0,10,8,2.783385477371888,1,10,balanced,1,2,8,10,True,requested_slotframe_below_minimum (8 < 10),2.783385477371888,False,False,False,True,0,1154,44,1,0,reliability
1784694486463.384,0.1,0.1,0.8,795.2135007849295,870.1111111111111,0.1590427001569859,129.21968977524534,183.21304210193102,0.00795328150602037,1.0,1.0,1.0,10,8,2.7833004018336993,1,10,balanced,1,2,8,10,True,requested_slotframe_below_minimum (8 < 10),2.7833004018336993,False,False,False,True,0,1155,44,1,0,reliability
1784694510319.063,0.1,0.1,0.8,798.6875981161696,873.8888888888889,0.15973751962323393,109.53308008863564,145.96549540993988,0.0066399653161197895,1.0,1.0,1.0,10,8,2.7833622515060648,1,10,balanced,1,2,8,10,True,requested_slotframe_below_minimum (8 < 10),2.7833622515060648,False,False,False,True,0,1156,44,1,0,reliability
1784694537533.199,0.1,0.1,0.8,797.7237048665621,872.8888888888889,0.15954474097331242,143.3190883190883,198.48053181386516,0.008893868466917166,1.0,1.0,1.0,10,8,2.7831561390559774,1,10,balanced,1,2,8,10,True,requested_slotframe_below_minimum (8 < 10),2.7831561390559774,False,False,False,True,0,1157,44,1,0,reliability
1784694564444.03,0.1,0.1,0.8,798.2982731554162,873.3333333333334,0.15965965463108323,124.397752453308,167.8838239949351,0.007631604566598266,0.9958718530147103,0.9958847736625513,0.9958718530147103,10,8,2.779968356492,1,10,balanced,1,2,8,10,True,requested_slotframe_below_minimum (8 < 10),2.779968356492,False,False,False,True,0,1158,44,1,0,reliability
1784694591158.228,0.1,0.1,0.8,800.2872841444272,874.8888888888889,0.16005745682888545,153.414846470402,205.98448876226655,0.00956736801003349,1.0,1.0,1.0,10,8,2.7830375175161084,1,10,balanced,1,2,8,10,True,requested_slotframe_below_minimum (8 < 10),2.7830375175161084,False,False,False,True,0,1159,44,1,0,reliability
1784694615110.3289,0.1,0.1,0.8,797.6326530612246,872.6666666666666,0.15952653061224492,110.94650205761316,137.69547325102883,0.006734256308046241,1.0,1.0,1.0,10,8,2.783373921307971,1,10,balanced,1,2,8,10,True,requested_slotframe_below_minimum (8 < 10),2.783373921307971,False,False,False,True,0,1160,44,1,0,reliability
1784694641903.738,0.1,0.1,0.8,796.5478806907379,871.1111111111111,0.15930957613814759,181.0232668566002,230.63944286166512,0.011409157228592409,1.0,1.0,1.0,10,8,2.782928126663326,1,10,balanced,1,2,8,10,True,requested_slotframe_below_minimum (8 < 10),2.782928126663326,False,False,False,True,0,1161,44,1,0,reliability
1784694668892.735,0.1,0.1,0.8,797.8335949764522,872.3333333333334,0.15956671899529046,142.19135802469134,189.53308008863564,0.00881863629250776,1.0,1.0,1.0,10,8,2.7831614644712204,1,10,balanced,1,2,8,10,True,requested_slotframe_below_minimum (8 < 10),2.7831614644712204,False,False,False,True,0,1162,44,1,0,reliability
1784694695762.065,0.1,0.1,0.8,797.032967032967,872.3333333333334,0.1594065934065934,131.02722380500157,159.3320671098449,0.008073864163108844,1.0,1.0,1.0,10,8,2.78325195424303,1,10,balanced,1,2,8,10,True,requested_slotframe_below_minimum (8 < 10),2.78325195424303,False,False,False,True,0,1163,44,1,0,reliability
1784694719813.3892,0.1,0.1,0.8,795.6185243328101,871.0,0.15912370486656202,131.13960113960115,167.1351693573916,0.008081360983295607,0.9940694226408514,0.9958847736625513,0.9940694226408514,10,8,2.7785350315276953,1,10,balanced,1,2,8,10,True,requested_slotframe_below_minimum (8 < 10),2.7785350315276953,False,False,False,True,0,1164,44,1,0,reliability
1784694746935.085,0.1,0.1,0.8,797.1868131868133,871.8888888888889,0.15943736263736266,186.9673947451725,239.43653054764167,0.01180569678086541,0.9840106982964129,0.9876543209876544,0.9840106982964129,10,8,2.7700842526953076,1,10,balanced,1,2,8,10,True,requested_slotframe_below_minimum (8 < 10),2.7700842526953076,False,False,False,True,0,1165,44,1,0,reliability
1784694774151.687,0.1,0.1,0.8,797.9513343799058,873.1111111111111,0.15959026687598116,358.44032921810697,404.58436213991763,0.023244851849106535,1.0,1.0,1.0,10,8,2.781716488127491,1,10,balanced,1,2,8,10,True,requested_slotframe_below_minimum (8 < 10),2.781716488127491,False,False,False,True,0,1166,44,1,0,reliability
1784694798104.739,0.1,0.1,0.8,797.9795918367348,873.2222222222222,0.15959591836734696,71.96739474517251,93.92212725546058,0.004133915593407106,1.0,1.0,1.0,10,8,2.7836270166039245,1,10,balanced,1,2,8,10,True,requested_slotframe_below_minimum (8 < 10),2.7836270166039245,False,False,False,True,0,1167,44,1,0,reliability
1784694824817.91,0.1,0.1,0.8,799.0894819466249,873.3333333333334,0.15981789638932498,90.54051915163026,114.27192149414373,0.005372949910048717,1.0,1.0,1.0,10,8,2.783480915370063,1,10,balanced,1,2,8,10,True,requested_slotframe_below_minimum (8 < 10),2.783480915370063,False,False,False,True,0,1168,44,1,0,reliability
1784694851540.951,0.1,0.1,0.8,799.6609105180536,874.6666666666666,0.1599321821036107,240.23029439696103,288.9727761949984,0.015358925576848634,1.0,1.0,1.0,10,8,2.782470889231954,1,10,balanced,1,2,8,10,True,requested_slotframe_below_minimum (8 < 10),2.782470889231954,False,False,False,True,0,1169,44,1,0,reliability
1784694878214.5132,0.1,0.1,0.8,798.9215070643643,873.4444444444445,0.15978430141287286,120.00474833808165,163.92212725546062,0.007338542250705914,1.0,1.0,1.0,10,8,2.783287715633642,1,10,balanced,1,2,8,10,True,requested_slotframe_below_minimum (8 < 10),2.783287715633642,False,False,False,True,0,1170,44,1,0,reliability
1784694902067.59,0.1,0.1,0.8,797.2621664050237,872.2222222222222,0.15945243328100472,94.07407407407408,122.3710034821146,0.005608677389864848,1.0,1.0,1.0,10,8,2.783493888932913,1,10,balanced,1,2,8,10,True,requested_slotframe_below_minimum (8 < 10),2.783493888932913,False,False,False,True,0,1171,44,1,0,reliability
1784694928877.86,0.1,0.1,0.8,796.486656200942,871.3333333333334,0.15929733124018838,112.46597024374803,139.32573599240266,0.006835621764092597,1.0,1.0,1.0,10,8,2.7833867046995717,1,10,balanced,1,2,8,10,True,requested_slotframe_below_minimum (8 < 10),2.7833867046995717,False,False,False,True,0,1172,44,1,0,reliability
1784694955695.008,0.1,0.1,0.8,798.5353218210362,873.8888888888889,0.15970706436420723,96.88034188034189,128.28110161443496,0.00579588671650046,1.0,1.0,1.0,10,8,2.7834497048919293,1,10,balanced,1,2,8,10,True,requested_slotframe_below_minimum (8 < 10),2.7834497048919293,False,False,False,True,0,1173,44,1,0,reliability
1784694982314.501,0.1,0.1,0.8,798.5463108320251,873.6666666666666,0.15970926216640502,109.45394112060775,132.67489711934155,0.006634685865284039,1.0,1.0,1.0,10,8,2.783365605196831,1,10,balanced,1,2,8,10,True,requested_slotframe_below_minimum (8 < 10),2.783365605196831,False,False,False,True,0,1174,44,1,0,reliability
1784695006370.679,0.1,0.1,0.8,799.0439560439561,873.6666666666666,0.1598087912087912,97.07818930041152,128.39822728711616,0.005809085343589828,1.0,1.0,1.0,10,8,2.783438212344762,1,10,balanced,1,2,8,10,True,requested_slotframe_below_minimum (8 < 10),2.783438212344762,False,False,False,True,0,1175,44,1,0,reliability
1784695033585.5762,0.1,0.1,0.8,797.2480376766091,872.1111111111111,0.1594496075353218,1068.069135802469,1029.367901234568,0.07058499905286651,0.9838519234123632,0.9874960430515985,0.9838519234123632,10,8,2.764078078071072,1,10,balanced,1,2,8,10,True,requested_slotframe_below_minimum (8 < 10),2.764078078071072,False,False,False,True,0,1176,44,1,0,reliability
1784695060378.286,0.1,0.1,0.8,797.9811616954476,873.2222222222222,0.1595962323390895,65.7454890788224,77.95504906616019,0.0037188451687006274,1.0,1.0,1.0,10,8,2.783668492249221,1,10,balanced,1,2,8,10,True,requested_slotframe_below_minimum (8 < 10),2.783668492249221,False,False,False,True,0,1177,44,1,0,reliability
1784695087160.791,0.1,0.1,0.8,801.0251177394034,876.0,0.1602050235478807,64.95172522950301,83.19246597024375,0.0036658922768180793,1.0,1.0,1.0,10,8,2.7836129084175303,1,10,balanced,1,2,8,10,True,requested_slotframe_below_minimum (8 < 10),2.7836129084175303,False,False,False,True,0,1178,44,1,0,reliability
1784695111007.7878,0.1,0.1,0.8,798.6954474097332,873.8888888888889,0.15973908948194665,66.98955365622032,80.77872744539411,0.0038018381358385805,1.0,1.0,1.0,10,8,2.7836459072382214,1,10,balanced,1,2,8,10,True,requested_slotframe_below_minimum (8 < 10),2.7836459072382214,False,False,False,True,0,1179,44,1,0,reliability
1784695137725.5051,0.1,0.1,0.8,798.8430141287284,873.5555555555555,0.15976860282574568,69.89949351060461,86.31687242798354,0.00399596354306902,1.0,1.0,1.0,10,8,2.7836235433631185,1,10,balanced,1,2,8,10,True,requested_slotframe_below_minimum (8 < 10),2.7836235433631185,False,False,False,True,0,1180,44,1,0,reliability
1784695164658.214,0.1,0.1,0.8,798.4583987441132,873.1111111111111,0.15969167974882265,77.67094017094017,92.46122190566635,0.004514405615139438,0.9939531368102799,0.9958847736625513,0.9939531368102799,10,8,2.778741900911828,1,10,balanced,1,2,8,10,True,requested_slotframe_below_minimum (8 < 10),2.778741900911828,False,False,False,True,0,1181,44,1,0,reliability
1784695191767.169,0.1,0.1,0.8,798.2386185243329,873.7777777777778,0.15964772370486657,70.0110794555239,84.55840455840456,0.004003407568747425,1.0,1.0,1.0,10,8,2.7836348868726386,1,10,balanced,1,2,8,10,True,requested_slotframe_below_minimum (8 < 10),2.7836348868726386,False,False,False,True,0,1182,44,1,0,reliability
1784695215614.294,0.1,0.1,0.8,800.0109890109891,874.7777777777778,0.16000219780219782,74.38588160810383,88.7480215257993,0.004295255610947553,1.0,1.0,1.0,10,8,2.7835702546586854,1,10,balanced,1,2,8,10,True,requested_slotframe_below_minimum (8 < 10),2.7835702546586854,False,False,False,True,0,1183,44,1,0,reliability
1784695242741.918,0.1,0.1,0.8,797.4929356357928,873.1111111111111,0.15949858712715856,67.84583729028174,80.4843304843305,0.00385896179388137,1.0,1.0,1.0,10,8,2.783664245107896,1,10,balanced,1,2,8,10,True,requested_slotframe_below_minimum (8 < 10),2.783664245107896,False,False,False,True,0,1184,44,1,0,reliability
1784695269528.88,0.1,0.1,0.8,799.4976452119311,874.3333333333334,0.15989952904238622,72.37733459955682,86.82177904400127,0.004161263148736279,1.0,1.0,1.0,10,8,2.7835939207808877,1,10,balanced,1,2,8,10,True,requested_slotframe_below_minimum (8 < 10),2.7835939207808877,False,False,False,True,0,1185,44,1,0,reliability
1784695293380.84,0.1,0.1,0.8,798.4254317111461,873.8888888888889,0.15968508634222922,544.7832541943652,449.21671415004744,0.0356760009469223,0.9897131765263635,0.9916112693890473,0.9897131765263635,10,8,2.7722344324921755,1,10,balanced,1,2,8,10,True,requested_slotframe_below_minimum (8 < 10),2.7722344324921755,False,False,False,True,0,1186,44,1,0,reliability
1784695320411.836,0.1,0.1,0.8,799.7802197802199,874.6666666666666,0.159956043956044,535.9401709401709,466.4482431149097,0.03508606877519486,0.988022559451131,0.9917695473251028,0.988022559451131,10,8,2.770913836287781,1,10,balanced,1,2,8,10,True,requested_slotframe_below_minimum (8 < 10),2.770913836287781,False,False,False,True,0,1187,44,1,0,reliability
1784695347398.088,0.1,0.1,0.8,798.0047095761383,872.7777777777778,0.15960094191522767,218.3333333333333,298.97119341563786,0.013898154325105622,1.0,1.0,1.0,10,8,2.7826500903759666,1,10,balanced,1,2,8,10,True,requested_slotframe_below_minimum (8 < 10),2.7826500903759666,False,False,False,True,0,1188,44,1,0,reliability
1784695374583.678,0.1,0.1,0.8,797.3720565149137,872.6666666666666,0.15947441130298273,122.75720164609054,163.24786324786325,0.007522161550773218,1.0,1.0,1.0,10,8,2.7833003427146243,1,10,balanced,1,2,8,10,True,requested_slotframe_below_minimum (8 < 10),2.7833003427146243,False,False,False,True,0,1189,44,1,0,reliability
1784695398739.8591,0.1,0.1,0.8,798.1554160125589,873.0,0.1596310832025118,120.47008547008548,164.9635960747072,0.007369585421620112,0.9978487121344265,0.9958847736625516,0.9978487121344265,10,8,2.781578902845128,1,10,balanced,1,2,8,10,True,requested_slotframe_below_minimum (8 < 10),2.781578902845128,False,False,False,True,0,1190,44,1,0,reliability
1784695425753.9521,0.1,0.1,0.8,796.7880690737834,872.4444444444445,0.1593576138147567,104.97467553023107,130.75656853434631,0.006335868947980725,1.0,1.0,1.0,10,8,2.783430651723726,1,10,balanced,1,2,8,10,True,requested_slotframe_below_minimum (8 < 10),2.783430651723726,False,False,False,True,0,1191,44,1,0,reliability
1784695452568.258,0.1,0.1,0.8,798.4631083202512,873.8888888888889,0.15969262166405024,123.06821779044002,156.73314339981005,0.0075429097925577065,1.0,1.0,1.0,10,8,2.783276446854339,1,10,balanced,1,2,8,10,True,requested_slotframe_below_minimum (8 < 10),2.783276446854339,False,False,False,True,0,1192,44,1,0,reliability
1784695479087.186,0.1,0.1,0.8,796.7566718995291,872.1111111111111,0.1593513343799058,108.06248812915479,143.26331117442228,0.006541860448909592,0.9897131765263635,0.9916112693890473,0.9897131765263635,10,8,2.775181221738209,1,10,balanced,1,2,8,10,True,requested_slotframe_below_minimum (8 < 10),2.775181221738209,False,False,False,True,0,1193,44,1,0,reliability
1784695502950.5342,0.1,0.1,0.8,797.3877551020408,872.7777777777778,0.15947755102040817,127.79439696106361,180.80246913580245,0.007858198596468554,1.0,1.0,1.0,10,8,2.7832664250383123,1,10,balanced,1,2,8,10,True,requested_slotframe_below_minimum (8 < 10),2.7832664250383123,False,False,False,True,0,1194,44,1,0,reliability
1784695529969.6528,0.1,0.1,0.8,798.0313971742543,872.8888888888889,0.15960627943485084,103.35628363406141,135.97499208610319,0.006227904178389687,1.0,1.0,1.0,10,8,2.783416581638676,1,10,balanced,1,2,8,10,True,requested_slotframe_below_minimum (8 < 10),2.783416581638676,False,False,False,True,0,1195,44,1,0,reliability
1784695556562.7761,0.1,0.1,0.8,797.0753532182105,872.4444444444445,0.1594150706436421,108.92212725546058,142.4533080088636,0.006599207955667818,1.0,1.0,1.0,10,8,2.783398572140069,1,10,balanced,1,2,8,10,True,requested_slotframe_below_minimum (8 < 10),2.783398572140069,False,False,False,True,0,1196,44,1,0,reliability
1784695583353.271,0.1,0.1,0.8,797.3893249607536,872.1111111111111,0.15947786499215072,116.68724279835392,163.12757201646093,0.007117227671671376,1.0,1.0,1.0,10,8,2.783340490733618,1,10,balanced,1,2,8,10,True,requested_slotframe_below_minimum (8 < 10),2.783340490733618,False,False,False,True,0,1197,44,1,0,reliability
1784695607306.965,0.1,0.1,0.8,797.2935635792778,872.1111111111111,0.15945871271585557,112.99778410889523,145.40044317822094,0.006871099673708822,1.0,1.0,1.0,10,8,2.7833670187610435,1,10,balanced,1,2,8,10,True,requested_slotframe_below_minimum (8 < 10),2.7833670187610435,False,False,False,True,0,1198,44,1,0,reliability
1784695634306.7231,0.1,0.1,0.8,796.1946624803768,872.2222222222222,0.15923893249607535,128.9957264957265,180.70750237416902,0.007938340660155203,1.0,1.0,1.0,10,8,2.783282272684377,1,10,balanced,1,2,8,10,True,requested_slotframe_below_minimum (8 < 10),2.783282272684377,False,False,False,True,0,1199,44,1,0,reliability
1784695661200.191,0.1,0.1,0.8,798.8963893249609,874.2222222222222,0.1597792778649922,127.73662551440329,183.86831275720164,0.007854344597358459,1.0,1.0,1.0,10,8,2.783236637753765,1,10,balanced,1,2,8,10,True,requested_slotframe_below_minimum (8 < 10),2.783236637753765,False,False,False,True,0,1200,44,1,0,reliability
