timestamp,alpha,beta,delta,power_wam,power_mean,power_normalized,delay_wam,delay_mean,delay_normalized,pdr_wam,pdr_mean,pdr_normalized,current_sf_len,last_ts_in_schedule,reward,action,returned_reward,terminated,truncated,wait_timeout,valid_cycle,wait_attempts,cycle_idx,seed,alpha_weight,beta_weight,delta_weight,profile
1781431308782.816,0.4,0.3,0.3,775.3767660910518,844.3333333333334,0.15507535321821037,133.43463121240896,163.99018676796456,0.008234465057532286,0.9999999999999999,1.0,0.9999999999999999,11,8,2.2354995191954563,0,2.2354995191954563,False,False,False,True,0,1,13,0.4,0.3,0.3,balanced
1781431312096.574,0.4,0.3,0.3,736.6106750392464,794.5555555555555,0.14732213500784927,270.0875367430923,358.05626554515436,0.017350736273721967,0.9795426388832982,0.9833808167141499,0.9795426388832982,13,8,2.229728716779733,0,2.229728716779733,False,False,False,True,0,2,13,0.4,0.3,0.3,balanced
1781431315311.6628,0.4,0.3,0.3,724.6923076923076,778.2222222222222,0.14493846153846152,209.51719576719574,276.2433862433863,0.013310019730967028,0.9999999999999999,1.0,0.9999999999999999,14,8,2.238031609465325,0,2.238031609465325,False,False,False,True,0,3,13,0.4,0.3,0.3,balanced
1781431318530.595,0.4,0.3,0.3,724.221350078493,778.8888888888889,0.14484427001569858,230.7818930041152,286.2551440329218,0.014728611941568727,0.9999999999999999,1.0,0.9999999999999999,14,8,2.23764370841125,2,2.23764370841125,False,False,False,True,0,4,13,0.4,0.3,0.3,balanced
1781431321645.731,0.4,0.3,0.3,701.8131868131868,748.5555555555555,0.14036263736263735,170.18518518518516,212.59259259259258,0.010686136436636769,0.9999999999999999,1.0,0.9999999999999999,16,8,2.240649104123954,0,2.240649104123954,False,False,False,True,0,5,13,0.4,0.3,0.3,balanced
1781431324965.445,0.4,0.3,0.3,723.1036106750392,777.2222222222222,0.14462072213500785,197.77830687830686,242.7156378600823,0.01252690506192841,0.9881388452817023,0.9917695473251028,0.9881388452817023,14,8,2.234835293211929,1,2.234835293211929,False,False,False,True,0,6,13,0.4,0.3,0.3,balanced
1781431331654.168,0.4,0.3,0.3,702.3014128728415,749.8888888888889,0.1404602825745683,265.761316872428,323.86831275720164,0.01706212921096918,0.9999999999999999,1.0,0.9999999999999999,16,8,2.238697248206882,0,2.238697248206882,False,False,False,True,0,7,13,0.4,0.3,0.3,balanced
1781431334865.8271,0.4,0.3,0.3,724.2574568288852,777.2222222222222,0.14485149136577705,156.7776308054086,203.88007054673724,0.009791703189153341,0.9942812289751064,0.9960317460317462,0.9942812289751064,14,8,2.237406261189475,1,2.237406261189475,False,False,False,True,0,8,13,0.4,0.3,0.3,balanced
1781431337982.579,0.4,0.3,0.3,701.210361067504,748.4444444444445,0.1402420722135008,268.8403880070547,334.9162257495591,0.017267537558842874,0.9999999999999999,1.0,0.9999999999999999,16,8,2.2387229098469468,0,2.2387229098469468,False,False,False,True,0,9,13,0.4,0.3,0.3,balanced
1781431341104.461,0.4,0.3,0.3,693.6891679748823,737.7777777777778,0.13873783359497646,180.69376026272576,223.21839080459773,0.011387175467826935,0.9999999999999999,1.0,0.9999999999999999,17,8,2.2410887139216613,0,2.2410887139216613,False,False,False,True,0,10,13,0.4,0.3,0.3,balanced
1781431344120.989,0.4,0.3,0.3,675.6248037676609,715.4444444444445,0.13512496075353217,168.8668430335097,207.68665490887713,0.010598188327785836,0.9999999999999999,1.0,0.9999999999999999,19,8,2.242770559200251,0,2.242770559200251,False,False,False,True,0,11,13,0.4,0.3,0.3,balanced
1781431347143.26,0.4,0.3,0.3,669.8383045525902,706.5555555555555,0.13396766091051804,182.53968253968256,231.38888888888889,0.011510319048677956,0.9999999999999999,1.0,0.9999999999999999,20,8,2.2429598399211894,0,2.2429598399211894,False,False,False,True,0,12,13,0.4,0.3,0.3,balanced
1781431350167.2822,0.4,0.3,0.3,656.8634222919937,691.7777777777778,0.13137268445839875,220.093732895457,277.02517788724685,0.014015592588089194,0.9999999999999999,1.0,0.9999999999999999,22,8,2.243246248440214,0,2.243246248440214,False,False,False,True,0,13,13,0.4,0.3,0.3,balanced
1781431353091.004,0.4,0.3,0.3,651.0345368916796,683.8888888888889,0.13020690737833593,197.14206575317687,243.71534843757067,0.01248446069067224,0.9940694226408512,0.9958847736625513,0.9940694226408512,23,8,2.2423927256337195,0,2.2423927256337195,False,False,False,True,0,14,13,0.4,0.3,0.3,balanced
1781431356004.7869,0.4,0.3,0.3,643.7723704866561,673.8888888888889,0.1287544740973312,257.0128626163109,312.75588396278056,0.016478509847652492,0.9999999999999999,1.0,0.9999999999999999,25,8,2.2435546574067717,0,2.2435546574067717,False,False,False,True,0,15,13,0.4,0.3,0.3,balanced
1781431358856.011,0.4,0.3,0.3,639.1789638932496,668.0,0.12783579277864993,273.4053497942387,340.64260842038624,0.017572071367194044,0.9999999999999999,1.0,0.9999999999999999,26,8,2.243594061478382,0,2.243594061478382,False,False,False,True,0,16,13,0.4,0.3,0.3,balanced
1781431365368.125,0.4,0.3,0.3,631.0737833594975,657.3333333333334,0.1262147566718995,294.8497680984069,405.56160516233115,0.0190026529752106,0.9475218658892127,0.9642857142857143,0.9475218658892127,28,8,2.228069861205441,0,2.228069861205441,False,False,False,True,0,17,13,0.4,0.3,0.3,balanced
1781431368180.2002,0.4,0.3,0.3,631.1648351648352,657.2222222222222,0.12623296703296702,257.37066431510874,324.24309229864787,0.016502379207145347,0.9999999999999999,1.0,0.9999999999999999,29,8,2.2445560994246696,0,2.2445560994246696,False,False,False,True,0,18,13,0.4,0.3,0.3,balanced
1781431371003.3938,0.4,0.3,0.3,634.5682888540031,661.4444444444445,0.1269136577708006,256.2021209243431,324.1389680278569,0.01642442434451922,0.9999999999999999,1.0,0.9999999999999999,28,8,2.244307209588324,1,2.244307209588324,False,False,False,True,0,19,13,0.4,0.3,0.3,balanced
1781431373820.8389,0.4,0.3,0.3,630.5290423861852,656.7777777777778,0.12610580847723704,225.08230452674894,279.835390946502,0.014348385892378182,0.9999999999999999,1.0,0.9999999999999999,29,8,2.2452531608413917,0,2.2452531608413917,False,False,False,True,0,20,13,0.4,0.3,0.3,balanced
1781431377042.9822,0.4,0.3,0.3,503.14913657770796,490.0,0.1006298273155416,239.90520282186947,322.9876543209877,0.015337238347022646,0.8304552590266875,0.7777777777777778,0.8304552590266875,32,8,2.2042834752776828,0,2.2042834752776828,False,False,False,True,0,21,13,0.4,0.3,0.3,balanced
1781431379765.441,0.4,0.3,0.3,617.0894819466248,638.8888888888889,0.12341789638932496,310.1843937955049,378.6403925292814,0.02002564334859939,0.9940694226408512,0.9958847736625513,0.9940694226408512,34,8,2.2428459752319454,0,2.2428459752319454,False,False,False,True,0,22,13,0.4,0.3,0.3,balanced
1781431382486.763,0.4,0.3,0.3,613.5290423861852,635.2222222222222,0.12270580847723704,304.83934789490337,403.0816714150048,0.019669069239152993,0.9999999999999999,1.0,0.9999999999999999,35,8,2.245016955837359,0,2.245016955837359,False,False,False,True,0,23,13,0.4,0.3,0.3,balanced
1781431385207.201,0.4,0.3,0.3,610.5651491365776,631.5555555555555,0.12211302982731552,315.24691358024694,397.119341563786,0.020363369818562172,0.9999999999999999,1.0,0.9999999999999999,37,8,2.2450457771235053,0,2.2450457771235053,False,False,False,True,0,24,13,0.4,0.3,0.3,balanced
1781431387927.6929,0.4,0.3,0.3,615.5039246467818,637.4444444444445,0.12310078492935636,313.448876226654,382.3377651155429,0.020243420695573985,0.9999999999999999,1.0,0.9999999999999999,35,8,2.2446866598195854,1,2.2446866598195854,False,False,False,True,0,25,13,0.4,0.3,0.3,balanced
1781431390650.711,0.4,0.3,0.3,611.4003139717425,632.3333333333334,0.12228006279434851,326.00823045267487,413.58024691358025,0.02108126954320713,0.9999999999999999,1.0,0.9999999999999999,37,8,2.2447635940192985,0,2.2447635940192985,False,False,False,True,0,26,13,0.4,0.3,0.3,balanced
1781431393569.634,0.4,0.3,0.3,608.6797488226059,629.0,0.12173594976452118,353.4578544061302,452.6176792556103,0.022912465270589072,0.9999999999999999,1.0,0.9999999999999999,38,8,2.2444318805130146,0,2.2444318805130146,False,False,False,True,0,27,13,0.4,0.3,0.3,balanced
1781431396285.571,0.4,0.3,0.3,606.4788069073783,626.2222222222222,0.12129576138147566,354.7766019988242,446.0552616108172,0.023000440426872864,0.9999999999999999,1.0,0.9999999999999999,40,8,2.2445815633193478,0,2.2445815633193478,False,False,False,True,0,28,13,0.4,0.3,0.3,balanced
1781431402570.8042,0.4,0.3,0.3,605.12715855573,624.3333333333334,0.121025431711146,373.501221001221,465.3401845068512,0.024249581120828617,0.9940694226408511,0.9958847736625513,0.9940694226408511,41,8,2.2425357797715484,0,2.2425357797715484,False,False,False,True,0,29,13,0.4,0.3,0.3,balanced
1781431405286.897,0.4,0.3,0.3,603.0879120879122,620.4444444444445,0.12061758241758243,350.1998824221047,430.978835978836,0.02269512224296896,0.9999999999999999,1.0,0.9999999999999999,43,8,2.2449444303600763,0,2.2449444303600763,False,False,False,True,0,30,13,0.4,0.3,0.3,balanced
1781431408011.591,0.4,0.3,0.3,604.7441130298273,623.1111111111111,0.12094882260596546,357.6190476190476,431.62698412698415,0.023190063216747672,0.9999999999999999,1.0,0.9999999999999999,41,8,2.2446634519925897,1,2.2446634519925897,False,False,False,True,0,31,13,0.4,0.3,0.3,balanced
1781431410727.936,0.4,0.3,0.3,602.1444270015697,619.5555555555555,0.12042888540031395,387.1339627805145,477.2728516694034,0.02515903687661871,0.9999999999999999,1.0,0.9999999999999999,43,8,2.244280734776889,0,2.244280734776889,False,False,False,True,0,32,13,0.4,0.3,0.3,balanced
1781431413543.509,0.4,0.3,0.3,603.8744113029827,620.2222222222222,0.12077488226059654,431.0892255892256,585.0673400673401,0.028091342601015715,0.9006117035673684,0.9310344827586208,0.9006117035673684,44,8,2.2134461553856672,0,2.2134461553856672,False,False,False,True,0,33,13,0.4,0.3,0.3,balanced
1781431416266.0762,0.4,0.3,0.3,596.7472527472528,613.7777777777778,0.11934945054945056,422.64846743295016,521.9184455391353,0.02752824999552703,0.9999999999999999,1.0,0.9999999999999999,46,8,2.2440017447815617,0,2.2440017447815617,False,False,False,True,0,34,13,0.4,0.3,0.3,balanced
1781431418888.19,0.4,0.3,0.3,596.1145996860282,612.6666666666666,0.11922291993720564,448.86672997784103,581.9879708768598,0.02927730019865517,0.9940694226408511,0.9958847736625513,0.9940694226408511,47,8,2.2417484687577764,0,2.2417484687577764,False,False,False,True,0,35,13,0.4,0.3,0.3,balanced
1781431421601.307,0.4,0.3,0.3,595.1130298273156,610.5555555555555,0.11902260596546312,453.87315270935954,600.9250136836345,0.029611284370204105,0.9999999999999999,1.0,0.9999999999999999,49,8,2.2435075723027533,0,2.2435075723027533,False,False,False,True,0,36,13,0.4,0.3,0.3,balanced
1781431424325.474,0.4,0.3,0.3,594.9434850863422,610.3333333333334,0.11898869701726844,487.988683127572,584.7501469723692,0.031887170322052835,0.9918703745234356,0.9920634920634921,0.9918703745234356,50,8,2.2403994824535074,0,2.2403994824535074,False,False,False,True,0,37,13,0.4,0.3,0.3,balanced
1781431427149.707,0.4,0.3,0.3,591.3406593406593,605.5555555555555,0.11826813186813186,463.1746031746032,568.8095238095237,0.03023179474146786,0.9999999999999999,1.0,0.9999999999999999,52,8,2.2436232088303067,0,2.2436232088303067,False,False,False,True,0,38,13,0.4,0.3,0.3,balanced
1781431429765.028,0.4,0.3,0.3,592.9042386185243,608.0,0.11858084772370486,461.1245647356758,566.5004748338082,0.030095034338604124,0.9999999999999999,1.0,0.9999999999999999,50,8,2.2435391506089366,1,2.2435391506089366,False,False,False,True,0,39,13,0.4,0.3,0.3,balanced
1781431432483.738,0.4,0.3,0.3,594.629513343799,610.1111111111111,0.1189259026687598,495.21604938271605,604.1519694297472,0.03236931616962749,0.9999999999999999,1.0,0.9999999999999999,49,8,2.2427188440816077,1,2.2427188440816077,False,False,False,True,0,40,13,0.4,0.3,0.3,balanced
1781431438794.95,0.4,0.3,0.3,591.756671899529,606.7777777777778,0.1183513343799058,470.9002057613168,600.6099353321575,0.030747178503089844,0.9942812289751065,0.9960317460317462,0.9942812289751065,50,8,2.2417196813896427,0,2.2417196813896427,False,False,False,True,0,41,13,0.4,0.3,0.3,balanced
1781431441618.075,0.4,0.3,0.3,595.796586059744,606.2222222222222,0.11915931721194879,514.0843762718763,587.8930945597612,0.03362804378064552,0.9999999999999999,1.0,0.9999999999999999,52,8,2.2422478599810267,0,2.2422478599810267,False,False,False,True,0,42,13,0.4,0.3,0.3,balanced
1781431444341.21,0.4,0.3,0.3,588.1695447409733,602.5555555555555,0.11763390894819466,481.6317733990148,581.23973727422,0.03146309362234922,0.9999999999999999,1.0,0.9999999999999999,53,8,2.2435075083340172,0,2.2435075083340172,False,False,False,True,0,43,13,0.4,0.3,0.3,balanced
1781431446966.902,0.4,0.3,0.3,588.2511773940345,602.5555555555555,0.11765023547880689,477.1011396011396,602.0180436847103,0.031160849873324858,0.9999999999999999,1.0,0.9999999999999999,55,8,2.2435916508464797,0,2.2435916508464797,False,False,False,True,0,44,13,0.4,0.3,0.3,balanced
1781431449691.268,0.4,0.3,0.3,586.7315541601256,601.0,0.11734631083202512,518.267246447323,635.473301708934,0.033907087821702674,0.9942812289751065,0.9960317460317462,0.9942812289751065,56,8,2.241173718013211,0,2.241173718013211,False,False,False,True,0,45,13,0.4,0.3,0.3,balanced
1781431453705.899,0.4,0.3,0.3,595.4395604395604,608.4444444444445,0.11908791208791208,2199.615669047211,2821.2397100463154,0.14607175910922024,0.4575839063376616,0.5518461265314644,0.4575839063376616,58,8,2.0458184793333674,0,2.0458184793333674,False,False,False,True,0,46,13,0.4,0.3,0.3,balanced
1781431456521.3088,0.4,0.3,0.3,498.81161695447406,540.4444444444445,0.09976232339089482,481.9231630824372,546.3597670250897,0.031482532560536174,0.836734693877551,0.8888888888888888,0.836734693877551,59,8,2.2016707190387463,0,2.2016707190387463,False,False,False,True,0,47,13,0.4,0.3,0.3,balanced
1781431459138.179,0.4,0.3,0.3,584.662480376766,597.3333333333334,0.11693249607535319,541.6698322253877,667.8632478632478,0.03546830101570298,0.9999999999999999,1.0,0.9999999999999999,61,8,2.2425865112651477,0,2.2425865112651477,False,False,False,True,0,48,13,0.4,0.3,0.3,balanced
1781431461855.7,0.4,0.3,0.3,583.2747252747253,595.3333333333334,0.11665494505494504,588.5636277302945,717.9313073757518,0.03859663960842525,0.9999999999999999,1.0,0.9999999999999999,64,8,2.241759030095494,0,2.241759030095494,False,False,False,True,0,49,13,0.4,0.3,0.3,balanced
1781431464472.2012,0.4,0.3,0.3,581.4662480376765,593.4444444444445,0.11629324960753529,588.6735743680189,750.3439153439153,0.03860397427405063,0.9999999999999999,1.0,0.9999999999999999,65,8,2.2419015078747706,0,2.2419015078747706,False,False,False,True,0,50,13,0.4,0.3,0.3,balanced
1781431467089.2588,0.4,0.3,0.3,581.0031397174254,593.0,0.11620062794348507,647.2971781305114,794.5561434450324,0.04251482175653845,0.9999999999999999,1.0,0.9999999999999999,67,8,2.240765302295644,0,2.240765302295644,False,False,False,True,0,51,13,0.4,0.3,0.3,balanced
1781431473492.231,0.4,0.3,0.3,471.0862152946907,531.5555555555555,0.09421724305893814,623.4198717948718,647.430854241338,0.040921939412599855,0.8012664393570386,0.8888888888888888,0.8012664393570386,68,8,2.1904164527597563,0,2.1904164527597563,False,False,False,True,0,52,13,0.4,0.3,0.3,balanced
1781431476110.794,0.4,0.3,0.3,579.3233908948193,591.0,0.11586467817896387,638.7139917695472,765.1719576719577,0.04194222760303851,0.9999999999999999,1.0,0.9999999999999999,67,8,2.241071460447503,1,2.241071460447503,False,False,False,True,0,53,13,0.4,0.3,0.3,balanced
1781431478730.5952,0.4,0.3,0.3,578.9010989010989,590.6666666666666,0.11578021978021977,721.2301587301587,867.7777777777778,0.04744697523216536,0.9999999999999999,1.0,0.9999999999999999,68,8,2.2394538195182623,0,2.2394538195182623,False,False,False,True,0,54,13,0.4,0.3,0.3,balanced
1781431481342.982,0.4,0.3,0.3,577.7974882260596,589.3333333333334,0.11555949764521192,705.1543209876544,820.5379188712523,0.04637453775768208,0.9999999999999999,1.0,0.9999999999999999,67,8,2.2398638396146104,1,2.2398638396146104,False,False,False,True,0,55,13,0.4,0.3,0.3,balanced
1781431483964.699,0.4,0.3,0.3,582.1412872841445,594.3333333333334,0.1164282574568289,591.0273368606702,751.3447971781304,0.03876099645501469,0.9999999999999999,1.0,0.9999999999999999,65,8,2.241800398080764,1,2.241800398080764,False,False,False,True,0,56,13,0.4,0.3,0.3,balanced
1781431486580.655,0.4,0.3,0.3,581.9843014128728,593.8888888888889,0.11639686028257457,549.4635508524397,675.4850088183422,0.03598822887608003,0.9999999999999999,1.0,0.9999999999999999,64,8,2.242644787224146,1,2.242644787224146,False,False,False,True,0,57,13,0.4,0.3,0.3,balanced
1781431489202.6738,0.4,0.3,0.3,583.6028257456828,596.8888888888889,0.11672056514913656,565.408583186361,680.6599059376837,0.0370519401725391,0.9999999999999999,1.0,0.9999999999999999,61,8,2.2421961918885835,1,2.2421961918885835,False,False,False,True,0,58,13,0.4,0.3,0.3,balanced
1781431491825.0889,0.4,0.3,0.3,586.9466248037677,599.8888888888889,0.11738932496075354,546.547619047619,671.438859494415,0.0357937037390006,0.9999999999999999,1.0,0.9999999999999999,59,8,2.2423061588939985,1,2.2423061588939985,False,False,False,True,0,59,13,0.4,0.3,0.3,balanced
1781431494446.5972,0.4,0.3,0.3,585.7001569858712,598.8888888888889,0.11714003139717424,511.92901234567904,643.8639035861257,0.03348425699437485,0.9999999999999999,1.0,0.9999999999999999,58,8,2.2430987103428177,1,2.2430987103428177,False,False,False,True,0,60,13,0.4,0.3,0.3,balanced
1781431497063.624,0.4,0.3,0.3,587.8649921507064,601.7777777777778,0.11757299843014127,512.1604938271605,616.5020576131687,0.03349969938806941,0.9999999999999999,1.0,0.9999999999999999,56,8,2.2429208908115226,1,2.2429208908115226,False,False,False,True,0,61,13,0.4,0.3,0.3,balanced
1781431499685.045,0.4,0.3,0.3,590.1679748822606,604.7777777777778,0.11803359497645213,493.18930041152265,591.3580246913581,0.03223410943372399,0.9999999999999999,1.0,0.9999999999999999,55,8,2.2431163291793017,1,2.2431163291793017,False,False,False,True,0,62,13,0.4,0.3,0.3,balanced
1781431502305.639,0.4,0.3,0.3,590.3139717425431,604.8888888888889,0.11806279434850862,449.1945914168136,573.098177542622,0.029299172209260413,0.9999999999999999,1.0,0.9999999999999999,53,8,2.2439851305978182,1,2.2439851305978182,False,False,False,True,0,63,13,0.4,0.3,0.3,balanced
1781431508520.083,0.4,0.3,0.3,592.8006279434851,607.7777777777778,0.11856012558869702,429.0123456790123,537.119341563786,0.027952791572982808,0.9999999999999999,1.0,0.9999999999999999,52,8,2.2441901122926264,1,2.2441901122926264,False,False,False,True,0,64,13,0.4,0.3,0.3,balanced
1781431511241.812,0.4,0.3,0.3,594.3218210361067,610.0,0.11886436420722134,443.24644225506296,553.5207991242473,0.028902364393266374,0.9999999999999999,1.0,0.9999999999999999,50,8,2.2437835449991317,1,2.2437835449991317,False,False,False,True,0,65,13,0.4,0.3,0.3,balanced
1781431513966.147,0.4,0.3,0.3,594.960753532182,610.5555555555555,0.1189921507064364,418.69047619047615,526.743295019157,0.02726420788462149,0.9999999999999999,1.0,0.9999999999999999,49,8,2.244223877352039,1,2.244223877352039,False,False,False,True,0,66,13,0.4,0.3,0.3,balanced
1781431516589.714,0.4,0.3,0.3,597.9654631083204,615.0,0.11959309262166408,394.9358974358974,489.94776828110156,0.02567951283761824,0.9999999999999999,1.0,0.9999999999999999,47,8,2.244458909100049,1,2.244458909100049,False,False,False,True,0,67,13,0.4,0.3,0.3,balanced
1781431519312.1382,0.4,0.3,0.3,597.7472527472528,614.5555555555555,0.11954945054945056,371.035851122058,469.8836891078271,0.02408511348379306,0.9999999999999999,1.0,0.9999999999999999,46,8,2.244954685735082,1,2.244954685735082,False,False,False,True,0,68,13,0.4,0.3,0.3,balanced
1781431522035.6282,0.4,0.3,0.3,601.0094191522763,618.6666666666666,0.12020188383045527,370.89285714285705,457.81746031746036,0.024075574192318684,0.9999999999999999,1.0,0.9999999999999999,44,8,2.2446965742101224,1,2.2446965742101224,False,False,False,True,0,69,13,0.4,0.3,0.3,balanced
1781431524753.77,0.4,0.3,0.3,600.2778649921506,618.0,0.12005557299843013,439.61640211640207,539.2019400352733,0.028660200274609877,0.9942812289751064,0.9960317460317462,0.9942812289751064,43,8,2.2416640794107767,1,2.2416640794107767,False,False,False,True,0,70,13,0.4,0.3,0.3,balanced
1781431527474.9639,0.4,0.3,0.3,604.4599686028256,623.3333333333334,0.12089199372056512,337.581569664903,425.3071722516167,0.021853340204463174,0.9999999999999999,1.0,0.9999999999999999,41,8,2.2450872004504348,1,2.2450872004504348,False,False,False,True,0,71,13,0.4,0.3,0.3,balanced
1781431530194.671,0.4,0.3,0.3,606.5918367346939,626.0,0.12131836734693877,307.2795414462081,388.25690770135213,0.019831857334636965,0.9999999999999999,1.0,0.9999999999999999,40,8,2.2455230958608334,1,2.2455230958608334,False,False,False,True,0,72,13,0.4,0.3,0.3,balanced
1781431532918.7642,0.4,0.3,0.3,610.458398744113,630.5555555555555,0.1220916797488226,328.96090534979425,403.99176954732513,0.021278245853888874,0.9999999999999999,1.0,0.9999999999999999,38,8,2.244779854344304,1,2.244779854344304,False,False,False,True,0,73,13,0.4,0.3,0.3,balanced
1781431535638.588,0.4,0.3,0.3,610.6656200941916,631.1111111111111,0.12213312401883832,349.4982589427034,431.3865147198481,0.022648316140273742,0.9999999999999999,1.0,0.9999999999999999,37,8,2.2443522555503823,1,2.2443522555503823,False,False,False,True,0,74,13,0.4,0.3,0.3,balanced
1781431538358.8892,0.4,0.3,0.3,608.822605965463,629.2222222222222,0.12176452119309261,336.62624926513814,431.35949441504994,0.02178960969080308,0.9999999999999999,1.0,0.9999999999999999,38,8,2.244757308615522,0,2.244757308615522,False,False,False,True,0,75,13,0.4,0.3,0.3,balanced
1781431544659.084,0.4,0.3,0.3,612.4489795918367,633.1111111111111,0.12248979591836735,355.3228869895535,435.94017094017096,0.023036883721784758,0.9999999999999999,1.0,0.9999999999999999,37,8,2.2440930165161177,1,2.2440930165161177,False,False,False,True,0,76,13,0.4,0.3,0.3,balanced
1781431547383.781,0.4,0.3,0.3,614.7346938775509,636.6666666666666,0.12294693877551018,298.97910731244065,375.3656220322887,0.019278125904765887,0.9999999999999999,1.0,0.9999999999999999,35,8,2.245037786718366,1,2.245037786718366,False,False,False,True,0,77,13,0.4,0.3,0.3,balanced
1781431550105.06,0.4,0.3,0.3,618.3500784929356,640.7777777777778,0.12367001569858713,359.2260208926876,433.03260525482744,0.02329726623700384,0.9999999999999999,1.0,0.9999999999999999,34,8,2.243542813849464,1,2.243542813849464,False,False,False,True,0,78,13,0.4,0.3,0.3,balanced
1781431552926.2842,0.4,0.3,0.3,623.0015698587126,647.0,0.12460031397174252,258.7445265462507,326.30405035577445,0.016594031123832603,0.9999999999999999,1.0,0.9999999999999999,32,8,2.245181665074153,1,2.245181665074153,False,False,False,True,0,79,13,0.4,0.3,0.3,balanced
1781431555751.3088,0.4,0.3,0.3,631.7692307692306,658.0,0.12635384615384612,249.95737801293353,306.6328630217519,0.016007830421142996,0.9999999999999999,1.0,0.9999999999999999,29,8,2.2446561124121187,1,2.2446561124121187,False,False,False,True,0,80,13,0.4,0.3,0.3,balanced
1781431558775.746,0.4,0.3,0.3,633.8430141287283,660.7777777777778,0.12676860282574567,281.95579450418154,410.4623655913979,0.018142481287803974,0.9591836734693876,0.9722222222222222,0.9591836734693876,28,8,2.231604916524177,1,2.231604916524177,False,False,False,True,0,81,13,0.4,0.3,0.3,balanced
1781431561590.575,0.4,0.3,0.3,642.7551020408163,671.8888888888889,0.12855102040816324,213.55232216343327,263.7948265726043,0.013579207615972868,0.9999999999999999,1.0,0.9999999999999999,26,8,2.244505829551943,1,2.244505829551943,False,False,False,True,0,82,13,0.4,0.3,0.3,balanced
1781431564404.492,0.4,0.3,0.3,644.6279434850863,675.0,0.12892558869701726,182.67647989870213,232.1494143716366,0.011519444956551175,0.9999999999999999,1.0,0.9999999999999999,25,8,2.244973931034228,1,2.244973931034228,False,False,False,True,0,83,13,0.4,0.3,0.3,balanced
1781431567326.876,0.4,0.3,0.3,655.2511773940344,687.7777777777778,0.13105023547880687,175.29467960023513,221.26690182245738,0.011026996637774192,0.9999999999999999,1.0,0.9999999999999999,23,8,2.244271806817145,1,2.244271806817145,False,False,False,True,0,84,13,0.4,0.3,0.3,balanced
1781431570239.3179,0.4,0.3,0.3,658.4427001569858,692.4444444444445,0.13168854003139716,175.02425044091711,221.94150499706058,0.011008956000061182,0.9999999999999999,1.0,0.9999999999999999,22,8,2.2440218971874226,1,2.2440218971874226,False,False,False,True,0,85,13,0.4,0.3,0.3,balanced
1781431573462.595,0.4,0.3,0.3,581.9324960753531,646.7777777777778,0.11638649921507063,140.17144563918757,163.26045400238948,0.008683885633034528,0.8398744113029827,0.8888888888888888,0.8398744113029827,20,8,2.202802558014956,1,2.202802558014956,False,False,False,True,0,86,13,0.4,0.3,0.3,balanced
1781431580066.7368,0.4,0.3,0.3,677.4929356357926,717.0,0.1354985871271585,168.12169312169308,208.70076425631981,0.01054847852713096,0.9999999999999999,1.0,0.9999999999999999,19,8,2.242636021590997,1,2.242636021590997,False,False,False,True,0,87,13,0.4,0.3,0.3,balanced
1781431583693.2659,0.4,0.3,0.3,695.9466248037675,738.6666666666666,0.13918932496075348,356.68279358527036,393.48123576916146,0.023127604642112765,0.7760311267364087,0.7911589635854342,0.7760311267364087,17,8,2.1701953266439875,1,2.1701953266439875,False,False,False,True,0,88,13,0.4,0.3,0.3,balanced
1781431586814.654,0.4,0.3,0.3,703.026687598116,750.1111111111111,0.1406053375196232,136.60934744268076,185.8539094650206,0.008446253998844614,0.9999999999999999,1.0,0.9999999999999999,16,8,2.2412239887924974,1,2.2412239887924974,False,False,False,True,0,89,13,0.4,0.3,0.3,balanced
1781431590141.083,0.4,0.3,0.3,724.7001569858712,778.1111111111111,0.14494003139717423,132.09435626102294,183.23339212228103,0.00814505378659259,0.9999999999999999,1.0,0.9999999999999999,14,8,2.2395804713051524,1,2.2395804713051524,False,False,False,True,0,90,13,0.4,0.3,0.3,balanced
1781431593261.878,0.4,0.3,0.3,701.8430141287283,748.8888888888889,0.14036860282574568,149.91402116402114,190.50411522633743,0.00933382396024157,0.9999999999999999,1.0,0.9999999999999999,16,8,2.241052411681629,0,2.241052411681629,False,False,False,True,0,91,13,0.4,0.3,0.3,balanced
1781431596489.034,0.4,0.3,0.3,723.3940345368917,777.6666666666666,0.14467880690737833,148.93224573780128,200.85684891240444,0.00926832860158781,0.9999999999999999,1.0,0.9999999999999999,14,8,2.239347978656572,1,2.239347978656572,False,False,False,True,0,92,13,0.4,0.3,0.3,balanced
1781431599711.6448,0.4,0.3,0.3,738.8602825745684,797.1111111111111,0.14777205651491368,126.59148464704019,163.58499525166192,0.00777795094376519,0.9999999999999999,1.0,0.9999999999999999,13,8,2.238557792110905,1,2.238557792110905,False,False,False,True,0,93,13,0.4,0.3,0.3,balanced
1781431603129.383,0.4,0.3,0.3,773.5384615384613,842.0,0.15470769230769227,101.78497942386831,135.97442680776015,0.0061230806820459175,0.9999999999999999,1.0,0.9999999999999999,11,8,2.2362799988723094,1,2.2362799988723094,False,False,False,True,0,94,13,0.4,0.3,0.3,balanced
1781431606646.475,0.4,0.3,0.3,797.9843014128728,873.1111111111111,0.15959686028257455,142.8468547912992,185.99941211052322,0.008862365229572995,0.9999999999999999,1.0,0.9999999999999999,10,8,2.233502546318098,1,2.233502546318098,False,False,False,True,0,95,13,0.4,0.3,0.3,balanced
1781431610163.517,0.4,0.3,0.3,773.695447409733,841.8888888888889,0.1547390894819466,94.11522633744856,122.01646090534979,0.005611422704299437,0.9999999999999999,1.0,0.9999999999999999,11,8,2.2364209373959314,0,2.2364209373959314,False,False,False,True,0,96,13,0.4,0.3,0.3,balanced
1781431617259.485,0.4,0.3,0.3,798.2778649921506,872.8888888888889,0.1596555729984301,102.8497942386831,130.91122868900646,0.006194115693040901,0.9999999999999999,1.0,0.9999999999999999,10,8,2.2342795360927155,1,2.2342795360927155,False,False,False,True,0,97,13,0.4,0.3,0.3,balanced
1781431620674.101,0.4,0.3,0.3,775.7770800627942,844.0,0.15515541601255883,104.70532039976483,129.55614344503232,0.006317899959957627,0.9999999999999999,1.0,0.9999999999999999,11,8,2.236042463606989,0,2.236042463606989,False,False,False,True,0,98,13,0.4,0.3,0.3,balanced
1781431623998.341,0.4,0.3,0.3,739.1302982731555,796.6666666666666,0.1478260596546311,118.95282186948853,145.2116402116402,0.0072683670359898955,0.9999999999999999,1.0,0.9999999999999999,13,8,2.2386890660273506,0,2.2386890660273506,False,False,False,True,0,99,13,0.4,0.3,0.3,balanced
1781431627711.521,0.4,0.3,0.3,537.8634222919937,618.1111111111111,0.10757268445839875,104.15873015873014,122.69841269841267,0.006281436301449643,0.7284144427001569,0.7777777777777778,0.7284144427001569,14,8,2.1736108281362525,0,2.1736108281362525,False,False,False,True,0,100,13,0.4,0.3,0.3,balanced
1781431630824.2542,0.4,0.3,0.3,705.1978021978022,751.8888888888889,0.14103956043956042,133.17205942205942,162.7275810609144,0.00821694859386654,0.9999999999999999,1.0,0.9999999999999999,16,8,2.241119091246016,0,2.241119091246016,False,False,False,True,0,101,13,0.4,0.3,0.3,balanced
1781431633947.7651,0.4,0.3,0.3,692.8901098901098,736.7777777777778,0.13857802197802196,145.96340388007056,183.0526161081717,0.009070273774521052,0.9999999999999999,1.0,0.9999999999999999,17,8,2.241847709076435,0,2.241847709076435,False,False,False,True,0,102,13,0.4,0.3,0.3,balanced
1781431637172.386,0.4,0.3,0.3,704.4207221350077,750.4444444444445,0.14088414442700153,161.65581098339717,230.7664659733625,0.010117132153662254,0.9218125294831838,0.9445812807881774,0.9218125294831838,16,8,2.2171549614280557,1,2.2171549614280557,False,False,False,True,0,103,13,0.4,0.3,0.3,balanced
1781431640297.4392,0.4,0.3,0.3,692.0408163265305,736.4444444444445,0.1384081632653061,123.99493705528187,158.23207443897098,0.007604732291880045,0.9999999999999999,1.0,0.9999999999999999,17,8,2.2423553150063134,0,2.2423553150063134,False,False,False,True,0,104,13,0.4,0.3,0.3,balanced
1781431643419.136,0.4,0.3,0.3,675.9403453689167,715.8888888888889,0.13518806907378333,162.32142857142856,195.64226925338036,0.010161536262270083,0.9999999999999999,1.0,0.9999999999999999,19,8,2.2428763114918056,0,2.2428763114918056,False,False,False,True,0,105,13,0.4,0.3,0.3,balanced
1781431646438.965,0.4,0.3,0.3,670.8367346938776,707.8888888888889,0.13416734693877552,166.13095238095238,204.24603174603175,0.01041567394135773,0.9999999999999999,1.0,0.9999999999999999,20,8,2.2432083590420824,0,2.2432083590420824,False,False,False,True,0,106,13,0.4,0.3,0.3,balanced
1781431653052.5679,0.4,0.3,0.3,668.5102040816327,706.0,0.13370204081632653,162.08333333333334,206.5873015873016,0.010145652657327107,0.9999999999999999,1.0,0.9999999999999999,20,8,2.243475487876271,2,2.243475487876271,False,False,False,True,0,107,13,0.4,0.3,0.3,balanced
1781431656369.7551,0.4,0.3,0.3,536.0957613814755,531.7777777777778,0.10721915227629511,150.15961199294532,191.90652557319223,0.00935020760459942,0.8304552590266875,0.7777777777777778,0.8304552590266875,20,8,2.2034438545161086,2,2.2034438545161086,False,False,False,True,0,108,13,0.4,0.3,0.3,balanced
1781431659390.774,0.4,0.3,0.3,675.9654631083203,715.6666666666666,0.13519309262166404,167.63668430335093,212.39271017048793,0.010516123035580449,0.9999999999999999,1.0,0.9999999999999999,19,8,2.2427679260406603,1,2.2427679260406603,False,False,False,True,0,109,13,0.4,0.3,0.3,balanced
1781431662512.772,0.4,0.3,0.3,692.3124018838305,736.6666666666666,0.1384624803767661,164.91181657848324,207.32363315696648,0.010334344001233038,0.9999999999999999,1.0,0.9999999999999999,17,8,2.2415147046489237,1,2.2415147046489237,False,False,False,True,0,110,13,0.4,0.3,0.3,balanced
1781431665631.313,0.4,0.3,0.3,679.4427001569858,721.0,0.13588854003139716,274.6933497536946,288.5914066776135,0.01765799531378883,0.9619444594814052,0.9272030651340997,0.9619444594814052,19,8,2.228930523237726,0,2.228930523237726,False,False,False,True,0,111,13,0.4,0.3,0.3,balanced
1781431668554.729,0.4,0.3,0.3,669.9324960753532,707.5555555555555,0.13398649921507064,169.9817980373536,224.23710034821144,0.010672568247988899,0.9999999999999999,1.0,0.9999999999999999,20,8,2.243203629839575,0,2.243203629839575,False,False,False,True,0,112,13,0.4,0.3,0.3,balanced
1781431671477.576,0.4,0.3,0.3,657.2951334379906,692.0,0.13145902668759812,199.42460317460313,263.00411522633743,0.012636731365884132,0.9999999999999999,1.0,0.9999999999999999,22,8,2.2436253699151956,0,2.2436253699151956,False,False,False,True,0,113,13,0.4,0.3,0.3,balanced
1781431674399.8042,0.4,0.3,0.3,653.3516483516484,686.0,0.13067032967032968,238.62654320987656,310.29247501469723,0.015251937505662212,0.9999999999999999,1.0,0.9999999999999999,23,8,2.2431562868801693,0,2.2431562868801693,False,False,False,True,0,114,13,0.4,0.3,0.3,balanced
1781431677223.041,0.4,0.3,0.3,643.9858712715854,674.0,0.12879717425431708,200.49936688825576,253.96644507755616,0.012708430079269898,0.9999999999999999,1.0,0.9999999999999999,25,8,2.2446686012744923,0,2.2446686012744923,False,False,False,True,0,115,13,0.4,0.3,0.3,balanced
1781431680048.474,0.4,0.3,0.3,639.9764521193093,669.3333333333334,0.12799529042386187,221.08736942070274,278.45837290281736,0.014081879214189642,0.9999999999999999,1.0,0.9999999999999999,26,8,2.2445773200661985,0,2.2445773200661985,False,False,False,True,0,116,13,0.4,0.3,0.3,balanced
1781431682872.194,0.4,0.3,0.3,632.7472527472527,660.1111111111111,0.12654945054945055,210.92372134038797,272.4088771310993,0.013403850656463507,0.9999999999999999,1.0,0.9999999999999999,28,8,2.2453590645832806,0,2.2453590645832806,False,False,False,True,0,117,13,0.4,0.3,0.3,balanced
1781431689275.561,0.4,0.3,0.3,629.4897959183673,655.5555555555555,0.12589795918367347,257.65369918147695,319.64003075114186,0.01652126078595577,0.9999999999999999,1.0,0.9999999999999999,29,8,2.2446844380907436,0,2.2446844380907436,False,False,False,True,0,118,13,0.4,0.3,0.3,balanced
1781431692088.263,0.4,0.3,0.3,620.6970172684458,644.4444444444445,0.12413940345368916,269.5039682539682,331.3149972632731,0.017311805754100615,0.9999999999999999,1.0,0.9999999999999999,32,8,2.245150696892294,0,2.245150696892294,False,False,False,True,0,119,13,0.4,0.3,0.3,balanced
1781431694904.45,0.4,0.3,0.3,610.8592303945445,634.5555555555555,0.12217184607890891,382.5310337810338,467.8615520282187,0.024851970232223734,0.9908322315774825,0.9920634920634921,0.9908322315774825,34,8,2.240925339972014,0,2.240925339972014,False,False,False,True,0,120,13,0.4,0.3,0.3,balanced
1781431697720.274,0.4,0.3,0.3,619.1287284144427,639.8888888888889,0.12382574568288854,300.72422915526363,394.03329684364166,0.019394544973666685,0.9443041430619069,0.961352657004831,0.9443041430619069,35,8,2.2279425811533167,0,2.2279425811533167,False,False,False,True,0,121,13,0.4,0.3,0.3,balanced
1781431700439.27,0.4,0.3,0.3,612.7943485086341,633.4444444444445,0.12255886970172683,317.796884185773,385.01616696061143,0.020533481266562577,0.9999999999999999,1.0,0.9999999999999999,37,8,2.24481640773934,0,2.24481640773934,False,False,False,True,0,122,13,0.4,0.3,0.3,balanced
1781431703161.969,0.4,0.3,0.3,611.2307692307692,631.2222222222222,0.12224615384615384,329.9029982363316,390.2101704879483,0.021341093945052143,0.9999999999999999,1.0,0.9999999999999999,38,8,2.2446992102780228,0,2.2446992102780228,False,False,False,True,0,123,13,0.4,0.3,0.3,balanced
1781431705879.8079,0.4,0.3,0.3,608.546310832025,627.3333333333334,0.121709262166405,331.84597295708403,415.70105820105823,0.021470712005142365,0.9999999999999999,1.0,0.9999999999999999,40,8,2.2448750815318954,0,2.2448750815318954,False,False,False,True,0,124,13,0.4,0.3,0.3,balanced
1781431708599.997,0.4,0.3,0.3,606.2904238618524,625.1111111111111,0.12125808477237049,359.1754850088183,439.9514991181658,0.023293894930541584,0.9999999999999999,1.0,0.9999999999999999,41,8,2.2445085976118895,0,2.2445085976118895,False,False,False,True,0,125,13,0.4,0.3,0.3,balanced
1781431711424.4849,0.4,0.3,0.3,514.8477237048664,559.1111111111111,0.10296954474097329,328.68399044205495,370.19952210274795,0.021259772544499997,0.8398744113029826,0.8888888888888888,0.8398744113029826,43,8,2.2043965737311555,0,2.2043965737311555,False,False,False,True,0,126,13,0.4,0.3,0.3,balanced
1781431714146.7239,0.4,0.3,0.3,601.7708006279435,619.4444444444445,0.1203541601255887,354.5471555193777,446.7074797630353,0.022985133790485505,0.9940694226408512,0.9958847736625513,0.9940694226408512,44,8,2.2431836226048745,0,2.2431836226048745,False,False,False,True,0,127,13,0.4,0.3,0.3,balanced
1781431716871.147,0.4,0.3,0.3,598.513343799058,615.1111111111111,0.1197026687598116,402.09838533114396,496.65845648604267,0.02615733057579346,0.9999999999999999,1.0,0.9999999999999999,46,8,2.244271733323337,0,2.244271733323337,False,False,False,True,0,128,13,0.4,0.3,0.3,balanced
1781431723172.793,0.4,0.3,0.3,602.032967032967,619.5555555555555,0.1204065934065934,399.45473251028807,496.5814226925338,0.02598096948033943,0.9979255438439111,0.9960317460317462,0.9979255438439111,44,8,2.243420734946434,1,2.243420734946434,False,False,False,True,0,129,13,0.4,0.3,0.3,balanced
1781431725897.226,0.4,0.3,0.3,598.0141287284144,615.1111111111111,0.11960282574568289,392.4250440917107,491.67842445620226,0.025512010946745208,0.9999999999999999,1.0,0.9999999999999999,46,8,2.244505266417703,0,2.244505266417703,False,False,False,True,0,130,13,0.4,0.3,0.3,balanced
1781431728622.622,0.4,0.3,0.3,596.513343799058,612.7777777777778,0.1193026687598116,425.09578544061304,526.5996168582375,0.02769151337162195,0.9999999999999999,1.0,0.9999999999999999,47,8,2.2439714784845886,0,2.2439714784845886,False,False,False,True,0,131,13,0.4,0.3,0.3,balanced
1781431731243.8618,0.4,0.3,0.3,594.6781789638931,610.5555555555555,0.11893563579277862,447.8941120607787,556.9721430832542,0.029212415747883837,0.9999999999999999,1.0,0.9999999999999999,49,8,2.2436620209585234,0,2.2436620209585234,False,False,False,True,0,132,13,0.4,0.3,0.3,balanced
1781431733963.981,0.4,0.3,0.3,594.5164835164835,610.1111111111111,0.1189032967032967,448.6343732895457,551.7036124794745,0.029261799418915657,0.9999999999999999,1.0,0.9999999999999999,50,8,2.2436601414930064,0,2.2436601414930064,False,False,False,True,0,133,13,0.4,0.3,0.3,balanced
1781431736579.666,0.4,0.3,0.3,592.9795918367346,607.6666666666666,0.11859591836734691,407.5245330800887,517.4580563469452,0.02651931508206062,0.9999999999999999,1.0,0.9999999999999999,52,8,2.244605838128443,0,2.244605838128443,False,False,False,True,0,134,13,0.4,0.3,0.3,balanced
1781431739300.983,0.4,0.3,0.3,594.0188383045526,609.4444444444445,0.11880376766091051,454.35017940765067,558.0333069796673,0.029643107365420324,0.9979255438439111,0.9960317460317462,0.9979255438439111,50,8,2.2429632238791832,1,2.2429632238791832,False,False,False,True,0,135,13,0.4,0.3,0.3,balanced
1781431741922.455,0.4,0.3,0.3,590.8916797488225,606.0,0.1181783359497645,457.3662551440329,589.670781893004,0.029844313218414468,0.9999999999999999,1.0,0.9999999999999999,52,8,2.2437753716545696,0,2.2437753716545696,False,False,False,True,0,136,13,0.4,0.3,0.3,balanced
1781431744638.888,0.4,0.3,0.3,591.4238618524332,605.5555555555555,0.11828477237048664,475.5685550082101,571.1029009304871,0.031058609406818555,0.9999999999999999,1.0,0.9999999999999999,53,8,2.24336850822976,0,2.24336850822976,False,False,False,True,0,137,13,0.4,0.3,0.3,balanced
1781431747357.655,0.4,0.3,0.3,589.1193092621663,603.0,0.11782386185243326,499.5879198848548,607.6282207220905,0.03266096863808238,0.9846068779918181,0.9882320744389711,0.9846068779918181,55,8,2.238454228065147,0,2.238454228065147,False,False,False,True,0,138,13,0.4,0.3,0.3,balanced
1781431749980.237,0.4,0.3,0.3,588.6954474097332,602.2222222222222,0.11773908948194664,464.5526387193054,586.9065707954597,0.03032372506466347,0.9940694226408511,0.9958847736625513,0.9940694226408511,56,8,2.2420280734800775,0,2.2420280734800775,False,False,False,True,0,139,13,0.4,0.3,0.3,balanced
1781431752892.411,0.4,0.3,0.3,589.9686028257456,603.5555555555555,0.11799372056514912,979.6428195884631,1169.287042094996,0.06468597862498086,0.8754431052818149,0.9012096774193549,0.8754431052818149,58,8,2.1960296497709906,0,2.1960296497709906,False,False,False,True,0,140,13,0.4,0.3,0.3,balanced
1781431759102.705,0.4,0.3,0.3,586.9560439560439,600.0,0.11739120879120878,594.835390946502,744.4694297472075,0.03901503608715824,0.9978134110787171,0.9960317460317462,0.9978134110787171,58,8,2.240683028980984,2,2.240683028980984,False,False,False,True,0,141,13,0.4,0.3,0.3,balanced
1781431761827.463,0.4,0.3,0.3,588.1130298273156,601.5555555555555,0.11762260596546312,4020.2537553974335,4063.5157311115163,0.26752860276167,0.9999999999999999,1.0,0.9999999999999999,56,8,2.1726923767853137,1,2.1726923767853137,False,False,False,True,0,142,13,0.4,0.3,0.3,balanced
1781431764445.7751,0.4,0.3,0.3,586.1083202511775,599.1111111111111,0.1172216640502355,540.6584362139918,651.8106995884774,0.035400829634022135,0.9999999999999999,1.0,0.9999999999999999,58,8,2.242491085489699,0,2.242491085489699,False,False,False,True,0,143,13,0.4,0.3,0.3,balanced
1781431767060.932,0.4,0.3,0.3,586.2182103610675,599.3333333333334,0.1172436420722135,538.5398295120518,661.3859494415051,0.03525949496411286,0.9999999999999999,1.0,0.9999999999999999,59,8,2.242524694681881,0,2.242524694681881,False,False,False,True,0,144,13,0.4,0.3,0.3,balanced
1781431769676.221,0.4,0.3,0.3,584.1522762951334,596.7777777777778,0.11683045525902669,561.5709085153529,684.4143716365938,0.03679592451736844,0.9999999999999999,1.0,0.9999999999999999,61,8,2.242229040541179,0,2.242229040541179,False,False,False,True,0,145,13,0.4,0.3,0.3,balanced
1781431772297.424,0.4,0.3,0.3,581.8649921507063,593.6666666666666,0.11637299843014125,605.1036155202821,732.039976484421,0.03970004106206018,0.9999999999999999,1.0,0.9999999999999999,64,8,2.2415407883093255,0,2.2415407883093255,False,False,False,True,0,146,13,0.4,0.3,0.3,balanced
1781431774911.5068,0.4,0.3,0.3,583.4568288854003,596.6666666666666,0.11669136577708007,535.2814520870077,669.2048794826574,0.03504212488905988,0.9999999999999999,1.0,0.9999999999999999,61,8,2.24281081622245,1,2.24281081622245,False,False,False,True,0,147,13,0.4,0.3,0.3,balanced
1781431777533.468,0.4,0.3,0.3,584.8806907378334,597.4444444444445,0.11697613814756669,730.5694614027947,890.7400624067291,0.04807001076736456,0.975733638998945,0.9795708406819519,0.975733638998945,59,8,2.2315086332104475,1,2.2315086332104475,False,False,False,True,0,148,13,0.4,0.3,0.3,balanced
1781431780154.216,0.4,0.3,0.3,584.3971742543171,598.1111111111111,0.11687943485086341,561.2741373852484,682.0750237416903,0.03677612657673438,0.9999999999999999,1.0,0.9999999999999999,61,8,2.2422153880866342,0,2.2422153880866342,False,False,False,True,0,149,13,0.4,0.3,0.3,balanced
1781431782774.4429,0.4,0.3,0.3,582.5777080062794,594.7777777777778,0.11651554160125588,615.4754556143446,740.3483245149912,0.04039195834652065,0.9999999999999999,1.0,0.9999999999999999,64,8,2.2412761958555416,0,2.2412761958555416,False,False,False,True,0,150,13,0.4,0.3,0.3,balanced
1781431785398.405,0.4,0.3,0.3,585.1836734693877,598.1111111111111,0.11703673469387754,599.8710034821145,719.0360873694207,0.03935096754383686,0.9999999999999999,1.0,0.9999999999999999,61,8,2.241380015859298,1,2.241380015859298,False,False,False,True,0,151,13,0.4,0.3,0.3,balanced
1781431788022.1602,0.4,0.3,0.3,583.6546310832025,596.5555555555555,0.1167309262166405,584.3481775426219,723.0629041740153,0.03831542211758652,0.9999999999999999,1.0,0.9999999999999999,64,8,2.2418130028780676,0,2.2418130028780676,False,False,False,True,0,152,13,0.4,0.3,0.3,balanced
1781431790643.3179,0.4,0.3,0.3,583.5525902668759,595.4444444444445,0.11671051805337518,597.7638154027043,711.7181069958848,0.03921039462326246,0.9999999999999999,1.0,0.9999999999999999,65,8,2.241552674391671,0,2.241552674391671,False,False,False,True,0,153,13,0.4,0.3,0.3,balanced
1781431796845.1272,0.4,0.3,0.3,581.8210361067503,593.1111111111111,0.11636420722135006,624.5860700602079,745.9674329501916,0.04099973782923335,0.9999999999999999,1.0,0.9999999999999999,67,8,2.24115439576269,0,2.24115439576269,False,False,False,True,0,154,13,0.4,0.3,0.3,balanced
1781431799468.287,0.4,0.3,0.3,580.0957613814758,591.2222222222222,0.11601915227629515,647.7380952380951,773.4126984126983,0.04254423583976618,0.9999999999999999,1.0,0.9999999999999999,68,8,2.2408290683375522,0,2.2408290683375522,False,False,False,True,0,155,13,0.4,0.3,0.3,balanced
1781431802093.2478,0.4,0.3,0.3,582.25431711146,593.7777777777778,0.116450863422292,665.0191064079952,806.5270429159317,0.043697071808405284,0.9920076404946213,0.9922003284072249,0.9920076404946213,67,8,2.237912825236948,1,2.237912825236948,False,False,False,True,0,156,13,0.4,0.3,0.3,balanced
1781431804712.6702,0.4,0.3,0.3,582.6310832025117,594.7777777777778,0.11652621664050235,596.713697824809,730.4541446208113,0.0391403400817084,0.9999999999999999,1.0,0.9999999999999999,65,8,2.2416474113192866,1,2.2416474113192866,False,False,False,True,0,157,13,0.4,0.3,0.3,balanced
1781431807326.373,0.4,0.3,0.3,580.9073783359497,592.5555555555555,0.11618147566718995,582.2256431308156,705.6020799124248,0.038173825425671486,0.9999999999999999,1.0,0.9999999999999999,67,8,2.2420752621054225,0,2.2420752621054225,False,False,False,True,0,158,13,0.4,0.3,0.3,balanced
1781431809948.953,0.4,0.3,0.3,583.2731554160126,594.7777777777778,0.11665463108320252,656.686507936508,791.6269841269841,0.04314119465887311,0.9999999999999999,1.0,0.9999999999999999,68,8,2.240395789169057,0,2.240395789169057,False,False,False,True,0,159,13,0.4,0.3,0.3,balanced
1781431812572.9001,0.4,0.3,0.3,581.7566718995289,593.3333333333334,0.11635133437990577,624.4642857142857,744.3650793650794,0.0409916134565901,0.9999999999999999,1.0,0.9999999999999999,67,8,2.2411619822110604,1,2.2411619822110604,False,False,False,True,0,160,13,0.4,0.3,0.3,balanced
1781431815192.3262,0.4,0.3,0.3,583.4945054945055,596.0,0.11669890109890109,603.447971781305,717.3162845385067,0.03958959117954003,0.9999999999999999,1.0,0.9999999999999999,65,8,2.2414435622065776,1,2.2414435622065776,False,False,False,True,0,161,13,0.4,0.3,0.3,balanced
1781431817815.5579,0.4,0.3,0.3,581.8649921507065,594.8888888888889,0.1163729984301413,632.0737801293357,758.9300411522632,0.0414992515096288,0.9999999999999999,1.0,0.9999999999999999,64,8,2.2410010251750547,1,2.2410010251750547,False,False,False,True,0,162,13,0.4,0.3,0.3,balanced
1781431820440.096,0.4,0.3,0.3,583.3516483516482,596.4444444444445,0.11667032967032964,594.7508818342152,727.6014109347442,0.03900939838787293,0.9999999999999999,1.0,0.9999999999999999,61,8,2.2416290486155064,1,2.2416290486155064,False,False,False,True,0,163,13,0.4,0.3,0.3,balanced
1781431823063.4438,0.4,0.3,0.3,586.0675039246468,598.2222222222222,0.11721350078492936,788.0971600416044,883.5632885632886,0.05190774916888622,0.9882343657853861,0.9919165196942975,0.9882343657853861,59,8,2.234012584670978,1,2.234012584670978,False,False,False,True,0,164,13,0.4,0.3,0.3,balanced
1781431825687.816,0.4,0.3,0.3,587.6138147566719,601.0,0.11752276295133438,539.4054967666078,660.1895943562608,0.03531724461418331,0.9999999999999999,1.0,0.9999999999999999,58,8,2.2423957214352113,1,2.2423957214352113,False,False,False,True,0,165,13,0.4,0.3,0.3,balanced
1781431831888.7441,0.4,0.3,0.3,586.7755102040816,601.1111111111111,0.11735510204081631,517.6271310993533,625.2101704879483,0.0338643849966213,0.9999999999999999,1.0,0.9999999999999999,56,8,2.242898643684687,1,2.242898643684687,False,False,False,True,0,166,13,0.4,0.3,0.3,balanced
1781431834513.129,0.4,0.3,0.3,586.1098901098901,599.3333333333334,0.11722197802197802,513.312757201646,631.7695473251028,0.03357656819223789,0.9999999999999999,1.0,0.9999999999999999,58,8,2.243038238333537,0,2.243038238333537,False,False,False,True,0,167,13,0.4,0.3,0.3,balanced
1781431837133.217,0.4,0.3,0.3,589.359497645212,603.6666666666666,0.1178718995290424,484.6942974720753,600.1263962375074,0.031667398096869595,0.9999999999999999,1.0,0.9999999999999999,56,8,2.243351020759322,1,2.243351020759322,False,False,False,True,0,168,13,0.4,0.3,0.3,balanced
1781431839757.245,0.4,0.3,0.3,590.0737833594976,604.1111111111111,0.11801475667189952,463.42750870528647,574.6581196581196,0.03024866635792438,0.9999999999999999,1.0,0.9999999999999999,55,8,2.243719497423863,1,2.243719497423863,False,False,False,True,0,169,13,0.4,0.3,0.3,balanced
1781431842379.8188,0.4,0.3,0.3,590.320251177394,604.6666666666666,0.11806405023547879,494.1563786008231,582.2633744855967,0.03229862432293683,0.9999999999999999,1.0,0.9999999999999999,53,8,2.2430847926089275,1,2.2430847926089275,False,False,False,True,0,170,13,0.4,0.3,0.3,balanced
1781431845103.113,0.4,0.3,0.3,588.0235478806907,603.4444444444445,0.11760470957613814,475.42966611932127,588.1458675424193,0.031049343970601818,0.9999999999999999,1.0,0.9999999999999999,55,8,2.243643312978364,0,2.243643312978364,False,False,False,True,0,171,13,0.4,0.3,0.3,balanced
1781431847728.188,0.4,0.3,0.3,590.309262166405,604.2222222222222,0.118061852433281,447.70870076425626,561.7827748383303,0.02920004674878294,0.9999999999999999,1.0,0.9999999999999999,53,8,2.2440152450020525,1,2.2440152450020525,False,False,False,True,0,172,13,0.4,0.3,0.3,balanced
1781431850444.155,0.4,0.3,0.3,592.5384615384615,607.7777777777778,0.11850769230769231,462.45489078822413,563.3048433048433,0.030183781907153043,0.9999999999999999,1.0,0.9999999999999999,52,8,2.243541788504777,1,2.243541788504777,False,False,False,True,0,173,13,0.4,0.3,0.3,balanced
1781431853167.541,0.4,0.3,0.3,593.2511773940345,608.4444444444445,0.11865023547880689,447.07238642583474,548.3716475095786,0.029157597493384573,0.9959941536296214,0.9961685823754789,0.9959941536296214,50,8,2.242590872649348,1,2.242590872649348,False,False,False,True,0,174,13,0.4,0.3,0.3,balanced
1781431855883.968,0.4,0.3,0.3,594.4301412872842,610.4444444444445,0.11888602825745684,420.1525725232621,516.152162014231,0.027361745998883396,0.9999999999999999,1.0,0.9999999999999999,49,8,2.244237064897352,1,2.244237064897352,False,False,False,True,0,175,13,0.4,0.3,0.3,balanced
1781431858505.516,0.4,0.3,0.3,593.0533751962323,608.5555555555555,0.11861067503924647,460.514403292181,548.4362139917696,0.030054329772660506,0.9999999999999999,1.0,0.9999999999999999,50,8,2.243539431052503,0,2.243539431052503,False,False,False,True,0,176,13,0.4,0.3,0.3,balanced
1781431861222.6711,0.4,0.3,0.3,593.800627943485,610.2222222222222,0.118760125588697,432.281746031746,551.1904761904763,0.02817089700011648,0.9999999999999999,1.0,0.9999999999999999,49,8,2.2440446806644863,1,2.2440446806644863,False,False,False,True,0,177,13,0.4,0.3,0.3,balanced
1781431867518.1948,0.4,0.3,0.3,597.7032967032966,614.8888888888889,0.11954065934065931,419.90216201423095,532.8598795840176,0.027345040828167508,0.9999999999999999,1.0,0.9999999999999999,47,8,2.243980224015286,1,2.243980224015286,False,False,False,True,0,178,13,0.4,0.3,0.3,balanced
1781431870137.499,0.4,0.3,0.3,597.497645211931,615.1111111111111,0.11949952904238619,472.67806267806264,577.9740424184869,0.030865781366114918,0.9999999999999999,1.0,0.9999999999999999,46,8,2.242940453973211,1,2.242940453973211,False,False,False,True,0,179,13,0.4,0.3,0.3,balanced
1781431872850.739,0.4,0.3,0.3,597.0832025117738,613.2222222222222,0.11941664050235477,496.27425044091706,601.5167548500881,0.032439909969374056,0.9999999999999999,1.0,0.9999999999999999,47,8,2.2425013708082457,0,2.2425013708082457,False,False,False,True,0,180,13,0.4,0.3,0.3,balanced
1781431875572.248,0.4,0.3,0.3,598.7127158555729,615.5555555555555,0.11974254317111459,393.63462669018224,491.6240446796003,0.025592703581733305,0.9999999999999999,1.0,0.9999999999999999,46,8,2.244425171657034,1,2.244425171657034,False,False,False,True,0,181,13,0.4,0.3,0.3,balanced
1781431878298.801,0.4,0.3,0.3,602.3014128728414,619.8888888888889,0.12046028257456828,357.9225455614345,448.22751322751327,0.02321030991070277,0.9999999999999999,1.0,0.9999999999999999,44,8,2.244852793996962,1,2.244852793996962,False,False,False,True,0,182,13,0.4,0.3,0.3,balanced
1781431881024.087,0.4,0.3,0.3,603.4332810047096,621.4444444444445,0.1206866562009419,2788.583186360964,3045.6848912404466,0.18536245406010435,0.9918703745234356,0.9920634920634921,0.9918703745234356,43,8,2.1936777136586225,1,2.1936777136586225,False,False,False,True,0,183,13,0.4,0.3,0.3,balanced
1781431883748.056,0.4,0.3,0.3,605.4882260596547,624.6666666666666,0.12109764521193095,334.972075249853,423.7522045855379,0.021679257855227018,0.9999999999999999,1.0,0.9999999999999999,41,8,2.2450571645586592,1,2.2450571645586592,False,False,False,True,0,184,13,0.4,0.3,0.3,balanced
1781431886467.155,0.4,0.3,0.3,606.4050235478808,625.6666666666666,0.12128100470957616,355.7414756025867,452.7087007642563,0.02306480824566956,0.9999999999999999,1.0,0.9999999999999999,40,8,2.244568155642469,1,2.244568155642469,False,False,False,True,0,185,13,0.4,0.3,0.3,balanced
1781431889184.578,0.4,0.3,0.3,608.5102040816325,629.4444444444445,0.1217020408163265,347.2266313932981,437.86596119929453,0.02249677327506992,0.9999999999999999,1.0,0.9999999999999999,38,8,2.244570151690948,1,2.244570151690948,False,False,False,True,0,186,13,0.4,0.3,0.3,balanced
1781431892003.245,0.4,0.3,0.3,611.3390894819468,632.5555555555555,0.12226781789638935,367.0374931581828,459.7728516694034,0.02381837846285409,0.9944784279759648,0.9961685823754789,0.9944784279759648,37,8,2.2422908876953773,1,2.2422908876953773,False,False,False,True,0,187,13,0.4,0.3,0.3,balanced
1781431894725.162,0.4,0.3,0.3,614.2025117739403,636.5555555555555,0.12284050235478805,280.0205761316872,350.20576131687244,0.018013380662554184,0.9999999999999999,1.0,0.9999999999999999,35,8,2.2454597848593183,1,2.2454597848593183,False,False,False,True,0,188,13,0.4,0.3,0.3,balanced
1781431897450.984,0.4,0.3,0.3,617.4175824175824,639.7777777777778,0.12348351648351648,326.37147831592273,415.33554922443807,0.02110550222254321,0.9880225594511308,0.9917695473251028,0.9880225594511308,34,8,2.2406817105751697,1,2.2406817105751697,False,False,False,True,0,189,13,0.4,0.3,0.3,balanced
1781431903862.152,0.4,0.3,0.3,620.8806907378336,645.1111111111111,0.12417613814756671,319.2788724685276,399.6606458675424,0.020632346395498838,0.9999999999999999,1.0,0.9999999999999999,32,8,2.2441398408223234,1,2.2441398408223234,False,False,False,True,0,190,13,0.4,0.3,0.3,balanced
1781431906684.4731,0.4,0.3,0.3,629.960753532182,655.8888888888889,0.1259921507064364,266.25,336.3888888888889,0.01709472981987992,0.9999999999999999,1.0,0.9999999999999999,29,8,2.2444747207714615,1,2.2444747207714615,False,False,False,True,0,191,13,0.4,0.3,0.3,balanced
1781431909505.764,0.4,0.3,0.3,637.2825745682887,664.4444444444445,0.12745651491365775,229.3849206349206,285.85097001763666,0.014635418321208847,0.9999999999999999,1.0,0.9999999999999999,28,8,2.244626768538174,1,2.244626768538174,False,False,False,True,0,192,13,0.4,0.3,0.3,balanced
1781431912329.638,0.4,0.3,0.3,640.1758241758241,669.3333333333334,0.12803516483516483,200.65843621399176,248.14814814814815,0.01271904177544975,0.9999999999999999,1.0,0.9999999999999999,26,8,2.244970221533299,1,2.244970221533299,False,False,False,True,0,193,13,0.4,0.3,0.3,balanced
1781431915150.804,0.4,0.3,0.3,634.0565149136578,660.7777777777778,0.12681130298273155,242.35438429882873,296.4371636593858,0.015500626037280103,0.9999999999999999,1.0,0.9999999999999999,28,8,2.244625290995723,0,2.244625290995723,False,False,False,True,0,194,13,0.4,0.3,0.3,balanced
1781431918074.027,0.4,0.3,0.3,639.6577708006279,669.2222222222222,0.12793155416012558,287.04828802529954,354.100681140911,0.018482207339913244,0.9999999999999999,1.0,0.9999999999999999,26,8,2.243282716133976,1,2.243282716133976,False,False,False,True,0,195,13,0.4,0.3,0.3,balanced
1781431920900.381,0.4,0.3,0.3,645.6938775510204,675.7777777777778,0.12913877551020408,208.3080088635644,261.20924343146567,0.013229353493233115,0.9999999999999999,1.0,0.9999999999999999,25,8,2.2443756837479483,1,2.2443756837479483,False,False,False,True,0,196,13,0.4,0.3,0.3,balanced
1781431923827.333,0.4,0.3,0.3,654.8131868131868,687.4444444444445,0.13096263736263736,184.46298557409668,227.83430561208337,0.011638624788131867,0.9939531368102795,0.9958847736625513,0.9939531368102795,23,8,2.2423092986615893,1,2.2423092986615893,False,False,False,True,0,197,13,0.4,0.3,0.3,balanced
1781431926651.1719,0.4,0.3,0.3,644.7629513343799,675.3333333333334,0.12895259026687597,223.14735675846785,269.13421968977525,0.014219303319444153,0.9999999999999999,1.0,0.9999999999999999,25,8,2.2441531728974162,0,2.2441531728974162,False,False,False,True,0,198,13,0.4,0.3,0.3,balanced
1781431929674.96,0.4,0.3,0.3,654.1507064364206,687.7777777777778,0.13083014128728412,177.93062904174016,219.9676660787772,0.011202843832004013,0.9999999999999999,1.0,0.9999999999999999,23,8,2.244307090335485,1,2.244307090335485,False,False,False,True,0,199,13,0.4,0.3,0.3,balanced
1781431932597.346,0.4,0.3,0.3,657.0941915227629,691.8888888888889,0.1314188383045526,192.00396825396822,238.3671369782481,0.012141692345161322,0.9999999999999999,1.0,0.9999999999999999,22,8,2.2437899569746307,1,2.2437899569746307,False,False,False,True,0,200,13,0.4,0.3,0.3,balanced
1781431939102.126,0.4,0.3,0.3,653.4317111459969,686.8888888888889,0.1306863422291994,177.3412698412698,223.46560846560845,0.011163527007422935,0.9999999999999999,1.0,0.9999999999999999,23,8,2.2443764050060935,0,2.2443764050060935,False,False,False,True,0,201,13,0.4,0.3,0.3,balanced
1781431942128.416,0.4,0.3,0.3,658.7551020408162,693.2222222222222,0.13175102040816322,182.26179170623612,225.58088002532446,0.011491780634171856,0.9999999999999999,1.0,0.9999999999999999,22,8,2.243852057646483,1,2.243852057646483,False,False,False,True,0,202,13,0.4,0.3,0.3,balanced
1781431945152.251,0.4,0.3,0.3,670.8540031397173,708.5555555555555,0.13417080062794345,160.47619047619048,199.96031746031747,0.010038438323962007,0.9999999999999999,1.0,0.9999999999999999,20,8,2.243320148251634,1,2.243320148251634,False,False,False,True,0,203,13,0.4,0.3,0.3,balanced
1781431948175.705,0.4,0.3,0.3,676.8602825745683,716.8888888888889,0.13537205651491366,148.42592592592592,194.41798941798942,0.00923455142934796,0.9999999999999999,1.0,0.9999999999999999,19,8,2.24308081196523,1,2.24308081196523,False,False,False,True,0,204,13,0.4,0.3,0.3,balanced
1781431951194.741,0.4,0.3,0.3,692.5306122448978,736.5555555555555,0.13850612244897956,149.11997467553022,191.73314339981005,0.009280852213177466,0.9999999999999999,1.0,0.9999999999999999,17,8,2.241813295356455,1,2.241813295356455,False,False,False,True,0,205,13,0.4,0.3,0.3,balanced
1781431954312.198,0.4,0.3,0.3,702.993720565149,749.6666666666666,0.1405987441130298,152.5947971781305,188.76984126984127,0.009512661586266211,0.9999999999999999,1.0,0.9999999999999999,16,8,2.2409067038789083,1,2.2409067038789083,False,False,False,True,0,206,13,0.4,0.3,0.3,balanced
1781431957528.299,0.4,0.3,0.3,724.8916797488224,778.7777777777778,0.14497833594976448,127.0024985302763,158.63315696649028,0.007805370148784276,0.9999999999999999,1.0,0.9999999999999999,14,8,2.2396670545754587,1,2.2396670545754587,False,False,False,True,0,207,13,0.4,0.3,0.3,balanced
1781431960652.855,0.4,0.3,0.3,702.2448979591836,749.3333333333334,0.14044897959183672,143.00174105729658,186.57961380183602,0.008872697869065816,0.9999999999999999,1.0,0.9999999999999999,16,8,2.2411585988025453,0,2.2411585988025453,False,False,False,True,0,208,13,0.4,0.3,0.3,balanced
1781431963875.5432,0.4,0.3,0.3,725.5792778649922,779.0,0.14511585557299844,1210.5755098810655,1186.2367159589382,0.08009176183329322,0.9841103718654739,0.9878012933568487,0.9841103718654739,14,8,2.213159240780455,1,2.213159240780455,False,False,False,True,0,209,13,0.4,0.3,0.3,balanced
1781431967195.677,0.4,0.3,0.3,739.4379905808477,797.3333333333334,0.14788759811616953,125.26234567901237,154.75161669606115,0.007689282566978811,0.9999999999999999,1.0,0.9999999999999999,13,8,2.2385381759834386,1,2.2385381759834386,False,False,False,True,0,210,13,0.4,0.3,0.3,balanced
1781431974205.859,0.4,0.3,0.3,774.8492935635793,843.1111111111111,0.15496985871271585,114.13438927327815,135.66216705105592,0.006946923900819089,0.9999999999999999,1.0,0.9999999999999999,11,8,2.235927979344668,1,2.235927979344668,False,False,False,True,0,211,13,0.4,0.3,0.3,balanced
1781431977729.803,0.4,0.3,0.3,797.3029827315542,872.4444444444445,0.15946059654631084,95.43842988287433,114.39537828426715,0.005699695122273137,0.9999999999999999,1.0,0.9999999999999999,10,8,2.2345058528447934,1,2.2345058528447934,False,False,False,True,0,212,13,0.4,0.3,0.3,balanced
1781431981144.048,0.4,0.3,0.3,773.3359497645212,841.6666666666666,0.15466718995290424,139.67445620223398,177.72486772486775,0.008650730900749432,0.9999999999999999,1.0,0.9999999999999999,11,8,2.2355379047486132,0,2.2355379047486132,False,False,False,True,0,213,13,0.4,0.3,0.3,balanced
1781431984364.516,0.4,0.3,0.3,739.10989010989,796.6666666666666,0.147821978021978,149.87337765115544,182.34251345362458,0.009331112585133784,0.9999999999999999,1.0,0.9999999999999999,13,8,2.2380718750156685,0,2.2380718750156685,False,False,False,True,0,214,13,0.4,0.3,0.3,balanced
1781431987581.422,0.4,0.3,0.3,724.9576138147567,778.7777777777778,0.14499152276295132,133.66181657848327,170.26748971193416,0.008249620852467197,0.9999999999999999,1.0,0.9999999999999999,14,8,2.2395285046390794,0,2.2395285046390794,False,False,False,True,0,215,13,0.4,0.3,0.3,balanced
1781431990802.837,0.4,0.3,0.3,738.9576138147565,796.5555555555555,0.14779152276295132,135.41152263374485,178.2716049382716,0.008366345739409264,0.9999999999999999,1.0,0.9999999999999999,13,8,2.238373487172997,1,2.238373487172997,False,False,False,True,0,216,13,0.4,0.3,0.3,balanced
1781431994028.33,0.4,0.3,0.3,723.9811616954474,777.3333333333334,0.14479623233908948,148.18342151675483,202.54850088183423,0.009218373683572704,0.9999999999999999,1.0,0.9999999999999999,14,8,2.2393159949592922,0,2.2393159949592922,False,False,False,True,0,217,13,0.4,0.3,0.3,balanced
1781431997145.749,0.4,0.3,0.3,699.8681318681317,747.0,0.13997362637362634,197.6763668430335,257.11493239271016,0.012520104525886156,0.9999999999999999,1.0,0.9999999999999999,16,8,2.2402545180927835,0,2.2402545180927835,False,False,False,True,0,218,13,0.4,0.3,0.3,balanced
1781432000262.883,0.4,0.3,0.3,690.7127158555729,735.4444444444445,0.13814254317111457,171.19047619047615,231.42857142857144,0.010753200546396008,0.9999999999999999,1.0,0.9999999999999999,17,8,2.2415170225676353,0,2.2415170225676353,False,False,False,True,0,219,13,0.4,0.3,0.3,balanced
1781432003275.179,0.4,0.3,0.3,675.5180533751961,714.7777777777778,0.13510361067503923,208.41637272192827,266.468253968254,0.01323658256984178,0.9999999999999999,1.0,0.9999999999999999,19,8,2.2419875809590315,0,2.2419875809590315,False,False,False,True,0,220,13,0.4,0.3,0.3,balanced
1781432045880.455,0.4,0.3,0.3,670.839874411303,708.0,0.1341679748822606,156.88492063492063,194.8809523809524,0.00979886061607209,0.9999999999999999,1.0,0.9999999999999999,20,8,2.243393151862274,0,2.243393151862274,False,False,False,True,1,221,13,0.4,0.3,0.3,balanced
1781432048797.437,0.4,0.3,0.3,656.4678178963893,691.2222222222222,0.13129356357927785,177.90343915343914,228.26425631981192,0.0112010299635383,0.9942812289751064,0.9960317460317462,0.9942812289751064,22,8,2.2424066342717595,0,2.2424066342717595,False,False,False,True,0,222,13,0.4,0.3,0.3,balanced
1781432051819.425,0.4,0.3,0.3,670.5337519623233,707.5555555555555,0.13410675039246467,183.5515873015873,247.26778365667255,0.011577824369685609,0.9999999999999999,1.0,0.9999999999999999,20,8,2.2428839525321083,1,2.2428839525321083,False,False,False,True,0,223,13,0.4,0.3,0.3,balanced
1781432054838.355,0.4,0.3,0.3,674.9183673469388,714.3333333333334,0.13498367346938775,191.39256319811875,252.0091122868901,0.012100904816418862,0.9999999999999999,1.0,0.9999999999999999,19,8,2.2423762591673193,1,2.2423762591673193,False,False,False,True,0,224,13,0.4,0.3,0.3,balanced
1781432057851.979,0.4,0.3,0.3,669.6703296703297,707.2222222222222,0.13393406593406593,170.72677836566726,217.12081128747795,0.01072226673553484,0.9999999999999999,1.0,0.9999999999999999,20,8,2.243209693605713,0,2.243209693605713,False,False,False,True,0,225,13,0.4,0.3,0.3,balanced
1781432060777.421,0.4,0.3,0.3,657.5133437990581,692.4444444444445,0.13150266875981162,201.53145208700766,262.11346266901825,0.012777281660240671,0.9999999999999999,1.0,0.9999999999999999,22,8,2.243565747998003,0,2.243565747998003,False,False,False,True,0,226,13,0.4,0.3,0.3,balanced
1781432063998.052,0.4,0.3,0.3,525.1036106750392,517.7777777777778,0.10502072213500785,203.7423535070594,299.5948844184138,0.012924773416081347,0.8257456828885399,0.7745098039215687,0.8257456828885399,23,8,2.2018379839877342,0,2.2018379839877342,False,False,False,True,0,227,13,0.4,0.3,0.3,balanced
1781432066917.391,0.4,0.3,0.3,643.8367346938774,674.3333333333334,0.12876734693877548,475.3123162845384,512.1575543797767,0.031041515429255397,0.9958510876878223,0.9960317460317462,0.9958510876878223,25,8,2.23793593290206,0,2.23793593290206,False,False,False,True,0,228,13,0.4,0.3,0.3,balanced
1781432069741.238,0.4,0.3,0.3,639.5651491365777,668.5555555555555,0.12791302982731553,220.2057613168724,286.5432098765432,0.014023066131879414,0.9999999999999999,1.0,0.9999999999999999,26,8,2.24462786822951,0,2.24462786822951,False,False,False,True,0,229,13,0.4,0.3,0.3,balanced
1781432072562.393,0.4,0.3,0.3,634.2401883830455,661.5555555555555,0.1268480376766091,235.04997060552617,287.3133450911229,0.01501334026721322,0.9999999999999999,1.0,0.9999999999999999,28,8,2.2447567828491923,0,2.2447567828491923,False,False,False,True,0,230,13,0.4,0.3,0.3,balanced
1781432075387.918,0.4,0.3,0.3,631.2653061224489,657.5555555555555,0.1262530612244898,205.05511463844795,260.7863021751911,0.013012349208702331,0.9999999999999999,1.0,0.9999999999999999,29,8,2.2455950707475933,0,2.2455950707475933,False,False,False,True,0,231,13,0.4,0.3,0.3,balanced
1781432081817.042,0.4,0.3,0.3,623.5211930926216,646.8888888888889,0.12470423861852432,246.59414340448822,311.247947454844,0.015783465203768395,0.9999999999999999,1.0,0.9999999999999999,32,8,2.24538326499146,0,2.24538326499146,False,False,False,True,0,232,13,0.4,0.3,0.3,balanced
1781432120623.894,0.4,0.3,0.3,617.6577708006279,639.3333333333334,0.12353155416012558,274.4210555656916,346.8516998114699,0.017639830257884695,0.9829287531609839,0.9882320744389711,0.9829287531609839,34,8,2.2401740552068796,0,2.2401740552068796,False,False,False,True,1,233,13,0.4,0.3,0.3,balanced
1781432123747.364,0.4,0.3,0.3,616.0627943485086,638.3333333333334,0.12321255886970173,487.90175329391013,637.0499580303502,0.03188137113368313,0.799268333707109,0.8377976190476191,0.799268333707109,35,8,2.180931065224147,0,2.180931065224147,False,False,False,True,0,234,13,0.4,0.3,0.3,balanced
1781432126468.126,0.4,0.3,0.3,611.6153846153846,631.8888888888889,0.12232307692307692,294.69135802469134,362.05761316872423,0.01899208525848508,0.9999999999999999,1.0,0.9999999999999999,37,8,2.245373143653224,0,2.245373143653224,False,False,False,True,0,235,13,0.4,0.3,0.3,balanced
1781432129981.009,0.4,0.3,0.3,409.94976452119306,420.6666666666667,0.0819899529042386,202.35675571041423,248.38366240805266,0.012832338606431903,0.6703296703296703,0.6666666666666666,0.6703296703296703,38,8,2.164453218355276,0,2.164453218355276,False,False,False,True,0,236,13,0.4,0.3,0.3,balanced
1781432132801.899,0.4,0.3,0.3,613.6043956043954,634.2222222222222,0.12272087912087909,326.19480934136106,398.5980356382655,0.021093716433713213,0.9923131056135981,0.9923371647509579,0.9923131056135981,37,8,2.2422774651056137,1,2.2422774651056137,False,False,False,True,0,237,13,0.4,0.3,0.3,balanced
1781432135526.447,0.4,0.3,0.3,610.7048665620094,630.8888888888889,0.12214097331240188,287.2132908244019,364.46479446479447,0.01849321486487004,0.9999999999999999,1.0,0.9999999999999999,38,8,2.245595646215578,0,2.245595646215578,False,False,False,True,0,238,13,0.4,0.3,0.3,balanced
1781432138353.522,0.4,0.3,0.3,607.9387755102039,626.5555555555555,0.12158775510204077,389.02298850574715,532.3754789272031,0.025285055937674928,0.9226979916635087,0.946360153256705,0.9226979916635087,40,8,2.220588778676934,0,2.220588778676934,False,False,False,True,0,239,13,0.4,0.3,0.3,balanced
1781432141077.1191,0.4,0.3,0.3,607.4442700156986,626.3333333333334,0.12148885400313973,325.6709288653733,419.88977072310405,0.02105876776953791,0.9999999999999999,1.0,0.9999999999999999,40,8,2.245086828067883,2,2.245086828067883,False,False,False,True,0,240,13,0.4,0.3,0.3,balanced
1781432143800.9,0.4,0.3,0.3,604.5102040816325,623.4444444444445,0.12090204081632651,322.5999412110523,398.6008230452675,0.020853898679856722,0.9999999999999999,1.0,0.9999999999999999,41,8,2.245383014069512,0,2.245383014069512,False,False,False,True,0,241,13,0.4,0.3,0.3,balanced
1781432146523.3901,0.4,0.3,0.3,601.7723704866561,620.1111111111111,0.12035447409733122,336.59611992945327,428.9006466784245,0.021787599728449184,0.9999999999999999,1.0,0.9999999999999999,43,8,2.2453219304425325,0,2.2453219304425325,False,False,False,True,0,242,13,0.4,0.3,0.3,balanced
1781432149243.531,0.4,0.3,0.3,600.6609105180534,618.3333333333334,0.12013218210361067,371.69403393541324,470.17378215654077,0.02412902161010095,0.9999999999999999,1.0,0.9999999999999999,44,8,2.2447084206755252,0,2.2447084206755252,False,False,False,True,0,243,13,0.4,0.3,0.3,balanced
1781432155560.049,0.4,0.3,0.3,596.9246467817895,614.1111111111111,0.1193849293563579,443.05555555555554,534.6031746031746,0.028889630123786227,0.9999999999999999,1.0,0.9999999999999999,46,8,2.243579139220321,0,2.243579139220321,False,False,False,True,0,244,13,0.4,0.3,0.3,balanced
1781432158686.323,0.4,0.3,0.3,423.6279434850863,494.6666666666667,0.08472558869701725,326.83994708994703,330.2195767195767,0.02113675430886905,0.6735129949415664,0.7746913580246914,0.6735129949415664,47,8,2.161822636711002,0,2.161822636711002,False,False,False,True,0,245,13,0.4,0.3,0.3,balanced
1781432161411.5059,0.4,0.3,0.3,594.7864992150705,610.0,0.1189572998430141,432.5697865353037,523.2060755336616,0.028190112510694042,0.9999999999999999,1.0,0.9999999999999999,49,8,2.243960046309586,0,2.243960046309586,False,False,False,True,0,246,13,0.4,0.3,0.3,balanced
1781432164133.815,0.4,0.3,0.3,594.6813186813187,609.5555555555555,0.11893626373626373,418.50301039956213,518.2006020799123,0.027251701827856047,0.9999999999999999,1.0,0.9999999999999999,50,8,2.2442499839571375,0,2.2442499839571375,False,False,False,True,0,247,13,0.4,0.3,0.3,balanced
1781432166753.652,0.4,0.3,0.3,591.1334379905809,605.8888888888889,0.11822668759811618,496.3786008230453,614.156378600823,0.032446871302404624,0.9999999999999999,1.0,0.9999999999999999,52,8,2.242975263570032,0,2.242975263570032,False,False,False,True,0,248,13,0.4,0.3,0.3,balanced
1781432169475.899,0.4,0.3,0.3,592.4222919937205,606.6666666666666,0.1184844583987441,435.6041324575807,543.2881773399015,0.028392537188631134,0.9999999999999999,1.0,0.9999999999999999,53,8,2.244088455483913,0,2.244088455483913,False,False,False,True,0,249,13,0.4,0.3,0.3,balanced
1781432172293.4128,0.4,0.3,0.3,501.0502354788068,543.4444444444445,0.10021004709576137,422.210872162485,483.0238948626046,0.027499057515842893,0.8315693523066795,0.8853046594982079,0.8315693523066795,55,8,2.2011370695989463,0,2.2011370695989463,False,False,False,True,0,250,13,0.4,0.3,0.3,balanced
1781432174906.046,0.4,0.3,0.3,591.6750392464677,605.4444444444445,0.11833500784929354,435.9710351377018,539.8021525799303,0.0284170136849701,0.9999999999999999,1.0,0.9999999999999999,53,8,2.2441408927547917,1,2.2441408927547917,False,False,False,True,0,251,13,0.4,0.3,0.3,balanced
1781432177523.271,0.4,0.3,0.3,588.2276295133439,603.0,0.11764552590266879,459.2766698322254,576.5986071541627,0.02997175916158942,0.9999999999999999,1.0,0.9999999999999999,55,8,2.2439502618904554,0,2.2439502618904554,False,False,False,True,0,252,13,0.4,0.3,0.3,balanced
1781432180140.999,0.4,0.3,0.3,590.8241758241758,604.8888888888889,0.11816483516483516,437.24042418486863,543.2082937638494,0.028501696076375493,0.9999999999999999,1.0,0.9999999999999999,53,8,2.2441835571111532,1,2.2441835571111532,False,False,False,True,0,253,13,0.4,0.3,0.3,balanced
1781432182757.926,0.4,0.3,0.3,592.1302982731554,606.7777777777778,0.11842605965463109,445.7407407407407,538.8888888888889,0.02906876189064314,0.9999999999999999,1.0,0.9999999999999999,52,8,2.2439089475709544,1,2.2439089475709544,False,False,False,True,0,254,13,0.4,0.3,0.3,balanced
1781432189055.93,0.4,0.3,0.3,590.4065934065933,605.2222222222222,0.11808131868131866,451.6529830322933,551.331417624521,0.02946317431836513,0.9999999999999999,1.0,0.9999999999999999,53,8,2.2439285202319628,0,2.2439285202319628,False,False,False,True,0,255,13,0.4,0.3,0.3,balanced
1781432191676.6218,0.4,0.3,0.3,589.778649921507,604.0,0.11795572998430141,440.73361823361824,551.1791706236152,0.028734731036265393,0.9999999999999999,1.0,0.9999999999999999,55,8,2.2441972886954,0,2.2441972886954,False,False,False,True,0,256,13,0.4,0.3,0.3,balanced
1781432194288.4941,0.4,0.3,0.3,590.0156985871272,603.6666666666666,0.11800313971742543,479.3415637860082,588.2716049382716,0.03131031112648487,0.9999999999999999,1.0,0.9999999999999999,56,8,2.243405650775084,0,2.243405650775084,False,False,False,True,0,257,13,0.4,0.3,0.3,balanced
1781432196908.259,0.4,0.3,0.3,586.3877551020408,599.8888888888889,0.11727755102040817,488.09891240446797,594.0152851263961,0.03189452384285977,0.9999999999999999,1.0,0.9999999999999999,58,8,2.2435206224389788,0,2.2435206224389788,False,False,False,True,0,258,13,0.4,0.3,0.3,balanced
1781432199828.7449,0.4,0.3,0.3,588.4458398744113,600.7777777777778,0.11768916797488226,851.7946127946128,1049.7171717171716,0.056157078905577903,0.7765331442750796,0.817921146953405,0.7765331442750796,59,8,2.1690371524208976,0,2.1690371524208976,False,False,False,True,0,259,13,0.4,0.3,0.3,balanced
1781432202440.1182,0.4,0.3,0.3,583.9120879120878,596.6666666666666,0.11678241758241757,586.9253380364491,720.352733686067,0.038487347434052646,0.9942812289751065,0.9960317460317462,0.9942812289751065,61,8,2.240025197429349,0,2.240025197429349,False,False,False,True,0,260,13,0.4,0.3,0.3,balanced
1781432205063.5059,0.4,0.3,0.3,585.4097331240188,598.7777777777778,0.11708194662480376,604.2041446208112,705.8568489124043,0.0396400363322756,0.9999999999999999,1.0,0.9999999999999999,59,8,2.2412752104503957,1,2.2412752104503957,False,False,False,True,0,261,13,0.4,0.3,0.3,balanced
1781432207686.431,0.4,0.3,0.3,583.7111459968602,597.2222222222222,0.11674222919937204,544.9426807760141,674.7266313932981,0.035686636476051636,0.9999999999999999,1.0,0.9999999999999999,61,8,2.2425971173774357,0,2.2425971173774357,False,False,False,True,0,262,13,0.4,0.3,0.3,balanced
1781432210310.4392,0.4,0.3,0.3,580.668759811617,593.0,0.1161337519623234,685.9494415049969,830.6069958847736,0.045093358339225946,0.9999999999999999,1.0,0.9999999999999999,64,8,2.240018491713303,0,2.240018491713303,False,False,False,True,0,263,13,0.4,0.3,0.3,balanced
1781432212928.623,0.4,0.3,0.3,578.6467817896389,590.7777777777778,0.11572935635792778,634.1997354497354,781.6784244562023,0.04164107641425853,0.9999999999999999,1.0,0.9999999999999999,65,8,2.2412159345325513,0,2.2412159345325513,False,False,False,True,0,264,13,0.4,0.3,0.3,balanced
1781432215550.261,0.4,0.3,0.3,579.5337519623233,591.4444444444445,0.11590675039246466,605.3453850676074,729.2225161669608,0.0397161697843634,0.9999999999999999,1.0,0.9999999999999999,67,8,2.241722448907705,0,2.241722448907705,False,False,False,True,0,265,13,0.4,0.3,0.3,balanced
1781432218173.9011,0.4,0.3,0.3,580.0847723704867,591.5555555555555,0.11601695447409734,698.8572898295121,819.3709582598472,0.04595445562571795,0.9999999999999999,1.0,0.9999999999999999,68,8,2.2398068815226457,0,2.2398068815226457,False,False,False,True,0,266,13,0.4,0.3,0.3,balanced
1781432220793.5059,0.4,0.3,0.3,578.6091051805338,590.2222222222222,0.11572182103610676,632.4345972957085,762.5485008818341,0.0415233220344035,0.9999999999999999,1.0,0.9999999999999999,67,8,2.241254274975236,1,2.241254274975236,False,False,False,True,0,267,13,0.4,0.3,0.3,balanced
1781432227008.1328,0.4,0.3,0.3,581.9215070643642,594.1111111111111,0.11638430141287283,971.9603852937184,1051.0173879618324,0.0641734746693608,0.9999999999999999,1.0,0.9999999999999999,67,8,2.2341942370340426,2,2.2341942370340426,False,False,False,True,0,268,13,0.4,0.3,0.3,balanced
1781432230736.418,0.4,0.3,0.3,265.14599686028254,335.8888888888889,0.05302919937205651,272.0829931972789,277.83945578231294,0.01748385545011867,0.44897959183673464,0.5555555555555556,0.44897959183673464,65,8,2.108237041167162,1,2.108237041167162,False,False,False,True,0,269,13,0.4,0.3,0.3,balanced
1781432233348.826,0.4,0.3,0.3,580.4411302982732,592.6666666666666,0.11608822605965463,615.9589947089946,744.783950617284,0.04042421579112706,0.9999999999999999,1.0,0.9999999999999999,64,8,2.2414374448388,1,2.2414374448388,False,False,False,True,0,270,13,0.4,0.3,0.3,balanced
1781432271977.7998,0.4,0.3,0.3,583.9215070643642,596.8888888888889,0.11678430141287283,536.3651471984805,650.7929724596391,0.03511441942618282,0.9999999999999999,1.0,0.9999999999999999,61,8,2.2427519536069958,1,2.2427519536069958,False,False,False,True,1,271,13,0.4,0.3,0.3,balanced
1781432274601.6072,0.4,0.3,0.3,581.9686028257456,594.1111111111111,0.11639372056514913,790.4188712522044,883.9814814814814,0.052062633172261806,0.9999999999999999,1.0,0.9999999999999999,64,8,2.2378237218222616,0,2.2378237218222616,False,False,False,True,0,272,13,0.4,0.3,0.3,balanced
1781432277224.944,0.4,0.3,0.3,583.1208791208791,595.7777777777778,0.11662417582417581,540.6407995296883,667.0752498530277,0.03539965307069301,0.9999999999999999,1.0,0.9999999999999999,61,8,2.242730433749122,1,2.242730433749122,False,False,False,True,0,273,13,0.4,0.3,0.3,balanced
1781432279837.23,0.4,0.3,0.3,585.3704866562009,598.5555555555555,0.11707409733124018,521.3374485596707,634.1563786008231,0.034111904506982704,0.9999999999999999,1.0,0.9999999999999999,59,8,2.242936789715409,1,2.242936789715409,False,False,False,True,0,274,13,0.4,0.3,0.3,balanced
1781432282458.946,0.4,0.3,0.3,584.0141287284144,597.7777777777778,0.11680282574568289,499.074074074074,610.7054673721342,0.03262668939787018,0.9999999999999999,1.0,0.9999999999999999,58,8,2.2434908628823655,1,2.2434908628823655,False,False,False,True,0,275,13,0.4,0.3,0.3,balanced
1781432285082.001,0.4,0.3,0.3,588.0565149136577,602.4444444444445,0.11761130298273154,495.04850088183423,602.5249853027631,0.032358138818000946,0.9958510876878223,0.9960317460317462,0.9958510876878223,56,8,2.2420033634678536,1,2.2420033634678536,False,False,False,True,0,276,13,0.4,0.3,0.3,balanced
1781432287706.6729,0.4,0.3,0.3,587.6452119309262,601.4444444444445,0.11752904238618524,616.9824311490978,728.820829376385,0.04049249040354221,0.9940694226408511,0.9958847736625513,0.9940694226408511,58,8,2.2390614627167187,0,2.2390614627167187,False,False,False,True,0,277,13,0.4,0.3,0.3,balanced
1781432290524.5618,0.4,0.3,0.3,590.3406593406593,604.1111111111111,0.11806813186813185,625.2862903225806,841.9071087216248,0.04104645032171986,0.9334845049130761,0.9547325102880657,0.9334845049130761,56,8,2.220504163630154,1,2.220504163630154,False,False,False,True,0,278,13,0.4,0.3,0.3,balanced
1781432296728.961,0.4,0.3,0.3,589.0172684458398,603.6666666666666,0.11780345368916796,508.312757201646,607.5308641975308,0.03324301248843536,0.9999999999999999,1.0,0.9999999999999999,55,8,2.242905714777802,1,2.242905714777802,False,False,False,True,0,279,13,0.4,0.3,0.3,balanced
1781432299343.56,0.4,0.3,0.3,588.8634222919936,603.3333333333334,0.11777268445839872,600.6378600823045,708.1481481481483,0.03940212542243526,0.9999999999999999,1.0,0.9999999999999999,56,8,2.24107028858991,0,2.24107028858991,False,False,False,True,0,280,13,0.4,0.3,0.3,balanced
1781432301965.872,0.4,0.3,0.3,590.0251177394034,603.7777777777778,0.11800502354788069,487.22222222222223,605.4732510288065,0.03183603884070862,0.9999999999999999,1.0,0.9999999999999999,55,8,2.2432471789286352,1,2.2432471789286352,False,False,False,True,0,281,13,0.4,0.3,0.3,balanced
1781432304589.7478,0.4,0.3,0.3,590.1883830455258,604.7777777777778,0.11803767660910516,481.50047483380814,578.1465653687876,0.03145433454528407,0.9999999999999999,1.0,0.9999999999999999,53,8,2.2433486289927727,1,2.2433486289927727,False,False,False,True,0,282,13,0.4,0.3,0.3,balanced
1781432307309.33,0.4,0.3,0.3,590.1664050235479,604.7777777777778,0.11803328100470958,517.8278750836223,616.776287782035,0.033877776856812696,0.9960192868356134,0.9960317460317462,0.9960192868356134,52,8,2.241429140591756,1,2.241429140591756,False,False,False,True,0,283,13,0.4,0.3,0.3,balanced
1781432310029.05,0.4,0.3,0.3,592.2496075353218,607.7777777777778,0.11844992150706436,517.2872194854954,626.0262725779968,0.03384170910510309,0.9999999999999999,1.0,0.9999999999999999,50,8,2.2424675186656433,1,2.2424675186656433,False,False,False,True,0,284,13,0.4,0.3,0.3,balanced
1781432312650.018,0.4,0.3,0.3,594.5007849293563,610.1111111111111,0.11890015698587127,466.4126305792973,562.9962013295348,0.030447807243448786,0.9999999999999999,1.0,0.9999999999999999,49,8,2.243305595032617,1,2.243305595032617,False,False,False,True,0,285,13,0.4,0.3,0.3,balanced
1781432315370.046,0.4,0.3,0.3,594.5431711145995,609.8888888888889,0.1189086342229199,531.7535577449371,635.2380952380952,0.034806775033017816,0.9944784279759648,0.9961685823754789,0.9944784279759648,50,8,2.240338042193716,0,2.240338042193716,False,False,False,True,0,286,13,0.4,0.3,0.3,balanced
1781432318090.456,0.4,0.3,0.3,593.5368916797488,609.2222222222222,0.11870737833594976,488.1815970321717,600.5462810922581,0.03190003982869724,0.9999999999999999,1.0,0.9999999999999999,49,8,2.242947036717011,1,2.242947036717011,False,False,False,True,0,287,13,0.4,0.3,0.3,balanced
1781432320807.344,0.4,0.3,0.3,596.9905808477235,613.0,0.11939811616954471,472.4740010946907,588.7164750957854,0.030852168185102783,0.9999999999999999,1.0,0.9999999999999999,47,8,2.242985103076651,1,2.242985103076651,False,False,False,True,0,288,13,0.4,0.3,0.3,balanced
1781432323522.423,0.4,0.3,0.3,597.1695447409733,614.1111111111111,0.11943390894819465,437.922140120416,514.0024630541872,0.028547174124110473,0.9999999999999999,1.0,0.9999999999999999,46,8,2.243662284183489,1,2.243662284183489,False,False,False,True,0,289,13,0.4,0.3,0.3,balanced
1781432326234.261,0.4,0.3,0.3,599.4427001569858,617.2222222222222,0.11988854003139715,430.4317186644773,519.084564860427,0.028047479564007823,0.9999999999999999,1.0,0.9999999999999999,44,8,2.243630340118239,1,2.243630340118239,False,False,False,True,0,290,13,0.4,0.3,0.3,balanced
1781432332537.39,0.4,0.3,0.3,599.2951334379906,616.7777777777778,0.11985902668759811,399.6373836891078,488.4619594964423,0.025993154348839746,0.9999999999999999,1.0,0.9999999999999999,44,8,2.2442584430203087,2,2.2442584430203087,False,False,False,True,0,291,13,0.4,0.3,0.3,balanced
1781432335259.441,0.4,0.3,0.3,603.0753532182102,620.6666666666666,0.12061507064364205,374.4588122605364,461.6023535851122,0.024313463126119837,0.9999999999999999,1.0,0.9999999999999999,43,8,2.2444599328047072,1,2.2444599328047072,False,False,False,True,0,292,13,0.4,0.3,0.3,balanced
1781432337977.339,0.4,0.3,0.3,603.0235478806907,620.3333333333334,0.12060470957613813,387.6785714285714,480.55555555555554,0.025195368340798625,0.9999999999999999,1.0,0.9999999999999999,44,8,2.244199505667305,0,2.244199505667305,False,False,False,True,0,293,13,0.4,0.3,0.3,balanced
1781432340690.271,0.4,0.3,0.3,600.7629513343797,618.8888888888889,0.12015259026687596,375.4166666666667,489.9294532627865,0.02437736268623527,0.9999999999999999,1.0,0.9999999999999999,43,8,2.244625755087379,1,2.244625755087379,False,False,False,True,0,294,13,0.4,0.3,0.3,balanced
1781432343410.6382,0.4,0.3,0.3,600.3281004709576,617.8888888888889,0.12006562009419151,382.71384479717807,474.243092298648,0.024864165763654307,0.9999999999999999,1.0,0.9999999999999999,44,8,2.244514502233227,0,2.244514502233227,False,False,False,True,0,295,13,0.4,0.3,0.3,balanced
1781432346134.9941,0.4,0.3,0.3,598.6938775510204,615.5555555555555,0.11973877551020408,414.6715167548501,528.5405643738978,0.026996098516000672,0.9999999999999999,1.0,0.9999999999999999,46,8,2.2440056602411182,0,2.2440056602411182,False,False,False,True,0,296,13,0.4,0.3,0.3,balanced
1781432348858.395,0.4,0.3,0.3,600.8241758241759,618.4444444444445,0.12016483516483517,421.7173721340387,512.1090534979425,0.0274661355659799,0.9999999999999999,1.0,0.9999999999999999,44,8,2.2436942252642718,1,2.2436942252642718,False,False,False,True,0,297,13,0.4,0.3,0.3,balanced
1781432351584.22,0.4,0.3,0.3,602.0109890109889,620.1111111111111,0.12040219780219777,377.1259553203997,465.2836566725456,0.02449139128221479,0.9999999999999999,1.0,0.9999999999999999,43,8,2.2444917034944565,1,2.2444917034944565,False,False,False,True,0,298,13,0.4,0.3,0.3,balanced
1781432354309.785,0.4,0.3,0.3,605.9638932496075,624.4444444444445,0.1211927786499215,348.14961787184006,436.68724279835396,0.02255834675595998,0.9941690962099125,0.9960317460317462,0.9941690962099125,41,8,2.243006113376217,1,2.243006113376217,False,False,False,True,0,299,13,0.4,0.3,0.3,balanced
1781432357034.399,0.4,0.3,0.3,605.5510204081633,624.4444444444445,0.12111020408163264,397.0664315108759,496.4315108759554,0.025821643196189185,0.9999999999999999,1.0,0.9999999999999999,40,8,2.24380942540849,1,2.24380942540849,False,False,False,True,0,300,13,0.4,0.3,0.3,balanced
1781432359755.328,0.4,0.3,0.3,607.8398744113031,628.1111111111111,0.12156797488226062,373.4428277483833,461.5681951793063,0.0242456856403191,0.9999999999999999,1.0,0.9999999999999999,38,8,2.244099104355,1,2.244099104355,False,False,False,True,0,301,13,0.4,0.3,0.3,balanced
1781432362471.648,0.4,0.3,0.3,611.8461538461538,632.0,0.12236923076923076,344.4238683127572,430.16460905349794,0.0223097977526856,0.9999999999999999,1.0,0.9999999999999999,37,8,2.244359368366502,1,2.244359368366502,False,False,False,True,0,302,13,0.4,0.3,0.3,balanced
1781432368774.2158,0.4,0.3,0.3,616.0989010989011,638.0,0.12321978021978022,316.2662234884457,401.4640709085154,0.020431369145326596,0.9999999999999999,1.0,0.9999999999999999,35,8,2.24458267716849,1,2.24458267716849,False,False,False,True,0,303,13,0.4,0.3,0.3,balanced
1781432371488.624,0.4,0.3,0.3,617.1004709576138,639.0,0.12342009419152275,342.6511554289332,420.11079455523907,0.022191538053964854,0.9999999999999999,1.0,0.9999999999999999,34,8,2.243974500907201,1,2.243974500907201,False,False,False,True,0,304,13,0.4,0.3,0.3,balanced
1781432374312.64,0.4,0.3,0.3,620.6499215070644,644.5555555555555,0.12412998430141288,270.86070060207993,342.071702244116,0.017402314916749827,0.9999999999999999,1.0,0.9999999999999999,32,8,2.24512731180441,1,2.24512731180441,False,False,False,True,0,305,13,0.4,0.3,0.3,balanced
1781432377137.2039,0.4,0.3,0.3,616.5745682888539,639.2222222222222,0.12331491365777078,316.7261904761904,393.531746031746,0.02046205406779122,0.9999999999999999,1.0,0.9999999999999999,34,8,2.2445354183165542,0,2.2445354183165542,False,False,False,True,0,306,13,0.4,0.3,0.3,balanced
1781432380058.258,0.4,0.3,0.3,616.2919937205651,638.0,0.12325839874411301,355.2645502645502,452.9747207524985,0.023032992012311557,0.9999999999999999,1.0,0.9999999999999999,35,8,2.2437867428986613,0,2.2437867428986613,False,False,False,True,0,307,13,0.4,0.3,0.3,balanced
1781432382874.34,0.4,0.3,0.3,620.8461538461538,643.4444444444445,0.12416923076923077,286.2917350848385,359.70443349753697,0.01843173683020937,0.9999999999999999,1.0,0.9999999999999999,34,8,2.2448027866432447,1,2.2448027866432447,False,False,False,True,0,308,13,0.4,0.3,0.3,balanced
1781432385595.1309,0.4,0.3,0.3,618.585557299843,641.1111111111111,0.1237171114599686,300.9370053814498,365.4447610003165,0.019408739518442283,0.9999999999999999,1.0,0.9999999999999999,34,8,2.2446905335604797,2,2.2446905335604797,False,False,False,True,0,309,13,0.4,0.3,0.3,balanced
1781432388420.228,0.4,0.3,0.3,617.0612244897959,638.6666666666666,0.12341224489795918,274.14819376026276,350.63218390804593,0.017621627335574565,0.9999999999999999,1.0,0.9999999999999999,35,8,2.245348613840144,0,2.245348613840144,False,False,False,True,0,310,13,0.4,0.3,0.3,balanced
1781432391134.485,0.4,0.3,0.3,612.8414442700156,632.8888888888889,0.12256828885400312,303.04379776602,371.36390358612584,0.01954928604176251,0.9942812289751064,0.9960317460317462,0.9942812289751064,37,8,2.2433922673384017,0,2.2433922673384017,False,False,False,True,0,311,13,0.4,0.3,0.3,balanced
1781432393858.825,0.4,0.3,0.3,617.0015698587126,638.7777777777778,0.12340031397174253,273.45679012345676,344.19753086419746,0.017575503010237276,0.9999999999999999,1.0,0.9999999999999999,35,8,2.245367223508232,1,2.245367223508232,False,False,False,True,0,312,13,0.4,0.3,0.3,balanced
1781432396583.3079,0.4,0.3,0.3,619.2982731554159,641.7777777777778,0.12385965463108319,282.55144032921805,340.4115226337449,0.01818221750028139,0.9999999999999999,1.0,0.9999999999999999,34,8,2.2450014728974823,1,2.2450014728974823,False,False,False,True,0,313,13,0.4,0.3,0.3,balanced
1781432399700.093,0.4,0.3,0.3,622.9968602825745,648.1111111111111,0.1245993720565149,652.5981691919192,711.5313552188552,0.04286845691740621,0.8659055230483801,0.8606060606060606,0.8659055230483801,32,8,2.197071371016686,1,2.197071371016686,False,False,False,True,0,314,13,0.4,0.3,0.3,balanced
1781432406009.182,0.4,0.3,0.3,619.8571428571428,642.7777777777778,0.12397142857142855,261.3643558088002,319.56157011712565,0.016768802922535037,0.9999999999999999,1.0,0.9999999999999999,34,8,2.245380787694668,0,2.245380787694668,False,False,False,True,0,315,13,0.4,0.3,0.3,balanced
1781432408829.588,0.4,0.3,0.3,623.0627943485085,647.4444444444445,0.12461255886970171,266.51381540270427,317.3295120517343,0.017112329246344513,0.9999999999999999,1.0,0.9999999999999999,32,8,2.245021277678216,1,2.245021277678216,False,False,False,True,0,316,13,0.4,0.3,0.3,balanced
1781432411652.732,0.4,0.3,0.3,631.8854003139717,657.5555555555555,0.12637708006279433,213.90460362682583,270.54006692895587,0.013602708714264566,0.9999999999999999,1.0,0.9999999999999999,29,8,2.2453683553606028,1,2.2453683553606028,False,False,False,True,0,317,13,0.4,0.3,0.3,balanced
1781432414470.309,0.4,0.3,0.3,633.5839874411303,660.0,0.12671679748822606,235.89285714285714,290.04703115814226,0.015069570189650243,0.9999999999999999,1.0,0.9999999999999999,28,8,2.2447924099478143,1,2.2447924099478143,False,False,False,True,0,318,13,0.4,0.3,0.3,balanced
1781432417387.176,0.4,0.3,0.3,641.2967032967032,670.1111111111111,0.12825934065934064,234.18377120963328,282.52463054187194,0.014955555117387144,0.9999999999999999,1.0,0.9999999999999999,26,8,2.2442095972010474,1,2.2442095972010474,False,False,False,True,0,319,13,0.4,0.3,0.3,balanced
1781432420510.932,0.4,0.3,0.3,556.1271585557299,614.6666666666666,0.11122543171114599,186.1200716845878,215.76463560334528,0.01174917089290112,0.836734693877551,0.8888888888888888,0.836734693877551,25,8,2.2030054842109363,1,2.2030054842109363,False,False,False,True,0,320,13,0.4,0.3,0.3,balanced
1781432423429.875,0.4,0.3,0.3,654.3202511773941,687.1111111111111,0.1308640502354788,188.2554379776602,242.34420928865373,0.011891623614253515,0.9942812289751065,0.9960317460317462,0.9942812289751065,23,8,2.2423712615140645,1,2.2423712615140645,False,False,False,True,0,321,13,0.4,0.3,0.3,balanced
1781432426342.4102,0.4,0.3,0.3,658.1946624803767,692.7777777777778,0.13163893249607533,187.11934156378598,229.79423868312753,0.011815833326470045,0.9999999999999999,1.0,0.9999999999999999,22,8,2.243799677003629,1,2.243799677003629,False,False,False,True,0,322,13,0.4,0.3,0.3,balanced
1781432429358.0798,0.4,0.3,0.3,670.5729984301413,708.3333333333334,0.13411459968602826,150.8774250440917,193.6552028218695,0.009398093732094175,0.9999999999999999,1.0,0.9999999999999999,20,8,2.24353473200596,1,2.24353473200596,False,False,False,True,0,323,13,0.4,0.3,0.3,balanced
1781432432384.133,0.4,0.3,0.3,677.3783359497645,717.6666666666666,0.1354756671899529,184.3276014109347,225.71281599059378,0.011629593156166424,0.9903005158107199,0.9920634920634921,0.9903005158107199,19,8,2.239411009920385,1,2.239411009920385,False,False,False,True,0,324,13,0.4,0.3,0.3,balanced
1781432435509.857,0.4,0.3,0.3,693.0031397174253,737.4444444444445,0.13860062794348504,160.33509700176364,203.1114050558495,0.010029025817329128,0.9999999999999999,1.0,0.9999999999999999,17,8,2.241551041077407,1,2.241551041077407,False,False,False,True,0,325,13,0.4,0.3,0.3,balanced
1781432442203.92,0.4,0.3,0.3,702.5871271585557,749.7777777777778,0.14051742543171114,172.62639623750735,223.82569077013522,0.01084899241077434,0.9999999999999999,1.0,0.9999999999999999,16,8,2.2405383321040833,1,2.2405383321040833,False,False,False,True,0,326,13,0.4,0.3,0.3,balanced
1781432445422.043,0.4,0.3,0.3,724.723704866562,778.6666666666666,0.1449447409733124,134.7530864197531,178.7992357436802,0.008322420708455843,0.9999999999999999,1.0,0.9999999999999999,14,8,2.239525377398138,1,2.239525377398138,False,False,False,True,0,327,13,0.4,0.3,0.3,balanced
1781432448740.766,0.4,0.3,0.3,738.3563579277865,796.5555555555555,0.1476712715855573,153.57657260435033,197.59994121105234,0.00957815694491997,0.9999999999999999,1.0,0.9999999999999999,13,8,2.238058044282301,1,2.238058044282301,False,False,False,True,0,328,13,0.4,0.3,0.3,balanced
1781432452156.362,0.4,0.3,0.3,773.2935635792778,841.5555555555555,0.15465871271585557,123.93985438429881,155.49129471351694,0.007601057664062629,0.9940694226408511,0.9958847736625513,0.9940694226408511,11,8,2.234077024406694,1,2.234077024406694,False,False,False,True,0,329,13,0.4,0.3,0.3,balanced
1781432455379.3481,0.4,0.3,0.3,739.6373626373627,797.7777777777778,0.14792747252747254,131.81069958847735,175.92592592592592,0.008126130726382744,0.9999999999999999,1.0,0.9999999999999999,13,8,2.238391171771096,0,2.238391171771096,False,False,False,True,0,330,13,0.4,0.3,0.3,balanced
1781432458794.313,0.4,0.3,0.3,772.8869701726845,841.4444444444445,0.1545773940345369,120.46138018360242,155.98448876226655,0.00736900468202818,0.9999999999999999,1.0,0.9999999999999999,11,8,2.235958340981577,1,2.235958340981577,False,False,False,True,0,331,13,0.4,0.3,0.3,balanced
1781432462317.924,0.4,0.3,0.3,797.4003139717425,872.0,0.1594800627943485,92.98647854203409,110.67754262198706,0.00553612265123643,0.9999999999999999,1.0,0.9999999999999999,10,8,2.2345471380868895,1,2.2345471380868895,False,False,False,True,0,332,13,0.4,0.3,0.3,balanced
1781432465838.605,0.4,0.3,0.3,774.4458398744113,843.0,0.15488916797488225,142.77777777777774,170.43650793650792,0.00885775702320065,0.9999999999999999,1.0,0.9999999999999999,11,8,2.2353870057030867,0,2.2353870057030867,False,False,False,True,0,333,13,0.4,0.3,0.3,balanced
1781432469160.892,0.4,0.3,0.3,739.2433281004709,796.8888888888889,0.1478486656200942,165.21090534979425,206.3506760728983,0.010354296554355854,0.9904977148115782,0.9922003284072249,0.9904977148115782,13,8,2.234903559229129,0,2.234903559229129,False,False,False,True,0,334,13,0.4,0.3,0.3,balanced
1781432475958.633,0.4,0.3,0.3,724.4599686028256,778.3333333333334,0.14489199372056513,136.78650567539455,171.90046578935468,0.008458072426644066,0.9940694226408512,0.9958847736625513,0.9940694226408512,14,8,2.237726607576036,0,2.237726607576036,False,False,False,True,0,335,13,0.4,0.3,0.3,balanced
1781432479077.676,0.4,0.3,0.3,701.0737833594976,749.0,0.14021475667189953,164.97501469723693,224.45914168136392,0.010338560019829015,0.9999999999999999,1.0,0.9999999999999999,16,8,2.240812529325291,0,2.240812529325291,False,False,False,True,0,336,13,0.4,0.3,0.3,balanced
1781432482199.606,0.4,0.3,0.3,691.8524332810047,736.4444444444445,0.13837048665620094,165.83333333333334,214.64285714285714,0.010395819435179008,0.9999999999999999,1.0,0.9999999999999999,17,8,2.241533059506966,0,2.241533059506966,False,False,False,True,0,337,13,0.4,0.3,0.3,balanced
1781432485223.5662,0.4,0.3,0.3,675.0533751962323,715.1111111111111,0.13501067503924646,181.92974720752497,227.33098177542624,0.011469629566879583,0.9999999999999999,1.0,0.9999999999999999,19,8,2.2425548411142375,0,2.2425548411142375,False,False,False,True,0,338,13,0.4,0.3,0.3,balanced
1781432488244.0269,0.4,0.3,0.3,668.9309262166405,706.5555555555555,0.1337861852433281,187.95781893004113,239.82069370958257,0.011871769108074791,0.9999999999999999,1.0,0.9999999999999999,20,8,2.2429239951702464,0,2.2429239951702464,False,False,False,True,0,339,13,0.4,0.3,0.3,balanced
1781432491166.402,0.4,0.3,0.3,656.0596546310832,689.8888888888889,0.13121193092621664,251.2029123140234,318.9284583729028,0.016090921435225045,0.9940694226408511,0.9958847736625513,0.9940694226408511,22,8,2.2409087779912014,0,2.2409087779912014,False,False,False,True,0,340,13,0.4,0.3,0.3,balanced
1781432494088.673,0.4,0.3,0.3,652.6907378335949,685.7777777777778,0.13053814756671897,213.12169312169308,272.9850088183421,0.013550479861353775,0.9999999999999999,1.0,0.9999999999999999,23,8,2.2437195970149064,0,2.2437195970149064,False,False,False,True,0,341,13,0.4,0.3,0.3,balanced
1781432497211.3572,0.4,0.3,0.3,613.8744113029827,607.3333333333334,0.12277488226059655,207.66185035842295,255.94310035842298,0.013186247522243025,0.9384321036106749,0.8854166666666666,0.9384321036106749,22,8,2.228463803922291,1,2.228463803922291,False,False,False,True,0,342,13,0.4,0.3,0.3,balanced
1781432500124.811,0.4,0.3,0.3,654.0957613814758,687.2222222222222,0.13081915227629515,221.05085243974133,280.6937095825985,0.014079443124732577,0.9999999999999999,1.0,0.9999999999999999,23,8,2.243448506152062,0,2.243448506152062,False,False,False,True,0,343,13,0.4,0.3,0.3,balanced
1781432503047.065,0.4,0.3,0.3,644.1789638932495,675.3333333333334,0.1288357927786499,215.9457671957672,276.7034097589653,0.01373887706442743,0.9999999999999999,1.0,0.9999999999999999,25,8,2.244344019769212,0,2.244344019769212,False,False,False,True,0,344,13,0.4,0.3,0.3,balanced
1781432505968.446,0.4,0.3,0.3,652.0188383045526,685.0,0.13040376766091052,184.1189006466784,246.22868900646674,0.011615670490105298,0.9999999999999999,1.0,0.9999999999999999,23,8,2.2443537917886043,1,2.2443537917886043,False,False,False,True,0,345,13,0.4,0.3,0.3,balanced
1781432512479.066,0.4,0.3,0.3,643.3045525902669,673.7777777777778,0.12866091051805337,197.38984674329504,256.65571975916805,0.01250099044318179,0.9999999999999999,1.0,0.9999999999999999,25,8,2.244785338659824,0,2.244785338659824,False,False,False,True,0,346,13,0.4,0.3,0.3,balanced
1781432515298.897,0.4,0.3,0.3,642.1177394034536,671.0,0.1284235478806907,200.1772712883824,258.1513137068693,0.012686942714368406,0.9999999999999999,1.0,0.9999999999999999,26,8,2.244824498033413,0,2.244824498033413,False,False,False,True,0,347,13,0.4,0.3,0.3,balanced
1781432518219.7102,0.4,0.3,0.3,646.1883830455259,676.5555555555555,0.12923767660910518,190.11537330981776,238.04820693709578,0.01201570202200252,0.9999999999999999,1.0,0.9999999999999999,25,8,2.244700218749757,1,2.244700218749757,False,False,False,True,0,348,13,0.4,0.3,0.3,balanced
1781432521136.241,0.4,0.3,0.3,654.1821036106751,686.4444444444445,0.13083642072213503,208.47075249853026,259.1828336272781,0.0132402103067732,0.9999999999999999,1.0,0.9999999999999999,23,8,2.243693368619114,1,2.243693368619114,False,False,False,True,0,349,13,0.4,0.3,0.3,balanced
1781432524049.088,0.4,0.3,0.3,645.0863422291993,675.4444444444445,0.12901726844583986,195.24083196496983,248.34838533114393,0.012357627215808527,0.996156552806799,0.9961685823754789,0.996156552806799,25,8,2.243532770298961,0,2.243532770298961,False,False,False,True,0,350,13,0.4,0.3,0.3,balanced
1781432526969.857,0.4,0.3,0.3,654.2731554160125,687.1111111111111,0.1308546310832025,180.68930041152262,224.5781893004115,0.011386877946065552,0.9999999999999999,1.0,0.9999999999999999,23,8,2.244242084182899,1,2.244242084182899,False,False,False,True,0,351,13,0.4,0.3,0.3,balanced
1781432529893.413,0.4,0.3,0.3,644.5447409733123,674.7777777777778,0.12890894819466245,400.04393967037646,442.3822700642624,0.026020276162133187,0.9960192868356132,0.9960317460317462,0.9960192868356132,25,8,2.239436123924179,0,2.239436123924179,False,False,False,True,0,352,13,0.4,0.3,0.3,balanced
1781432532820.1,0.4,0.3,0.3,653.9984301412871,687.0,0.13079968602825742,180.40564373897706,228.50676072898295,0.011367954885855708,0.9999999999999999,1.0,0.9999999999999999,23,8,2.2442697391229403,1,2.2442697391229403,False,False,False,True,0,353,13,0.4,0.3,0.3,balanced
1781432535743.98,0.4,0.3,0.3,645.3799058084772,675.7777777777778,0.12907598116169544,180.04482657260436,230.977366255144,0.01134388436108101,0.9999999999999999,1.0,0.9999999999999999,25,8,2.2449664422269975,0,2.2449664422269975,False,False,False,True,0,354,13,0.4,0.3,0.3,balanced
1781432538660.4668,0.4,0.3,0.3,645.1412872841445,675.1111111111111,0.1290282574568289,182.7811986863711,239.54844006568146,0.01152643086633563,0.9999999999999999,1.0,0.9999999999999999,25,8,2.2449307677573676,2,2.2449307677573676,False,False,False,True,0,355,13,0.4,0.3,0.3,balanced
1781432541482.105,0.4,0.3,0.3,641.0690737833595,670.0,0.1282138147566719,217.4667616334283,269.9572649572649,0.01384034433845419,0.9999999999999999,1.0,0.9999999999999999,26,8,2.244562370795795,0,2.244562370795795,False,False,False,True,0,356,13,0.4,0.3,0.3,balanced
1781432548189.6301,0.4,0.3,0.3,645.6499215070643,676.1111111111111,0.12912998430141284,251.70549581839904,350.3285543608124,0.016124449354129357,0.871899529042386,0.911111111111111,0.871899529042386,25,8,2.2050805301859118,1,2.2050805301859118,False,False,False,True,0,357,13,0.4,0.3,0.3,balanced
1781432551007.7058,0.4,0.3,0.3,642.9152276295133,672.5555555555555,0.12858304552590266,209.88366571699905,258.74010762899655,0.013334467359372852,0.9999999999999999,1.0,0.9999999999999999,26,8,2.244566441581827,0,2.244566441581827,False,False,False,True,0,358,13,0.4,0.3,0.3,balanced
1781432553830.868,0.4,0.3,0.3,635.2244897959183,662.0,0.12704489795918367,222.8233392122281,273.4729570840682,0.014197687739308079,0.9999999999999999,1.0,0.9999999999999999,28,8,2.244922734494534,0,2.244922734494534,False,False,False,True,0,359,13,0.4,0.3,0.3,balanced
1781432556647.9458,0.4,0.3,0.3,631.1271585557299,657.7777777777778,0.12622543171114597,227.4889770723104,288.0349794238683,0.01450893776332958,0.9999999999999999,1.0,0.9999999999999999,29,8,2.2451571459865427,0,2.2451571459865427,False,False,False,True,0,360,13,0.4,0.3,0.3,balanced
1781432559468.7258,0.4,0.3,0.3,623.7441130298273,647.4444444444445,0.12474882260596547,268.51190476190476,333.4523809523809,0.01724562406683821,0.9999999999999999,1.0,0.9999999999999999,32,8,2.2449267837375624,0,2.2449267837375624,False,False,False,True,0,361,13,0.4,0.3,0.3,balanced
1781432562292.744,0.4,0.3,0.3,618.8712715855572,641.5555555555555,0.12377425431711145,263.97441160372193,336.67077175697864,0.016942922722062836,0.9999999999999999,1.0,0.9999999999999999,34,8,2.2454074214565365,0,2.2454074214565365,False,False,False,True,0,362,13,0.4,0.3,0.3,balanced
1781432565017.456,0.4,0.3,0.3,617.2119309262166,639.1111111111111,0.12344238618524332,274.59876543209873,335.9876543209877,0.017651685485797115,0.9999999999999999,1.0,0.9999999999999999,35,8,2.2453275398801633,0,2.2453275398801633,False,False,False,True,0,363,13,0.4,0.3,0.3,balanced
1781432567742.313,0.4,0.3,0.3,613.8320251177394,634.2222222222222,0.12276640502354787,293.198797087686,367.3741690408357,0.01889251481572288,0.9999999999999999,1.0,0.9999999999999999,37,8,2.245225683545864,0,2.245225683545864,False,False,False,True,0,364,13,0.4,0.3,0.3,balanced
1781432570463.867,0.4,0.3,0.3,611.4583987441131,632.0,0.12229167974882262,339.98727219282773,399.1573780129336,0.02201382736443147,0.9879062736205592,0.9917695473251028,0.9879062736205592,38,8,2.240851061977309,0,2.240851061977309,False,False,False,True,0,365,13,0.4,0.3,0.3,balanced
1781432573186.754,0.4,0.3,0.3,606.668759811617,626.7777777777778,0.12133375196232339,305.3769841269841,392.7880658436214,0.019704935565509278,0.9999999999999999,1.0,0.9999999999999999,40,8,2.2455550185454176,0,2.2455550185454176,False,False,False,True,0,366,13,0.4,0.3,0.3,balanced
1781432575910.889,0.4,0.3,0.3,608.7598116169545,629.3333333333334,0.1217519623233909,311.62110523221634,389.5429159318048,0.02012148800748608,0.9999999999999999,1.0,0.9999999999999999,38,8,2.2452627686683977,1,2.2452627686683977,False,False,False,True,0,367,13,0.4,0.3,0.3,balanced
1781432578635.648,0.4,0.3,0.3,605.7802197802198,624.8888888888889,0.12115604395604396,325.87742504409164,421.78865373309816,0.021072543365182897,0.9999999999999999,1.0,0.9999999999999999,40,8,2.2452158194080276,0,2.2452158194080276,False,False,False,True,0,368,13,0.4,0.3,0.3,balanced
1781432584937.022,0.4,0.3,0.3,603.8775510204082,622.6666666666666,0.12077551020408164,384.2776308054085,478.88594944150503,0.02496848771216868,0.9999999999999999,1.0,0.9999999999999999,41,8,2.2441992496047165,0,2.2441992496047165,False,False,False,True,0,369,13,0.4,0.3,0.3,balanced
1781432587659.628,0.4,0.3,0.3,603.1428571428571,621.1111111111111,0.12062857142857142,1347.7851263962373,1527.39417989418,0.08924517187433204,0.9960554371002134,0.9960317460317462,0.9960554371002134,43,8,2.223791650996336,0,2.223791650996336,False,False,False,True,0,370,13,0.4,0.3,0.3,balanced
1781432590381.4138,0.4,0.3,0.3,600.6216640502355,618.6666666666666,0.1201243328100471,362.00396825396825,446.031746031746,0.023482586274447517,0.9999999999999999,1.0,0.9999999999999999,44,8,2.244905490993647,0,2.244905490993647,False,False,False,True,0,371,13,0.4,0.3,0.3,balanced
1781432593094.9658,0.4,0.3,0.3,596.9262166405024,613.3333333333334,0.11938524332810048,423.34838533114396,540.8825944170771,0.027574942316954232,0.9999999999999999,1.0,0.9999999999999999,46,8,2.2439734199736736,0,2.2439734199736736,False,False,False,True,0,372,13,0.4,0.3,0.3,balanced
1781432595812.8008,0.4,0.3,0.3,599.9466248037677,617.4444444444445,0.11998932496075354,392.2457378012933,490.5482069370958,0.02550004921956593,0.9999999999999999,1.0,0.9999999999999999,44,8,2.244354255249829,1,2.244354255249829,False,False,False,True,0,373,13,0.4,0.3,0.3,balanced
1781432598534.771,0.4,0.3,0.3,603.8492537313433,618.7777777777778,0.12076985074626866,390.64503579209463,473.40094062316285,0.02539326456251465,1.0000000000000002,1.0,1.0,43,8,2.244074080332738,1,2.244074080332738,False,False,False,True,0,374,13,0.4,0.3,0.3,balanced
1781432601256.719,0.4,0.3,0.3,604.3783359497644,623.2222222222222,0.12087566718995288,374.8280423280424,469.03439153439155,0.024338094885126244,0.9999999999999999,1.0,0.9999999999999999,41,8,2.244348304658481,1,2.244348304658481,False,False,False,True,0,375,13,0.4,0.3,0.3,balanced
1781432603975.62,0.4,0.3,0.3,602.4788069073783,620.4444444444445,0.12049576138147565,368.4905937683716,463.01440329218104,0.023915316462199573,0.9999999999999999,1.0,0.9999999999999999,43,8,2.2446271005087497,0,2.2446271005087497,False,False,False,True,0,376,13,0.4,0.3,0.3,balanced
1781432606690.839,0.4,0.3,0.3,601.9200355397602,617.6666666666666,0.12038400710795204,516.2125132742949,626.6044743535165,0.03377001422777151,0.978239536102708,0.9839800117577896,0.978239536102708,44,8,2.2351872537193,0,2.2351872537193,False,False,False,True,0,377,13,0.4,0.3,0.3,balanced
1781432609411.5168,0.4,0.3,0.3,598.8744113029827,615.6666666666666,0.11977488226059654,394.16666666666663,479.72222222222223,0.025628196575494772,0.9999999999999999,1.0,0.9999999999999999,46,8,2.2444015881231127,0,2.2444015881231127,False,False,False,True,0,378,13,0.4,0.3,0.3,balanced
1781432612134.629,0.4,0.3,0.3,597.0643642072213,613.2222222222222,0.11941287284144425,421.03243021346464,539.8344280240832,0.02742044230910371,0.9999999999999999,1.0,0.9999999999999999,47,8,2.244008718170691,0,2.244008718170691,False,False,False,True,0,379,13,0.4,0.3,0.3,balanced
1781432614855.24,0.4,0.3,0.3,596.4050235478807,612.5555555555555,0.11928100470957613,444.2261904761904,565.1984126984127,0.028967724514755867,0.9999999999999999,1.0,0.9999999999999999,49,8,2.2435972807617426,0,2.2435972807617426,False,False,False,True,0,380,13,0.4,0.3,0.3,balanced
1781432621258.9321,0.4,0.3,0.3,506.94348508634215,549.1111111111111,0.10138869701726844,383.9229390681003,439.5663082437276,0.024944825821754522,0.8398744113029826,0.8888888888888888,0.8398744113029826,50,8,2.203923396837461,0,2.203923396837461,False,False,False,True,0,381,13,0.4,0.3,0.3,balanced
1781432624083.7048,0.4,0.3,0.3,507.01412872841445,551.2222222222222,0.10140282574568289,378.6051373954599,437.6045400238949,0.02459006920583455,0.836734693877551,0.8888888888888888,0.836734693877551,49,8,2.2030822571032416,1,2.2030822571032416,False,False,False,True,0,382,13,0.4,0.3,0.3,balanced
1781432626706.103,0.4,0.3,0.3,594.5510204081633,610.0,0.11891020408163265,409.1555872111427,519.4159544159543,0.02662812456378537,0.9999999999999999,1.0,0.9999999999999999,50,8,2.244447480998211,0,2.244447480998211,False,False,False,True,0,383,13,0.4,0.3,0.3,balanced
1781432629328.469,0.4,0.3,0.3,593.1978021978023,607.7777777777778,0.11863956043956045,441.7695473251029,555.5144032921811,0.02880383904770533,0.9999999999999999,1.0,0.9999999999999999,52,8,2.2439030241098643,0,2.2439030241098643,False,False,False,True,0,384,13,0.4,0.3,0.3,balanced
1781432631951.129,0.4,0.3,0.3,590.5525902668759,605.6666666666666,0.11811051805337518,512.2863247863247,669.8781259892371,0.03350809371489825,0.9999999999999999,1.0,0.9999999999999999,53,8,2.2427033646641803,0,2.2427033646641803,False,False,False,True,0,385,13,0.4,0.3,0.3,balanced
1781432634575.0288,0.4,0.3,0.3,590.5180533751962,604.1111111111111,0.11810361067503924,513.7345679012345,635.2160493827162,0.03360470766519243,0.9999999999999999,1.0,0.9999999999999999,55,8,2.2426771434304267,0,2.2426771434304267,False,False,False,True,0,386,13,0.4,0.3,0.3,balanced
1781432637196.4368,0.4,0.3,0.3,589.8367346938776,603.4444444444445,0.11796734693877552,463.33333333333337,573.0452674897119,0.030242383811429845,0.9999999999999999,1.0,0.9999999999999999,56,8,2.2437403460810605,0,2.2437403460810605,False,False,False,True,0,387,13,0.4,0.3,0.3,balanced
1781432639818.443,0.4,0.3,0.3,585.7503924646782,599.0,0.11715007849293563,533.3759553203997,654.8706643151087,0.03491500702604401,0.9999999999999999,1.0,0.9999999999999999,58,8,2.2426654664950125,0,2.2426654664950125,False,False,False,True,0,388,13,0.4,0.3,0.3,balanced
1781432642440.573,0.4,0.3,0.3,587.1915227629513,600.7777777777778,0.11743830455259026,644.6814091258535,772.9456654456654,0.04234032082227175,0.9942812289751064,0.9960317460317462,0.9942812289751064,59,8,2.2386069506248143,0,2.2386069506248143,False,False,False,True,0,389,13,0.4,0.3,0.3,balanced
1781432645064.283,0.4,0.3,0.3,584.3014128728414,597.7777777777778,0.11686028257456828,554.7104644326865,675.0176366843034,0.036338256466490096,0.9999999999999999,1.0,0.9999999999999999,61,8,2.2423544100302255,0,2.2423544100302255,False,False,False,True,0,390,13,0.4,0.3,0.3,balanced
1781432647688.376,0.4,0.3,0.3,582.2621664050235,594.5555555555555,0.11645243328100471,603.0518812463257,718.399470899471,0.03956316752810712,0.9999999999999999,1.0,0.9999999999999999,64,8,2.241550076429166,0,2.241550076429166,False,False,False,True,0,391,13,0.4,0.3,0.3,balanced
1781432659796.9429,0.4,0.3,0.3,591.640502354788,610.3333333333334,0.11832810047095761,4633.689008439438,4592.334174269243,0.3084515682748124,0.2195871220401933,0.21081421162126723,0.2195871220401933,61,8,1.9260094259412313,1,1.9260094259412313,False,False,False,True,0,392,13,0.4,0.3,0.3,balanced
1781432662411.285,0.4,0.3,0.3,581.6499215070644,594.4444444444445,0.11632998430141288,680.6341857730747,816.7115497671053,0.04473877156591559,0.9940694226408511,0.9958847736625513,0.9940694226408511,64,8,2.2382672016019156,0,2.2382672016019156,False,False,False,True,0,393,13,0.4,0.3,0.3,balanced
1781432665034.9219,0.4,0.3,0.3,581.5981161695447,593.3333333333334,0.11631962323390894,645.2645502645502,798.6287477954145,0.04237922283285858,0.9999999999999999,1.0,0.9999999999999999,65,8,2.240758383856579,0,2.240758383856579,False,False,False,True,0,394,13,0.4,0.3,0.3,balanced
1781432667654.437,0.4,0.3,0.3,580.6467817896389,591.7777777777778,0.11612935635792779,611.1507936507936,738.6904761904763,0.040103455213528594,0.9999999999999999,1.0,0.9999999999999999,67,8,2.2415172208927703,0,2.2415172208927703,False,False,False,True,0,395,13,0.4,0.3,0.3,balanced
1781432670270.093,0.4,0.3,0.3,580.7268445839874,591.7777777777778,0.11614536891679747,566.9738389182833,689.6443268665491,0.037156360167997546,0.9999999999999999,1.0,0.9999999999999999,68,8,2.2423949443828817,0,2.2423949443828817,False,False,False,True,0,396,13,0.4,0.3,0.3,balanced
1781432672894.764,0.4,0.3,0.3,580.2904238618524,591.3333333333334,0.11605808477237049,662.0943562610229,805.7451499118165,0.0435019583896613,0.9999999999999999,1.0,0.9999999999999999,67,8,2.2405261785741533,1,2.2405261785741533,False,False,False,True,0,397,13,0.4,0.3,0.3,balanced
1781432675517.157,0.4,0.3,0.3,582.2386185243328,595.2222222222222,0.11644772370486656,671.4219576719577,772.3471487360378,0.04412421332034407,0.9999999999999999,1.0,0.9999999999999999,65,8,2.2401836465219502,1,2.2401836465219502,False,False,False,True,0,398,13,0.4,0.3,0.3,balanced
1781432678141.279,0.4,0.3,0.3,583.8367346938776,595.6666666666666,0.11676734693877552,576.6666666666666,690.4526748971194,0.0378029797642873,0.9999999999999999,1.0,0.9999999999999999,64,8,2.2419521672952034,1,2.2419521672952034,False,False,False,True,0,399,13,0.4,0.3,0.3,balanced
1781432680763.051,0.4,0.3,0.3,586.0141287284143,598.8888888888889,0.11720282574568287,548.5780423280423,660.0925925925926,0.03592915559226433,0.9958510876878223,0.9960317460317462,0.9958510876878223,61,8,2.2410954493303943,1,2.2410954493303943,False,False,False,True,0,400,13,0.4,0.3,0.3,balanced
1781432683382.468,0.4,0.3,0.3,584.4505494505494,597.2222222222222,0.11689010989010988,557.336125808348,655.0837742504409,0.036513417332111275,0.9999999999999999,1.0,0.9999999999999999,59,8,2.2422899308443225,1,2.2422899308443225,False,False,False,True,0,401,13,0.4,0.3,0.3,balanced
1781432686007.166,0.4,0.3,0.3,586.5416012558869,600.1111111111111,0.11730832025117738,496.54761904761904,612.8439153439153,0.03245814670097525,0.9999999999999999,1.0,0.9999999999999999,58,8,2.2433392278892366,1,2.2433392278892366,False,False,False,True,0,402,13,0.4,0.3,0.3,balanced
1781432692209.6592,0.4,0.3,0.3,587.9215070643642,602.2222222222222,0.11758430141287284,526.7320693709582,655.9832451499119,0.03447178581527407,0.9999999999999999,1.0,0.9999999999999999,56,8,2.2426247436902687,1,2.2426247436902687,False,False,False,True,0,403,13,0.4,0.3,0.3,balanced
1781432695033.597,0.4,0.3,0.3,589.6875981161695,603.7777777777778,0.1179375196232339,8813.098177542623,9028.44356261023,0.5872647216506086,0.9942812289751064,0.9960317460317462,0.9942812289751064,55,8,2.0749299443480558,1,2.0749299443480558,False,False,False,True,0,404,13,0.4,0.3,0.3,balanced
1781432697753.271,0.4,0.3,0.3,588.0816326530612,602.3333333333334,0.11761632653061224,520.7292870319691,636.7924547426463,0.03407133335770307,0.9845566115798347,0.9882320744389711,0.9845566115798347,55,8,2.2380990528543947,2,2.2380990528543947,False,False,False,True,0,405,13,0.4,0.3,0.3,balanced
1781432700373.507,0.4,0.3,0.3,587.905808477237,602.2222222222222,0.1175811616954474,520.264324153213,619.4523583412472,0.03404031515364997,0.9999999999999999,1.0,0.9999999999999999,56,8,2.242755440775726,0,2.242755440775726,False,False,False,True,0,406,13,0.4,0.3,0.3,balanced
1781432702993.9211,0.4,0.3,0.3,587.5839874411303,601.5555555555555,0.11751679748822605,517.8500203500203,660.7844932844932,0.03387925419279655,0.9999999999999999,1.0,0.9999999999999999,55,8,2.2428295047468705,1,2.2428295047468705,False,False,False,True,0,407,13,0.4,0.3,0.3,balanced
1781432705606.157,0.4,0.3,0.3,590.7943485086341,605.6666666666666,0.11815886970172683,517.0544476100031,624.1057296612851,0.03382618062775204,0.9999999999999999,1.0,0.9999999999999999,53,8,2.2425885979309834,1,2.2425885979309834,False,False,False,True,0,408,13,0.4,0.3,0.3,balanced
1781432708227.084,0.4,0.3,0.3,593.1098901098901,607.4444444444445,0.11862197802197802,472.24279835390945,589.3415637860082,0.03083674438651831,0.9999999999999999,1.0,0.9999999999999999,52,8,2.2433001854752534,1,2.2433001854752534,False,False,False,True,0,409,13,0.4,0.3,0.3,balanced
1781432710947.1099,0.4,0.3,0.3,593.2229199372057,608.5555555555555,0.11864458398744114,461.84386973180074,575.0369458128079,0.03014301999545035,0.9999999999999999,1.0,0.9999999999999999,50,8,2.2434992604063884,1,2.2434992604063884,False,False,False,True,0,410,13,0.4,0.3,0.3,balanced
1781432713568.418,0.4,0.3,0.3,591.7205651491365,606.3333333333334,0.11834411302982731,496.2788857233301,608.3364988920544,0.032440219194351576,0.9999999999999999,1.0,0.9999999999999999,52,8,2.2429302890297635,0,2.2429302890297635,False,False,False,True,0,411,13,0.4,0.3,0.3,balanced
1781432716393.593,0.4,0.3,0.3,592.9152276295133,607.7777777777778,0.11858304552590267,574.4276261373035,790.0141531109274,0.03765361081636447,0.9116548476154386,0.9386973180076628,0.9116548476154386,50,8,2.2147671528293613,1,2.2147671528293613,False,False,False,True,0,412,13,0.4,0.3,0.3,balanced
1781432719417.747,0.4,0.3,0.3,594.6766091051805,611.0,0.11893532182103611,925.1898266552997,980.9025291275931,0.061053357348585705,0.8316326530612245,0.8112745098039216,0.8316326530612245,49,8,2.183599659985377,1,2.183599659985377,False,False,False,True,0,413,13,0.4,0.3,0.3,balanced
1781432722140.059,0.4,0.3,0.3,598.1475667189952,614.4444444444445,0.11962951334379904,407.6683087027914,508.6494252873563,0.026528906517864673,0.9999999999999999,1.0,0.9999999999999999,47,8,2.2441895227071207,1,2.2441895227071207,False,False,False,True,0,414,13,0.4,0.3,0.3,balanced
1781432728433.87,0.4,0.3,0.3,596.5054945054944,613.6666666666666,0.11930109890109888,384.04967159277504,480.8579638752053,0.024953280293047036,0.9999999999999999,1.0,0.9999999999999999,46,8,2.2447935763516464,1,2.2447935763516464,False,False,False,True,0,415,13,0.4,0.3,0.3,balanced
1781432731157.388,0.4,0.3,0.3,597.6546310832024,613.8888888888889,0.11953092621664048,388.35249042145597,481.0413245758074,0.02524032624559413,0.9999999999999999,1.0,0.9999999999999999,47,8,2.2446155316396657,0,2.2446155316396657,False,False,False,True,0,416,13,0.4,0.3,0.3,balanced
1781432769895.739,0.4,0.3,0.3,598.1302982731554,615.1111111111111,0.11962605965463108,385.2524630541871,474.8617952928297,0.02503351988353483,0.9999999999999999,1.0,0.9999999999999999,46,8,2.244639520173087,1,2.244639520173087,False,False,False,True,1,417,13,0.4,0.3,0.3,balanced
1781432772619.39,0.4,0.3,0.3,601.7660910518053,619.3333333333334,0.12035321821036107,371.80041152263374,460.23368606701945,0.02413611818029578,0.9942812289751064,0.9960317460317462,0.9942812289751064,44,8,2.2429022459542987,1,2.2429022459542987,False,False,False,True,0,418,13,0.4,0.3,0.3,balanced
1781432775344.006,0.4,0.3,0.3,603.4081632653061,621.1111111111111,0.12068163265306123,365.35273368606704,454.39741328630214,0.023705986236562178,0.9999999999999999,1.0,0.9999999999999999,43,8,2.244615551067807,1,2.244615551067807,False,False,False,True,0,419,13,0.4,0.3,0.3,balanced
1781432778067.8452,0.4,0.3,0.3,605.1569858712716,623.5555555555555,0.12103139717425432,357.12889476778366,446.51969429747203,0.02315736456089284,0.9999999999999999,1.0,0.9999999999999999,41,8,2.2446402317620304,1,2.2446402317620304,False,False,False,True,0,420,13,0.4,0.3,0.3,balanced
1781432780784.954,0.4,0.3,0.3,606.4866562009419,625.6666666666666,0.12129733124018838,366.9253380364491,444.9000587889477,0.0238108964667411,0.9999999999999999,1.0,0.9999999999999999,40,8,2.2443377985639024,1,2.2443377985639024,False,False,False,True,0,421,13,0.4,0.3,0.3,balanced
1781432783609.277,0.4,0.3,0.3,609.0235478806906,628.8888888888889,0.1218047095761381,323.3950617283951,384.074074074074,0.020906942076610747,0.9999999999999999,1.0,0.9999999999999999,38,8,2.2450060335465616,1,2.2450060335465616,False,False,False,True,0,422,13,0.4,0.3,0.3,balanced
1781432786329.182,0.4,0.3,0.3,610.1381475667189,630.3333333333334,0.12202762951334378,316.98486184597294,387.07084068195184,0.020479310329951497,0.9999999999999999,1.0,0.9999999999999999,37,8,2.245045155095677,1,2.245045155095677,False,False,False,True,0,423,13,0.4,0.3,0.3,balanced
1781432790655.621,0.4,0.3,0.3,616.6248037676609,641.6666666666666,0.12332496075353218,2745.962809993346,2934.829864350222,0.1825192001329784,0.4862867425753804,0.5401120924888843,0.4862867425753804,35,8,2.0418002784313076,1,2.0418002784313076,False,False,False,True,0,424,13,0.4,0.3,0.3,balanced
1781432793368.738,0.4,0.3,0.3,616.2904238618523,638.5555555555555,0.12325808477237046,300.9686609686609,359.4666033554922,0.01941085129877658,0.9999999999999999,1.0,0.9999999999999999,34,8,2.2448735107014186,1,2.2448735107014186,False,False,False,True,0,425,13,0.4,0.3,0.3,balanced
1781432799779.561,0.4,0.3,0.3,621.2182103610673,644.7777777777778,0.12424364207221347,271.4313081554461,332.1455938697317,0.01744038079756145,0.9999999999999999,1.0,0.9999999999999999,32,8,2.245070428931846,1,2.245070428931846,False,False,False,True,0,426,13,0.4,0.3,0.3,balanced
1781432802602.982,0.4,0.3,0.3,616.7519623233908,639.0,0.12335039246467816,350.87370005473446,427.77914614121505,0.022740073385906234,0.9999999999999999,1.0,0.9999999999999999,34,8,2.243837820998357,0,2.243837820998357,False,False,False,True,0,427,13,0.4,0.3,0.3,balanced
1781432805316.726,0.4,0.3,0.3,617.1962323390895,639.4444444444445,0.12343924646781791,298.8809749920861,369.61380183602404,0.01927157938572956,0.9999999999999999,1.0,0.9999999999999999,35,8,2.2448428275971537,0,2.2448428275971537,False,False,False,True,0,428,13,0.4,0.3,0.3,balanced
1781432808134.948,0.4,0.3,0.3,617.6530612244898,639.8888888888889,0.12353061224489795,262.8715106732348,324.447181171319,0.016869346942844216,0.9999999999999999,1.0,0.9999999999999999,34,8,2.2455269510191873,1,2.2455269510191873,False,False,False,True,0,429,13,0.4,0.3,0.3,balanced
1781432810856.416,0.4,0.3,0.3,623.8273155416013,648.1111111111111,0.12476546310832025,293.0151946818613,357.6353276353277,0.018880266489783942,0.9999999999999999,1.0,0.9999999999999999,32,8,2.244429734809737,1,2.244429734809737,False,False,False,True,0,430,13,0.4,0.3,0.3,balanced
1781432813668.8162,0.4,0.3,0.3,630.0863422291993,656.3333333333334,0.12601726844583985,273.9381246325691,350.7627865961199,0.017607613384427557,0.9999999999999999,1.0,0.9999999999999999,29,8,2.2443108086063357,1,2.2443108086063357,False,False,False,True,0,431,13,0.4,0.3,0.3,balanced
1781432816693.862,0.4,0.3,0.3,631.1883830455258,658.4444444444445,0.12623767660910518,232.93249701314213,296.3094384707288,0.014872081188335032,0.9044628840547208,0.9047619047619047,0.9044628840547208,28,8,2.216382170216274,1,2.216382170216274,False,False,False,True,0,432,13,0.4,0.3,0.3,balanced
1781432819513.334,0.4,0.3,0.3,639.8759811616954,669.4444444444445,0.12797519623233908,264.02025957581515,327.7033871478316,0.01694598129258273,0.9999999999999999,1.0,0.9999999999999999,26,8,2.2437261271192894,1,2.2437261271192894,False,False,False,True,0,433,13,0.4,0.3,0.3,balanced
1781432822432.6821,0.4,0.3,0.3,643.8602825745683,674.2222222222222,0.12877205651491366,230.5033803644915,286.2845385067607,0.014710032045663209,0.9999999999999999,1.0,0.9999999999999999,25,8,2.2440781677803354,1,2.2440781677803354,False,False,False,True,0,434,13,0.4,0.3,0.3,balanced
1781432825350.6848,0.4,0.3,0.3,654.7708006279435,688.0,0.1309541601255887,197.15020576131684,254.4591416813639,0.012485003719901057,0.9942812289751065,0.9960317460317462,0.9942812289751065,23,8,2.242157203526326,1,2.242157203526326,False,False,False,True,0,435,13,0.4,0.3,0.3,balanced
1781432828267.333,0.4,0.3,0.3,659.8791208791208,694.2222222222222,0.13197582417582415,182.57201646090533,225.1851851851852,0.011512476081447988,0.9999999999999999,1.0,0.9999999999999999,22,8,2.243755927505236,1,2.243755927505236,False,False,False,True,0,436,13,0.4,0.3,0.3,balanced
1781432834871.939,0.4,0.3,0.3,671.392464678179,709.0,0.1342784929356358,148.7793944738389,184.26513815402706,0.009258131719402193,0.9999999999999999,1.0,0.9999999999999999,20,8,2.243511163309925,1,2.243511163309925,False,False,False,True,0,437,13,0.4,0.3,0.3,balanced
1781432837896.554,0.4,0.3,0.3,677.723704866562,717.5555555555555,0.1355447409733124,148.6823927101705,188.70223398001175,0.009251660621092095,0.9999999999999999,1.0,0.9999999999999999,19,8,2.2430066054243474,1,2.2430066054243474,False,False,False,True,0,438,13,0.4,0.3,0.3,balanced
1781432840921.304,0.4,0.3,0.3,693.2715855572998,737.6666666666666,0.13865431711145995,134.681861348528,171.57486546375435,0.00831766920270367,0.9999999999999999,1.0,0.9999999999999999,17,8,2.242042972394605,1,2.242042972394605,False,False,False,True,0,439,13,0.4,0.3,0.3,balanced
1781432844035.322,0.4,0.3,0.3,702.9623233908948,750.6666666666666,0.14059246467817896,113.38036449147559,139.61787184009407,0.006896622047463348,0.9999999999999999,1.0,0.9999999999999999,16,8,2.241694027514489,1,2.241694027514489,False,False,False,True,0,440,13,0.4,0.3,0.3,balanced
1781432847255.9768,0.4,0.3,0.3,723.8210361067504,777.4444444444445,0.14476420722135008,111.97530864197529,139.25925925925924,0.00680288916891096,0.9999999999999999,1.0,0.9999999999999999,14,8,2.2400534503607865,1,2.2400534503607865,False,False,False,True,0,441,13,0.4,0.3,0.3,balanced
1781432850379.019,0.4,0.3,0.3,703.971742543171,750.8888888888889,0.1407943485086342,127.05523899968344,157.26654004431782,0.007808888525662671,0.9999999999999999,1.0,0.9999999999999999,16,8,2.2413395940388474,0,2.2413395940388474,False,False,False,True,0,442,13,0.4,0.3,0.3,balanced
1781432853605.653,0.4,0.3,0.3,726.2354788069074,779.4444444444445,0.14524709576138148,100.57613168724279,129.4238683127572,0.006042437070529873,0.9999999999999999,1.0,0.9999999999999999,14,8,2.2400884305742883,1,2.2400884305742883,False,False,False,True,0,443,13,0.4,0.3,0.3,balanced
1781432856926.627,0.4,0.3,0.3,739.4034536891679,797.1111111111111,0.14788069073783358,100.74368018812463,129.0108759553204,0.006053614422156413,0.9999999999999999,1.0,0.9999999999999999,13,8,2.2390316393782195,1,2.2390316393782195,False,False,False,True,0,444,13,0.4,0.3,0.3,balanced
1781432861153.971,0.4,0.3,0.3,519.6750392464677,561.7777777777778,0.10393500784929353,62.6239837398374,77.73848238482385,0.0035106059866469247,0.6703296703296703,0.6666666666666666,0.6703296703296703,11,8,2.1584717161631897,1,2.1584717161631897,False,False,False,True,0,445,13,0.4,0.3,0.3,balanced
1781432864681.979,0.4,0.3,0.3,798.2778649921506,873.1111111111111,0.1596555729984301,79.32980599647266,96.43151087595533,0.00462507044672933,0.9999999999999999,1.0,0.9999999999999999,10,8,2.234750249666609,1,2.234750249666609,False,False,False,True,0,446,13,0.4,0.3,0.3,balanced
1781432871684.867,0.4,0.3,0.3,774.392464678179,842.8888888888889,0.1548784929356358,96.15299823633156,123.21575543797765,0.005747364792283626,0.9999999999999999,1.0,0.9999999999999999,11,8,2.2363243933880605,0,2.2363243933880605,False,False,False,True,0,447,13,0.4,0.3,0.3,balanced
1781432874900.434,0.4,0.3,0.3,738.684458398744,796.4444444444445,0.1477368916797488,123.80104463437796,173.81924659702437,0.007591797507296728,0.9999999999999999,1.0,0.9999999999999999,13,8,2.2386277040759115,0,2.2386277040759115,False,False,False,True,0,448,13,0.4,0.3,0.3,balanced
1781432878123.776,0.4,0.3,0.3,725.0455259026687,778.8888888888889,0.14500910518053375,134.9661963550852,187.0870076425632,0.008336637515349247,0.9999999999999999,1.0,0.9999999999999999,14,8,2.239495366673182,0,2.239495366673182,False,False,False,True,0,449,13,0.4,0.3,0.3,balanced
1781432881240.518,0.4,0.3,0.3,701.7205651491365,748.5555555555555,0.1403441130298273,174.91843033509699,222.6851851851852,0.011001896620086523,0.9999999999999999,1.0,0.9999999999999999,16,8,2.240561785802043,0,2.240561785802043,False,False,False,True,0,450,13,0.4,0.3,0.3,balanced
1781432884454.4412,0.4,0.3,0.3,725.6091051805338,779.4444444444445,0.14512182103610677,145.3373015873016,187.13844797178132,0.009028505776337665,0.9960192868356132,0.9960317460317462,0.9960192868356132,14,8,2.23804850590334,1,2.23804850590334,False,False,False,True,0,451,13,0.4,0.3,0.3,balanced
1781432887576.546,0.4,0.3,0.3,704.1978021978022,750.7777777777778,0.14083956043956045,199.10126396237507,246.48295120517344,0.012615161038183794,0.9999999999999999,1.0,0.9999999999999999,16,8,2.2398796275127206,0,2.2398796275127206,False,False,False,True,0,452,13,0.4,0.3,0.3,balanced
1781432890592.343,0.4,0.3,0.3,693.4395604395604,737.4444444444445,0.1386879120879121,185.04273504273505,229.56315289648623,0.01167730053654003,0.9999999999999999,1.0,0.9999999999999999,17,8,2.241021645003873,0,2.241021645003873,False,False,False,True,0,453,13,0.4,0.3,0.3,balanced
1781432893715.389,0.4,0.3,0.3,702.7864992150706,750.1111111111111,0.14055729984301413,158.47075249853026,200.14991181657848,0.00990465326874785,0.9999999999999999,1.0,0.9999999999999999,16,8,2.24080568408217,1,2.24080568408217,False,False,False,True,0,454,13,0.4,0.3,0.3,balanced
1781432897040.151,0.4,0.3,0.3,697.2967032967033,741.8888888888889,0.13945934065934065,268.1766697120903,333.8865462553002,0.017223260154242182,0.8856130045070136,0.9053763440860215,0.8856130045070136,17,8,2.204733187042095,0,2.204733187042095,False,False,False,True,0,455,13,0.4,0.3,0.3,balanced
1781432900052.916,0.4,0.3,0.3,678.5541601255887,717.5555555555555,0.13571083202511774,189.82544204766427,236.95982001537556,0.011996360376762126,0.9999999999999999,1.0,0.9999999999999999,19,8,2.242116759076924,0,2.242116759076924,False,False,False,True,0,456,13,0.4,0.3,0.3,balanced
1781432906658.029,0.4,0.3,0.3,672.5792778649922,709.8888888888889,0.13451585557299842,166.086860670194,204.94855967078192,0.010412732533034957,0.9999999999999999,1.0,0.9999999999999999,20,8,2.24306983801089,0,2.24306983801089,False,False,False,True,0,457,13,0.4,0.3,0.3,balanced
1781432909580.895,0.4,0.3,0.3,658.6310832025117,693.7777777777778,0.13172621664050235,174.92493103604215,213.5285804730249,0.011002330289262318,0.9939531368102795,0.9958847736625513,0.9939531368102795,22,8,2.2421947553001043,0,2.2421947553001043,False,False,False,True,0,458,13,0.4,0.3,0.3,balanced
1781432912801.979,0.4,0.3,0.3,583.9968602825744,648.5555555555555,0.11679937205651487,137.52240143369173,156.24551971326164,0.00850716487216089,0.8398744113029826,0.8888888888888888,0.8398744113029826,20,8,2.2026904251066406,1,2.2026904251066406,False,False,False,True,0,459,13,0.4,0.3,0.3,balanced
1781432915723.782,0.4,0.3,0.3,659.9309262166405,694.2222222222222,0.1319861852433281,167.6369104146882,211.11744222855333,0.010516138119725698,0.9940694226408512,0.9958847736625513,0.9940694226408512,22,8,2.2422715112590064,0,2.2422715112590064,False,False,False,True,0,460,13,0.4,0.3,0.3,balanced
1781432918744.663,0.4,0.3,0.3,673.0722135007848,711.0,0.13461444270015696,158.2142857142857,191.78571428571428,0.009887544077003716,0.9999999999999999,1.0,0.9999999999999999,20,8,2.243187959696836,1,2.243187959696836,False,False,False,True,0,461,13,0.4,0.3,0.3,balanced
1781432921870.002,0.4,0.3,0.3,571.2448979591837,633.3333333333334,0.11424897959183675,151.43667861409796,171.61290322580646,0.00943540217572368,0.836734693877551,0.8888888888888888,0.836734693877551,22,8,2.2024901956738137,0,2.2024901956738137,False,False,False,True,0,462,13,0.4,0.3,0.3,balanced
1781432924791.62,0.4,0.3,0.3,653.1459968602826,686.5555555555555,0.13062919937205653,171.6269841269841,216.74603174603172,0.010782320488791467,0.9999999999999999,1.0,0.9999999999999999,23,8,2.24451362410454,0,2.24451362410454,False,False,False,True,0,463,13,0.4,0.3,0.3,balanced
1781432927706.0872,0.4,0.3,0.3,644.0439560439561,674.0,0.1288087912087912,213.94988242210462,263.2569077013522,0.013605729314349875,0.9942812289751065,0.9960317460317462,0.9942812289751065,25,8,2.2426791334147103,0,2.2426791334147103,False,False,False,True,0,464,13,0.4,0.3,0.3,balanced
1781432930628.325,0.4,0.3,0.3,652.8084772370487,686.3333333333334,0.13056169544740973,201.0684891240447,251.9312169312169,0.012746396872851548,0.9999999999999999,1.0,0.9999999999999999,23,8,2.2439514027591807,1,2.2439514027591807,False,False,False,True,0,465,13,0.4,0.3,0.3,balanced
1781432933546.67,0.4,0.3,0.3,645.5682888540031,676.1111111111111,0.1291136577708006,210.13888888888886,264.00793650793656,0.013351493588318136,0.9999999999999999,1.0,0.9999999999999999,25,8,2.2443490888151842,0,2.2443490888151842,False,False,False,True,0,466,13,0.4,0.3,0.3,balanced
1781432936368.906,0.4,0.3,0.3,644.9529042386185,675.8888888888889,0.12899058084772372,221.88667299778413,280.5698005698006,0.014135201667630696,0.9999999999999999,1.0,0.9999999999999999,25,8,2.2441632071606215,2,2.2441632071606215,False,False,False,True,0,467,13,0.4,0.3,0.3,balanced
1781432942765.31,0.4,0.3,0.3,641.010989010989,670.0,0.1282021978021978,240.31022475466918,298.8904716682494,0.01536425782219274,0.9999999999999999,1.0,0.9999999999999999,26,8,2.244109843532463,0,2.244109843532463,False,False,False,True,0,468,13,0.4,0.3,0.3,balanced
1781432945589.9912,0.4,0.3,0.3,645.2841444270015,675.7777777777778,0.1290568288854003,234.86071541627095,296.1206077872745,0.015000714837643158,0.9999999999999999,1.0,0.9999999999999999,25,8,2.243877053994547,1,2.243877053994547,False,False,False,True,0,469,13,0.4,0.3,0.3,balanced
1781432984439.6948,0.4,0.3,0.3,640.7676609105181,669.2222222222222,0.12815353218210362,497.16049382716045,543.3744855967078,0.0324990322766618,0.9999999999999999,1.0,0.9999999999999999,26,8,2.23898887744416,0,2.23898887744416,False,False,False,True,1,470,13,0.4,0.3,0.3,balanced
1781432987254.117,0.4,0.3,0.3,632.4599686028257,659.7777777777778,0.12649199372056513,282.7946796002351,357.80276308054084,0.018198444269528692,0.9999999999999999,1.0,0.9999999999999999,28,8,2.2439436692309154,0,2.2439436692309154,False,False,False,True,0,471,13,0.4,0.3,0.3,balanced
1781432990078.136,0.4,0.3,0.3,629.4065934065933,655.6666666666666,0.12588131868131866,268.65152851263963,332.7322163433275,0.017254938526526993,0.9999999999999999,1.0,0.9999999999999999,29,8,2.244470990969514,0,2.244470990969514,False,False,False,True,0,472,13,0.4,0.3,0.3,balanced
1781432992900.605,0.4,0.3,0.3,623.4270015698587,647.3333333333334,0.12468540031397174,272.8123162845385,337.1722516166961,0.017532509425252734,0.9999999999999999,1.0,0.9999999999999999,32,8,2.2448660870468355,0,2.2448660870468355,False,False,False,True,0,473,13,0.4,0.3,0.3,balanced
1781432995725.446,0.4,0.3,0.3,616.1915227629513,638.2222222222222,0.12323830455259026,297.56568144499175,354.1652983032293,0.01918383465276796,0.9999999999999999,1.0,0.9999999999999999,34,8,2.2449495277831333,0,2.2449495277831333,False,False,False,True,0,474,13,0.4,0.3,0.3,balanced
1781432998538.645,0.4,0.3,0.3,621.3092621664049,645.5555555555555,0.12426185243328097,303.3032293377121,371.6365626710455,0.019566593017859377,0.9999999999999999,1.0,0.9999999999999999,32,8,2.24442528112133,1,2.24442528112133,False,False,False,True,0,475,13,0.4,0.3,0.3,balanced
1781433001351.725,0.4,0.3,0.3,629.4379905808476,655.6666666666666,0.1258875981161695,257.91078777189887,308.84332745443857,0.016538411459099324,0.9999999999999999,1.0,0.9999999999999999,29,8,2.2446834373158024,1,2.2446834373158024,False,False,False,True,0,476,13,0.4,0.3,0.3,balanced
1781433004168.9219,0.4,0.3,0.3,621.662480376766,646.1111111111111,0.1243324960753532,299.3924466338259,363.5112205801861,0.019305700242416672,0.9999999999999999,1.0,0.9999999999999999,32,8,2.2444752914971335,0,2.2444752914971335,False,False,False,True,0,477,13,0.4,0.3,0.3,balanced
1781433006889.964,0.4,0.3,0.3,616.7111459968602,638.6666666666666,0.12334222919937203,286.1649256093701,349.1927825261158,0.018423277225441632,0.9999999999999999,1.0,0.9999999999999999,34,8,2.2451361251526185,0,2.2451361251526185,False,False,False,True,0,478,13,0.4,0.3,0.3,balanced
1781433013193.107,0.4,0.3,0.3,615.0204081632652,637.2222222222222,0.12300408163265304,294.8559670781893,365.14403292181066,0.019003066516223435,0.9999999999999999,1.0,0.9999999999999999,35,8,2.2450974473920717,0,2.2450974473920717,False,False,False,True,0,479,13,0.4,0.3,0.3,balanced
1781433015914.285,0.4,0.3,0.3,610.0298273155416,630.6666666666666,0.12200596546310832,387.633744855967,482.88065843621393,0.0251923779090038,0.9999999999999999,1.0,0.9999999999999999,37,8,2.2436399004420555,0,2.2436399004420555,False,False,False,True,0,480,13,0.4,0.3,0.3,balanced
1781433018627.716,0.4,0.3,0.3,609.6562009419152,629.6666666666666,0.12193124018838306,364.51572604350383,461.3124632569077,0.023650148501901523,0.9999999999999999,1.0,0.9999999999999999,38,8,2.244132459374076,0,2.244132459374076,False,False,False,True,0,481,13,0.4,0.3,0.3,balanced
1781433021341.219,0.4,0.3,0.3,605.9811616954473,625.3333333333334,0.12119623233908947,433.68753674309227,544.1784244562022,0.028264678902140912,0.9999999999999999,1.0,0.9999999999999999,40,8,2.243042103393722,0,2.243042103393722,False,False,False,True,0,482,13,0.4,0.3,0.3,balanced
1781433024055.742,0.4,0.3,0.3,606.1491365777081,626.0,0.12122982731554162,370.9200470311581,457.28395061728395,0.024077388060784397,0.9999999999999999,1.0,0.9999999999999999,41,8,2.244284852655548,0,2.244284852655548,False,False,False,True,0,483,13,0.4,0.3,0.3,balanced
1781433026775.492,0.4,0.3,0.3,603.6467817896389,621.3333333333334,0.12072935635792778,365.0992063492064,446.9047619047619,0.02368907313870623,0.9999999999999999,1.0,0.9999999999999999,43,8,2.244601535515217,0,2.244601535515217,False,False,False,True,0,484,13,0.4,0.3,0.3,balanced
1781433029496.722,0.4,0.3,0.3,601.1805337519623,618.2222222222222,0.12023610675039247,342.69841269841265,426.86507936507934,0.022194690640321056,0.9999999999999999,1.0,0.9999999999999999,44,8,2.2452471501077467,0,2.2452471501077467,False,False,False,True,0,485,13,0.4,0.3,0.3,balanced
1781433032215.444,0.4,0.3,0.3,601.2574568288853,619.1111111111111,0.12025149136577706,386.8253968253968,477.2619047619048,0.025138452089752957,0.9999999999999999,1.0,0.9999999999999999,43,8,2.2443578678267633,1,2.2443578678267633,False,False,False,True,0,486,13,0.4,0.3,0.3,balanced
1781433034936.937,0.4,0.3,0.3,600.9026687598115,618.3333333333334,0.1201805337519623,364.20634920634916,447.0238095238095,0.023629509620170058,0.9999999999999999,1.0,0.9999999999999999,44,8,2.2448389336131642,0,2.2448389336131642,False,False,False,True,0,487,13,0.4,0.3,0.3,balanced
1781433037659.762,0.4,0.3,0.3,596.8084772370487,614.1111111111111,0.11936169544740974,419.1269841269841,516.2698412698413,0.02729332782701695,0.9999999999999999,1.0,0.9999999999999999,46,8,2.244067323472931,0,2.244067323472931,False,False,False,True,0,488,13,0.4,0.3,0.3,balanced
1781433040283.605,0.4,0.3,0.3,596.6279434850862,612.8888888888889,0.11932558869701725,430.02611585944913,513.7559354226021,0.028020421338188734,0.9999999999999999,1.0,0.9999999999999999,47,8,2.2438636381197363,0,2.2438636381197363,False,False,False,True,0,489,13,0.4,0.3,0.3,balanced
1781433042997.138,0.4,0.3,0.3,593.5290423861851,609.6666666666666,0.11870580847723702,489.0647235905856,611.2246852764094,0.03195895420884493,0.9999999999999999,1.0,0.9999999999999999,49,8,2.2429299903464517,0,2.2429299903464517,False,False,False,True,0,490,13,0.4,0.3,0.3,balanced
1781433049198.488,0.4,0.3,0.3,593.2276295133438,608.8888888888889,0.11864552590266876,433.4108895220006,526.9199113643558,0.028246223450433663,0.9999999999999999,1.0,0.9999999999999999,50,8,2.2440679226038025,0,2.2440679226038025,False,False,False,True,0,491,13,0.4,0.3,0.3,balanced
1781433051816.005,0.4,0.3,0.3,593.3767660910516,608.1111111111111,0.11867535321821034,472.2251616696061,564.5590828924162,0.0308355678231892,0.9999999999999999,1.0,0.9999999999999999,52,8,2.2432791883657592,0,2.2432791883657592,False,False,False,True,0,492,13,0.4,0.3,0.3,balanced
1781433054434.617,0.4,0.3,0.3,590.0879120879121,604.5555555555555,0.11801758241758241,473.16872427983543,616.4197530864197,0.03089851396129656,0.9999999999999999,1.0,0.9999999999999999,53,8,2.243523412844578,0,2.243523412844578,False,False,False,True,0,493,13,0.4,0.3,0.3,balanced
1781433057059.365,0.4,0.3,0.3,588.9544740973313,603.0,0.11779089481946625,508.2980599647266,621.249265138154,0.033242032018994436,0.9999999999999999,1.0,0.9999999999999999,55,8,2.242911032466515,0,2.242911032466515,False,False,False,True,0,494,13,0.4,0.3,0.3,balanced
1781433059684.925,0.4,0.3,0.3,597.6654820079964,603.8888888888889,0.11953309640159927,1052.6750949667617,1172.8854067742955,0.06955804502780265,1.0,1.0,1.0,53,8,2.2313193479310196,1,2.2313193479310196,False,False,False,True,0,495,13,0.4,0.3,0.3,balanced
1781433062309.597,0.4,0.3,0.3,590.9544740973312,606.1111111111111,0.11819089481946624,489.06220322887,578.1924659702438,0.03195878607263976,0.9999999999999999,1.0,0.9999999999999999,53,8,2.2431360062504213,2,2.2431360062504213,False,False,False,True,0,496,13,0.4,0.3,0.3,balanced
1781433064929.399,0.4,0.3,0.3,589.916797488226,603.8888888888889,0.11798335949764521,471.3411228689005,583.284832451499,0.03077659258631758,0.9999999999999999,1.0,0.9999999999999999,55,8,2.2435736784250464,0,2.2435736784250464,False,False,False,True,0,497,13,0.4,0.3,0.3,balanced
1781433067547.453,0.4,0.3,0.3,591.4128728414441,606.0,0.11828257456828883,459.6296296296296,563.5802469135801,0.029995305512316852,0.9999999999999999,1.0,0.9999999999999999,53,8,2.243688378518989,1,2.243688378518989,False,False,False,True,0,498,13,0.4,0.3,0.3,balanced
1781433070171.898,0.4,0.3,0.3,589.6342229199371,603.3333333333334,0.11792684458398742,488.3068783068782,599.8618459729571,0.031908397485448846,0.9999999999999999,1.0,0.9999999999999999,55,8,2.2432567429207704,0,2.2432567429207704,False,False,False,True,0,499,13,0.4,0.3,0.3,balanced
1781433072996.232,0.4,0.3,0.3,588.6734693877552,601.3333333333334,0.11773469387755103,538.7831541218637,725.3440860215054,0.03527572742640852,0.8799058084772369,0.9166666666666666,0.8799058084772369,56,8,2.206295146764228,0,2.206295146764228,False,False,False,True,0,500,13,0.4,0.3,0.3,balanced
1781433075616.6401,0.4,0.3,0.3,586.3783359497645,600.0,0.1172756671899529,529.0319608375164,634.4565414009859,0.034625214198633514,0.9999999999999999,1.0,0.9999999999999999,58,8,2.2427021688644286,0,2.2427021688644286,False,False,False,True,0,501,13,0.4,0.3,0.3,balanced
1781433078236.728,0.4,0.3,0.3,587.4615384615385,600.8888888888889,0.11749230769230769,576.4013815402703,680.1616696061141,0.03778528229087861,0.9999999999999999,1.0,0.9999999999999999,59,8,2.241667492235813,0,2.241667492235813,False,False,False,True,0,502,13,0.4,0.3,0.3,balanced
1781433080856.717,0.4,0.3,0.3,588.054945054945,601.1111111111111,0.11761098901098901,503.232657260435,623.3921222810111,0.03290411322617979,0.9999999999999999,1.0,0.9999999999999999,58,8,2.2430843704277503,1,2.2430843704277503,False,False,False,True,0,503,13,0.4,0.3,0.3,balanced
1781433087064.2458,0.4,0.3,0.3,585.7582417582416,598.8888888888889,0.11715164835164833,557.1164021164021,671.8636096413874,0.03649875931396945,0.9999999999999999,1.0,0.9999999999999999,59,8,2.24218971286515,0,2.24218971286515,False,False,False,True,0,504,13,0.4,0.3,0.3,balanced
1781433090378.109,0.4,0.3,0.3,339.89638932496075,407.55555555555554,0.06797927786499215,345.9443153955349,348.4314105045812,0.022411228512043687,0.5651491365777079,0.6666666666666666,0.5651491365777079,61,8,2.1356296612737022,0,2.1356296612737022,False,False,False,True,0,505,13,0.4,0.3,0.3,balanced
1781433093102.546,0.4,0.3,0.3,582.5714285714286,594.4444444444445,0.11651428571428571,703.6572622779518,956.1267850923022,0.046274667263372364,0.9085714285714285,0.9377777777777777,0.9085714285714285,64,8,2.2120833141067027,0,2.2120833141067027,False,False,False,True,0,506,13,0.4,0.3,0.3,balanced
1781433095726.622,0.4,0.3,0.3,582.9324960753531,595.2222222222222,0.11658649921507062,553.5111699000588,705.8362727807172,0.03625825016011066,0.9999999999999999,1.0,0.9999999999999999,65,8,2.2424879252659387,0,2.2424879252659387,False,False,False,True,0,507,13,0.4,0.3,0.3,balanced
1781433098349.9702,0.4,0.3,0.3,582.5635792778651,594.8888888888889,0.11651271585557302,716.30291005291,840.0734861845973,0.0471182728520954,0.9999999999999999,1.0,0.9999999999999999,64,8,2.239259431802142,1,2.239259431802142,False,False,False,True,0,508,13,0.4,0.3,0.3,balanced
1781433136994.4749,0.4,0.3,0.3,581.3061224489795,593.7777777777778,0.11626122448979591,600.3762492651382,763.530276308054,0.03938467306638681,0.9999999999999999,1.0,0.9999999999999999,65,8,2.2416801082841653,0,2.2416801082841653,False,False,False,True,1,509,13,0.4,0.3,0.3,balanced
1781433139611.023,0.4,0.3,0.3,581.563579277865,593.0,0.116312715855573,578.6309523809523,711.1507936507937,0.03793401950506686,0.9999999999999999,1.0,0.9999999999999999,67,8,2.2420947078062508,0,2.2420947078062508,False,False,False,True,0,510,13,0.4,0.3,0.3,balanced
1781433142334.993,0.4,0.3,0.3,579.4018838304552,591.1111111111111,0.11588037676609103,818.2193486590039,1075.8780332056194,0.0539172347337561,0.9067055393586004,0.9365079365079365,0.9067055393586004,68,8,2.209484340681017,0,2.209484340681017,False,False,False,True,0,511,13,0.4,0.3,0.3,balanced
1781433144954.556,0.4,0.3,0.3,580.1915227629513,591.5555555555555,0.11603830455259026,663.2286535303776,803.9244663382594,0.043577628654461485,0.9999999999999999,1.0,0.9999999999999999,67,8,2.2405113895826254,1,2.2405113895826254,False,False,False,True,0,512,13,0.4,0.3,0.3,balanced
1781433147578.051,0.4,0.3,0.3,580.596546310832,593.3333333333334,0.11611930926216639,596.187875910098,732.5910098132321,0.03910526190194116,0.9999999999999999,1.0,0.9999999999999999,65,8,2.241820697724551,1,2.241820697724551,False,False,False,True,0,513,13,0.4,0.3,0.3,balanced
1781433150200.676,0.4,0.3,0.3,585.0612244897959,597.2222222222222,0.11701224489795918,571.1346266901822,696.0787771898882,0.0374339310667233,0.9999999999999999,1.0,0.9999999999999999,64,8,2.241964922720799,1,2.241964922720799,False,False,False,True,0,514,13,0.4,0.3,0.3,balanced
1781433156406.009,0.4,0.3,0.3,585.5510204081631,598.2222222222222,0.11711020408163263,553.2502939447384,667.4132863021752,0.03624084682753425,0.9999999999999999,1.0,0.9999999999999999,61,8,2.2422836643190864,1,2.2422836643190864,False,False,False,True,0,515,13,0.4,0.3,0.3,balanced
1781433159026.253,0.4,0.3,0.3,583.7095761381474,596.0,0.11674191522762949,625.6267806267806,773.6247908470131,0.04106916481833093,0.9999999999999999,1.0,0.9999999999999999,64,8,2.2409824844634487,0,2.2409824844634487,False,False,False,True,0,516,13,0.4,0.3,0.3,balanced
1781433161647.889,0.4,0.3,0.3,582.2794348508635,593.7777777777778,0.1164558869701727,606.7901234567901,724.1975308641975,0.039812549930406275,0.9999999999999999,1.0,0.9999999999999999,65,8,2.241473880232809,0,2.241473880232809,False,False,False,True,0,517,13,0.4,0.3,0.3,balanced
1781433164266.1719,0.4,0.3,0.3,582.4568288854003,595.0,0.11649136577708007,596.0082304526748,732.6337448559672,0.03909327754854401,0.9999999999999999,1.0,0.9999999999999999,64,8,2.241675470424605,1,2.241675470424605,False,False,False,True,0,518,13,0.4,0.3,0.3,balanced
1781433166891.153,0.4,0.3,0.3,584.8838304552589,598.0,0.11697676609105179,480.16460905349794,607.7366255144033,0.031365217415176644,0.9999999999999999,1.0,0.9999999999999999,61,8,2.243799728339026,1,2.243799728339026,False,False,False,True,0,519,13,0.4,0.3,0.3,balanced
1781433169505.039,0.4,0.3,0.3,582.2888540031397,594.5555555555555,0.11645777080062794,609.4209288653732,757.4250440917108,0.03998805396033177,0.9999999999999999,1.0,0.9999999999999999,64,8,2.2414204754916494,0,2.2414204754916494,False,False,False,True,0,520,13,0.4,0.3,0.3,balanced
1781433172126.431,0.4,0.3,0.3,583.1789638932496,595.4444444444445,0.11663579277864992,621.4893953782841,748.7052864830644,0.040793155128638035,0.9999999999999999,1.0,0.9999999999999999,61,8,2.2411077363499485,1,2.2411077363499485,False,False,False,True,0,521,13,0.4,0.3,0.3,balanced
1781433174748.915,0.4,0.3,0.3,584.2009419152276,597.5555555555555,0.11684018838304552,594.046149323927,732.0487948265726,0.038962384878180586,0.9999999999999999,1.0,0.9999999999999999,59,8,2.2415752091833276,1,2.2415752091833276,False,False,False,True,0,522,13,0.4,0.3,0.3,balanced
1781433177473.584,0.4,0.3,0.3,586.734693877551,600.3333333333334,0.1173469387755102,600.1758347016967,719.7851669403393,0.0393713031822346,0.9999999999999999,1.0,0.9999999999999999,58,8,2.2412498335351256,1,2.2412498335351256,False,False,False,True,0,523,13,0.4,0.3,0.3,balanced
1781433180197.222,0.4,0.3,0.3,589.6577708006279,603.1111111111111,0.11793155416012557,453.6528461959497,575.2983032293378,0.029596587471377563,0.9999999999999999,1.0,0.9999999999999999,56,8,2.2439484020945364,1,2.2439484020945364,False,False,False,True,0,524,13,0.4,0.3,0.3,balanced
1781433182820.3772,0.4,0.3,0.3,592.265306122449,605.8888888888889,0.1184530612244898,468.9767331433998,585.2437480215258,0.030618861450527005,0.9999999999999999,1.0,0.9999999999999999,55,8,2.243433117075046,1,2.243433117075046,False,False,False,True,0,525,13,0.4,0.3,0.3,balanced
1781433185437.389,0.4,0.3,0.3,590.6326530612246,605.2222222222222,0.11812653061224491,421.1743092298648,555.104350382128,0.027429907220137745,0.9999999999999999,1.0,0.9999999999999999,53,8,2.2445204155890606,1,2.2445204155890606,False,False,False,True,0,526,13,0.4,0.3,0.3,balanced
1781433188253.4412,0.4,0.3,0.3,593.287284144427,608.0,0.1186574568288854,672.5710872162484,778.4032258064517,0.04420087306312531,0.9133089133089133,0.9135802469135802,0.9133089133089133,52,8,2.213269429342182,1,2.213269429342182,False,False,False,True,0,527,13,0.4,0.3,0.3,balanced
1781433194564.034,0.4,0.3,0.3,592.4270015698586,608.4444444444445,0.11848540031397171,408.77741794887385,519.8098988424659,0.026602896460898855,0.9942812289751064,0.9960317460317462,0.9942812289751064,50,8,2.2429093396286737,1,2.2429093396286737,False,False,False,True,0,528,13,0.4,0.3,0.3,balanced
1781433197282.093,0.4,0.3,0.3,591.9262166405022,606.5555555555555,0.11838524332810044,437.1384479717813,534.5105820105821,0.02849489312687,0.9999999999999999,1.0,0.9999999999999999,52,8,2.2440974347306986,0,2.2440974347306986,False,False,False,True,0,529,13,0.4,0.3,0.3,balanced
1781433200114.6318,0.4,0.3,0.3,594.4552590266876,609.4444444444445,0.11889105180533752,422.30232216343325,518.1657848324515,0.0275051582497287,0.9999999999999999,1.0,0.9999999999999999,50,8,2.2441920318029465,1,2.2441920318029465,False,False,False,True,0,530,13,0.4,0.3,0.3,balanced
1781433202866.069,0.4,0.3,0.3,594.5510204081631,610.8888888888889,0.11891020408163262,417.65138154027045,523.1893004115227,0.02719488869514813,0.9999999999999999,1.0,0.9999999999999999,49,8,2.2442774517588022,1,2.2442774517588022,False,False,False,True,0,531,13,0.4,0.3,0.3,balanced
1781433205589.932,0.4,0.3,0.3,598.6420722135007,614.5555555555555,0.11972841444270013,419.32466196355085,496.7445620223398,0.027306515140997387,0.9999999999999999,1.0,0.9999999999999999,47,8,2.2439166796806207,1,2.2439166796806207,False,False,False,True,0,532,13,0.4,0.3,0.3,balanced
1781433208311.5151,0.4,0.3,0.3,597.353218210361,614.1111111111111,0.1194706436420722,441.46972369194594,523.0790711346267,0.02878383747111047,0.9999999999999999,1.0,0.9999999999999999,46,8,2.2435765913018377,1,2.2435765913018377,False,False,False,True,0,533,13,0.4,0.3,0.3,balanced
1781433211036.191,0.4,0.3,0.3,601.4081632653063,618.2222222222222,0.12028163265306126,390.6349206349206,478.8888888888889,0.0253925897688406,0.9999999999999999,1.0,0.9999999999999999,44,8,2.2442695700081234,1,2.2442695700081234,False,False,False,True,0,534,13,0.4,0.3,0.3,balanced
1781433213756.211,0.4,0.3,0.3,604.3171114599686,622.2222222222222,0.12086342229199372,336.49544385655497,417.6234567901235,0.02178088351277885,0.9999999999999999,1.0,0.9999999999999999,43,8,2.2451203660293686,1,2.2451203660293686,False,False,False,True,0,535,13,0.4,0.3,0.3,balanced
1781433216576.336,0.4,0.3,0.3,606.6483516483516,625.3333333333334,0.12132967032967033,370.8111744222855,450.07439062994615,0.02407012504484893,0.9999999999999999,1.0,0.9999999999999999,41,8,2.244247094354677,1,2.244247094354677,False,False,False,True,0,536,13,0.4,0.3,0.3,balanced
1781433219392.9292,0.4,0.3,0.3,608.4207221350078,627.4444444444445,0.12168414442700157,316.9385655496767,401.2257495590829,0.02047622185121259,0.9999999999999999,1.0,0.9999999999999999,40,8,2.2451834756738354,1,2.2451834756738354,False,False,False,True,0,537,13,0.4,0.3,0.3,balanced
1781433222210.819,0.4,0.3,0.3,610.8665620094191,631.0,0.12217331240188382,351.663929939792,434.20634920634916,0.02279279052300147,0.9999999999999999,1.0,0.9999999999999999,38,8,2.244292837882346,1,2.244292837882346,False,False,False,True,0,538,13,0.4,0.3,0.3,balanced
1781433228518.513,0.4,0.3,0.3,611.8461538461537,632.8888888888889,0.12236923076923074,317.50870528648306,398.65463754352646,0.020514256523447835,0.9999999999999999,1.0,0.9999999999999999,37,8,2.244898030735273,1,2.244898030735273,False,False,False,True,0,539,13,0.4,0.3,0.3,balanced
1781433231342.217,0.4,0.3,0.3,615.596546310832,637.2222222222222,0.1231193092621664,273.635741652983,345.8182813355227,0.017587441070912806,0.9999999999999999,1.0,0.9999999999999999,35,8,2.2454760439738597,1,2.2454760439738597,False,False,False,True,0,540,13,0.4,0.3,0.3,balanced
1781433234162.074,0.4,0.3,0.3,618.4882260596546,641.2222222222222,0.12369764521193093,312.9488232074439,382.1825396825397,0.020210061588221744,0.9999999999999999,1.0,0.9999999999999999,34,8,2.244457923438761,1,2.244457923438761,False,False,False,True,0,541,13,0.4,0.3,0.3,balanced
1781433236985.516,0.4,0.3,0.3,622.4568288854003,646.5555555555555,0.12449136577708007,304.944885361552,354.7119341563786,0.019676109763946098,0.9999999999999999,1.0,0.9999999999999999,32,8,2.2443006207599843,1,2.2443006207599843,False,False,False,True,0,542,13,0.4,0.3,0.3,balanced
1781433239801.61,0.4,0.3,0.3,620.335949764521,642.5555555555555,0.12406718995290421,292.8001277139208,369.42346287173876,0.01886591912701273,0.9941690962099125,0.9960317460317462,0.9941690962099125,34,8,2.242964077143708,0,2.242964077143708,False,False,False,True,0,543,13,0.4,0.3,0.3,balanced
1781433242625.312,0.4,0.3,0.3,622.8587127158555,646.0,0.1245717425431711,248.59567901234567,310.0293944738389,0.01591698992744134,0.9999999999999999,1.0,0.9999999999999999,32,8,2.245396206004499,1,2.245396206004499,False,False,False,True,0,544,13,0.4,0.3,0.3,balanced
1781433245449.521,0.4,0.3,0.3,618.9434850863422,641.7777777777778,0.12378869701726844,300.7355967078189,372.30305702527926,0.019395303316065305,0.9999999999999999,1.0,0.9999999999999999,34,8,2.244665930198273,0,2.244665930198273,False,False,False,True,0,545,13,0.4,0.3,0.3,balanced
1781433248276.336,0.4,0.3,0.3,622.6295133437991,646.7777777777778,0.12452590266875982,253.95429159318047,331.13315696649033,0.016274469085602435,0.9999999999999999,1.0,0.9999999999999999,32,8,2.245307298206815,1,2.245307298206815,False,False,False,True,0,546,13,0.4,0.3,0.3,balanced
1781433251090.879,0.4,0.3,0.3,617.9827315541602,640.5555555555555,0.12359654631083204,277.98353909465015,356.1493239271017,0.017877487598042037,0.9942812289751064,0.9960317460317462,0.9942812289751064,34,8,2.2434825038887865,0,2.2434825038887865,False,False,False,True,0,547,13,0.4,0.3,0.3,balanced
1781433253912.4739,0.4,0.3,0.3,621.6703296703297,645.2222222222222,0.12433406593406594,271.7328042328042,340.1587301587302,0.017460493944816826,0.9999999999999999,1.0,0.9999999999999999,32,8,2.2450282254429283,1,2.2450282254429283,False,False,False,True,0,548,13,0.4,0.3,0.3,balanced
1781433256738.458,0.4,0.3,0.3,629.0345368916797,655.7777777777778,0.12580690737833594,233.25176366843033,306.9929453262787,0.0148933798311161,0.9999999999999999,1.0,0.9999999999999999,29,8,2.2452092230993306,1,2.2452092230993306,False,False,False,True,0,549,13,0.4,0.3,0.3,balanced
1781433259760.187,0.4,0.3,0.3,634.4835164835164,661.6666666666666,0.12689670329670327,255.34979423868313,318.0408583186361,0.01636756465901822,0.9999999999999999,1.0,0.9999999999999999,28,8,2.244331049283613,1,2.244331049283613,False,False,False,True,0,550,13,0.4,0.3,0.3,balanced
1781433266267.7651,0.4,0.3,0.3,638.3029827315542,668.0,0.12766059654631082,238.50823045267487,295.273368606702,0.015244044726662766,0.9999999999999999,1.0,0.9999999999999999,26,8,2.244362547963477,1,2.244362547963477,False,False,False,True,0,551,13,0.4,0.3,0.3,balanced
1781433269183.6802,0.4,0.3,0.3,644.701726844584,675.0,0.1289403453689168,211.4367816091954,269.4526546250684,0.013438077492274544,0.9999999999999999,1.0,0.9999999999999999,25,8,2.2443924386047507,1,2.2443924386047507,False,False,False,True,0,552,13,0.4,0.3,0.3,balanced
1781433272097.486,0.4,0.3,0.3,639.7817896389324,669.7777777777778,0.12795635792778648,221.63212815990593,283.2495590828924,0.014118220691121144,0.9999999999999999,1.0,0.9999999999999999,26,8,2.244581990621549,0,2.244581990621549,False,False,False,True,0,553,13,0.4,0.3,0.3,balanced
1781433275219.865,0.4,0.3,0.3,557.8649921507064,615.5555555555555,0.11157299843014128,199.54719235364396,233.38351254480287,0.012644909429862839,0.8398744113029826,0.8888888888888888,0.8398744113029826,25,8,2.2035396511898795,1,2.2035396511898795,False,False,False,True,0,554,13,0.4,0.3,0.3,balanced
1781433278242.421,0.4,0.3,0.3,655.1036106750392,688.5555555555555,0.13102072213500784,186.7063492063492,230.23809523809527,0.011788282135180066,0.9999999999999999,1.0,0.9999999999999999,23,8,2.2440552265054428,1,2.2440552265054428,False,False,False,True,0,555,13,0.4,0.3,0.3,balanced
1781433281066.473,0.4,0.3,0.3,645.8194662480378,676.8888888888889,0.12916389324960756,214.03292181069958,265.50015827793607,0.0136112689666911,0.9999999999999999,1.0,0.9999999999999999,25,8,2.2442510620101497,0,2.2442510620101497,False,False,False,True,0,556,13,0.4,0.3,0.3,balanced
1781433283987.622,0.4,0.3,0.3,652.7645211930926,686.0,0.1305529042386185,172.67636684303352,222.02233980011758,0.010852326006873483,0.9999999999999999,1.0,0.9999999999999999,23,8,2.2445231405024906,1,2.2445231405024906,False,False,False,True,0,557,13,0.4,0.3,0.3,balanced
1781433286906.282,0.4,0.3,0.3,646.3814756671898,676.0,0.12927629513343794,188.61665083887306,234.04558404558404,0.011915720536282391,0.9999999999999999,1.0,0.9999999999999999,25,8,2.24471476578574,0,2.24471476578574,False,False,False,True,0,558,13,0.4,0.3,0.3,balanced
1781433289821.873,0.4,0.3,0.3,653.629513343799,686.2222222222222,0.1307259026687598,212.13991769547323,260.18518518518516,0.013484984502700016,0.9999999999999999,1.0,0.9999999999999999,23,8,2.243664143581686,1,2.243664143581686,False,False,False,True,0,559,13,0.4,0.3,0.3,balanced
1781433293739.1602,0.4,0.3,0.3,394.29827315541604,487.1111111111111,0.07885965463108321,110.08165569750936,119.98228803716607,0.006676561420781145,0.5577210246199793,0.6639566395663956,0.5577210246199793,22,8,2.133769477107326,1,2.133769477107326,False,False,False,True,0,560,13,0.4,0.3,0.3,balanced
1781433300436.929,0.4,0.3,0.3,670.0565149136578,708.0,0.13401130298273156,192.75279247501467,246.02145796590236,0.012191647263176428,0.9999999999999999,1.0,0.9999999999999999,20,8,2.2427379846279543,1,2.2427379846279543,False,False,False,True,0,561,13,0.4,0.3,0.3,balanced
1781433303452.252,0.4,0.3,0.3,675.7802197802198,716.2222222222222,0.13515604395604397,181.5432098765432,230.5761316872428,0.011443843220583267,0.9999999999999999,1.0,0.9999999999999999,19,8,2.242504429451407,1,2.242504429451407,False,False,False,True,0,562,13,0.4,0.3,0.3,balanced
1781433306575.541,0.4,0.3,0.3,692.0518053375196,736.5555555555555,0.1384103610675039,160.32333921222812,199.51793062904176,0.010028241441776392,0.9999999999999999,1.0,0.9999999999999999,17,8,2.2416273831404654,1,2.2416273831404654,False,False,False,True,0,563,13,0.4,0.3,0.3,balanced
1781433309595.9111,0.4,0.3,0.3,677.4332810047096,717.4444444444445,0.1354866562009419,166.9370958259847,209.83539094650206,0.010469452690192442,0.9999999999999999,1.0,0.9999999999999999,19,8,2.2426645017125653,0,2.2426645017125653,False,False,False,True,0,564,13,0.4,0.3,0.3,balanced
1781433312711.8271,0.4,0.3,0.3,692.0612244897958,735.8888888888889,0.13841224489795917,174.43930041152265,226.0831863609641,0.010969933316312385,0.9999999999999999,1.0,0.9999999999999999,17,8,2.2413441220459225,1,2.2413441220459225,False,False,False,True,0,565,13,0.4,0.3,0.3,balanced
1781433315724.8298,0.4,0.3,0.3,676.1711145996859,715.8888888888889,0.13523422291993717,190.5761316872428,238.80658436213992,0.012046439738975503,0.9999999999999999,1.0,0.9999999999999999,19,8,2.2422923789103324,0,2.2422923789103324,False,False,False,True,0,566,13,0.4,0.3,0.3,balanced
1781433318838.8928,0.4,0.3,0.3,690.7645211930925,735.2222222222222,0.1381529042386185,191.5726043503821,262.6572604350382,0.012112915567070188,0.9999999999999999,1.0,0.9999999999999999,17,8,2.2411049636344313,1,2.2411049636344313,False,False,False,True,0,567,13,0.4,0.3,0.3,balanced
1781433321956.2969,0.4,0.3,0.3,702.7959183673469,749.8888888888889,0.14055918367346937,184.62595758151312,252.90180436847106,0.011649496836658647,0.9938413235116531,0.9957264957264957,0.9938413235116531,16,8,2.2384338745331105,1,2.2384338745331105,False,False,False,True,0,568,13,0.4,0.3,0.3,balanced
1781433325072.9438,0.4,0.3,0.3,693.1507064364207,737.8888888888889,0.13863014128728415,139.13727219282777,184.02851263962373,0.00861489474268364,0.9999999999999999,1.0,0.9999999999999999,17,8,2.241963475062281,0,2.241963475062281,False,False,False,True,0,569,13,0.4,0.3,0.3,balanced
1781433328491.122,0.4,0.3,0.3,699.8414442700156,747.2222222222222,0.13996828885400311,294.44284120458224,304.5756685290603,0.018975506417917426,0.9292236446217058,0.907428006426894,0.9292236446217058,16,8,2.2170871259195355,1,2.2170871259195355,False,False,False,True,0,570,13,0.4,0.3,0.3,balanced
1781433335389.064,0.4,0.3,0.3,725.6546310832025,779.5555555555555,0.1451309262166405,132.60875955320398,182.64844209288654,0.008179370217024948,0.9999999999999999,1.0,0.9999999999999999,14,8,2.2394938184482363,1,2.2394938184482363,False,False,False,True,0,571,13,0.4,0.3,0.3,balanced
1781433338613.451,0.4,0.3,0.3,701.7001569858712,749.1111111111111,0.14034003139717424,123.63242210464433,160.02057613168725,0.007580548505980275,0.9999999999999999,1.0,0.9999999999999999,16,8,2.241589822889336,0,2.241589822889336,False,False,False,True,0,572,13,0.4,0.3,0.3,balanced
1781433341836.3198,0.4,0.3,0.3,725.4270015698586,779.0,0.1450854003139717,126.440329218107,171.39917695473252,0.007767867192668912,0.9999999999999999,1.0,0.9999999999999999,14,8,2.2396354797166107,1,2.2396354797166107,False,False,False,True,0,573,13,0.4,0.3,0.3,balanced
1781433345168.938,0.4,0.3,0.3,739.0737833594976,796.8888888888889,0.14781475667189953,131.0809817754262,170.72016460905348,0.00807745041864084,0.9999999999999999,1.0,0.9999999999999999,13,8,2.238450862205648,1,2.238450862205648,False,False,False,True,0,574,13,0.4,0.3,0.3,balanced
1781433348390.717,0.4,0.3,0.3,725.2668759811617,779.0,0.14505337519623232,117.86302175191065,145.13080540858317,0.0071956652269453405,0.9999999999999999,1.0,0.9999999999999999,14,8,2.2398199503534233,0,2.2398199503534233,False,False,False,True,0,575,13,0.4,0.3,0.3,balanced
1781433351705.187,0.4,0.3,0.3,739.9576138147567,797.7777777777778,0.14799152276295133,908.3838692172025,840.0552842219508,0.05993221275631771,0.9860830779198126,0.9878012933568487,0.9860830779198126,13,8,2.218648650443868,1,2.218648650443868,False,False,False,True,0,576,13,0.4,0.3,0.3,balanced
1781433355230.814,0.4,0.3,0.3,773.4850863422291,841.4444444444445,0.1546970172684458,124.08730158730158,164.8015873015873,0.00761089403517689,0.9942812289751065,0.9960317460317462,0.9942812289751065,11,8,2.2341222935746003,1,2.2341222935746003,False,False,False,True,0,577,13,0.4,0.3,0.3,balanced
1781433359450.409,0.4,0.3,0.3,622.8854003139716,752.4444444444445,0.12457708006279432,81.06437389770724,87.0379188712522,0.004740785450147248,0.6766091051805336,0.7777777777777778,0.6766091051805336,10,8,2.151729663893998,1,2.151729663893998,False,False,False,True,0,578,13,0.4,0.3,0.3,balanced
1781433363270.56,0.4,0.3,0.3,715.4207221350077,730.8888888888889,0.14308414442700154,103.06507616487454,135.23185483870967,0.006208477395922251,0.9419152276295132,0.8888888888888888,0.9419152276295132,11,8,2.223478367299277,0,2.223478367299277,False,False,False,True,0,579,13,0.4,0.3,0.3,balanced
1781433366584.969,0.4,0.3,0.3,739.4379905808477,797.5555555555555,0.14788759811616953,115.44023877357209,144.4372088816533,0.007034038610645236,0.9999999999999999,1.0,0.9999999999999999,13,8,2.2387347491703387,0,2.2387347491703387,False,False,False,True,0,580,13,0.4,0.3,0.3,balanced
1781433373706.388,0.4,0.3,0.3,773.8147566718995,842.1111111111111,0.15476295133437992,116.28968253968254,146.38888888888889,0.007090705973294366,0.9999999999999999,1.0,0.9999999999999999,11,8,2.23596760767426,1,2.23596760767426,False,False,False,True,0,581,13,0.4,0.3,0.3,balanced
1781433377127.599,0.4,0.3,0.3,738.4144427001569,796.3333333333334,0.14768288854003137,111.64976484420927,134.46061140505583,0.006781171770794481,0.9999999999999999,1.0,0.9999999999999999,13,8,2.238892493052749,0,2.238892493052749,False,False,False,True,0,582,13,0.4,0.3,0.3,balanced
1781433380357.686,0.4,0.3,0.3,724.4458398744113,778.2222222222222,0.14488916797488224,108.25396825396824,133.5758377425044,0.006554634306468862,0.9999999999999999,1.0,0.9999999999999999,14,8,2.2400779425181065,0,2.2400779425181065,False,False,False,True,0,583,13,0.4,0.3,0.3,balanced
1781433383474.9,0.4,0.3,0.3,703.85557299843,750.2222222222222,0.140771114599686,115.17727128838239,146.50522317188984,0.007016495749725309,0.9999999999999999,1.0,0.9999999999999999,16,8,2.241586605435208,0,2.241586605435208,False,False,False,True,0,584,13,0.4,0.3,0.3,balanced
1781433386596.262,0.4,0.3,0.3,693.3312401883829,737.3333333333334,0.13866624803767658,134.0299823633157,165.33362727807173,0.008274181611962354,0.9999999999999999,1.0,0.9999999999999999,17,8,2.2420512463013407,0,2.2420512463013407,False,False,False,True,0,585,13,0.4,0.3,0.3,balanced
1781433389622.643,0.4,0.3,0.3,675.5902668759811,715.1111111111111,0.13511805337519622,4609.958847736625,4583.7448559670775,0.3068685021838976,0.9999999999999999,1.0,0.9999999999999999,19,8,2.1538922279947523,0,2.1538922279947523,False,False,False,True,0,586,13,0.4,0.3,0.3,balanced
1781433392642.5322,0.4,0.3,0.3,669.204081632653,706.8888888888889,0.1338408163265306,206.70781893004116,256.37860082304525,0.0131226029973343,0.9999999999999999,1.0,0.9999999999999999,20,8,2.2425268925701873,0,2.2425268925701873,False,False,False,True,0,587,13,0.4,0.3,0.3,balanced
1781433395564.11,0.4,0.3,0.3,658.0596546310832,692.6666666666666,0.13161193092621662,229.0859449192783,281.4640709085154,0.014615473310158658,0.9999999999999999,1.0,0.9999999999999999,22,8,2.2429705856364657,0,2.2429705856364657,False,False,False,True,0,588,13,0.4,0.3,0.3,balanced
1781433398481.39,0.4,0.3,0.3,652.4191522762951,685.4444444444445,0.13048383045525902,242.62345679012344,287.67048794826576,0.015518576170121643,0.9999999999999999,1.0,0.9999999999999999,23,8,2.2431508949668597,0,2.2431508949668597,False,False,False,True,0,589,13,0.4,0.3,0.3,balanced
1781433401304.5571,0.4,0.3,0.3,646.1711145996861,676.4444444444445,0.12923422291993722,199.89553656220318,250.47166824944603,0.01266814786939314,0.9999999999999999,1.0,0.9999999999999999,25,8,2.244505866471207,0,2.244505866471207,False,False,False,True,0,590,13,0.4,0.3,0.3,balanced
1781433407799.0652,0.4,0.3,0.3,639.9403453689167,669.4444444444445,0.12798806907378335,209.1549088771311,258.05555555555554,0.01328585115924824,0.9999999999999999,1.0,0.9999999999999999,26,8,2.2448190170227122,0,2.2448190170227122,False,False,False,True,0,591,13,0.4,0.3,0.3,balanced
1781433410711.903,0.4,0.3,0.3,634.9733124018838,661.7777777777778,0.12699466248037677,264.52380952380946,327.2222222222223,0.016979573684043327,0.9999999999999999,1.0,0.9999999999999999,28,8,2.2441082629026363,0,2.2441082629026363,False,False,False,True,0,592,13,0.4,0.3,0.3,balanced
1781433413636.739,0.4,0.3,0.3,639.8744113029827,668.5555555555555,0.12797488226059653,213.47222222222223,264.44444444444446,0.013573864057519829,0.9999999999999999,1.0,0.9999999999999999,26,8,2.2447378878785056,1,2.2447378878785056,False,False,False,True,0,593,13,0.4,0.3,0.3,balanced
1781433416454.8608,0.4,0.3,0.3,631.2605965463108,658.6666666666666,0.12625211930926217,229.82826843937954,289.48084836973726,0.014664994558997968,0.9999999999999999,1.0,0.9999999999999999,28,8,2.2450996539085954,0,2.2450996539085954,False,False,False,True,0,594,13,0.4,0.3,0.3,balanced
1781433419275.331,0.4,0.3,0.3,629.5274725274725,655.8888888888889,0.1259054945054945,234.31951793062902,308.8256907701353,0.014964610935999267,0.9999999999999999,1.0,0.9999999999999999,29,8,2.2451484189170023,0,2.2451484189170023,False,False,False,True,0,595,13,0.4,0.3,0.3,balanced
1781433422095.21,0.4,0.3,0.3,633.5274725274726,660.8888888888889,0.1267054945054945,253.72744539411204,328.05951250395697,0.016259335916885394,0.9999999999999999,1.0,0.9999999999999999,28,8,2.2444400014227366,1,2.2444400014227366,False,False,False,True,0,596,13,0.4,0.3,0.3,balanced
1781433425018.551,0.4,0.3,0.3,629.348508634223,655.5555555555555,0.12586970172684459,273.19444444444446,340.7936507936508,0.017558001630716774,0.9999999999999999,1.0,0.9999999999999999,29,8,2.244384718820047,0,2.244384718820047,False,False,False,True,0,597,13,0.4,0.3,0.3,balanced
1781433463753.698,0.4,0.3,0.3,620.5698587127158,644.0,0.12411397174254317,306.5400443178221,371.8787591009813,0.019782524637613215,0.9999999999999999,1.0,0.9999999999999999,32,8,2.2444196539116987,0,2.2444196539116987,False,False,False,True,1,598,13,0.4,0.3,0.3,balanced
1781433466577.599,0.4,0.3,0.3,617.3547880690737,639.7777777777778,0.12347095761381474,297.7613574165298,364.2747673782157,0.019196888420048686,0.9999999999999999,1.0,0.9999999999999999,34,8,2.2448525504284595,0,2.2448525504284595,False,False,False,True,0,599,13,0.4,0.3,0.3,balanced
1781433469303.336,0.4,0.3,0.3,612.8697017268445,635.3333333333334,0.12257394034536889,312.45590828924156,395.0764256319811,0.020177178671730592,0.9999999999999999,1.0,0.9999999999999999,35,8,2.2449172702603333,0,2.2449172702603333,False,False,False,True,0,600,13,0.4,0.3,0.3,balanced
1781433472127.188,0.4,0.3,0.3,610.8430141287284,631.4444444444445,0.1221686028257457,359.55183563421105,443.54127389568004,0.02331900171008746,0.9999999999999999,1.0,0.9999999999999999,37,8,2.2441368583566756,0,2.2441368583566756,False,False,False,True,0,601,13,0.4,0.3,0.3,balanced
1781433474843.802,0.4,0.3,0.3,609.3218210361067,629.7777777777778,0.12186436420722134,310.9634038800705,388.19664902998244,0.020077612000004703,0.9999999999999999,1.0,0.9999999999999999,38,8,2.24523097071711,0,2.24523097071711,False,False,False,True,0,602,13,0.4,0.3,0.3,balanced
1781433481140.169,0.4,0.3,0.3,607.0627943485086,626.3333333333334,0.12141255886970173,333.14814814814815,406.08171663727217,0.02155758159760828,0.9999999999999999,1.0,0.9999999999999999,40,8,2.2449677019728367,0,2.2449677019728367,False,False,False,True,0,603,13,0.4,0.3,0.3,balanced
1781433483864.051,0.4,0.3,0.3,605.309262166405,624.3333333333334,0.121061852433281,344.5473251028806,420.2469135802469,0.022318033695989368,0.9999999999999999,1.0,0.9999999999999999,41,8,2.2448798489178907,0,2.2448798489178907,False,False,False,True,0,604,13,0.4,0.3,0.3,balanced
1781433486588.064,0.4,0.3,0.3,600.6153846153845,618.3333333333334,0.1201230769230769,354.8559670781893,452.7410346854791,0.023005734961853853,0.9903005158107199,0.9920634920634921,0.9903005158107199,43,8,2.242139203485429,0,2.242139203485429,False,False,False,True,0,605,13,0.4,0.3,0.3,balanced
1781433489411.528,0.4,0.3,0.3,602.3767660910516,619.6666666666666,0.12047535321821033,503.88952745849303,682.1941251596423,0.03294793378642382,0.8858189429618,0.9222222222222223,0.8858189429618,44,8,2.2076711614653286,0,2.2076711614653286,False,False,False,True,0,606,13,0.4,0.3,0.3,balanced
1781433492134.881,0.4,0.3,0.3,597.5259026687597,613.7777777777778,0.11950518053375195,397.9125615763547,504.69211822660094,0.02587808949808904,0.9999999999999999,1.0,0.9999999999999999,46,8,2.2444345009370723,0,2.2444345009370723,False,False,False,True,0,607,13,0.4,0.3,0.3,balanced
1781433494859.428,0.4,0.3,0.3,594.651491365777,610.8888888888889,0.1189302982731554,411.031746031746,511.1507936507937,0.026753285258955706,0.9999999999999999,1.0,0.9999999999999999,47,8,2.244401895113051,0,2.244401895113051,False,False,False,True,0,608,13,0.4,0.3,0.3,balanced
1781433497583.995,0.4,0.3,0.3,598.3532182103611,615.2222222222222,0.11967064364207222,411.3423645320197,501.01395730706076,0.02677400697345028,0.9943701618578465,0.9961685823754789,0.9943701618578465,47,8,2.24241058900849,2,2.24241058900849,False,False,False,True,0,609,13,0.4,0.3,0.3,balanced
1781433500305.684,0.4,0.3,0.3,598.6091051805338,614.8888888888889,0.11972182103610676,384.08730158730157,480.07936507936506,0.02495579063290871,0.9999999999999999,1.0,0.9999999999999999,46,8,2.2446245343956845,1,2.2446245343956845,False,False,False,True,0,610,13,0.4,0.3,0.3,balanced
1781433503024.2769,0.4,0.3,0.3,596.3956043956043,613.1111111111111,0.11927912087912086,416.15695128626163,500.89901477832507,0.027095193548116184,0.9999999999999999,1.0,0.9999999999999999,47,8,2.2441597935839166,0,2.2441597935839166,False,False,False,True,0,611,13,0.4,0.3,0.3,balanced
1781433505747.177,0.4,0.3,0.3,595.9372056514914,612.1111111111111,0.11918744113029828,424.14477285166936,531.7843459222769,0.027628070236935913,0.9999999999999999,1.0,0.9999999999999999,49,8,2.2440366024768,0,2.2440366024768,False,False,False,True,0,612,13,0.4,0.3,0.3,balanced
1781433508468.594,0.4,0.3,0.3,592.596546310832,607.7777777777778,0.11851930926216639,419.94731800766283,521.8828680897645,0.027348053236001525,0.9999999999999999,1.0,0.9999999999999999,50,8,2.244387860324333,0,2.244387860324333,False,False,False,True,0,613,13,0.4,0.3,0.3,balanced
1781433514671.647,0.4,0.3,0.3,593.3626373626372,608.8888888888889,0.11867252747252743,391.5250079138968,492.15099715099717,0.025451968506597516,0.9999999999999999,1.0,0.9999999999999999,49,8,2.24489539845901,1,2.24489539845901,False,False,False,True,0,614,13,0.4,0.3,0.3,balanced
1781433517396.5571,0.4,0.3,0.3,591.4458398744113,606.8888888888889,0.11828916797488226,494.91379310344826,606.6735084838533,0.032349152308435505,0.9999999999999999,1.0,0.9999999999999999,50,8,2.2429795871175164,0,2.2429795871175164,False,False,False,True,0,615,13,0.4,0.3,0.3,balanced
1781433520020.2761,0.4,0.3,0.3,591.1805337519622,606.0,0.11823610675039245,501.5968547912992,612.9041740152852,0.032794986977404884,0.9999999999999999,1.0,0.9999999999999999,52,8,2.2428670612066215,0,2.2428670612066215,False,False,False,True,0,616,13,0.4,0.3,0.3,balanced
1781433522640.6082,0.4,0.3,0.3,589.6671899529041,604.4444444444445,0.11793343799058081,507.8600823045267,624.5443856554967,0.03321281402965488,0.9999999999999999,1.0,0.9999999999999999,53,8,2.242862780594871,0,2.242862780594871,False,False,False,True,0,617,13,0.4,0.3,0.3,balanced
1781433525362.119,0.4,0.3,0.3,589.1585557299843,603.1111111111111,0.11783171114599686,482.2448002189381,578.8245758073344,0.03150398934082309,0.9999999999999999,1.0,0.9999999999999999,55,8,2.243416118739354,0,2.243416118739354,False,False,False,True,0,618,13,0.4,0.3,0.3,balanced
1781433527982.782,0.4,0.3,0.3,587.1067503924647,600.7777777777778,0.11742135007849294,537.7342513453624,637.6859765748654,0.03520575392564125,0.9940694226408511,0.9958847736625513,0.9940694226408511,56,8,2.240690560583166,0,2.240690560583166,False,False,False,True,0,619,13,0.4,0.3,0.3,balanced
1781433530601.4558,0.4,0.3,0.3,587.4646781789637,600.4444444444445,0.11749293563579274,495.5776014109347,596.2624926513814,0.03239343571787423,0.9999999999999999,1.0,0.9999999999999999,58,8,2.2432847950303207,0,2.2432847950303207,False,False,False,True,0,620,13,0.4,0.3,0.3,balanced
1781433533224.0378,0.4,0.3,0.3,584.414442700157,598.7777777777778,0.1168828885400314,545.2057613168723,647.9012345679012,0.035704186879044184,0.9999999999999999,1.0,0.9999999999999999,56,8,2.242535588520274,1,2.242535588520274,False,False,False,True,0,621,13,0.4,0.3,0.3,balanced
1781433535851.53,0.4,0.3,0.3,588.2009419152276,601.6666666666666,0.11764018838304553,513.3254194365305,625.8736942070276,0.03357741290437161,0.9940694226408512,0.9958847736625513,0.9940694226408512,58,8,2.2410915275677254,0,2.2410915275677254,False,False,False,True,0,622,13,0.4,0.3,0.3,balanced
1781433538476.764,0.4,0.3,0.3,586.3893249607535,599.6666666666666,0.11727786499215069,525.5041152263375,628.4332745443857,0.03438986759348482,0.9999999999999999,1.0,0.9999999999999999,59,8,2.2427718937250942,0,2.2427718937250942,False,False,False,True,0,623,13,0.4,0.3,0.3,balanced
1781433541100.024,0.4,0.3,0.3,585.5243328100471,598.3333333333334,0.11710486656200941,590.4504703115815,691.5593768371546,0.03872251302945841,0.9999999999999999,1.0,0.9999999999999999,61,8,2.2415412994663586,0,2.2415412994663586,False,False,False,True,0,624,13,0.4,0.3,0.3,balanced
1781433543721.128,0.4,0.3,0.3,582.7331240188382,595.4444444444445,0.11654662480376765,586.3345091122868,698.0188124632568,0.03844793256252747,0.9999999999999999,1.0,0.9999999999999999,64,8,2.2418469703097346,0,2.2418469703097346,False,False,False,True,0,625,13,0.4,0.3,0.3,balanced
1781433546339.074,0.4,0.3,0.3,582.3783359497644,594.1111111111111,0.11647566718995288,602.664609053498,747.5102880658436,0.03953733215833876,0.9999999999999999,1.0,0.9999999999999999,65,8,2.241548533476517,0,2.241548533476517,False,False,False,True,0,626,13,0.4,0.3,0.3,balanced
1781433552543.238,0.4,0.3,0.3,580.4034536891679,591.8888888888889,0.11608069073783359,603.6926807760141,743.4803057025279,0.039605915995731426,0.9999999999999999,1.0,0.9999999999999999,67,8,2.241685948906147,0,2.241685948906147,False,False,False,True,0,627,13,0.4,0.3,0.3,balanced
1781433555164.063,0.4,0.3,0.3,579.4709576138147,591.1111111111111,0.11589419152276294,672.6479898702121,824.7261791706236,0.04420600332689874,0.9999999999999999,1.0,0.9999999999999999,68,8,2.240380522392825,0,2.240380522392825,False,False,False,True,0,628,13,0.4,0.3,0.3,balanced
1781433557789.428,0.4,0.3,0.3,581.3563579277866,592.7777777777778,0.11627127158555732,627.9781689503911,774.1576222131778,0.04122602861576992,0.9999999999999999,1.0,0.9999999999999999,67,8,2.241123682781046,1,2.241123682781046,False,False,False,True,0,629,13,0.4,0.3,0.3,balanced
1781433560414.426,0.4,0.3,0.3,581.0298273155415,593.7777777777778,0.11620596546310831,581.7239858906526,719.5091122868901,0.038140359298909444,0.9999999999999999,1.0,0.9999999999999999,65,8,2.242075506025084,1,2.242075506025084,False,False,False,True,0,630,13,0.4,0.3,0.3,balanced
1781433563041.5608,0.4,0.3,0.3,581.7912087912086,593.5555555555555,0.11635824175824173,565.5026455026455,697.2001763668429,0.03705821517696101,0.9999999999999999,1.0,0.9999999999999999,64,8,2.242339238743615,1,2.242339238743615,False,False,False,True,0,631,13,0.4,0.3,0.3,balanced
1781433565663.487,0.4,0.3,0.3,581.8210361067504,594.4444444444445,0.11636420722135007,552.1244855967078,693.9814814814815,0.03616574286835943,0.9999999999999999,1.0,0.9999999999999999,61,8,2.242604594250952,1,2.242604594250952,False,False,False,True,0,632,13,0.4,0.3,0.3,balanced
1781433568381.8892,0.4,0.3,0.3,583.5777080062793,596.7777777777778,0.11671554160125586,648.1143951833607,815.4898741105637,0.042569339238382964,0.9999999999999999,1.0,0.9999999999999999,59,8,2.240542981587983,1,2.240542981587983,False,False,False,True,0,633,13,0.4,0.3,0.3,balanced
1781433571008.8652,0.4,0.3,0.3,586.248037676609,599.2222222222222,0.11724960753532179,556.2272192827749,685.1822457378013,0.03643944091279352,0.9999999999999999,1.0,0.9999999999999999,58,8,2.242168324712033,1,2.242168324712033,False,False,False,True,0,634,13,0.4,0.3,0.3,balanced
1781433573632.5632,0.4,0.3,0.3,586.8351648351647,600.6666666666666,0.11736703296703295,486.2875910098132,605.9749920861032,0.03177368852633844,0.9999999999999999,1.0,0.9999999999999999,56,8,2.2435210802552854,1,2.2435210802552854,False,False,False,True,0,635,13,0.4,0.3,0.3,balanced
1781433577949.647,0.4,0.3,0.3,230.5384615384615,270.77777777777777,0.0461076923076923,247.17257183148246,274.49497620306715,0.015822052823981483,0.38775510204081626,0.4444444444444444,0.38775510204081626,55,8,2.0931368378419735,1,2.0931368378419735,False,False,False,True,0,636,13,0.4,0.3,0.3,balanced
1781433580567.656,0.4,0.3,0.3,588.6970172684457,602.6666666666666,0.11773940345368915,556.169165196943,675.4159318048207,0.03643556805850187,0.9999999999999999,1.0,0.9999999999999999,56,8,2.2419735682009736,0,2.2419735682009736,False,False,False,True,0,637,13,0.4,0.3,0.3,balanced
1781433587284.396,0.4,0.3,0.3,552.3076923076923,532.7777777777778,0.11046153846153846,1652.2685185185185,1861.6133557800224,0.10955760630543819,0.7722832722832722,0.7654320987654321,0.7722832722832722,55,8,2.1546330844087347,1,2.1546330844087347,False,False,False,True,0,638,13,0.4,0.3,0.3,balanced
1781433589909.739,0.4,0.3,0.3,591.1773940345369,605.8888888888889,0.11823547880690737,459.1380070546737,569.9412110523222,0.029962508809517927,0.9999999999999999,1.0,0.9999999999999999,53,8,2.2437170558343817,1,2.2437170558343817,False,False,False,True,0,639,13,0.4,0.3,0.3,balanced
1781433592735.258,0.4,0.3,0.3,505.47880690737827,547.8888888888889,0.10109576138147565,456.02329749103944,512.5985663082438,0.029754722981390223,0.8398744113029826,0.8888888888888888,0.8398744113029826,52,8,2.2025976019438875,1,2.2025976019438875,False,False,False,True,0,640,13,0.4,0.3,0.3,balanced
1781433595459.337,0.4,0.3,0.3,593.2276295133437,608.3333333333334,0.11864552590266873,491.7028776176285,592.2440653570923,0.03213494847349089,0.9960192868356134,0.9960317460317462,0.9960192868356134,50,8,2.2417070911475694,1,2.2417070911475694,False,False,False,True,0,641,13,0.4,0.3,0.3,balanced
1781433598177.0388,0.4,0.3,0.3,593.4348508634223,609.5555555555555,0.11868697017268445,450.90790914066775,554.8672687465792,0.02941346958910392,0.9999999999999999,1.0,0.9999999999999999,49,8,2.243701171054195,1,2.243701171054195,False,False,False,True,0,642,13,0.4,0.3,0.3,balanced
1781433600898.8582,0.4,0.3,0.3,597.7723704866561,613.8888888888889,0.11955447409733122,460.81964969896006,544.3814997263274,0.030074693108669785,0.9999999999999999,1.0,0.9999999999999999,47,8,2.2431558024284666,1,2.2431558024284666,False,False,False,True,0,643,13,0.4,0.3,0.3,balanced
1781433603625.335,0.4,0.3,0.3,596.563579277865,612.2222222222222,0.11931271585557299,446.43062397372745,547.7572523262178,0.029114784788107233,0.9999999999999999,1.0,0.9999999999999999,49,8,2.2435404782213384,0,2.2435404782213384,False,False,False,True,0,644,13,0.4,0.3,0.3,balanced
1781433606241.418,0.4,0.3,0.3,594.0502354788068,609.8888888888889,0.11881004709576136,377.616334283001,487.7730294396961,0.024524105022214877,0.9999999999999999,1.0,0.9999999999999999,50,8,2.245118749655031,0,2.245118749655031,False,False,False,True,0,645,13,0.4,0.3,0.3,balanced
1781433608855.736,0.4,0.3,0.3,596.3971742543171,612.2222222222222,0.11927943485086341,417.86008230452677,514.0123456790122,0.027208811361209256,0.9999999999999999,1.0,0.9999999999999999,49,8,2.2441255826512916,1,2.2441255826512916,False,False,False,True,0,646,13,0.4,0.3,0.3,balanced
1781433611480.4421,0.4,0.3,0.3,595.3846153846154,610.5555555555555,0.11907692307692307,474.27808302808296,579.5952607063718,0.0309725205489048,0.9999999999999999,1.0,0.9999999999999999,50,8,2.243077474604559,0,2.243077474604559,False,False,False,True,0,647,13,0.4,0.3,0.3,balanced
1781433614206.551,0.4,0.3,0.3,594.8037676609105,610.2222222222222,0.11896075353218209,439.7400109469075,521.7049808429119,0.028668446360700966,0.9999999999999999,1.0,0.9999999999999999,49,8,2.243815164678917,1,2.243815164678917,False,False,False,True,0,648,13,0.4,0.3,0.3,balanced
1781433616827.197,0.4,0.3,0.3,598.1962323390895,614.6666666666666,0.1196392464678179,407.62899651788535,510.65368787591007,0.0265262839571638,0.9999999999999999,1.0,0.9999999999999999,47,8,2.2441864162257237,1,2.2441864162257237,False,False,False,True,0,649,13,0.4,0.3,0.3,balanced
1781433623142.336,0.4,0.3,0.3,599.5557299843014,616.0,0.11991114599686027,373.0172413793103,459.15435139573077,0.02421729428814612,0.9999999999999999,1.0,0.9999999999999999,46,8,2.244770353314812,1,2.244770353314812,False,False,False,True,0,650,13,0.4,0.3,0.3,balanced
1781433625868.799,0.4,0.3,0.3,599.7817896389324,617.3333333333334,0.11995635792778649,451.5851535295979,554.6897752453308,0.029458649334863102,0.9999999999999999,1.0,0.9999999999999999,44,8,2.2431798620284265,1,2.2431798620284265,False,False,False,True,0,651,13,0.4,0.3,0.3,balanced
1781433628582.395,0.4,0.3,0.3,598.5918367346939,615.3333333333334,0.11971836734693878,426.81450059802546,553.9847756897565,0.027806170820415307,0.9999999999999999,1.0,0.9999999999999999,46,8,2.2437708018150997,0,2.2437708018150997,False,False,False,True,0,652,13,0.4,0.3,0.3,balanced
1781433631305.5488,0.4,0.3,0.3,596.7017268445841,613.2222222222222,0.11934034536891681,413.9586754241926,514.5634920634922,0.026948544057651274,0.9999999999999999,1.0,0.9999999999999999,47,8,2.244179298635138,0,2.244179298635138,False,False,False,True,0,653,13,0.4,0.3,0.3,balanced
1781433634021.981,0.4,0.3,0.3,598.3061224489795,615.1111111111111,0.11966122448979591,424.1071428571429,510.67460317460313,0.027625559897074242,0.9999999999999999,1.0,0.9999999999999999,46,8,2.2438478422349593,1,2.2438478422349593,False,False,False,True,0,654,13,0.4,0.3,0.3,balanced
1781433636740.9402,0.4,0.3,0.3,601.7974882260596,619.3333333333334,0.12035949764521192,419.10714285714283,496.7460317460318,0.027292004193271702,0.9999999999999999,1.0,0.9999999999999999,44,8,2.2436685996839336,1,2.2436685996839336,False,False,False,True,0,655,13,0.4,0.3,0.3,balanced
1781433639462.7358,0.4,0.3,0.3,598.5431711145997,615.1111111111111,0.11970863422291993,389.9603174603174,489.44591416813637,0.025347586221502162,0.9999999999999999,1.0,0.9999999999999999,46,8,2.2445122704443814,0,2.2445122704443814,False,False,False,True,0,656,13,0.4,0.3,0.3,balanced
1781433642186.146,0.4,0.3,0.3,597.0251177394033,615.2222222222222,0.11940502354788066,502.33906525573184,602.3530276308053,0.03284450068417157,0.9978134110787171,0.9960317460317462,0.9978134110787171,44,8,2.2417286636992113,1,2.2417286636992113,False,False,False,True,0,657,13,0.4,0.3,0.3,balanced
1781433644910.775,0.4,0.3,0.3,601.8178963893249,619.3333333333334,0.12036357927786498,472.24206349206344,586.7460317460318,0.03083669536304626,0.9999999999999999,1.0,0.9999999999999999,43,8,2.24260355967994,1,2.24260355967994,False,False,False,True,0,658,13,0.4,0.3,0.3,balanced
1781433647632.94,0.4,0.3,0.3,602.756671899529,622.0,0.1205513343799058,435.41519694297466,511.63580246913585,0.02837993308492159,0.9999999999999999,1.0,0.9999999999999999,41,8,2.243265486322561,1,2.243265486322561,False,False,False,True,0,659,13,0.4,0.3,0.3,balanced
1781433650453.156,0.4,0.3,0.3,605.8854003139718,625.1111111111111,0.12117708006279436,381.28489326765185,456.57088122605364,0.02476883877702814,0.9999999999999999,1.0,0.9999999999999999,40,8,2.244098516341774,1,2.244098516341774,False,False,False,True,0,660,13,0.4,0.3,0.3,balanced
1781433653178.605,0.4,0.3,0.3,608.9199372056514,628.7777777777778,0.12178398744113028,381.1934156378601,468.3539094650206,0.024762736199990667,0.9999999999999999,1.0,0.9999999999999999,38,8,2.2438575841635506,1,2.2438575841635506,False,False,False,True,0,661,13,0.4,0.3,0.3,balanced
1781433659469.916,0.4,0.3,0.3,611.1365777080063,632.3333333333334,0.12222731554160125,360.5217519106408,438.2804232804233,0.02338370593133027,0.9999999999999999,1.0,0.9999999999999999,37,8,2.2440939620039604,1,2.2440939620039604,False,False,False,True,0,662,13,0.4,0.3,0.3,balanced
1781433662295.419,0.4,0.3,0.3,616.8131868131867,638.3333333333334,0.12336263736263733,327.12007642563196,425.60699588477365,0.021155442056413072,0.9999999999999999,1.0,0.9999999999999999,35,8,2.244308312438021,1,2.244308312438021,False,False,False,True,0,663,13,0.4,0.3,0.3,balanced
1781433665019.798,0.4,0.3,0.3,618.5431711145997,641.2222222222222,0.12370863422291993,355.982905982906,432.97245963912627,0.023080914341754903,0.9999999999999999,1.0,0.9999999999999999,34,8,2.2435922720083057,1,2.2435922720083057,False,False,False,True,0,664,13,0.4,0.3,0.3,balanced
1781433667845.1829,0.4,0.3,0.3,620.3296703296703,644.2222222222222,0.12406593406593407,264.47454844006563,332.14285714285717,0.016976287420951676,0.9999999999999999,1.0,0.9999999999999999,32,8,2.245280740147341,1,2.245280740147341,False,False,False,True,0,665,13,0.4,0.3,0.3,balanced
1781433670661.47,0.4,0.3,0.3,629.425431711146,655.7777777777778,0.1258850863422292,265.38065843621393,331.9091710758378,0.01703673505244923,0.9999999999999999,1.0,0.9999999999999999,29,8,2.2445349449473735,1,2.2445349449473735,False,False,False,True,0,666,13,0.4,0.3,0.3,balanced
1781433673485.906,0.4,0.3,0.3,633.098901098901,659.3333333333334,0.1266197802197802,213.43033509700177,274.32098765432096,0.013571069719613194,0.9942812289751064,0.9960317460317462,0.9942812289751064,28,8,2.243565135688736,1,2.243565135688736,False,False,False,True,0,667,13,0.4,0.3,0.3,balanced
1781433676408.46,0.4,0.3,0.3,640.0690737833595,668.8888888888889,0.1280138147566719,211.90402704291594,274.0696649029982,0.013469247968173179,0.9999999999999999,1.0,0.9999999999999999,26,8,2.2447536997068793,1,2.2447536997068793,False,False,False,True,0,668,13,0.4,0.3,0.3,balanced
1781433679334.074,0.4,0.3,0.3,643.9952904238618,674.1111111111111,0.12879905808477235,214.87753147235904,268.80268199233717,0.013667613840717747,0.9999999999999999,1.0,0.9999999999999999,25,8,2.2443800926138757,1,2.2443800926138757,False,False,False,True,0,669,13,0.4,0.3,0.3,balanced
1781433682258.688,0.4,0.3,0.3,653.9105180533751,686.3333333333334,0.13078210361067502,201.06701940035273,252.6161081716637,0.012746298825907453,0.9999999999999999,1.0,0.9999999999999999,23,8,2.243863268907958,1,2.243863268907958,False,False,False,True,0,670,13,0.4,0.3,0.3,balanced
1781433685180.471,0.4,0.3,0.3,652.7864992150705,685.3333333333334,0.13055729984301412,194.85082304526748,237.2119341563786,0.01233160927586841,0.99587185301471,0.9958847736625513,0.99587185301471,23,8,2.242839153184447,2,2.242839153184447,False,False,False,True,0,671,13,0.4,0.3,0.3,balanced
1781433688001.596,0.4,0.3,0.3,645.1507064364207,675.7777777777778,0.12903014128728413,238.39506172839506,299.6707818930041,0.01523649511196765,0.9999999999999999,1.0,0.9999999999999999,25,8,2.243816994951496,0,2.243816994951496,False,False,False,True,0,672,13,0.4,0.3,0.3,balanced
1781433694595.4622,0.4,0.3,0.3,653.2119309262166,686.1111111111111,0.13064238618524332,192.32142857142856,237.5793650793651,0.012162870485085294,0.9999999999999999,1.0,0.9999999999999999,23,8,2.244094184380377,1,2.244094184380377,False,False,False,True,0,673,13,0.4,0.3,0.3,balanced
1781433697516.5999,0.4,0.3,0.3,657.2339089481947,691.4444444444445,0.13144678178963892,206.00896531452088,250.02498530276307,0.013075981675418338,0.9999999999999999,1.0,0.9999999999999999,22,8,2.243498492781519,1,2.243498492781519,False,False,False,True,0,674,13,0.4,0.3,0.3,balanced
1781433700537.16,0.4,0.3,0.3,669.8618524332809,707.4444444444445,0.13397237048665617,198.05996472663136,240.651087595532,0.012545694778294286,0.9999999999999999,1.0,0.9999999999999999,20,8,2.242647343371849,1,2.242647343371849,False,False,False,True,0,675,13,0.4,0.3,0.3,balanced
1781433703551.883,0.4,0.3,0.3,676.3673469387754,716.2222222222222,0.13527346938775509,158.40681951793061,198.12316284538508,0.009900388226679827,0.9999999999999999,1.0,0.9999999999999999,19,8,2.242920495776894,1,2.242920495776894,False,False,False,True,0,676,13,0.4,0.3,0.3,balanced
1781433706575.871,0.4,0.3,0.3,692.9434850863422,737.2222222222222,0.13858869701726845,150.64735675846788,183.7100348211459,0.009382745614307396,0.9999999999999999,1.0,0.9999999999999999,17,8,2.2417496975088005,1,2.2417496975088005,False,False,False,True,0,677,13,0.4,0.3,0.3,balanced
1781433709600.142,0.4,0.3,0.3,676.4913657770801,716.3333333333334,0.135298273155416,144.7222222222222,181.5358612580835,0.00898747313023497,0.9999999999999999,1.0,0.9999999999999999,19,8,2.243184448798763,0,2.243184448798763,False,False,False,True,0,678,13,0.4,0.3,0.3,balanced
1781433712818.3489,0.4,0.3,0.3,694.4945054945055,737.8888888888889,0.1388989010989011,169.00554187192117,236.20210727969345,0.010607441085518423,0.9334845049130761,0.9547325102880657,0.9334845049130761,17,8,2.2213035587087067,1,2.2213035587087067,False,False,False,True,0,679,13,0.4,0.3,0.3,balanced
1781433715937.7961,0.4,0.3,0.3,701.9356357927786,748.7777777777778,0.14038712715855572,171.49911816578486,202.7395649617872,0.010773790404655427,0.9999999999999999,1.0,0.9999999999999999,16,8,2.240613012015181,1,2.240613012015181,False,False,False,True,0,680,13,0.4,0.3,0.3,balanced
1781433719063.278,0.4,0.3,0.3,692.7378335949765,736.5555555555555,0.1385475667189953,147.12506841817185,184.73864258347018,0.009147769741038815,0.9999999999999999,1.0,0.9999999999999999,17,8,2.24183664239009,0,2.24183664239009,False,False,False,True,0,681,13,0.4,0.3,0.3,balanced
1781433722177.0142,0.4,0.3,0.3,700.5902668759811,747.8888888888889,0.14011805337519623,132.60655496766609,169.81334509112287,0.008179223146608811,0.9999999999999999,1.0,0.9999999999999999,16,8,2.2414990117059386,1,2.2414990117059386,False,False,False,True,0,682,13,0.4,0.3,0.3,balanced
1781433725298.1492,0.4,0.3,0.3,691.6153846153845,736.3333333333334,0.1383230769230769,185.1601998824221,229.46942974720753,0.011685136749994803,0.9999999999999999,1.0,0.9999999999999999,17,8,2.241165228205771,0,2.241165228205771,False,False,False,True,0,683,13,0.4,0.3,0.3,balanced
1781433731912.02,0.4,0.3,0.3,690.8712715855572,735.5555555555555,0.13817425431711144,194.78790756568534,241.87084520417855,0.012327412112453992,0.9999999999999999,1.0,0.9999999999999999,17,8,2.2410320746394192,2,2.2410320746394192,False,False,False,True,0,684,13,0.4,0.3,0.3,balanced
1781433735129.4128,0.4,0.3,0.3,700.6499215070644,747.7777777777778,0.14012998430141288,173.50676072898293,216.45355673133452,0.010907722530285718,0.9999999999999999,1.0,0.9999999999999999,16,8,2.2406756895203492,1,2.2406756895203492,False,False,False,True,0,685,13,0.4,0.3,0.3,balanced
1781433738343.136,0.4,0.3,0.3,723.3908948194662,777.2222222222222,0.14467817896389323,165.5309659476326,217.51989779767558,0.01037564816195014,0.9940694226408511,0.9958847736625513,0.9940694226408511,14,8,2.237236860758113,1,2.237236860758113,False,False,False,True,0,686,13,0.4,0.3,0.3,balanced
1781433741665.049,0.4,0.3,0.3,735.4929356357926,793.2222222222222,0.1470985871271585,140.435038212816,181.23897707231038,0.008701470194317279,0.9999999999999999,1.0,0.9999999999999999,13,8,2.238550124090841,1,2.238550124090841,False,False,False,True,0,687,13,0.4,0.3,0.3,balanced
1781433744889.3281,0.4,0.3,0.3,723.2558869701727,777.2222222222222,0.14465117739403455,174.03071722516165,217.17078189300412,0.01094267626585468,0.9999999999999999,1.0,0.9999999999999999,14,8,2.2388567261626298,0,2.2388567261626298,False,False,False,True,0,688,13,0.4,0.3,0.3,balanced
1781433748201.664,0.4,0.3,0.3,738.043956043956,796.2222222222222,0.1476087912087912,157.23838918283363,200.23515579071133,0.009822440906126327,0.9999999999999999,1.0,0.9999999999999999,13,8,2.2380097512446455,1,2.2380097512446455,False,False,False,True,0,689,13,0.4,0.3,0.3,balanced
1781433751622.566,0.4,0.3,0.3,772.9764521193093,841.2222222222222,0.15459529042386186,142.08452041785375,181.4466603355492,0.008811509033879504,0.9999999999999999,1.0,0.9999999999999999,11,8,2.2355184311202914,1,2.2355184311202914,False,False,False,True,0,690,13,0.4,0.3,0.3,balanced
1781433755243.399,0.4,0.3,0.3,797.5478806907378,872.3333333333334,0.15950957613814756,130.79732510288065,160.1469723691946,0.008058527358430998,0.9999999999999999,1.0,0.9999999999999999,10,8,2.2337786113372116,1,2.2337786113372116,False,False,False,True,0,691,13,0.4,0.3,0.3,balanced
1781433758667.663,0.4,0.3,0.3,773.6970172684457,841.3333333333334,0.15473940345368914,147.32142857142858,191.63727219282774,0.00916086915086248,0.9999999999999999,1.0,0.9999999999999999,11,8,2.2353559778732657,0,2.2353559778732657,False,False,False,True,0,692,13,0.4,0.3,0.3,balanced
1781433765577.897,0.4,0.3,0.3,739.3751962323389,796.8888888888889,0.14787503924646778,1110.092479536924,1228.1846651291096,0.0733884242519629,0.9942812289751065,0.9960317460317462,0.9942812289751065,13,8,2.217117825718356,0,2.217117825718356,False,False,False,True,0,693,13,0.4,0.3,0.3,balanced
1781433769100.75,0.4,0.3,0.3,775.5808477237049,842.8888888888889,0.15511616954474097,340.3810541310541,340.34968118301447,0.022040097006741435,0.9899412756555613,0.9917695473251028,0.9899412756555613,11,8,2.2283238857767493,1,2.2283238857767493,False,False,False,True,0,694,13,0.4,0.3,0.3,balanced
1781433772326.913,0.4,0.3,0.3,737.4364207221349,795.3333333333334,0.147487284144427,125.9267173156062,161.8534346312124,0.00773360355674491,0.9999999999999999,1.0,0.9999999999999999,13,8,2.238685005275206,0,2.238685005275206,False,False,False,True,0,695,13,0.4,0.3,0.3,balanced
1781433775542.2212,0.4,0.3,0.3,723.0094191522762,776.7777777777778,0.14460188383045525,131.37492651381538,164.93092298647855,0.008097059807459332,0.9999999999999999,1.0,0.9999999999999999,14,8,2.23973012852558,0,2.23973012852558,False,False,False,True,0,696,13,0.4,0.3,0.3,balanced
1781433778767.556,0.4,0.3,0.3,737.6860282574568,795.2222222222222,0.14753720565149137,151.96660335549223,195.82621082621083,0.009470754059739309,0.9999999999999999,1.0,0.9999999999999999,13,8,2.2381438915214815,1,2.2381438915214815,False,False,False,True,0,697,13,0.4,0.3,0.3,balanced
1781433781984.172,0.4,0.3,0.3,628.9305212892956,777.8888888888889,0.12578610425785913,185.63347192157417,194.37988965766743,0.01171670926761669,0.9729967133866854,0.9917695473251028,0.9729967133866854,14,8,2.238069559532577,0,2.238069559532577,False,False,False,True,0,698,13,0.4,0.3,0.3,balanced
1781433785207.334,0.4,0.3,0.3,740.447409733124,798.2222222222222,0.1480894819466248,128.28031022475466,167.49446027223803,0.007890614424600043,0.9999999999999999,1.0,0.9999999999999999,13,8,2.23839702289397,1,2.23839702289397,False,False,False,True,0,699,13,0.4,0.3,0.3,balanced
1781433788430.772,0.4,0.3,0.3,723.298273155416,777.3333333333334,0.1446596546310832,136.42857142857142,182.69841269841268,0.008434194224721242,0.9999999999999999,1.0,0.9999999999999999,14,8,2.23960587988015,0,2.23960587988015,False,False,False,True,0,700,13,0.4,0.3,0.3,balanced
1781433791647.7,0.4,0.3,0.3,738.9529042386187,797.3333333333334,0.14779058084772373,122.76274137385246,159.04558404558404,0.007522531112331718,0.9940694226408512,0.9958847736625513,0.9940694226408512,13,8,2.2368478351194665,1,2.2368478351194665,False,False,False,True,0,701,13,0.4,0.3,0.3,balanced
1781433794870.6091,0.4,0.3,0.3,723.8963893249608,778.3333333333334,0.14477927786499215,181.05379188712521,227.8600823045267,0.011411193588200481,0.9999999999999999,1.0,0.9999999999999999,14,8,2.238664930777543,0,2.238664930777543,False,False,False,True,0,702,13,0.4,0.3,0.3,balanced
1781433801565.695,0.4,0.3,0.3,702.9576138147567,749.5555555555555,0.14059152276295134,122.49649527427304,148.47035680369015,0.00750476953130574,0.9939531368102795,0.9958847736625513,0.9939531368102795,16,8,2.2396979010785114,0,2.2396979010785114,False,False,False,True,0,703,13,0.4,0.3,0.3,balanced
1781433804681.189,0.4,0.3,0.3,692.4882260596546,736.6666666666666,0.13849764521193092,143.92710170487948,182.4867724867725,0.008934429733480952,0.9999999999999999,1.0,0.9999999999999999,17,8,2.2419206129951834,0,2.2419206129951834,False,False,False,True,0,704,13,0.4,0.3,0.3,balanced
1781433807804.696,0.4,0.3,0.3,702.1255886970172,749.0,0.14042511773940344,154.12330981775423,191.5314520870076,0.009614630408122363,0.9999999999999999,1.0,0.9999999999999999,16,8,2.2409455637818017,1,2.2409455637818017,False,False,False,True,0,705,13,0.4,0.3,0.3,balanced
1781433811825.398,0.4,0.3,0.3,463.51491365777076,490.22222222222223,0.09270298273155415,104.37637114466382,128.35978835978835,0.0062959553798975195,0.6703296703296703,0.6666666666666666,0.6703296703296703,17,8,2.16212892139231,0,2.16212892139231,False,False,False,True,0,706,13,0.4,0.3,0.3,balanced
1781433814840.3562,0.4,0.3,0.3,677.6703296703296,717.0,0.13553406593406592,162.06128747795412,200.96707818930042,0.010144181953165719,0.9999999999999999,1.0,0.9999999999999999,19,8,2.2427431190404237,0,2.2427431190404237,False,False,False,True,0,707,13,0.4,0.3,0.3,balanced
1781433853875.365,0.4,0.3,0.3,669.3610675039247,707.8888888888889,0.13387221350078493,218.65299823633157,268.0467372134039,0.013919479535445735,0.9999999999999999,1.0,0.9999999999999999,20,8,2.2422752707390523,0,2.2422752707390523,False,False,False,True,1,708,13,0.4,0.3,0.3,balanced
1781433856795.0771,0.4,0.3,0.3,657.0078492935635,691.5555555555555,0.1314015698587127,189.62962962962962,237.16049382716048,0.011983297506979962,0.9999999999999999,1.0,0.9999999999999999,22,8,2.243844382804421,0,2.243844382804421,False,False,False,True,0,709,13,0.4,0.3,0.3,balanced
1781433859716.253,0.4,0.3,0.3,651.4097331240188,685.1111111111111,0.13028194662480375,207.46133496133493,255.35635146746256,0.013172870911363238,0.9999999999999999,1.0,0.9999999999999999,23,8,2.2439353600766694,0,2.2439353600766694,False,False,False,True,0,710,13,0.4,0.3,0.3,balanced
1781433862635.165,0.4,0.3,0.3,658.0235478806908,692.6666666666666,0.13160470957613815,222.60842038619813,299.37955049066164,0.01418335025925271,0.9999999999999999,1.0,0.9999999999999999,22,8,2.2431031110917687,1,2.2431031110917687,False,False,False,True,0,711,13,0.4,0.3,0.3,balanced
1781433865548.089,0.4,0.3,0.3,653.032967032967,686.0,0.1306065934065934,193.11948853615522,240.80393885949445,0.0122161099757275,0.9999999999999999,1.0,0.9999999999999999,23,8,2.2440925296446443,0,2.2440925296446443,False,False,False,True,0,712,13,0.4,0.3,0.3,balanced
1781433868466.048,0.4,0.3,0.3,644.386185243328,674.4444444444445,0.1288772370486656,225.24764844209284,280.7407407407407,0.01435941617358858,0.9999999999999999,1.0,0.9999999999999999,25,8,2.2441412803284573,0,2.2441412803284573,False,False,False,True,0,713,13,0.4,0.3,0.3,balanced
1781433874874.595,0.4,0.3,0.3,638.3076923076923,667.8888888888889,0.12766153846153847,229.71589110477996,285.20892687559353,0.014657497738811205,0.9999999999999999,1.0,0.9999999999999999,26,8,2.244538135293741,0,2.244538135293741,False,False,False,True,0,714,13,0.4,0.3,0.3,balanced
1781433877793.4548,0.4,0.3,0.3,644.1083202511774,674.3333333333334,0.12882166405023548,218.94499178981937,281.67761357416526,0.01393895875849362,0.9999999999999999,1.0,0.9999999999999999,25,8,2.2442896467523576,1,2.2442896467523576,False,False,False,True,0,715,13,0.4,0.3,0.3,balanced
1781433880614.0598,0.4,0.3,0.3,640.0172684458398,669.7777777777778,0.12800345368916796,241.61601772712885,310.0047483380817,0.015451368760982579,0.9999999999999999,1.0,0.9999999999999999,26,8,2.244163207896038,0,2.244163207896038,False,False,False,True,0,716,13,0.4,0.3,0.3,balanced
1781433888543.23,0.4,0.3,0.3,83.06122448979592,158.88888888888889,0.016612244897959184,47.45179063360881,31.63452708907254,0.002498451676691715,0.11616954474097331,0.2222222222222222,0.11616954474097331,28,8,2.027456429960101,0,2.027456429960101,False,False,False,True,0,717,13,0.4,0.3,0.3,balanced
1781433891363.092,0.4,0.3,0.3,629.3061224489796,655.4444444444445,0.12586122448979592,253.14006466784238,313.42298647854204,0.016220151078575207,0.9999999999999999,1.0,0.9999999999999999,29,8,2.244789464880509,0,2.244789464880509,False,False,False,True,0,718,13,0.4,0.3,0.3,balanced
1781433894187.597,0.4,0.3,0.3,629.756671899529,656.8888888888889,0.1259513343799058,246.42416225749554,313.62286890064667,0.01577212556754473,0.9999999999999999,1.0,0.9999999999999999,28,8,2.2448878285777742,1,2.2448878285777742,False,False,False,True,0,719,13,0.4,0.3,0.3,balanced
1781433897011.444,0.4,0.3,0.3,629.9199372056514,656.8888888888889,0.1259839874411303,233.9366549088771,292.88212815990596,0.014939069707063182,0.9999999999999999,1.0,0.9999999999999999,29,8,2.245124684111429,0,2.245124684111429,False,False,False,True,0,720,13,0.4,0.3,0.3,balanced
1781433899838.4758,0.4,0.3,0.3,620.3814756671899,644.5555555555555,0.12407629513343797,296.7829775588396,367.8544061302682,0.01913161958364507,0.9999999999999999,1.0,0.9999999999999999,32,8,2.2446299960715312,0,2.2446299960715312,False,False,False,True,0,721,13,0.4,0.3,0.3,balanced
1781433902655.0642,0.4,0.3,0.3,627.9419152276296,655.0,0.12558838304552591,274.78027630805406,342.81746031746036,0.01766379428339253,0.9999999999999999,1.0,0.9999999999999999,29,8,2.2444655084967717,1,2.2444655084967717,False,False,False,True,0,722,13,0.4,0.3,0.3,balanced
1781433909470.237,0.4,0.3,0.3,457.1616954474097,508.44444444444446,0.09143233908948195,223.2037555763046,252.9586575370889,0.014223065748919586,0.7284144427001569,0.7777777777777778,0.7284144427001569,32,8,2.1776844774495783,0,2.1776844774495783,False,False,False,True,0,723,13,0.4,0.3,0.3,balanced
1781433912183.9731,0.4,0.3,0.3,616.7127158555729,638.7777777777778,0.12334254317111458,296.5178854067743,359.7847420069642,0.019113934983774138,0.9999999999999999,1.0,0.9999999999999999,34,8,2.244928802236422,0,2.244928802236422,False,False,False,True,0,724,13,0.4,0.3,0.3,balanced
1781433915009.1309,0.4,0.3,0.3,614.8916797488226,637.2222222222222,0.12297833594976453,1866.7373907843253,2046.6775628940381,0.12386506943190963,0.9958510876878223,0.9960317460317462,0.9958510876878223,35,8,2.212404471096868,0,2.212404471096868,False,False,False,True,0,725,13,0.4,0.3,0.3,balanced
1781433917827.2742,0.4,0.3,0.3,611.419152276295,631.2222222222222,0.122283830455259,372.6573871353565,445.48237345172214,0.024193288001024448,0.9999999999999999,1.0,0.9999999999999999,37,8,2.243828481417589,0,2.243828481417589,False,False,False,True,0,726,13,0.4,0.3,0.3,balanced
1781433920544.7249,0.4,0.3,0.3,609.8288854003139,629.4444444444445,0.12196577708006277,356.1031972143083,417.9756251978474,0.023088939107025235,0.9999999999999999,1.0,0.9999999999999999,38,8,2.2442870074358674,0,2.2442870074358674,False,False,False,True,0,727,13,0.4,0.3,0.3,balanced
1781433923267.059,0.4,0.3,0.3,606.8131868131868,625.6666666666666,0.12136263736263736,358.93077601410937,436.32422104644326,0.02327757011435019,0.9999999999999999,1.0,0.9999999999999999,40,8,2.24447167402064,0,2.24447167402064,False,False,False,True,0,728,13,0.4,0.3,0.3,balanced
1781433925993.345,0.4,0.3,0.3,605.8006279434851,624.4444444444445,0.12116012558869702,375.2087007642563,463.7757201646091,0.024363489043646186,0.9999999999999999,1.0,0.9999999999999999,41,8,2.2442269030514272,0,2.2442269030514272,False,False,False,True,0,729,13,0.4,0.3,0.3,balanced
1781433928716.452,0.4,0.3,0.3,602.2009419152276,620.0,0.12044018838304553,393.2546524356869,479.4854953475643,0.0255673550657563,0.9999999999999999,1.0,0.9999999999999999,43,8,2.244153718127055,0,2.244153718127055,False,False,False,True,0,730,13,0.4,0.3,0.3,balanced
1781433931438.7258,0.4,0.3,0.3,600.6954474097331,618.2222222222222,0.12013908948194663,1597.7087007642563,1736.2066431510875,0.105917858623366,0.9999999999999999,1.0,0.9999999999999999,44,8,2.2201690066202113,0,2.2201690066202113,False,False,False,True,0,731,13,0.4,0.3,0.3,balanced
1781433934062.5862,0.4,0.3,0.3,597.2291993720564,614.3333333333334,0.11944583987441129,433.48686293130737,531.7742956631846,0.028251291723235983,0.9999999999999999,1.0,0.9999999999999999,46,8,2.2437462765332645,0,2.2437462765332645,False,False,False,True,0,732,13,0.4,0.3,0.3,balanced
1781433936781.945,0.4,0.3,0.3,596.0957613814757,612.3333333333334,0.11921915227629513,464.5764915161467,573.493431855501,0.03032531631195108,0.9999999999999999,1.0,0.9999999999999999,47,8,2.2432147441958965,0,2.2432147441958965,False,False,False,True,0,733,13,0.4,0.3,0.3,balanced
1781433939509.164,0.4,0.3,0.3,595.1145996860282,610.4444444444445,0.11902291993720564,481.62771898883,595.1205173427395,0.03146282314802068,0.9999999999999999,1.0,0.9999999999999999,49,8,2.2429519850807114,0,2.2429519850807114,False,False,False,True,0,734,13,0.4,0.3,0.3,balanced
1781433945703.748,0.4,0.3,0.3,593.7786499215069,609.4444444444445,0.1187557299843014,489.329692940804,603.1861348528014,0.03197663061646458,0.9999999999999999,1.0,0.9999999999999999,50,8,2.24290471882134,0,2.24290471882134,False,False,False,True,0,735,13,0.4,0.3,0.3,balanced
1781433948327.618,0.4,0.3,0.3,592.2386185243328,607.1111111111111,0.11844772370486656,466.9305792972459,558.9228869895537,0.03048236019327858,0.9999999999999999,1.0,0.9999999999999999,52,8,2.24347620246007,0,2.24347620246007,False,False,False,True,0,736,13,0.4,0.3,0.3,balanced
1781433950947.4849,0.4,0.3,0.3,590.9591836734694,604.8888888888889,0.11819183673469388,509.5584045584045,623.1497309275087,0.033326111044590025,0.9999999999999999,1.0,0.9999999999999999,53,8,2.242725431992745,0,2.242725431992745,False,False,False,True,0,737,13,0.4,0.3,0.3,balanced
1781433953565.216,0.4,0.3,0.3,590.4992150706437,604.6666666666666,0.11809984301412874,502.03986342875237,605.3084158639714,0.032824540588976145,0.9940694226408512,0.9958847736625513,0.9940694226408512,55,8,2.241133527409911,0,2.241133527409911,False,False,False,True,0,738,13,0.4,0.3,0.3,balanced
1781433956389.876,0.4,0.3,0.3,501.2401883830455,540.7777777777778,0.1002480376766091,397.3046594982079,453.899641577061,0.025837535656985183,0.8398744113029826,0.8888888888888888,0.8398744113029826,56,8,2.2041118476231554,0,2.2041118476231554,False,False,False,True,0,739,13,0.4,0.3,0.3,balanced
1781433959013.8271,0.4,0.3,0.3,586.021978021978,599.3333333333334,0.1172043956043956,461.73133450911223,582.0870076425631,0.03013551264236906,0.9999999999999999,1.0,0.9999999999999999,58,8,2.244077587965531,0,2.244077587965531,False,False,False,True,0,740,13,0.4,0.3,0.3,balanced
1781433961637.375,0.4,0.3,0.3,585.3469387755101,598.7777777777778,0.11706938775510202,507.0245443856555,630.9950029394474,0.03315707434193833,0.9999999999999999,1.0,0.9999999999999999,59,8,2.2432251225953777,0,2.2432251225953777,False,False,False,True,0,741,13,0.4,0.3,0.3,balanced
1781433964461.435,0.4,0.3,0.3,514.4317111459968,526.5555555555555,0.10288634222919936,764.2383512544801,887.8942652329748,0.05031610081751035,0.9050526193383336,0.9053497942386832,0.9050526193383336,61,8,2.215266418664567,0,2.215266418664567,False,False,False,True,0,742,13,0.4,0.3,0.3,balanced
1781433967079.732,0.4,0.3,0.3,583.3500784929356,595.7777777777778,0.11667001569858712,563.7624926513814,704.9955908289242,0.036942127595155534,0.9999999999999999,1.0,0.9999999999999999,64,8,2.242249355442018,0,2.242249355442018,False,False,False,True,0,743,13,0.4,0.3,0.3,balanced
1781433969701.842,0.4,0.3,0.3,581.651491365777,593.3333333333334,0.1163302982731554,569.0613026819923,694.2022441160373,0.0372956172569708,0.9999999999999999,1.0,0.9999999999999999,65,8,2.2422791955136465,0,2.2422791955136465,False,False,False,True,0,744,13,0.4,0.3,0.3,balanced
1781433972727.4211,0.4,0.3,0.3,427.10832025117736,466.8888888888889,0.08542166405023548,687.2544091710757,711.7619047619049,0.04518041422088564,0.728414442700157,0.7777777777777778,0.728414442700157,64,8,2.1708015429236873,1,2.1708015429236873,False,False,False,True,0,745,13,0.4,0.3,0.3,balanced
1781433975340.455,0.4,0.3,0.3,583.1302982731554,596.1111111111111,0.11662605965463108,562.6844503233391,666.2330981775426,0.03687021016166372,0.9999999999999999,1.0,0.9999999999999999,61,8,2.2422885130896484,1,2.2422885130896484,False,False,False,True,0,746,13,0.4,0.3,0.3,balanced
1781433981552.829,0.4,0.3,0.3,580.1538461538461,592.1111111111111,0.11603076923076922,661.2720458553791,779.6869488536154,0.04344710112444157,0.9999999999999999,1.0,0.9999999999999999,64,8,2.24055356197036,0,2.24055356197036,False,False,False,True,0,747,13,0.4,0.3,0.3,balanced
1781433984165.523,0.4,0.3,0.3,579.7001569858712,591.7777777777778,0.11594003139717424,2387.6044634377968,2850.629607018496,0.1586127060332086,0.9941690962099125,0.9960317460317462,0.9941690962099125,65,8,2.2042909044941412,0,2.2042909044941412,False,False,False,True,0,748,13,0.4,0.3,0.3,balanced
1781433986792.5762,0.4,0.3,0.3,580.7551020408164,591.7777777777778,0.11615102040816327,564.9492945326278,683.4994121105233,0.03702130050251019,0.9999999999999999,1.0,0.9999999999999999,67,8,2.2424332016859814,0,2.2424332016859814,False,False,False,True,0,749,13,0.4,0.3,0.3,balanced
1781433989415.6921,0.4,0.3,0.3,578.6593406593406,590.1111111111111,0.11573186813186813,592.3214285714286,727.4603174603175,0.038847326789288095,0.9999999999999999,1.0,0.9999999999999999,68,8,2.2420530547104662,0,2.2420530547104662,False,False,False,True,0,750,13,0.4,0.3,0.3,balanced
1781433992033.0889,0.4,0.3,0.3,579.4238618524332,590.7777777777778,0.11588477237048664,566.7034097589653,704.2269253380364,0.03713831953028455,0.9999999999999999,1.0,0.9999999999999999,67,8,2.24250459519272,1,2.24250459519272,False,False,False,True,0,751,13,0.4,0.3,0.3,balanced
1781433994658.735,0.4,0.3,0.3,583.5070643642073,595.7777777777778,0.11670141287284146,909.0748089359199,1073.612580834803,0.0599783061331501,0.9999999999999999,1.0,0.9999999999999999,65,8,2.2353259430109182,1,2.2353259430109182,False,False,False,True,0,752,13,0.4,0.3,0.3,balanced
1781433997582.166,0.4,0.3,0.3,583.8916797488225,597.1111111111111,0.1167783359497645,1363.9170170787816,1363.1428538781481,0.09032134870438836,0.88727145870003,0.8462401795735128,0.88727145870003,64,8,2.1923736986187867,1,2.1923736986187867,False,False,False,True,0,753,13,0.4,0.3,0.3,balanced
1781434000204.625,0.4,0.3,0.3,584.9874411302983,597.4444444444445,0.11699748822605965,570.59670781893,703.2657260435038,0.03739804588518546,0.9999999999999999,1.0,0.9999999999999999,61,8,2.2419815909440204,1,2.2419815909440204,False,False,False,True,0,754,13,0.4,0.3,0.3,balanced
1781434002825.763,0.4,0.3,0.3,585.7943485086342,598.7777777777778,0.11715886970172684,525.7789535567313,632.6513815402704,0.03440820237203011,0.9999999999999999,1.0,0.9999999999999999,59,8,2.2428139914077003,1,2.2428139914077003,False,False,False,True,0,755,13,0.4,0.3,0.3,balanced
1781434005451.4412,0.4,0.3,0.3,586.4631083202512,599.6666666666666,0.11729262166405025,521.602733686067,642.9144620811288,0.034129601980391396,0.9999999999999999,1.0,0.9999999999999999,58,8,2.2428440707402624,1,2.2428440707402624,False,False,False,True,0,756,13,0.4,0.3,0.3,balanced
1781434008073.512,0.4,0.3,0.3,587.4756671899529,601.4444444444445,0.11749513343799058,1238.8823316601095,1303.7520915298692,0.08198014220547761,0.9956974242688527,0.9958847736625513,0.9956974242688527,56,8,2.2271171312438165,1,2.2271171312438165,False,False,False,True,0,757,13,0.4,0.3,0.3,balanced
1781434010695.523,0.4,0.3,0.3,589.9937205651491,603.7777777777778,0.11799874411302982,478.5273368606701,585.6466784244562,0.03125599311945765,0.9960192868356132,0.9960317460317462,0.9960192868356132,55,8,2.2422294904696347,1,2.2422294904696347,False,False,False,True,0,758,13,0.4,0.3,0.3,balanced
1781434016911.216,0.4,0.3,0.3,590.888540031397,605.8888888888889,0.11817770800627941,470.1241916519694,586.0038212815991,0.030695409716609032,0.9999999999999999,1.0,0.9999999999999999,53,8,2.2435202938825056,1,2.2435202938825056,False,False,False,True,0,759,13,0.4,0.3,0.3,balanced
1781434019533.18,0.4,0.3,0.3,591.4332810047096,605.8888888888889,0.1182866562009419,489.5473251028807,595.3909465020575,0.031991149106262884,0.9999999999999999,1.0,0.9999999999999999,52,8,2.2430879927877445,1,2.2430879927877445,False,False,False,True,0,760,13,0.4,0.3,0.3,balanced
1781434022154.8,0.4,0.3,0.3,594.1742543171114,610.0,0.11883485086342227,398.9561570117125,511.0968660968661,0.025947708940074216,0.9999999999999999,1.0,0.9999999999999999,50,8,2.2446817469726086,1,2.2446817469726086,False,False,False,True,0,761,13,0.4,0.3,0.3,balanced
1781434024881.767,0.4,0.3,0.3,594.0879120879121,610.1111111111111,0.11881758241758242,421.9889162561576,517.1948549534758,0.027484250584133264,0.9999999999999999,1.0,0.9999999999999999,49,8,2.244227691857727,1,2.244227691857727,False,False,False,True,0,762,13,0.4,0.3,0.3,balanced
1781434027505.6738,0.4,0.3,0.3,596.5651491365777,613.0,0.11931302982731554,418.53197214308324,506.232985121874,0.027253633898804752,0.9999999999999999,1.0,0.9999999999999999,47,8,2.244098697899432,1,2.244098697899432,False,False,False,True,0,763,13,0.4,0.3,0.3,balanced
1781434030227.619,0.4,0.3,0.3,599.171114599686,616.1111111111111,0.1198342229199372,381.24178981937604,475.68555008210177,0.02476596329682295,0.9999999999999999,1.0,0.9999999999999999,46,8,2.244636521842978,1,2.244636521842978,False,False,False,True,0,764,13,0.4,0.3,0.3,balanced
1781434032951.041,0.4,0.3,0.3,600.2841444270015,618.3333333333334,0.1200568288854003,419.52380952380946,492.4603174603175,0.027319800501921912,0.9999999999999999,1.0,0.9999999999999999,44,8,2.2437813282952632,1,2.2437813282952632,False,False,False,True,0,765,13,0.4,0.3,0.3,balanced
1781434035676.9358,0.4,0.3,0.3,599.1193092621664,617.2222222222222,0.1198238618524333,395.7560207991242,465.7512315270936,0.025734224202743444,0.9999999999999999,1.0,0.9999999999999999,43,8,2.2443501879982035,1,2.2443501879982035,False,False,False,True,0,766,13,0.4,0.3,0.3,balanced
1781434038402.4329,0.4,0.3,0.3,604.1758241758242,623.1111111111111,0.12083516483516485,362.4801587301587,444.6428571428571,0.023514353484333467,0.9999999999999999,1.0,0.9999999999999999,41,8,2.244611628020634,1,2.244611628020634,False,False,False,True,0,767,13,0.4,0.3,0.3,balanced
1781434041121.0388,0.4,0.3,0.3,605.7927786499215,624.7777777777778,0.1211585557299843,351.3389182833627,433.9226925338037,0.02277110862464061,0.9999999999999999,1.0,0.9999999999999999,40,8,2.244705245120614,1,2.244705245120614,False,False,False,True,0,768,13,0.4,0.3,0.3,balanced
1781434043845.266,0.4,0.3,0.3,610.004709576138,629.8888888888889,0.1220009419152276,283.6336091891647,355.2243024465247,0.01825441021942393,0.9940694226408512,0.9958847736625513,0.9940694226408512,38,8,2.2439441269603373,1,2.2439441269603373,False,False,False,True,0,769,13,0.4,0.3,0.3,balanced
1781434046568.867,0.4,0.3,0.3,610.3610675039246,630.7777777777778,0.12207221350078491,325.7561728395062,392.32804232804233,0.021064454492295274,0.9999999999999999,1.0,0.9999999999999999,37,8,2.244851778251997,1,2.244851778251997,False,False,False,True,0,770,13,0.4,0.3,0.3,balanced
1781434052861.764,0.4,0.3,0.3,615.3532182103611,637.1111111111111,0.12307064364207222,300.8436213991769,374.1975308641975,0.0194025097664561,0.9999999999999999,1.0,0.9999999999999999,35,8,2.2449509896132342,1,2.2449509896132342,False,False,False,True,0,771,13,0.4,0.3,0.3,balanced
1781434055585.348,0.4,0.3,0.3,616.5714285714286,638.8888888888889,0.12331428571428571,300.9757834757835,378.05951250395697,0.019411326449351802,0.9999999999999999,1.0,0.9999999999999999,34,8,2.24485088777948,1,2.24485088777948,False,False,False,True,0,772,13,0.4,0.3,0.3,balanced
1781434058308.6309,0.4,0.3,0.3,621.6405023547879,644.6666666666666,0.12432810047095759,274.0645773979107,349.7293447293448,0.017616049192655817,0.9999999999999999,1.0,0.9999999999999999,32,8,2.24498394505382,1,2.24498394505382,False,False,False,True,0,773,13,0.4,0.3,0.3,balanced
1781434061121.936,0.4,0.3,0.3,630.2511773940345,656.5555555555555,0.1260502354788069,289.5216049382716,346.5843621399177,0.018647205132639868,0.9999999999999999,1.0,0.9999999999999999,29,8,2.2439857442686852,1,2.2439857442686852,False,False,False,True,0,774,13,0.4,0.3,0.3,balanced
1781434064345.0051,0.4,0.3,0.3,466.7221350078493,520.7777777777778,0.09334442700156986,195.74323062558355,227.40616246498598,0.012391142803574619,0.7284144427001569,0.7777777777777778,0.7284144427001569,28,8,2.177469219168347,1,2.177469219168347,False,False,False,True,0,775,13,0.4,0.3,0.3,balanced
1781434067159.885,0.4,0.3,0.3,640.270015698587,669.2222222222222,0.1280540031397174,238.76543209876542,286.6666666666667,0.015261202941878948,0.9999999999999999,1.0,0.9999999999999999,26,8,2.244200037861549,1,2.244200037861549,False,False,False,True,0,776,13,0.4,0.3,0.3,balanced
1781434069972.605,0.4,0.3,0.3,646.8445839874411,676.7777777777778,0.12936891679748821,197.20164609053498,250.52864830642608,0.012488435362944295,0.9999999999999999,1.0,0.9999999999999999,25,8,2.2445059026721212,1,2.2445059026721212,False,False,False,True,0,777,13,0.4,0.3,0.3,balanced
1781434072892.069,0.4,0.3,0.3,653.612244897959,686.6666666666666,0.13072244897959182,183.80584950029393,229.6443268665491,0.011594786491013604,0.9999999999999999,1.0,0.9999999999999999,23,8,2.244232584460859,1,2.244232584460859,False,False,False,True,0,778,13,0.4,0.3,0.3,balanced
1781434075816.946,0.4,0.3,0.3,658.2072213500786,693.3333333333334,0.13164144427001573,176.83206710984487,213.1576448243115,0.011129557512331212,0.9999999999999999,1.0,0.9999999999999999,22,8,2.2440045550382943,1,2.2440045550382943,False,False,False,True,0,779,13,0.4,0.3,0.3,balanced
1781434078737.8909,0.4,0.3,0.3,653.9921507064363,686.5555555555555,0.13079843014128725,183.5677542621987,226.70194003527337,0.011578902886070627,0.9999999999999999,1.0,0.9999999999999999,23,8,2.244206957077664,0,2.244206957077664,False,False,False,True,0,780,13,0.4,0.3,0.3,balanced
1781434081663.86,0.4,0.3,0.3,659.0596546310832,692.7777777777778,0.13181193092621662,175.86261475150363,219.17378917378917,0.011064884239593304,0.9999999999999999,1.0,0.9999999999999999,22,8,2.2439557623576354,1,2.2439557623576354,False,False,False,True,0,781,13,0.4,0.3,0.3,balanced
1781434088167.7908,0.4,0.3,0.3,671.25431711146,708.7777777777778,0.13425086342229198,160.58958531180753,203.57075023741692,0.01004600302280237,0.9999999999999999,1.0,0.9999999999999999,20,8,2.2432858537242426,1,2.2432858537242426,False,False,False,True,0,782,13,0.4,0.3,0.3,balanced
1781434091185.576,0.4,0.3,0.3,678.2825745682889,718.1111111111111,0.13565651491365777,153.45238095238093,200.7142857142857,0.009569871978144158,0.9999999999999999,1.0,0.9999999999999999,19,8,2.2428664324410934,1,2.2428664324410934,False,False,False,True,0,783,13,0.4,0.3,0.3,balanced
1781434094512.6792,0.4,0.3,0.3,691.0941915227628,735.4444444444445,0.13821883830455256,166.54247501469723,205.96854791299236,0.010443127085703618,0.9999999999999999,1.0,0.9999999999999999,17,8,2.241579526552468,1,2.241579526552468,False,False,False,True,0,784,13,0.4,0.3,0.3,balanced
1781434097637.824,0.4,0.3,0.3,701.6766091051804,748.6666666666666,0.14033532182103609,125.88624338624338,162.70576131687244,0.007730903494746056,0.9999999999999999,1.0,0.9999999999999999,16,8,2.241546600223162,1,2.241546600223162,False,False,False,True,0,785,13,0.4,0.3,0.3,balanced
1781434100853.015,0.4,0.3,0.3,726.557299843014,779.3333333333334,0.14531145996860279,109.74500293944739,135.96266901822457,0.006654102931250659,0.9999999999999999,1.0,0.9999999999999999,14,8,2.2398791851331836,1,2.2398791851331836,False,False,False,True,0,786,13,0.4,0.3,0.3,balanced
1781434104070.927,0.4,0.3,0.3,740.1946624803767,797.1111111111111,0.14803893249607533,99.19832225387779,125.1044634377968,0.005950521831479505,0.9999999999999999,1.0,0.9999999999999999,13,8,2.2389992704521258,1,2.2389992704521258,False,False,False,True,0,787,13,0.4,0.3,0.3,balanced
1781434107488.511,0.4,0.3,0.3,776.5808477237048,844.2222222222222,0.15531616954474095,98.17313345091122,119.57231040564375,0.005882130316938707,0.9999999999999999,1.0,0.9999999999999999,11,8,2.236108893087022,1,2.236108893087022,False,False,False,True,0,788,13,0.4,0.3,0.3,balanced
1781434111004.2878,0.4,0.3,0.3,799.2182103610675,873.3333333333334,0.1598436420722135,124.36507936507937,151.52263374485597,0.007629424907610365,0.9999999999999999,1.0,0.9999999999999999,10,8,2.2337737156988315,1,2.2337737156988315,False,False,False,True,0,789,13,0.4,0.3,0.3,balanced
1781434114420.176,0.4,0.3,0.3,774.2605965463108,842.5555555555555,0.15485211930926215,113.42179939402162,142.80118030118032,0.0068993862170794945,0.9883506516159577,0.9919165196942975,0.9883506516159577,11,8,2.2324945318959584,0,2.2324945318959584,False,False,False,True,0,790,13,0.4,0.3,0.3,balanced
1781434117642.344,0.4,0.3,0.3,739.0973312401883,797.0,0.14781946624803766,116.99192782526116,151.8027856916746,0.0071375535573890035,0.9999999999999999,1.0,0.9999999999999999,13,8,2.2387309474335684,0,2.2387309474335684,False,False,False,True,0,791,13,0.4,0.3,0.3,balanced
1781434124439.594,0.4,0.3,0.3,724.5102040816327,778.4444444444445,0.14490204081632654,164.31584362139918,219.17254556143445,0.010294585965403547,0.9999999999999999,1.0,0.9999999999999999,14,8,2.2389508078838483,0,2.2389508078838483,False,False,False,True,0,792,13,0.4,0.3,0.3,balanced
1781434127659.291,0.4,0.3,0.3,706.7064364207222,753.2222222222222,0.14134128728414444,192.4092418076676,236.4233359510721,0.012168728606248673,0.9800964341780668,0.9801587301587301,0.9800964341780668,16,8,2.2338417967578876,0,2.2338417967578876,False,False,False,True,0,793,13,0.4,0.3,0.3,balanced
1781434130774.397,0.4,0.3,0.3,693.8602825745681,737.7777777777778,0.13877205651491362,151.1331569664903,196.97971781305114,0.009415153900366265,0.9999999999999999,1.0,0.9999999999999999,17,8,2.2416666312239246,0,2.2416666312239246,False,False,False,True,0,794,13,0.4,0.3,0.3,balanced
1781434133898.012,0.4,0.3,0.3,701.9544740973313,749.0,0.14039089481946626,150.74074074074073,202.88065843621402,0.009388975366293578,0.9999999999999999,1.0,0.9999999999999999,16,8,2.2410269494623254,1,2.2410269494623254,False,False,False,True,0,795,13,0.4,0.3,0.3,balanced
1781434137213.803,0.4,0.3,0.3,724.2731554160125,777.3333333333334,0.1448546310832025,131.99221046443267,166.35214579659024,0.008138239523978163,0.9999999999999999,1.0,0.9999999999999999,14,8,2.2396166757095255,1,2.2396166757095255,False,False,False,True,0,796,13,0.4,0.3,0.3,balanced
1781434140330.8152,0.4,0.3,0.3,702.4866562009419,749.2222222222222,0.14049733124018837,147.78365667254553,184.5840681951793,0.009191704914779554,0.9999999999999999,1.0,0.9999999999999999,16,8,2.241043556029491,0,2.241043556029491,False,False,False,True,0,797,13,0.4,0.3,0.3,balanced
1781434143454.915,0.4,0.3,0.3,692.3532182103611,736.3333333333334,0.1384706436420722,168.91551349884682,212.6831501831502,0.01060143519004982,0.99587185301471,0.9958847736625513,0.99587185301471,17,8,2.240192867890569,0,2.240192867890569,False,False,False,True,0,798,13,0.4,0.3,0.3,balanced
1781434146472.986,0.4,0.3,0.3,676.822605965463,716.1111111111111,0.1353645211930926,167.32877718988829,214.320987654321,0.010495582200793082,0.9999999999999999,1.0,0.9999999999999999,19,8,2.242705516862525,0,2.242705516862525,False,False,False,True,0,799,13,0.4,0.3,0.3,balanced
1781434149494.079,0.4,0.3,0.3,671.9858712715856,709.2222222222222,0.1343971742543171,166.3749265138154,205.16901822457376,0.010431949734077078,0.9999999999999999,1.0,0.9999999999999999,20,8,2.24311154537805,0,2.24311154537805,False,False,False,True,0,800,13,0.4,0.3,0.3,balanced
1781434152517.619,0.4,0.3,0.3,658.861852433281,693.3333333333334,0.1317723704866562,174.34229864785416,217.8909465020576,0.01096346221800228,0.9999999999999999,1.0,0.9999999999999999,22,8,2.2440020131399367,0,2.2440020131399367,False,False,False,True,0,801,13,0.4,0.3,0.3,balanced
1781434159734.989,0.4,0.3,0.3,438.53061224489795,458.0,0.08770612244897959,137.22222222222223,168.9430894308943,0.008487139574531169,0.6703296703296703,0.6666666666666666,0.6703296703296703,23,8,2.1634703102469497,0,2.1634703102469497,False,False,False,True,0,802,13,0.4,0.3,0.3,balanced
1781434162751.208,0.4,0.3,0.3,658.3579277864992,692.1111111111111,0.13167158555729985,183.55158730158732,221.8253968253968,0.011577824369685612,0.9999999999999999,1.0,0.9999999999999999,22,8,2.2438580184661743,1,2.2438580184661743,False,False,False,True,0,803,13,0.4,0.3,0.3,balanced
1781434166166.942,0.4,0.3,0.3,483.1459968602826,542.6666666666666,0.09662919937205652,138.51102292768957,158.2151675485009,0.008573116939805841,0.7284144427001569,0.7777777777777778,0.7284144427001569,23,8,2.1773007179792825,0,2.1773007179792825,False,False,False,True,0,804,13,0.4,0.3,0.3,balanced
1781434169094.891,0.4,0.3,0.3,646.0015698587126,676.1111111111111,0.12920031397174253,178.18613485280153,229.54415954415956,0.011219888916130856,0.9999999999999999,1.0,0.9999999999999999,25,8,2.2449539077364635,0,2.2449539077364635,False,False,False,True,0,805,13,0.4,0.3,0.3,balanced
1781434172011.184,0.4,0.3,0.3,642.7802197802198,671.7777777777778,0.12855604395604395,204.13861521620143,248.64258347016968,0.012951208486737921,0.9999999999999999,1.0,0.9999999999999999,26,8,2.244692219871561,0,2.244692219871561,False,False,False,True,0,806,13,0.4,0.3,0.3,balanced
1781434174831.77,0.4,0.3,0.3,634.0188383045526,661.4444444444445,0.1268037676609105,207.2222222222222,257.7366255144033,0.013156919427766658,0.9999999999999999,1.0,0.9999999999999999,28,8,2.2453314171073058,0,2.2453314171073058,False,False,False,True,0,807,13,0.4,0.3,0.3,balanced
1781434177655.9392,0.4,0.3,0.3,630.989010989011,657.8888888888889,0.12619780219780222,270.94650205761315,329.1358024691358,0.01740803882972736,0.9999999999999999,1.0,0.9999999999999999,29,8,2.244298467471961,0,2.244298467471961,False,False,False,True,0,808,13,0.4,0.3,0.3,balanced
1781434180479.847,0.4,0.3,0.3,622.4081632653061,645.5555555555555,0.12448163265306122,257.6594143404488,312.59304871373837,0.016521642050730406,0.9942812289751064,0.9960317460317462,0.9942812289751064,32,8,2.2435352230160883,0,2.2435352230160883,False,False,False,True,0,809,13,0.4,0.3,0.3,balanced
1781434183301.042,0.4,0.3,0.3,616.8383045525902,639.5555555555555,0.12336766091051804,275.8682266009852,344.89600437876305,0.0177363726885247,0.9999999999999999,1.0,0.9999999999999999,34,8,2.2453320238292354,0,2.2453320238292354,False,False,False,True,0,810,13,0.4,0.3,0.3,balanced
1781434186116.426,0.4,0.3,0.3,616.4992150706436,637.7777777777778,0.12329984301412872,263.75615763546796,332.9857690202518,0.01692836275086511,0.9944784279759648,0.9961685823754789,0.9944784279759648,35,8,2.2439450823618783,0,2.2439450823618783,False,False,False,True,0,811,13,0.4,0.3,0.3,balanced
1781434188839.5742,0.4,0.3,0.3,610.2935635792778,631.0,0.12205871271585557,313.3127572016461,390.5349794238684,0.020234340040136498,0.9999999999999999,1.0,0.9999999999999999,37,8,2.2451062129016166,0,2.2451062129016166,False,False,False,True,0,812,13,0.4,0.3,0.3,balanced
1781434191565.978,0.4,0.3,0.3,610.4458398744113,630.2222222222222,0.12208916797488226,335.1940035273368,414.61787184009404,0.021694062943784977,0.9999999999999999,1.0,0.9999999999999999,38,8,2.2446561139269114,0,2.2446561139269114,False,False,False,True,0,813,13,0.4,0.3,0.3,balanced
1781434197858.713,0.4,0.3,0.3,604.0926216640503,623.2222222222222,0.12081852433281005,343.8065843621399,424.7325102880658,0.02226861803616677,0.9999999999999999,1.0,0.9999999999999999,40,8,2.2449920048560257,0,2.2449920048560257,False,False,False,True,0,814,13,0.4,0.3,0.3,balanced
1781434200582.203,0.4,0.3,0.3,604.4740973312403,623.1111111111111,0.12089481946624805,356.6446208112875,440.81422692533806,0.023125058092814375,0.9999999999999999,1.0,0.9999999999999999,41,8,2.2447045547856566,0,2.2447045547856566,False,False,False,True,0,815,13,0.4,0.3,0.3,balanced
1781434203306.803,0.4,0.3,0.3,606.6028257456827,625.5555555555555,0.12132056514913654,330.0676072898295,415.5673133450912,0.02135207520279049,0.9999999999999999,1.0,0.9999999999999999,40,8,2.245066151379508,1,2.245066151379508,False,False,False,True,0,816,13,0.4,0.3,0.3,balanced
1781434206120.26,0.4,0.3,0.3,610.0847723704866,630.2222222222222,0.12201695447409731,326.3266283524904,402.68336070060207,0.021102510230319574,0.9999999999999999,1.0,0.9999999999999999,38,8,2.244862465141265,1,2.244862465141265,False,False,False,True,0,817,13,0.4,0.3,0.3,balanced
1781434208841.2322,0.4,0.3,0.3,610.3657770800627,630.6666666666666,0.12207315541601253,313.4082892416225,395.462962962963,0.020240713091502504,0.9999999999999999,1.0,0.9999999999999999,37,8,2.2450985239061443,1,2.2450985239061443,False,False,False,True,0,818,13,0.4,0.3,0.3,balanced
1781434211559.4722,0.4,0.3,0.3,609.7017268445838,629.4444444444445,0.12194034536891676,336.62771898883005,411.6005291005291,0.021789707737747167,0.9999999999999999,1.0,0.9999999999999999,38,8,2.244686949531109,0,2.244686949531109,False,False,False,True,0,819,13,0.4,0.3,0.3,balanced
1781434214279.4348,0.4,0.3,0.3,605.8587127158555,624.7777777777778,0.1211717425431711,353.39506172839504,441.6049382716049,0.022908276299425955,0.9999999999999999,1.0,0.9999999999999999,40,8,2.2446588200929036,0,2.2446588200929036,False,False,False,True,0,820,13,0.4,0.3,0.3,balanced
1781434216997.935,0.4,0.3,0.3,605.3328100470957,623.7777777777778,0.12106656200941913,370.2306335639669,458.25962103739886,0.024031396501932412,0.9999999999999999,1.0,0.9999999999999999,41,8,2.2443639562456523,0,2.2443639562456523,False,False,False,True,0,821,13,0.4,0.3,0.3,balanced
1781434219719.783,0.4,0.3,0.3,602.1507064364207,619.6666666666666,0.12043014128728415,376.4756025867137,446.6019988242211,0.024448005509453884,0.9999999999999999,1.0,0.9999999999999999,43,8,2.24449354183225,0,2.24449354183225,False,False,False,True,0,822,13,0.4,0.3,0.3,balanced
1781434222445.073,0.4,0.3,0.3,598.2464678178965,615.7777777777778,0.1196492935635793,378.4097589653145,462.1854791299235,0.024577035287879554,0.9999999999999999,1.0,0.9999999999999999,44,8,2.2447671719882045,0,2.2447671719882045,False,False,False,True,0,823,13,0.4,0.3,0.3,balanced
1781434225163.017,0.4,0.3,0.3,597.8210361067503,614.1111111111111,0.11956420722135006,473.10002736726875,599.1461412151068,0.030893931111892512,0.9999999999999999,1.0,0.9999999999999999,46,8,2.2429061377778923,0,2.2429061377778923,False,False,False,True,0,824,13,0.4,0.3,0.3,balanced
1781434231466.888,0.4,0.3,0.3,599.3799058084772,616.5555555555555,0.11987598116169546,346.7217813051146,420.4982363315696,0.022463094149774154,0.9999999999999999,1.0,0.9999999999999999,44,8,2.2453106792903896,1,2.2453106792903896,False,False,False,True,0,825,13,0.4,0.3,0.3,balanced
1781434234191.195,0.4,0.3,0.3,595.9419152276295,613.0,0.1191883830455259,400.1231527093596,486.0522714833061,0.02602556055432686,0.9999999999999999,1.0,0.9999999999999999,46,8,2.2445169786154917,0,2.2445169786154917,False,False,False,True,0,826,13,0.4,0.3,0.3,balanced
1781434236912.5112,0.4,0.3,0.3,597.4552590266876,613.8888888888889,0.11949105180533752,448.6647560258672,538.7360376249266,0.02926382628591509,0.9999999999999999,1.0,0.9999999999999999,47,8,2.2434244313920906,0,2.2434244313920906,False,False,False,True,0,827,13,0.4,0.3,0.3,balanced
1781434239535.842,0.4,0.3,0.3,594.3799058084771,610.1111111111111,0.11887598116169543,468.56995884773664,553.7132003798671,0.030591725073231265,0.9999999999999999,1.0,0.9999999999999999,49,8,2.2432720900133525,0,2.2432720900133525,False,False,False,True,0,828,13,0.4,0.3,0.3,balanced
1781434242159.503,0.4,0.3,0.3,593.4552590266877,608.8888888888889,0.11869105180533754,463.64988920544477,555.5413105413105,0.03026350161477283,0.9999999999999999,1.0,0.9999999999999999,50,8,2.2434445287934333,0,2.2434445287934333,False,False,False,True,0,829,13,0.4,0.3,0.3,balanced
1781434244877.2358,0.4,0.3,0.3,592.1145996860282,607.1111111111111,0.11842291993720565,480.2645502645502,587.1560846560847,0.03137188460737493,0.9999999999999999,1.0,0.9999999999999999,52,8,2.2432192666429054,0,2.2432192666429054,False,False,False,True,0,830,13,0.4,0.3,0.3,balanced
1781434247498.2678,0.4,0.3,0.3,593.5572998430141,608.8888888888889,0.11871145996860283,456.329534662868,575.1883507439063,0.02977515241246618,0.9999999999999999,1.0,0.9999999999999999,50,8,2.2435828702888188,1,2.2435828702888188,False,False,False,True,0,831,13,0.4,0.3,0.3,balanced
1781434250220.9822,0.4,0.3,0.3,590.5478806907378,605.6666666666666,0.11810957613814756,475.5733442802408,586.6269841269841,0.031058928904619133,0.9999999999999999,1.0,0.9999999999999999,52,8,2.243438490873355,0,2.243438490873355,False,False,False,True,0,832,13,0.4,0.3,0.3,balanced
1781434252842.082,0.4,0.3,0.3,592.0486656200942,606.6666666666666,0.11840973312401884,475.26274137385246,585.1471984805319,0.03103820823041044,0.9940694226408512,0.9958847736625513,0.9940694226408512,53,8,2.2415454710735245,0,2.2415454710735245,False,False,False,True,0,833,13,0.4,0.3,0.3,balanced
1781434255464.009,0.4,0.3,0.3,591.054945054945,606.1111111111111,0.118210989010989,476.7842445620223,573.6860670194004,0.031139709443763996,0.9999999999999999,1.0,0.9999999999999999,52,8,2.243373691562475,1,2.243373691562475,False,False,False,True,0,834,13,0.4,0.3,0.3,balanced
1781434258089.801,0.4,0.3,0.3,590.1114599686028,604.4444444444445,0.11802229199372057,501.77587844254504,624.7831592276036,0.0328069298494026,0.9999999999999999,1.0,0.9999999999999999,53,8,2.242949004247691,0,2.242949004247691,False,False,False,True,0,835,13,0.4,0.3,0.3,balanced
1781434260813.3691,0.4,0.3,0.3,589.0298273155416,603.1111111111111,0.11780596546310833,546.67008757526,649.1871921182266,0.035801873754186794,0.9999999999999999,1.0,0.9999999999999999,55,8,2.2421370516885006,0,2.2421370516885006,False,False,False,True,0,836,13,0.4,0.3,0.3,balanced
1781434267124.947,0.4,0.3,0.3,586.2354788069074,600.1111111111111,0.11724709576138148,514.4177613574166,631.1918445539136,0.033650284280014445,0.9999999999999999,1.0,0.9999999999999999,56,8,2.243006076411443,0,2.243006076411443,False,False,False,True,0,837,13,0.4,0.3,0.3,balanced
1781434269852.163,0.4,0.3,0.3,587.1868131868131,600.6666666666666,0.11743736263736261,516.5027924750148,621.469723691946,0.03378937908439058,0.9999999999999999,1.0,0.9999999999999999,55,8,2.2428882412197377,1,2.2428882412197377,False,False,False,True,0,838,13,0.4,0.3,0.3,balanced
1781434272576.4202,0.4,0.3,0.3,586.0204081632653,600.3333333333334,0.11720408163265306,526.2609469074986,631.2917350848385,0.03444035669829877,0.9999999999999999,1.0,0.9999999999999999,56,8,2.242786260337449,0,2.242786260337449,False,False,False,True,0,839,13,0.4,0.3,0.3,balanced
1781434275200.5488,0.4,0.3,0.3,586.3846153846154,600.1111111111111,0.11727692307692307,547.6513815402703,688.4097589653146,0.03586733699401403,0.9999999999999999,1.0,0.9999999999999999,58,8,2.2423290296710263,0,2.2423290296710263,False,False,False,True,0,840,13,0.4,0.3,0.3,balanced
1781434277824.025,0.4,0.3,0.3,585.2417582417581,598.6666666666666,0.11704835164835163,549.2893320671097,667.8790756568534,0.03597660654216876,0.9999999999999999,1.0,0.9999999999999999,59,8,2.2423876773780087,0,2.2423876773780087,False,False,False,True,0,841,13,0.4,0.3,0.3,balanced
1781434280547.08,0.4,0.3,0.3,584.7362637362636,597.6666666666666,0.11694725274725272,607.8065134099617,722.2003284072249,0.03988035446363987,0.9999999999999999,1.0,0.9999999999999999,61,8,2.2412569925620067,0,2.2412569925620067,False,False,False,True,0,842,13,0.4,0.3,0.3,balanced
1781434283170.797,0.4,0.3,0.3,581.4662480376766,593.3333333333334,0.11629324960753532,590.2880658436213,737.1193415637858,0.03871167884213618,0.9999999999999999,1.0,0.9999999999999999,64,8,2.241869196504345,0,2.241869196504345,False,False,False,True,0,843,13,0.4,0.3,0.3,balanced
1781434285792.1602,0.4,0.3,0.3,581.010989010989,593.6666666666666,0.11620219780219779,574.101998824221,708.5493827160494,0.037631887846845964,0.9999999999999999,1.0,0.9999999999999999,65,8,2.2422295545250672,0,2.2422295545250672,False,False,False,True,0,844,13,0.4,0.3,0.3,balanced
1781434288517.067,0.4,0.3,0.3,582.3186813186812,595.3333333333334,0.11646373626373624,677.02832005514,805.7164649597601,0.044498220150442955,0.9941690962099125,0.9960317460317462,0.9941690962099125,64,8,2.2383157683123462,1,2.2383157683123462,False,False,False,True,0,845,13,0.4,0.3,0.3,balanced
1781434291138.326,0.4,0.3,0.3,581.7425431711146,593.8888888888889,0.11634850863422291,614.6325690770136,749.5723104056437,0.04033572842408363,0.9999999999999999,1.0,0.9999999999999999,64,8,2.2413598780190855,2,2.2413598780190855,False,False,False,True,0,846,13,0.4,0.3,0.3,balanced
1781434293759.804,0.4,0.3,0.3,583.0533751962323,595.2222222222222,0.11661067503924646,621.6064079952969,748.5170487948267,0.04080096117380232,0.9941690962099125,0.9960317460317462,0.9941690962099125,65,8,2.2393661704951344,0,2.2393661704951344,False,False,False,True,0,847,13,0.4,0.3,0.3,balanced
1781434296479.857,0.4,0.3,0.3,580.6593406593407,592.2222222222222,0.11613186813186814,1856.8520799124246,2069.4116037219483,0.12320560906687289,0.9888485898338114,0.9923371647509579,0.9888485898338114,67,8,2.213240146977334,0,2.213240146977334,False,False,False,True,0,848,13,0.4,0.3,0.3,balanced
1781434299101.783,0.4,0.3,0.3,580.668759811617,591.8888888888889,0.1161337519623234,634.1328630217519,772.0061728395062,0.04163661527830233,0.9999999999999999,1.0,0.9999999999999999,68,8,2.24105551463158,0,2.24105551463158,False,False,False,True,0,849,13,0.4,0.3,0.3,balanced
1781434305303.549,0.4,0.3,0.3,580.905808477237,592.8888888888889,0.1161811616954474,691.2022339800117,822.8057025279247,0.04544377811741239,0.9999999999999999,1.0,0.9999999999999999,67,8,2.2398944018865974,1,2.2398944018865974,False,False,False,True,0,850,13,0.4,0.3,0.3,balanced
1781434308028.764,0.4,0.3,0.3,581.0957613814757,593.6666666666666,0.11621915227629513,30379.172134038803,30569.68171663727,1.0,0.9896924111994755,0.9877899877899878,0.9896924111994755,65,8,1.9504200624493246,1,1.9504200624493246,False,False,False,True,0,851,13,0.4,0.3,0.3,balanced
1781434310853.6812,0.4,0.3,0.3,545.8649921507065,525.5555555555555,0.10917299843014129,1062.7962589605734,1025.8792562724013,0.07023323942365399,0.9499269203702699,0.9042145593869731,0.9499269203702699,64,8,2.220238904911928,1,2.220238904911928,False,False,False,True,0,852,13,0.4,0.3,0.3,balanced
1781434313477.4712,0.4,0.3,0.3,583.210361067504,596.3333333333334,0.1166420722135008,532.9629629629629,656.172839506173,0.034887455834754035,0.9999999999999999,1.0,0.9999999999999999,61,8,2.2428769343641735,1,2.2428769343641735,False,False,False,True,0,853,13,0.4,0.3,0.3,balanced
1781434316199.508,0.4,0.3,0.3,585.9010989010989,599.3333333333334,0.11718021978021977,568.7588943623426,683.835522714833,0.0372754432529915,0.9999999999999999,1.0,0.9999999999999999,59,8,2.2419452791120147,1,2.2419452791120147,False,False,False,True,0,854,13,0.4,0.3,0.3,balanced
1781434318824.306,0.4,0.3,0.3,583.8461538461538,597.1111111111111,0.11676923076923076,595.8987360376249,711.5534979423869,0.03908597305120913,0.9999999999999999,1.0,0.9999999999999999,61,8,2.241566515776945,0,2.241566515776945,False,False,False,True,0,855,13,0.4,0.3,0.3,balanced
1781434321551.538,0.4,0.3,0.3,586.5353218210361,600.5555555555555,0.11730706436420721,524.1892446633825,651.8226600985222,0.034302151078277686,0.9999999999999999,1.0,0.9999999999999999,59,8,2.242786528930834,1,2.242786528930834,False,False,False,True,0,856,13,0.4,0.3,0.3,balanced
1781434324176.353,0.4,0.3,0.3,585.7802197802198,599.0,0.11715604395604395,523.4773662551439,637.1604938271605,0.03425466085758132,0.9999999999999999,1.0,0.9999999999999999,61,8,2.242861184160308,0,2.242861184160308,False,False,False,True,0,857,13,0.4,0.3,0.3,balanced
1781434326792.66,0.4,0.3,0.3,584.098901098901,597.2222222222222,0.1168197802197802,561.2419165196943,680.7598471487361,0.036773977086036976,0.9999999999999999,1.0,0.9999999999999999,64,8,2.2422398947862767,0,2.2422398947862767,False,False,False,True,0,858,13,0.4,0.3,0.3,balanced
1781434329415.03,0.4,0.3,0.3,584.9874411302983,598.4444444444445,0.11699748822605965,528.2774838330394,639.6560846560847,0.03457488217698728,0.9999999999999999,1.0,0.9999999999999999,61,8,2.24282854005648,1,2.24282854005648,False,False,False,True,0,859,13,0.4,0.3,0.3,balanced
1781434332038.435,0.4,0.3,0.3,585.6043956043957,599.0,0.11712087912087914,584.835390946502,705.843621399177,0.03834792467955317,0.9999999999999999,1.0,0.9999999999999999,61,8,2.2416472709477824,2,2.2416472709477824,False,False,False,True,0,860,13,0.4,0.3,0.3,balanced
1781434334662.954,0.4,0.3,0.3,583.2072213500784,595.4444444444445,0.11664144427001567,616.3256907701351,738.2951205173426,0.04044867850367813,0.9999999999999999,1.0,0.9999999999999999,64,8,2.24120881874089,0,2.24120881874089,False,False,False,True,0,861,13,0.4,0.3,0.3,balanced
1781434340873.22,0.4,0.3,0.3,586.6734693877551,600.0,0.11733469387755101,537.3640505584949,669.9867724867725,0.03518105740883889,0.9999999999999999,1.0,0.9999999999999999,61,8,2.2425118052263278,1,2.2425118052263278,False,False,False,True,0,862,13,0.4,0.3,0.3,balanced
1781434343698.123,0.4,0.3,0.3,497.06436420722133,539.3333333333334,0.09941287284144426,541.0209080047789,591.2640382317802,0.03542501054067904,0.836734693877551,0.8888888888888888,0.836734693877551,59,8,2.200627755864484,1,2.200627755864484,False,False,False,True,0,863,13,0.4,0.3,0.3,balanced
1781434346322.966,0.4,0.3,0.3,587.2103610675039,600.6666666666666,0.11744207221350077,522.5191064079952,643.8418577307465,0.034190734250033036,0.9999999999999999,1.0,0.9999999999999999,58,8,2.2427659508395896,1,2.2427659508395896,False,False,False,True,0,864,13,0.4,0.3,0.3,balanced
1781434349037.68,0.4,0.3,0.3,588.8571428571428,602.2222222222222,0.11777142857142855,460.64792008757524,584.1817186644773,0.030063236830391943,0.9999999999999999,1.0,0.9999999999999999,56,8,2.243872457522311,1,2.243872457522311,False,False,False,True,0,865,13,0.4,0.3,0.3,balanced
1781434351661.415,0.4,0.3,0.3,588.9387755102041,603.0,0.11778775510204081,450.23425134536245,556.2709718265273,0.029368529109096896,0.9999999999999999,1.0,0.9999999999999999,55,8,2.2440743392264544,1,2.2440743392264544,False,False,False,True,0,866,13,0.4,0.3,0.3,balanced
1781434354286.4521,0.4,0.3,0.3,591.2370486656199,605.5555555555555,0.11824740973312398,448.5185185185184,580.1646090534979,0.02925407061497788,0.9999999999999999,1.0,0.9999999999999999,53,8,2.243924814922257,1,2.243924814922257,False,False,False,True,0,867,13,0.4,0.3,0.3,balanced
1781434357006.836,0.4,0.3,0.3,591.938775510204,607.3333333333334,0.11838775510204079,453.450176366843,550.1234567901233,0.029583067135880117,0.9999999999999999,1.0,0.9999999999999999,52,8,2.2437699778184195,1,2.2437699778184195,False,False,False,True,0,868,13,0.4,0.3,0.3,balanced
1781434359729.5488,0.4,0.3,0.3,595.4505494505495,611.3333333333334,0.1190901098901099,441.66666666666663,535.128626163109,0.028796975761618854,0.9999999999999999,1.0,0.9999999999999999,50,8,2.2437248633154705,1,2.2437248633154705,False,False,False,True,0,869,13,0.4,0.3,0.3,balanced
1781434363156.548,0.4,0.3,0.3,392.2448979591836,407.3333333333333,0.07844897959183672,240.5365208413989,296.5860110982062,0.015379354292288119,0.6593406593406593,0.6666666666666666,0.6593406593406593,49,8,2.1618087996777766,1,2.1618087996777766,False,False,False,True,0,870,13,0.4,0.3,0.3,balanced
1781434365879.3098,0.4,0.3,0.3,597.9890109890109,614.7777777777778,0.11959780219780218,386.55202821869483,487.75867136978246,0.025120215358151756,0.9999999999999999,1.0,0.9999999999999999,47,8,2.2446248145134335,1,2.2446248145134335,False,False,False,True,0,871,13,0.4,0.3,0.3,balanced
1781434368492.9531,0.4,0.3,0.3,594.6718995290424,610.5555555555555,0.11893437990580849,371.11348528015196,471.2899651788541,0.02409029254704149,0.9999999999999999,1.0,0.9999999999999999,49,8,2.245199160273564,0,2.245199160273564,False,False,False,True,0,872,13,0.4,0.3,0.3,balanced
1781434374697.594,0.4,0.3,0.3,596.1789638932496,612.3333333333334,0.11923579277864992,416.04859132636903,510.3561253561254,0.027087964731578987,0.9999999999999999,1.0,0.9999999999999999,49,8,2.2441792934690663,2,2.2441792934690663,False,False,False,True,0,873,13,0.4,0.3,0.3,balanced
1781434377419.437,0.4,0.3,0.3,598.5337519623233,615.2222222222222,0.11970675039246466,384.0836272780717,479.1975308641974,0.024955545515548478,0.9999999999999999,1.0,0.9999999999999999,47,8,2.2446306361883495,1,2.2446306361883495,False,False,False,True,0,874,13,0.4,0.3,0.3,balanced
1781434380143.959,0.4,0.3,0.3,598.8414442700156,615.7777777777778,0.11976828885400312,398.7529394473838,490.5893592004703,0.02593415206453528,0.9999999999999999,1.0,0.9999999999999999,46,8,2.2443124388390383,1,2.2443124388390383,False,False,False,True,0,875,13,0.4,0.3,0.3,balanced
1781434382869.3809,0.4,0.3,0.3,600.6122448979592,618.5555555555555,0.12012244897959183,376.0686918445538,464.04214559386975,0.024420860029656693,0.9999999999999999,1.0,0.9999999999999999,44,8,2.2446247623992663,1,2.2446247623992663,False,False,False,True,0,876,13,0.4,0.3,0.3,balanced
1781434385593.604,0.4,0.3,0.3,602.684458398744,620.4444444444445,0.1205368916797488,344.1064079952969,438.13932980599645,0.022288619612761632,0.9999999999999999,1.0,0.9999999999999999,43,8,2.245098657444272,1,2.245098657444272,False,False,False,True,0,877,13,0.4,0.3,0.3,balanced
1781434388317.624,0.4,0.3,0.3,607.2244897959183,626.3333333333334,0.12144489795918366,319.44048749604303,396.1855017410573,0.020643127918348436,0.9939531368102795,0.9958847736625513,0.9939531368102795,41,8,2.243415043483906,1,2.243415043483906,False,False,False,True,0,878,13,0.4,0.3,0.3,balanced
1781434391034.188,0.4,0.3,0.3,607.9058084772371,627.3333333333334,0.12158116169544742,338.99764844209284,423.830099941211,0.021947808435096253,0.9999999999999999,1.0,0.9999999999999999,40,8,2.2447831927912922,1,2.2447831927912922,False,False,False,True,0,879,13,0.4,0.3,0.3,balanced
1781434393960.4758,0.4,0.3,0.3,523.2527472527472,570.6666666666666,0.10465054945054944,294.65591397849465,335.4540023894863,0.01898972074573013,0.8398744113029826,0.8888888888888888,0.8398744113029826,38,8,2.204405187386956,1,2.204405187386956,False,False,False,True,0,880,13,0.4,0.3,0.3,balanced
1781434396680.9658,0.4,0.3,0.3,611.414442700157,632.1111111111111,0.1222828885400314,323.8667299778411,414.6280468502691,0.0209384076035918,0.9999999999999999,1.0,0.9999999999999999,37,8,2.2448053223029096,1,2.2448053223029096,False,False,False,True,0,881,13,0.4,0.3,0.3,balanced
1781434399395.494,0.4,0.3,0.3,615.0926216640502,637.2222222222222,0.12301852433281003,276.85185185185185,350.4526748971193,0.017801991451090852,0.9999999999999999,1.0,0.9999999999999999,35,8,2.2454519928315486,1,2.2454519928315486,False,False,False,True,0,882,13,0.4,0.3,0.3,balanced
1781434402219.729,0.4,0.3,0.3,617.3846153846152,639.5555555555555,0.12347692307692305,291.35331143951834,359.4594964422551,0.018769400362876474,0.9999999999999999,1.0,0.9999999999999999,34,8,2.2449784106603676,1,2.2449784106603676,False,False,False,True,0,883,13,0.4,0.3,0.3,balanced
1781434405036.9001,0.4,0.3,0.3,623.1758241758241,647.0,0.12463516483516482,272.96182266009856,338.7014230979748,0.017542483166117315,0.9999999999999999,1.0,0.9999999999999999,32,8,2.244883189116099,1,2.244883189116099,False,False,False,True,0,884,13,0.4,0.3,0.3,balanced
1781434411442.321,0.4,0.3,0.3,631.9874411302982,658.2222222222222,0.12639748822605965,253.5515873015873,317.00029394473836,0.0162476042229211,0.9999999999999999,1.0,0.9999999999999999,29,8,2.2445667234427,1,2.2445667234427,False,False,False,True,0,885,13,0.4,0.3,0.3,balanced
1781434414263.333,0.4,0.3,0.3,632.3751962323391,660.1111111111111,0.12647503924646783,222.81180753402975,288.9157961380183,0.014196918447900584,0.9999999999999999,1.0,0.9999999999999999,28,8,2.2451509087670427,1,2.2451509087670427,False,False,False,True,0,886,13,0.4,0.3,0.3,balanced
1781434417190.661,0.4,0.3,0.3,640.3233908948196,669.5555555555555,0.12806467817896391,222.19896004378765,282.907772304324,0.01415603469271432,0.9999999999999999,1.0,0.9999999999999999,26,8,2.2445273183206003,1,2.2445273183206003,False,False,False,True,0,887,13,0.4,0.3,0.3,balanced
1781434420115.852,0.4,0.3,0.3,644.6216640502355,674.5555555555555,0.1289243328100471,180.7936507936508,230.0793650793651,0.011393839279096119,0.9999999999999999,1.0,0.9999999999999999,25,8,2.245012115092252,1,2.245012115092252,False,False,False,True,0,888,13,0.4,0.3,0.3,balanced
1781434423037.051,0.4,0.3,0.3,653.6907378335949,686.4444444444445,0.13073814756671898,195.63345091122866,243.49353321575543,0.012383819273597642,0.9999999999999999,1.0,0.9999999999999999,23,8,2.243989595191233,1,2.243989595191233,False,False,False,True,0,889,13,0.4,0.3,0.3,balanced
1781434426057.663,0.4,0.3,0.3,659.0,693.4444444444445,0.1318,194.2297127450384,252.06779987431324,0.012290174299202029,0.9999999999999999,1.0,0.9999999999999999,22,8,2.243592947710239,1,2.243592947710239,False,False,False,True,0,890,13,0.4,0.3,0.3,balanced
1781434429070.389,0.4,0.3,0.3,669.9089481946623,707.8888888888889,0.13398178963893248,218.78600823045267,268.3891828336273,0.013928352783886102,0.9999999999999999,1.0,0.9999999999999999,20,8,2.242228778309261,1,2.242228778309261,False,False,False,True,0,891,13,0.4,0.3,0.3,balanced
1781434432094.804,0.4,0.3,0.3,678.1114599686028,717.8888888888889,0.13562229199372056,212.82333921222806,259.4988242210464,0.013530576331703006,0.9999999999999999,1.0,0.9999999999999999,19,8,2.241691910303001,1,2.241691910303001,False,False,False,True,0,892,13,0.4,0.3,0.3,balanced
1781434435118.467,0.4,0.3,0.3,672.1459968602825,710.0,0.1344291993720565,198.65226337448559,250.94944150499708,0.012585207696763547,0.9999999999999999,1.0,0.9999999999999999,20,8,2.2424527579421483,0,2.2424527579421483,False,False,False,True,0,893,13,0.4,0.3,0.3,balanced
1781434438032.304,0.4,0.3,0.3,660.2590266875981,694.5555555555555,0.13205180533751962,174.40035273368605,213.5743680188125,0.010967335072293933,0.9999999999999999,1.0,0.9999999999999999,22,8,2.243889077343304,0,2.243889077343304,False,False,False,True,0,894,13,0.4,0.3,0.3,balanced
1781434440957.721,0.4,0.3,0.3,654.2558869701727,687.4444444444445,0.13085117739403454,192.89756025867138,241.27131099353326,0.012201304887169539,0.9999999999999999,1.0,0.9999999999999999,23,8,2.2439991375762354,0,2.2439991375762354,False,False,False,True,0,895,13,0.4,0.3,0.3,balanced
1781434447466.422,0.4,0.3,0.3,646.6263736263736,676.4444444444445,0.12932527472527472,175.47619047619045,227.85714285714286,0.01103910543536961,0.9999999999999999,1.0,0.9999999999999999,25,8,2.244958158479279,0,2.244958158479279,False,False,False,True,0,896,13,0.4,0.3,0.3,balanced
1781434450385.0068,0.4,0.3,0.3,654.513343799058,687.0,0.1309026687598116,185.92151675485007,226.55055849500295,0.011735925067034695,0.9999999999999999,1.0,0.9999999999999999,23,8,2.244118154975965,1,2.244118154975965,False,False,False,True,0,897,13,0.4,0.3,0.3,balanced
1781434453301.121,0.4,0.3,0.3,658.9623233908948,693.1111111111111,0.13179246467817896,182.4786890064668,226.19194591416812,0.011506250100498118,0.9999999999999999,1.0,0.9999999999999999,22,8,2.243831139098579,1,2.243831139098579,False,False,False,True,0,898,13,0.4,0.3,0.3,balanced
1781434456318.053,0.4,0.3,0.3,670.386185243328,707.8888888888889,0.1340772370486656,155.9648736037625,188.070252792475,0.009737483229070214,0.9999999999999999,1.0,0.9999999999999999,20,8,2.2434478602118126,1,2.2434478602118126,False,False,False,True,0,899,13,0.4,0.3,0.3,balanced
1781434459337.093,0.4,0.3,0.3,671.1255886970172,708.5555555555555,0.13422511773940343,155.88403880070544,196.28453850676073,0.009732090647145126,0.9999999999999999,1.0,0.9999999999999999,20,8,2.243390325710095,2,2.243390325710095,False,False,False,True,0,900,13,0.4,0.3,0.3,balanced
1781434462363.593,0.4,0.3,0.3,677.0078492935635,717.1111111111111,0.13540156985871268,141.56378600823044,173.58024691358025,0.008776770247380283,0.9999999999999999,1.0,0.9999999999999999,19,8,2.243206340982301,1,2.243206340982301,False,False,False,True,0,901,13,0.4,0.3,0.3,balanced
1781434465488.912,0.4,0.3,0.3,692.0470957613815,736.2222222222222,0.13840941915227628,127.46031746031744,160.7142857142857,0.007835911771869075,0.9999999999999999,1.0,0.9999999999999999,17,8,2.2422854588075287,1,2.2422854588075287,False,False,False,True,0,902,13,0.4,0.3,0.3,balanced
1781434468606.204,0.4,0.3,0.3,702.684458398744,750.1111111111111,0.1405368916797488,114.16446208112875,145.47472075249854,0.006948930092136674,0.9999999999999999,1.0,0.9999999999999999,16,8,2.2417005643004595,1,2.2417005643004595,False,False,False,True,0,903,13,0.4,0.3,0.3,balanced
1781434471819.012,0.4,0.3,0.3,725.4568288854003,779.0,0.14509136577708007,137.67710170487945,185.80540858318633,0.008517485103727782,0.9999999999999999,1.0,0.9999999999999999,14,8,2.2394082081580495,1,2.2394082081580495,False,False,False,True,0,904,13,0.4,0.3,0.3,balanced
1781434475137.021,0.4,0.3,0.3,739.7425431711144,797.1111111111111,0.1479485086342229,134.63256907701353,181.07289829512052,0.008314380859040262,0.9999999999999999,1.0,0.9999999999999999,13,8,2.2383262822885985,1,2.2383262822885985,False,False,False,True,0,905,13,0.4,0.3,0.3,balanced
1781434482137.188,0.4,0.3,0.3,774.9544740973312,843.4444444444445,0.15499089481946624,134.10199882422106,168.18048206937095,0.008278985912222885,0.9999999999999999,1.0,0.9999999999999999,11,8,2.2355199462985467,1,2.2355199462985467,False,False,False,True,0,906,13,0.4,0.3,0.3,balanced
1781434485660.807,0.4,0.3,0.3,797.4615384615385,872.6666666666666,0.15949230769230768,157.69179894179894,203.86831275720164,0.009852688388378848,0.9999999999999999,1.0,0.9999999999999999,10,8,2.2332472704065633,1,2.2332472704065633,False,False,False,True,0,907,13,0.4,0.3,0.3,balanced
1781434496088.346,0.4,0.3,0.3,120.52590266875981,230.55555555555554,0.024105180533751963,17.58953168044077,11.72635445362718,0.0005063063162402115,0.11616954474097331,0.2222222222222222,0.11616954474097331,10,8,2.025056899313919,2,2.025056899313919,False,False,False,True,0,908,13,0.4,0.3,0.3,balanced
1781434499510.333,0.4,0.3,0.3,774.673469387755,843.5555555555555,0.154934693877551,140.85978835978835,183.61845972957084,0.008729805761159996,0.9999999999999999,1.0,0.9999999999999999,11,8,2.2354071807206317,0,2.2354071807206317,False,False,False,True,0,909,13,0.4,0.3,0.3,balanced
1781434502727.16,0.4,0.3,0.3,738.6122448979592,796.8888888888889,0.14772244897959183,164.71193415637862,207.32510288065845,0.010321009616836466,0.9999999999999999,1.0,0.9999999999999999,13,8,2.2378147175231122,0,2.2378147175231122,False,False,False,True,0,910,13,0.4,0.3,0.3,balanced
1781434505947.6719,0.4,0.3,0.3,722.9905808477237,777.4444444444445,0.14459811616954474,184.2408877131099,230.37184009406232,0.01162380838646497,0.9999999999999999,1.0,0.9999999999999999,14,8,2.2386736110162424,0,2.2386736110162424,False,False,False,True,0,911,13,0.4,0.3,0.3,balanced
1781434509067.413,0.4,0.3,0.3,701.6766091051805,749.2222222222222,0.1403353218210361,159.31143445032336,202.71751910640802,0.009960736120768737,0.9999999999999999,1.0,0.9999999999999999,16,8,2.2408776504353547,0,2.2408776504353547,False,False,False,True,0,912,13,0.4,0.3,0.3,balanced
1781434512091.602,0.4,0.3,0.3,692.9058084772371,737.5555555555555,0.13858116169544743,172.09876543209876,222.4279835390947,0.010813793557845147,0.9999999999999999,1.0,0.9999999999999999,17,8,2.2413233972544675,0,2.2413233972544675,False,False,False,True,0,913,13,0.4,0.3,0.3,balanced
1781434518703.8218,0.4,0.3,0.3,678.8194662480375,718.5555555555555,0.1357638932496075,164.6979717813051,205.3997648442093,0.010320078170867586,0.9999999999999999,1.0,0.9999999999999999,19,8,2.2425984192488966,0,2.2425984192488966,False,False,False,True,0,914,13,0.4,0.3,0.3,balanced
1781434521731.354,0.4,0.3,0.3,671.0282574568288,708.8888888888889,0.13420565149136576,177.37801293356847,215.97883597883595,0.011165978181025249,0.9999999999999999,1.0,0.9999999999999999,20,8,2.242967945949146,0,2.242967945949146,False,False,False,True,0,915,13,0.4,0.3,0.3,balanced
1781434524654.665,0.4,0.3,0.3,658.9623233908948,693.5555555555555,0.13179246467817896,177.08112874779542,220.30864197530866,0.011146172698318574,0.9999999999999999,1.0,0.9999999999999999,22,8,2.243939162319233,0,2.243939162319233,False,False,False,True,0,916,13,0.4,0.3,0.3,balanced
1781434527580.16,0.4,0.3,0.3,653.425431711146,686.3333333333334,0.1306850863422292,178.45238095238093,226.2698412698413,0.011237650497156833,0.9999999999999999,1.0,0.9999999999999999,23,8,2.244354670313961,0,2.244354670313961,False,False,False,True,0,917,13,0.4,0.3,0.3,balanced
1781434530493.9211,0.4,0.3,0.3,659.2794348508635,693.5555555555555,0.1318558869701727,182.45296884185768,233.13051146384475,0.011504534278976497,0.9999999999999999,1.0,0.9999999999999999,22,8,2.243806284928238,1,2.243806284928238,False,False,False,True,0,918,13,0.4,0.3,0.3,balanced
1781434533518.095,0.4,0.3,0.3,653.3328100470957,686.2222222222222,0.13066656200941915,186.96722516166957,246.1669606114051,0.011805685467756476,0.9903005158107199,0.9920634920634921,0.9903005158107199,23,8,2.2412818242991213,0,2.2412818242991213,False,False,False,True,0,919,13,0.4,0.3,0.3,balanced
1781434536435.235,0.4,0.3,0.3,642.3877551020407,673.0,0.12847755102040814,222.97619047619045,287.30158730158723,0.014207884621493692,0.9999999999999999,1.0,0.9999999999999999,25,8,2.2443466142053885,0,2.2443466142053885,False,False,False,True,0,920,13,0.4,0.3,0.3,balanced
1781434539257.732,0.4,0.3,0.3,640.5981161695447,669.3333333333334,0.12811962323390894,251.3455320399765,309.78982951205177,0.016100435759838324,0.9999999999999999,1.0,0.9999999999999999,26,8,2.243922019978485,0,2.243922019978485,False,False,False,True,0,921,13,0.4,0.3,0.3,balanced
1781434542175.091,0.4,0.3,0.3,645.3469387755101,675.3333333333334,0.12906938775510202,173.7712096332786,226.19184455391348,0.01092536421836415,0.9999999999999999,1.0,0.9999999999999999,25,8,2.2450946356324497,1,2.2450946356324497,False,False,False,True,0,922,13,0.4,0.3,0.3,balanced
1781434545100.699,0.4,0.3,0.3,654.3516483516484,687.1111111111111,0.13087032967032966,171.7519106407995,214.22398589065256,0.010790654479039328,0.9999999999999999,1.0,0.9999999999999999,23,8,2.244414671788156,1,2.244414671788156,False,False,False,True,0,923,13,0.4,0.3,0.3,balanced
1781434548026.823,0.4,0.3,0.3,647.098901098901,677.5555555555555,0.1294197802197802,198.88007054673722,257.1413874191652,0.012600404973097879,0.9999999999999999,1.0,0.9999999999999999,25,8,2.2444519664201583,0,2.2444519664201583,False,False,False,True,0,924,13,0.4,0.3,0.3,balanced
1781434554414.72,0.4,0.3,0.3,641.8226059654631,671.2222222222222,0.12836452119309263,206.27572016460906,260.74074074074076,0.013093777195771117,0.9999999999999999,1.0,0.9999999999999999,26,8,2.2447260583640314,0,2.2447260583640314,False,False,False,True,0,925,13,0.4,0.3,0.3,balanced
1781434557227.773,0.4,0.3,0.3,635.021978021978,661.6666666666666,0.1270043956043956,233.37301587301585,292.2501469723692,0.014901468704003726,0.9999999999999999,1.0,0.9999999999999999,28,8,2.2447278011470404,0,2.2447278011470404,False,False,False,True,0,926,13,0.4,0.3,0.3,balanced
1781434560050.193,0.4,0.3,0.3,631.4285714285713,657.8888888888889,0.12628571428571428,216.66666666666663,279.08730158730157,0.013786969090504779,0.9999999999999999,1.0,0.9999999999999999,29,8,2.2453496235585626,0,2.2453496235585626,False,False,False,True,0,927,13,0.4,0.3,0.3,balanced
1781434562874.185,0.4,0.3,0.3,622.9010989010989,646.6666666666666,0.12458021978021977,282.12301587301585,367.6984126984127,0.01815363681607844,0.9999999999999999,1.0,0.9999999999999999,32,8,2.2447218210430884,0,2.2447218210430884,False,False,False,True,0,928,13,0.4,0.3,0.3,balanced
1781434565587.98,0.4,0.3,0.3,617.9403453689168,641.6666666666666,0.12358806907378336,349.32098765432096,451.19341563786,0.022636490170401664,0.9999999999999999,1.0,0.9999999999999999,34,8,2.243773825319366,0,2.243773825319366,False,False,False,True,0,929,13,0.4,0.3,0.3,balanced
1781434568412.468,0.4,0.3,0.3,614.5667189952904,636.6666666666666,0.12291334379905809,374.69135802469134,459.40770135214575,0.02432897651932564,0.9999999999999999,1.0,0.9999999999999999,35,8,2.243535969524579,0,2.243535969524579,False,False,False,True,0,930,13,0.4,0.3,0.3,balanced
1781434571137.9038,0.4,0.3,0.3,610.7660910518053,631.4444444444445,0.12215321821036107,317.4691358024691,396.8724279835391,0.02051161679802996,0.9999999999999999,1.0,0.9999999999999999,37,8,2.2449852276764464,0,2.2449852276764464,False,False,False,True,0,931,13,0.4,0.3,0.3,balanced
1781434573862.821,0.4,0.3,0.3,609.1695447409733,629.4444444444445,0.12183390894819465,324.4444444444444,408.5723330167774,0.020976947594692756,0.9999999999999999,1.0,0.9999999999999999,38,8,2.2449733521423143,0,2.2449733521423143,False,False,False,True,0,932,13,0.4,0.3,0.3,balanced
1781434576586.476,0.4,0.3,0.3,605.2762951334379,625.3333333333334,0.12105525902668758,329.50617283950623,420.2880658436214,0.02131462127014718,0.9999999999999999,1.0,0.9999999999999999,40,8,2.245183510008281,0,2.245183510008281,False,False,False,True,0,933,13,0.4,0.3,0.3,balanced
1781434579310.545,0.4,0.3,0.3,603.7441130298273,622.7777777777778,0.12074882260596546,373.2668566001899,463.23678379233934,0.02423394640428218,0.9999999999999999,1.0,0.9999999999999999,41,8,2.2444302870363293,0,2.2444302870363293,False,False,False,True,0,934,13,0.4,0.3,0.3,balanced
1781434582034.153,0.4,0.3,0.3,601.0957613814757,619.1111111111111,0.12021915227629514,372.61904761904765,459.40476190476187,0.02419073032815528,0.9999999999999999,1.0,0.9999999999999999,43,8,2.244655119991035,0,2.244655119991035,False,False,False,True,0,935,13,0.4,0.3,0.3,balanced
1781434584755.433,0.4,0.3,0.3,598.8869701726843,616.2222222222222,0.11977739403453685,400.30705919594806,504.40012662234886,0.02603782916584043,0.9999999999999999,1.0,0.9999999999999999,44,8,2.244277693636433,0,2.244277693636433,False,False,False,True,0,936,13,0.4,0.3,0.3,balanced
1781434591068.748,0.4,0.3,0.3,601.844583987441,619.4444444444445,0.12036891679748819,432.5896531452087,543.1731334509111,0.028191437834903847,0.9999999999999999,1.0,0.9999999999999999,43,8,2.2433950019305335,1,2.2433950019305335,False,False,False,True,0,937,13,0.4,0.3,0.3,balanced
1781434593793.453,0.4,0.3,0.3,599.795918367347,617.4444444444445,0.1199591836734694,402.53968253968253,505.7539682539682,0.026186770015989496,0.9999999999999999,1.0,0.9999999999999999,44,8,2.2441602955258153,0,2.2441602955258153,False,False,False,True,0,938,13,0.4,0.3,0.3,balanced
1781434596513.96,0.4,0.3,0.3,602.25431711146,619.4444444444445,0.12045086342229198,424.9382716049382,501.6093474426808,0.02768100544395852,0.9942812289751065,0.9960317460317462,0.9942812289751065,43,8,2.2417997216904277,1,2.2417997216904277,False,False,False,True,0,939,13,0.4,0.3,0.3,balanced
1781434599230.959,0.4,0.3,0.3,601.0502354788068,619.0,0.12021004709576137,388.9101998824221,480.2792475014698,0.025277531679948104,0.9999999999999999,1.0,0.9999999999999999,43,8,2.244332721657711,2,2.244332721657711,False,False,False,True,0,940,13,0.4,0.3,0.3,balanced
1781434601953.723,0.4,0.3,0.3,599.6970172684457,617.4444444444445,0.11993940345368914,372.9043513957307,487.6176792556103,0.02420976326856109,0.9999999999999999,1.0,0.9999999999999999,44,8,2.2447613096379557,0,2.2447613096379557,False,False,False,True,0,941,13,0.4,0.3,0.3,balanced
1781434604678.0852,0.4,0.3,0.3,598.2323390894819,614.7777777777778,0.11964646781789638,375.2233980011757,467.11787184009404,0.024364469513087107,0.9999999999999999,1.0,0.9999999999999999,46,8,2.2448320720189154,0,2.2448320720189154,False,False,False,True,0,942,13,0.4,0.3,0.3,balanced
1781434607404.082,0.4,0.3,0.3,596.1287284144427,612.8888888888889,0.11922574568288853,385.03968253968253,473.57142857142856,0.025019325052680622,0.9999999999999999,1.0,0.9999999999999999,47,8,2.2448039042110404,0,2.2448039042110404,False,False,False,True,0,943,13,0.4,0.3,0.3,balanced
1781434625612.601,0.4,0.3,0.3,593.2229199372056,609.0,0.11864458398744111,374.3099081987971,479.0012662234885,0.024303529566297336,0.9999999999999999,1.0,0.9999999999999999,49,8,2.2452511075351342,0,2.2452511075351342,False,False,False,True,0,944,13,0.4,0.3,0.3,balanced
1781434648844.262,0.4,0.3,0.3,595.850863422292,611.1111111111111,0.11917017268445841,437.9906616017727,551.4324153213042,0.028551745270298377,0.9999999999999999,1.0,0.9999999999999999,50,8,2.243766407345127,0,2.243766407345127,False,False,False,True,0,945,13,0.4,0.3,0.3,balanced
1781434675657.909,0.4,0.3,0.3,594.6797488226059,610.1111111111111,0.11893594976452118,408.3048433048433,500.27540360873695,0.026571370467301087,0.9999999999999999,1.0,0.9999999999999999,50,8,2.244454208954001,2,2.244454208954001,False,False,False,True,0,946,13,0.4,0.3,0.3,balanced
1781434702477.6868,0.4,0.3,0.3,594.1962323390894,610.0,0.11883924646781788,426.09211775878435,515.7264957264957,0.02775797983714372,0.9999999999999999,1.0,0.9999999999999999,49,8,2.24413690746173,1,2.24413690746173,False,False,False,True,0,947,13,0.4,0.3,0.3,balanced
1781434737594.781,0.4,0.3,0.3,597.2040816326531,614.3333333333334,0.11944081632653063,1003.5685924019257,1123.347502264169,0.06628209422294368,0.7541141187991232,0.7539174785551597,0.7541141187991232,50,8,2.1585732808422415,0,2.1585732808422415,False,False,False,True,0,948,13,0.4,0.3,0.3,balanced
1781434761222.2441,0.4,0.3,0.3,591.5714285714284,606.3333333333334,0.11831428571428569,443.7448559670782,546.7204811649257,0.02893561414056559,0.9999999999999999,1.0,0.9999999999999999,52,8,2.243993601472116,0,2.243993601472116,False,False,False,True,0,949,13,0.4,0.3,0.3,balanced
1781434788139.575,0.4,0.3,0.3,589.0894819466248,603.5555555555555,0.11781789638932497,437.09559987337764,532.6938904716683,0.028492034681346073,0.9999999999999999,1.0,0.9999999999999999,53,8,2.2443252310398663,0,2.2443252310398663,False,False,False,True,0,950,13,0.4,0.3,0.3,balanced
1781434814948.199,0.4,0.3,0.3,592.640502354788,607.0,0.11852810047095762,395.40123456790127,495.1202912314024,0.02571055600853244,0.9999999999999999,1.0,0.9999999999999999,52,8,2.2448755930090574,1,2.2448755930090574,False,False,False,True,0,951,13,0.4,0.3,0.3,balanced
1781434841775.775,0.4,0.3,0.3,589.8335949764521,603.7777777777778,0.11796671899529042,464.6913580246914,562.962962962963,0.030332979187771274,0.9999999999999999,1.0,0.9999999999999999,53,8,2.2437134186455525,0,2.2437134186455525,False,False,False,True,0,952,13,0.4,0.3,0.3,balanced
1781434865409.066,0.4,0.3,0.3,589.3437990580846,603.2222222222222,0.11786875981161693,511.16492560937,652.6353276353277,0.033433283896555706,0.9999999999999999,1.0,0.9999999999999999,55,8,2.2428225109063864,0,2.2428225109063864,False,False,False,True,0,953,13,0.4,0.3,0.3,balanced
1781434892818.697,0.4,0.3,0.3,587.8006279434849,601.8888888888889,0.11756012558869697,478.7298195631529,589.3114909781576,0.03126950097152454,0.9999999999999999,1.0,0.9999999999999999,56,8,2.2435950994730636,0,2.2435950994730636,False,False,False,True,0,954,13,0.4,0.3,0.3,balanced
1781434919923.369,0.4,0.3,0.3,588.6687598116168,602.8888888888889,0.11773375196232337,491.554289332067,614.2101930990821,0.03212503597945744,0.9999999999999999,1.0,0.9999999999999999,55,8,2.2432689884212333,1,2.2432689884212333,False,False,False,True,0,955,13,0.4,0.3,0.3,balanced
1781434943556.4302,0.4,0.3,0.3,587.1083202511774,600.6666666666666,0.11742166405023548,543.4512503956948,692.008547008547,0.03558714145401567,0.9999999999999999,1.0,0.9999999999999999,56,8,2.242355191943701,0,2.242355191943701,False,False,False,True,0,956,13,0.4,0.3,0.3,balanced
1781434970774.185,0.4,0.3,0.3,589.5949764521192,604.1111111111111,0.11791899529042385,2870.127413738525,2746.696739474517,0.19080236249089558,0.9999999999999999,1.0,0.9999999999999999,55,8,2.1955916931365618,1,2.1955916931365618,False,False,False,True,0,957,13,0.4,0.3,0.3,balanced
1781434997789.823,0.4,0.3,0.3,590.3532182103611,604.2222222222222,0.11807064364207222,474.9841722063944,598.3792339347895,0.031019624563468608,0.9999999999999999,1.0,0.9999999999999999,56,8,2.2434658551741307,0,2.2434658551741307,False,False,False,True,0,958,13,0.4,0.3,0.3,balanced
1781435024798.5361,0.4,0.3,0.3,589.6248037676609,604.1111111111111,0.11792496075353218,641.1680911680911,777.0275403608737,0.042105943373455045,0.9999999999999999,1.0,0.9999999999999999,55,8,2.2401982326865504,1,2.2401982326865504,False,False,False,True,0,959,13,0.4,0.3,0.3,balanced
1781435048326.297,0.4,0.3,0.3,589.9764521193092,605.0,0.11799529042386184,433.45758151313703,530.9370053814498,0.028249338326426753,0.99587185301471,0.9958847736625513,0.99587185301471,53,8,2.2430886382369404,1,2.2430886382369404,False,False,False,True,0,960,13,0.4,0.3,0.3,balanced
1781435075744.311,0.4,0.3,0.3,589.1726844583987,603.4444444444445,0.11783453689167975,466.8423551756885,578.4789490345047,0.030476474661486893,0.9999999999999999,1.0,0.9999999999999999,55,8,2.243723242844882,0,2.243723242844882,False,False,False,True,0,961,13,0.4,0.3,0.3,balanced
1781435102964.7778,0.4,0.3,0.3,586.8697017268445,601.0,0.1173739403453689,569.5417853751188,670.0300728078506,0.03732767080554495,0.9999999999999999,1.0,0.9999999999999999,56,8,2.241852122620189,0,2.241852122620189,False,False,False,True,0,962,13,0.4,0.3,0.3,balanced
1781435130177.9932,0.4,0.3,0.3,585.6970172684457,599.4444444444445,0.11713940345368914,575.8990186767963,679.6232985121874,0.03775176909118055,0.9999999999999999,1.0,0.9999999999999999,56,8,2.24181870789117,2,2.24181870789117,False,False,False,True,0,963,13,0.4,0.3,0.3,balanced
1781435153521.77,0.4,0.3,0.3,586.3971742543172,600.0,0.11727943485086344,592.7595758151313,688.6071541627097,0.038876556091736576,0.99587185301471,0.9958847736625513,0.99587185301471,58,8,2.2401868151365467,0,2.2401868151365467,False,False,False,True,0,964,13,0.4,0.3,0.3,balanced
1781435183647.9102,0.4,0.3,0.3,516.3265306122448,530.0,0.10326530612244897,493.8249701314217,625.5890083632019,0.03227651568588537,0.8885400313971742,0.8888888888888888,0.8885400313971742,59,8,2.215572932264407,0,2.215572932264407,False,False,False,True,0,965,13,0.4,0.3,0.3,balanced
1781435210669.6929,0.4,0.3,0.3,582.7598116169544,595.8888888888889,0.11655196232339088,677.5474833808166,791.3880974992086,0.04453285412813987,0.9999999999999999,1.0,0.9999999999999999,61,8,2.2400193588322015,0,2.2400193588322015,False,False,False,True,0,966,13,0.4,0.3,0.3,balanced
1781435237880.2769,0.4,0.3,0.3,581.9858712715856,594.8888888888889,0.11639717425431712,694.0867363089586,861.4213358657803,0.04563620655830278,0.9999999999999999,1.0,0.9999999999999999,64,8,2.2397502683307824,0,2.2397502683307824,False,False,False,True,0,967,13,0.4,0.3,0.3,balanced
1781435261514.833,0.4,0.3,0.3,582.9042386185243,595.4444444444445,0.11658084772370488,607.4374802152579,749.6929408040519,0.03985573583824269,0.9940694226408512,0.9958847736625513,0.9940694226408512,61,8,2.239631766951301,1,2.239631766951301,False,False,False,True,0,968,13,0.4,0.3,0.3,balanced
1781435291366.3508,0.4,0.3,0.3,493.6781789638932,533.2222222222222,0.09873563579277864,504.72222222222223,585.8148148148148,0.03300348380401749,0.8398744113029827,0.8888888888888888,0.8398744113029827,64,8,2.2025670239325783,0,2.2025670239325783,False,False,False,True,0,969,13,0.4,0.3,0.3,balanced
1781435318484.343,0.4,0.3,0.3,580.4945054945055,593.0,0.11609890109890109,610.187559354226,745.8088002532446,0.04003919675478492,0.9999999999999999,1.0,0.9999999999999999,65,8,2.241548680534004,0,2.241548680534004,False,False,False,True,0,970,13,0.4,0.3,0.3,balanced
1781435345512.855,0.4,0.3,0.3,579.0847723704866,591.4444444444445,0.11581695447409732,782.662234884457,908.5786641342197,0.05154517911170494,0.9999999999999999,1.0,0.9999999999999999,67,8,2.2382096644768494,0,2.2382096644768494,False,False,False,True,0,971,13,0.4,0.3,0.3,balanced
1781435368954.15,0.4,0.3,0.3,579.4332810047096,591.0,0.1158866562009419,749.1603355492244,870.2959797404243,0.0493102291894079,0.9999999999999999,1.0,0.9999999999999999,68,8,2.238852268762801,0,2.238852268762801,False,False,False,True,0,972,13,0.4,0.3,0.3,balanced
1781435396271.7432,0.4,0.3,0.3,579.447409733124,591.8888888888889,0.1158894819466248,746.3888888888889,881.4909781576448,0.04912534282114002,0.9939531368102795,0.9958847736625513,0.9939531368102795,67,8,2.2370925454180917,1,2.2370925454180917,False,False,False,True,0,973,13,0.4,0.3,0.3,balanced
1781435423291.7632,0.4,0.3,0.3,582.0580847723705,594.3333333333334,0.1164116169544741,671.0224754669199,782.0307059195949,0.04409756340673248,0.9999999999999999,1.0,0.9999999999999999,65,8,2.2402060841961906,1,2.2402060841961906,False,False,False,True,0,974,13,0.4,0.3,0.3,balanced
1781435453112.983,0.4,0.3,0.3,492.9591836734693,534.0,0.09859183673469386,871.1111111111111,1247.6666666666667,0.05744570454376992,0.9999999999999999,1.0,0.9999999999999999,64,8,2.2433295539429916,1,2.2433295539429916,False,False,False,True,0,975,13,0.4,0.3,0.3,balanced
1781435476548.919,0.4,0.3,0.3,582.3218210361067,595.6666666666666,0.11646436420722134,573.9339981006648,719.0060145615702,0.03762068032692894,0.9999999999999999,1.0,0.9999999999999999,61,8,2.2421280502190326,1,2.2421280502190326,False,False,False,True,0,976,13,0.4,0.3,0.3,balanced
1781435503268.685,0.4,0.3,0.3,585.2464678178964,599.0,0.11704929356357927,495.5136119025007,628.0642608420386,0.032389166904769895,0.9940694226408512,0.9958847736625513,0.9940694226408512,59,8,2.241684359295393,1,2.241684359295393,False,False,False,True,0,977,13,0.4,0.3,0.3,balanced
1781435530093.895,0.4,0.3,0.3,585.1428571428571,597.6666666666666,0.11702857142857143,537.9479265590377,660.9765748654637,0.03522000844289778,0.9999999999999999,1.0,0.9999999999999999,61,8,2.242622568895702,0,2.242622568895702,False,False,False,True,0,978,13,0.4,0.3,0.3,balanced
1781435553428.966,0.4,0.3,0.3,583.486656200942,596.3333333333334,0.1166973312401884,606.0873694207028,746.1934156378601,0.03976566840698484,0.9999999999999999,1.0,0.9999999999999999,64,8,2.241391366981829,0,2.241391366981829,False,False,False,True,0,979,13,0.4,0.3,0.3,balanced
1781435580141.634,0.4,0.3,0.3,585.8430141287284,598.6666666666666,0.11716860282574569,570.9132636910414,715.0775561886674,0.03741916368852844,0.9999999999999999,1.0,0.9999999999999999,61,8,2.241906809763143,1,2.241906809763143,False,False,False,True,0,980,13,0.4,0.3,0.3,balanced
1781435606853.019,0.4,0.3,0.3,587.1271585557299,600.2222222222222,0.11742543171114599,505.1218740107629,624.721430832542,0.03303014503073802,0.9999999999999999,1.0,0.9999999999999999,59,8,2.24312078380632,1,2.24312078380632,False,False,False,True,0,981,13,0.4,0.3,0.3,balanced
1781435633663.159,0.4,0.3,0.3,585.9560439560439,599.5555555555555,0.11719120879120878,527.3844571066793,650.4685026907249,0.03451530734534218,0.9999999999999999,1.0,0.9999999999999999,58,8,2.242768924279914,1,2.242768924279914,False,False,False,True,0,982,13,0.4,0.3,0.3,balanced
1781435656993.622,0.4,0.3,0.3,588.868131868132,602.6666666666666,0.1177736263736264,511.09686609686617,622.4548907882241,0.03342874356883697,0.9999999999999999,1.0,0.9999999999999999,56,8,2.242861926379898,1,2.242861926379898,False,False,False,True,0,983,13,0.4,0.3,0.3,balanced
1781435685715.3472,0.4,0.3,0.3,587.3657770800628,601.5555555555555,0.11747315541601255,613.42175066313,850.1002063071029,0.04025495334643962,0.9116548476154386,0.9386973180076628,0.9116548476154386,58,8,2.2144307061142947,0,2.2144307061142947,False,False,False,True,0,984,13,0.4,0.3,0.3,balanced
1781435712734.3708,0.4,0.3,0.3,590.0156985871272,604.0,0.11800313971742543,442.2649572649572,554.4761000316555,0.028836888409937107,0.9999999999999999,1.0,0.9999999999999999,56,8,2.244147677590049,1,2.244147677590049,False,False,False,True,0,985,13,0.4,0.3,0.3,balanced
1781435739454.324,0.4,0.3,0.3,587.8806907378336,601.3333333333334,0.1175761381475667,541.8376068376068,656.8787591009814,0.03547949345147477,0.9999999999999999,1.0,0.9999999999999999,58,8,2.2423256967055307,0,2.2423256967055307,False,False,False,True,0,986,13,0.4,0.3,0.3,balanced
1781435762602.488,0.4,0.3,0.3,587.0722135007849,601.3333333333334,0.11741444270015697,481.4173789173789,596.6587527698639,0.03144879112190653,0.9999999999999999,1.0,0.9999999999999999,56,8,2.243599585583365,1,2.243599585583365,False,False,False,True,0,987,13,0.4,0.3,0.3,balanced
1781435789619.552,0.4,0.3,0.3,587.1287284144427,601.2222222222222,0.11742574568288854,508.1623931623931,648.1022475466921,0.033232981531847436,0.9999999999999999,1.0,0.9999999999999999,58,8,2.2430598072672905,0,2.2430598072672905,False,False,False,True,0,988,13,0.4,0.3,0.3,balanced
1781435816336.343,0.4,0.3,0.3,587.789638932496,601.3333333333334,0.1175579277864992,517.7057613168723,616.2804685026908,0.033869630508130244,0.9999999999999999,1.0,0.9999999999999999,58,8,2.242815939732961,2,2.242815939732961,False,False,False,True,0,989,13,0.4,0.3,0.3,balanced
1781435839478.9,0.4,0.3,0.3,590.4552590266875,604.3333333333334,0.1180910518053375,477.383665716999,583.3317505539728,0.031179697512808472,0.9999999999999999,1.0,0.9999999999999999,56,8,2.2434096700240223,1,2.2434096700240223,False,False,False,True,0,990,13,0.4,0.3,0.3,balanced
1781435866094.0261,0.4,0.3,0.3,590.4568288854003,604.5555555555555,0.11809136577708007,448.71161760050643,552.3203545425768,0.029266952475017108,0.9999999999999999,1.0,0.9999999999999999,55,8,2.2439833679466625,1,2.2439833679466625,False,False,False,True,0,991,13,0.4,0.3,0.3,balanced
1781435892509.9348,0.4,0.3,0.3,591.2276295133438,606.3333333333334,0.11824552590266876,460.8784425451092,563.9806900918012,0.030078615246504948,0.9999999999999999,1.0,0.9999999999999999,53,8,2.243678205064981,1,2.243678205064981,False,False,False,True,0,992,13,0.4,0.3,0.3,balanced
1781435919331.0051,0.4,0.3,0.3,593.7001569858712,609.0,0.11874003139717425,429.5322886989553,535.8958531180753,0.02798747756497367,0.9999999999999999,1.0,0.9999999999999999,52,8,2.244107744171638,1,2.244107744171638,False,False,False,True,0,993,13,0.4,0.3,0.3,balanced
1781435942870.675,0.4,0.3,0.3,593.3689167974883,608.7777777777778,0.11867378335949766,433.5770813548591,507.1779044001266,0.028257310297188733,0.9999999999999999,1.0,0.9999999999999999,50,8,2.244053293567044,1,2.244053293567044,False,False,False,True,0,994,13,0.4,0.3,0.3,balanced
1781435970497.698,0.4,0.3,0.3,593.7158555729983,609.8888888888889,0.11874317111459966,434.7538778094334,531.3184552073441,0.028335815731116303,0.9999999999999999,1.0,0.9999999999999999,49,8,2.2440019868348253,1,2.2440019868348253,False,False,False,True,0,995,13,0.4,0.3,0.3,balanced
1781435998018.255,0.4,0.3,0.3,598.4034536891679,614.8888888888889,0.11968069073783358,391.52579930357706,476.75530231085787,0.025452021301105875,0.9999999999999999,1.0,0.9999999999999999,47,8,2.2444921173145347,1,2.2444921173145347,False,False,False,True,0,996,13,0.4,0.3,0.3,balanced
1781436026245.6008,0.4,0.3,0.3,596.2087912087912,612.5555555555555,0.11924175824175824,378.0642608420386,474.2861665083887,0.024553986713945205,0.9999999999999999,1.0,0.9999999999999999,49,8,2.2449371006891132,0,2.2449371006891132,False,False,False,True,0,997,13,0.4,0.3,0.3,balanced
1781436050585.713,0.4,0.3,0.3,597.2574568288853,613.7777777777778,0.11945149136577707,359.95884773662544,458.33966445077556,0.02334615395174286,0.9999999999999999,1.0,0.9999999999999999,47,8,2.2452155572681662,1,2.2452155572681662,False,False,False,True,0,998,13,0.4,0.3,0.3,balanced
1781436077493.939,0.4,0.3,0.3,596.160125588697,613.1111111111111,0.1192320251177394,385.67188983855647,475.58246280468506,0.02506150032278562,0.9999999999999999,1.0,0.9999999999999999,46,8,2.2447887398560686,1,2.2447887398560686,False,False,False,True,0,999,13,0.4,0.3,0.3,balanced
1781436104725.032,0.4,0.3,0.3,600.8744113029827,619.1111111111111,0.12017488226059654,387.0686926242481,477.02437480215264,0.025154682630036566,0.9999999999999999,1.0,0.9999999999999999,44,8,2.2443836423067505,1,2.2443836423067505,False,False,False,True,0,1000,13,0.4,0.3,0.3,balanced
1781436131548.1829,0.4,0.3,0.3,602.4081632653061,620.2222222222222,0.12048163265306124,360.60699588477365,467.20481164925616,0.023389392654087637,0.9999999999999999,1.0,0.9999999999999999,43,8,2.244790529142549,1,2.244790529142549,False,False,False,True,0,1001,13,0.4,0.3,0.3,balanced
1781436155086.969,0.4,0.3,0.3,605.1428571428571,624.3333333333334,0.12102857142857142,338.35390946502054,438.18455207344095,0.021904863873583758,0.9999999999999999,1.0,0.9999999999999999,41,8,2.2450171122664964,1,2.2450171122664964,False,False,False,True,0,1002,13,0.4,0.3,0.3,balanced
1781436182011.023,0.4,0.3,0.3,607.1083202511772,626.3333333333334,0.12142166405023545,338.80500158277937,425.51598607154165,0.021934956743347524,0.9999999999999999,1.0,0.9999999999999999,40,8,2.2448508473569015,1,2.2448508473569015,False,False,False,True,0,1003,13,0.4,0.3,0.3,balanced
1781436208837.474,0.4,0.3,0.3,603.5729984301413,622.3333333333334,0.12071459968602825,341.3311174422285,448.0484330484331,0.022103476814024584,0.9999999999999999,1.0,0.9999999999999999,41,8,2.245083117081381,0,2.245083117081381,False,False,False,True,0,1004,13,0.4,0.3,0.3,balanced
1781436232377.614,0.4,0.3,0.3,601.2166405023548,619.6666666666666,0.12024332810047096,401.0327635327635,515.829376384932,0.026086241730004237,0.9999999999999999,1.0,0.9999999999999999,43,8,2.2440767962408104,0,2.2440767962408104,False,False,False,True,0,1005,13,0.4,0.3,0.3,balanced
1781436259905.401,0.4,0.3,0.3,603.8697017268446,623.0,0.12077394034536892,360.9892371003482,449.3083254194365,0.023414892401624296,0.9999999999999999,1.0,0.9999999999999999,41,8,2.244665956141365,1,2.244665956141365,False,False,False,True,0,1006,13,0.4,0.3,0.3,balanced
1781436287223.5989,0.4,0.3,0.3,602.0031397174255,620.2222222222222,0.12040062794348509,386.9420702754036,495.09021842355173,0.02514623550869937,0.9999999999999999,1.0,0.9999999999999999,43,8,2.244295878169996,0,2.244295878169996,False,False,False,True,0,1007,13,0.4,0.3,0.3,balanced
1781436314358.444,0.4,0.3,0.3,601.6828885400313,619.4444444444445,0.12033657770800625,397.693099081988,492.9376384931941,0.02586344890473569,0.9999999999999999,1.0,0.9999999999999999,44,8,2.2441063342453766,0,2.2441063342453766,False,False,False,True,0,1008,13,0.4,0.3,0.3,balanced
1781436338897.6519,0.4,0.3,0.3,602.6797488226059,620.4444444444445,0.12053594976452119,383.40851535295974,474.2545109211776,0.024910508028883237,0.9647487810753117,0.9720752498530278,0.9647487810753117,43,8,2.2337371020081203,1,2.2337371020081203,False,False,False,True,0,1009,13,0.4,0.3,0.3,balanced
1781436365510.835,0.4,0.3,0.3,603.8430141287284,622.5555555555555,0.12076860282574568,371.0849952516619,453.5754985754986,0.02408839194474062,0.9999999999999999,1.0,0.9999999999999999,41,8,2.2444660412862794,1,2.2444660412862794,False,False,False,True,0,1010,13,0.4,0.3,0.3,balanced
1781436392229.089,0.4,0.3,0.3,605.6656200941915,625.1111111111111,0.12113312401883829,365.24453941120606,443.6388097499209,0.023698768473062445,0.9999999999999999,1.0,0.9999999999999999,40,8,2.244437119850546,1,2.244437119850546,False,False,False,True,0,1011,13,0.4,0.3,0.3,balanced
1781436418945.024,0.4,0.3,0.3,608.3296703296702,629.3333333333334,0.12166593406593404,338.47660652105094,428.3721430832542,0.021913049134159503,0.9957130781306603,0.9957264957264957,0.9957130781306603,38,8,2.2434736350725766,1,2.2434736350725766,False,False,False,True,0,1012,13,0.4,0.3,0.3,balanced
1781436442573.618,0.4,0.3,0.3,612.1664050235478,632.7777777777778,0.12243328100470956,344.0210509654955,410.8562836340614,0.022282925347931654,0.9999999999999999,1.0,0.9999999999999999,37,8,2.2443418099937364,1,2.2443418099937364,False,False,False,True,0,1013,13,0.4,0.3,0.3,balanced
1781436475806.466,0.4,0.3,0.3,540.9026687598116,562.6666666666666,0.10818053375196232,341.0356506238859,479.9540503069915,0.02208376588551607,0.7857433571719284,0.8189300411522633,0.7857433571719284,35,8,2.1858256638851388,1,2.1858256638851388,False,False,False,True,0,1014,13,0.4,0.3,0.3,balanced
1781436503318.763,0.4,0.3,0.3,610.2056514913658,631.2222222222222,0.12204113029827315,339.2276036720481,419.9287749287749,0.021963149010810413,0.9999999999999999,1.0,0.9999999999999999,37,8,2.2445946031774477,0,2.2445946031774477,False,False,False,True,0,1015,13,0.4,0.3,0.3,balanced
1781436530440.5168,0.4,0.3,0.3,616.6807620817843,639.0,0.12333615241635687,317.8290598290598,371.58436213991774,0.020535627740430943,0.9999999999999999,1.0,0.9999999999999999,35,8,2.244504850711328,1,2.244504850711328,False,False,False,True,0,1016,13,0.4,0.3,0.3,balanced
1781436554082.608,0.4,0.3,0.3,617.6593406593406,640.3333333333334,0.12353186813186812,299.29882874327313,372.3583412472301,0.019299454886142303,0.9999999999999999,1.0,0.9999999999999999,34,8,2.24479741628141,1,2.24479741628141,False,False,False,True,0,1017,13,0.4,0.3,0.3,balanced
1781436581593.035,0.4,0.3,0.3,622.0062794348507,646.4444444444445,0.12440125588697015,270.92830009496674,345.5159860715416,0.01740682455603514,0.9999999999999999,1.0,0.9999999999999999,32,8,2.2450174502784015,1,2.2450174502784015,False,False,False,True,0,1018,13,0.4,0.3,0.3,balanced
1781436608924.26,0.4,0.3,0.3,628.5949764521193,655.1111111111111,0.12571899529042388,254.70164609053495,321.95473251028807,0.016324325956673446,0.9999999999999999,1.0,0.9999999999999999,29,8,2.2448151040968285,1,2.2448151040968285,False,False,False,True,0,1019,13,0.4,0.3,0.3,balanced
1781436636444.994,0.4,0.3,0.3,633.447409733124,660.7777777777778,0.1266894819466248,245.17568850902188,312.41848686293133,0.015688838459574507,0.9999999999999999,1.0,0.9999999999999999,28,8,2.2446175556834778,1,2.2446175556834778,False,False,False,True,0,1020,13,0.4,0.3,0.3,balanced
1781436660490.268,0.4,0.3,0.3,640.4945054945053,669.8888888888889,0.12809890109890107,257.85612535612535,333.8398227287116,0.016534764866986348,0.9896505610791323,0.9917695473251028,0.9896505610791323,26,8,2.240695178424083,1,2.240695178424083,False,False,False,True,0,1021,13,0.4,0.3,0.3,balanced
1781436688009.5261,0.4,0.3,0.3,642.868131868132,673.8888888888889,0.1285736263736264,248.60873694207027,302.78569167458056,0.015917861036829236,0.9915692772835628,0.9917695473251028,0.9915692772835628,25,8,2.2412659743245693,1,2.2412659743245693,False,False,False,True,0,1022,13,0.4,0.3,0.3,balanced
1781436715530.559,0.4,0.3,0.3,653.4536891679747,686.4444444444445,0.13069073783359494,256.2361506805951,301.8471035137702,0.01642669450837859,0.9999999999999999,1.0,0.9999999999999999,23,8,2.2427956965140483,1,2.2427956965140483,False,False,False,True,0,1023,13,0.4,0.3,0.3,balanced
1781436742760.3918,0.4,0.3,0.3,659.3029827315542,694.3333333333334,0.13186059654631083,235.31497309275085,295.1092117758784,0.01503101888544035,0.9999999999999999,1.0,0.9999999999999999,22,8,2.2427464557158436,1,2.2427464557158436,False,False,False,True,0,1024,13,0.4,0.3,0.3,balanced
1781436766399.102,0.4,0.3,0.3,669.4897959183673,708.6666666666666,0.13389795918367348,187.81418170307057,243.7765115542893,0.01186218690480791,0.9999999999999999,1.0,0.9999999999999999,20,8,2.242882160255088,1,2.242882160255088,False,False,False,True,0,1025,13,0.4,0.3,0.3,balanced
1781436794025.035,0.4,0.3,0.3,676.7849293563579,716.4444444444445,0.13535698587127157,201.48806584362143,261.6592592592593,0.012774387314451062,0.993841323511653,0.9957264957264957,0.993841323511653,19,8,2.2401772865106517,1,2.2401772865106517,False,False,False,True,0,1026,13,0.4,0.3,0.3,balanced
1781436824144.012,0.4,0.3,0.3,599.2448979591836,643.7777777777778,0.11984897959183673,192.23178016726402,254.67025089605735,0.01215688993777612,0.8885400313971742,0.8888888888888888,0.8885400313971742,17,8,2.2149753506010845,1,2.2149753506010845,False,False,False,True,0,1027,13,0.4,0.3,0.3,balanced
1781436851270.66,0.4,0.3,0.3,698.6640502354787,746.3333333333334,0.13973281004709576,130.23504273504273,167.57676479898703,0.008021016860243011,0.9999999999999999,1.0,0.9999999999999999,16,8,2.2417005709230886,1,2.2417005709230886,False,False,False,True,0,1028,13,0.4,0.3,0.3,balanced
1781436874806.3728,0.4,0.3,0.3,692.7598116169545,736.5555555555555,0.1385519623233909,163.84694523583414,210.207344096233,0.010263305219201744,0.9999999999999999,1.0,0.9999999999999999,17,8,2.241500223504883,0,2.241500223504883,False,False,False,True,0,1029,13,0.4,0.3,0.3,balanced
1781436902125.5269,0.4,0.3,0.3,703.425431711146,751.5555555555555,0.1406850863422292,187.13991769547326,230.87369420702757,0.011817205983687342,0.9999999999999999,1.0,0.9999999999999999,16,8,2.240180803668002,1,2.240180803668002,False,False,False,True,0,1030,13,0.4,0.3,0.3,balanced
1781436929243.741,0.4,0.3,0.3,724.916797488226,778.6666666666666,0.1449833594976452,134.57898069009178,175.9892371003482,0.008310805916617196,0.9999999999999999,1.0,0.9999999999999999,14,8,2.2395134144259567,1,2.2395134144259567,False,False,False,True,0,1031,13,0.4,0.3,0.3,balanced
1781436956649.841,0.4,0.3,0.3,739.0423861852432,796.8888888888889,0.14780847723704865,127.35754985754987,170.24058246280467,0.007829056027855228,0.9999999999999999,1.0,0.9999999999999999,13,8,2.238527892296824,1,2.238527892296824,False,False,False,True,0,1032,13,0.4,0.3,0.3,balanced
1781436980786.3518,0.4,0.3,0.3,775.3485086342228,844.1111111111111,0.15506970172684456,125.54922443811331,161.79803735359292,0.007708420576258393,0.9939531368102795,0.9958847736625513,0.9939531368102795,11,8,2.2338455341794683,1,2.2338455341794683,False,False,False,True,0,1033,13,0.4,0.3,0.3,balanced
1781437008219.231,0.4,0.3,0.3,797.9921507064364,873.2222222222222,0.15959843014128727,110.65764482431149,138.62773029439694,0.006714986312495763,0.9999999999999999,1.0,0.9999999999999999,10,8,2.2341461320497364,1,2.2341461320497364,False,False,False,True,0,1034,13,0.4,0.3,0.3,balanced
1781437035738.5261,0.4,0.3,0.3,774.2417582417581,842.8888888888889,0.15484835164835162,100.75577714466604,127.5546058879392,0.006054421423927021,0.9999999999999999,1.0,0.9999999999999999,11,8,2.2362443329134813,0,2.2362443329134813,False,False,False,True,0,1035,13,0.4,0.3,0.3,balanced
1781437074480.566,0.4,0.3,0.3,455.9591836734694,573.0,0.09119183673469387,143.08262108262107,151.73931623931625,0.008878093467819951,0.5562009419152276,0.661111111111111,0.5562009419152276,13,8,2.127720119840345,0,2.127720119840345,False,False,False,True,0,1036,13,0.4,0.3,0.3,balanced
1781437102095.897,0.4,0.3,0.3,725.026687598116,779.3333333333334,0.14500533751962322,144.79794238683127,177.76486229819565,0.008992524508794614,0.9999999999999999,1.0,0.9999999999999999,14,8,2.2393001076395125,0,2.2393001076395125,False,False,False,True,0,1037,13,0.4,0.3,0.3,balanced
1781437125934.8098,0.4,0.3,0.3,704.0894819466247,751.1111111111111,0.14081789638932493,141.55587211142765,172.51978474200692,0.008776242302296707,0.9999999999999999,1.0,0.9999999999999999,16,8,2.241039968753581,0,2.241039968753581,False,False,False,True,0,1038,13,0.4,0.3,0.3,balanced
1781437153264.058,0.4,0.3,0.3,693.065934065934,737.2222222222222,0.1386131868131868,169.22602089268753,208.35074390629947,0.010622149492507506,0.9999999999999999,1.0,0.9999999999999999,17,8,2.241368080426973,0,2.241368080426973,False,False,False,True,0,1039,13,0.4,0.3,0.3,balanced
1781437228820.94,0.4,0.3,0.3,132.4967472118959,269.22222222222223,0.02649934944237918,41.83569620253165,29.052566807313642,0.0021237956105758272,0.1640334572490706,0.3333333333333333,0.1640334572490706,19,8,2.0379731587145966,0,2.0379731587145966,False,False,False,True,0,1040,13,0.4,0.3,0.3,balanced
1781437261949.824,0.4,0.3,0.3,677.4207221350078,717.3333333333334,0.13548414442700157,333.32484508955093,373.5248847013553,0.021569369252138156,0.8379301190361096,0.8346909959813185,0.8379301190361096,20,8,2.190714567164391,0,2.190714567164391,False,False,False,True,0,1041,13,0.4,0.3,0.3,balanced
1781437289371.215,0.4,0.3,0.3,658.717425431711,693.4444444444445,0.1317434850863422,173.27239632795187,223.30326052548273,0.010892087813739284,0.9999999999999999,1.0,0.9999999999999999,22,8,2.2440349796213415,0,2.2440349796213415,False,False,False,True,0,1042,13,0.4,0.3,0.3,balanced
1781437316893.5,0.4,0.3,0.3,652.9152276295132,686.2222222222222,0.13058304552590264,217.42719214941434,269.99841722063945,0.013837704613036314,0.9999999999999999,1.0,0.9999999999999999,23,8,2.243615470405728,0,2.243615470405728,False,False,False,True,0,1043,13,0.4,0.3,0.3,balanced
1781437340630.635,0.4,0.3,0.3,644.8351648351647,675.5555555555555,0.12896703296703294,223.6411839189617,283.49635960747077,0.01425224709265922,0.9999999999999999,1.0,0.9999999999999999,25,8,2.244137512685389,0,2.244137512685389,False,False,False,True,0,1044,13,0.4,0.3,0.3,balanced
1781437367952.69,0.4,0.3,0.3,643.2668759811617,672.8888888888889,0.12865337519623232,209.87496043051598,266.0810383032605,0.013333886619780919,0.9999999999999999,1.0,0.9999999999999999,26,8,2.244538483935573,0,2.244538483935573,False,False,False,True,0,1045,13,0.4,0.3,0.3,balanced
1781437395381.9631,0.4,0.3,0.3,632.5934065934065,660.0,0.1265186813186813,245.94096232985123,308.4203861981639,0.015739890749156188,0.9999999999999999,1.0,0.9999999999999999,28,8,2.2446705602477808,0,2.2446705602477808,False,False,False,True,0,1046,13,0.4,0.3,0.3,balanced
1781437422702.999,0.4,0.3,0.3,632.5211930926215,658.4444444444445,0.1265042386185243,227.2333016777461,281.1490978157645,0.014491881366093803,0.9999999999999999,1.0,0.9999999999999999,29,8,2.245050740142762,0,2.245050740142762,False,False,False,True,0,1047,13,0.4,0.3,0.3,balanced
1781437446737.745,0.4,0.3,0.3,623.4505494505493,647.4444444444445,0.12469010989010985,287.6527382082937,347.07660652105096,0.018522530901153685,0.9999999999999999,1.0,0.9999999999999999,32,8,2.24456719677361,0,2.24456719677361,False,False,False,True,0,1048,13,0.4,0.3,0.3,balanced
1781437474362.683,0.4,0.3,0.3,629.414442700157,656.0,0.1258828885400314,237.29819563152898,298.26210826210826,0.015163321923384189,0.9898249898249897,0.9917695473251028,0.9898249898249897,29,8,2.242045344954469,1,2.242045344954469,False,False,False,True,0,1049,13,0.4,0.3,0.3,balanced
1781437501687.377,0.4,0.3,0.3,634.7158555729985,662.8888888888889,0.1269431711145997,275.8467869578981,349.95251661918326,0.017734942425476855,0.9999999999999999,1.0,0.9999999999999999,28,8,2.243902248826517,1,2.243902248826517,False,False,False,True,0,1050,13,0.4,0.3,0.3,balanced
1781437528619.721,0.4,0.3,0.3,629.131868131868,656.4444444444445,0.1258263736263736,304.4286166508389,375.1440329218107,0.01964166888931547,0.9999999999999999,1.0,0.9999999999999999,29,8,2.2437769498826556,0,2.2437769498826556,False,False,False,True,0,1051,13,0.4,0.3,0.3,balanced
1781437552354.943,0.4,0.3,0.3,620.3124018838305,644.5555555555555,0.1240624803767661,325.10288065843616,401.3168724279836,0.021020872625646177,0.9999999999999999,1.0,0.9999999999999999,32,8,2.2440687460615996,0,2.2440687460615996,False,False,False,True,0,1052,13,0.4,0.3,0.3,balanced
1781437579787.992,0.4,0.3,0.3,629.5667189952902,656.4444444444445,0.12591334379905805,290.56109528331746,357.41532130421024,0.018716550719367408,0.9999999999999999,1.0,0.9999999999999999,29,8,2.2440196972645663,1,2.2440196972645663,False,False,False,True,0,1053,13,0.4,0.3,0.3,balanced
1781437607209.7112,0.4,0.3,0.3,622.0769230769229,645.5555555555555,0.12441538461538457,352.9162709718265,420.54289332067106,0.022876335621869682,0.9999999999999999,1.0,0.9999999999999999,32,8,2.2433709454672854,0,2.2433709454672854,False,False,False,True,0,1054,13,0.4,0.3,0.3,balanced
1781437630947.5479,0.4,0.3,0.3,615.2087912087911,637.8888888888889,0.12304175824175823,346.6405508072175,428.1481481481481,0.022457675170594896,0.9999999999999999,1.0,0.9999999999999999,34,8,2.2440459941521183,0,2.2440459941521183,False,False,False,True,0,1055,13,0.4,0.3,0.3,balanced
1781437658269.013,0.4,0.3,0.3,618.0518053375196,640.2222222222222,0.12361036106750391,315.66239316239313,383.3016777461222,0.020391086935449842,0.9956974242688527,0.9958847736625513,0.9956974242688527,35,8,2.2431477567730194,0,2.2431477567730194,False,False,False,True,0,1056,13,0.4,0.3,0.3,balanced
1781437685591.2449,0.4,0.3,0.3,618.7064364207222,640.5555555555555,0.12374128728414444,272.30531813865144,340.207344096233,0.01749868700057715,0.9999999999999999,1.0,0.9999999999999999,34,8,2.245253878986169,1,2.245253878986169,False,False,False,True,0,1057,13,0.4,0.3,0.3,balanced
1781437713012.592,0.4,0.3,0.3,616.2794348508634,639.1111111111111,0.12325588697017267,267.33064260842036,337.8869895536562,0.017166820721042052,0.9999999999999999,1.0,0.9999999999999999,35,8,2.245547598995618,0,2.245547598995618,False,False,False,True,0,1058,13,0.4,0.3,0.3,balanced
1781437736854.968,0.4,0.3,0.3,612.6279434850865,633.2222222222222,0.1225255886970173,297.2602089268756,367.68281101614434,0.019163456232613448,0.9999999999999999,1.0,0.9999999999999999,37,8,2.245240727651409,0,2.245240727651409,False,False,False,True,0,1059,13,0.4,0.3,0.3,balanced
1781437763383.012,0.4,0.3,0.3,611.5149136577708,631.4444444444445,0.12230298273155416,308.39901867679646,385.11554289332065,0.019906538937744928,0.9999999999999999,1.0,0.9999999999999999,38,8,2.2451068452260547,0,2.2451068452260547,False,False,False,True,0,1060,13,0.4,0.3,0.3,balanced
1781437790605.244,0.4,0.3,0.3,605.9246467817895,626.0,0.12118492935635791,334.3589743589743,413.20037986704654,0.021638357195395218,0.9999999999999999,1.0,0.9999999999999999,40,8,2.2450345210988383,0,2.2450345210988383,False,False,False,True,0,1061,13,0.4,0.3,0.3,balanced
1781437818038.162,0.4,0.3,0.3,605.6012558869702,624.2222222222222,0.12112025117739404,324.79423868312756,403.5390946502058,0.02100028276738676,0.9940694226408512,0.9958847736625513,0.9940694226408512,41,8,2.2434726414910817,0,2.2434726414910817,False,False,False,True,0,1062,13,0.4,0.3,0.3,balanced
1781437841577.3262,0.4,0.3,0.3,603.1130298273155,620.7777777777778,0.12062260596546309,373.1228236783792,469.9810066476734,0.02422433780376112,0.9999999999999999,1.0,0.9999999999999999,43,8,2.244483656272686,0,2.244483656272686,False,False,False,True,0,1063,13,0.4,0.3,0.3,balanced
1781437868802.9521,0.4,0.3,0.3,604.1789638932495,622.3333333333334,0.12083579277864989,503.7646407090852,682.880658436214,0.03293960244890495,0.9999999999999999,1.0,0.9999999999999999,41,8,2.2417838021538685,1,2.2417838021538685,False,False,False,True,0,1064,13,0.4,0.3,0.3,balanced
1781437896016.114,0.4,0.3,0.3,600.7001569858713,618.5555555555555,0.12014003139717426,379.27983539094646,455.51440329218104,0.024635079078782287,0.9999999999999999,1.0,0.9999999999999999,43,8,2.2445534637174953,0,2.2445534637174953,False,False,False,True,0,1065,13,0.4,0.3,0.3,balanced
1781437923442.42,0.4,0.3,0.3,599.8210361067504,617.3333333333334,0.11996420722135008,404.00246913580247,499.6230452674897,0.026284354178505834,0.9999999999999999,1.0,0.9999999999999999,44,8,2.244129010857908,0,2.244129010857908,False,False,False,True,0,1066,13,0.4,0.3,0.3,balanced
1781437946976.093,0.4,0.3,0.3,597.204081632653,613.7777777777778,0.1194408163265306,431.73630895853114,543.6261475150365,0.02813451027074924,0.9999999999999999,1.0,0.9999999999999999,46,8,2.2437833203881627,0,2.2437833203881627,False,False,False,True,0,1067,13,0.4,0.3,0.3,balanced
1781437974294.355,0.4,0.3,0.3,595.6012558869701,612.8888888888889,0.11912025117739401,424.7032288698955,524.8797087685975,0.02766532547497635,0.9999999999999999,1.0,0.9999999999999999,47,8,2.2440523018865495,0,2.2440523018865495,False,False,False,True,0,1068,13,0.4,0.3,0.3,balanced
1781438001616.095,0.4,0.3,0.3,596.3673469387754,612.4444444444445,0.11927346938775509,406.1340614118392,507.4976258309592,0.02642655513087653,0.9999999999999999,1.0,0.9999999999999999,47,8,2.244362645705635,2,2.244362645705635,False,False,False,True,0,1069,13,0.4,0.3,0.3,balanced
1781438031746.002,0.4,0.3,0.3,557.2448979591836,538.7777777777778,0.11144897959183672,1279.1738351254478,1466.8291517323776,0.08466803436460625,0.9419152276295132,0.8888888888888888,0.9419152276295132,49,8,2.2125945661427373,0,2.2125945661427373,False,False,False,True,0,1070,13,0.4,0.3,0.3,balanced
1781438055381.546,0.4,0.3,0.3,591.9136577708006,608.1111111111111,0.11838273155416011,407.7540360873694,508.5533396644508,0.026534625489484282,0.9999999999999999,1.0,0.9999999999999999,50,8,2.2446865197314905,0,2.2446865197314905,False,False,False,True,0,1071,13,0.4,0.3,0.3,balanced
1781438082801.046,0.4,0.3,0.3,592.7394034536891,607.8888888888889,0.11854788069073782,450.1068376068376,542.022792022792,0.02936002919325134,0.9999999999999999,1.0,0.9999999999999999,52,8,2.243772838965729,0,2.243772838965729,False,False,False,True,0,1072,13,0.4,0.3,0.3,balanced
1781438110124.5889,0.4,0.3,0.3,590.0706436420722,605.6666666666666,0.11801412872841445,502.5783475783476,609.3542260208927,0.03286046348087709,0.9999999999999999,1.0,0.9999999999999999,53,8,2.242936209464371,0,2.242936209464371,False,False,False,True,0,1073,13,0.4,0.3,0.3,balanced
1781438141851.938,0.4,0.3,0.3,590.0863422291994,606.8888888888889,0.11801726844583989,887.1746191756272,942.6131272401433,0.058517319491369395,0.8732999527354365,0.8361932497013141,0.8732999527354365,52,8,2.197227882594884,1,2.197227882594884,False,False,False,True,0,1074,13,0.4,0.3,0.3,balanced
1781438165294.245,0.4,0.3,0.3,590.7064364207221,606.3333333333334,0.11814128728414441,430.13137068692623,553.6799620132954,0.028027443007800284,0.9999999999999999,1.0,0.9999999999999999,53,8,2.244335252184002,0,2.244335252184002,False,False,False,True,0,1075,13,0.4,0.3,0.3,balanced
1781438192215.087,0.4,0.3,0.3,589.9481946624803,604.4444444444445,0.11798963893249606,480.78347578347575,615.460588793922,0.031406502720712194,0.9999999999999999,1.0,0.9999999999999999,55,8,2.243382193610788,0,2.243382193610788,False,False,False,True,0,1076,13,0.4,0.3,0.3,balanced
1781438230347.361,0.4,0.3,0.3,592.7770800627943,608.3333333333334,0.11855541601255887,1370.9193899782135,1653.6081783140608,0.09078848498853993,0.6691801064163422,0.7073855199067424,0.6691801064163422,56,8,2.126095320023317,0,2.126095320023317,False,False,False,True,0,1077,13,0.4,0.3,0.3,balanced
1781438257560.886,0.4,0.3,0.3,587.5384615384615,601.3333333333334,0.11750769230769231,494.17458056346953,610.2564102564103,0.032299838596629056,0.9999999999999999,1.0,0.9999999999999999,58,8,2.243306971497934,0,2.243306971497934,False,False,False,True,0,1078,13,0.4,0.3,0.3,balanced
1781438284384.41,0.4,0.3,0.3,585.436420722135,599.0,0.11708728414442701,481.59306742640075,610.1234567901234,0.03146051150276189,0.9999999999999999,1.0,0.9999999999999999,59,8,2.2437269328914007,0,2.2437269328914007,False,False,False,True,0,1079,13,0.4,0.3,0.3,balanced
1781438307819.714,0.4,0.3,0.3,585.9607535321821,598.7777777777778,0.11719215070643643,552.4343146565369,680.3007280785058,0.03618641191838138,0.9999999999999999,1.0,0.9999999999999999,61,8,2.242267216141911,0,2.242267216141911,False,False,False,True,0,1080,13,0.4,0.3,0.3,balanced
1781438335145.979,0.4,0.3,0.3,582.9010989010989,595.4444444444445,0.11658021978021978,612.3163975941753,729.5378284267173,0.04018121398226653,0.9999999999999999,1.0,0.9999999999999999,64,8,2.241313547893232,0,2.241313547893232,False,False,False,True,0,1081,13,0.4,0.3,0.3,balanced
1781438362159.082,0.4,0.3,0.3,583.6828885400314,596.1111111111111,0.11673657770800629,565.7866413421968,733.3792339347896,0.03707716086338871,0.9999999999999999,1.0,0.9999999999999999,65,8,2.2421822206577806,0,2.2421822206577806,False,False,False,True,0,1082,13,0.4,0.3,0.3,balanced
1781438389398.9438,0.4,0.3,0.3,583.5510204081633,595.3333333333334,0.11671020408163266,606.9650205761317,760.514403292181,0.03982421751675328,0.9999999999999999,1.0,0.9999999999999999,67,8,2.2413686531123207,0,2.2413686531123207,False,False,False,True,0,1083,13,0.4,0.3,0.3,balanced
1781438413034.053,0.4,0.3,0.3,580.7080062794348,593.2222222222222,0.11614160125588696,561.9848053181387,702.9439696106363,0.036823536045239406,0.9999999999999999,1.0,0.9999999999999999,65,8,2.2424962986840735,1,2.2424962986840735,False,False,False,True,0,1084,13,0.4,0.3,0.3,balanced
1781438440452.6711,0.4,0.3,0.3,584.2386185243328,596.1111111111111,0.11684772370486655,542.9400126622348,666.801202912314,0.03555303620161673,0.9999999999999999,1.0,0.9999999999999999,64,8,2.2425949996575683,1,2.2425949996575683,False,False,False,True,0,1085,13,0.4,0.3,0.3,balanced
1781438467276.8271,0.4,0.3,0.3,581.8791208791208,594.2222222222222,0.11637582417582416,582.6574865463755,716.4719848053182,0.0382026341925534,0.9999999999999999,1.0,0.9999999999999999,65,8,2.2419888800719043,0,2.2419888800719043,False,False,False,True,0,1086,13,0.4,0.3,0.3,balanced
1781438491020.8162,0.4,0.3,0.3,579.7645211930926,592.2222222222222,0.11595290423861852,611.980056980057,755.4795821462488,0.04015877631621461,0.9940694226408511,0.9958847736625513,0.9940694226408511,67,8,2.2397920322019433,0,2.2397920322019433,False,False,False,True,0,1087,13,0.4,0.3,0.3,balanced
1781438518437.457,0.4,0.3,0.3,582.5133437990581,594.4444444444445,0.11650266875981162,619.1294713516935,763.0183602405824,0.040635721904716045,0.9999999999999999,1.0,0.9999999999999999,68,8,2.2412082159246607,0,2.2412082159246607,False,False,False,True,0,1088,13,0.4,0.3,0.3,balanced
1781438545761.3872,0.4,0.3,0.3,578.7189952904238,590.3333333333334,0.11574379905808475,548.3903133903134,691.096866096866,0.03591663198067468,0.9999999999999999,1.0,0.9999999999999999,67,8,2.242927490782564,1,2.242927490782564,False,False,False,True,0,1089,13,0.4,0.3,0.3,balanced
1781438572790.22,0.4,0.3,0.3,582.0470957613815,595.1111111111111,0.11640941915227629,540.9362139917696,662.0845204178537,0.03541936050645561,0.9999999999999999,1.0,0.9999999999999999,65,8,2.242810424187153,1,2.242810424187153,False,False,False,True,0,1090,13,0.4,0.3,0.3,balanced
1781438596327.392,0.4,0.3,0.3,582.4929356357928,595.0,0.11649858712715856,592.4786324786324,728.7543526432415,0.03885781404126968,0.9999999999999999,1.0,0.9999999999999999,64,8,2.2417432209367556,1,2.2417432209367556,False,False,False,True,0,1091,13,0.4,0.3,0.3,balanced
1781438623054.8699,0.4,0.3,0.3,582.5039246467817,594.8888888888889,0.11650078492935634,621.9903450459007,741.6065210509655,0.04082657405242833,0.9940694226408511,0.9958847736625513,0.9940694226408511,65,8,2.2393725406047844,0,2.2393725406047844,False,False,False,True,0,1092,13,0.4,0.3,0.3,balanced
1781438649870.501,0.4,0.3,0.3,581.6499215070643,594.0,0.11632998430141285,545.0506489395378,646.8233618233619,0.035693839155406124,0.9999999999999999,1.0,0.9999999999999999,64,8,2.242759854532813,1,2.242759854532813,False,False,False,True,0,1093,13,0.4,0.3,0.3,balanced
1781438676697.8708,0.4,0.3,0.3,582.8037676609104,595.7777777777778,0.11656075353218207,562.5411522633743,680.3007280785059,0.0368606505846147,0.9999999999999999,1.0,0.9999999999999999,61,8,2.242317503411743,1,2.242317503411743,False,False,False,True,0,1094,13,0.4,0.3,0.3,balanced
1781438700334.732,0.4,0.3,0.3,583.3971742543171,596.4444444444445,0.1166794348508634,562.1462488129154,691.4878125989237,0.03683430612494432,0.9999999999999999,1.0,0.9999999999999999,64,8,2.2422779342221713,0,2.2422779342221713,False,False,False,True,0,1095,13,0.4,0.3,0.3,balanced
1781438727349.251,0.4,0.3,0.3,584.690737833595,597.4444444444445,0.116938147566719,569.8994935106047,676.2250712250712,0.03735153392332253,0.9999999999999999,1.0,0.9999999999999999,61,8,2.2420192807963155,1,2.2420192807963155,False,False,False,True,0,1096,13,0.4,0.3,0.3,balanced
1781438754468.587,0.4,0.3,0.3,585.6216640502354,599.3333333333334,0.11712433281004708,498.1718898385565,616.8961696739475,0.03256650365834266,0.9999999999999999,1.0,0.9999999999999999,59,8,2.243380315778478,1,2.243380315778478,False,False,False,True,0,1097,13,0.4,0.3,0.3,balanced
1781438778113.3872,0.4,0.3,0.3,586.905808477237,600.7777777777778,0.11738116169544739,513.4077239632794,634.1215574548909,0.03358290353324079,0.9999999999999999,1.0,0.9999999999999999,58,8,2.2429726642618486,1,2.2429726642618486,False,False,False,True,0,1098,13,0.4,0.3,0.3,balanced
1781438805533.473,0.4,0.3,0.3,588.7111459968603,603.0,0.11774222919937206,498.8366571699905,624.3811332700222,0.03261085104536294,0.9999999999999999,1.0,0.9999999999999999,56,8,2.2431198530066423,1,2.2431198530066423,False,False,False,True,0,1099,13,0.4,0.3,0.3,balanced
1781438832952.744,0.4,0.3,0.3,589.7551020408163,603.1111111111111,0.11795102040816326,487.94430877764205,607.0025550581107,0.0318842100585485,0.9999999999999999,1.0,0.9999999999999999,55,8,2.24325432881917,1,2.24325432881917,False,False,False,True,0,1100,13,0.4,0.3,0.3,balanced
1781438860482.412,0.4,0.3,0.3,590.0251177394033,604.8888888888889,0.11800502354788066,497.53798670465335,613.9395378284266,0.032524215257148326,0.9999999999999999,1.0,0.9999999999999999,53,8,2.243040726003703,1,2.243040726003703,False,False,False,True,0,1101,13,0.4,0.3,0.3,balanced
1781438884216.5378,0.4,0.3,0.3,588.0847723704866,602.2222222222222,0.11761695447409731,550.0728078505856,645.5049066160177,0.03602887310544267,0.9999999999999999,1.0,0.9999999999999999,55,8,2.242144556278728,0,2.242144556278728,False,False,False,True,0,1102,13,0.4,0.3,0.3,balanced
1781438911342.557,0.4,0.3,0.3,589.9450549450548,604.4444444444445,0.11798901098901096,478.4987337765116,558.9316239316239,0.03125408497508416,0.9999999999999999,1.0,0.9999999999999999,53,8,2.24342817011187,1,2.24342817011187,False,False,False,True,0,1103,13,0.4,0.3,0.3,balanced
1781438938150.899,0.4,0.3,0.3,590.2182103610675,605.6666666666666,0.11804364207221349,442.11221905666355,548.4852801519468,0.02882669906982412,0.9999999999999999,1.0,0.9999999999999999,52,8,2.2441345334501674,1,2.2441345334501674,False,False,False,True,0,1104,13,0.4,0.3,0.3,balanced
1781438965072.4841,0.4,0.3,0.3,594.2637362637362,609.7777777777778,0.11885274725274723,465.8452041785374,559.3447293447293,0.030409953580956467,0.9999999999999999,1.0,0.9999999999999999,50,8,2.243335915024614,1,2.243335915024614,False,False,False,True,0,1105,13,0.4,0.3,0.3,balanced
1781438989008.636,0.4,0.3,0.3,592.7708006279436,608.0,0.11855416012558871,455.3007280785058,550.1408673630896,0.029706519551601456,0.9881388452817024,0.9917695473251028,0.9881388452817024,52,8,2.2401080336687946,0,2.2401080336687946,False,False,False,True,0,1106,13,0.4,0.3,0.3,balanced
1781439016023.002,0.4,0.3,0.3,594.6828885400313,610.2222222222222,0.11893657770800625,445.3395061728395,550.3656220322887,0.029041995074905902,0.9999999999999999,1.0,0.9999999999999999,50,8,2.2437127703943256,1,2.2437127703943256,False,False,False,True,0,1107,13,0.4,0.3,0.3,balanced
1781439042745.9631,0.4,0.3,0.3,596.3799058084772,612.4444444444445,0.11927598116169545,391.44824311490976,492.25071225071224,0.02544684743928684,0.9999999999999999,1.0,0.9999999999999999,49,8,2.2446555533035357,1,2.2446555533035357,False,False,False,True,0,1108,13,0.4,0.3,0.3,balanced
1781439069365.942,0.4,0.3,0.3,598.3469387755102,614.8888888888889,0.11966938775510205,406.3311174422285,502.72871161760054,0.02643970096345754,0.9999999999999999,1.0,0.9999999999999999,47,8,2.2442003346089217,1,2.2442003346089217,False,False,False,True,0,1109,13,0.4,0.3,0.3,balanced
1781439092903.043,0.4,0.3,0.3,598.883830455259,615.4444444444445,0.11977676609105181,381.4901867679645,464.81323203545423,0.024782534140624715,0.9999999999999999,1.0,0.9999999999999999,46,8,2.2446545333213916,1,2.2446545333213916,False,False,False,True,0,1110,13,0.4,0.3,0.3,balanced
1781439129930.654,0.4,0.3,0.3,441.7613814756671,486.44444444444446,0.08835227629513343,232.85087719298244,236.12085769980501,0.014866636237023511,0.5654309060902467,0.6638176638176638,0.5654309060902467,44,8,2.1298283704379135,1,2.1298283704379135,False,False,False,True,0,1111,13,0.4,0.3,0.3,balanced
1781439157049.4438,0.4,0.3,0.3,598.2260596546311,614.8888888888889,0.11964521193092621,376.30658436213986,461.9389047166825,0.024436730110883247,0.9999999999999999,1.0,0.9999999999999999,46,8,2.2448108961943642,0,2.2448108961943642,False,False,False,True,0,1112,13,0.4,0.3,0.3,balanced
1781439184070.8252,0.4,0.3,0.3,602.3359497645212,619.8888888888889,0.12046718995290423,374.93748021525795,460.0870528648306,0.024345395611424812,0.9999999999999999,1.0,0.9999999999999999,44,8,2.2445095053354107,1,2.2445095053354107,False,False,False,True,0,1113,13,0.4,0.3,0.3,balanced
1781439207707.865,0.4,0.3,0.3,604.3265306122448,621.6666666666666,0.12086530612244896,346.45615701171255,425.22317188983857,0.022445374050147602,0.9999999999999999,1.0,0.9999999999999999,43,8,2.244920265335976,1,2.244920265335976,False,False,False,True,0,1114,13,0.4,0.3,0.3,balanced
1781439234922.0059,0.4,0.3,0.3,605.6562009419152,624.1111111111111,0.12113124018838305,348.18455207344095,434.29566318455204,0.02256067725640033,0.9999999999999999,1.0,0.9999999999999999,41,8,2.2447793007477266,1,2.2447793007477266,False,False,False,True,0,1115,13,0.4,0.3,0.3,balanced
1781439262143.841,0.4,0.3,0.3,605.9105180533752,625.5555555555555,0.12118210361067504,515.133744855967,604.2624248179804,0.03369804835596845,0.99587185301471,0.9958847736625513,0.99587185301471,40,8,2.2401792999533523,1,2.2401792999533523,False,False,False,True,0,1116,13,0.4,0.3,0.3,balanced
1781439289565.0,0.4,0.3,0.3,609.5259026687598,630.1111111111111,0.12190518053375198,370.73678379233934,450.2168407723963,0.024065162361063333,0.9999999999999999,1.0,0.9999999999999999,38,8,2.24401837907818,1,2.24401837907818,False,False,False,True,0,1117,13,0.4,0.3,0.3,balanced
1781439313000.4421,0.4,0.3,0.3,606.2417582417582,625.6666666666666,0.12124835164835165,372.0829376384932,448.338081671415,0.0241549658197794,0.9999999999999999,1.0,0.9999999999999999,40,8,2.2442541695947256,0,2.2442541695947256,False,False,False,True,0,1118,13,0.4,0.3,0.3,balanced
1781439341332.661,0.4,0.3,0.3,608.5054945054945,628.6666666666666,0.12170109890109891,428.98718299580366,573.596971355592,0.027951112941681365,0.9322545586281848,0.9529914529914529,0.9322545586281848,38,8,2.2226105941455114,1,2.2226105941455114,False,False,False,True,0,1119,13,0.4,0.3,0.3,balanced
1781439368136.424,0.4,0.3,0.3,610.3594976452121,631.6666666666666,0.12207189952904242,324.8923710034821,403.4520417853752,0.021006829286423088,0.9999999999999999,1.0,0.9999999999999999,37,8,2.244869191402456,1,2.244869191402456,False,False,False,True,0,1120,13,0.4,0.3,0.3,balanced
1781439395369.622,0.4,0.3,0.3,609.3265306122448,629.3333333333334,0.12186530612244896,339.7467553023108,417.72396327951884,0.021997782208292918,0.9999999999999999,1.0,0.9999999999999999,38,8,2.2446545428885325,0,2.2446545428885325,False,False,False,True,0,1121,13,0.4,0.3,0.3,balanced
1781439419211.657,0.4,0.3,0.3,609.9607535321821,630.6666666666666,0.12199215070643643,316.33665716999053,391.66033554922444,0.020436067856570414,0.9999999999999999,1.0,0.9999999999999999,37,8,2.245072319360454,1,2.245072319360454,False,False,False,True,0,1122,13,0.4,0.3,0.3,balanced
1781439446545.97,0.4,0.3,0.3,615.3940345368916,637.6666666666666,0.12307880690737831,336.275720164609,411.7932890155112,0.021766225494637026,0.9999999999999999,1.0,0.9999999999999999,35,8,2.2442386095886575,1,2.2442386095886575,False,False,False,True,0,1123,13,0.4,0.3,0.3,balanced
1781439473664.9639,0.4,0.3,0.3,617.1585557299843,638.8888888888889,0.12343171114599687,339.8622981956315,423.4599556821779,0.02200549020651311,0.9999999999999999,1.0,0.9999999999999999,34,8,2.2440256684796474,1,2.2440256684796474,False,False,False,True,0,1124,13,0.4,0.3,0.3,balanced
1781439500883.962,0.4,0.3,0.3,621.2354788069073,645.2222222222222,0.12424709576138146,285.5927508705287,355.5349794238683,0.018385106795899178,0.9999999999999999,1.0,0.9999999999999999,32,8,2.2447856296566777,1,2.2447856296566777,False,False,False,True,0,1125,13,0.4,0.3,0.3,balanced
1781439524412.994,0.4,0.3,0.3,630.6718995290424,657.2222222222222,0.12613437990580847,248.52326685660015,308.1829692940804,0.01591215922992663,0.9999999999999999,1.0,0.9999999999999999,29,8,2.2447726002686985,1,2.2447726002686985,False,False,False,True,0,1126,13,0.4,0.3,0.3,balanced
1781439551925.631,0.4,0.3,0.3,633.5164835164834,660.8888888888889,0.1267032967032967,225.78189300411523,280.08230452674894,0.014395056237766194,0.9999999999999999,1.0,0.9999999999999999,28,8,2.2450001644473514,1,2.2450001644473514,False,False,False,True,0,1127,13,0.4,0.3,0.3,balanced
1781439579646.6191,0.4,0.3,0.3,640.3218210361067,669.7777777777778,0.12806436420722134,221.28125989237103,276.301044634378,0.014094813868737226,0.9999999999999999,1.0,0.9999999999999999,26,8,2.2445458101564904,1,2.2445458101564904,False,False,False,True,0,1128,13,0.4,0.3,0.3,balanced
1781439607473.482,0.4,0.3,0.3,637.0580847723704,664.3333333333334,0.1274116169544741,232.17315606204494,290.43368154479265,0.01482142468726117,0.9999999999999999,1.0,0.9999999999999999,28,8,2.2445889258120317,0,2.2445889258120317,False,False,False,True,0,1129,13,0.4,0.3,0.3,balanced
1781439631014.25,0.4,0.3,0.3,640.3045525902668,669.7777777777778,0.12806091051805335,216.91278885723327,262.5989237100348,0.013803388182603954,0.9999999999999999,1.0,0.9999999999999999,26,8,2.2446346193379973,1,2.2446346193379973,False,False,False,True,0,1130,13,0.4,0.3,0.3,balanced
1781439658525.2932,0.4,0.3,0.3,643.7880690737833,673.6666666666666,0.12875761381475664,189.7689142133586,240.2880658436214,0.011992589340450876,0.9999999999999999,1.0,0.9999999999999999,25,8,2.244899177671962,1,2.244899177671962,False,False,False,True,0,1131,13,0.4,0.3,0.3,balanced
1781439686155.0679,0.4,0.3,0.3,641.0706436420721,670.0,0.12821412872841442,202.22776194998414,254.07565685343465,0.012823733285522625,0.9999999999999999,1.0,0.9999999999999999,26,8,2.2448672285229776,0,2.2448672285229776,False,False,False,True,0,1132,13,0.4,0.3,0.3,balanced
1781439710086.281,0.4,0.3,0.3,644.447409733124,675.0,0.1288894819466248,224.2355175688509,281.9721430832542,0.014291895768435684,0.9999999999999999,1.0,0.9999999999999999,25,8,2.244156638490819,1,2.244156638490819,False,False,False,True,0,1133,13,0.4,0.3,0.3,balanced
1781439737506.7,0.4,0.3,0.3,641.6923076923076,669.8888888888889,0.1283384615384615,198.89442861665083,246.0889522000633,0.012601362816320936,0.9999999999999999,1.0,0.9999999999999999,26,8,2.244884206539719,0,2.244884206539719,False,False,False,True,0,1134,13,0.4,0.3,0.3,balanced
1781439764427.346,0.4,0.3,0.3,635.7394034536892,662.8888888888889,0.12714788069073785,212.81101614434948,262.32035454257675,0.013529754245787156,0.9999999999999999,1.0,0.9999999999999999,28,8,2.2450819214499687,0,2.2450819214499687,False,False,False,True,0,1135,13,0.4,0.3,0.3,balanced
1781439791429.075,0.4,0.3,0.3,641.4238618524332,670.7777777777778,0.12828477237048663,213.72507122507122,263.60873694207027,0.01359073190294004,0.9999999999999999,1.0,0.9999999999999999,26,8,2.2446088714809234,1,2.2446088714809234,False,False,False,True,0,1136,13,0.4,0.3,0.3,balanced
1781439814573.981,0.4,0.3,0.3,634.7378335949763,661.6666666666666,0.12694756671899526,250.54210193099078,310.67901234567904,0.01604683802074655,0.9999999999999999,1.0,0.9999999999999999,28,8,2.2444069219061777,0,2.2444069219061777,False,False,False,True,0,1137,13,0.4,0.3,0.3,balanced
1781439841099.201,0.4,0.3,0.3,641.5635792778648,671.0,0.12831271585557297,208.04051915163024,263.3539094650206,0.013211508949408288,0.9999999999999999,1.0,0.9999999999999999,26,8,2.2447114609729484,1,2.2447114609729484,False,False,False,True,0,1138,13,0.4,0.3,0.3,balanced
1781439867902.494,0.4,0.3,0.3,645.6750392464678,675.7777777777778,0.12913500784929355,184.95726495726493,236.55587211142768,0.01167159872963742,0.9999999999999999,1.0,0.9999999999999999,25,8,2.244844517241391,1,2.244844517241391,False,False,False,True,0,1139,13,0.4,0.3,0.3,balanced
1781439894729.424,0.4,0.3,0.3,653.5494505494505,686.7777777777778,0.1307098901098901,183.34757834757838,227.2333016777461,0.011564214699638318,0.9999999999999999,1.0,0.9999999999999999,23,8,2.2442467795461525,1,2.2442467795461525,False,False,False,True,0,1140,13,0.4,0.3,0.3,balanced
1781439918059.959,0.4,0.3,0.3,668.5064011379801,691.5555555555555,0.13370128022759603,340.3392094017094,446.8993352326686,0.022037305497112036,1.0,1.0,1.0,22,8,2.239908296259828,1,2.239908296259828,False,False,False,True,0,1141,13,0.4,0.3,0.3,balanced
1781439945164.697,0.4,0.3,0.3,652.6797488226059,686.0,0.13053594976452118,236.6484647040202,284.25292814181705,0.015119977632022694,0.9999999999999999,1.0,0.9999999999999999,23,8,2.2432496268045847,0,2.2432496268045847,False,False,False,True,0,1142,13,0.4,0.3,0.3,balanced
1781439972384.396,0.4,0.3,0.3,644.7048665620094,675.2222222222222,0.1289409733124019,180.9037670148781,225.80246913580245,0.011401185257830427,0.9880225594511308,0.9917695473251028,0.9880225594511308,25,8,2.2414100229330294,0,2.2414100229330294,False,False,False,True,0,1143,13,0.4,0.3,0.3,balanced
1781439995619.105,0.4,0.3,0.3,655.1475667189952,688.2222222222222,0.13102951334379903,175.76527382082935,220.68692624248177,0.011058390515065334,0.9999999999999999,1.0,0.9999999999999999,23,8,2.2442706775079606,1,2.2442706775079606,False,False,False,True,0,1144,13,0.4,0.3,0.3,balanced
1781440022337.227,0.4,0.3,0.3,660.2307692307692,694.6666666666666,0.13204615384615384,176.29313073757518,219.06299461855016,0.011093604452139772,0.9999999999999999,1.0,0.9999999999999999,22,8,2.2438534571258963,1,2.2438534571258963,False,False,False,True,0,1145,13,0.4,0.3,0.3,balanced
1781440048961.075,0.4,0.3,0.3,658.287284144427,693.1111111111111,0.13165745682888538,178.9466603355492,224.06616017727129,0.01127062443866239,0.9999999999999999,1.0,0.9999999999999999,22,8,2.243955829936847,2,2.243955829936847,False,False,False,True,0,1146,13,0.4,0.3,0.3,balanced
1781440082781.023,0.4,0.3,0.3,480.2213500784929,546.7777777777778,0.09604427001569858,613.8538748832866,600.4472455648925,0.040283780846116515,0.7082305449652387,0.7682539682539683,0.7082305449652387,22,8,2.1619663212294573,2,2.1619663212294573,False,False,False,True,0,1147,13,0.4,0.3,0.3,balanced
1781440109806.136,0.4,0.3,0.3,654.1114599686027,687.2222222222222,0.13082229199372056,212.81893004115224,261.81069958847735,0.01353028219087073,0.9999999999999999,1.0,0.9999999999999999,23,8,2.2436119985452505,0,2.2436119985452505,False,False,False,True,0,1148,13,0.4,0.3,0.3,balanced
1781440133249.334,0.4,0.3,0.3,656.778649921507,691.0,0.13135572998430142,197.31560620449508,251.48781259892374,0.01249603777214777,0.9999999999999999,1.0,0.9999999999999999,22,8,2.243708896674635,1,2.243708896674635,False,False,False,True,0,1149,13,0.4,0.3,0.3,balanced
1781440160267.5012,0.4,0.3,0.3,669.6860282574568,708.1111111111111,0.13393720565149136,235.38224121557454,293.6198163975942,0.015035506418650736,0.9999999999999999,1.0,0.9999999999999999,20,8,2.2419144658138084,1,2.2419144658138084,False,False,False,True,0,1150,13,0.4,0.3,0.3,balanced
1781440187287.663,0.4,0.3,0.3,676.0313971742543,715.2222222222222,0.13520627943485086,202.71525799303578,256.94048749604303,0.012856254702670832,0.9999999999999999,1.0,0.9999999999999999,19,8,2.2420606118152584,1,2.2420606118152584,False,False,False,True,0,1151,13,0.4,0.3,0.3,balanced
1781440210532.613,0.4,0.3,0.3,691.3469387755102,735.8888888888889,0.13826938775510206,182.46122190566635,249.9525166191833,0.011505084850277942,0.9940694226408512,0.9958847736625513,0.9940694226408512,17,8,2.2394615462351313,1,2.2394615462351313,False,False,False,True,0,1152,13,0.4,0.3,0.3,balanced
1781440237364.147,0.4,0.3,0.3,700.9764521193091,748.0,0.1401952904238618,178.04051915163026,221.26622348844572,0.011210174726593079,0.9999999999999999,1.0,0.9999999999999999,16,8,2.240558831412477,1,2.240558831412477,False,False,False,True,0,1153,13,0.4,0.3,0.3,balanced
1781440264374.329,0.4,0.3,0.3,725.1114599686028,778.6666666666666,0.14502229199372058,151.70781893004116,198.0690091801203,0.009453490255506415,0.9999999999999999,1.0,0.9999999999999999,14,8,2.23915503612586,1,2.23915503612586,False,False,False,True,0,1154,13,0.4,0.3,0.3,balanced
1781440291194.8308,0.4,0.3,0.3,738.5290423861852,796.2222222222222,0.14770580847723705,134.15954415954414,173.71636593858818,0.008282824827187734,0.9999999999999999,1.0,0.9999999999999999,13,8,2.2384328291609488,1,2.2384328291609488,False,False,False,True,0,1155,13,0.4,0.3,0.3,balanced
1781440314830.086,0.4,0.3,0.3,773.5494505494505,841.4444444444445,0.1547098901098901,139.93827160493825,182.75720164609052,0.008668330327214027,0.9999999999999999,1.0,0.9999999999999999,11,8,2.2355155448578796,1,2.2355155448578796,False,False,False,True,0,1156,13,0.4,0.3,0.3,balanced
1781440342059.126,0.4,0.3,0.3,798.7064364207221,874.2222222222222,0.1597412872841444,149.72301361190247,182.72079772079772,0.009321081628545861,0.9999999999999999,1.0,0.9999999999999999,10,8,2.2333071605977786,1,2.2333071605977786,False,False,False,True,0,1157,13,0.4,0.3,0.3,balanced
1781440369282.1602,0.4,0.3,0.3,775.0596546310833,843.1111111111111,0.15501193092621665,246.76005064893954,269.9002849002849,0.015794533065306173,0.99587185301471,0.9958847736625513,0.99587185301471,11,8,2.2320184236143343,0,2.2320184236143343,False,False,False,True,0,1158,13,0.4,0.3,0.3,balanced
1781440396395.539,0.4,0.3,0.3,740.0408163265306,798.2222222222222,0.1480081632653061,125.01899335232669,164.5045900601456,0.007673048255658886,0.9999999999999999,1.0,0.9999999999999999,13,8,2.2384948202171797,0,2.2384948202171797,False,False,False,True,0,1159,13,0.4,0.3,0.3,balanced
1781440419836.49,0.4,0.3,0.3,727.7817896389324,781.8888888888889,0.14555635792778648,134.1769547325103,165.48591326369103,0.0082839863063716,0.9999999999999999,1.0,0.9999999999999999,14,8,2.239292260936974,0,2.239292260936974,False,False,False,True,0,1160,13,0.4,0.3,0.3,balanced
1781440447059.1682,0.4,0.3,0.3,703.2935635792778,750.6666666666666,0.14065871271585556,125.5935422602089,153.7226970560304,0.007711377068726411,0.9999999999999999,1.0,0.9999999999999999,16,8,2.24142310179304,0,2.24142310179304,False,False,False,True,0,1161,13,0.4,0.3,0.3,balanced
1781440474176.037,0.4,0.3,0.3,694.0015698587127,739.0,0.13880031397174256,132.53482114593226,165.30072807850584,0.008174437701529837,0.9999999999999999,1.0,0.9999999999999999,17,8,2.242027543100844,0,2.242027543100844,False,False,False,True,0,1162,13,0.4,0.3,0.3,balanced
1781440498014.861,0.4,0.3,0.3,668.5368916797488,710.3333333333334,0.13370737833594976,180.3402975625198,238.01836024058244,0.011363595567879907,0.9999999999999999,1.0,0.9999999999999999,19,8,2.243107969995256,0,2.243107969995256,False,False,False,True,0,1163,13,0.4,0.3,0.3,balanced
1781440525434.5142,0.4,0.3,0.3,670.111459968603,708.1111111111111,0.1340222919937206,168.02864830642608,216.9389047166825,0.010542271401362647,0.9939531368102795,0.9958847736625513,0.9939531368102795,20,8,2.2414143428251867,0,2.2414143428251867,False,False,False,True,0,1164,13,0.4,0.3,0.3,balanced
1781440552842.578,0.4,0.3,0.3,660.070643642072,694.5555555555555,0.1320141287284144,179.29170623615067,226.7141500474834,0.01129364284430625,0.9999999999999999,1.0,0.9999999999999999,22,8,2.2438062556553424,0,2.2438062556553424,False,False,False,True,0,1165,13,0.4,0.3,0.3,balanced
1781440580185.133,0.4,0.3,0.3,654.3971742543171,687.4444444444445,0.13087943485086342,165.91405508072174,212.29028173472616,0.01040120447503147,0.9999999999999999,1.0,0.9999999999999999,23,8,2.244527864717145,0,2.244527864717145,False,False,False,True,0,1166,13,0.4,0.3,0.3,balanced
1781440603827.218,0.4,0.3,0.3,650.1552238805968,675.1111111111111,0.13003104477611938,199.4771241830065,254.15954415954417,0.012640235102268613,0.9999999999999998,1.0,0.9999999999999998,25,8,2.2441955115588716,0,2.2441955115588716,False,False,False,True,0,1167,13,0.4,0.3,0.3,balanced
1781440631241.658,0.4,0.3,0.3,639.1114599686028,668.4444444444445,0.12782229199372058,274.83934789490337,351.08578664134217,0.017667735016337782,0.9999999999999999,1.0,0.9999999999999999,26,8,2.2435707626976105,0,2.2435707626976105,False,False,False,True,0,1168,13,0.4,0.3,0.3,balanced
1781440658554.9978,0.4,0.3,0.3,632.3704866562009,659.8888888888889,0.12647409733124018,271.1514719848053,359.792655903767,0.017421712607391948,0.9999999999999999,1.0,0.9999999999999999,28,8,2.2441838472852864,0,2.2441838472852864,False,False,False,True,0,1169,13,0.4,0.3,0.3,balanced
1781440685887.21,0.4,0.3,0.3,631.3233908948193,657.7777777777778,0.12626467817896386,246.8510604621716,308.0531813865148,0.015800604433767285,0.9999999999999999,1.0,0.9999999999999999,29,8,2.244753947398284,0,2.244753947398284,False,False,False,True,0,1170,13,0.4,0.3,0.3,balanced
1781440709724.4302,0.4,0.3,0.3,621.8885400313972,646.2222222222222,0.12437770800627942,358.11411839189617,509.1199746755302,0.023223089952761587,0.9940694226408511,0.9958847736625513,0.9940694226408511,32,8,2.2415028166039153,0,2.2415028166039153,False,False,False,True,0,1171,13,0.4,0.3,0.3,balanced
1781440737145.5159,0.4,0.3,0.3,632.8445839874411,658.6666666666666,0.12656891679748822,268.2090851535296,327.1747388414055,0.017225422625318853,0.9999999999999999,1.0,0.9999999999999999,29,8,2.244204806493409,1,2.244204806493409,False,False,False,True,0,1172,13,0.4,0.3,0.3,balanced
1781440764458.461,0.4,0.3,0.3,623.4050235478807,647.6666666666666,0.12468100470957613,266.62947135169355,338.8398227287116,0.01712004478663733,0.9899412756555613,0.9917695473251028,0.9899412756555613,32,8,2.241973967376847,0,2.241973967376847,False,False,False,True,0,1173,13,0.4,0.3,0.3,balanced
1781440791384.499,0.4,0.3,0.3,617.4882260596545,640.5555555555555,0.12349764521193089,270.1693573915796,338.0769230769231,0.01735619462252032,0.9999999999999999,1.0,0.9999999999999999,34,8,2.2453940835284714,0,2.2453940835284714,False,False,False,True,0,1174,13,0.4,0.3,0.3,balanced
1781440815020.295,0.4,0.3,0.3,615.3563579277865,637.0,0.1230712715855573,287.8600823045267,354.710351377018,0.018536363062343342,0.9999999999999999,1.0,0.9999999999999999,35,8,2.245210582447074,0,2.245210582447074,False,False,False,True,0,1175,13,0.4,0.3,0.3,balanced
1781440842235.3809,0.4,0.3,0.3,610.8524332810048,632.5555555555555,0.12217048665620095,324.82035454257675,405.08863564419124,0.02100202498616256,0.9999999999999999,1.0,0.9999999999999999,37,8,2.2448311978416706,0,2.2448311978416706,False,False,False,True,0,1176,13,0.4,0.3,0.3,balanced
1781440869459.085,0.4,0.3,0.3,608.7582417582416,629.0,0.12175164835164833,335.9465020576131,420.4115226337448,0.021744262979160312,0.9999999999999999,1.0,0.9999999999999999,38,8,2.2447760617655925,0,2.2447760617655925,False,False,False,True,0,1177,13,0.4,0.3,0.3,balanced
1781440896875.4739,0.4,0.3,0.3,606.8226059654631,626.6666666666666,0.12136452119309263,323.3190883190883,401.26938904716684,0.020901873803808424,0.9999999999999999,1.0,0.9999999999999999,40,8,2.2451836293816205,0,2.2451836293816205,False,False,False,True,0,1178,13,0.4,0.3,0.3,balanced
1781440920612.043,0.4,0.3,0.3,603.806907378336,623.0,0.12076138147566719,381.56378600823047,465.8847736625514,0.024787444029901965,0.9999999999999999,1.0,0.9999999999999999,41,8,2.2442592142007625,0,2.2442592142007625,False,False,False,True,0,1179,13,0.4,0.3,0.3,balanced
1781440947821.739,0.4,0.3,0.3,601.193092621664,618.8888888888889,0.1202386185243328,356.80357708135483,440.4748338081671,0.023135662246921603,0.9999999999999999,1.0,0.9999999999999999,43,8,2.2449638539161905,0,2.2449638539161905,False,False,False,True,0,1180,13,0.4,0.3,0.3,balanced
1781440974955.939,0.4,0.3,0.3,605.1993720565149,624.4444444444445,0.12103987441130298,379.4547325102881,448.4552073440962,0.024646746665129296,0.9999999999999999,1.0,0.9999999999999999,41,8,2.2441900262359398,1,2.2441900262359398,False,False,False,True,0,1181,13,0.4,0.3,0.3,balanced
1781440998491.026,0.4,0.3,0.3,601.6860282574568,620.1111111111111,0.12033720565149135,369.05824628046844,470.0918012029123,0.02395318520883712,0.9999999999999999,1.0,0.9999999999999999,43,8,2.244679162176752,0,2.244679162176752,False,False,False,True,0,1182,13,0.4,0.3,0.3,balanced
1781441025503.031,0.4,0.3,0.3,600.9607535321821,618.4444444444445,0.12019215070643642,387.54273504273505,491.32953466286796,0.0251863065405427,0.9999999999999999,1.0,0.9999999999999999,44,8,2.2443672477552625,0,2.2443672477552625,False,False,False,True,0,1183,13,0.4,0.3,0.3,balanced
1781441052314.034,0.4,0.3,0.3,602.3108320251176,620.5555555555555,0.12046216640502352,355.7312440645774,457.6574865463755,0.023064125688097226,0.9999999999999999,1.0,0.9999999999999999,43,8,2.2448958957315615,1,2.2448958957315615,False,False,False,True,0,1184,13,0.4,0.3,0.3,balanced
1781441082142.3162,0.4,0.3,0.3,601.5164835164835,619.1111111111111,0.1203032967032967,537.0561941251595,628.7049808429119,0.035160519954980624,0.9099746407438715,0.9102564102564104,0.9099746407438715,44,8,2.2143229175553487,0,2.2143229175553487,False,False,False,True,0,1185,13,0.4,0.3,0.3,balanced
1781441120361.302,0.4,0.3,0.3,336.95918367346934,435.22222222222223,0.06739183673469387,282.1111111111111,233.05555555555554,0.018152842635831293,0.5164835164835164,0.6666666666666666,0.5164835164835164,46,8,2.122542467460428,0,2.122542467460428,False,False,False,True,0,1186,13,0.4,0.3,0.3,balanced
1781441147290.2888,0.4,0.3,0.3,596.0722135007849,612.7777777777778,0.11921444270015698,468.4623298512187,578.3412472301361,0.030584545020094646,0.9999999999999999,1.0,0.9999999999999999,47,8,2.2431388594139086,0,2.2431388594139086,False,False,False,True,0,1187,13,0.4,0.3,0.3,balanced
1781441170528.416,0.4,0.3,0.3,595.2087912087911,611.6666666666666,0.11904175824175822,420.84757834757835,537.7255460588794,0.02740811063025873,0.9999999999999999,1.0,0.9999999999999999,49,8,2.244160863514219,0,2.244160863514219,False,False,False,True,0,1188,13,0.4,0.3,0.3,balanced
1781441197453.858,0.4,0.3,0.3,593.8649921507065,609.4444444444445,0.1187729984301413,442.34488762266534,582.3678379233935,0.02884222065528121,0.9999999999999999,1.0,0.9999999999999999,50,8,2.243838134431359,0,2.243838134431359,False,False,False,True,0,1189,13,0.4,0.3,0.3,balanced
1781441224774.5618,0.4,0.3,0.3,591.0800627943485,606.4444444444445,0.1182160125588697,437.653529597974,543.6403925292814,0.028529254809738093,0.9999999999999999,1.0,0.9999999999999999,52,8,2.2441548185335307,0,2.2441548185335307,False,False,False,True,0,1190,13,0.4,0.3,0.3,balanced
1781441248512.178,0.4,0.3,0.3,590.4788069073784,604.8888888888889,0.11809576138147568,455.7296612852168,565.1060462171573,0.029735134175131208,0.9999999999999999,1.0,0.9999999999999999,53,8,2.2438411551948705,0,2.2438411551948705,False,False,False,True,0,1191,13,0.4,0.3,0.3,balanced
1781441275633.058,0.4,0.3,0.3,589.0047095761381,603.3333333333334,0.11780094191522762,457.69626464070905,567.0101297879077,0.029866328528399537,0.9999999999999999,1.0,0.9999999999999999,55,8,2.243919724675389,0,2.243919724675389,False,False,False,True,0,1192,13,0.4,0.3,0.3,balanced
1781441302558.968,0.4,0.3,0.3,590.0141287284143,603.8888888888889,0.11800282574568287,508.9648622981956,615.2263374485597,0.03328651516332192,0.9999999999999999,1.0,0.9999999999999999,56,8,2.2428129151527303,0,2.2428129151527303,False,False,False,True,0,1193,13,0.4,0.3,0.3,balanced
1781441329777.489,0.4,0.3,0.3,586.552590266876,600.2222222222222,0.1173105180533752,473.6198163975942,603.141817030706,0.030928606831060322,0.9999999999999999,1.0,0.9999999999999999,58,8,2.2437972107293316,0,2.2437972107293316,False,False,False,True,0,1194,13,0.4,0.3,0.3,balanced
1781441353413.832,0.4,0.3,0.3,586.1632653061224,599.3333333333334,0.11723265306122448,506.03118075340296,605.5144032921811,0.03309080592084076,0.9999999999999999,1.0,0.9999999999999999,59,8,2.243179696999258,0,2.243179696999258,False,False,False,True,0,1195,13,0.4,0.3,0.3,balanced
1781441380431.318,0.4,0.3,0.3,584.2182103610675,597.5555555555555,0.1168436420722135,578.1584362139918,709.3431465653688,0.03790249741254115,0.9999999999999999,1.0,0.9999999999999999,61,8,2.241891793947352,0,2.241891793947352,False,False,False,True,0,1196,13,0.4,0.3,0.3,balanced
1781441418368.4858,0.4,0.3,0.3,335.502354788069,405.6666666666667,0.0671004709576138,343.67073170731703,341.1138211382114,0.022259555150588195,0.5604395604395603,0.6666666666666666,0.5604395604395603,64,8,2.134613813203646,0,2.134613813203646,False,False,False,True,0,1197,13,0.4,0.3,0.3,balanced
1781441445489.623,0.4,0.3,0.3,582.4285714285714,594.4444444444445,0.11648571428571429,602.806742640076,730.8809749920861,0.03954681405203976,0.9938413235116531,0.9957264957264957,0.9938413235116531,65,8,2.2396940671235983,0,2.2396940671235983,False,False,False,True,0,1198,13,0.4,0.3,0.3,balanced
1781441477322.9622,0.4,0.3,0.3,512.2668759811617,524.1111111111111,0.10245337519623234,982.4394991582491,1291.5477693602693,0.06487254830942289,0.8518019247832912,0.8700181159420289,0.8518019247832912,67,8,2.1950974628636675,0,2.1950974628636675,False,False,False,True,0,1199,13,0.4,0.3,0.3,balanced
1781441500867.644,0.4,0.3,0.3,581.6279434850863,593.3333333333334,0.11632558869701727,675.886356441912,792.5735992402659,0.04442203845509753,0.9999999999999999,1.0,0.9999999999999999,65,8,2.240143152984664,1,2.240143152984664,False,True,False,True,0,1200,13,0.4,0.3,0.3,balanced
