timestamp,alpha,beta,delta,power_wam,power_mean,power_normalized,delay_wam,delay_mean,delay_normalized,pdr_wam,pdr_mean,pdr_normalized,current_sf_len,last_ts_in_schedule,reward,action,returned_reward,terminated,truncated,wait_timeout,valid_cycle,wait_attempts,cycle_idx,seed,alpha_weight,beta_weight,delta_weight,profile
1781496289312.392,0.4,0.3,0.3,599.8037676609106,705.2222222222222,0.11996075353218212,307.62575103383926,303.8108883770649,0.019854953371170065,0.489928957241306,0.5160075329566856,0.489928957241306,11,8,2.093037899748168,0,2.093037899748168,False,False,False,True,0,1,20,0.4,0.3,0.3,balanced
1781496296119.478,0.4,0.3,0.3,738.751962323391,795.7777777777778,0.1477503924646782,72.94238683127571,89.83539094650206,0.004198958427703517,1.0000000000000002,1.0,1.0,13,8,2.2396401554858176,0,2.2396401554858176,False,False,False,True,0,2,20,0.4,0.3,0.3,balanced
1781496299533.3828,0.4,0.3,0.3,777.4034536891681,845.0,0.15548069073783363,88.1275720164609,121.60493827160492,0.005211979454066771,1.0000000000000002,1.0,1.0,11,8,2.2362441298686466,1,2.2362441298686466,False,False,False,True,0,3,20,0.4,0.3,0.3,balanced
1781496302853.009,0.4,0.3,0.3,740.0109890109891,796.8888888888889,0.1480021978021978,120.46771130104462,148.26595215484105,0.007369427038095038,1.0000000000000002,1.0,1.0,13,8,2.2385882927676923,0,2.2385882927676923,False,False,False,True,0,4,20,0.4,0.3,0.3,balanced
1781496306075.361,0.4,0.3,0.3,723.8759811616956,777.2222222222222,0.14477519623233912,97.43606701940035,116.61816578483246,0.005832959774476341,1.0000000000000002,1.0,1.0,14,8,2.2403400335747214,0,2.2403400335747214,False,False,False,True,0,5,20,0.4,0.3,0.3,balanced
1781496309088.618,0.4,0.3,0.3,702.52590266876,749.6666666666666,0.140505180533752,102.74374802152579,126.10477999366887,0.006187041228921,1.0000000000000002,1.0,1.0,16,8,2.241941815417823,0,2.241941815417823,False,False,False,True,0,6,20,0.4,0.3,0.3,balanced
1781496312101.868,0.4,0.3,0.3,692.8932496075355,736.8888888888889,0.1385786499215071,136.58289241622575,163.6243386243386,0.00844448915385095,1.0000000000000002,1.0,1.0,17,8,2.242035193285242,0,2.242035193285242,False,False,False,True,0,7,20,0.4,0.3,0.3,balanced
1781496315123.43,0.4,0.3,0.3,703.243328100471,749.7777777777778,0.1406486656200942,119.55246913580245,140.29835390946502,0.007308370189179617,1.0000000000000002,1.0,1.0,16,8,2.2415480226952083,1,2.2415480226952083,False,False,False,True,0,8,20,0.4,0.3,0.3,balanced
1781496318148.9001,0.4,0.3,0.3,693.4803767660912,738.0,0.13869607535321823,112.6190476190476,133.96090534979425,0.006845833730423456,1.0000000000000002,1.0,1.0,17,8,2.2424678197395855,0,2.2424678197395855,False,False,False,True,0,9,20,0.4,0.3,0.3,balanced
1781496321162.996,0.4,0.3,0.3,676.3437990580849,716.4444444444445,0.13526875981161698,142.7579365079365,178.05555555555554,0.008856433389455404,1.0000000000000002,1.0,1.0,19,8,2.2432355660585164,0,2.2432355660585164,False,False,False,True,0,10,20,0.4,0.3,0.3,balanced
1781496324182.2961,0.4,0.3,0.3,691.1930926216642,735.2222222222222,0.13823861852433283,149.17695473251027,187.57201646090536,0.009284653417779204,1.0000000000000002,1.0,1.0,17,8,2.2419191565649332,1,2.2419191565649332,False,False,False,True,0,11,20,0.4,0.3,0.3,balanced
1781496330780.074,0.4,0.3,0.3,675.1428571428573,714.7777777777778,0.13502857142857147,188.6706349206349,225.9920634920635,0.011919321875959633,1.0000000000000002,1.0,1.0,19,8,2.2424127748657834,0,2.2424127748657834,False,False,False,True,0,12,20,0.4,0.3,0.3,balanced
1781496333697.4111,0.4,0.3,0.3,666.6200941915228,704.0,0.13332401883830455,204.88683127572014,255.07280785058563,0.013001122833603745,1.0000000000000002,1.0,1.0,20,8,2.242770055614597,0,2.242770055614597,False,False,False,True,0,13,20,0.4,0.3,0.3,balanced
1781496336610.904,0.4,0.3,0.3,656.4238618524333,690.7777777777778,0.13128477237048666,456.9435399990955,542.6093248315469,0.029816113408878953,0.9915692772835633,0.9917695473251028,0.9915692772835633,22,8,2.2360120402142107,0,2.2360120402142107,False,False,False,True,0,14,20,0.4,0.3,0.3,balanced
1781496339533.242,0.4,0.3,0.3,650.4489795918366,683.2222222222222,0.13008979591836733,227.49338624338623,267.9379776601999,0.014509231904161856,1.0000000000000002,1.0,1.0,23,8,2.2436113120614043,0,2.2436113120614043,False,False,False,True,0,15,20,0.4,0.3,0.3,balanced
1781496342347.907,0.4,0.3,0.3,643.5400313971743,673.8888888888889,0.12870800627943485,214.19753086419752,267.90123456790127,0.013622250224429455,1.0000000000000002,1.0,1.0,25,8,2.2444301224208973,0,2.2444301224208973,False,False,False,True,0,16,20,0.4,0.3,0.3,balanced
1781496345170.444,0.4,0.3,0.3,640.1083202511775,669.2222222222222,0.1280216640502355,142.3420047031158,178.61111111111111,0.008828686104277238,1.0000000000000002,1.0,1.0,26,8,2.2461427285486226,0,2.2461427285486226,False,False,False,True,0,17,20,0.4,0.3,0.3,balanced
1781496347992.257,0.4,0.3,0.3,634.4113029827316,662.6666666666666,0.12688226059654634,159.0873015873016,190.27777777777777,0.009945783961794637,1.0000000000000002,1.0,1.0,28,8,2.246263360572843,0,2.246263360572843,False,False,False,True,0,18,20,0.4,0.3,0.3,balanced
1781496350813.097,0.4,0.3,0.3,632.3799058084774,658.1111111111111,0.12647598116169548,180.29967159277504,222.68062397372742,0.011360885363093732,1.0000000000000002,1.0,1.0,29,8,2.2460013419263936,0,2.2460013419263936,False,False,False,True,0,19,20,0.4,0.3,0.3,balanced
1781496353631.652,0.4,0.3,0.3,634.7048665620094,661.3333333333334,0.1269409733124019,160.68048206937092,197.880658436214,0.010052066849190855,1.0000000000000002,1.0,1.0,28,8,2.246207990620282,1,2.246207990620282,False,False,False,True,0,20,20,0.4,0.3,0.3,balanced
1781496356343.503,0.4,0.3,0.3,631.1836734693878,657.0,0.12623673469387756,169.08673630895854,215.53656220322887,0.010612857659036594,1.0000000000000002,1.0,1.0,29,8,2.246321448824738,0,2.246321448824738,False,False,False,True,0,21,20,0.4,0.3,0.3,balanced
1781496359364.762,0.4,0.3,0.3,626.3610675039247,649.8888888888889,0.12527221350078493,349.99893084066474,467.2373941023135,0.02268171653373347,0.8239377389623697,0.8578872215127005,0.8239377389623697,32,8,2.1902679213282767,0,2.1902679213282767,False,False,False,True,0,22,20,0.4,0.3,0.3,balanced
1781496362177.847,0.4,0.3,0.3,628.5541601255889,654.5555555555555,0.12571083202511776,3774.33935920047,3923.758083480306,0.2511233728619393,1.0000000000000002,1.0,1.0,29,8,2.1743786553313713,1,2.1743786553313713,False,False,False,True,0,23,20,0.4,0.3,0.3,balanced
1781496368577.087,0.4,0.3,0.3,632.7315541601256,660.0,0.1265463108320251,240.09700176366843,272.880658436214,0.015350033473226714,1.0000000000000002,1.0,1.0,28,8,2.244776465625222,1,2.244776465625222,False,False,False,True,0,24,20,0.4,0.3,0.3,balanced
1781496371398.736,0.4,0.3,0.3,630.7080062794349,656.6666666666666,0.126141601255887,186.59391534391537,212.56907701352145,0.011780781543956996,1.0000000000000002,1.0,1.0,29,8,2.2460091250344583,0,2.2460091250344583,False,False,False,True,0,25,20,0.4,0.3,0.3,balanced
1781496374124.105,0.4,0.3,0.3,620.3846153846155,644.5555555555555,0.1240769230769231,217.27128838239946,251.74422285533396,0.013827304094889891,1.0000000000000002,1.0,1.0,32,8,2.246221039540764,0,2.246221039540764,False,False,False,True,0,26,20,0.4,0.3,0.3,balanced
1781496376843.567,0.4,0.3,0.3,617.1255886970174,639.3333333333334,0.12342511773940348,207.05670872337538,245.3509247953692,0.013145877833447324,0.9940694226408515,0.9958847736625513,0.9940694226408515,34,8,2.2449070163464597,0,2.2449070163464597,False,False,False,True,0,27,20,0.4,0.3,0.3,balanced
1781496379562.0178,0.4,0.3,0.3,614.0847723704868,635.6666666666666,0.12281695447409736,249.87654320987653,298.60082304526753,0.016002437839217915,1.0000000000000002,1.0,1.0,35,8,2.2460724868585955,0,2.2460724868585955,False,False,False,True,0,28,20,0.4,0.3,0.3,balanced
1781496382279.583,0.4,0.3,0.3,617.0015698587127,639.3333333333334,0.12340031397174255,212.20164609053498,266.5843621399177,0.013489102474351899,1.0000000000000002,1.0,1.0,34,8,2.2465931436689974,1,2.2465931436689974,False,False,False,True,0,29,20,0.4,0.3,0.3,balanced
1781496385002.7312,0.4,0.3,0.3,613.5337519623234,635.1111111111111,0.12270675039246469,234.43268665490885,283.95796590241036,0.014972160550694386,1.0000000000000002,1.0,1.0,35,8,2.246425651677806,0,2.246425651677806,False,False,False,True,0,30,20,0.4,0.3,0.3,balanced
1781496387726.746,0.4,0.3,0.3,612.3736263736264,633.1111111111111,0.12247472527472528,276.3690476190476,330.2557319223986,0.017769783029956476,1.0000000000000002,1.0,1.0,37,8,2.245679174981123,0,2.245679174981123,False,False,False,True,0,31,20,0.4,0.3,0.3,balanced
1781496390451.634,0.4,0.3,0.3,616.5054945054947,638.5555555555555,0.12330109890109893,217.36625514403292,270.5761316872428,0.01383363943589279,1.0000000000000002,1.0,1.0,35,8,2.2465294686087924,1,2.2465294686087924,False,False,False,True,0,32,20,0.4,0.3,0.3,balanced
1781496393175.915,0.4,0.3,0.3,617.697017268446,640.2222222222222,0.12353940345368919,216.50426219870664,264.57818930041157,0.013776134903182564,1.0000000000000002,1.0,1.0,34,8,2.2464513981475696,1,2.2464513981475696,False,False,False,True,0,33,20,0.4,0.3,0.3,balanced
1781496395899.742,0.4,0.3,0.3,614.7755102040817,636.5555555555555,0.12295510204081633,232.90123456790124,275.1028806584362,0.01486999563495005,0.9942812289751068,0.9960317460317462,0.9942812289751068,35,8,2.2446413291857206,0,2.2446413291857206,False,False,False,True,0,34,20,0.4,0.3,0.3,balanced
1781496402416.239,0.4,0.3,0.3,612.3532182103612,633.0,0.12247064364207225,438.63938443575535,551.9434940805909,0.02859502231059075,0.828378994277612,0.8602150537634409,0.828378994277612,37,8,2.1909469341332777,0,2.1909469341332777,False,False,False,True,0,35,20,0.4,0.3,0.3,balanced
1781496405132.984,0.4,0.3,0.3,610.2182103610677,630.4444444444445,0.12204364207221353,238.94499178981937,276.2233169129721,0.01527318157370376,1.0000000000000002,1.0,1.0,38,8,2.2466005886990033,0,2.2466005886990033,False,False,False,True,0,36,20,0.4,0.3,0.3,balanced
1781496408253.528,0.4,0.3,0.3,614.5007849293564,633.1111111111111,0.12290015698587128,502.23656898656895,691.7405372405373,0.03283766304113202,0.7311905531443348,0.7967728758169934,0.7311905531443348,40,8,2.1603458042366124,0,2.1603458042366124,False,False,False,True,0,37,20,0.4,0.3,0.3,balanced
1781496410967.52,0.4,0.3,0.3,605.9372056514915,624.7777777777778,0.12118744113029829,269.2008757525999,302.9447181171319,0.01729158610757838,1.0000000000000002,1.0,1.0,41,8,2.246337547715607,0,2.246337547715607,False,False,False,True,0,38,20,0.4,0.3,0.3,balanced
1781496413681.54,0.4,0.3,0.3,602.3940345368917,620.1111111111111,0.12047880690737833,251.7754515599343,296.0016420361248,0.01612911618144992,1.0000000000000002,1.0,1.0,43,8,2.2469697423826136,0,2.2469697423826136,False,False,False,True,0,39,20,0.4,0.3,0.3,balanced
1781496416499.802,0.4,0.3,0.3,600.607535321821,618.3333333333334,0.12012150706436421,260.7457580733443,311.4504652435687,0.016727535561930906,1.0000000000000002,1.0,1.0,44,8,2.246933136505675,0,2.246933136505675,False,False,False,True,0,40,20,0.4,0.3,0.3,balanced
1781496419115.8472,0.4,0.3,0.3,602.315541601256,620.1111111111111,0.1204631083202512,314.3558088002532,378.9933523266857,0.020303923202151648,1.0000000000000002,1.0,1.0,43,8,2.245723579711254,1,2.245723579711254,False,False,False,True,0,41,20,0.4,0.3,0.3,balanced
1781496421936.376,0.4,0.3,0.3,513.0533751962324,557.2222222222222,0.10261067503924648,234.87037037037035,262.08482676224617,0.015001358930645121,0.839874411302983,0.8888888888888888,0.839874411302983,44,8,2.206417645696003,0,2.206417645696003,False,False,False,True,0,42,20,0.4,0.3,0.3,balanced
1781496424652.333,0.4,0.3,0.3,597.7880690737834,614.5555555555555,0.11955761381475667,343.37027914614123,413.21154898741105,0.02223951161748774,1.0000000000000002,1.0,1.0,46,8,2.245505100988851,0,2.245505100988851,False,False,False,True,0,43,20,0.4,0.3,0.3,balanced
1781496427277.4702,0.4,0.3,0.3,596.591836734694,612.8888888888889,0.11931836734693879,338.27793605571384,407.12408990186765,0.021899795600781445,1.0000000000000002,1.0,1.0,47,8,2.24570271438099,0,2.24570271438099,False,False,False,True,0,44,20,0.4,0.3,0.3,balanced
1781496429897.4111,0.4,0.3,0.3,594.5682888540033,610.3333333333334,0.11891365777080067,390.74074074074076,446.8724279835391,0.025399649148815262,1.0000000000000002,1.0,1.0,49,8,2.244814642147035,0,2.244814642147035,False,False,False,True,0,45,20,0.4,0.3,0.3,balanced
1781496432517.189,0.4,0.3,0.3,592.0470957613815,607.5555555555555,0.11840941915227629,334.77049699271925,402.8980690091801,0.02166581033974111,1.0000000000000002,1.0,1.0,50,8,2.246136489237167,0,2.246136489237167,False,False,False,True,0,46,20,0.4,0.3,0.3,balanced
1781496438815.734,0.4,0.3,0.3,592.580847723705,607.1111111111111,0.118516169544741,366.4107827038861,423.11165845648605,0.023776569893521424,1.0000000000000002,1.0,1.0,52,8,2.2454605612140472,0,2.2454605612140472,False,False,False,True,0,47,20,0.4,0.3,0.3,balanced
1781496441640.209,0.4,0.3,0.3,502.5557299843015,543.6666666666666,0.1005111459968603,320.09856630824373,357.21214157706095,0.020687029106620663,0.839874411302983,0.8888888888888888,0.839874411302983,53,8,2.2055517562601645,0,2.2055517562601645,False,False,False,True,0,48,20,0.4,0.3,0.3,balanced
1781496444262.066,0.4,0.3,0.3,587.8226059654631,602.2222222222222,0.11756452119309263,365.81716637272194,460.43503821281604,0.023736969070895394,1.0000000000000002,1.0,1.0,55,8,2.245853100801494,0,2.245853100801494,False,False,False,True,0,49,20,0.4,0.3,0.3,balanced
1781496446882.886,0.4,0.3,0.3,590.7723704866562,605.4444444444445,0.11815447409733124,351.05967078189303,421.9591416813639,0.022752479705263045,1.0000000000000002,1.0,1.0,53,8,2.2459124664494885,1,2.2459124664494885,False,False,False,True,0,50,20,0.4,0.3,0.3,balanced
1781496449504.305,0.4,0.3,0.3,589.2182103610677,602.6666666666666,0.11784364207221354,384.8295120517342,453.2995296884186,0.025005304339675394,0.9942812289751068,0.9960317460317462,0.9942812289751068,55,8,2.243645320561744,0,2.243645320561744,False,False,False,True,0,51,20,0.4,0.3,0.3,balanced
1781496452128.267,0.4,0.3,0.3,589.2731554160126,602.8888888888889,0.11785463108320253,399.56202233980014,473.3553791887125,0.025988126907258182,0.9958510876878226,0.9960317460317462,0.9958510876878226,56,8,2.2438170358008884,0,2.2438170358008884,False,False,False,True,0,52,20,0.4,0.3,0.3,balanced
1781496454752.1628,0.4,0.3,0.3,586.591836734694,600.1111111111111,0.11731836734693879,500.5450413783747,559.6439876995432,0.03272481930476149,0.9901323166629292,0.9920634920634921,0.9901323166629292,58,8,2.240294902268675,0,2.240294902268675,False,False,False,True,0,53,20,0.4,0.3,0.3,balanced
1781496458977.793,0.4,0.3,0.3,230.42700156985876,270.6666666666667,0.04608540031397175,190.58333333333331,215.44444444444446,0.012046920169001555,0.38775510204081637,0.4444444444444444,0.38775510204081637,56,8,2.0942782944359557,1,2.0942782944359557,False,False,False,True,0,54,20,0.4,0.3,0.3,balanced
1781496461590.3052,0.4,0.3,0.3,585.4992150706437,598.7777777777778,0.11709984301412873,382.5132275132275,460.64079952968837,0.02485078235578569,1.0000000000000002,1.0,1.0,58,8,2.2457048280876126,0,2.2457048280876126,False,False,False,True,0,55,20,0.4,0.3,0.3,balanced
1781496464203.9438,0.4,0.3,0.3,585.3375196232339,599.3333333333334,0.11706750392464678,473.1609195402299,550.4802955665024,0.030897993298214136,1.0000000000000002,1.0,1.0,59,8,2.243903600440677,0,2.243903600440677,False,False,False,True,0,56,20,0.4,0.3,0.3,balanced
1781496466828.0771,0.4,0.3,0.3,583.8006279434852,597.2222222222222,0.11676012558869704,457.34400656814455,552.0169677066228,0.02984282899053666,1.0000000000000002,1.0,1.0,61,8,2.24434310106736,0,2.24434310106736,False,False,False,True,0,57,20,0.4,0.3,0.3,balanced
1781496469450.063,0.4,0.3,0.3,581.0329670329671,593.0,0.11620659340659342,555.6503527336861,638.7536743092298,0.03640095748723723,1.0000000000000002,1.0,1.0,64,8,2.2425970753911915,0,2.2425970753911915,False,False,False,True,0,58,20,0.4,0.3,0.3,balanced
1781496475653.3489,0.4,0.3,0.3,579.9717425431711,592.3333333333334,0.11599434850863422,517.5480194206248,618.0106529627602,0.03385910736628584,0.9942812289751068,0.9960317460317462,0.9942812289751068,65,8,2.2417288970791924,0,2.2417288970791924,False,False,False,True,0,59,20,0.4,0.3,0.3,balanced
1781496478277.864,0.4,0.3,0.3,577.9089481946626,589.4444444444445,0.11558178963893251,615.0821018062396,751.8267651888341,0.04036571726525948,1.0000000000000002,1.0,1.0,67,8,2.241657568964849,0,2.241657568964849,False,False,False,True,0,60,20,0.4,0.3,0.3,balanced
1781496480900.431,0.4,0.3,0.3,578.7833594976454,590.1111111111111,0.11575667189952908,611.1371100164203,752.7025177887247,0.040102542362669795,1.0000000000000002,1.0,1.0,68,8,2.2416665685313872,0,2.2416665685313872,False,False,False,True,0,61,20,0.4,0.3,0.3,balanced
1781496483517.664,0.4,0.3,0.3,580.9183673469388,592.4444444444445,0.11618367346938775,558.6678981937603,691.0166940339354,0.03660226138717547,1.0000000000000002,1.0,1.0,67,8,2.242545852196092,1,2.242545852196092,False,False,False,True,0,62,20,0.4,0.3,0.3,balanced
1781496486130.172,0.4,0.3,0.3,582.5572998430142,594.5555555555555,0.11651145996860285,503.0313051146384,601.3389182833628,0.032890680794839124,1.0000000000000002,1.0,1.0,65,8,2.243528211774107,1,2.243528211774107,False,False,False,True,0,63,20,0.4,0.3,0.3,balanced
1781496488753.218,0.4,0.3,0.3,583.9968602825746,596.2222222222222,0.11679937205651493,487.0621237000547,583.6576354679803,0.03182535848566075,1.0000000000000002,1.0,1.0,64,8,2.243732643631696,1,2.243732643631696,False,False,False,True,0,64,20,0.4,0.3,0.3,balanced
1781496491375.5022,0.4,0.3,0.3,584.7566718995291,597.5555555555555,0.11695133437990582,448.3502351557907,526.901822457378,0.0292428442398793,1.0000000000000002,1.0,1.0,61,8,2.244446612976074,1,2.244446612976074,False,False,False,True,0,65,20,0.4,0.3,0.3,balanced
1781496494100.504,0.4,0.3,0.3,581.7221350078493,595.1111111111111,0.11634442700156986,1797.278735632184,1943.9047314966856,0.11923140331101961,0.9863952022643085,0.9845374931581828,0.9863952022643085,59,8,2.213611368885359,1,2.213611368885359,False,False,False,True,0,66,20,0.4,0.3,0.3,balanced
1781496496713.5078,0.4,0.3,0.3,583.7739892839746,599.2222222222222,0.11675479785679492,471.8543956043956,553.531746031746,0.030810833596023723,1.0,1.0,1.0,58,8,2.2440548307784747,1,2.2440548307784747,False,False,False,True,0,67,20,0.4,0.3,0.3,balanced
1781496499340.657,0.4,0.3,0.3,587.359497645212,601.0,0.11747189952904238,454.2546805046805,528.4726179170624,0.029636736524661807,0.9940694226408515,0.9958847736625513,0.9940694226408515,56,8,2.24234104602324,1,2.24234104602324,False,False,False,True,0,68,20,0.4,0.3,0.3,balanced
1781496501963.5562,0.4,0.3,0.3,586.2574568288854,598.8888888888889,0.11725149136577709,443.6419753086419,519.0123456790122,0.028928750854479116,1.0000000000000002,1.0,1.0,58,8,2.2444207781973455,0,2.2444207781973455,False,False,False,True,0,69,20,0.4,0.3,0.3,balanced
1781496504589.811,0.4,0.3,0.3,584.5824175824177,597.2222222222222,0.11691648351648355,453.9226925338036,550.8597883597884,0.029614589228405847,1.0000000000000002,1.0,1.0,59,8,2.244349029824885,0,2.244349029824885,False,False,False,True,0,70,20,0.4,0.3,0.3,balanced
1781496510799.321,0.4,0.3,0.3,586.5855572998431,599.5555555555555,0.11731711145996862,463.4722222222221,544.2063492063492,0.030251649247646572,1.0000000000000002,1.0,1.0,58,8,2.2439976606417185,1,2.2439976606417185,False,False,False,True,0,71,20,0.4,0.3,0.3,balanced
1781496513420.845,0.4,0.3,0.3,587.3469387755104,601.0,0.11746938775510207,412.96590241034687,493.69047619047615,0.02688231503738138,1.0000000000000002,1.0,1.0,56,8,2.244947550386745,1,2.244947550386745,False,False,False,True,0,72,20,0.4,0.3,0.3,balanced
1781496516034.779,0.4,0.3,0.3,589.6938775510205,603.4444444444445,0.1179387755102041,412.50881834215164,495.6172839506172,0.02685182243776862,1.0000000000000002,1.0,1.0,55,8,2.244768943064588,1,2.244768943064588,False,False,False,True,0,73,20,0.4,0.3,0.3,balanced
1781496518659.53,0.4,0.3,0.3,589.7896389324961,604.7777777777778,0.11795792778649923,443.2826278659612,515.9891240446796,0.028904778376648513,1.0000000000000002,1.0,1.0,53,8,2.2441453953724055,1,2.2441453953724055,False,False,False,True,0,74,20,0.4,0.3,0.3,balanced
1781496521284.642,0.4,0.3,0.3,591.0926216640503,606.8888888888889,0.11821852433281006,4031.5299823633154,3930.4805996472664,0.2682808527260384,0.9941690962099128,0.9960317460317462,0.9941690962099128,52,8,2.170479063312038,1,2.170479063312038,False,False,False,True,0,75,20,0.4,0.3,0.3,balanced
1781496524005.126,0.4,0.3,0.3,592.359497645212,607.6666666666666,0.11847189952904238,428.8904716682494,528.3871478315922,0.02794466121869576,1.0000000000000002,1.0,1.0,50,8,2.244227841822774,1,2.244227841822774,False,False,False,True,0,76,20,0.4,0.3,0.3,balanced
1781496526616.242,0.4,0.3,0.3,592.5259026687598,607.7777777777778,0.11850518053375197,396.68724279835385,464.6502057613169,0.02579634708461333,1.0000000000000002,1.0,1.0,49,8,2.2448590236611152,1,2.2448590236611152,False,False,False,True,0,77,20,0.4,0.3,0.3,balanced
1781496529232.91,0.4,0.3,0.3,591.8791208791209,607.3333333333334,0.11837582417582419,388.3744855967078,469.9588477366255,0.025241793568826405,1.0000000000000002,1.0,1.0,50,8,2.2450771322590226,0,2.2450771322590226,False,False,False,True,0,78,20,0.4,0.3,0.3,balanced
1781496531854.345,0.4,0.3,0.3,591.1978021978023,606.0,0.11823956043956045,367.9864785420341,437.1516754850088,0.023881686360375857,1.0000000000000002,1.0,1.0,52,8,2.245539669916063,0,2.245539669916063,False,False,False,True,0,79,20,0.4,0.3,0.3,balanced
1781496534576.853,0.4,0.3,0.3,594.5588697017268,610.3333333333334,0.11891177394034537,317.01149425287355,392.2181171319102,0.020481087008197035,0.9944784279759651,0.9961685823754789,0.9944784279759651,50,8,2.244634492714192,1,2.244634492714192,False,False,False,True,0,80,20,0.4,0.3,0.3,balanced
1781496537296.9302,0.4,0.3,0.3,597.2810047095762,613.2222222222222,0.11945620094191524,317.84551176792553,386.4655172413793,0.020536725268040394,1.0000000000000002,1.0,1.0,49,8,2.246056502042822,1,2.246056502042822,False,False,False,True,0,81,20,0.4,0.3,0.3,balanced
1781496540009.782,0.4,0.3,0.3,599.5855572998431,616.3333333333334,0.11991711145996863,307.3706896551724,380.76354679802955,0.01983793793563525,1.0000000000000002,1.0,1.0,47,8,2.246081774035322,1,2.246081774035322,False,False,False,True,0,82,20,0.4,0.3,0.3,balanced
1781496546219.614,0.4,0.3,0.3,599.1962323390895,615.4444444444445,0.1198392464678179,293.6831275720165,354.156378600823,0.018924825054837658,1.0000000000000002,1.0,1.0,46,8,2.2463868538964213,1,2.2463868538964213,False,False,False,True,0,83,20,0.4,0.3,0.3,balanced
1781496548934.918,0.4,0.3,0.3,600.8728414442701,618.5555555555555,0.12017456828885402,298.6131636562671,346.76382047071706,0.019253713386008477,1.0000000000000002,1.0,1.0,44,8,2.246154058668656,1,2.246154058668656,False,False,False,True,0,84,20,0.4,0.3,0.3,balanced
1781496551660.856,0.4,0.3,0.3,603.5635792778651,621.6666666666666,0.12071271585557301,282.194170771757,312.80925013683634,0.018158383640544163,1.0000000000000002,1.0,1.0,43,8,2.2462673985656076,1,2.2462673985656076,False,False,False,True,0,85,20,0.4,0.3,0.3,balanced
1781496554381.1628,0.4,0.3,0.3,601.054945054945,619.0,0.120210989010989,336.6322041800969,387.1179732003487,0.021790006949973108,0.9960192868356137,0.9960317460317462,0.9960192868356137,44,8,2.2441843883612966,0,2.2441843883612966,False,False,False,True,0,86,20,0.4,0.3,0.3,balanced
1781496557103.97,0.4,0.3,0.3,602.5604395604396,620.5555555555555,0.12051208791208792,310.30083723570317,365.3387459709299,0.0200334114233291,0.9903005158107201,0.9920634920634921,0.9903005158107201,43,8,2.2428752961513823,1,2.2428752961513823,False,False,False,True,0,87,20,0.4,0.3,0.3,balanced
1781496560325.5242,0.4,0.3,0.3,605.0910518053377,622.8888888888889,0.12101821036106754,821.7359953938901,1071.3178893178892,0.05415183424909207,0.648547423272698,0.7332081498748165,0.648547423272698,41,8,2.1299113925626547,1,2.1299113925626547,False,False,False,True,0,88,20,0.4,0.3,0.3,balanced
1781496563039.093,0.4,0.3,0.3,606.6640502354788,626.7777777777778,0.12133281004709577,261.64682539682536,323.22016460905354,0.016787646790982345,1.0000000000000002,1.0,1.0,40,8,2.246430581943867,1,2.246430581943867,False,False,False,True,0,89,20,0.4,0.3,0.3,balanced
1781496565759.84,0.4,0.3,0.3,610.4474097331241,631.0,0.12208948194662482,254.46649029982362,302.1840094062316,0.016308638445618653,1.0000000000000002,1.0,1.0,38,8,2.2462716156876645,1,2.2462716156876645,False,False,False,True,0,90,20,0.4,0.3,0.3,balanced
1781496568475.641,0.4,0.3,0.3,611.6405023547882,632.1111111111111,0.12232810047095763,250.6973838918283,298.54938271604937,0.01605719705749355,1.0000000000000002,1.0,1.0,37,8,2.246251600694369,1,2.246251600694369,False,False,False,True,0,91,20,0.4,0.3,0.3,balanced
1781496571192.142,0.4,0.3,0.3,615.0643642072215,636.8888888888889,0.1230128728414443,246.36147288925065,298.1756206756207,0.015767943488275562,1.0000000000000002,1.0,1.0,35,8,2.2460644678169395,1,2.2460644678169395,False,False,False,True,0,92,20,0.4,0.3,0.3,balanced
1781496574012.1418,0.4,0.3,0.3,619.1836734693878,641.6666666666666,0.12383673469387757,298.8611111111111,416.59706257982117,0.019270254243569786,0.9042927515833921,0.9348659003831418,0.9042927515833921,34,8,2.2159720553243956,1,2.2159720553243956,False,False,False,True,0,93,20,0.4,0.3,0.3,balanced
1781496576734.866,0.4,0.3,0.3,623.9152276295133,647.1111111111111,0.12478304552590266,223.58262108262107,271.82177904400135,0.014248340299040766,1.0000000000000002,1.0,1.0,32,8,2.2458122796999267,1,2.2458122796999267,False,False,False,True,0,94,20,0.4,0.3,0.3,balanced
1781496583136.6501,0.4,0.3,0.3,627.912087912088,653.6666666666666,0.12558241758241762,259.77807172251613,322.04438565549674,0.01666298010156879,1.0000000000000002,1.0,1.0,29,8,2.2447681389365624,1,2.2447681389365624,False,False,False,True,0,95,20,0.4,0.3,0.3,balanced
1781496585954.32,0.4,0.3,0.3,630.4646781789639,657.4444444444445,0.1260929356357928,243.53174603174602,305.07936507936506,0.015579169181570781,1.0000000000000002,1.0,1.0,29,8,2.2448890749912116,2,2.2448890749912116,False,False,False,True,0,96,20,0.4,0.3,0.3,balanced
1781496588675.354,0.4,0.3,0.3,622.2401883830456,646.3333333333334,0.12444803767660913,205.96707818930042,232.51345362456473,0.013073187337511703,0.9880225594511312,0.9917695473251028,0.9880225594511312,32,8,2.242705596563442,0,2.242705596563442,False,False,False,True,0,97,20,0.4,0.3,0.3,balanced
1781496591495.073,0.4,0.3,0.3,631.6624803767661,657.3333333333334,0.1263324960753532,210.1696770662288,244.85221674876846,0.01335354750275042,1.0000000000000002,1.0,1.0,29,8,2.2454609373190335,1,2.2454609373190335,False,False,False,True,0,98,20,0.4,0.3,0.3,balanced
1781496594310.597,0.4,0.3,0.3,634.1585557299844,661.8888888888889,0.1268317111459969,154.9088771310994,185.87595532039975,0.009667036499739786,1.0000000000000002,1.0,1.0,28,8,2.2463672045916794,1,2.2463672045916794,False,False,False,True,0,99,20,0.4,0.3,0.3,balanced
1781496597133.141,0.4,0.3,0.3,641.3202511773941,670.5555555555555,0.12826405023547882,146.81437389770724,181.16990005878895,0.009127042955150584,1.0000000000000002,1.0,1.0,26,8,2.245956267019263,1,2.245956267019263,False,False,False,True,0,100,20,0.4,0.3,0.3,balanced
1781496599949.1228,0.4,0.3,0.3,643.7503924646783,674.3333333333334,0.12875007849293565,170.10802469135803,222.417695473251,0.010680988972071917,1.0000000000000002,1.0,1.0,25,8,2.245295671911204,1,2.245295671911204,False,False,False,True,0,101,20,0.4,0.3,0.3,balanced
1781496602772.845,0.4,0.3,0.3,639.8006279434851,669.1111111111111,0.12796012558869702,177.03924162257496,207.64991181657848,0.011143378360411939,1.0000000000000002,1.0,1.0,26,8,2.2454729362563977,0,2.2454729362563977,False,False,False,True,0,102,20,0.4,0.3,0.3,balanced
1781496605592.654,0.4,0.3,0.3,644.1193092621666,675.0,0.1288238618524333,184.75308641975306,225.30864197530863,0.011657977746481191,1.0000000000000002,1.0,1.0,25,8,2.2449730619350823,1,2.2449730619350823,False,False,False,True,0,103,20,0.4,0.3,0.3,balanced
1781496608408.722,0.4,0.3,0.3,639.9748822605967,669.3333333333334,0.12799497645211935,186.0192533803645,211.58583186360968,0.011742445188816843,0.9942812289751068,0.9960317460317462,0.9942812289751068,26,8,2.243563644555039,0,2.243563644555039,False,False,False,True,0,104,20,0.4,0.3,0.3,balanced
1781496611225.386,0.4,0.3,0.3,644.12715855573,674.1111111111111,0.128825431711146,190.25132275132276,224.44591416813643,0.01202477136433107,1.0000000000000002,1.0,1.0,25,8,2.2448623959062424,1,2.2448623959062424,False,False,False,True,0,105,20,0.4,0.3,0.3,balanced
1781496617632.99,0.4,0.3,0.3,642.2527472527472,671.4444444444445,0.12845054945054946,139.6141975308642,180.23809523809527,0.008646710976041642,1.0000000000000002,1.0,1.0,26,8,2.2460257669269676,0,2.2460257669269676,False,False,False,True,0,106,20,0.4,0.3,0.3,balanced
1781496620457.212,0.4,0.3,0.3,635.4835164835166,662.0,0.12709670329670333,188.2738095238095,218.96825396825398,0.01189284920105467,1.0000000000000002,1.0,1.0,28,8,2.2455934639210025,0,2.2455934639210025,False,False,False,True,0,107,20,0.4,0.3,0.3,balanced
1781496623276.229,0.4,0.3,0.3,640.2009419152276,669.3333333333334,0.12804018838304554,188.83315244426356,228.27330077330078,0.011930163605354474,0.9942812289751068,0.9960317460317462,0.9942812289751068,26,8,2.2434892442577077,1,2.2434892442577077,False,False,False,True,0,108,20,0.4,0.3,0.3,balanced
1781496626101.5178,0.4,0.3,0.3,633.7001569858713,660.6666666666666,0.12674003139717427,2030.917107583774,2146.7166372721927,0.13481768562933782,0.9960192868356137,0.9960317460317462,0.9960192868356137,28,8,2.207664467803013,0,2.207664467803013,False,False,False,True,0,109,20,0.4,0.3,0.3,balanced
1781496629119.394,0.4,0.3,0.3,597.9529042386187,588.8888888888889,0.11959058084772373,202.1673387096774,259.92495519713265,0.012819702382233317,0.9419152276295135,0.8888888888888888,0.9419152276295135,26,8,2.2308924252350946,1,2.2308924252350946,False,False,False,True,0,110,20,0.4,0.3,0.3,balanced
1781496631943.408,0.4,0.3,0.3,645.9670329670331,676.8888888888889,0.1291934065934066,239.36688825577716,306.6919911364356,0.01530132676823063,1.0000000000000002,1.0,1.0,25,8,2.243732239332168,1,2.243732239332168,False,False,False,True,0,111,20,0.4,0.3,0.3,balanced
1781496634864.004,0.4,0.3,0.3,653.8712715855573,687.3333333333334,0.13077425431711145,190.57471264367814,229.94663382594413,0.012046345072960516,1.0000000000000002,1.0,1.0,23,8,2.2440763947512674,1,2.2440763947512674,False,False,False,True,0,112,20,0.4,0.3,0.3,balanced
1781496637781.068,0.4,0.3,0.3,658.8634222919937,693.8888888888889,0.13177268445839874,155.21825396825395,198.09523809523807,0.009687675381471243,1.0000000000000002,1.0,1.0,22,8,2.244384623602199,1,2.244384623602199,False,False,False,True,0,113,20,0.4,0.3,0.3,balanced
1781496640696.778,0.4,0.3,0.3,669.9623233908948,708.0,0.13399246467817896,152.309670781893,195.2851263962375,0.009493640479112275,1.0000000000000002,1.0,1.0,20,8,2.2435549219849946,1,2.2435549219849946,False,False,False,True,0,114,20,0.4,0.3,0.3,balanced
1781496643621.501,0.4,0.3,0.3,678.1852433281006,717.5555555555555,0.13563704866562012,143.77809433364988,172.83159227603673,0.008924489281764501,1.0000000000000002,1.0,1.0,19,8,2.2430678337492225,1,2.2430678337492225,False,False,False,True,0,115,20,0.4,0.3,0.3,balanced
1781496646646.847,0.4,0.3,0.3,691.8854003139719,737.0,0.13837708006279437,128.3553791887125,157.63962375073487,0.007895622360821381,1.0000000000000002,1.0,1.0,17,8,2.242280481266636,1,2.242280481266636,False,False,False,True,0,116,20,0.4,0.3,0.3,balanced
1781496653149.749,0.4,0.3,0.3,677.1020408163265,718.2222222222222,0.1354204081632653,146.5432098765432,180.37037037037038,0.009108953293965523,1.0000000000000002,1.0,1.0,19,8,2.243099150746504,0,2.243099150746504,False,False,False,True,0,117,20,0.4,0.3,0.3,balanced
1781496656173.803,0.4,0.3,0.3,693.686028257457,738.0,0.1387372056514914,126.88051146384478,156.41387419165198,0.007797232252424602,1.0000000000000002,1.0,1.0,17,8,2.242165948063676,1,2.242165948063676,False,False,False,True,0,118,20,0.4,0.3,0.3,balanced
1781496659193.29,0.4,0.3,0.3,702.4395604395604,750.2222222222222,0.1404879120879121,146.23140234251346,175.03798670465338,0.009088152257672679,1.0000000000000002,1.0,1.0,16,8,2.2410783894875332,1,2.2410783894875332,False,False,False,True,0,119,20,0.4,0.3,0.3,balanced
1781496662312.9302,0.4,0.3,0.3,725.6609105180536,779.2222222222222,0.14513218210361073,132.30610952833175,176.94207027540358,0.008159180088614526,1.0000000000000002,1.0,1.0,14,8,2.2394993731319714,1,2.2394993731319714,False,False,False,True,0,120,20,0.4,0.3,0.3,balanced
1781496665537.978,0.4,0.3,0.3,720.2378132118452,792.8888888888889,0.14404756264236904,840.5184693977797,985.1234567901233,0.05540483451619611,0.9936852640934276,0.9919165196942975,0.9936852640934276,13,8,2.223865103816222,1,2.223865103816222,False,False,False,True,0,121,20,0.4,0.3,0.3,balanced
1781496668962.7668,0.4,0.3,0.3,774.7535321821036,844.5555555555555,0.15495070643642073,148.65373309817755,178.8227513227513,0.009249748705682292,1.0000000000000002,1.0,1.0,11,8,2.235244792813727,1,2.235244792813727,False,False,False,True,0,122,20,0.4,0.3,0.3,balanced
1781496672383.1948,0.4,0.3,0.3,798.9419152276296,873.6666666666666,0.15978838304552592,77.6822457378013,105.79512051734275,0.004515159822401688,1.0000000000000002,1.0,1.0,10,8,2.234730098835069,1,2.234730098835069,False,False,False,True,0,123,20,0.4,0.3,0.3,balanced
1781496675706.1328,0.4,0.3,0.3,774.664050235479,842.8888888888889,0.1549328100470958,82.41294713516936,110.66951566951568,0.0048307503092174355,0.9940694226408515,0.9958847736625513,0.9940694226408515,11,8,2.234798477680652,0,2.234798477680652,False,False,False,True,0,124,20,0.4,0.3,0.3,balanced
1781496678927.738,0.4,0.3,0.3,738.9058084772372,796.2222222222222,0.14778116169544744,87.05246913580247,113.29071134626692,0.00514025811446314,1.0000000000000002,1.0,1.0,13,8,2.239345457887482,0,2.239345457887482,False,False,False,True,0,125,20,0.4,0.3,0.3,balanced
1781496682049.04,0.4,0.3,0.3,723.5133437990582,777.3333333333334,0.14470266875981164,189.65020576131687,249.4222855333966,0.011984670164197256,1.0000000000000002,1.0,1.0,14,8,2.238523531446816,0,2.238523531446816,False,False,False,True,0,126,20,0.4,0.3,0.3,balanced
1781496685071.948,0.4,0.3,0.3,700.7645211930927,747.7777777777778,0.14015290423861854,174.6296296296296,211.358024691358,0.010982630395572355,1.0000000000000002,1.0,1.0,16,8,2.240644049185881,0,2.240644049185881,False,False,False,True,0,127,20,0.4,0.3,0.3,balanced
1781496691776.8782,0.4,0.3,0.3,723.9513343799059,777.6666666666666,0.14479026687598118,93.29805996472662,118.52292768959438,0.00555690860338403,1.0000000000000002,1.0,1.0,14,8,2.2404168206685924,1,2.2404168206685924,False,False,False,True,0,128,20,0.4,0.3,0.3,balanced
1781496695000.926,0.4,0.3,0.3,739.802197802198,797.2222222222222,0.14796043956043958,109.5840681951793,134.14756025867138,0.006643366790872535,1.0000000000000002,1.0,1.0,13,8,2.238822814138562,1,2.238822814138562,False,False,False,True,0,129,20,0.4,0.3,0.3,balanced
1781496698320.379,0.4,0.3,0.3,774.5965463108321,842.3333333333334,0.1549193092621664,103.04526748971195,131.4814814814815,0.0062071559366052,1.0000000000000002,1.0,1.0,11,8,2.236170129514152,1,2.236170129514152,False,False,False,True,0,130,20,0.4,0.3,0.3,balanced
1781496701545.753,0.4,0.3,0.3,738.684458398744,796.3333333333334,0.1477368916797488,168.08862433862436,204.28718400940622,0.010546272470888882,1.0000000000000002,1.0,1.0,13,8,2.237741361586834,0,2.237741361586834,False,False,False,True,0,131,20,0.4,0.3,0.3,balanced
1781496704657.83,0.4,0.3,0.3,724.1711145996861,777.6666666666666,0.14483422291993722,81.52263374485597,99.17695473251028,0.004771356487315275,1.0000000000000002,1.0,1.0,14,8,2.2406349038858306,0,2.2406349038858306,False,False,False,True,0,132,20,0.4,0.3,0.3,balanced
1781496707670.052,0.4,0.3,0.3,702.0753532182105,748.5555555555555,0.1404150706436421,95.53865373309817,112.9512051734274,0.00570638116965298,1.0000000000000002,1.0,1.0,16,8,2.242122057391647,0,2.242122057391647,False,False,False,True,0,133,20,0.4,0.3,0.3,balanced
1781496710688.366,0.4,0.3,0.3,690.8791208791209,735.3333333333334,0.1381758241758242,164.04541446208114,201.7445620223398,0.010276545327690536,1.0000000000000002,1.0,1.0,17,8,2.241646706731363,0,2.241646706731363,False,False,False,True,0,134,20,0.4,0.3,0.3,balanced
1781496713603.8252,0.4,0.3,0.3,675.9466248037677,715.4444444444445,0.13518932496075353,156.9753086419753,199.1769547325103,0.009804890503133774,1.0000000000000002,1.0,1.0,19,8,2.2429828028647583,0,2.2429828028647583,False,False,False,True,0,135,20,0.4,0.3,0.3,balanced
1781496716719.589,0.4,0.3,0.3,582.4458398744114,646.8888888888889,0.11648916797488228,126.12305854241337,150.81242532855435,0.007746701703963534,0.839874411302983,0.8888888888888888,0.839874411302983,20,8,2.203042645689753,0,2.203042645689753,False,False,False,True,0,136,20,0.4,0.3,0.3,balanced
1781496719640.305,0.4,0.3,0.3,659.0753532182105,693.3333333333334,0.1318150706436421,149.21182266009853,187.05391351943075,0.009286979497004572,1.0000000000000002,1.0,1.0,22,8,2.244487877893442,0,2.244487877893442,False,False,False,True,0,137,20,0.4,0.3,0.3,balanced
1781496726143.919,0.4,0.3,0.3,653.0753532182104,686.1111111111111,0.13061507064364208,192.95771756978652,255.55829228243024,0.012205318050019114,1.0000000000000002,1.0,1.0,23,8,2.2440923763275373,0,2.2440923763275373,False,False,False,True,0,138,20,0.4,0.3,0.3,balanced
1781496729066.2551,0.4,0.3,0.3,657.8649921507065,692.1111111111111,0.1315729984301413,190.98385331143953,235.86754241926656,0.012073639313638394,1.0000000000000002,1.0,1.0,22,8,2.243748708833852,1,2.243748708833852,False,False,False,True,0,139,20,0.4,0.3,0.3,balanced
1781496731983.262,0.4,0.3,0.3,670.502354788069,709.0,0.13410047095761382,145.34611992945324,184.15049970605526,0.009029094058002217,1.0000000000000002,1.0,1.0,20,8,2.2436510833995538,1,2.2436510833995538,False,False,False,True,0,140,20,0.4,0.3,0.3,balanced
1781496734907.571,0.4,0.3,0.3,655.232339089482,689.4444444444445,0.13104646781789642,218.63095238095235,269.72222222222223,0.013918008831284346,1.0000000000000002,1.0,1.0,22,8,2.243406010223456,0,2.243406010223456,False,False,False,True,0,141,20,0.4,0.3,0.3,balanced
1781496737824.4988,0.4,0.3,0.3,651.9638932496076,684.5555555555555,0.13039277864992152,234.75676072898293,271.93415637860085,0.014993779901866773,1.0000000000000002,1.0,1.0,23,8,2.2433447545694714,0,2.2433447545694714,False,False,False,True,0,142,20,0.4,0.3,0.3,balanced
1781496740648.3591,0.4,0.3,0.3,643.3139717425432,673.7777777777778,0.12866279434850864,217.98206937095824,249.8133450911228,0.013874721105467528,1.0000000000000002,1.0,1.0,25,8,2.244372465928956,0,2.244372465928956,False,False,False,True,0,143,20,0.4,0.3,0.3,balanced
1781496743466.1292,0.4,0.3,0.3,639.3359497645212,667.6666666666666,0.12786718995290422,211.34920634920636,254.9206349206349,0.013432235246778276,1.0000000000000002,1.0,1.0,26,8,2.2448234534448046,0,2.2448234534448046,False,False,False,True,0,144,20,0.4,0.3,0.3,balanced
1781496746278.155,0.4,0.3,0.3,632.6514913657771,660.2222222222222,0.12653029827315543,265.97442680776015,311.57554379776604,0.017076346017862586,1.0000000000000002,1.0,1.0,28,8,2.244264976885379,0,2.244264976885379,False,False,False,True,0,145,20,0.4,0.3,0.3,balanced
1781496748997.0332,0.4,0.3,0.3,629.7896389324961,655.7777777777778,0.12595792778649922,263.92212725546057,305.8562836340614,0.0169394347735464,1.0000000000000002,1.0,1.0,29,8,2.2445349984533363,0,2.2445349984533363,False,False,False,True,0,146,20,0.4,0.3,0.3,balanced
1781496751721.3708,0.4,0.3,0.3,622.3218210361068,646.3333333333334,0.12446436420722136,261.5136458192014,298.7886085108307,0.016778762229433048,1.0000000000000002,1.0,1.0,32,8,2.2451806256482816,0,2.2451806256482816,False,False,False,True,0,147,20,0.4,0.3,0.3,balanced
1781496754442.645,0.4,0.3,0.3,619.1868131868132,640.7777777777778,0.12383736263736264,206.7599941211052,243.44062316284538,0.01312608366384958,1.0000000000000002,1.0,1.0,34,8,2.2465272298459,0,2.2465272298459,False,False,False,True,0,148,20,0.4,0.3,0.3,balanced
1781496760747.0989,0.4,0.3,0.3,621.9356357927787,646.1111111111111,0.12438712715855575,208.47810111699002,239.73985890652557,0.013240700541493663,1.0000000000000002,1.0,1.0,32,8,2.2462729389741294,1,2.2462729389741294,False,False,False,True,0,149,20,0.4,0.3,0.3,balanced
1781496763464.575,0.4,0.3,0.3,617.7394034536892,639.5555555555555,0.12354788069073784,263.8212815990594,294.103468547913,0.016932707244767135,1.0000000000000002,1.0,1.0,34,8,2.2455010355502747,0,2.2455010355502747,False,False,False,True,0,150,20,0.4,0.3,0.3,balanced
1781496766185.67,0.4,0.3,0.3,617.010989010989,638.5555555555555,0.1234021978021978,202.40079365079362,248.80952380952385,0.012835276427671355,1.0000000000000002,1.0,1.0,35,8,2.2467885379508195,0,2.2467885379508195,False,False,False,True,0,151,20,0.4,0.3,0.3,balanced
1781496770299.135,0.4,0.3,0.3,527.2480376766091,576.2222222222222,0.10544960753532182,1540.7813255926462,1604.5950921894319,0.10212016848516653,0.5260146930269262,0.5658764715368488,0.5260146930269262,37,8,2.084988514348399,0,2.084988514348399,False,False,False,True,0,152,20,0.4,0.3,0.3,balanced
1781496773015.906,0.4,0.3,0.3,610.8257456828886,630.6666666666666,0.12216514913657772,235.33730158730157,290.75396825396825,0.015032508444783294,1.0000000000000002,1.0,1.0,38,8,2.2466241878119337,0,2.2466241878119337,False,False,False,True,0,153,20,0.4,0.3,0.3,balanced
1781496775638.9922,0.4,0.3,0.3,604.1616954474098,623.7777777777778,0.12083233908948196,328.43621399176953,420.6995884773662,0.021243243094847868,1.0000000000000002,1.0,1.0,40,8,2.2452940914357526,0,2.2452940914357526,False,False,False,True,0,154,20,0.4,0.3,0.3,balanced
1781496778251.771,0.4,0.3,0.3,604.486656200942,622.7777777777778,0.1208973312401884,321.27572016460897,389.5061728395062,0.020765558383229417,1.0000000000000002,1.0,1.0,41,8,2.245411399988956,0,2.245411399988956,False,False,False,True,0,155,20,0.4,0.3,0.3,balanced
1781496780864.781,0.4,0.3,0.3,601.50863422292,619.4444444444445,0.120301726844584,327.6709401709401,403.48369737258633,0.021192190805266187,1.0000000000000002,1.0,1.0,43,8,2.2455216520205865,0,2.2455216520205865,False,False,False,True,0,156,20,0.4,0.3,0.3,balanced
1781496783489.263,0.4,0.3,0.3,599.8697017268447,617.2222222222222,0.11997394034536894,326.5637860082304,381.76954732510285,0.021118331288074076,1.0000000000000002,1.0,1.0,44,8,2.24567492447543,0,2.24567492447543,False,False,False,True,0,157,20,0.4,0.3,0.3,balanced
1781496786102.4429,0.4,0.3,0.3,602.0204081632653,619.4444444444445,0.12040408163265306,301.358024691358,367.3251028806584,0.01943682619688846,1.0000000000000002,1.0,1.0,43,8,2.2460073194878722,1,2.2460073194878722,False,False,False,True,0,158,20,0.4,0.3,0.3,balanced
1781496788727.127,0.4,0.3,0.3,601.0015698587127,618.5555555555555,0.12020031397174255,258.91681363903587,325.0896531452087,0.01660552459233061,1.0000000000000002,1.0,1.0,44,8,2.2469382170336036,0,2.2469382170336036,False,False,False,True,0,159,20,0.4,0.3,0.3,balanced
1781496791351.369,0.4,0.3,0.3,597.9827315541602,614.6666666666666,0.11959654631083204,365.0940623162845,429.7354497354497,0.0236887299744019,1.0000000000000002,1.0,1.0,46,8,2.245054762483347,0,2.245054762483347,False,False,False,True,0,160,20,0.4,0.3,0.3,balanced
1781496797559.605,0.4,0.3,0.3,596.923076923077,613.1111111111111,0.11938461538461541,337.217756523312,382.0788676344232,0.021829069814763975,0.9941690962099128,0.9960317460317462,0.9941690962099128,47,8,2.2439481617646986,0,2.2439481617646986,False,False,False,True,0,161,20,0.4,0.3,0.3,balanced
1781496800185.476,0.4,0.3,0.3,594.3751962323391,609.6666666666666,0.11887503924646782,328.55673133450904,388.8065843621399,0.021251282944263445,1.0000000000000002,1.0,1.0,49,8,2.246074599418134,0,2.246074599418134,False,False,False,True,0,162,20,0.4,0.3,0.3,balanced
1781496803510.7861,0.4,0.3,0.3,397.7880690737834,405.3333333333333,0.07955761381475668,211.22435152922958,239.83223641760227,0.013423906039308178,0.6703296703296704,0.6666666666666666,0.6703296703296704,50,8,2.165248683761206,0,2.165248683761206,False,False,False,True,0,163,20,0.4,0.3,0.3,balanced
1781496806129.732,0.4,0.3,0.3,591.0361067503926,606.6666666666666,0.11820722135007852,335.27777777777777,408.015873015873,0.02169965161959825,1.0000000000000002,1.0,1.0,52,8,2.246207215974089,0,2.246207215974089,False,False,False,True,0,164,20,0.4,0.3,0.3,balanced
1781496808745.727,0.4,0.3,0.3,591.14442700157,605.8888888888889,0.118228885400314,428.7154614932393,507.9276895943563,0.027932986090276137,1.0000000000000002,1.0,1.0,53,8,2.2443285500127916,0,2.2443285500127916,False,False,False,True,0,165,20,0.4,0.3,0.3,balanced
1781496811365.56,0.4,0.3,0.3,588.8744113029827,603.3333333333334,0.11777488226059654,353.06308155446084,424.07498631636565,0.022886129523312933,1.0000000000000002,1.0,1.0,55,8,2.2460242082387674,0,2.2460242082387674,False,False,False,True,0,166,20,0.4,0.3,0.3,balanced
1781496813990.2861,0.4,0.3,0.3,587.6452119309263,601.5555555555555,0.11752904238618525,405.06907701352145,485.74368018812453,0.02635550880677261,1.0000000000000002,1.0,1.0,55,8,2.245081730403494,2,2.245081730403494,False,False,False,True,0,167,20,0.4,0.3,0.3,balanced
1781496816614.694,0.4,0.3,0.3,586.1616954474098,599.8888888888889,0.11723233908948195,422.07010582010577,517.226631393298,0.02748966683256209,1.0000000000000002,1.0,1.0,56,8,2.2448601643144386,0,2.2448601643144386,False,False,False,True,0,168,20,0.4,0.3,0.3,balanced
1781496819638.0999,0.4,0.3,0.3,589.7095761381477,604.8888888888889,0.11794191522762953,1107.132385361552,1099.5050705467372,0.0731909529927653,0.7941043083900228,0.7975308641975308,0.7941043083900228,58,8,2.1690972405281252,0,2.1690972405281252,False,False,False,True,0,169,20,0.4,0.3,0.3,balanced
1781496822255.209,0.4,0.3,0.3,584.9874411302984,598.3333333333334,0.11699748822605968,416.0899014778325,494.9972632731253,0.027090720578908104,1.0000000000000002,1.0,1.0,59,8,2.245073788535904,0,2.245073788535904,False,False,False,True,0,170,20,0.4,0.3,0.3,balanced
1781496824877.844,0.4,0.3,0.3,584.38147566719,597.5555555555555,0.116876295133438,435.0239463601533,508.81362889983575,0.028353832312218365,1.0000000000000002,1.0,1.0,61,8,2.244743332252959,0,2.244743332252959,False,False,False,True,0,171,20,0.4,0.3,0.3,balanced
1781496827501.459,0.4,0.3,0.3,583.4678178963894,594.8888888888889,0.11669356357927789,448.8278953556731,519.866255144033,0.029274709496709347,1.0000000000000002,1.0,1.0,64,8,2.244540161719276,0,2.244540161719276,False,False,False,True,0,172,20,0.4,0.3,0.3,balanced
1781496833709.138,0.4,0.3,0.3,582.6781789638934,594.2222222222222,0.11653563579277867,441.25821018062396,527.428845101259,0.02876972716348392,1.0000000000000002,1.0,1.0,65,8,2.244754827533843,0,2.244754827533843,False,False,False,True,0,173,20,0.4,0.3,0.3,balanced
1781496836330.771,0.4,0.3,0.3,581.0235478806909,592.4444444444445,0.11620470957613818,446.11111111111114,544.1269841269842,0.029093469720554446,1.0000000000000002,1.0,1.0,67,8,2.2447900752533783,0,2.2447900752533783,False,False,False,True,0,174,20,0.4,0.3,0.3,balanced
1781496838949.49,0.4,0.3,0.3,580.0156985871272,591.0,0.11600313971742544,466.02969348659,552.7052545155994,0.03042226107315477,1.0000000000000002,1.0,1.0,68,8,2.2444720657910833,0,2.2444720657910833,False,False,False,True,0,175,20,0.4,0.3,0.3,balanced
1781496841573.425,0.4,0.3,0.3,580.9230769230769,592.3333333333334,0.11618461538461539,509.59291187739467,628.8286808976464,0.033328413067204445,1.0000000000000002,1.0,1.0,67,8,2.2435276299259925,1,2.2435276299259925,False,False,False,True,0,176,20,0.4,0.3,0.3,balanced
1781496844195.512,0.4,0.3,0.3,582.7189952904239,595.2222222222222,0.11654379905808478,526.3264256319811,595.8215755437977,0.03444472485870455,0.9960192868356135,0.9960317460317462,0.9960192868356135,65,8,2.241854848969839,1,2.241854848969839,False,False,False,True,0,177,20,0.4,0.3,0.3,balanced
1781496846819.324,0.4,0.3,0.3,581.5117739403455,593.5555555555555,0.1163023547880691,453.8999118165784,510.93474426807757,0.02961306950077241,1.0000000000000002,1.0,1.0,64,8,2.2445951372345405,1,2.2445951372345405,False,False,False,True,0,178,20,0.4,0.3,0.3,balanced
1781496849444.396,0.4,0.3,0.3,584.945054945055,597.8888888888889,0.11698901098901099,508.5758377425043,580.9685479129923,0.033260562891427904,1.0000000000000002,1.0,1.0,61,8,2.2432262267369674,1,2.2432262267369674,False,False,False,True,0,179,20,0.4,0.3,0.3,balanced
1781496852068.096,0.4,0.3,0.3,586.0235478806908,599.3333333333334,0.11720470957613816,433.04673721340384,500.8553791887125,0.0282219304345166,1.0000000000000002,1.0,1.0,59,8,2.2446515370391897,1,2.2446515370391897,False,False,False,True,0,180,20,0.4,0.3,0.3,balanced
1781496854692.535,0.4,0.3,0.3,587.9277864992151,601.4444444444445,0.11758555729984303,388.52513227513225,459.5061728395062,0.02525184338059588,1.0000000000000002,1.0,1.0,58,8,2.245390224065884,1,2.245390224065884,False,False,False,True,0,181,20,0.4,0.3,0.3,balanced
1781496857314.33,0.4,0.3,0.3,585.7394034536893,598.3333333333334,0.11714788069073787,432.6050852439741,511.19635508524397,0.028192467327816818,1.0000000000000002,1.0,1.0,59,8,2.24468310752536,0,2.24468310752536,False,False,False,True,0,182,20,0.4,0.3,0.3,balanced
1781496859935.813,0.4,0.3,0.3,585.9419152276296,599.7777777777778,0.11718838304552591,407.9445914168136,494.76925338036443,0.026547337652889497,1.0000000000000002,1.0,1.0,58,8,2.2451604454859226,1,2.2451604454859226,False,False,False,True,0,183,20,0.4,0.3,0.3,balanced
1781496862561.25,0.4,0.3,0.3,588.2276295133439,602.3333333333334,0.11764552590266879,420.1849590738479,502.3160584271696,0.02736390654261827,0.9958718530147104,0.9958847736625513,0.9958718530147104,56,8,2.2434941735805602,1,2.2434941735805602,False,False,False,True,0,184,20,0.4,0.3,0.3,balanced
1781496868769.716,0.4,0.3,0.3,588.0345368916799,601.2222222222222,0.11760690737833597,410.0,499.5238095238096,0.0266844563042028,1.0000000000000002,1.0,1.0,58,8,2.244951900157405,0,2.244951900157405,False,False,False,True,0,185,20,0.4,0.3,0.3,balanced
1781496871394.334,0.4,0.3,0.3,584.5965463108322,597.5555555555555,0.11691930926216644,408.9256319811875,512.5764256319812,0.026612783988071216,1.0000000000000002,1.0,1.0,59,8,2.245248441098712,0,2.245248441098712,False,False,False,True,0,186,20,0.4,0.3,0.3,balanced
1781496874019.301,0.4,0.3,0.3,588.0659340659341,601.1111111111111,0.11761318681318683,461.76954732510285,551.5843621399176,0.030138061862915465,1.0000000000000002,1.0,1.0,58,8,2.2439133067158505,1,2.2439133067158505,False,False,False,True,0,187,20,0.4,0.3,0.3,balanced
1781496876636.852,0.4,0.3,0.3,587.3861852433282,601.2222222222222,0.11747723704866564,409.6031746031746,499.2460317460318,0.026657983629297836,1.0000000000000002,1.0,1.0,56,8,2.2450117100917444,1,2.2450117100917444,False,False,False,True,0,188,20,0.4,0.3,0.3,balanced
1781496879257.562,0.4,0.3,0.3,589.934065934066,603.8888888888889,0.1179868131868132,354.85817166372726,428.68165784832456,0.023005882032269998,1.0000000000000002,1.0,1.0,55,8,2.2459035101155935,1,2.2459035101155935,False,False,False,True,0,189,20,0.4,0.3,0.3,balanced
1781496881872.732,0.4,0.3,0.3,590.1428571428572,604.2222222222222,0.11802857142857144,340.1653439153439,391.6828336272781,0.02202570673217771,1.0000000000000002,1.0,1.0,53,8,2.246180859408918,1,2.246180859408918,False,False,False,True,0,190,20,0.4,0.3,0.3,balanced
1781496884498.083,0.4,0.3,0.3,592.2747252747254,607.7777777777778,0.11845494505494507,306.7239858906525,371.8841857730747,0.019794795589770015,1.0000000000000002,1.0,1.0,52,8,2.246679583301091,1,2.246679583301091,False,False,False,True,0,191,20,0.4,0.3,0.3,balanced
1781496887120.969,0.4,0.3,0.3,595.6593406593407,611.3333333333334,0.11913186813186814,350.5533509700176,411.5696649029982,0.02271870253302319,1.0000000000000002,1.0,1.0,50,8,2.2455316419873457,1,2.2455316419873457,False,False,False,True,0,192,20,0.4,0.3,0.3,balanced
1781496889743.04,0.4,0.3,0.3,596.3689167974883,611.8888888888889,0.11927378335949766,320.0205761316872,373.9917695473251,0.020681826292974465,1.0000000000000002,1.0,1.0,49,8,2.2460859387683088,1,2.2460859387683088,False,False,False,True,0,193,20,0.4,0.3,0.3,balanced
1781496892355.222,0.4,0.3,0.3,595.945054945055,611.7777777777778,0.119189010989011,314.074074074074,367.119341563786,0.020285128357176385,1.0000000000000002,1.0,1.0,47,8,2.2462388570972425,1,2.2462388570972425,False,False,False,True,0,194,20,0.4,0.3,0.3,balanced
1781496894971.591,0.4,0.3,0.3,596.1020408163266,613.0,0.11922040816326532,346.739417989418,396.71516754850086,0.022464270713103265,1.0000000000000002,1.0,1.0,46,8,2.245572555520763,1,2.245572555520763,False,False,False,True,0,195,20,0.4,0.3,0.3,balanced
1781496897694.7131,0.4,0.3,0.3,599.403453689168,617.3333333333334,0.11988069073783361,1082.9232044030894,1252.1453911492224,0.07157593091414872,0.9906349807827642,0.9923371647509579,0.9906349807827642,44,8,2.2277654386654513,1,2.2277654386654513,False,False,False,True,0,196,20,0.4,0.3,0.3,balanced
1781496903894.98,0.4,0.3,0.3,601.9544740973313,619.8888888888889,0.12039089481946626,298.9917695473251,341.2757201646091,0.019278970616899604,1.0000000000000002,1.0,1.0,43,8,2.2460599508871435,1,2.2460599508871435,False,False,False,True,0,197,20,0.4,0.3,0.3,balanced
1781496906614.6628,0.4,0.3,0.3,604.3704866562009,623.3333333333334,0.12087409733124019,309.16392993979196,371.9129720853859,0.019957567040679917,1.0000000000000002,1.0,1.0,41,8,2.2456630909552997,1,2.2456630909552997,False,False,False,True,0,198,20,0.4,0.3,0.3,balanced
1781496909238.913,0.4,0.3,0.3,600.4693877551022,618.4444444444445,0.12009387755102043,309.3526432415321,370.8341247230136,0.019970156320315686,1.0000000000000002,1.0,1.0,43,8,2.245971402083497,0,2.245971402083497,False,False,False,True,0,199,20,0.4,0.3,0.3,balanced
1781496911854.834,0.4,0.3,0.3,603.8602825745683,622.0,0.12077205651491366,284.4341563786008,342.51345362456476,0.01830781563566383,1.0000000000000002,1.0,1.0,41,8,2.2461988327033353,1,2.2461988327033353,False,False,False,True,0,200,20,0.4,0.3,0.3,balanced
1781496914575.228,0.4,0.3,0.3,605.5133437990581,624.8888888888889,0.12110266875981163,285.9701696770662,362.71483305966063,0.018410284835027768,1.0000000000000002,1.0,1.0,40,8,2.246035847045567,1,2.246035847045567,False,False,False,True,0,201,20,0.4,0.3,0.3,balanced
1781496917295.0251,0.4,0.3,0.3,608.5306122448981,628.7777777777778,0.12170612244897962,259.0145502645502,303.1216931216931,0.016612044714112758,1.0000000000000002,1.0,1.0,38,8,2.2463339376061744,1,2.2463339376061744,False,False,False,True,0,202,20,0.4,0.3,0.3,balanced
1781496920014.672,0.4,0.3,0.3,610.5777080062795,631.6666666666666,0.1221155416012559,271.74603174603175,340.38947677836563,0.01746137636731366,1.0000000000000002,1.0,1.0,37,8,2.2459153704493033,1,2.2459153704493033,False,False,False,True,0,203,20,0.4,0.3,0.3,balanced
1781496922736.4011,0.4,0.3,0.3,616.1491365777081,637.6666666666666,0.12322982731554162,244.0705693483471,281.9565414009859,0.0156151146996896,1.0000000000000002,1.0,1.0,35,8,2.2460235346638764,1,2.2460235346638764,False,False,False,True,0,204,20,0.4,0.3,0.3,balanced
1781496925459.892,0.4,0.3,0.3,611.5745682888542,632.7777777777778,0.12231491365777084,239.21590241034684,282.3339212228101,0.015291254330243285,1.0000000000000002,1.0,1.0,37,8,2.246486658237819,0,2.246486658237819,False,False,False,True,0,205,20,0.4,0.3,0.3,balanced
1781496928183.1902,0.4,0.3,0.3,616.1334379905809,637.7777777777778,0.12322668759811618,230.97295708406818,269.98530276308054,0.014741358044300747,1.0000000000000002,1.0,1.0,35,8,2.2462869175474633,1,2.2462869175474633,False,False,False,True,0,206,20,0.4,0.3,0.3,balanced
1781496930904.692,0.4,0.3,0.3,617.5949764521195,640.5555555555555,0.12351899529042389,209.04467960023516,251.49470899470896,0.013278497638441305,1.0000000000000002,1.0,1.0,34,8,2.2466088525922983,1,2.2466088525922983,False,False,False,True,0,207,20,0.4,0.3,0.3,balanced
1781496933627.346,0.4,0.3,0.3,622.8304552590268,646.2222222222222,0.12456609105180537,202.57359924026588,227.82209559987334,0.012846804485674842,1.0000000000000002,1.0,1.0,32,8,2.2463195222335752,1,2.2463195222335752,False,False,False,True,0,208,20,0.4,0.3,0.3,balanced
1781496940028.454,0.4,0.3,0.3,630.1224489795919,655.8888888888889,0.12602448979591838,219.32539682539678,261.54761904761904,0.013964336012368031,1.0000000000000002,1.0,1.0,29,8,2.2454009032779223,1,2.2454009032779223,False,False,False,True,0,209,20,0.4,0.3,0.3,balanced
1781496942844.2832,0.4,0.3,0.3,631.591836734694,658.6666666666666,0.1263183673469388,181.86360964138743,211.06114050558494,0.011465217454395426,1.0000000000000002,1.0,1.0,28,8,2.2460330878249057,1,2.2460330878249057,False,False,False,True,0,210,20,0.4,0.3,0.3,balanced
1781496945666.576,0.4,0.3,0.3,640.1569858712716,669.8888888888889,0.12803139717425432,203.7389770723104,250.59229864785422,0.012924548170267539,1.0000000000000002,1.0,1.0,26,8,2.244910076679218,1,2.244910076679218,False,False,False,True,0,211,20,0.4,0.3,0.3,balanced
1781496948480.133,0.4,0.3,0.3,639.1993720565149,668.7777777777778,0.12783987441130298,183.70737801293356,216.35361552028218,0.01158821734575941,1.0000000000000002,1.0,1.0,26,8,2.245387585031751,2,2.245387585031751,False,False,False,True,0,212,20,0.4,0.3,0.3,balanced
1781496951302.5378,0.4,0.3,0.3,644.4709576138148,674.8888888888889,0.12889419152276296,203.39506172839506,238.02469135802474,0.012901605185349904,1.0000000000000002,1.0,1.0,25,8,2.24457184183529,1,2.24457184183529,False,False,False,True,0,213,20,0.4,0.3,0.3,balanced
1781496954115.213,0.4,0.3,0.3,639.2731554160125,668.4444444444445,0.1278546310832025,202.6984126984127,242.1222810111699,0.01285513093385008,1.0000000000000002,1.0,1.0,26,8,2.245001608286564,0,2.245001608286564,False,False,False,True,0,214,20,0.4,0.3,0.3,balanced
1781496956937.8691,0.4,0.3,0.3,643.7064364207223,673.8888888888889,0.12874128728414447,154.9889205444761,182.12883823994937,0.00967237628715651,1.0000000000000002,1.0,1.0,25,8,2.245601772200195,1,2.245601772200195,False,False,False,True,0,215,20,0.4,0.3,0.3,balanced
1781496959754.5112,0.4,0.3,0.3,646.868131868132,677.6666666666666,0.1293736263736264,171.31687242798353,220.74074074074076,0.010761632583587961,1.0000000000000002,1.0,1.0,25,8,2.245022059675473,2,2.245022059675473,False,False,False,True,0,216,20,0.4,0.3,0.3,balanced
1781496962679.954,0.4,0.3,0.3,654.923076923077,688.0,0.1309846153846154,135.3960905349794,162.28101116990007,0.008365316246496292,1.0000000000000002,1.0,1.0,23,8,2.2450965589722047,1,2.2450965589722047,False,False,False,True,0,217,20,0.4,0.3,0.3,balanced
1781496965502.065,0.4,0.3,0.3,644.4065934065935,675.3333333333334,0.1288813186813187,140.55555555555554,181.15226337448559,0.008709510043732858,1.0000000000000002,1.0,1.0,25,8,2.2458346195143526,0,2.2458346195143526,False,False,False,True,0,218,20,0.4,0.3,0.3,balanced
1781496968518.757,0.4,0.3,0.3,654.3799058084772,687.0,0.13087598116169544,141.88198118753672,168.92710170487948,0.008797997410776299,1.0000000000000002,1.0,1.0,23,8,2.245010208312089,1,2.245010208312089,False,False,False,True,0,219,20,0.4,0.3,0.3,balanced
1781496971441.166,0.4,0.3,0.3,659.9340659340661,694.7777777777778,0.1319868131868132,137.00984714873601,169.22839506172838,0.008472971791109807,1.0000000000000002,1.0,1.0,22,8,2.244663383187942,1,2.244663383187942,False,False,False,True,0,220,20,0.4,0.3,0.3,balanced
1781496977949.8342,0.4,0.3,0.3,670.1491365777081,708.6666666666666,0.1340298273155416,122.24573780129336,157.47207524985302,0.007488041214229043,1.0000000000000002,1.0,1.0,20,8,2.2441416567095147,1,2.2441416567095147,False,False,False,True,0,221,20,0.4,0.3,0.3,balanced
1781496980962.459,0.4,0.3,0.3,677.392464678179,717.1111111111111,0.1354784929356358,116.84729064039409,143.41406677613574,0.007127904645790133,1.0000000000000002,1.0,1.0,19,8,2.2436702314320085,1,2.2436702314320085,False,False,False,True,0,222,20,0.4,0.3,0.3,balanced
1781496983984.035,0.4,0.3,0.3,693.631083202512,738.1111111111111,0.1387262166405024,111.3124632569077,135.83480305702528,0.006758669997125264,1.0000000000000002,1.0,1.0,17,8,2.2424819123446613,1,2.2424819123446613,False,False,False,True,0,223,20,0.4,0.3,0.3,balanced
1781496987006.8901,0.4,0.3,0.3,704.5290423861852,751.3333333333334,0.14090580847723705,130.0411522633745,151.56378600823044,0.008008082205695431,1.0000000000000002,1.0,1.0,16,8,2.2412352519473964,1,2.2412352519473964,False,False,False,True,0,224,20,0.4,0.3,0.3,balanced
1781496990230.0078,0.4,0.3,0.3,723.8367346938777,777.3333333333334,0.14476734693877555,115.37698412698413,144.12698412698413,0.0070298188210129505,1.0000000000000002,1.0,1.0,14,8,2.239984115578186,1,2.239984115578186,False,False,False,True,0,225,20,0.4,0.3,0.3,balanced
1781496993454.395,0.4,0.3,0.3,739.3516483516484,797.5555555555555,0.14787032967032968,92.44194591416814,111.50205761316872,0.0054997962584501766,1.0000000000000002,1.0,1.0,13,8,2.239201929254333,1,2.239201929254333,False,False,False,True,0,226,20,0.4,0.3,0.3,balanced
1781496996880.716,0.4,0.3,0.3,774.4458398744113,842.3333333333334,0.15488916797488225,86.40211640211639,99.15784832451499,0.005096872341702228,1.0000000000000002,1.0,1.0,11,8,2.2365152711075362,1,2.2365152711075362,False,False,False,True,0,227,20,0.4,0.3,0.3,balanced
1781497000100.3362,0.4,0.3,0.3,738.8932496075354,796.5555555555555,0.14777864992150708,124.80232216343327,153.3318636096414,0.00765859387347787,1.0000000000000002,1.0,1.0,13,8,2.238590961869354,0,2.238590961869354,False,False,False,True,0,228,20,0.4,0.3,0.3,balanced
1781497003224.726,0.4,0.3,0.3,723.9811616954476,777.7777777777778,0.1447962323390895,150.80405191516303,183.27318771763217,0.009393198926962177,1.0000000000000002,1.0,1.0,14,8,2.2392635473862756,0,2.2392635473862756,False,False,False,True,0,229,20,0.4,0.3,0.3,balanced
1781497006242.93,0.4,0.3,0.3,700.3014128728415,748.0,0.14006028257456832,151.994301994302,172.26970560303891,0.009472601867531821,1.0000000000000002,1.0,1.0,16,8,2.241134106409913,0,2.241134106409913,False,False,False,True,0,230,20,0.4,0.3,0.3,balanced
1781497013848.809,0.4,0.3,0.3,462.54474097331246,597.3333333333334,0.09250894819466249,129.98644986449864,119.81029810298102,0.008004432946264085,0.5164835164835165,0.6666666666666666,0.5164835164835165,14,8,2.115540145783311,1,2.115540145783311,False,False,False,True,0,231,20,0.4,0.3,0.3,balanced
1781497017069.835,0.4,0.3,0.3,737.0690737833596,794.8888888888889,0.14741381475667192,150.8913874191652,176.68283362727806,0.009399025178063056,1.0000000000000002,1.0,1.0,13,8,2.2382147665439125,1,2.2382147665439125,False,False,False,True,0,232,20,0.4,0.3,0.3,balanced
1781497020291.075,0.4,0.3,0.3,724.453689167975,778.4444444444445,0.144890737833595,143.37081128747795,181.09347442680777,0.008897318965141957,1.0000000000000002,1.0,1.0,14,8,2.2393745091770194,0,2.2393745091770194,False,False,False,True,0,233,20,0.4,0.3,0.3,balanced
1781497023512.695,0.4,0.3,0.3,738.5934065934066,796.3333333333334,0.14771868131868132,229.98236331569663,300.97589653145207,0.014675274403982431,0.9901323166629292,0.9920634920634921,0.9901323166629292,13,8,2.2335496401502115,1,2.2335496401502115,False,False,False,True,0,234,20,0.4,0.3,0.3,balanced
1781497026928.7852,0.4,0.3,0.3,776.3359497645213,845.0,0.15526718995290426,132.70811287477954,158.57886763442318,0.0081859981904456,0.9858131286702718,0.9876543209876544,0.9858131286702718,11,8,2.231181263162786,1,2.231181263162786,False,False,False,True,0,235,20,0.4,0.3,0.3,balanced
1781497030447.728,0.4,0.3,0.3,797.4238618524333,872.3333333333334,0.15948477237048667,69.13727219282774,84.94121105232216,0.0039451148894481475,1.0000000000000002,1.0,1.0,10,8,2.235022556584971,1,2.235022556584971,False,False,False,True,0,236,20,0.4,0.3,0.3,balanced
1781497033760.033,0.4,0.3,0.3,776.8665620094192,845.3333333333334,0.15537331240188385,67.60921177587844,79.03133903133902,0.003843176235882484,1.0000000000000002,1.0,1.0,11,8,2.236697722168482,0,2.236697722168482,False,False,False,True,0,237,20,0.4,0.3,0.3,balanced
1781497036983.887,0.4,0.3,0.3,739.8116169544742,798.0,0.14796232339089482,84.40329218106994,98.6331569664903,0.0049635284977364875,1.0000000000000002,1.0,1.0,13,8,2.2393260120943212,0,2.2393260120943212,False,False,False,True,0,238,20,0.4,0.3,0.3,balanced
1781497040407.561,0.4,0.3,0.3,776.0737833594977,844.5555555555555,0.15521475667189955,67.44121105232216,78.15549676660788,0.0038319687159654543,1.0000000000000002,1.0,1.0,11,8,2.2367645067164506,1,2.2367645067164506,False,False,False,True,0,239,20,0.4,0.3,0.3,balanced
1781497083217.771,0.4,0.3,0.3,738.4081632653063,796.3333333333334,0.14768163265306125,124.95149911816577,157.64697236919457,0.007668545638303254,1.0000000000000002,1.0,1.0,13,8,2.2386267832472844,0,2.2386267832472844,False,False,False,True,1,240,20,0.4,0.3,0.3,balanced
1781497086434.5142,0.4,0.3,0.3,723.3029827315542,777.2222222222222,0.14466059654631083,112.42063492063491,136.11111111111111,0.0068325973929709745,1.0000000000000002,1.0,1.0,14,8,2.2400859821635843,0,2.2400859821635843,False,False,False,True,0,241,20,0.4,0.3,0.3,balanced
1781497089450.796,0.4,0.3,0.3,701.0518053375198,748.1111111111111,0.14021036106750395,114.48638809749919,141.74897119341563,0.0069704061439292316,1.0000000000000002,1.0,1.0,16,8,2.24182473372982,0,2.24182473372982,False,False,False,True,0,242,20,0.4,0.3,0.3,balanced
1781497092471.108,0.4,0.3,0.3,692.4411302982733,736.4444444444445,0.13848822605965466,124.54732510288065,150.70252792475014,0.007641582728677828,1.0000000000000002,1.0,1.0,17,8,2.242312234757535,0,2.242312234757535,False,False,False,True,0,243,20,0.4,0.3,0.3,balanced
1781497095485.566,0.4,0.3,0.3,677.4599686028259,717.2222222222222,0.1354919937205652,134.87139917695472,164.0843621399177,0.008330313487455285,1.0000000000000002,1.0,1.0,19,8,2.243304108465537,0,2.243304108465537,False,False,False,True,0,244,20,0.4,0.3,0.3,balanced
1781497098405.357,0.4,0.3,0.3,668.7080062794349,706.4444444444445,0.133741601255887,140.61095283317505,180.60462171573283,0.008713205659317881,1.0000000000000002,1.0,1.0,20,8,2.2438893977998497,0,2.2438893977998497,False,False,False,True,0,245,20,0.4,0.3,0.3,balanced
1781497101316.7478,0.4,0.3,0.3,657.3924646781791,691.7777777777778,0.13147849293563582,155.31011169900057,191.6990005878895,0.009693803315477022,1.0000000000000002,1.0,1.0,22,8,2.2445004618311026,0,2.2445004618311026,False,False,False,True,0,246,20,0.4,0.3,0.3,balanced
1781497104240.581,0.4,0.3,0.3,671.0690737833596,709.1111111111111,0.13421381475667193,157.33934789490343,213.14181703070594,0.009829175976978214,1.0000000000000002,1.0,1.0,20,8,2.243365721304238,1,2.243365721304238,False,False,False,True,0,247,20,0.4,0.3,0.3,balanced
1781497107163.584,0.4,0.3,0.3,659.4222919937206,694.2222222222222,0.13188445839874413,151.59758965314518,186.38741916519695,0.009446136734699477,1.0000000000000002,1.0,1.0,22,8,2.2444123756200924,0,2.2444123756200924,False,False,False,True,0,248,20,0.4,0.3,0.3,balanced
1781497110088.3901,0.4,0.3,0.3,655.52590266876,687.6666666666666,0.131105180533752,171.1972166474082,197.59978917067036,0.010753650209967191,0.9960192868356135,0.9960317460317462,0.9960192868356135,23,8,2.243137618774193,0,2.243137618774193,False,False,False,True,0,249,20,0.4,0.3,0.3,balanced
1781497112911.942,0.4,0.3,0.3,646.0989010989013,676.2222222222222,0.12921978021978026,149.40329218106993,184.9382716049383,0.009299752647169441,1.0000000000000002,1.0,1.0,25,8,2.245522162117937,0,2.245522162117937,False,False,False,True,0,250,20,0.4,0.3,0.3,balanced
1781497119306.937,0.4,0.3,0.3,654.2025117739403,687.2222222222222,0.13084050235478806,142.7809433364989,167.9867046533713,0.008857968201234082,1.0000000000000002,1.0,1.0,23,8,2.2450064085977144,1,2.2450064085977144,False,False,False,True,0,251,20,0.4,0.3,0.3,balanced
1781497122127.6382,0.4,0.3,0.3,644.4238618524333,674.8888888888889,0.12888477237048668,149.8206937095826,181.44914756025867,0.009327597979291702,0.9958718530147105,0.9958847736625513,0.9958718530147105,25,8,2.244409367562431,0,2.244409367562431,False,False,False,True,0,252,20,0.4,0.3,0.3,balanced
1781497124946.223,0.4,0.3,0.3,639.8006279434851,669.5555555555555,0.12796012558869702,195.42548500881833,262.0149911816579,0.012369945631008562,1.0000000000000002,1.0,1.0,26,8,2.2451049660752185,0,2.2451049660752185,False,False,False,True,0,253,20,0.4,0.3,0.3,balanced
1781497128069.994,0.4,0.3,0.3,647.2919937205652,681.3333333333334,0.12945839874411305,392.415502470946,386.81122379711087,0.025511374414339295,0.9061518838304553,0.8715277777777778,0.9061518838304553,25,8,2.2124087933271896,1,2.2124087933271896,False,False,False,True,0,254,20,0.4,0.3,0.3,balanced
1781497130882.863,0.4,0.3,0.3,640.2605965463109,669.7777777777778,0.1280521193092622,149.44591416813637,181.48001175778953,0.009302596008548124,1.0000000000000002,1.0,1.0,26,8,2.2459883734737307,0,2.2459883734737307,False,False,False,True,0,255,20,0.4,0.3,0.3,balanced
1781497133707.8792,0.4,0.3,0.3,634.5871271585557,662.0,0.12691742543171114,187.80643738977074,222.18106995884773,0.011861670272833271,1.0000000000000002,1.0,1.0,28,8,2.2456745287454654,0,2.2456745287454654,False,False,False,True,0,256,20,0.4,0.3,0.3,balanced
1781497136529.9832,0.4,0.3,0.3,629.2904238618526,655.7777777777778,0.1258580847723705,198.327859879584,234.73180076628353,0.012563566369551967,1.0000000000000002,1.0,1.0,29,8,2.245887696180186,0,2.245887696180186,False,False,False,True,0,257,20,0.4,0.3,0.3,balanced
1781497139254.061,0.4,0.3,0.3,620.7111459968603,645.0,0.12414222919937205,220.07834757834758,265.4653371320038,0.01401456621603386,1.0000000000000002,1.0,1.0,32,8,2.246138738455441,0,2.246138738455441,False,False,False,True,0,258,20,0.4,0.3,0.3,balanced
1781497141977.65,0.4,0.3,0.3,617.1098901098901,639.8888888888889,0.12342197802197802,232.00984714873601,276.83862433862436,0.014810530163357974,1.0000000000000002,1.0,1.0,34,8,2.2461880497422015,0,2.2461880497422015,False,False,False,True,0,259,20,0.4,0.3,0.3,balanced
1781497144701.041,0.4,0.3,0.3,615.8571428571429,637.7777777777778,0.12317142857142858,242.391240446796,292.25308641975306,0.015503084752955035,1.0000000000000002,1.0,1.0,35,8,2.246080503145542,0,2.246080503145542,False,False,False,True,0,260,20,0.4,0.3,0.3,balanced
1781497147420.754,0.4,0.3,0.3,611.1726844583987,631.7777777777778,0.12223453689167975,244.04761904761907,282.18253968253964,0.015613583658947236,1.0000000000000002,1.0,1.0,37,8,2.246422110145644,0,2.246422110145644,False,False,False,True,0,261,20,0.4,0.3,0.3,balanced
1781497150144.0378,0.4,0.3,0.3,609.7205651491367,629.7777777777778,0.12194411302982736,249.12493158182812,296.876026272578,0.015952296970101944,1.0000000000000002,1.0,1.0,38,8,2.2464366656970385,0,2.2464366656970385,False,False,False,True,0,262,20,0.4,0.3,0.3,balanced
1781497156551.006,0.4,0.3,0.3,606.9670329670331,626.4444444444445,0.12139340659340662,318.02508960573476,436.60692951015534,0.020548705110455954,0.9121385526915483,0.9390681003584229,0.9121385526915483,40,8,2.218919591636965,0,2.218919591636965,False,False,False,True,0,263,20,0.4,0.3,0.3,balanced
1781497159174.753,0.4,0.3,0.3,605.3877551020408,624.0,0.12107755102040817,265.25561886672995,322.2966128521684,0.01702839352012875,1.0000000000000002,1.0,1.0,41,8,2.246460461535798,0,2.246460461535798,False,False,False,True,0,264,20,0.4,0.3,0.3,balanced
1781497161798.9111,0.4,0.3,0.3,603.4788069073784,621.1111111111111,0.12069576138147568,279.93194048749604,339.49984172206393,0.01800746767761815,1.0000000000000002,1.0,1.0,43,8,2.2463194551441243,0,2.2463194551441243,False,False,False,True,0,265,20,0.4,0.3,0.3,balanced
1781497164422.029,0.4,0.3,0.3,601.8367346938776,619.3333333333334,0.12036734693877552,279.3985438429883,338.96644507755616,0.017971884178985213,1.0000000000000002,1.0,1.0,43,8,2.2464614959707943,2,2.2464614959707943,False,False,False,True,0,266,20,0.4,0.3,0.3,balanced
1781497167045.694,0.4,0.3,0.3,602.6279434850863,620.1111111111111,0.12052558869701727,311.15356351467466,376.4884909329354,0.020090297766155747,1.0000000000000002,1.0,1.0,44,8,2.2457626751913464,0,2.2457626751913464,False,False,False,True,0,267,20,0.4,0.3,0.3,balanced
1781497169670.481,0.4,0.3,0.3,599.9764521193093,616.2222222222222,0.11999529042386187,298.4726179170624,371.9911364355809,0.019244337419417105,1.0000000000000002,1.0,1.0,46,8,2.24622858260463,0,2.24622858260463,False,False,False,True,0,268,20,0.4,0.3,0.3,balanced
1781497172289.237,0.4,0.3,0.3,598.591836734694,615.6666666666666,0.11971836734693879,325.38506760728984,384.5473251028806,0.02103969763891193,0.9942812289751068,0.9960317460317462,0.9942812289751068,47,8,2.244085112462083,0,2.244085112462083,False,False,False,True,0,269,20,0.4,0.3,0.3,balanced
1781497174903.2148,0.4,0.3,0.3,593.7189952904239,609.2222222222222,0.11874379905808478,361.17430922986483,428.1290417401529,0.023427238774507326,1.0000000000000002,1.0,1.0,49,8,2.245474308744414,0,2.245474308744414,False,False,False,True,0,270,20,0.4,0.3,0.3,balanced
1781497177526.0342,0.4,0.3,0.3,592.7472527472529,608.5555555555555,0.11854945054945058,380.7767489711934,458.13786008230454,0.024734939891340454,1.0000000000000002,1.0,1.0,50,8,2.2451597378128176,0,2.2451597378128176,False,False,False,True,0,271,20,0.4,0.3,0.3,balanced
1781497180152.314,0.4,0.3,0.3,594.469387755102,609.7777777777778,0.1188938775510204,351.9341563786008,420.0411522633745,0.022810817636998052,1.0000000000000002,1.0,1.0,49,8,2.245599203688492,1,2.245599203688492,False,False,False,True,0,272,20,0.4,0.3,0.3,balanced
1781497182772.023,0.4,0.3,0.3,597.3610675039248,614.1111111111111,0.11947221350078496,333.60376249265136,405.75837742504405,0.021587976150276942,1.0000000000000002,1.0,1.0,47,8,2.245734721754603,1,2.245734721754603,False,False,False,True,0,273,20,0.4,0.3,0.3,balanced
1781497185494.572,0.4,0.3,0.3,596.7613814756672,612.1111111111111,0.11935227629513345,423.1570881226054,590.6551724137931,0.027562180661948325,0.8995290423861855,0.9316239316239316,0.8995290423861855,49,8,2.213849147999218,0,2.213849147999218,False,False,False,True,0,274,20,0.4,0.3,0.3,balanced
1781497191707.685,0.4,0.3,0.3,594.1130298273156,609.5555555555555,0.11882260596546312,351.3330393885949,428.5802469135803,0.022770716436864236,1.0000000000000002,1.0,1.0,50,8,2.2456397426827555,0,2.2456397426827555,False,False,False,True,0,275,20,0.4,0.3,0.3,balanced
1781497194532.9932,0.4,0.3,0.3,505.11773940345375,546.8888888888889,0.10102354788069075,355.6255600358422,367.72401433691755,0.023057075385980137,0.839874411302983,0.8888888888888888,0.839874411302983,52,8,2.204635781622825,0,2.204635781622825,False,False,False,True,0,276,20,0.4,0.3,0.3,balanced
1781497197154.054,0.4,0.3,0.3,590.4945054945055,605.1111111111111,0.11809890109890109,348.9226925338036,415.6687242798354,0.02260991944855261,1.0000000000000002,1.0,1.0,53,8,2.2459774637258736,0,2.2459774637258736,False,False,False,True,0,277,20,0.4,0.3,0.3,balanced
1781497199779.113,0.4,0.3,0.3,590.640502354788,604.7777777777778,0.1181281004709576,424.0880364491475,511.875367430923,0.027624285286801036,1.0000000000000002,1.0,1.0,55,8,2.2444614742255764,0,2.2444614742255764,False,False,False,True,0,278,20,0.4,0.3,0.3,balanced
1781497202397.747,0.4,0.3,0.3,586.6216640502357,599.5555555555555,0.11732433281004714,355.4365079365079,441.1111111111111,0.023044463504770372,1.0000000000000002,1.0,1.0,56,8,2.24615692782455,0,2.24615692782455,False,False,False,True,0,279,20,0.4,0.3,0.3,balanced
1781497205019.211,0.4,0.3,0.3,587.193092621664,600.7777777777778,0.11743861852433281,453.54175824175826,545.1565323565324,0.029589176667228705,0.989782500771512,0.9916112693890473,0.989782500771512,58,8,2.241082549821552,0,2.241082549821552,False,False,False,True,0,280,20,0.4,0.3,0.3,balanced
1781497207642.502,0.4,0.3,0.3,585.5777080062794,598.7777777777778,0.11711554160125588,395.0676072898294,440.36890064667836,0.025688299352223443,1.0000000000000002,1.0,1.0,59,8,2.2454472935538305,0,2.2454472935538305,False,False,False,True,0,281,20,0.4,0.3,0.3,balanced
1781497210263.928,0.4,0.3,0.3,584.6200941915229,597.6666666666666,0.11692401883830457,424.57512315270935,496.2493158182813,0.02765677939644492,1.0000000000000002,1.0,1.0,61,8,2.2449333586457447,0,2.2449333586457447,False,False,False,True,0,282,20,0.4,0.3,0.3,balanced
1781497212888.212,0.4,0.3,0.3,581.6781789638934,594.5555555555555,0.11633563579277868,416.9971264367816,471.65982484948006,0.027151242590846007,1.0000000000000002,1.0,1.0,64,8,2.245320372905635,0,2.245320372905635,False,False,False,True,0,283,20,0.4,0.3,0.3,balanced
1781497215411.536,0.4,0.3,0.3,582.8634222919937,595.1111111111111,0.11657268445839875,493.9221272554605,621.4783159227603,0.03228299714846301,1.0000000000000002,1.0,1.0,65,8,2.2436860270721017,0,2.2436860270721017,False,False,False,True,0,284,20,0.4,0.3,0.3,balanced
1781497217934.639,0.4,0.3,0.3,582.3689167974884,594.1111111111111,0.11647378335949768,512.9835390946502,623.6530547641659,0.03355460567676118,1.0000000000000002,1.0,1.0,67,8,2.2433441049531724,0,2.2433441049531724,False,False,False,True,0,285,20,0.4,0.3,0.3,balanced
1781497220555.9248,0.4,0.3,0.3,578.9748822605966,591.6666666666666,0.11579497645211932,577.4076354679803,656.2848932676519,0.03785241063829088,1.0000000000000002,1.0,1.0,68,8,2.242326286227665,0,2.242326286227665,False,False,False,True,0,286,20,0.4,0.3,0.3,balanced
1781497226746.158,0.4,0.3,0.3,579.5337519623234,591.3333333333334,0.11590675039246469,555.1929392446634,620.2052545155993,0.03637044291158528,1.0000000000000002,1.0,1.0,67,8,2.2427261669695384,1,2.2427261669695384,False,False,False,True,0,287,20,0.4,0.3,0.3,balanced
1781497229369.373,0.4,0.3,0.3,581.5651491365777,593.4444444444445,0.11631302982731553,564.2152435686918,656.576354679803,0.036972331125329674,1.0000000000000002,1.0,1.0,65,8,2.242383088731475,1,2.242383088731475,False,False,False,True,0,288,20,0.4,0.3,0.3,balanced
1781497231987.272,0.4,0.3,0.3,582.436420722135,594.5555555555555,0.11648728414442701,529.2679255610291,605.0615763546798,0.03464095567451828,1.0000000000000002,1.0,1.0,64,8,2.2430127996398737,1,2.2430127996398737,False,False,False,True,0,289,20,0.4,0.3,0.3,balanced
1781497234610.888,0.4,0.3,0.3,584.5682888540032,597.3333333333334,0.11691365777080064,381.58319649698956,443.152709359606,0.024788738925749804,1.0000000000000002,1.0,1.0,61,8,2.245797915213955,1,2.245797915213955,False,False,False,True,0,290,20,0.4,0.3,0.3,balanced
1781497237231.927,0.4,0.3,0.3,586.1145996860283,599.4444444444445,0.11722291993720567,426.38820470717025,481.32457580733444,0.02777773213523484,1.0000000000000002,1.0,1.0,59,8,2.2447775123845473,1,2.2447775123845473,False,False,False,True,0,291,20,0.4,0.3,0.3,balanced
1781497239844.907,0.4,0.3,0.3,586.1554160125589,599.1111111111111,0.11723108320251178,450.05952380952374,549.8809523809524,0.029356872835858822,1.0000000000000002,1.0,1.0,59,8,2.244300504868238,2,2.244300504868238,False,False,False,True,0,292,20,0.4,0.3,0.3,balanced
1781497242468.031,0.4,0.3,0.3,583.8116169544742,595.7777777777778,0.11676232339089483,460.8908045977011,554.5853858784893,0.0300794399331355,1.0000000000000002,1.0,1.0,61,8,2.2442712386637016,0,2.2442712386637016,False,False,False,True,0,293,20,0.4,0.3,0.3,balanced
1781497245088.981,0.4,0.3,0.3,581.4348508634224,594.3333333333334,0.11628697017268448,556.1165845648604,651.1165845648604,0.03643206034455373,1.0000000000000002,1.0,1.0,64,8,2.24255559382756,0,2.24255559382756,False,False,False,True,0,294,20,0.4,0.3,0.3,balanced
1781497247702.3972,0.4,0.3,0.3,584.2480376766091,597.3333333333334,0.11684960753532182,480.53981937602623,578.5714285714286,0.031390248123817625,1.0000000000000002,1.0,1.0,61,8,2.243843082548726,1,2.243843082548726,False,False,False,True,0,295,20,0.4,0.3,0.3,balanced
1781497250324.689,0.4,0.3,0.3,585.7048665620094,598.4444444444445,0.11714097331240189,484.50396825396825,567.6587301587301,0.03165470101760962,1.0000000000000002,1.0,1.0,59,8,2.2436472003697565,1,2.2436472003697565,False,False,False,True,0,296,20,0.4,0.3,0.3,balanced
1781497252945.8262,0.4,0.3,0.3,585.8759811616956,599.2222222222222,0.11717519623233912,443.14741328630214,519.0402704291592,0.028895758057792004,0.9960192868356137,0.9960317460317462,0.9960192868356137,58,8,2.243266980140411,1,2.243266980140411,False,False,False,True,0,297,20,0.4,0.3,0.3,balanced
1781497255559.5332,0.4,0.3,0.3,588.2857142857144,602.0,0.11765714285714289,424.52380952380946,488.45238095238096,0.02765335620572445,1.0000000000000002,1.0,1.0,56,8,2.2446411359954257,1,2.2446411359954257,False,False,False,True,0,298,20,0.4,0.3,0.3,balanced
1781497258281.6292,0.4,0.3,0.3,550.9858712715857,531.3333333333334,0.11019717425431713,370.0454002389487,456.68458781362006,0.024019039375513588,0.9419152276295135,0.8888888888888888,0.9419152276295135,55,8,2.231289986774473,1,2.231289986774473,False,False,False,True,0,299,20,0.4,0.3,0.3,balanced
1781497264481.045,0.4,0.3,0.3,590.0910518053375,604.8888888888889,0.11801821036106751,430.17636684303346,498.56995884773653,0.028030444752704033,1.0000000000000002,1.0,1.0,53,8,2.2443835824297618,1,2.2443835824297618,False,False,False,True,0,300,20,0.4,0.3,0.3,balanced
1781497267103.823,0.4,0.3,0.3,591.784929356358,607.0,0.11835698587127161,387.79908877131095,450.70252792475014,0.025203408190214206,1.0000000000000002,1.0,1.0,52,8,2.245096183194427,1,2.245096183194427,False,False,False,True,0,301,20,0.4,0.3,0.3,balanced
1781497269726.9758,0.4,0.3,0.3,592.8712715855573,609.0,0.11857425431711147,428.8962375073486,492.8248089359201,0.027945045864399505,1.0000000000000002,1.0,1.0,50,8,2.2441867845138357,1,2.2441867845138357,False,False,False,True,0,302,20,0.4,0.3,0.3,balanced
1781497272349.35,0.4,0.3,0.3,593.2135007849294,609.4444444444445,0.11864270015698587,356.51161081716634,424.46355085243977,0.023116184844374006,1.0000000000000002,1.0,1.0,49,8,2.2456080644838936,1,2.2456080644838936,False,False,False,True,0,303,20,0.4,0.3,0.3,balanced
1781497274969.8,0.4,0.3,0.3,592.4238618524333,607.7777777777778,0.11848477237048667,535.0095532039977,630.2278071722517,0.03502398620440278,1.0000000000000002,1.0,1.0,50,8,2.2420988951904843,0,2.2420988951904843,False,False,False,True,0,304,20,0.4,0.3,0.3,balanced
1781497277586.963,0.4,0.3,0.3,589.315541601256,604.5555555555555,0.1178631083202512,364.22692533803644,439.89564961787187,0.023630882277387355,1.0000000000000002,1.0,1.0,52,8,2.245765491988683,0,2.245765491988683,False,False,False,True,0,305,20,0.4,0.3,0.3,balanced
1781497280210.99,0.4,0.3,0.3,591.5494505494506,607.5555555555555,0.11830989010989013,396.35655496766606,500.94503233392123,0.025774286522192533,1.0000000000000002,1.0,1.0,50,8,2.244943757999386,1,2.244943757999386,False,False,False,True,0,306,20,0.4,0.3,0.3,balanced
1781497282834.871,0.4,0.3,0.3,593.3830455259028,609.1111111111111,0.11867660910518057,367.05540858318636,441.21399176954736,0.023819573621293288,1.0000000000000002,1.0,1.0,49,8,2.2453834842715397,1,2.2453834842715397,False,False,False,True,0,307,20,0.4,0.3,0.3,balanced
1781497285450.761,0.4,0.3,0.3,594.8492935635794,611.5555555555555,0.11896985871271588,353.7213403880071,448.1158142269253,0.022930042721014482,1.0000000000000002,1.0,1.0,47,8,2.245533043698609,1,2.245533043698609,False,False,False,True,0,308,20,0.4,0.3,0.3,balanced
1781497288070.081,0.4,0.3,0.3,598.3846153846155,615.0,0.1196769230769231,355.13374485596705,425.0514403292181,0.02302426583428733,1.0000000000000002,1.0,1.0,46,8,2.2452219510189444,1,2.2452219510189444,False,False,False,True,0,309,20,0.4,0.3,0.3,balanced
1781497290694.607,0.4,0.3,0.3,598.2731554160126,614.2222222222222,0.11965463108320253,298.48765432098764,382.31922398589063,0.019245340515075895,1.0000000000000002,1.0,1.0,47,8,2.246364545412196,0,2.246364545412196,False,False,False,True,0,310,20,0.4,0.3,0.3,balanced
1781497293321.1511,0.4,0.3,0.3,600.4222919937206,617.5555555555555,0.12008445839874411,359.3930041152263,438.45972957084064,0.023308405878267265,1.0000000000000002,1.0,1.0,46,8,2.244973694877022,1,2.244973694877022,False,False,False,True,0,311,20,0.4,0.3,0.3,balanced
1781497299521.7842,0.4,0.3,0.3,602.1459968602826,619.3333333333334,0.12042919937205653,299.3283362727807,361.85920047031163,0.019301423367096778,1.0000000000000002,1.0,1.0,44,8,2.2460378932410485,1,2.2460378932410485,False,False,False,True,0,312,20,0.4,0.3,0.3,balanced
1781497302135.196,0.4,0.3,0.3,603.839874411303,621.1111111111111,0.1207679748822606,282.82186948853615,338.80511463844795,0.018200258137994408,1.0000000000000002,1.0,1.0,43,8,2.2462327326056974,1,2.2462327326056974,False,False,False,True,0,313,20,0.4,0.3,0.3,balanced
1781497304750.576,0.4,0.3,0.3,604.9324960753534,623.4444444444445,0.12098649921507067,247.22855333966442,297.8584995251662,0.015825787414253795,1.0000000000000002,1.0,1.0,41,8,2.2468576640896956,1,2.2468576640896956,False,False,False,True,0,314,20,0.4,0.3,0.3,balanced
1781497307375.31,0.4,0.3,0.3,607.1475667189954,626.1111111111111,0.12142951334379909,300.7193732193732,352.8363406141184,0.019394221028643976,1.0000000000000002,1.0,1.0,40,8,2.245609928353887,1,2.245609928353887,False,False,False,True,0,315,20,0.4,0.3,0.3,balanced
1781497310100.648,0.4,0.3,0.3,610.331240188383,630.6666666666666,0.12206624803767661,287.48015873015873,344.2857142857143,0.018511017927295446,1.0000000000000002,1.0,1.0,38,8,2.2456201954067407,1,2.2456201954067407,False,False,False,True,0,316,20,0.4,0.3,0.3,balanced
1781497312817.5671,0.4,0.3,0.3,613.7629513343799,634.5555555555555,0.12275259026687597,232.04365079365078,281.468253968254,0.0148127852430721,1.0000000000000002,1.0,1.0,37,8,2.246455128320328,1,2.246455128320328,False,False,False,True,0,317,20,0.4,0.3,0.3,balanced
1781497315533.062,0.4,0.3,0.3,617.9529042386185,640.1111111111111,0.1235905808477237,225.896531452087,273.4068195179306,0.014402703899405404,1.0000000000000002,1.0,1.0,35,8,2.246242956491089,1,2.246242956491089,False,False,False,True,0,318,20,0.4,0.3,0.3,balanced
1781497318255.9668,0.4,0.3,0.3,619.3453689167976,641.6666666666666,0.12386907378335953,224.59656084656083,267.31481481481484,0.014315981377355626,1.0000000000000002,1.0,1.0,34,8,2.2461575760734496,1,2.2461575760734496,False,False,False,True,0,319,20,0.4,0.3,0.3,balanced
1781497320981.745,0.4,0.3,0.3,625.3720565149138,649.1111111111111,0.12507441130298275,176.17504409171073,219.38712522045856,0.011085726757285572,1.0000000000000002,1.0,1.0,32,8,2.2466445174516214,1,2.2466445174516214,False,False,False,True,0,320,20,0.4,0.3,0.3,balanced
1781497324407.93,0.4,0.3,0.3,422.94819466248043,437.55555555555554,0.08458963893249609,106.55182926829268,127.02100271002708,0.006441082673001513,0.6703296703296704,0.6666666666666666,0.6703296703296704,29,8,2.1653307207240022,1,2.1653307207240022,False,False,False,True,0,321,20,0.4,0.3,0.3,balanced
1781497327233.454,0.4,0.3,0.3,635.320251177394,662.2222222222222,0.1270640502354788,182.20679012345678,223.85655496766609,0.011488111415841013,1.0000000000000002,1.0,1.0,28,8,2.2457279464810562,1,2.2457279464810562,False,False,False,True,0,322,20,0.4,0.3,0.3,balanced
1781497330056.398,0.4,0.3,0.3,640.9529042386187,670.0,0.12819058084772372,187.20153303486634,216.1814317369873,0.0118213164132666,0.9940694226408515,0.9958847736625513,0.9940694226408515,26,8,2.243398199529186,1,2.243398199529186,False,False,False,True,0,323,20,0.4,0.3,0.3,balanced
1781497336457.094,0.4,0.3,0.3,643.8995290423862,673.4444444444445,0.12877990580847726,148.31275720164606,182.5925925925926,0.00922700181465284,1.0000000000000002,1.0,1.0,25,8,2.2457199371322134,1,2.2457199371322134,False,False,False,True,0,324,20,0.4,0.3,0.3,balanced
1781497339283.677,0.4,0.3,0.3,652.7519623233909,685.3333333333334,0.13055039246467817,171.2804685026907,204.67236467236467,0.010759204036203516,1.0000000000000002,1.0,1.0,23,8,2.244552081803268,1,2.244552081803268,False,False,False,True,0,325,20,0.4,0.3,0.3,balanced
1781497342106.8179,0.4,0.3,0.3,643.912087912088,673.8888888888889,0.12878241758241762,181.3216207660652,221.07312440645777,0.011429060758243174,1.0000000000000002,1.0,1.0,25,8,2.24505831473956,0,2.24505831473956,False,False,False,True,0,326,20,0.4,0.3,0.3,balanced
1781497344931.953,0.4,0.3,0.3,652.6781789638933,685.1111111111111,0.13053563579277866,175.55159860715418,220.9591642924976,0.011044135997808818,1.0000000000000002,1.0,1.0,23,8,2.2444725048835457,1,2.2444725048835457,False,False,False,True,0,327,20,0.4,0.3,0.3,balanced
1781497347853.061,0.4,0.3,0.3,658.1899529042387,692.6666666666666,0.13163799058084774,3610.7361054583275,3696.516528738751,0.24020921317267027,0.995697424268853,0.9958847736625513,0.995697424268853,22,8,2.1739912670965156,1,2.1739912670965156,False,False,False,True,0,328,20,0.4,0.3,0.3,balanced
1781497350775.027,0.4,0.3,0.3,655.3516483516484,688.2222222222222,0.13107032967032967,224.82657260435042,261.4932392710171,0.014331325724106099,1.0000000000000002,1.0,1.0,23,8,2.2432724704146363,0,2.2432724704146363,False,False,False,True,0,329,20,0.4,0.3,0.3,balanced
1781497353695.988,0.4,0.3,0.3,658.8995290423862,693.5555555555555,0.13177990580847726,132.93240284619594,161.26573617952926,0.00820096083029993,1.0000000000000002,1.0,1.0,22,8,2.244827749427519,1,2.244827749427519,False,False,False,True,0,330,20,0.4,0.3,0.3,balanced
1781497356615.272,0.4,0.3,0.3,658.8021978021978,693.5555555555555,0.13176043956043956,175.51146384479716,203.76249265138156,0.01104145856202783,1.0000000000000002,1.0,1.0,22,8,2.2439833866072156,2,2.2439833866072156,False,False,False,True,0,331,20,0.4,0.3,0.3,balanced
1781497359532.4458,0.4,0.3,0.3,669.1145996860283,707.3333333333334,0.13382291993720566,143.94417311083976,181.66022249355584,0.008935568586446948,0.9958718530147104,0.9958847736625513,0.9958718530147104,20,8,2.2425517173535967,1,2.2425517173535967,False,False,False,True,0,332,20,0.4,0.3,0.3,balanced
1781497362548.141,0.4,0.3,0.3,677.6420722135009,717.1111111111111,0.1355284144427002,141.82197591680347,171.95539135194306,0.00879399439071404,0.9944784279759651,0.9961685823754789,0.9944784279759651,19,8,2.241493964298495,1,2.241493964298495,False,False,False,True,0,333,20,0.4,0.3,0.3,balanced
1781497365572.289,0.4,0.3,0.3,690.6954474097332,736.0,0.13813908948194664,119.2113236557681,144.94324605435716,0.007285611985041234,1.0000000000000002,1.0,1.0,17,8,2.242558680611709,1,2.242558680611709,False,False,False,True,0,334,20,0.4,0.3,0.3,balanced
1781497372267.283,0.4,0.3,0.3,703.8932496075354,751.4444444444445,0.14077864992150707,88.25984714873604,108.1305114638448,0.005220803679035093,1.0000000000000002,1.0,1.0,16,8,2.2421222989276868,1,2.2421222989276868,False,False,False,True,0,335,20,0.4,0.3,0.3,balanced
1781497375286.948,0.4,0.3,0.3,694.9968602825745,739.4444444444445,0.1389993720565149,98.34356487134264,117.81440781440782,0.00589349999141712,0.9899412756555617,0.9917695473251028,0.9899412756555617,17,8,2.2396145838766373,0,2.2396145838766373,False,False,False,True,0,336,20,0.4,0.3,0.3,balanced
1781497414418.308,0.4,0.3,0.3,702.0910518053377,748.8888888888889,0.14041821036106752,216.27718988830097,274.65755437977657,0.013760986650320278,1.0000000000000002,1.0,1.0,16,8,2.2397044198604767,1,2.2397044198604767,False,False,False,True,1,337,20,0.4,0.3,0.3,balanced
1781497417542.301,0.4,0.3,0.3,724.2009419152278,777.6666666666666,0.14484018838304555,117.71130104463435,141.98797087685978,0.007185543765485947,0.9958718530147105,0.9958847736625513,0.9958718530147105,14,8,2.238669817421549,1,2.238669817421549,False,False,False,True,0,338,20,0.4,0.3,0.3,balanced
1781497420762.5278,0.4,0.3,0.3,738.4772370486656,796.4444444444445,0.14769544740973312,197.5324469768914,243.78917378917382,0.01251050346743772,1.0000000000000002,1.0,1.0,13,8,2.2371686699958753,1,2.2371686699958753,False,False,False,True,0,339,20,0.4,0.3,0.3,balanced
1781497424475.769,0.4,0.3,0.3,834.0728667305847,828.5555555555555,0.16681457334611693,9106.046358699206,9084.158035677501,0.60680762899928,0.9748554108805244,0.978494623655914,0.9748554108805244,11,8,2.0436885052259264,1,2.0436885052259264,False,False,False,True,0,340,20,0.4,0.3,0.3,balanced
1781497427891.303,0.4,0.3,0.3,799.883830455259,874.3333333333334,0.1599767660910518,67.22736625514403,87.44121105232217,0.0038177028856000023,1.0000000000000002,1.0,1.0,10,8,2.2348639826978993,1,2.2348639826978993,False,False,False,True,0,341,20,0.4,0.3,0.3,balanced
1781497431309.21,0.4,0.3,0.3,773.50863422292,842.1111111111111,0.154701726844584,112.77742301688662,152.14214762107483,0.006856399133881696,0.9861516034985426,0.988095238095238,0.9861516034985426,11,8,2.2319078705715647,0,2.2319078705715647,False,False,False,True,0,342,20,0.4,0.3,0.3,balanced
1781497434527.377,0.4,0.3,0.3,739.1946624803768,797.4444444444445,0.14783893249607535,104.67078189300412,124.07995296884185,0.006315595856771455,1.0000000000000002,1.0,1.0,13,8,2.2389697482445383,0,2.2389697482445383,False,False,False,True,0,343,20,0.4,0.3,0.3,balanced
1781497441232.78,0.4,0.3,0.3,723.8602825745685,778.2222222222222,0.1447720565149137,119.5235834124723,140.34188034188034,0.00730644318962457,1.0000000000000002,1.0,1.0,14,8,2.2398992444371473,0,2.2398992444371473,False,False,False,True,0,344,20,0.4,0.3,0.3,balanced
1781497444355.9958,0.4,0.3,0.3,702.221350078493,749.6666666666666,0.1404442700156986,126.52777777777777,156.9047619047619,0.007773700985842413,1.0000000000000002,1.0,1.0,16,8,2.241490181697968,0,2.241490181697968,False,False,False,True,0,345,20,0.4,0.3,0.3,balanced
1781497447469.7239,0.4,0.3,0.3,725.298273155416,779.4444444444445,0.1450596546310832,132.89332067109845,168.05001582779357,0.008198353613815774,1.0000000000000002,1.0,1.0,14,8,2.239516632063422,1,2.239516632063422,False,False,False,True,0,346,20,0.4,0.3,0.3,balanced
1781497450589.302,0.4,0.3,0.3,701.9152276295134,749.1111111111111,0.1403830455259027,115.79952968841856,143.1599059376837,0.00705800731743953,1.0000000000000002,1.0,1.0,16,8,2.241729379594407,0,2.241729379594407,False,False,False,True,0,347,20,0.4,0.3,0.3,balanced
1781497453812.284,0.4,0.3,0.3,724.6954474097332,778.4444444444445,0.14493908948194664,170.99206349206347,215.79365079365076,0.010739964208943527,1.0000000000000002,1.0,1.0,14,8,2.2388023749445383,1,2.2388023749445383,False,False,False,True,0,348,20,0.4,0.3,0.3,balanced
1781497456928.3591,0.4,0.3,0.3,725.8194662480378,779.1111111111111,0.14516389324960755,106.28996517885408,130.5238999683444,0.006423613420870852,1.0000000000000002,1.0,1.0,14,8,2.2400073586738958,2,2.2400073586738958,False,False,False,True,0,349,20,0.4,0.3,0.3,balanced
1781497459947.705,0.4,0.3,0.3,700.6875981161696,748.3333333333334,0.14013751962323392,115.54368471035137,143.6672997784109,0.007040939607094821,1.0000000000000002,1.0,1.0,16,8,2.2418327102685778,0,2.2418327102685778,False,False,False,True,0,350,20,0.4,0.3,0.3,balanced
1781497462961.575,0.4,0.3,0.3,692.4929356357928,737.2222222222222,0.13849858712715857,131.17996201329535,171.4039252928142,0.008084053503221838,1.0000000000000002,1.0,1.0,17,8,2.24217534909817,0,2.24217534909817,False,False,False,True,0,351,20,0.4,0.3,0.3,balanced
1781497465985.993,0.4,0.3,0.3,676.0094191522763,716.6666666666666,0.13520188383045526,124.21737213403878,161.7283950617284,0.007619571189729071,1.0000000000000002,1.0,1.0,19,8,2.243633375110899,0,2.243633375110899,False,False,False,True,0,352,20,0.4,0.3,0.3,balanced
1781497469099.728,0.4,0.3,0.3,581.8273155416013,620.3333333333334,0.11636546310832024,114.41338112305851,150.2329749103943,0.006965535765380821,0.8885400313971745,0.8888888888888888,0.8885400313971745,20,8,2.21792616344621,0,2.21792616344621,False,False,False,True,0,353,20,0.4,0.3,0.3,balanced
1781497472026.126,0.4,0.3,0.3,658.1036106750392,693.1111111111111,0.13162072213500786,122.86008230452676,144.56937095825984,0.0075290248368596905,1.0000000000000002,1.0,1.0,22,8,2.245093003694939,0,2.245093003694939,False,False,False,True,0,354,20,0.4,0.3,0.3,balanced
1781497478730.258,0.4,0.3,0.3,669.486656200942,706.4444444444445,0.1338973312401884,216.0819656668553,331.5581965666856,0.013747963019803555,0.9096875474755661,0.9377538829151733,0.9096875474755661,20,8,2.2152229428406534,1,2.2152229428406534,False,False,False,True,0,355,20,0.4,0.3,0.3,balanced
1781497481548.374,0.4,0.3,0.3,656.4599686028258,690.8888888888889,0.13129199372056516,156.57328268439377,183.33966445077556,0.009778070892888176,1.0000000000000002,1.0,1.0,22,8,2.2445497812439075,0,2.2445497812439075,False,False,False,True,0,356,20,0.4,0.3,0.3,balanced
1781497484869.2231,0.4,0.3,0.3,484.11930926216644,543.6666666666666,0.09682386185243329,98.72574955908289,111.21693121693121,0.005918995967917471,0.7284144427001571,0.7777777777777778,0.7284144427001571,23,8,2.1780190892786986,0,2.1780190892786986,False,False,False,True,0,357,20,0.4,0.3,0.3,balanced
1781497487685.7842,0.4,0.3,0.3,645.0643642072214,675.7777777777778,0.12901287284144428,152.36331569664904,190.49088771310994,0.00949721919257165,1.0000000000000002,1.0,1.0,25,8,2.245545685105651,0,2.245545685105651,False,False,False,True,0,358,20,0.4,0.3,0.3,balanced
1781497490503.564,0.4,0.3,0.3,645.2197802197803,676.0,0.12904395604395608,143.2304526748971,184.40329218106996,0.008887955481981126,1.0000000000000002,1.0,1.0,25,8,2.2457160309378232,2,2.2457160309378232,False,False,False,True,0,359,20,0.4,0.3,0.3,balanced
1781497493427.552,0.4,0.3,0.3,650.8131868131869,683.7777777777778,0.1301626373626374,173.33462567657972,218.3468649273247,0.01089623920457503,1.0000000000000002,1.0,1.0,23,8,2.2446660732935726,1,2.2446660732935726,False,False,False,True,0,360,20,0.4,0.3,0.3,balanced
1781497496348.797,0.4,0.3,0.3,659.1648351648353,693.2222222222222,0.13183296703296704,168.52954144620807,202.9320987654321,0.010575686554116616,1.0000000000000002,1.0,1.0,22,8,2.2440941072205782,1,2.2440941072205782,False,False,False,True,0,361,20,0.4,0.3,0.3,balanced
1781497499270.172,0.4,0.3,0.3,653.0816326530612,686.1111111111111,0.13061632653061225,149.01308054085828,185.21751910640802,0.009273721183512895,1.0000000000000002,1.0,1.0,23,8,2.2449713530327013,0,2.2449713530327013,False,False,False,True,0,362,20,0.4,0.3,0.3,balanced
1781497502089.165,0.4,0.3,0.3,644.4097331240189,675.3333333333334,0.1288819466248038,164.44761000316558,201.03197214308327,0.010303376251045068,1.0000000000000002,1.0,1.0,25,8,2.245356208474765,0,2.245356208474765,False,False,False,True,0,363,20,0.4,0.3,0.3,balanced
1781497505014.2441,0.4,0.3,0.3,651.2307692307694,684.4444444444445,0.13024615384615387,161.04953475643129,189.12287903667212,0.010076686774945382,1.0000000000000002,1.0,1.0,23,8,2.244878532429055,1,2.244878532429055,False,False,False,True,0,364,20,0.4,0.3,0.3,balanced
1781497507837.741,0.4,0.3,0.3,642.5102040816328,673.2222222222222,0.12850204081632655,164.67225161669603,197.11493239271016,0.010318362349345966,1.0000000000000002,1.0,1.0,25,8,2.2455036749686657,0,2.2455036749686657,False,False,False,True,0,365,20,0.4,0.3,0.3,balanced
1781497514641.973,0.4,0.3,0.3,517.1004709576139,507.44444444444446,0.10342009419152277,104.8447971781305,135.94179894179894,0.006327204614952002,0.8304552590266877,0.7777777777777778,0.8304552590266877,26,8,2.2058703786469116,0,2.2058703786469116,False,False,False,True,0,366,20,0.4,0.3,0.3,balanced
1781497517454.0242,0.4,0.3,0.3,634.0816326530613,661.3333333333334,0.12681632653061226,161.91431510875955,199.1166960611405,0.010134377258756475,1.0000000000000002,1.0,1.0,28,8,2.246233156210128,0,2.246233156210128,False,False,False,True,0,367,20,0.4,0.3,0.3,balanced
1781497520278.1528,0.4,0.3,0.3,631.519623233909,657.5555555555555,0.1263039246467818,177.90161466885604,211.4928845101259,0.011200908250090463,1.0000000000000002,1.0,1.0,29,8,2.24611815766626,0,2.24611815766626,False,False,False,True,0,368,20,0.4,0.3,0.3,balanced
1781497523002.301,0.4,0.3,0.3,622.6624803767661,646.8888888888889,0.12453249607535322,195.8641975308642,227.6954732510288,0.01239921264382016,1.0000000000000002,1.0,1.0,32,8,2.2464672377767125,0,2.2464672377767125,False,False,False,True,0,369,20,0.4,0.3,0.3,balanced
1781497525717.0889,0.4,0.3,0.3,618.9748822605966,641.0,0.12379497645211932,214.11522633744855,245.761316872428,0.013616759595560277,1.0000000000000002,1.0,1.0,34,8,2.2463969815404843,0,2.2463969815404843,False,False,False,True,0,370,20,0.4,0.3,0.3,balanced
1781497528438.106,0.4,0.3,0.3,622.9356357927787,646.3333333333334,0.12458712715855574,197.6954732510288,242.5925925925926,0.012521379136159359,1.0000000000000002,1.0,1.0,32,8,2.24640873539573,1,2.24640873539573,False,False,False,True,0,371,20,0.4,0.3,0.3,balanced
1781497531159.365,0.4,0.3,0.3,620.8979591836736,645.5555555555555,0.12417959183673472,244.25925925925927,287.1604938271605,0.01562770241889655,1.0000000000000002,1.0,1.0,32,8,2.2456398525396373,2,2.2456398525396373,False,False,False,True,0,372,20,0.4,0.3,0.3,balanced
1781497533873.2122,0.4,0.3,0.3,617.1962323390895,639.4444444444445,0.12343924646781791,283.86904761904765,335.12198706643153,0.018270116585660284,1.0000000000000002,1.0,1.0,34,8,2.2451432664371747,0,2.2451432664371747,False,False,False,True,0,373,20,0.4,0.3,0.3,balanced
1781497536795.9138,0.4,0.3,0.3,575.010989010989,561.0,0.1150021978021978,219.00369623655914,277.5918458781362,0.013942874999103344,0.9419152276295135,0.8888888888888888,0.9419152276295135,35,8,2.2323908266682437,0,2.2323908266682437,False,False,False,True,0,374,20,0.4,0.3,0.3,balanced
1781497539519.291,0.4,0.3,0.3,610.2778649921507,631.1111111111111,0.12205557299843015,226.03101116990004,272.92328042328046,0.014411675194789862,1.0000000000000002,1.0,1.0,37,8,2.246854268242191,0,2.246854268242191,False,False,False,True,0,375,20,0.4,0.3,0.3,balanced
1781497542231.99,0.4,0.3,0.3,609.0266875981163,629.6666666666666,0.12180533751962325,267.01058201058197,325.38359788359793,0.01714546911344776,0.9960192868356137,0.9960317460317462,0.9960192868356137,38,8,2.2449400103088006,0,2.2449400103088006,False,False,False,True,0,376,20,0.4,0.3,0.3,balanced
1781497544956.517,0.4,0.3,0.3,606.0612244897959,624.7777777777778,0.12121224489795918,278.9839901477833,342.1688560481664,0.0179442288290716,1.0000000000000002,1.0,1.0,40,8,2.246131833392095,0,2.246131833392095,False,False,False,True,0,377,20,0.4,0.3,0.3,balanced
1781497551259.045,0.4,0.3,0.3,602.7990580847725,621.7777777777778,0.12055981161695449,296.6290366721401,341.8582375478927,0.019121350011483663,1.0000000000000002,1.0,1.0,41,8,2.246039670349773,0,2.246039670349773,False,False,False,True,0,378,20,0.4,0.3,0.3,balanced
1781497553875.667,0.4,0.3,0.3,601.1255886970173,618.2222222222222,0.12022511773940346,317.53007280785056,367.52453308008864,0.020515681975173485,1.0000000000000002,1.0,1.0,43,8,2.2457552483116867,0,2.2457552483116867,False,False,False,True,0,379,20,0.4,0.3,0.3,balanced
1781497556593.566,0.4,0.3,0.3,599.9717425431711,617.6666666666666,0.11999434850863422,297.218573253056,357.245028279511,0.01916067866931661,0.9941690962099128,0.9960317460317462,0.9941690962099128,44,8,2.2445047858587253,0,2.2445047858587253,False,False,False,True,0,380,20,0.4,0.3,0.3,balanced
1781497559206.31,0.4,0.3,0.3,597.8288854003141,614.4444444444445,0.11956577708006282,336.9341563786008,379.0946502057613,0.021810150525590447,1.0000000000000002,1.0,1.0,46,8,2.2456306440102978,0,2.2456306440102978,False,False,False,True,0,381,20,0.4,0.3,0.3,balanced
1781497561828.292,0.4,0.3,0.3,597.1036106750394,614.2222222222222,0.11942072213500787,324.6759259259259,367.02674897119346,0.02099238998838732,1.0000000000000002,1.0,1.0,47,8,2.2459339941494805,0,2.2459339941494805,False,False,False,True,0,382,20,0.4,0.3,0.3,balanced
1781497564450.24,0.4,0.3,0.3,594.4379905808478,610.6666666666666,0.11888759811616956,330.00734861845973,359.9368018812463,0.021348055278082704,1.0000000000000002,1.0,1.0,49,8,2.2460405441701075,0,2.2460405441701075,False,False,False,True,0,383,20,0.4,0.3,0.3,balanced
1781497567074.4,0.4,0.3,0.3,593.1711145996861,608.2222222222222,0.11863422291993722,310.70620223398004,355.3145208700764,0.020060453784788528,1.0000000000000002,1.0,1.0,50,8,2.2465281746965884,0,2.2465281746965884,False,False,False,True,0,384,20,0.4,0.3,0.3,balanced
1781497569694.1409,0.4,0.3,0.3,594.7409733124019,610.6666666666666,0.11894819466248038,346.10008818342146,383.4376837154615,0.022421620292423047,1.0000000000000002,1.0,1.0,49,8,2.2456942360472807,1,2.2456942360472807,False,False,False,True,0,385,20,0.4,0.3,0.3,balanced
1781497572418.05,0.4,0.3,0.3,596.8948194662481,613.3333333333334,0.11937896389324962,4111.442255062944,4093.851943076081,0.27361189159859534,0.9904725816055866,0.9923371647509579,0.9904725816055866,47,8,2.1673066214447974,1,2.1673066214447974,False,False,False,True,0,386,20,0.4,0.3,0.3,balanced
1781497575040.523,0.4,0.3,0.3,595.0989010989011,610.1111111111111,0.11901978021978023,329.50984714873596,409.1005291005291,0.021314866387507403,1.0000000000000002,1.0,1.0,49,8,2.245997627995836,0,2.245997627995836,False,False,False,True,0,387,20,0.4,0.3,0.3,balanced
1781497577665.144,0.4,0.3,0.3,593.2574568288854,608.4444444444445,0.11865149136577709,348.42960023515576,425.2910052910053,0.02257702469880959,1.0000000000000002,1.0,1.0,50,8,2.2457662960440463,0,2.2457662960440463,False,False,False,True,0,388,20,0.4,0.3,0.3,balanced
1781497580286.357,0.4,0.3,0.3,593.5918367346939,608.1111111111111,0.11871836734693877,359.07995296884184,431.33450911228687,0.02328752187917557,1.0000000000000002,1.0,1.0,52,8,2.2455263964974717,0,2.2455263964974717,False,False,False,True,0,389,20,0.4,0.3,0.3,balanced
1781497586697.769,0.4,0.3,0.3,592.828885400314,607.6666666666666,0.1185657770800628,648.200924859191,787.7064132104455,0.04257511173176724,0.8200739352813088,0.8566308243727598,0.8200739352813088,53,8,2.185823336232837,0,2.185823336232837,False,False,False,True,0,390,20,0.4,0.3,0.3,balanced
1781497589310.66,0.4,0.3,0.3,590.3579277864994,604.3333333333334,0.11807158555729988,379.7067901234568,452.6763668430335,0.024663561716041147,1.0000000000000002,1.0,1.0,55,8,2.245372297262268,0,2.245372297262268,False,False,False,True,0,391,20,0.4,0.3,0.3,balanced
1781497591935.4219,0.4,0.3,0.3,587.1302982731554,601.0,0.11742605965463108,381.8849206349206,457.0238095238096,0.024808867287186166,1.0000000000000002,1.0,1.0,56,8,2.245586915951992,0,2.245586915951992,False,False,False,True,0,392,20,0.4,0.3,0.3,balanced
1781497594557.385,0.4,0.3,0.3,590.7284144427002,604.7777777777778,0.11814568288854005,445.56178718400935,513.3942974720753,0.029056823694730442,0.9938413235116534,0.9957264957264957,0.9938413235116534,56,8,2.2421770767896607,2,2.2421770767896607,False,False,False,True,0,393,20,0.4,0.3,0.3,balanced
1781497597174.875,0.4,0.3,0.3,586.8335949764522,600.1111111111111,0.11736671899529044,357.4463550852439,405.92151675485013,0.023178542700816804,1.0000000000000002,1.0,1.0,58,8,2.2460997495916386,0,2.2460997495916386,False,False,False,True,0,394,20,0.4,0.3,0.3,balanced
1781497599894.839,0.4,0.3,0.3,587.14442700157,600.5555555555555,0.11742888540031399,445.1509856630824,580.1908602150538,0.029029418656643255,0.8802721088435377,0.9185185185185184,0.8802721088435377,59,8,2.2084012528959427,0,2.2084012528959427,False,False,False,True,0,395,20,0.4,0.3,0.3,balanced
1781497602519.353,0.4,0.3,0.3,585.4411302982733,598.3333333333334,0.11708822605965466,434.07051282051276,500.95848595848594,0.028290227673149617,1.0000000000000002,1.0,1.0,61,8,2.244677641274193,0,2.244677641274193,False,False,False,True,0,396,20,0.4,0.3,0.3,balanced
1781497605140.295,0.4,0.3,0.3,586.7001569858713,600.3333333333334,0.11734003139717426,405.48427395649617,467.3045267489712,0.026383207068478732,1.0000000000000002,1.0,1.0,59,8,2.2451490253205866,1,2.2451490253205866,False,False,False,True,0,397,20,0.4,0.3,0.3,balanced
1781497607767.0332,0.4,0.3,0.3,583.1962323390895,596.1111111111111,0.11663924646781791,418.85194307608094,474.03119868637106,0.027274979524755234,1.0000000000000002,1.0,1.0,61,8,2.245161807555446,0,2.245161807555446,False,False,False,True,0,398,20,0.4,0.3,0.3,balanced
1781497610391.8418,0.4,0.3,0.3,579.4678178963894,592.3333333333334,0.11589356357927788,572.3050082101806,651.4969896004378,0.037512008553047406,1.0000000000000002,1.0,1.0,64,8,2.2423889720023746,0,2.2423889720023746,False,False,False,True,0,399,20,0.4,0.3,0.3,balanced
1781497613015.207,0.4,0.3,0.3,582.2119309262167,594.5555555555555,0.11644238618524334,633.8512588943622,698.2252326217844,0.0416178291457213,1.0000000000000002,1.0,1.0,65,8,2.2409376967821864,0,2.2409376967821864,False,False,False,True,0,400,20,0.4,0.3,0.3,balanced
1781497615640.397,0.4,0.3,0.3,580.2354788069075,591.8888888888889,0.1160470957613815,562.2406951286262,620.3940886699507,0.03684060674640601,1.0000000000000002,1.0,1.0,67,8,2.2425289796715258,0,2.2425289796715258,False,False,False,True,0,401,20,0.4,0.3,0.3,balanced
1781497621856.149,0.4,0.3,0.3,580.3861852433281,593.1111111111111,0.11607723704866563,489.2857142857142,536.0714285714286,0.03197369675021442,1.0000000000000002,1.0,1.0,65,8,2.243976996155469,1,2.243976996155469,False,False,False,True,0,402,20,0.4,0.3,0.3,balanced
1781497624477.53,0.4,0.3,0.3,580.8477237048667,591.7777777777778,0.11616954474097334,586.2999452654624,664.005199781062,0.038445626768876744,1.0000000000000002,1.0,1.0,67,8,2.2419984940729476,0,2.2419984940729476,False,False,False,True,0,403,20,0.4,0.3,0.3,balanced
1781497627095.8591,0.4,0.3,0.3,580.2213500784931,591.7777777777778,0.11604427001569861,479.55021387013727,548.0809969794644,0.031324230411616895,0.9944784279759651,0.9961685823754789,0.9944784279759651,65,8,2.242528551263025,1,2.242528551263025,False,False,False,True,0,404,20,0.4,0.3,0.3,balanced
1781497629718.466,0.4,0.3,0.3,578.962323390895,590.5555555555555,0.115792464678179,546.1179529282978,632.840722495895,0.03576504022203454,1.0000000000000002,1.0,1.0,67,8,2.242953502062118,0,2.242953502062118,False,False,False,True,0,405,20,0.4,0.3,0.3,balanced
1781497632242.227,0.4,0.3,0.3,578.2967032967034,589.7777777777778,0.11565934065934068,653.4789490345046,730.5872111427667,0.042927214745463946,1.0000000000000002,1.0,1.0,68,8,2.2408580993126246,0,2.2408580993126246,False,False,False,True,0,406,20,0.4,0.3,0.3,balanced
1781497634865.19,0.4,0.3,0.3,580.4819466248039,592.4444444444445,0.11609638932496077,558.7110016420361,667.2427476737822,0.03660513686738066,1.0000000000000002,1.0,1.0,67,8,2.2425799032098013,1,2.2425799032098013,False,False,False,True,0,407,20,0.4,0.3,0.3,balanced
1781497637687.5789,0.4,0.3,0.3,545.3422291993721,523.8888888888889,0.10906844583987442,388.9756944444444,490.2083333333333,0.02528190089689422,0.9419152276295135,0.8888888888888888,0.9419152276295135,67,8,2.231362619683836,2,2.231362619683836,False,False,False,True,0,408,20,0.4,0.3,0.3,balanced
1781497640312.446,0.4,0.3,0.3,581.5070643642073,592.4444444444445,0.11630141287284146,476.35810071154896,570.4501915708813,0.031111280901370844,1.0000000000000002,1.0,1.0,67,8,2.244146050580452,2,2.244146050580452,False,False,False,True,0,409,20,0.4,0.3,0.3,balanced
1781497642937.727,0.4,0.3,0.3,580.729984301413,592.4444444444445,0.1161459968602826,520.5925013683634,626.3464696223316,0.03406220823004426,1.0000000000000002,1.0,1.0,67,8,2.2433229387868736,2,2.2433229387868736,False,False,False,True,0,410,20,0.4,0.3,0.3,balanced
1781497645565.259,0.4,0.3,0.3,582.2621664050237,594.7777777777778,0.11645243328100473,455.0198412698412,520.952380952381,0.029687781272170862,1.0000000000000002,1.0,1.0,65,8,2.244512692305947,1,2.244512692305947,False,False,False,True,0,411,20,0.4,0.3,0.3,balanced
1781497648177.437,0.4,0.3,0.3,580.9529042386185,593.0,0.11619058084772371,489.3143738977072,582.826278659612,0.03197560866562423,1.0000000000000002,1.0,1.0,64,8,2.2439310850612233,1,2.2439310850612233,False,False,False,True,0,412,20,0.4,0.3,0.3,balanced
1781497650801.5562,0.4,0.3,0.3,583.3092621664051,595.5555555555555,0.11666185243328102,387.6279419813903,439.5032840722496,0.025191990792621098,1.0000000000000002,1.0,1.0,61,8,2.2457776617889014,1,2.2457776617889014,False,False,False,True,0,413,20,0.4,0.3,0.3,balanced
1781497656996.137,0.4,0.3,0.3,585.5871271585557,599.7777777777778,0.11711742543171115,372.60067607289824,412.6469723691946,0.024189504741354118,1.0000000000000002,1.0,1.0,59,8,2.245896178404909,1,2.245896178404909,False,False,False,True,0,414,20,0.4,0.3,0.3,balanced
1781497659621.085,0.4,0.3,0.3,585.9042386185245,599.2222222222222,0.11718084772370489,413.8646384479718,493.1716637272193,0.026942270743693916,1.0000000000000002,1.0,1.0,58,8,2.24504497968741,1,2.24504497968741,False,False,False,True,0,415,20,0.4,0.3,0.3,balanced
1781497662245.108,0.4,0.3,0.3,588.6028257456829,602.0,0.11772056514913659,393.47527472527474,476.26984126984127,0.025582073030371896,0.9900887094764648,0.9919165196942975,0.9900887094764648,56,8,2.2422637648741732,1,2.2422637648741732,False,False,False,True,0,416,20,0.4,0.3,0.3,balanced
1781497665070.659,0.4,0.3,0.3,590.1114599686028,603.1111111111111,0.11802229199372057,531.5400985663082,748.2605286738351,0.03479253492770568,0.8619606993991233,0.9042145593869731,0.8619606993991233,55,8,2.200941532543937,1,2.200941532543937,False,False,False,True,0,417,20,0.4,0.3,0.3,balanced
1781497667694.091,0.4,0.3,0.3,591.1302982731555,605.7777777777778,0.11822605965463111,371.2786596119929,454.47677836566726,0.024101311515142956,1.0000000000000002,1.0,1.0,53,8,2.2454791826836047,1,2.2454791826836047,False,False,False,True,0,418,20,0.4,0.3,0.3,balanced
1781497670510.129,0.4,0.3,0.3,502.4207221350079,542.6666666666666,0.10048414442700158,326.7971550179211,349.33803763440864,0.021133899600928693,0.839874411302983,0.8888888888888888,0.839874411302983,55,8,2.205428495739816,0,2.205428495739816,False,False,False,True,0,419,20,0.4,0.3,0.3,balanced
1781497673122.525,0.4,0.3,0.3,590.5541601255887,604.7777777777778,0.11811083202511775,375.0867136978248,451.5961199294532,0.02435535114728651,1.0000000000000002,1.0,1.0,53,8,2.245449061845767,1,2.245449061845767,False,False,False,True,0,420,20,0.4,0.3,0.3,balanced
1781497676147.044,0.4,0.3,0.3,434.51962323390904,476.1111111111111,0.0869039246467818,276.3628747795414,301.93738977072303,0.01776937123279129,0.7284144427001572,0.7777777777777778,0.7284144427001572,52,8,2.178431951581497,1,2.178431951581497,False,False,False,True,0,421,20,0.4,0.3,0.3,balanced
1781497678766.512,0.4,0.3,0.3,589.4285714285714,604.3333333333334,0.11788571428571429,387.1862139917695,453.47883597883595,0.02516252261452765,1.0000000000000002,1.0,1.0,53,8,2.245296957501356,0,2.245296957501356,False,False,False,True,0,422,20,0.4,0.3,0.3,balanced
1781497681388.252,0.4,0.3,0.3,592.6718995290424,607.6666666666666,0.11853437990580849,361.3286302175191,428.533215755438,0.02343753370363703,1.0000000000000002,1.0,1.0,52,8,2.2455549879265853,1,2.2455549879265853,False,False,False,True,0,423,20,0.4,0.3,0.3,balanced
1781497684012.7659,0.4,0.3,0.3,593.6153846153848,608.6666666666666,0.11872307692307695,371.8680188124633,476.45649617871845,0.024140628339724034,1.0000000000000002,1.0,1.0,50,8,2.245268580728852,1,2.245268580728852,False,False,False,True,0,424,20,0.4,0.3,0.3,balanced
1781497686638.0378,0.4,0.3,0.3,592.8021978021977,608.1111111111111,0.11856043956043955,392.3699294532627,489.1211052322164,0.025508334186341745,1.0000000000000002,1.0,1.0,52,8,2.2449233239199216,0,2.2449233239199216,False,False,False,True,0,425,20,0.4,0.3,0.3,balanced
1781497692833.817,0.4,0.3,0.3,594.8430141287283,609.8888888888889,0.11896860282574566,335.95311581422686,421.28894767783663,0.02174470419040873,1.0000000000000002,1.0,1.0,50,8,2.245889147612579,1,2.245889147612579,False,False,False,True,0,426,20,0.4,0.3,0.3,balanced
1781497695456.875,0.4,0.3,0.3,592.912087912088,609.0,0.11858241758241761,329.2012051734274,400.2410346854792,0.021294276529247994,1.0000000000000002,1.0,1.0,49,8,2.2461787500082586,1,2.2461787500082586,False,False,False,True,0,427,20,0.4,0.3,0.3,balanced
1781497698070.0,0.4,0.3,0.3,597.4191522762951,613.6666666666666,0.11948383045525902,331.2345679012345,400.04115226337444,0.0214299244763999,1.0000000000000002,1.0,1.0,47,8,2.2457774904749765,1,2.2457774904749765,False,False,False,True,0,428,20,0.4,0.3,0.3,balanced
1781497700692.163,0.4,0.3,0.3,594.934065934066,611.7777777777778,0.1189868131868132,318.10467824356715,391.595328539773,0.020554014559277328,0.9857861337453175,0.9878012933568487,0.9857861337453175,49,8,2.241974910481087,0,2.241974910481087,False,False,False,True,0,429,20,0.4,0.3,0.3,balanced
1781497703305.462,0.4,0.3,0.3,597.2354788069075,613.6666666666666,0.1194470957613815,357.05761316872423,420.57613168724276,0.023152609284104352,1.0000000000000002,1.0,1.0,47,8,2.245275378910216,1,2.245275378910216,False,False,False,True,0,430,20,0.4,0.3,0.3,balanced
1781497706128.28,0.4,0.3,0.3,511.138147566719,554.4444444444445,0.1022276295133438,277.14516129032256,303.5806451612903,0.017821558458327055,0.839874411302983,0.8888888888888888,0.839874411302983,46,8,2.2057248040480593,1,2.2057248040480593,False,False,False,True,0,431,20,0.4,0.3,0.3,balanced
1781497708749.636,0.4,0.3,0.3,598.5667189952904,616.2222222222222,0.11971334379905808,372.4992086103197,438.86039886039885,0.024182735731175433,1.0000000000000002,1.0,1.0,44,8,2.244859841761024,1,2.244859841761024,False,False,False,True,0,432,20,0.4,0.3,0.3,balanced
1781497711372.478,0.4,0.3,0.3,601.2244897959184,618.8888888888889,0.12024489795918368,330.95045900601457,400.6473567584678,0.02141097124789957,1.0000000000000002,1.0,1.0,43,8,2.245478749441957,1,2.245478749441957,False,False,False,True,0,433,20,0.4,0.3,0.3,balanced
1781497714095.1208,0.4,0.3,0.3,605.5902668759812,624.3333333333334,0.12111805337519625,256.3163656267105,315.5295566502463,0.016432045738939992,1.0000000000000002,1.0,1.0,41,8,2.2466231649282395,1,2.2466231649282395,False,False,False,True,0,434,20,0.4,0.3,0.3,balanced
1781497716710.115,0.4,0.3,0.3,603.8383045525903,621.3333333333334,0.12076766091051806,277.76511554289334,337.14783159227613,0.01786291631373538,1.0000000000000002,1.0,1.0,43,8,2.246334060741672,0,2.246334060741672,False,False,False,True,0,435,20,0.4,0.3,0.3,balanced
1781497719530.5369,0.4,0.3,0.3,531.8273155416013,550.2222222222222,0.10636546310832025,227.29868578255676,269.2927120669056,0.014496243214313326,0.8885400313971745,0.8888888888888888,0.8885400313971745,41,8,2.21966695121153,1,2.21966695121153,False,False,False,True,0,436,20,0.4,0.3,0.3,balanced
1781497722154.1072,0.4,0.3,0.3,607.2857142857144,626.6666666666666,0.12145714285714289,280.88556505223175,316.89300411522635,0.01807108506018891,1.0000000000000002,1.0,1.0,40,8,2.245995817339086,1,2.245995817339086,False,False,False,True,0,437,20,0.4,0.3,0.3,balanced
1781497728455.473,0.4,0.3,0.3,610.5698587127159,630.7777777777778,0.12211397174254318,254.76925338036446,282.47501469723693,0.016328836116101697,1.0000000000000002,1.0,1.0,38,8,2.246255760468152,1,2.246255760468152,False,False,False,True,0,438,20,0.4,0.3,0.3,balanced
1781497731174.773,0.4,0.3,0.3,612.2339089481947,632.8888888888889,0.12244678178963893,235.87301587301585,288.6052322163434,0.015068246555904993,1.0000000000000002,1.0,1.0,37,8,2.2465008133173727,1,2.2465008133173727,False,False,False,True,0,439,20,0.4,0.3,0.3,balanced
1781497733892.012,0.4,0.3,0.3,607.7974882260597,628.1111111111111,0.12155949764521194,277.59994121105234,305.2792475014697,0.017851897345633912,1.0000000000000002,1.0,1.0,38,8,2.246020631738225,0,2.246020631738225,False,False,False,True,0,440,20,0.4,0.3,0.3,balanced
1781497736613.342,0.4,0.3,0.3,611.4615384615386,632.2222222222222,0.12229230769230771,317.9049088771311,347.4882422104644,0.020540687716953377,1.0000000000000002,1.0,1.0,37,8,2.244920870607991,1,2.244920870607991,False,False,False,True,0,441,20,0.4,0.3,0.3,balanced
1781497739337.2231,0.4,0.3,0.3,614.8006279434852,636.4444444444445,0.12296012558869704,261.34112286890064,317.145796590241,0.016767253026611115,1.0000000000000002,1.0,1.0,35,8,2.2457857738565377,1,2.2457857738565377,False,False,False,True,0,442,20,0.4,0.3,0.3,balanced
1781497742055.9758,0.4,0.3,0.3,617.072213500785,639.5555555555555,0.123414442700157,396.8680753402976,518.1371817482927,0.025808410629773022,0.9958718530147104,0.9958847736625513,0.9958718530147104,34,8,2.2416532556354185,1,2.2416532556354185,False,False,False,True,0,443,20,0.4,0.3,0.3,balanced
1781497744778.42,0.4,0.3,0.3,621.558869701727,645.4444444444445,0.1243117739403454,238.9094650205761,280.16460905349794,0.015270811542400007,1.0000000000000002,1.0,1.0,32,8,2.245694046961142,1,2.245694046961142,False,False,False,True,0,444,20,0.4,0.3,0.3,balanced
1781497747802.31,0.4,0.3,0.3,543.6467817896389,596.0,0.10872935635792778,188.85864695340499,205.1321684587814,0.011931864373142427,0.8380592621664051,0.8854166666666666,0.8380592621664051,29,8,2.2043464767948078,1,2.2043464767948078,False,False,False,True,0,445,20,0.4,0.3,0.3,balanced
1781497750623.7568,0.4,0.3,0.3,632.2182103610677,659.2222222222222,0.12644364207221354,165.69370958259847,201.26984126984127,0.010386504975490225,1.0000000000000002,1.0,1.0,28,8,2.2463065916784677,1,2.2463065916784677,False,False,False,True,0,446,20,0.4,0.3,0.3,balanced
1781497753438.695,0.4,0.3,0.3,629.8916797488228,656.0,0.12597833594976454,205.05747126436782,255.6335522714833,0.013012506421905792,1.0000000000000002,1.0,1.0,29,8,2.2457049136935225,0,2.2457049136935225,False,False,False,True,0,447,20,0.4,0.3,0.3,balanced
1781497756462.669,0.4,0.3,0.3,545.7535321821036,600.1111111111111,0.10915070643642073,162.48263888888886,177.37567204301072,0.010172290786450223,0.839874411302983,0.8888888888888888,0.839874411302983,28,8,2.2052503535803916,1,2.2052503535803916,False,False,False,True,0,448,20,0.4,0.3,0.3,balanced
1781497759286.0278,0.4,0.3,0.3,639.7425431711147,669.2222222222222,0.12794850863422294,173.76543209876542,213.08641975308643,0.010924978792445991,1.0000000000000002,1.0,1.0,26,8,2.245543102908577,1,2.245543102908577,False,False,False,True,0,449,20,0.4,0.3,0.3,balanced
1781497765707.1062,0.4,0.3,0.3,643.861852433281,673.8888888888889,0.1287723704866562,170.30864197530866,199.05349794238683,0.010694372379940538,1.0000000000000002,1.0,1.0,25,8,2.2452827400913553,1,2.2452827400913553,False,False,False,True,0,450,20,0.4,0.3,0.3,balanced
1781497768529.708,0.4,0.3,0.3,652.3328100470958,684.8888888888889,0.13046656200941917,171.89300411522632,215.09180120291234,0.010800066985672202,1.0000000000000002,1.0,1.0,23,8,2.2445733551005307,1,2.2445733551005307,False,False,False,True,0,451,20,0.4,0.3,0.3,balanced
1781497773949.363,0.4,0.3,0.3,659.5368916797489,695.5555555555555,0.1319073783359498,1094.089711577104,1264.0738931675658,0.07232086134603763,0.4551203010524682,0.48074768270190343,0.4551203010524682,22,8,2.0620768805775493,1,2.0620768805775493,False,False,False,True,0,452,20,0.4,0.3,0.3,balanced
1781497776862.488,0.4,0.3,0.3,670.6609105180535,707.8888888888889,0.1341321821036107,119.22619047619047,152.3309817754262,0.007286603767591092,1.0000000000000002,1.0,1.0,20,8,2.2441611460282784,1,2.2441611460282784,False,False,False,True,0,453,20,0.4,0.3,0.3,balanced
1781497779886.771,0.4,0.3,0.3,677.0423861852435,716.8888888888889,0.13540847723704869,114.2063492063492,138.37301587301585,0.006951724430043309,1.0000000000000002,1.0,1.0,19,8,2.2437510917761676,1,2.2437510917761676,False,False,False,True,0,454,20,0.4,0.3,0.3,balanced
1781497783705.1548,0.4,0.3,0.3,464.4207221350079,491.0,0.09288414442700157,77.46364046973804,95.75835591689251,0.004500576415592931,0.6674254317111461,0.6638888888888889,0.6674254317111461,17,8,2.1617237988178655,1,2.1617237988178655,False,False,False,True,0,455,20,0.4,0.3,0.3,balanced
1781497786821.2222,0.4,0.3,0.3,702.2307692307693,748.7777777777778,0.14044615384615386,130.28880070546737,156.52851263962373,0.008024603115775008,1.0000000000000002,1.0,1.0,16,8,2.241414157526806,1,2.241414157526806,False,False,False,True,0,456,20,0.4,0.3,0.3,balanced
1781497790341.051,0.4,0.3,0.3,702.9544740973313,752.6666666666666,0.14059089481946627,973.2118132031616,1096.1098311549429,0.0642569588527793,0.8969512630226917,0.8814183501683502,0.8969512630226917,14,8,2.193571933323187,1,2.193571933323187,False,False,False,True,0,457,20,0.4,0.3,0.3,balanced
1781497793563.961,0.4,0.3,0.3,737.138147566719,795.4444444444445,0.1474276295133438,131.00189933523265,167.35992402659068,0.008072174738841404,1.0000000000000002,1.0,1.0,13,8,2.23860729577301,1,2.23860729577301,False,False,False,True,0,458,20,0.4,0.3,0.3,balanced
1781497800458.898,0.4,0.3,0.3,773.1350078492935,840.5555555555555,0.1546270015698587,134.2133586578031,166.2709718265274,0.008286414853756044,1.0000000000000002,1.0,1.0,11,8,2.2356632749159298,1,2.2356632749159298,False,False,False,True,0,459,20,0.4,0.3,0.3,balanced
1781497803871.768,0.4,0.3,0.3,797.1365777080063,871.6666666666666,0.15942731554160125,150.88477366255142,180.7818930041152,0.009398583966814637,1.0000000000000002,1.0,1.0,10,8,2.233409498593315,1,2.233409498593315,False,False,False,True,0,460,20,0.4,0.3,0.3,balanced
1781497813893.516,0.4,0.3,0.3,115.24018838304553,220.44444444444446,0.023048037676609106,12.107438016528926,8.071625344352618,0.00014058959416470487,0.11616954474097332,0.2222222222222222,0.11616954474097332,11,8,2.025589471473399,0,2.025589471473399,False,False,False,True,0,461,20,0.4,0.3,0.3,balanced
1781497817508.2668,0.4,0.3,0.3,754.6546310832026,812.2222222222222,0.15093092621664053,200.9495060682839,255.8758639884196,0.012738459377470574,0.89083659368599,0.9133219008775182,0.89083659368599,13,8,2.2030570698058995,0,2.2030570698058995,False,False,False,True,0,462,20,0.4,0.3,0.3,balanced
1781497820828.9749,0.4,0.3,0.3,772.5525902668761,840.8888888888889,0.15451051805337523,151.18391896169672,180.9370053814498,0.009418540290973764,1.0000000000000002,1.0,1.0,11,8,2.2353702306913577,1,2.2353702306913577,False,False,False,True,0,463,20,0.4,0.3,0.3,balanced
1781497824243.157,0.4,0.3,0.3,798.3014128728416,873.2222222222222,0.15966028257456832,150.1403586125808,191.2845385067607,0.009348923189631807,1.0000000000000002,1.0,1.0,10,8,2.233331210013283,1,2.233331210013283,False,False,False,True,0,464,20,0.4,0.3,0.3,balanced
1781497827661.556,0.4,0.3,0.3,774.6279434850865,843.2222222222222,0.15492558869701728,86.65564373897708,107.29423868312757,0.005113785439558177,1.0000000000000002,1.0,1.0,11,8,2.2364956288893256,0,2.2364956288893256,False,False,False,True,0,465,20,0.4,0.3,0.3,balanced
1781497830878.468,0.4,0.3,0.3,741.105180533752,798.6666666666666,0.1482210361067504,102.06349206349205,126.01998824221047,0.006141660577951438,0.9942812289751068,0.9960317460317462,0.9942812289751068,13,8,2.2371534560764466,0,2.2371534560764466,False,False,False,True,0,466,20,0.4,0.3,0.3,balanced
1781497837879.0679,0.4,0.3,0.3,637.0706436420724,716.5555555555555,0.12741412872841448,70.14336917562723,76.88172043010752,0.004012232766886406,0.8348704866562011,0.8854166666666666,0.8348704866562011,14,8,2.1982918246754286,0,2.1982918246754286,False,False,False,True,0,467,20,0.4,0.3,0.3,balanced
1781497840896.54,0.4,0.3,0.3,703.3720565149137,750.1111111111111,0.14067441130298272,93.75039569484015,115.53497942386834,0.005587084435946641,1.0000000000000002,1.0,1.0,16,8,2.2420541101480227,0,2.2420541101480227,False,False,False,True,0,468,20,0.4,0.3,0.3,balanced
1781497844019.253,0.4,0.3,0.3,726.9591836734694,781.1111111111111,0.14539183673469389,85.16460905349795,99.79423868312756,0.005014316814776381,1.0000000000000002,1.0,1.0,14,8,2.2403389702616896,1,2.2403389702616896,False,False,False,True,0,469,20,0.4,0.3,0.3,balanced
1781497847236.175,0.4,0.3,0.3,738.7833594976453,796.5555555555555,0.14775667189952907,115.28953556731335,153.66255144032922,0.0070239850278394494,1.0000000000000002,1.0,1.0,13,8,2.2387901357318367,1,2.2387901357318367,False,False,False,True,0,470,20,0.4,0.3,0.3,balanced
1781497850353.491,0.4,0.3,0.3,725.072213500785,778.7777777777778,0.145014442700157,105.32763532763533,123.76384931940487,0.006359415298708161,1.0000000000000002,1.0,1.0,14,8,2.240086398330325,0,2.240086398330325,False,False,False,True,0,471,20,0.4,0.3,0.3,balanced
1781497853474.155,0.4,0.3,0.3,703.133437990581,749.5555555555555,0.1406266875981162,101.43151087595531,125.42034097589652,0.006099500391991682,0.9918703745234361,0.9920634920634921,0.9918703745234361,16,8,2.2394805872001866,0,2.2394805872001866,False,False,False,True,0,472,20,0.4,0.3,0.3,balanced
1781497856496.1392,0.4,0.3,0.3,692.1412872841446,736.8888888888889,0.1384282574568289,95.30202821869489,115.46149323927102,0.005690595611654095,1.0000000000000002,1.0,1.0,17,8,2.2429215183337723,0,2.2429215183337723,False,False,False,True,0,473,20,0.4,0.3,0.3,balanced
1781497859615.772,0.4,0.3,0.3,676.2386185243329,716.3333333333334,0.13524772370486657,8137.776156793396,8442.072109244524,0.5422132192657368,0.9097186885364226,0.9349936143039592,0.9097186885364226,19,8,2.056152551299259,0,2.056152551299259,False,False,False,True,0,474,20,0.4,0.3,0.3,balanced
1781497862739.035,0.4,0.3,0.3,691.729984301413,734.6666666666666,0.1383459968602826,139.68327454438565,177.66370460814906,0.008651319182413986,0.997997076814811,0.9961685823754789,0.997997076814811,17,8,2.241465328545606,1,2.241465328545606,False,False,False,True,0,475,20,0.4,0.3,0.3,balanced
1781497865959.8801,0.4,0.3,0.3,681.9058084772371,720.5555555555555,0.13638116169544742,199.951358141823,288.7356015883056,0.012671871790648631,0.8491889063317635,0.8962962962962963,0.8491889063317635,19,8,2.1964026456841554,0,2.1964026456841554,False,False,False,True,0,476,20,0.4,0.3,0.3,balanced
1781497872470.371,0.4,0.3,0.3,669.9843014128729,707.5555555555555,0.1339968602825746,137.771164021164,180.92739564961786,0.0085237601081497,1.0000000000000002,1.0,1.0,20,8,2.2438441278545254,0,2.2438441278545254,False,False,False,True,0,477,20,0.4,0.3,0.3,balanced
1781497875394.74,0.4,0.3,0.3,658.8367346938776,693.2222222222222,0.1317673469387755,164.23206937095824,207.33392122281012,0.010288997289590276,1.0000000000000002,1.0,1.0,22,8,2.2442063620376125,0,2.2442063620376125,False,False,False,True,0,478,20,0.4,0.3,0.3,balanced
1781497878215.292,0.4,0.3,0.3,653.6373626373627,686.7777777777778,0.13072747252747255,145.17094017094016,184.3684710351377,0.00901740761647366,1.0000000000000002,1.0,1.0,23,8,2.245003788704069,0,2.245003788704069,False,False,False,True,0,479,20,0.4,0.3,0.3,balanced
1781497881041.372,0.4,0.3,0.3,646.2951334379907,676.2222222222222,0.12925902668759814,177.5029394473839,221.12139917695472,0.011174312171273109,1.0000000000000002,1.0,1.0,25,8,2.2449440956735787,0,2.2449440956735787,False,False,False,True,0,480,20,0.4,0.3,0.3,balanced
1781497883858.0388,0.4,0.3,0.3,641.6248037676609,670.5555555555555,0.12832496075353217,168.13565549676656,215.12345679012344,0.010549409973099838,1.0000000000000002,1.0,1.0,26,8,2.2455051927066574,0,2.2455051927066574,False,False,False,True,0,481,20,0.4,0.3,0.3,balanced
1781497886678.281,0.4,0.3,0.3,632.4599686028258,660.0,0.12649199372056516,183.38477366255142,217.30893592004705,0.011566696041531115,1.0000000000000002,1.0,1.0,28,8,2.2459331936993148,0,2.2459331936993148,False,False,False,True,0,482,20,0.4,0.3,0.3,balanced
1781497889502.9558,0.4,0.3,0.3,630.7268445839875,656.8888888888889,0.1261453689167975,193.20402298850573,224.8111658456486,0.012221749365477366,1.0000000000000002,1.0,1.0,29,8,2.245875327623638,0,2.245875327623638,False,False,False,True,0,483,20,0.4,0.3,0.3,balanced
1781497892327.819,0.4,0.3,0.3,633.414442700157,660.3333333333334,0.1266828885400314,196.50940623162845,232.27660199882425,0.012442255252276747,1.0000000000000002,1.0,1.0,28,8,2.2455941680083042,1,2.2455941680083042,False,False,False,True,0,484,20,0.4,0.3,0.3,balanced
1781497895149.8,0.4,0.3,0.3,641.0518053375198,670.1111111111111,0.12821036106750397,169.6707818930041,211.6872427983539,0.01065182000620441,1.0000000000000002,1.0,1.0,26,8,2.245520309571137,1,2.245520309571137,False,False,False,True,0,485,20,0.4,0.3,0.3,balanced
1781497897969.228,0.4,0.3,0.3,632.3343799058086,659.3333333333334,0.12646687598116174,216.05158730158732,259.8809523809524,0.01374593644440209,1.0000000000000002,1.0,1.0,28,8,2.2452894686742146,0,2.2452894686742146,False,False,False,True,0,486,20,0.4,0.3,0.3,balanced
1781497900783.715,0.4,0.3,0.3,631.7472527472528,657.6666666666666,0.12634945054945057,183.41710758377428,223.13932980599645,0.011568853074301153,1.0000000000000002,1.0,1.0,29,8,2.2459895638579295,0,2.2459895638579295,False,False,False,True,0,487,20,0.4,0.3,0.3,balanced
1781497907083.617,0.4,0.3,0.3,622.8257456828885,646.6666666666666,0.12456514913657771,211.33744855967078,265.26748971193416,0.013431450871225535,1.0000000000000002,1.0,1.0,32,8,2.2461445050840014,0,2.2461445050840014,False,False,False,True,0,488,20,0.4,0.3,0.3,balanced
1781497909803.231,0.4,0.3,0.3,617.6012558869703,640.6666666666666,0.12352025117739406,215.91880341880338,266.73472617917065,0.013737078280106963,1.0000000000000002,1.0,1.0,34,8,2.2464707760450104,0,2.2464707760450104,False,False,False,True,0,489,20,0.4,0.3,0.3,balanced
1781497912523.45,0.4,0.3,0.3,621.5855572998431,645.2222222222222,0.12431711145996863,213.8137068692624,256.6714150047484,0.013596644887876078,1.0000000000000002,1.0,1.0,32,8,2.2461941619496497,1,2.2461941619496497,False,False,False,True,0,490,20,0.4,0.3,0.3,balanced
1781497915651.775,0.4,0.3,0.3,499.3799058084773,485.44444444444446,0.09987598116169547,173.82363315696648,226.2045855379189,0.010928861451432053,0.8304552590266877,0.7777777777777778,0.8304552590266877,34,8,2.2059075268078985,0,2.2059075268078985,False,False,False,True,0,491,20,0.4,0.3,0.3,balanced
1781497918477.0999,0.4,0.3,0.3,621.8383045525903,645.5555555555555,0.12436766091051807,212.79898741105634,244.74958949096884,0.013528951795267268,1.0000000000000002,1.0,1.0,32,8,2.2461942500972127,1,2.2461942500972127,False,False,False,True,0,492,20,0.4,0.3,0.3,balanced
1781497921200.387,0.4,0.3,0.3,615.4160125588697,638.1111111111111,0.12308320251177395,245.82157554379774,281.2198706643151,0.015731926320466827,1.0000000000000002,1.0,1.0,34,8,2.2460471410991505,0,2.2460471410991505,False,False,False,True,0,493,20,0.4,0.3,0.3,balanced
1781497923918.679,0.4,0.3,0.3,615.8194662480378,638.0,0.12316389324960755,219.64432686654908,269.0726043503821,0.013985612199236096,1.0000000000000002,1.0,1.0,35,8,2.2465387590403862,0,2.2465387590403862,False,False,False,True,0,494,20,0.4,0.3,0.3,balanced
1781497926639.8499,0.4,0.3,0.3,611.0313971742544,632.0,0.12220627943485088,282.9747207524985,349.8721340388007,0.01821045502018002,1.0000000000000002,1.0,1.0,37,8,2.2456543517200056,0,2.2456543517200056,False,False,False,True,0,495,20,0.4,0.3,0.3,balanced
1781497929364.33,0.4,0.3,0.3,608.3485086342231,629.1111111111111,0.12166970172684462,322.5992063492063,380.0396825396826,0.02085384965638468,1.0000000000000002,1.0,1.0,38,8,2.245075964412347,0,2.245075964412347,False,False,False,True,0,496,20,0.4,0.3,0.3,balanced
1781497932087.729,0.4,0.3,0.3,611.4631083202512,632.0,0.12229262166405024,253.11287477954141,299.77072310405646,0.016218337210109502,1.0000000000000002,1.0,1.0,37,8,2.246217450171347,1,2.246217450171347,False,False,False,True,0,497,20,0.4,0.3,0.3,balanced
1781497935012.216,0.4,0.3,0.3,569.7802197802198,554.6666666666666,0.11395604395604396,220.17921146953404,286.415770609319,0.014021294961276454,0.9419152276295135,0.8888888888888888,0.9419152276295135,38,8,2.2327857622180534,0,2.2327857622180534,False,False,False,True,0,498,20,0.4,0.3,0.3,balanced
1781497937736.759,0.4,0.3,0.3,604.8398744113031,623.7777777777778,0.12096797488226062,261.0515873015873,320.91269841269843,0.0167479377786249,1.0000000000000002,1.0,1.0,40,8,2.2465884287135083,0,2.2465884287135083,False,False,False,True,0,499,20,0.4,0.3,0.3,balanced
1781497944037.456,0.4,0.3,0.3,603.9733124018838,622.8888888888889,0.12079466248037676,1937.2954296661192,1921.8787629994529,0.1285720766955383,1.0000000000000002,1.0,1.0,41,8,2.213110511999188,0,2.213110511999188,False,False,False,True,0,500,20,0.4,0.3,0.3,balanced
1781497946757.4949,0.4,0.3,0.3,603.0000000000001,621.8888888888889,0.12060000000000003,382.9775588396278,438.33470169677065,0.024881758428260695,0.988632057597575,0.9885057471264369,0.988632057597575,41,8,2.2408850897507944,2,2.2408850897507944,False,False,False,True,0,501,20,0.4,0.3,0.3,balanced
1781497949482.527,0.4,0.3,0.3,604.1428571428572,621.7777777777778,0.12082857142857144,867.3861470940014,1028.0611810496866,0.057197207944896696,0.9942812289751068,0.9960317460317462,0.9942812289751068,43,8,2.2327937777376343,0,2.2327937777376343,False,False,False,True,0,502,20,0.4,0.3,0.3,balanced
1781497952098.5369,0.4,0.3,0.3,602.7221350078494,619.8888888888889,0.12054442700156988,289.80927508705287,358.29692940804057,0.01866639593642781,1.0000000000000002,1.0,1.0,44,8,2.2461823104184435,0,2.2461823104184435,False,False,False,True,0,503,20,0.4,0.3,0.3,balanced
1781497954819.4412,0.4,0.3,0.3,598.6342229199372,614.5555555555555,0.11972684458398744,336.5086206896552,421.7200328407225,0.021781762554346575,1.0000000000000002,1.0,1.0,46,8,2.245574733400101,0,2.245574733400101,False,False,False,True,0,504,20,0.4,0.3,0.3,balanced
1781497957443.75,0.4,0.3,0.3,597.6499215070644,613.6666666666666,0.11952998430141287,316.8755935422602,394.9335232668566,0.020472020916761854,1.0000000000000002,1.0,1.0,47,8,2.2460464000044063,0,2.2460464000044063,False,False,False,True,0,505,20,0.4,0.3,0.3,balanced
1781497960163.627,0.4,0.3,0.3,597.1852433281005,612.2222222222222,0.11943704866562009,424.23023336816436,561.5639150121909,0.02763377140548128,0.9051107622536196,0.9341563786008231,0.9051107622536196,49,8,2.2154682777881933,0,2.2154682777881933,False,False,False,True,0,506,20,0.4,0.3,0.3,balanced
1781497962776.112,0.4,0.3,0.3,595.4505494505495,610.7777777777778,0.1190901098901099,334.9375367430923,419.1901822457378,0.02167695375204085,1.0000000000000002,1.0,1.0,50,8,2.245860869918344,0,2.245860869918344,False,False,False,True,0,507,20,0.4,0.3,0.3,balanced
1781497965400.278,0.4,0.3,0.3,596.6860282574569,611.8888888888889,0.11933720565149138,353.2495590828924,411.37566137566137,0.022898569651960802,1.0000000000000002,1.0,1.0,49,8,2.2453955468438154,1,2.2453955468438154,False,False,False,True,0,508,20,0.4,0.3,0.3,balanced
1781497968012.592,0.4,0.3,0.3,596.6530612244898,613.1111111111111,0.11933061224489795,340.9615384615384,413.01994301994296,0.02207882177862164,1.0000000000000002,1.0,1.0,47,8,2.245644108568454,1,2.245644108568454,False,False,False,True,0,509,20,0.4,0.3,0.3,balanced
1781497970929.454,0.4,0.3,0.3,599.0596546310833,614.7777777777778,0.11981193092621666,631.5377735690236,800.5429292929293,0.04146349390053526,0.8163265306122451,0.8472222222222222,0.8163265306122451,49,8,2.184534138643026,0,2.184534138643026,False,False,False,True,0,510,20,0.4,0.3,0.3,balanced
1781497973554.067,0.4,0.3,0.3,594.8021978021978,610.0,0.11896043956043957,382.84465020576135,465.2013521457966,0.024872891941678542,1.0000000000000002,1.0,1.0,50,8,2.2449539565933208,0,2.2449539565933208,False,False,False,True,0,511,20,0.4,0.3,0.3,balanced
1781497979753.126,0.4,0.3,0.3,596.1852433281006,612.3333333333334,0.11923704866562011,363.92054447609996,443.37290281734727,0.023610443260580385,1.0000000000000002,1.0,1.0,49,8,2.2452220475555777,1,2.2452220475555777,False,False,False,True,0,512,20,0.4,0.3,0.3,balanced
1781497982377.941,0.4,0.3,0.3,594.0926216640503,609.4444444444445,0.11881852433281005,411.7445620223398,488.4082892416226,0.026800838026840544,1.0000000000000002,1.0,1.0,50,8,2.244432338858824,0,2.244432338858824,False,False,False,True,0,513,20,0.4,0.3,0.3,balanced
1781497984996.502,0.4,0.3,0.3,593.2668759811618,608.0,0.11865337519623236,357.3985890652557,439.7119341563786,0.0231753561751338,1.0000000000000002,1.0,1.0,52,8,2.245586043068967,0,2.245586043068967,False,False,False,True,0,514,20,0.4,0.3,0.3,balanced
1781497988017.4849,0.4,0.3,0.3,589.7645211930927,605.0,0.11795290423861854,1023.2818336347747,1096.2102871710715,0.0675971870336741,0.7858171840164638,0.7780890133831311,0.7858171840164638,53,8,2.1682848373993897,0,2.1682848373993897,False,False,False,True,0,515,20,0.4,0.3,0.3,balanced
1781497990639.7249,0.4,0.3,0.3,588.4646781789639,602.6666666666666,0.11769293563579279,427.2604350382128,518.8080540858319,0.027835919615624604,1.0000000000000002,1.0,1.0,55,8,2.2445720498609956,0,2.2445720498609956,False,False,False,True,0,516,20,0.4,0.3,0.3,balanced
1781497993260.133,0.4,0.3,0.3,587.3139717425432,601.4444444444445,0.11746279434850865,483.7470605526161,536.9562022339801,0.031604206841402006,1.0000000000000002,1.0,1.0,56,8,2.2435336202081757,0,2.2435336202081757,False,False,False,True,0,517,20,0.4,0.3,0.3,balanced
1781497995875.3691,0.4,0.3,0.3,589.403453689168,603.3333333333334,0.11788069073783361,407.8042328042328,464.6531452087008,0.026537974169728674,1.0000000000000002,1.0,1.0,55,8,2.244886331453948,1,2.244886331453948,False,False,False,True,0,518,20,0.4,0.3,0.3,balanced
1781498003001.562,0.4,0.3,0.3,106.75039246467819,139.77777777777777,0.021350078492935638,78.5925925925926,63.47222222222222,0.004575890099572555,0.1695447409733124,0.2222222222222222,0.1695447409733124,56,8,2.0409506238649477,0,2.0409506238649477,False,False,False,True,0,519,20,0.4,0.3,0.3,balanced
1781498005625.453,0.4,0.3,0.3,586.3281004709578,599.4444444444445,0.11726562009419156,329.5833333333333,359.5634920634921,0.02131976873471203,1.0000000000000002,1.0,1.0,58,8,2.2466978213419098,0,2.2466978213419098,False,False,False,True,0,520,20,0.4,0.3,0.3,balanced
1781498008247.846,0.4,0.3,0.3,585.3689167974883,598.7777777777778,0.11707378335949765,448.0357142857143,515.6746031746032,0.029221862193843515,1.0000000000000002,1.0,1.0,59,8,2.244403927998048,0,2.244403927998048,False,False,False,True,0,521,20,0.4,0.3,0.3,balanced
1781498010871.578,0.4,0.3,0.3,583.5557299843015,595.7777777777778,0.11671114599686029,486.329365079365,544.7222222222222,0.03177647532217245,1.0000000000000002,1.0,1.0,61,8,2.243782599004604,0,2.243782599004604,False,False,False,True,0,522,20,0.4,0.3,0.3,balanced
1781498017065.843,0.4,0.3,0.3,580.6907378335951,593.1111111111111,0.11613814756671902,630.0595238095237,735.2380952380953,0.041364878172750086,1.0000000000000002,1.0,1.0,64,8,2.2411352775214874,0,2.2411352775214874,False,False,False,True,0,523,20,0.4,0.3,0.3,balanced
1781498019688.597,0.4,0.3,0.3,581.337519623234,593.5555555555555,0.1162675039246468,540.2858612580834,622.9365079365078,0.03537597473369469,0.9960192868356137,0.9960317460317462,0.9960192868356137,65,8,2.241685992060717,0,2.241685992060717,False,False,False,True,0,524,20,0.4,0.3,0.3,balanced
1781498022313.579,0.4,0.3,0.3,580.3689167974883,592.4444444444445,0.11607378335949765,543.0952380952381,645.5555555555555,0.035563391467327427,1.0000000000000002,1.0,1.0,64,8,2.2429014692160028,1,2.2429014692160028,False,False,False,True,0,525,20,0.4,0.3,0.3,balanced
1781498025531.439,0.4,0.3,0.3,583.3579277864993,595.0,0.11667158555729987,1159.9915930012473,1664.5127301372222,0.0767172510341059,0.6650949782817916,0.7401579901579901,0.6650949782817916,65,8,2.1298446839513856,0,2.1298446839513856,False,False,False,True,0,526,20,0.4,0.3,0.3,balanced
1781498028145.51,0.4,0.3,0.3,580.7912087912089,592.3333333333334,0.11615824175824177,472.3611111111111,548.6111111111111,0.03084463716551775,1.0000000000000002,1.0,1.0,67,8,2.244283312147048,0,2.244283312147048,False,False,False,True,0,527,20,0.4,0.3,0.3,balanced
1781498030769.294,0.4,0.3,0.3,581.7048665620096,593.6666666666666,0.11634097331240191,500.297619047619,585.8730158730158,0.03270831347882715,1.0000000000000002,1.0,1.0,65,8,2.243651116631391,1,2.243651116631391,False,False,False,True,0,528,20,0.4,0.3,0.3,balanced
1781498033394.217,0.4,0.3,0.3,582.1946624803768,593.5555555555555,0.11643893249607536,491.2281061850027,573.2991242474001,0.03210327592961992,1.0000000000000002,1.0,1.0,67,8,2.2437934442226837,0,2.2437934442226837,False,False,False,True,0,529,20,0.4,0.3,0.3,balanced
1781498036020.3198,0.4,0.3,0.3,580.4270015698588,592.0,0.11608540031397176,585.0286596119929,657.6513815402706,0.038360817852701325,0.9979255438439114,0.9960317460317462,0.9979255438439114,68,8,2.241435257671774,0,2.241435257671774,False,False,False,True,0,530,20,0.4,0.3,0.3,balanced
1781498038745.471,0.4,0.3,0.3,583.116169544741,593.6666666666666,0.11662323390894819,616.3673835125447,814.8183990442054,0.04045145987408571,0.893249607535322,0.9259259259259258,0.893249607535322,67,8,2.2091901507347917,1,2.2091901507347917,False,False,False,True,0,531,20,0.4,0.3,0.3,balanced
1781498041372.667,0.4,0.3,0.3,580.5321821036107,591.6666666666666,0.11610643642072214,533.7917350848385,626.06048166393,0.034942744168434854,0.9944784279759651,0.9961685823754789,0.9944784279759651,68,8,2.24141813057397,0,2.24141813057397,False,False,False,True,0,532,20,0.4,0.3,0.3,balanced
1781498043995.669,0.4,0.3,0.3,579.1930926216642,590.7777777777778,0.11583861852433283,506.4415708812259,650.383141762452,0.03311818351442468,1.0000000000000002,1.0,1.0,67,8,2.2437290975359394,1,2.2437290975359394,False,False,False,True,0,533,20,0.4,0.3,0.3,balanced
1781498046607.9258,0.4,0.3,0.3,580.50863422292,593.0,0.116101726844584,467.1031746031746,568.0555555555557,0.03049387422302699,1.0000000000000002,1.0,1.0,65,8,2.244411146995258,1,2.244411146995258,False,False,False,True,0,534,20,0.4,0.3,0.3,balanced
1781498052811.605,0.4,0.3,0.3,582.6750392464678,595.4444444444445,0.11653500784929356,586.1843185550082,697.1647509578544,0.03843791317911996,1.0000000000000002,1.0,1.0,64,8,2.241854622906547,1,2.241854622906547,False,False,False,True,0,535,20,0.4,0.3,0.3,balanced
1781498055435.7769,0.4,0.3,0.3,582.3406593406594,594.4444444444445,0.11646813186813187,537.4823633156966,652.7263374485597,0.03518895018783833,1.0000000000000002,1.0,1.0,65,8,2.2428560621963958,0,2.2428560621963958,False,False,False,True,0,536,20,0.4,0.3,0.3,balanced
1781498058060.499,0.4,0.3,0.3,582.1789638932496,594.8888888888889,0.11643579277864992,655.4284244562022,728.1951793062904,0.04305726647472996,0.9961565528067993,0.9961685823754789,0.9961565528067993,64,8,2.239355468788161,1,2.239355468788161,False,False,False,True,0,537,20,0.4,0.3,0.3,balanced
1781498060683.54,0.4,0.3,0.3,583.9058084772372,596.5555555555555,0.11678116169544744,411.28968253968253,480.0,0.026770492497643933,1.0000000000000002,1.0,1.0,61,8,2.2452563875725278,1,2.2452563875725278,False,False,False,True,0,538,20,0.4,0.3,0.3,balanced
1781498063397.522,0.4,0.3,0.3,588.7001569858714,601.3333333333334,0.11774003139717429,415.97605363984667,516.8001277139207,0.027083125659762952,0.9375719518576664,0.9555555555555555,0.9375719518576664,59,8,2.2260506353005014,1,2.2260506353005014,False,False,False,True,0,539,20,0.4,0.3,0.3,balanced
1781498066016.785,0.4,0.3,0.3,585.1679748822608,598.0,0.11703359497645215,462.76381540270427,561.7445620223399,0.030204390620594015,1.0000000000000002,1.0,1.0,61,8,2.244125244823241,0,2.244125244823241,False,False,False,True,0,540,20,0.4,0.3,0.3,balanced
1781498068639.3179,0.4,0.3,0.3,585.9576138147567,599.3333333333334,0.11719152276295133,478.64197530864186,542.2957084068195,0.031263640781096856,1.0000000000000002,1.0,1.0,59,8,2.2437442986604905,1,2.2437442986604905,False,False,False,True,0,541,20,0.4,0.3,0.3,balanced
1781498071263.87,0.4,0.3,0.3,586.0078492935636,599.6666666666666,0.11720156985871272,415.80026455026456,490.4291593180482,0.027071398569063678,1.0000000000000002,1.0,1.0,58,8,2.2449979524857957,1,2.2449979524857957,False,False,False,True,0,542,20,0.4,0.3,0.3,balanced
1781498074086.5159,0.4,0.3,0.3,501.46781789638936,541.7777777777778,0.10029356357927788,379.23947132616485,418.49462365591404,0.024632386345974974,0.839874411302983,0.8888888888888888,0.839874411302983,56,8,2.2044551820553915,1,2.2044551820553915,False,False,False,True,0,543,20,0.4,0.3,0.3,balanced
1781498076704.5032,0.4,0.3,0.3,588.0518053375198,602.1111111111111,0.11761036106750396,370.12436123547235,446.1687695021028,0.02402430695366727,0.9940694226408515,0.9958847736625513,0.9940694226408515,55,8,2.2439693902791538,1,2.2439693902791538,False,False,False,True,0,544,20,0.4,0.3,0.3,balanced
1781498079728.508,0.4,0.3,0.3,465.359497645212,474.77777777777777,0.0930718995290424,297.015873015873,363.0105820105821,0.01914715630526171,0.7786499215070646,0.7777777777777778,0.7786499215070646,53,8,2.190622069748924,1,2.190622069748924,False,False,False,True,0,545,20,0.4,0.3,0.3,balanced
1781498082351.54,0.4,0.3,0.3,590.2527472527473,604.8888888888889,0.11805054945054946,558.018473296251,600.7459413014969,0.036558937511424354,0.9941690962099128,0.9960317460317462,0.9941690962099128,52,8,2.240062827829327,1,2.240062827829327,False,False,False,True,0,546,20,0.4,0.3,0.3,balanced
1781498088653.238,0.4,0.3,0.3,593.5133437990581,608.6666666666666,0.11870266875981163,3628.451012588944,4033.1800766283527,0.24139099483582016,0.9944784279759651,0.9961685823754789,0.9944784279759651,50,8,2.178445162438119,1,2.178445162438119,False,False,False,True,0,547,20,0.4,0.3,0.3,balanced
1781498091478.741,0.4,0.3,0.3,598.652119309262,602.0,0.11973042386185241,5670.344254510921,6771.255144032922,0.37760802231560514,0.9420981973691331,0.9324393358876117,0.9420981973691331,49,8,2.1214548829713173,1,2.1214548829713173,False,False,False,True,0,548,20,0.4,0.3,0.3,balanced
1781498094102.9402,0.4,0.3,0.3,597.6028257456829,613.8888888888889,0.11952056514913659,317.46359607470714,396.57961380183605,0.020511247236471457,1.0000000000000002,1.0,1.0,47,8,2.246038399769404,1,2.246038399769404,False,False,False,True,0,549,20,0.4,0.3,0.3,balanced
1781498096927.116,0.4,0.3,0.3,600.1193092621666,616.2222222222222,0.12002386185243331,385.2389486260454,499.9402628434886,0.02503261832061677,0.8950437317784259,0.9285714285714286,0.8950437317784259,46,8,2.2129937892963696,1,2.2129937892963696,False,False,False,True,0,550,20,0.4,0.3,0.3,balanced
1781498099647.156,0.4,0.3,0.3,601.2919937205652,618.1111111111111,0.12025839874411304,283.7691570881226,335.33798576902024,0.0182634527743911,1.0000000000000002,1.0,1.0,44,8,2.2464176046700373,1,2.2464176046700373,False,False,False,True,0,551,20,0.4,0.3,0.3,balanced
1781498102267.585,0.4,0.3,0.3,597.1522762951336,614.3333333333334,0.11943045525902671,263.66255144032925,300.9053497942387,0.016922118174805153,1.0000000000000002,1.0,1.0,46,8,2.2471511824439476,0,2.2471511824439476,False,False,False,True,0,552,20,0.4,0.3,0.3,balanced
1781498104889.4949,0.4,0.3,0.3,597.4772370486656,613.5555555555555,0.11949544740973313,306.873897707231,366.35949441505,0.019804796378067445,1.0000000000000002,1.0,1.0,47,8,2.2462603821226863,0,2.2462603821226863,False,False,False,True,0,553,20,0.4,0.3,0.3,balanced
1781498107613.2678,0.4,0.3,0.3,597.1962323390895,614.0,0.11943924646781791,274.6524356869184,334.9986316365627,0.01765526588972104,1.0000000000000002,1.0,1.0,46,8,2.2469277216459567,1,2.2469277216459567,False,False,False,True,0,554,20,0.4,0.3,0.3,balanced
1781498124524.184,0.4,0.3,0.3,39.67346938775511,72.0,0.007934693877551023,32.66387726638772,21.775918177591816,0.001511933106496846,0.06122448979591838,0.1111111111111111,0.06122448979591838,44,8,2.014739889455806,1,2.014739889455806,False,False,False,True,0,555,20,0.4,0.3,0.3,balanced
1781498127141.857,0.4,0.3,0.3,601.4489795918367,618.8888888888889,0.12028979591836735,282.8838239949351,349.5093383982273,0.018204391193791532,1.0000000000000002,1.0,1.0,43,8,2.2464227642745156,1,2.2464227642745156,False,False,False,True,0,556,20,0.4,0.3,0.3,balanced
1781498129764.708,0.4,0.3,0.3,600.0518053375197,617.2222222222222,0.12001036106750394,321.91674580563466,374.28616650838876,0.020808321934998975,0.9940694226408515,0.9958847736625513,0.9940694226408515,44,8,2.2439741857847544,0,2.2439741857847544,False,False,False,True,0,557,20,0.4,0.3,0.3,balanced
1781498132389.57,0.4,0.3,0.3,601.298273155416,619.2222222222222,0.12025965463108321,251.75846786957896,301.4181703070592,0.016127983180091992,1.0000000000000002,1.0,1.0,43,8,2.247057743193539,1,2.247057743193539,False,False,False,True,0,558,20,0.4,0.3,0.3,balanced
1781498135112.4858,0.4,0.3,0.3,605.5714285714287,624.6666666666666,0.12111428571428573,274.477969348659,330.3571428571429,0.017643627041271447,1.0000000000000002,1.0,1.0,41,8,2.2462611976019042,1,2.2462611976019042,False,False,False,True,0,559,20,0.4,0.3,0.3,balanced
1781498137826.4849,0.4,0.3,0.3,608.1648351648352,627.2222222222222,0.12163296703296703,225.95752498530277,276.66078777189887,0.014406772847585242,1.0000000000000002,1.0,1.0,40,8,2.2470247813325375,1,2.2470247813325375,False,False,False,True,0,560,20,0.4,0.3,0.3,balanced
1781498140648.644,0.4,0.3,0.3,611.2464678178966,631.2222222222222,0.12224929356357932,294.5272988505747,401.2819284802044,0.018981140683827533,0.9282195636875443,0.9501915708812262,0.9282195636875443,38,8,2.2238718094756833,1,2.2238718094756833,False,False,False,True,0,561,20,0.4,0.3,0.3,balanced
1781498143773.768,0.4,0.3,0.3,497.5949764521194,482.6666666666667,0.09951899529042388,172.98677248677248,222.76278659611992,0.010873033521465809,0.8304552590266878,0.7777777777777778,0.8304552590266878,37,8,2.206067069535397,1,2.206067069535397,False,False,False,True,0,562,20,0.4,0.3,0.3,balanced
1781498146496.4458,0.4,0.3,0.3,616.7237048665621,638.1111111111111,0.12334474097331243,216.68871252204585,259.51058201058197,0.013788439794666167,1.0000000000000002,1.0,1.0,35,8,2.246525571672275,1,2.246525571672275,False,False,False,True,0,563,20,0.4,0.3,0.3,balanced
1781498149421.378,0.4,0.3,0.3,618.0596546310832,640.3333333333334,0.12361193092621663,311.0637694145758,425.8240740740741,0.02008430749930459,0.8856245795021307,0.9206349206349205,0.8856245795021307,34,8,2.210217309230361,1,2.210217309230361,False,False,False,True,0,564,20,0.4,0.3,0.3,balanced
1781498152243.184,0.4,0.3,0.3,621.4835164835166,644.8888888888889,0.12429670329670332,233.70073891625614,272.5232621784346,0.01492333148207179,1.0000000000000002,1.0,1.0,32,8,2.245804319236697,1,2.245804319236697,False,False,False,True,0,565,20,0.4,0.3,0.3,balanced
1781498158651.917,0.4,0.3,0.3,631.6640502354788,658.3333333333334,0.12633281004709576,185.79960570860953,216.1476514829005,0.011727792242068682,1.0000000000000002,1.0,1.0,29,8,2.245948538308541,1,2.245948538308541,False,False,False,True,0,566,20,0.4,0.3,0.3,balanced
1781498161565.428,0.4,0.3,0.3,547.8100470957614,601.3333333333334,0.10956200941915228,165.33333333333331,180.77777777777777,0.010362463864798754,0.839874411302983,0.8888888888888888,0.839874411302983,28,8,2.2050287804637945,1,2.2050287804637945,False,False,False,True,0,567,20,0.4,0.3,0.3,balanced
1781498164388.242,0.4,0.3,0.3,630.2527472527473,656.2222222222222,0.12605054945054947,211.51272577996713,251.41899288451012,0.013443143814540835,1.0000000000000002,1.0,1.0,29,8,2.245546837075418,0,2.245546837075418,False,False,False,True,0,568,20,0.4,0.3,0.3,balanced
1781498167210.624,0.4,0.3,0.3,632.6766091051807,659.6666666666666,0.12653532182103613,208.23853615520284,247.52939447383895,0.013224718889606593,1.0000000000000002,1.0,1.0,28,8,2.2454184556047037,1,2.2454184556047037,False,False,False,True,0,569,20,0.4,0.3,0.3,balanced
1781498170033.21,0.4,0.3,0.3,641.9529042386185,671.5555555555555,0.1283905808477237,236.37860082304528,297.78365667254553,0.0151019747046728,1.0000000000000002,1.0,1.0,26,8,2.2441131752495087,1,2.2441131752495087,False,False,False,True,0,570,20,0.4,0.3,0.3,balanced
1781498172857.337,0.4,0.3,0.3,634.8163265306124,662.2222222222222,0.12696326530612248,176.91872427983535,212.76601998824222,0.011135338510996354,1.0000000000000002,1.0,1.0,28,8,2.245874092324252,0,2.245874092324252,False,False,False,True,0,571,20,0.4,0.3,0.3,balanced
1781498175570.4949,0.4,0.3,0.3,632.558869701727,658.5555555555555,0.12651177394034538,187.12329851218738,230.17252295030073,0.011816097299011834,1.0000000000000002,1.0,1.0,29,8,2.2458504612341583,0,2.2458504612341583,False,False,False,True,0,572,20,0.4,0.3,0.3,balanced
1781498178391.269,0.4,0.3,0.3,634.8775510204083,662.3333333333334,0.12697551020408165,173.53174603174605,211.58730158730157,0.010909389328335293,1.0000000000000002,1.0,1.0,28,8,2.245936979119867,1,2.245936979119867,False,False,False,True,0,573,20,0.4,0.3,0.3,balanced
1781498181203.634,0.4,0.3,0.3,641.3673469387755,669.7777777777778,0.1282734693877551,182.31114050558494,232.5911228689007,0.011495072748871578,1.0000000000000002,1.0,1.0,26,8,2.2452420904202364,1,2.2452420904202364,False,False,False,True,0,574,20,0.4,0.3,0.3,balanced
1781498184019.9639,0.4,0.3,0.3,639.8602825745685,669.6666666666666,0.1279720565149137,191.0780423280423,216.84303350970018,0.012079922770383075,1.0000000000000002,1.0,1.0,26,8,2.2451872005629196,2,2.2451872005629196,False,False,False,True,0,575,20,0.4,0.3,0.3,balanced
1781498186843.6128,0.4,0.3,0.3,644.5463108320251,674.6666666666666,0.12890926216640503,170.7657260435038,213.70370370370372,0.01072486497955329,1.0000000000000002,1.0,1.0,25,8,2.245218835639572,1,2.245218835639572,False,False,False,True,0,576,20,0.4,0.3,0.3,balanced
1781498189667.673,0.4,0.3,0.3,654.3218210361068,687.6666666666666,0.13086436420722136,160.89981006647673,189.40012662234884,0.010066698470078501,1.0000000000000002,1.0,1.0,23,8,2.244634244776088,1,2.244634244776088,False,False,False,True,0,577,20,0.4,0.3,0.3,balanced
1781498197268.094,0.4,0.3,0.3,663.2951334379907,698.1111111111111,0.13265902668759813,450.80413458405104,515.2606310936951,0.029406546670050104,0.630477765961637,0.6864215633032837,0.630477765961637,22,8,2.1272577551124368,1,2.1272577551124368,False,False,False,True,0,578,20,0.4,0.3,0.3,balanced
1781498200191.062,0.4,0.3,0.3,655.1098901098902,687.7777777777778,0.13102197802197804,153.78762999452655,188.75478927203065,0.00959223682418456,1.0000000000000002,1.0,1.0,23,8,2.2447135377439533,0,2.2447135377439533,False,False,False,True,0,579,20,0.4,0.3,0.3,balanced
1781498203215.882,0.4,0.3,0.3,658.8555729984301,693.1111111111111,0.13177111459968602,1297.7476737821564,1911.197318007663,0.08590711632969689,0.972891968458471,0.9694763729246488,0.972891968458471,22,8,2.213387009798758,1,2.213387009798758,False,False,False,True,0,580,20,0.4,0.3,0.3,balanced
1781498206140.429,0.4,0.3,0.3,671.8116169544742,709.2222222222222,0.13436232339089482,124.36213991769546,159.48559670781893,0.007629228813722179,1.0000000000000002,1.0,1.0,20,8,2.2439663019995253,1,2.2439663019995253,False,False,False,True,0,581,20,0.4,0.3,0.3,balanced
1781498209152.3909,0.4,0.3,0.3,675.6389324960755,715.3333333333334,0.1351277864992151,130.87917350848386,163.03639846743295,0.008063987558938217,1.0000000000000002,1.0,1.0,19,8,2.2435296891326324,1,2.2435296891326324,False,False,False,True,0,582,20,0.4,0.3,0.3,balanced
1781498212275.1628,0.4,0.3,0.3,692.6891679748823,736.4444444444445,0.13853783359497646,121.84523809523809,149.52380952380952,0.007461323421963848,1.0000000000000002,1.0,1.0,17,8,2.2423464695354203,1,2.2423464695354203,False,False,False,True,0,583,20,0.4,0.3,0.3,balanced
1781498215397.27,0.4,0.3,0.3,701.4050235478808,749.2222222222222,0.14028100470957616,128.78968253968253,154.1269841269841,0.007924595232800702,1.0000000000000002,1.0,1.0,16,8,2.2415102195463295,1,2.2415102195463295,False,False,False,True,0,584,20,0.4,0.3,0.3,balanced
1781498254525.675,0.4,0.3,0.3,726.4725274725275,779.8888888888889,0.1452945054945055,88.3088002532447,106.88350743906298,0.0052240693964806335,1.0000000000000002,1.0,1.0,14,8,2.2403149769832535,1,2.2403149769832535,False,False,False,True,1,585,20,0.4,0.3,0.3,balanced
1781498257750.336,0.4,0.3,0.3,738.6718995290424,796.4444444444445,0.14773437990580848,80.16166960611405,97.46619635508524,0.00468056501708566,1.0000000000000002,1.0,1.0,13,8,2.239502078532551,1,2.239502078532551,False,False,False,True,0,586,20,0.4,0.3,0.3,balanced
1781498261076.497,0.4,0.3,0.3,775.9795918367347,844.2222222222222,0.15519591836734695,73.87939221272553,89.28141817030706,0.004261467125598768,1.0000000000000002,1.0,1.0,11,8,2.2366431925153814,1,2.2366431925153814,False,False,False,True,0,587,20,0.4,0.3,0.3,balanced
1781498268385.0852,0.4,0.3,0.3,733.7503924646783,756.2222222222222,0.14675007849293564,77.8590203106332,111.95459976105138,0.004526952655812755,0.9335088874259383,0.8853046594982079,0.9335088874259383,10,8,2.2199945490338635,1,2.2199945490338635,False,False,False,True,0,588,20,0.4,0.3,0.3,balanced
1781498271709.309,0.4,0.3,0.3,775.7613814756672,843.8888888888889,0.15515227629513345,72.57913896802785,92.31085786641341,0.004174725748367435,1.0000000000000002,1.0,1.0,11,8,2.2366866717574365,0,2.2366866717574365,False,False,False,True,0,589,20,0.4,0.3,0.3,balanced
1781498274922.3271,0.4,0.3,0.3,738.9403453689168,796.3333333333334,0.14778806907378336,83.98956496178718,104.00793650793649,0.004935928282974462,1.0000000000000002,1.0,1.0,13,8,2.2394039938855945,0,2.2394039938855945,False,False,False,True,0,590,20,0.4,0.3,0.3,balanced
1781498278241.07,0.4,0.3,0.3,774.216640502355,842.6666666666666,0.154843328100471,82.3156062044951,108.22095599873379,0.004824256584689466,1.0000000000000002,1.0,1.0,11,8,2.236615391784405,1,2.236615391784405,False,False,False,True,0,591,20,0.4,0.3,0.3,balanced
1781498281663.319,0.4,0.3,0.3,797.9309262166406,873.2222222222222,0.15958618524332813,93.29218106995884,119.50617283950616,0.005556516415607661,1.0000000000000002,1.0,1.0,10,8,2.2344985709779865,1,2.2344985709779865,False,False,False,True,0,592,20,0.4,0.3,0.3,balanced
1781498285078.135,0.4,0.3,0.3,774.6923076923077,843.2222222222222,0.15493846153846155,130.79365079365078,155.9920634920635,0.008058282241070766,1.0000000000000002,1.0,1.0,11,8,2.235607130712294,0,2.235607130712294,False,False,False,True,0,593,20,0.4,0.3,0.3,balanced
1781498288292.249,0.4,0.3,0.3,740.4379905808479,797.5555555555555,0.1480875981161696,114.1166960611405,139.35773074661964,0.0069457435664536694,1.0000000000000002,1.0,1.0,13,8,2.238681237683596,0,2.238681237683596,False,False,False,True,0,594,20,0.4,0.3,0.3,balanced
1781498291510.4822,0.4,0.3,0.3,724.7378335949766,779.2222222222222,0.1449475667189953,115.13906626933446,136.9644630947313,0.007013947049321846,1.0000000000000002,1.0,1.0,14,8,2.2399167891976055,0,2.2399167891976055,False,False,False,True,0,595,20,0.4,0.3,0.3,balanced
1781498294632.865,0.4,0.3,0.3,702.3422291993721,749.6666666666666,0.14046844583987442,142.2687465790914,170.44334975369458,0.008823798971253597,1.0000000000000002,1.0,1.0,16,8,2.2411654819726743,0,2.2411654819726743,False,False,False,True,0,596,20,0.4,0.3,0.3,balanced
1781498301227.757,0.4,0.3,0.3,691.9419152276296,736.7777777777778,0.13838838304552592,178.84931940487496,227.5324469768914,0.01126413071413442,0.9958718530147104,0.9958847736625513,0.9958718530147104,17,8,2.2400269634719625,0,2.2400269634719625,False,False,False,True,0,597,20,0.4,0.3,0.3,balanced
1781498304141.019,0.4,0.3,0.3,676.2919937205652,716.2222222222222,0.13525839874411305,155.99873377651156,183.17980373535931,0.009739742079820651,1.0000000000000002,1.0,1.0,19,8,2.2429747178784085,0,2.2429747178784085,False,False,False,True,0,598,20,0.4,0.3,0.3,balanced
1781498307061.9358,0.4,0.3,0.3,669.6169544740974,707.6666666666666,0.13392339089481947,171.8577307466196,226.46825396825398,0.010797713859013984,1.0000000000000002,1.0,1.0,20,8,2.243191329484368,0,2.243191329484368,False,False,False,True,0,599,20,0.4,0.3,0.3,balanced
1781498309983.1418,0.4,0.3,0.3,679.0879120879122,719.5555555555555,0.13581758241758243,115.34979423868312,144.8148148148148,0.007028004952547239,1.0000000000000002,1.0,1.0,19,8,2.243564565547203,1,2.243564565547203,False,False,False,True,0,600,20,0.4,0.3,0.3,balanced
1781498312899.14,0.4,0.3,0.3,670.4018838304553,708.7777777777778,0.13408037676609105,125.81349206349203,155.92739564961786,0.007726050171013478,1.0000000000000002,1.0,1.0,20,8,2.2440500342422594,0,2.2440500342422594,False,False,False,True,0,601,20,0.4,0.3,0.3,balanced
1781498315819.299,0.4,0.3,0.3,659.4772370486658,693.8888888888889,0.13189544740973316,128.06584362139918,156.99588477366254,0.007876307112835169,1.0000000000000002,1.0,1.0,22,8,2.2448789289022564,0,2.2448789289022564,False,False,False,True,0,602,20,0.4,0.3,0.3,balanced
1781498354759.0042,0.4,0.3,0.3,653.5274725274727,687.4444444444445,0.13070549450549454,144.71560846560845,179.57671957671957,0.008987031918986555,1.0000000000000002,1.0,1.0,23,8,2.2450216926221063,0,2.2450216926221063,False,False,False,True,1,603,20,0.4,0.3,0.3,balanced
1781498357574.869,0.4,0.3,0.3,643.155416012559,673.7777777777778,0.12863108320251182,179.13580246913583,204.73251028806584,0.011283242326159829,1.0000000000000002,1.0,1.0,25,8,2.2451625940211475,0,2.2451625940211475,False,False,False,True,0,604,20,0.4,0.3,0.3,balanced
1781498360387.2012,0.4,0.3,0.3,642.5604395604396,672.5555555555555,0.12851208791208793,159.17695473251027,197.16049382716048,0.009951764825384273,1.0000000000000002,1.0,1.0,26,8,2.2456096353875497,0,2.2456096353875497,False,False,False,True,0,605,20,0.4,0.3,0.3,balanced
1781498363201.128,0.4,0.3,0.3,636.3532182103611,663.7777777777778,0.12727064364207222,205.26969429747206,236.7181069958848,0.01302666406253983,1.0000000000000002,1.0,1.0,28,8,2.245183743324409,0,2.245183743324409,False,False,False,True,0,606,20,0.4,0.3,0.3,balanced
1781498366024.534,0.4,0.3,0.3,641.6357927786499,670.7777777777778,0.12832715855573,162.38977072310405,199.70752498530274,0.010166095445170383,1.0000000000000002,1.0,1.0,26,8,2.245619307944157,1,2.245619307944157,False,False,False,True,0,607,20,0.4,0.3,0.3,balanced
1781498368848.768,0.4,0.3,0.3,635.9434850863422,662.8888888888889,0.12718869701726845,184.64800117577894,221.09935332157553,0.011650967389978582,1.0000000000000002,1.0,1.0,28,8,2.2456292309760992,0,2.2456292309760992,False,False,False,True,0,608,20,0.4,0.3,0.3,balanced
1781498375251.465,0.4,0.3,0.3,632.5164835164835,658.2222222222222,0.1265032967032967,183.35796387520523,222.76409414340446,0.011564907530033704,1.0000000000000002,1.0,1.0,29,8,2.245929209059671,0,2.245929209059671,False,False,False,True,0,609,20,0.4,0.3,0.3,balanced
1781498377975.029,0.4,0.3,0.3,621.2527472527473,645.1111111111111,0.12425054945054946,246.72839506172838,290.3292181069958,0.015792421284971873,1.0000000000000002,1.0,1.0,32,8,2.2455620538342886,0,2.2455620538342886,False,False,False,True,0,610,20,0.4,0.3,0.3,balanced
1781498380696.05,0.4,0.3,0.3,617.4992150706437,640.2222222222222,0.12349984301412874,242.88727219282777,299.40329218106996,0.015536175596586242,1.0000000000000002,1.0,1.0,34,8,2.2459392101153726,0,2.2459392101153726,False,False,False,True,0,611,20,0.4,0.3,0.3,balanced
1781498383416.8242,0.4,0.3,0.3,615.4615384615386,637.1111111111111,0.12309230769230771,228.33700764256318,295.9097589653145,0.014565510850070925,1.0000000000000002,1.0,1.0,35,8,2.2463934236680556,0,2.2463934236680556,False,False,False,True,0,612,20,0.4,0.3,0.3,balanced
1781498386142.966,0.4,0.3,0.3,610.8194662480378,631.3333333333334,0.12216389324960755,274.0900383141762,323.1499726327313,0.017617747719424696,1.0000000000000002,1.0,1.0,37,8,2.2458491183843297,0,2.2458491183843297,False,False,False,True,0,613,20,0.4,0.3,0.3,balanced
1781498388861.0872,0.4,0.3,0.3,610.0078492935637,629.8888888888889,0.12200156985871274,294.9228395061728,355.08818342151676,0.01900752765217964,1.0000000000000002,1.0,1.0,38,8,2.245497113760861,0,2.245497113760861,False,False,False,True,0,614,20,0.4,0.3,0.3,balanced
1781498391585.623,0.4,0.3,0.3,604.442700156986,623.3333333333334,0.12088854003139721,313.94841269841265,396.468253968254,0.02027674534345648,1.0000000000000002,1.0,1.0,40,8,2.245561560384404,0,2.245561560384404,False,False,False,True,0,615,20,0.4,0.3,0.3,balanced
1781498394305.739,0.4,0.3,0.3,610.5824175824176,630.6666666666666,0.12211648351648352,319.6428571428571,399.88095238095235,0.020656628228342702,1.0000000000000002,1.0,1.0,38,8,2.2449564181249038,1,2.2449564181249038,False,False,False,True,0,616,20,0.4,0.3,0.3,balanced
1781498397025.2349,0.4,0.3,0.3,606.0847723704867,626.1111111111111,0.12121695447409733,280.39867852669784,352.04515246785775,0.01803860430464962,0.9677038468247261,0.9749920861031972,0.9677038468247261,40,8,2.236412790966384,0,2.236412790966384,False,False,False,True,0,617,20,0.4,0.3,0.3,balanced
1781498399740.566,0.4,0.3,0.3,608.8367346938777,628.8888888888889,0.12176734693877554,248.05418719211818,302.03612479474555,0.01588086639040148,1.0000000000000002,1.0,1.0,38,8,2.2465288013073694,1,2.2465288013073694,False,False,False,True,0,618,20,0.4,0.3,0.3,balanced
1781498402463.737,0.4,0.3,0.3,605.9623233908949,625.7777777777778,0.12119246467817897,301.4873603762492,367.5925925925926,0.019445454327968594,1.0000000000000002,1.0,1.0,40,8,2.2456893778303377,0,2.2456893778303377,False,False,False,True,0,619,20,0.4,0.3,0.3,balanced
1781498408771.96,0.4,0.3,0.3,608.7472527472528,628.5555555555555,0.12174945054945056,256.64428164428165,302.9817302039524,0.016453921390545807,0.995697424268853,0.9958847736625513,0.995697424268853,38,8,2.245073270643712,1,2.245073270643712,False,False,False,True,0,620,20,0.4,0.3,0.3,balanced
1781498411497.157,0.4,0.3,0.3,607.38147566719,626.5555555555555,0.121476295133438,275.0759441707717,330.96332785987966,0.01768351862380065,1.0000000000000002,1.0,1.0,40,8,2.2461044263594845,0,2.2461044263594845,False,False,False,True,0,621,20,0.4,0.3,0.3,balanced
1781498414219.842,0.4,0.3,0.3,604.4819466248038,623.8888888888889,0.12089638932496075,287.5431034482758,336.0673234811166,0.018515217041245886,1.0000000000000002,1.0,1.0,41,8,2.246086879157642,0,2.246086879157642,False,False,False,True,0,622,20,0.4,0.3,0.3,balanced
1781498417540.9429,0.4,0.3,0.3,401.82574568288857,411.55555555555554,0.08036514913657772,186.55826558265582,234.5528455284553,0.011778403307715532,0.6703296703296704,0.6666666666666666,0.6703296703296704,43,8,2.165419320451955,0,2.165419320451955,False,False,False,True,0,623,20,0.4,0.3,0.3,balanced
1781498420158.541,0.4,0.3,0.3,600.006279434851,617.3333333333334,0.12000125588697019,278.8433274544385,340.2630805408583,0.017934845060336126,1.0000000000000002,1.0,1.0,44,8,2.246619044127111,0,2.246619044127111,False,False,False,True,0,624,20,0.4,0.3,0.3,balanced
1781498423480.4211,0.4,0.3,0.3,603.4458398744114,619.5555555555555,0.12068916797488227,1163.4557156935207,1514.6822082614767,0.0769483466106418,0.6550633247061819,0.7338901401401401,0.6550633247061819,46,8,2.1251588262387093,0,2.1251588262387093,False,False,False,True,0,625,20,0.4,0.3,0.3,balanced
1781498426101.326,0.4,0.3,0.3,596.6405023547882,612.7777777777778,0.11932810047095764,279.0241034685479,333.261316872428,0.017946904834459498,1.0000000000000002,1.0,1.0,47,8,2.246884688361279,0,2.246884688361279,False,False,False,True,0,626,20,0.4,0.3,0.3,balanced
1781498428722.914,0.4,0.3,0.3,599.9764521193092,615.8888888888889,0.11999529042386184,318.7191358024691,401.77983539094646,0.020595005723980594,1.0000000000000002,1.0,1.0,46,8,2.245823382113261,1,2.245823382113261,False,False,False,True,0,627,20,0.4,0.3,0.3,balanced
1781498431344.537,0.4,0.3,0.3,598.6389324960754,614.7777777777778,0.11972778649921509,317.51616696061143,390.0749559082892,0.020514754300240922,1.0000000000000002,1.0,1.0,47,8,2.2459544591102416,0,2.2459544591102416,False,False,False,True,0,628,20,0.4,0.3,0.3,balanced
1781498433967.7131,0.4,0.3,0.3,593.5635792778652,609.5555555555555,0.11871271585557304,350.20061728395063,421.41240446795996,0.022695171266441,1.0000000000000002,1.0,1.0,49,8,2.2457063622778386,0,2.2457063622778386,False,False,False,True,0,629,20,0.4,0.3,0.3,balanced
1781498436589.7651,0.4,0.3,0.3,593.9529042386185,609.6666666666666,0.1187905808477237,320.8061434450323,414.050558495003,0.02073423238459188,0.9942812289751068,0.9960317460317462,0.9942812289751068,50,8,2.244547866638065,0,2.244547866638065,False,False,False,True,0,630,20,0.4,0.3,0.3,balanced
1781498439215.948,0.4,0.3,0.3,592.2904238618524,607.7777777777778,0.11845808477237049,365.950911228689,446.6166960611405,0.023745891342807805,1.0000000000000002,1.0,1.0,52,8,2.2454929986882095,0,2.2454929986882095,False,False,False,True,0,631,20,0.4,0.3,0.3,balanced
1781498445419.6912,0.4,0.3,0.3,591.3375196232339,606.2222222222222,0.11826750392464679,336.65343915343914,374.4517930629042,0.02179142355926879,1.0000000000000002,1.0,1.0,53,8,2.2461555713623604,0,2.2461555713623604,False,False,False,True,0,632,20,0.4,0.3,0.3,balanced
1781498448041.2778,0.4,0.3,0.3,589.7896389324962,603.5555555555555,0.11795792778649924,370.0574712643678,451.6543513957307,0.024019844647389446,1.0000000000000002,1.0,1.0,55,8,2.2456108754911837,0,2.2456108754911837,False,False,False,True,0,633,20,0.4,0.3,0.3,balanced
1781498450657.99,0.4,0.3,0.3,589.8084772370488,602.8888888888889,0.11796169544740977,404.4382868089765,481.8144499178982,0.026313428072646864,1.0000000000000002,1.0,1.0,56,8,2.244921293399242,0,2.244921293399242,False,False,False,True,0,634,20,0.4,0.3,0.3,balanced
1781498453279.0278,0.4,0.3,0.3,587.7676609105181,600.5555555555555,0.11755353218210361,434.64959759978916,525.4801942062478,0.02832885907937219,0.9942812289751068,0.9960317460317462,0.9942812289751068,58,8,2.242764298095879,0,2.242764298095879,False,False,False,True,0,635,20,0.4,0.3,0.3,balanced
1781498455901.358,0.4,0.3,0.3,586.0031397174256,599.0,0.11720062794348513,429.781746031746,510.69649698960046,0.028004119148215212,1.0000000000000002,1.0,1.0,59,8,2.2447185130781415,0,2.2447185130781415,False,False,False,True,0,636,20,0.4,0.3,0.3,balanced
1781498458523.649,0.4,0.3,0.3,587.0847723704867,599.8888888888889,0.11741695447409733,471.9827586206896,566.164477285167,0.030819396839272154,1.0000000000000002,1.0,1.0,61,8,2.2437873991585793,0,2.2437873991585793,False,False,False,True,0,637,20,0.4,0.3,0.3,balanced
1781498461138.388,0.4,0.3,0.3,583.7064364207223,595.3333333333334,0.11674128728414446,528.7575259989053,643.4209085933223,0.034606906337485345,1.0000000000000002,1.0,1.0,64,8,2.2429214131850967,0,2.2429214131850967,False,False,False,True,0,638,20,0.4,0.3,0.3,balanced
1781498463761.074,0.4,0.3,0.3,582.6169544740974,594.5555555555555,0.11652339089481947,515.404908877131,621.1390358612581,0.0337161380171535,1.0000000000000002,1.0,1.0,65,8,2.2432758022369264,0,2.2432758022369264,False,False,False,True,0,639,20,0.4,0.3,0.3,balanced
1781498466385.292,0.4,0.3,0.3,580.2888540031398,592.2222222222222,0.11605777080062796,580.7909140667762,684.9452654625069,0.03807811301312716,1.0000000000000002,1.0,1.0,67,8,2.2421534577758107,0,2.2421534577758107,False,False,False,True,0,640,20,0.4,0.3,0.3,balanced
1781498468997.0652,0.4,0.3,0.3,581.0643642072214,593.6666666666666,0.11621287284144428,445.7738095238096,535.4761904761904,0.02907096794688523,1.0000000000000002,1.0,1.0,65,8,2.2447935604793567,1,2.2447935604793567,False,False,False,True,0,641,20,0.4,0.3,0.3,balanced
1781498471620.239,0.4,0.3,0.3,583.2448979591837,595.0,0.11664897959183675,487.589627805145,601.2506841817187,0.03186054888626718,1.0000000000000002,1.0,1.0,64,8,2.2437822434973853,1,2.2437822434973853,False,False,False,True,0,642,20,0.4,0.3,0.3,balanced
1781498474240.468,0.4,0.3,0.3,582.7645211930926,594.3333333333334,0.11655290423861853,453.9785166940339,553.6371100164204,0.029618313321816803,1.0000000000000002,1.0,1.0,65,8,2.2444933443080077,0,2.2444933443080077,False,False,False,True,0,643,20,0.4,0.3,0.3,balanced
1781498480441.958,0.4,0.3,0.3,581.835164835165,594.2222222222222,0.11636703296703299,500.2298850574712,571.2219485495348,0.032703794867076134,1.0000000000000002,1.0,1.0,67,8,2.243642048353064,0,2.243642048353064,False,False,False,True,0,644,20,0.4,0.3,0.3,balanced
1781498483064.466,0.4,0.3,0.3,579.5133437990581,592.0,0.11590266875981163,449.98897707231043,542.0958259847149,0.029352166582542392,1.0000000000000002,1.0,1.0,65,8,2.2448332825213124,1,2.2448332825213124,False,False,False,True,0,645,20,0.4,0.3,0.3,balanced
1781498485684.284,0.4,0.3,0.3,580.4945054945057,592.7777777777778,0.11609890109890114,505.691023535851,584.9712643678162,0.033068113644819944,1.0000000000000002,1.0,1.0,67,8,2.2436400054669936,0,2.2436400054669936,False,False,False,True,0,646,20,0.4,0.3,0.3,balanced
1781498488307.239,0.4,0.3,0.3,581.0235478806908,592.7777777777778,0.11620470957613815,498.3251231527093,594.5593869731802,0.03257672602753231,1.0000000000000002,1.0,1.0,68,8,2.243745098361285,0,2.243745098361285,False,False,False,True,0,647,20,0.4,0.3,0.3,balanced
1781498490921.304,0.4,0.3,0.3,579.9010989010991,591.7777777777778,0.11598021978021981,502.8701423097974,554.5990695128626,0.032879929440280016,1.0000000000000002,1.0,1.0,67,8,2.243743933255828,1,2.243743933255828,False,False,False,True,0,648,20,0.4,0.3,0.3,balanced
1781498493540.8672,0.4,0.3,0.3,581.0439560439561,592.6666666666666,0.11620879120879121,481.81787082649157,545.4775588396277,0.03147550839402879,1.0000000000000002,1.0,1.0,65,8,2.244073830998275,1,2.244073830998275,False,False,False,True,0,649,20,0.4,0.3,0.3,balanced
1781498496157.796,0.4,0.3,0.3,580.7205651491366,593.1111111111111,0.11614411302982733,556.8253968253968,638.968253968254,0.03647934601903914,1.0000000000000002,1.0,1.0,64,8,2.242598550982357,1,2.242598550982357,False,False,False,True,0,650,20,0.4,0.3,0.3,balanced
1781498498779.513,0.4,0.3,0.3,581.4913657770802,594.6666666666666,0.11629827315541603,523.6316872427984,604.406231628454,0.034264955786711036,1.0000000000000002,1.0,1.0,61,8,2.2432012040018203,1,2.2432012040018203,False,False,False,True,0,651,20,0.4,0.3,0.3,balanced
1781498501395.124,0.4,0.3,0.3,583.9042386185243,597.4444444444445,0.11678084772370487,556.1309523809523,645.515873015873,0.03643301883795546,1.0000000000000002,1.0,1.0,59,8,2.2423577552591314,1,2.2423577552591314,False,False,False,True,0,652,20,0.4,0.3,0.3,balanced
1781498504007.427,0.4,0.3,0.3,583.7488226059655,596.5555555555555,0.11674976452119311,548.3333333333333,625.9523809523808,0.035912830776072935,1.0000000000000002,1.0,1.0,61,8,2.2425262449587007,0,2.2425262449587007,False,False,False,True,0,653,20,0.4,0.3,0.3,balanced
1781498506627.637,0.4,0.3,0.3,581.5871271585559,593.6666666666666,0.11631742543171117,533.2498631636563,639.1242474001095,0.0349065952744267,1.0000000000000002,1.0,1.0,64,8,2.2430010512449874,0,2.2430010512449874,False,False,False,True,0,654,20,0.4,0.3,0.3,balanced
1781498509246.9822,0.4,0.3,0.3,582.5871271585557,595.6666666666666,0.11651742543171115,522.5622605363985,592.0388615216201,0.034193613111167344,1.0000000000000002,1.0,1.0,61,8,2.2431349458939653,1,2.2431349458939653,False,False,False,True,0,655,20,0.4,0.3,0.3,balanced
1781498512064.09,0.4,0.3,0.3,547.9450549450551,527.4444444444445,0.10958901098901101,465.7504480286738,598.4767025089606,0.030403632290104992,0.9369113029827316,0.8854166666666666,0.9369113029827316,59,8,2.2281166968121835,1,2.2281166968121835,False,False,False,True,0,656,20,0.4,0.3,0.3,balanced
1781498518286.3691,0.4,0.3,0.3,583.7142857142859,597.0,0.11674285714285718,460.3108465608465,557.0723104056437,0.030040750270903704,1.0000000000000002,1.0,1.0,58,8,2.244290632061586,1,2.244290632061586,False,False,False,True,0,657,20,0.4,0.3,0.3,balanced
1781498520911.3481,0.4,0.3,0.3,587.9591836734694,601.3333333333334,0.11759183673469388,480.01028806584355,556.1816578483244,0.03135492248604693,1.0000000000000002,1.0,1.0,56,8,2.2435567885603085,1,2.2435567885603085,False,False,False,True,0,658,20,0.4,0.3,0.3,balanced
1781498523534.39,0.4,0.3,0.3,587.1193092621664,600.8888888888889,0.11742386185243328,451.0883303938859,514.6457965902409,0.02942550569672354,1.0000000000000002,1.0,1.0,55,8,2.2442028035500097,1,2.2442028035500097,False,False,False,True,0,659,20,0.4,0.3,0.3,balanced
1781498526355.4111,0.4,0.3,0.3,502.2464678178965,543.4444444444445,0.10044929356357929,487.8567428315412,514.3413978494623,0.031878368434392346,0.839874411302983,0.8888888888888888,0.839874411302983,53,8,2.2022190954351455,1,2.2022190954351455,False,False,False,True,0,660,20,0.4,0.3,0.3,balanced
1781498528969.76,0.4,0.3,0.3,590.7864992150708,605.4444444444445,0.11815729984301415,366.91578483245144,438.1937095825985,0.023810259161604497,1.0000000000000002,1.0,1.0,52,8,2.245594002314313,1,2.245594002314313,False,False,False,True,0,661,20,0.4,0.3,0.3,balanced
1781498531593.6838,0.4,0.3,0.3,595.5102040816328,611.4444444444445,0.11910204081632655,335.86640211640207,419.76778365667246,0.021738919420707277,1.0000000000000002,1.0,1.0,50,8,2.245837507847257,1,2.245837507847257,False,False,False,True,0,662,20,0.4,0.3,0.3,balanced
1781498534209.486,0.4,0.3,0.3,595.6122448979592,610.4444444444445,0.11912244897959183,324.9801587301588,406.70634920634916,0.021012685705814462,1.0000000000000002,1.0,1.0,49,8,2.2460472146964188,1,2.2460472146964188,False,False,False,True,0,663,20,0.4,0.3,0.3,balanced
1781498536830.696,0.4,0.3,0.3,598.6091051805339,614.4444444444445,0.11972182103610678,321.1008230452675,385.81354859132637,0.02075389079688242,1.0000000000000002,1.0,1.0,47,8,2.2458851043464927,1,2.2458851043464927,False,False,False,True,0,664,20,0.4,0.3,0.3,balanced
1781498539453.887,0.4,0.3,0.3,600.2417582417582,616.0,0.12004835164835165,330.7186948853615,392.54850088183423,0.02139550999902345,1.0000000000000002,1.0,1.0,46,8,2.2455620063409523,1,2.2455620063409523,False,False,False,True,0,665,20,0.4,0.3,0.3,balanced
1781498542079.622,0.4,0.3,0.3,602.5965463108321,619.6666666666666,0.12051930926216642,294.64941437163657,341.3026274137385,0.018989287149542133,1.0000000000000002,1.0,1.0,44,8,2.246095490150271,1,2.246095490150271,False,False,False,True,0,666,20,0.4,0.3,0.3,balanced
1781498544803.535,0.4,0.3,0.3,601.7472527472528,619.2222222222222,0.12034945054945055,300.4645593869731,343.8970990695128,0.01937722210720301,1.0000000000000002,1.0,1.0,43,8,2.2460470531480587,1,2.2460470531480587,False,False,False,True,0,667,20,0.4,0.3,0.3,balanced
1781498547516.488,0.4,0.3,0.3,601.806907378336,620.1111111111111,0.12036138147566719,307.2359058565955,374.18445539135195,0.01982894635467615,1.0000000000000002,1.0,1.0,43,8,2.24590676350333,2,2.24590676350333,False,False,False,True,0,668,20,0.4,0.3,0.3,balanced
1781498553707.56,0.4,0.3,0.3,602.8100470957614,620.3333333333334,0.12056200941915228,306.0984488762266,367.83475783475785,0.01975306530194974,1.0000000000000002,1.0,1.0,43,8,2.245849276641754,2,2.245849276641754,False,False,False,True,0,669,20,0.4,0.3,0.3,balanced
1781498556422.38,0.4,0.3,0.3,606.3218210361068,624.7777777777778,0.12126436420722136,287.02380952380946,342.3015873015873,0.018480574351154733,1.0000000000000002,1.0,1.0,41,8,2.245950082011765,1,2.245950082011765,False,False,False,True,0,670,20,0.4,0.3,0.3,balanced
1781498559145.621,0.4,0.3,0.3,606.9293563579279,626.4444444444445,0.12138587127158558,272.3576902025178,336.26847290640393,0.017502180800701653,1.0000000000000002,1.0,1.0,40,8,2.2461949972511555,1,2.2461949972511555,False,False,False,True,0,671,20,0.4,0.3,0.3,balanced
1781498561869.216,0.4,0.3,0.3,610.5416012558871,630.2222222222222,0.12210832025117743,266.59391534391534,329.8985890652557,0.017117672804797555,1.0000000000000002,1.0,1.0,38,8,2.2460213700580898,1,2.2460213700580898,False,False,False,True,0,672,20,0.4,0.3,0.3,balanced
1781498564589.746,0.4,0.3,0.3,611.5871271585559,631.8888888888889,0.12231742543171117,215.24250440917106,272.5117577895356,0.01369196160167919,1.0000000000000002,1.0,1.0,37,8,2.246965441346812,1,2.246965441346812,False,False,False,True,0,673,20,0.4,0.3,0.3,balanced
1781498567312.348,0.4,0.3,0.3,616.8916797488226,638.6666666666666,0.12337833594976452,235.27862569529233,289.0316781983449,0.015028594109092217,0.9940694226408515,0.9958847736625513,0.9940694226408515,35,8,2.244360914179622,1,2.244360914179622,False,False,False,True,0,674,20,0.4,0.3,0.3,balanced
1781498570031.7979,0.4,0.3,0.3,619.585557299843,641.6666666666666,0.1239171114599686,198.6331569664903,247.3162845385068,0.012583933086490346,1.0000000000000002,1.0,1.0,34,8,2.2466579754900655,1,2.2466579754900655,False,False,False,True,0,675,20,0.4,0.3,0.3,balanced
1781498572756.291,0.4,0.3,0.3,622.6938775510205,646.0,0.12453877551020409,200.14250667028443,242.67387961832407,0.012684623527036988,1.0000000000000002,1.0,1.0,32,8,2.2463791027378073,1,2.2463791027378073,False,False,False,True,0,676,20,0.4,0.3,0.3,balanced
1781498575482.313,0.4,0.3,0.3,631.4285714285716,657.4444444444445,0.1262857142857143,189.96201329534662,229.73567584678696,0.012005471200490102,1.0000000000000002,1.0,1.0,29,8,2.245884072925567,1,2.245884072925567,False,False,False,True,0,677,20,0.4,0.3,0.3,balanced
1781498578296.8708,0.4,0.3,0.3,633.4678178963894,660.3333333333334,0.12669356357927788,199.51628352490417,235.76628352490422,0.012642847466638036,1.0000000000000002,1.0,1.0,28,8,2.2455297203282973,1,2.2455297203282973,False,False,False,True,0,678,20,0.4,0.3,0.3,balanced
1781498581121.197,0.4,0.3,0.3,640.8806907378337,669.7777777777778,0.12817613814756673,151.521164021164,186.2580834803057,0.00944103829360667,1.0000000000000002,1.0,1.0,26,8,2.2458972332528915,1,2.2458972332528915,False,False,False,True,0,679,20,0.4,0.3,0.3,balanced
1781498583944.205,0.4,0.3,0.3,645.4442700156987,675.5555555555555,0.12908885400313974,149.82951205173427,184.54291593180483,0.009328186260956255,1.0000000000000002,1.0,1.0,25,8,2.2455660025204573,1,2.2455660025204573,False,False,False,True,0,680,20,0.4,0.3,0.3,balanced
1781498590356.246,0.4,0.3,0.3,641.784929356358,671.0,0.12835698587127162,162.11346266901822,194.5047031158142,0.010147662619681003,1.0000000000000002,1.0,1.0,26,8,2.245612906865587,0,2.245612906865587,False,False,False,True,0,681,20,0.4,0.3,0.3,balanced
1781498593180.542,0.4,0.3,0.3,645.9717425431711,676.5555555555555,0.12919434850863423,164.12404467960025,193.72134038800704,0.010281790839199483,1.0000000000000002,1.0,1.0,25,8,2.245237723344786,1,2.245237723344786,False,False,False,True,0,682,20,0.4,0.3,0.3,balanced
1781498595999.3132,0.4,0.3,0.3,654.9921507064366,687.7777777777778,0.13099843014128731,146.45061728395063,173.2494460272238,0.0091027763364877,1.0000000000000002,1.0,1.0,23,8,2.244869795042539,1,2.244869795042539,False,False,False,True,0,683,20,0.4,0.3,0.3,balanced
1781498598821.5872,0.4,0.3,0.3,644.4521193092623,674.4444444444445,0.12889042386185248,154.32980599647266,184.99706055261612,0.009628406003767355,1.0000000000000002,1.0,1.0,25,8,2.245555308654129,0,2.245555308654129,False,False,False,True,0,684,20,0.4,0.3,0.3,balanced
1781498601637.105,0.4,0.3,0.3,654.1664050235479,687.3333333333334,0.1308332810047096,146.27255460588793,177.11301044634376,0.009090897572107267,1.0000000000000002,1.0,1.0,23,8,2.244939418326484,1,2.244939418326484,False,False,False,True,0,685,20,0.4,0.3,0.3,balanced
1781498604557.2332,0.4,0.3,0.3,659.3893249607537,693.5555555555555,0.13187786499215073,173.87125220458555,202.26337448559673,0.01093203817242065,1.0000000000000002,1.0,1.0,22,8,2.2439692425514135,1,2.2439692425514135,False,False,False,True,0,686,20,0.4,0.3,0.3,balanced
1781498607478.88,0.4,0.3,0.3,670.7645211930927,708.6666666666666,0.13415290423861853,127.41566047121603,156.31280242391355,0.00783293265318319,1.0000000000000002,1.0,1.0,20,8,2.2439889585085977,1,2.2439889585085977,False,False,False,True,0,687,20,0.4,0.3,0.3,balanced
1781498610491.2368,0.4,0.3,0.3,677.3453689167975,716.6666666666666,0.1354690737833595,142.5587889476778,175.6334509112287,0.008843148028530874,1.0000000000000002,1.0,1.0,19,8,2.2431594260780967,1,2.2431594260780967,False,False,False,True,0,688,20,0.4,0.3,0.3,balanced
1781498613503.509,0.4,0.3,0.3,693.315541601256,737.0,0.1386631083202512,166.33111744222853,218.83507439062993,0.010429027180935859,1.0000000000000002,1.0,1.0,17,8,2.241406048517619,1,2.241406048517619,False,False,False,True,0,689,20,0.4,0.3,0.3,balanced
1781498616724.5989,0.4,0.3,0.3,606.2747252747254,653.5555555555555,0.12125494505494508,112.85722819593786,144.63918757467144,0.006861723028414801,0.883374689826303,0.8853046594982079,0.883374689826303,16,8,2.2144519120173882,1,2.2144519120173882,False,False,False,True,0,690,20,0.4,0.3,0.3,balanced
1781498619845.671,0.4,0.3,0.3,726.0204081632653,779.6666666666666,0.14520408163265305,121.07945552389997,143.31117442228555,0.007410237193055368,0.9940694226408515,0.9958847736625513,0.9940694226408515,14,8,2.2379161229812774,1,2.2379161229812774,False,False,False,True,0,691,20,0.4,0.3,0.3,balanced
1781498626647.896,0.4,0.3,0.3,740.2119309262167,798.2222222222222,0.14804238618524335,80.13521457965902,96.02733686067019,0.004678800172091996,1.0000000000000002,1.0,1.0,13,8,2.239379405474275,1,2.239379405474275,False,False,False,True,0,692,20,0.4,0.3,0.3,balanced
1781498630066.194,0.4,0.3,0.3,774.2166405023548,842.1111111111111,0.15484332810047097,58.2363315696649,73.50676072898295,0.0032179007051144027,1.0000000000000002,1.0,1.0,11,8,2.237097298548277,1,2.237097298548277,False,False,False,True,0,693,20,0.4,0.3,0.3,balanced
1781498633488.956,0.4,0.3,0.3,797.8414442700158,872.3333333333334,0.15956828885400318,63.57628996517885,80.69563152896487,0.0035741354212927854,0.9958718530147105,0.9958847736625513,0.9958718530147105,10,8,2.233861999736424,1,2.233861999736424,False,False,False,True,0,694,20,0.4,0.3,0.3,balanced
1781498636906.603,0.4,0.3,0.3,775.7566718995291,842.7777777777778,0.15515133437990583,71.77395649617871,83.46560846560845,0.0041210111071500145,1.0000000000000002,1.0,1.0,11,8,2.2367031629158927,0,2.2367031629158927,False,False,False,True,0,695,20,0.4,0.3,0.3,balanced
1781498640122.5432,0.4,0.3,0.3,740.1726844583987,797.5555555555555,0.14803453689167975,117.65799529688417,158.14814814814815,0.0071819876782444406,1.0000000000000002,1.0,1.0,13,8,2.238631588939855,0,2.238631588939855,False,False,False,True,0,696,20,0.4,0.3,0.3,balanced
1781498643247.852,0.4,0.3,0.3,725.1397174254317,778.7777777777778,0.14502794348508635,113.84140550807216,140.0696422918645,0.006927378619617889,1.0000000000000002,1.0,1.0,14,8,2.23991060902008,0,2.23991060902008,False,False,False,True,0,697,20,0.4,0.3,0.3,balanced
1781498646373.819,0.4,0.3,0.3,701.1381475667191,747.7777777777778,0.14022762951334383,131.43371546149322,161.37419165196945,0.00810098168522303,1.0000000000000002,1.0,1.0,16,8,2.2414786536890956,0,2.2414786536890956,False,False,False,True,0,698,20,0.4,0.3,0.3,balanced
1781498649393.385,0.4,0.3,0.3,692.3971742543172,736.1111111111111,0.13847943485086345,203.79821824266267,240.60009948898838,0.012928500216321725,0.995697424268853,0.9958847736625513,0.995697424268853,17,8,2.239438903275414,0,2.239438903275414,False,False,False,True,0,699,20,0.4,0.3,0.3,balanced
1781498652418.605,0.4,0.3,0.3,675.4929356357928,715.3333333333334,0.13509858712715855,149.33274544385654,182.79247501469723,0.009295046393853005,1.0000000000000002,1.0,1.0,19,8,2.2431720512309807,0,2.2431720512309807,False,False,False,True,0,700,20,0.4,0.3,0.3,balanced
1781498659715.376,0.4,0.3,0.3,402.95290423861854,499.44444444444446,0.0805905808477237,124.70189701897019,145.71815718157183,0.007651894397529699,0.5604395604395604,0.6666666666666666,0.5604395604395604,20,8,2.1336000674735196,0,2.1336000674735196,False,False,False,True,0,701,20,0.4,0.3,0.3,balanced
1781498662730.929,0.4,0.3,0.3,677.4583987441131,716.7777777777778,0.13549167974882262,180.6459435626102,214.84861845972958,0.011383985561214824,1.0000000000000002,1.0,1.0,19,8,2.2423881324321067,1,2.2423881324321067,False,False,False,True,0,702,20,0.4,0.3,0.3,balanced
1781498665756.536,0.4,0.3,0.3,692.9686028257457,737.2222222222222,0.13859372056514915,164.86325916881472,204.1803464025686,0.010331104681041675,1.0000000000000002,1.0,1.0,17,8,2.2414631803696277,1,2.2414631803696277,False,False,False,True,0,703,20,0.4,0.3,0.3,balanced
1781498668881.492,0.4,0.3,0.3,701.039246467818,747.8888888888889,0.14020784929356359,159.98971193415636,201.72545561434447,0.010005984785467402,1.0000000000000002,1.0,1.0,16,8,2.2409150648469343,1,2.2409150648469343,False,False,False,True,0,704,20,0.4,0.3,0.3,balanced
1781498672098.5562,0.4,0.3,0.3,725.3924646781791,778.2222222222222,0.14507849293563582,94.80158730158729,108.25396825396825,0.005657210627190613,1.0000000000000002,1.0,1.0,14,8,2.2402714396375885,1,2.2402714396375885,False,False,False,True,0,705,20,0.4,0.3,0.3,balanced
1781498675215.3872,0.4,0.3,0.3,702.2197802197802,749.2222222222222,0.14044395604395604,97.08333333333331,117.57936507936509,0.0058094285078941505,1.0000000000000002,1.0,1.0,16,8,2.242079589030049,0,2.242079589030049,False,False,False,True,0,706,20,0.4,0.3,0.3,balanced
1781498678229.095,0.4,0.3,0.3,694.5039246467819,739.2222222222222,0.13890078492935637,135.89579659024102,161.77101704879482,0.008398652207487726,1.0000000000000002,1.0,1.0,17,8,2.241920090366011,0,2.241920090366011,False,False,False,True,0,707,20,0.4,0.3,0.3,balanced
1781498681249.667,0.4,0.3,0.3,676.0675039246469,715.5555555555555,0.13521350078492939,135.63712522045853,168.91828336272783,0.008381395945327453,1.0000000000000002,1.0,1.0,19,8,2.24340018090243,0,2.24340018090243,False,False,False,True,0,708,20,0.4,0.3,0.3,balanced
1781498684174.304,0.4,0.3,0.3,670.4882260596546,708.6666666666666,0.13409764521193093,152.00696422918642,191.92465970243748,0.009473446579665538,1.0000000000000002,1.0,1.0,20,8,2.243518907941328,0,2.243518907941328,False,False,False,True,0,709,20,0.4,0.3,0.3,balanced
1781498687096.694,0.4,0.3,0.3,658.3092621664051,692.1111111111111,0.13166185243328102,131.89176245210726,162.75588396278053,0.00813153852248881,1.0000000000000002,1.0,1.0,22,8,2.244895797469941,0,2.244895797469941,False,False,False,True,0,710,20,0.4,0.3,0.3,balanced
1781498689920.0,0.4,0.3,0.3,654.9576138147568,687.6666666666666,0.13099152276295134,142.92022792022792,176.8502690724913,0.008867260034704998,1.0000000000000002,1.0,1.0,23,8,2.244943212884408,0,2.244943212884408,False,False,False,True,0,711,20,0.4,0.3,0.3,balanced
1781498696315.1218,0.4,0.3,0.3,645.072213500785,675.1111111111111,0.129014442700157,153.90138154027042,191.22134038800704,0.009599825319564404,1.0000000000000002,1.0,1.0,25,8,2.245514275324068,0,2.245514275324068,False,False,False,True,0,712,20,0.4,0.3,0.3,balanced
1781498699131.0881,0.4,0.3,0.3,654.7613814756672,687.5555555555555,0.13095227629513345,144.27271288382397,169.7198480531814,0.008957485849487924,1.0000000000000002,1.0,1.0,23,8,2.2449318437271004,1,2.2449318437271004,False,False,False,True,0,713,20,0.4,0.3,0.3,balanced
1781498702347.564,0.4,0.3,0.3,650.3751962323391,682.6666666666666,0.13007503924646782,397.4637410519763,431.10862122626827,0.025848148168911025,0.8228346154613437,0.8304550885196047,0.8228346154613437,25,8,2.1870659244891426,0,2.1870659244891426,False,False,False,True,0,714,20,0.4,0.3,0.3,balanced
1781498705965.3362,0.4,0.3,0.3,422.4583987441131,446.77777777777777,0.08449167974882262,123.91056910569105,156.6829268292683,0.0075991040097192165,0.6593406593406594,0.6666666666666666,0.6593406593406594,26,8,2.161725794699753,0,2.161725794699753,False,False,False,True,0,715,20,0.4,0.3,0.3,balanced
1781498708884.2239,0.4,0.3,0.3,645.4395604395604,676.1111111111111,0.1290879120879121,165.89422550629448,202.30295566502465,0.010399881621500632,0.9906349807827642,0.9923371647509579,0.9906349807827642,25,8,2.2424353649132143,1,2.2424353649132143,False,False,False,True,0,716,20,0.4,0.3,0.3,balanced
1781498711709.016,0.4,0.3,0.3,640.9701726844584,669.6666666666666,0.12819403453689168,139.59288653733097,168.15696649029982,0.008645289295352299,1.0000000000000002,1.0,1.0,26,8,2.2461287993966375,0,2.2461287993966375,False,False,False,True,0,717,20,0.4,0.3,0.3,balanced
1781498714522.358,0.4,0.3,0.3,635.348508634223,662.3333333333334,0.1270697017268446,167.60361552028218,201.50058788947678,0.01051391697933837,1.0000000000000002,1.0,1.0,28,8,2.2460179442154606,0,2.2460179442154606,False,False,False,True,0,718,20,0.4,0.3,0.3,balanced
1781498717346.934,0.4,0.3,0.3,633.6373626373628,660.5555555555555,0.12672747252747257,163.5242200328407,203.97235905856593,0.010241775852757885,1.0000000000000002,1.0,1.0,29,8,2.2462364782331834,0,2.2462364782331834,False,False,False,True,0,719,20,0.4,0.3,0.3,balanced
1781498720070.923,0.4,0.3,0.3,624.4583987441131,648.3333333333334,0.12489167974882262,209.0250079138968,247.50237416904085,0.01327718531780499,1.0000000000000002,1.0,1.0,32,8,2.2460601725051292,0,2.2460601725051292,False,False,False,True,0,720,20,0.4,0.3,0.3,balanced
1781498722791.92,0.4,0.3,0.3,618.5855572998431,641.2222222222222,0.12371711145996862,218.30173427395647,272.43974132863025,0.013896046315807636,1.0000000000000002,1.0,1.0,34,8,2.24634434152127,0,2.24634434152127,False,False,False,True,0,721,20,0.4,0.3,0.3,balanced
1781498725513.487,0.4,0.3,0.3,618.8634222919939,641.7777777777778,0.12377268445839877,209.32098765432102,256.7034097589653,0.013296930463930687,1.0000000000000002,1.0,1.0,34,8,2.2465018470774614,2,2.2465018470774614,False,False,False,True,0,722,20,0.4,0.3,0.3,balanced
1781498731823.366,0.4,0.3,0.3,617.1962323390895,639.5555555555555,0.12343924646781791,225.89981006647673,274.7974042418487,0.014402922619511456,1.0000000000000002,1.0,1.0,35,8,2.2463034246270195,0,2.2463034246270195,False,False,False,True,0,723,20,0.4,0.3,0.3,balanced
1781498734546.0889,0.4,0.3,0.3,613.1915227629514,633.8888888888889,0.12263830455259028,268.33259847148736,327.76748971193416,0.01723366233965893,1.0000000000000002,1.0,1.0,37,8,2.2457745794770663,0,2.2457745794770663,False,False,False,True,0,724,20,0.4,0.3,0.3,balanced
1781498737268.94,0.4,0.3,0.3,610.8618524332811,631.4444444444445,0.12217237048665622,235.62610229276896,284.8750734861846,0.015051774669297462,1.0000000000000002,1.0,1.0,38,8,2.246615519404548,0,2.246615519404548,False,False,False,True,0,725,20,0.4,0.3,0.3,balanced
1781498739983.583,0.4,0.3,0.3,607.0313971742543,625.8888888888889,0.12140627943485086,264.2761357416529,320.06978653530376,0.016963051083499193,1.0000000000000002,1.0,1.0,40,8,2.24634857290101,0,2.24634857290101,False,False,False,True,0,726,20,0.4,0.3,0.3,balanced
1781498742701.167,0.4,0.3,0.3,605.6106750392465,623.7777777777778,0.12112213500784931,304.4690749863163,373.947728516694,0.01964436791102844,1.0000000000000002,1.0,1.0,41,8,2.2456578356235517,0,2.2456578356235517,False,False,False,True,0,727,20,0.4,0.3,0.3,balanced
1781498745414.4749,0.4,0.3,0.3,606.7331240188385,626.2222222222222,0.12134662480376769,250.55261610817163,309.6310993533216,0.016047539433500443,1.0000000000000002,1.0,1.0,40,8,2.2466470882484426,1,2.2466470882484426,False,False,False,True,0,728,20,0.4,0.3,0.3,balanced
1781498748137.827,0.4,0.3,0.3,606.2731554160126,625.1111111111111,0.12125463108320253,266.80555555555554,323.531746031746,0.017131791564746868,1.0000000000000002,1.0,1.0,41,8,2.2463586100972948,0,2.2463586100972948,False,False,False,True,0,729,20,0.4,0.3,0.3,balanced
1781498750862.708,0.4,0.3,0.3,600.9136577708007,618.8888888888889,0.12018273155416014,271.39367309290685,334.63706947231844,0.01743787011960686,0.925655976676385,0.9484126984126983,0.925655976676385,43,8,2.2243923393453695,0,2.2243923393453695,False,False,False,True,0,730,20,0.4,0.3,0.3,balanced
1781498753585.96,0.4,0.3,0.3,600.7001569858713,618.5555555555555,0.12014003139717426,308.64600437876294,354.14066776135746,0.019923015635674647,1.0000000000000002,1.0,1.0,44,8,2.245967082750428,0,2.245967082750428,False,False,False,True,0,731,20,0.4,0.3,0.3,balanced
1781498756209.6912,0.4,0.3,0.3,596.668759811617,613.4444444444445,0.11933375196232339,314.7855333966445,345.16777461221903,0.02033259062018976,1.0000000000000002,1.0,1.0,46,8,2.2461667220290136,0,2.2461667220290136,False,False,False,True,0,732,20,0.4,0.3,0.3,balanced
1781498758833.676,0.4,0.3,0.3,596.773940345369,613.6666666666666,0.1193547880690738,302.9020259575815,348.57391579613807,0.019539828282693895,1.0000000000000002,1.0,1.0,47,8,2.2463961362875624,0,2.2463961362875624,False,False,False,True,0,733,20,0.4,0.3,0.3,balanced
1781498761451.48,0.4,0.3,0.3,594.6687598116171,610.1111111111111,0.11893375196232342,362.38683127572017,426.50205761316874,0.0235081275033836,1.0000000000000002,1.0,1.0,49,8,2.2453740609640556,0,2.2453740609640556,False,False,False,True,0,734,20,0.4,0.3,0.3,balanced
1781498767657.915,0.4,0.3,0.3,595.1946624803768,610.3333333333334,0.11903893249607536,330.86736308958524,414.1595441595442,0.02140542782452203,1.0000000000000002,1.0,1.0,50,8,2.2459627986542134,0,2.2459627986542134,False,False,False,True,0,735,20,0.4,0.3,0.3,balanced
1781498770682.679,0.4,0.3,0.3,596.3579277864992,610.3333333333334,0.11927158555729984,799.9250333000333,1058.7014374514374,0.052696800086726704,0.7142577746423291,0.7836793968607094,0.7142577746423291,52,8,2.1507596581437607,0,2.1507596581437607,False,False,False,True,0,736,20,0.4,0.3,0.3,balanced
1781498773296.3171,0.4,0.3,0.3,590.193092621664,604.3333333333334,0.11803861852433281,367.28395061728395,435.0617283950617,0.023834819921099662,1.0000000000000002,1.0,1.0,53,8,2.245634106613937,0,2.245634106613937,False,False,False,True,0,737,20,0.4,0.3,0.3,balanced
1781498775918.171,0.4,0.3,0.3,592.3281004709577,606.8888888888889,0.11846562009419154,358.58833039388594,443.28924162257493,0.023254725176376646,1.0000000000000002,1.0,1.0,52,8,2.2456373344094103,1,2.2456373344094103,False,False,False,True,0,738,20,0.4,0.3,0.3,balanced
1781498778540.4539,0.4,0.3,0.3,589.657770800628,604.5555555555555,0.1179315541601256,371.4631099353321,437.2986478542034,0.02411361640662656,1.0000000000000002,1.0,1.0,53,8,2.245593293413962,0,2.245593293413962,False,False,False,True,0,739,20,0.4,0.3,0.3,balanced
1781498781165.293,0.4,0.3,0.3,590.7221350078494,604.3333333333334,0.11814442700156988,358.2422104644326,417.3574368018812,0.02323163512104287,1.0000000000000002,1.0,1.0,55,8,2.2457727386630593,0,2.2457727386630593,False,False,False,True,0,740,20,0.4,0.3,0.3,balanced
1781498783791.324,0.4,0.3,0.3,587.5039246467819,601.5555555555555,0.11750078492935638,380.9847148736037,432.9291593180482,0.024748813533929534,1.0000000000000002,1.0,1.0,56,8,2.2455750419680784,0,2.2455750419680784,False,False,False,True,0,741,20,0.4,0.3,0.3,balanced
1781498786416.599,0.4,0.3,0.3,586.0753532182105,599.5555555555555,0.11721507064364209,383.2613168724279,442.9144620811287,0.024900688250328748,1.0000000000000002,1.0,1.0,58,8,2.2456437652674444,0,2.2456437652674444,False,False,False,True,0,742,20,0.4,0.3,0.3,balanced
1781498789039.815,0.4,0.3,0.3,584.9843014128728,598.2222222222222,0.11699686028257456,359.60317460317464,414.28571428571433,0.02332242659127249,1.0000000000000002,1.0,1.0,59,8,2.2462045279095886,0,2.2462045279095886,False,False,False,True,0,743,20,0.4,0.3,0.3,balanced
1781498792661.0342,0.4,0.3,0.3,267.0266875981162,337.77777777777777,0.053405337519623244,241.89342403628115,248.07256235827663,0.01546987485232029,0.4489795918367347,0.5555555555555556,0.4489795918367347,61,8,2.1086907800874752,0,2.1086907800874752,False,False,False,True,0,744,20,0.4,0.3,0.3,balanced
1781498795581.379,0.4,0.3,0.3,587.4175824175825,600.4444444444445,0.1174835164835165,952.5237670825906,1243.3699742523272,0.06287683569597002,0.764109105180534,0.8104166666666667,0.764109105180534,59,8,2.1633762742519624,1,2.1633762742519624,False,False,False,True,0,745,20,0.4,0.3,0.3,balanced
1781498798204.835,0.4,0.3,0.3,583.9717425431712,596.6666666666666,0.11679434850863424,433.4523809523809,518.7051734273956,0.02824899139108612,1.0000000000000002,1.0,1.0,61,8,2.2448075631792204,0,2.2448075631792204,False,False,False,True,0,746,20,0.4,0.3,0.3,balanced
1781498804401.1172,0.4,0.3,0.3,584.2888540031398,596.7777777777778,0.11685777080062797,457.5992063492064,554.1269841269841,0.029859853659053127,1.0000000000000002,1.0,1.0,64,8,2.244298935582033,0,2.244298935582033,False,False,False,True,0,747,20,0.4,0.3,0.3,balanced
1781498807028.368,0.4,0.3,0.3,586.315541601256,598.4444444444445,0.11726310832025119,420.515873015873,533.2539682539683,0.027385982189184324,1.0000000000000002,1.0,1.0,61,8,2.2448789620151444,1,2.2448789620151444,False,False,False,True,0,748,20,0.4,0.3,0.3,balanced
1781498809649.6028,0.4,0.3,0.3,583.3956043956044,595.3333333333334,0.11667912087912088,467.8571428571428,588.6904761904763,0.030544172305346416,1.0000000000000002,1.0,1.0,64,8,2.2441650999567475,0,2.2441650999567475,False,False,False,True,0,749,20,0.4,0.3,0.3,balanced
1781498812277.085,0.4,0.3,0.3,582.3971742543172,594.1111111111111,0.11647943485086344,440.2483579638752,529.9124247400109,0.028702358770105085,1.0000000000000002,1.0,1.0,65,8,2.244797518428623,0,2.244797518428623,False,False,False,True,0,750,20,0.4,0.3,0.3,balanced
1781498814903.1812,0.4,0.3,0.3,579.9827315541602,591.2222222222222,0.11599654631083203,478.3832785987958,571.6023535851123,0.031246382828472037,1.0000000000000002,1.0,1.0,67,8,2.244227466627126,0,2.244227466627126,False,False,False,True,0,751,20,0.4,0.3,0.3,balanced
1781498817527.408,0.4,0.3,0.3,579.5871271585559,590.8888888888889,0.11591742543171117,475.9597295708407,576.6416813639034,0.031084705108128132,1.0000000000000002,1.0,1.0,68,8,2.244307618294877,0,2.244307618294877,False,False,False,True,0,752,20,0.4,0.3,0.3,balanced
1781498820148.9229,0.4,0.3,0.3,581.0376766091051,592.0,0.11620753532182103,495.3325123152709,602.8243021346469,0.03237708554471454,1.0000000000000002,1.0,1.0,67,8,2.243803860207857,1,2.243803860207857,False,False,False,True,0,753,20,0.4,0.3,0.3,balanced
1781498822762.5562,0.4,0.3,0.3,582.5698587127159,593.8888888888889,0.11651397174254319,474.6577824403494,610.655192685844,0.03099785072984319,1.0000000000000002,1.0,1.0,65,8,2.2440950560840296,1,2.2440950560840296,False,False,False,True,0,754,20,0.4,0.3,0.3,balanced
1781498825383.291,0.4,0.3,0.3,583.8147566718997,595.8888888888889,0.11676295133437993,505.70744389709904,599.6880131362891,0.0330692090658505,1.0000000000000002,1.0,1.0,64,8,2.243374056746493,1,2.243374056746493,False,False,False,True,0,755,20,0.4,0.3,0.3,balanced
1781498828007.952,0.4,0.3,0.3,585.740973312402,598.7777777777778,0.11714819466248041,398.90599343185545,477.7353585112205,0.025944362470437323,1.0000000000000002,1.0,1.0,61,8,2.2453574133938767,1,2.2453574133938767,False,False,False,True,0,756,20,0.4,0.3,0.3,balanced
1781498830633.933,0.4,0.3,0.3,583.0816326530613,595.4444444444445,0.11661632653061227,515.0389983579638,620.2175697865354,0.03369172770900359,1.0000000000000002,1.0,1.0,64,8,2.243245951075054,0,2.243245951075054,False,False,False,True,0,757,20,0.4,0.3,0.3,balanced
1781498833258.97,0.4,0.3,0.3,584.8335949764522,598.3333333333334,0.11696671899529044,392.0436507936508,464.8412698412698,0.02548656776475322,1.0000000000000002,1.0,1.0,61,8,2.245567342072458,1,2.245567342072458,False,False,False,True,0,758,20,0.4,0.3,0.3,balanced
1781498839472.316,0.4,0.3,0.3,585.7660910518055,599.7777777777778,0.1171532182103611,376.20811287477954,448.289241622575,0.024430160965629055,1.0000000000000002,1.0,1.0,59,8,2.245809664426167,1,2.245809664426167,False,False,False,True,0,759,20,0.4,0.3,0.3,balanced
1781498842094.783,0.4,0.3,0.3,588.1962323390895,602.5555555555555,0.11763924646781791,394.1071428571429,463.45238095238096,0.02562422567425903,1.0000000000000002,1.0,1.0,58,8,2.2452570337105953,1,2.2452570337105953,False,False,False,True,0,760,20,0.4,0.3,0.3,balanced
1781498844722.7769,0.4,0.3,0.3,587.7064364207223,601.4444444444445,0.11754128728414447,425.47839506172835,478.56114050558494,0.027717037695912498,1.0000000000000002,1.0,1.0,56,8,2.2446683737775683,1,2.2446683737775683,False,False,False,True,0,761,20,0.4,0.3,0.3,balanced
1781498847346.838,0.4,0.3,0.3,587.9434850863422,601.2222222222222,0.11758869701726844,424.3445032333921,486.5858318636096,0.027641394478545172,1.0000000000000002,1.0,1.0,58,8,2.244672102849529,0,2.244672102849529,False,False,False,True,0,762,20,0.4,0.3,0.3,balanced
1781498849974.295,0.4,0.3,0.3,587.8963893249609,602.0,0.11757927786499217,398.7654320987654,428.44356261022926,0.02593498546356007,1.0000000000000002,1.0,1.0,56,8,2.245187793214935,1,2.245187793214935,False,False,False,True,0,763,20,0.4,0.3,0.3,balanced
1781498852599.104,0.4,0.3,0.3,588.6813186813189,602.6666666666666,0.11773626373626378,380.05952380952374,440.43650793650795,0.02468709298262333,1.0000000000000002,1.0,1.0,55,8,2.2454993666107077,1,2.2454993666107077,False,False,False,True,0,764,20,0.4,0.3,0.3,balanced
1781498855225.54,0.4,0.3,0.3,590.7205651491366,606.1111111111111,0.11814411302982733,384.4348912404468,429.93092298647855,0.024978978735186577,1.0000000000000002,1.0,1.0,53,8,2.245248661167513,1,2.245248661167513,False,False,False,True,0,765,20,0.4,0.3,0.3,balanced
1781498857849.3481,0.4,0.3,0.3,591.6624803767661,606.2222222222222,0.11833249607535322,309.75382128159913,349.73985890652557,0.01999691936501662,1.0000000000000002,1.0,1.0,52,8,2.2466679257603537,1,2.2466679257603537,False,False,False,True,0,766,20,0.4,0.3,0.3,balanced
1781498860473.144,0.4,0.3,0.3,594.0376766091052,609.8888888888889,0.11880753532182105,281.8356848912404,323.884479717813,0.01813446863850837,1.0000000000000002,1.0,1.0,50,8,2.247036645279719,1,2.247036645279719,False,False,False,True,0,767,20,0.4,0.3,0.3,balanced
1781498863097.551,0.4,0.3,0.3,594.5698587127159,610.5555555555555,0.11891397174254319,291.3962375073486,336.5917107583774,0.018772264009829794,1.0000000000000002,1.0,1.0,49,8,2.2468027321000337,1,2.2468027321000337,False,False,False,True,0,768,20,0.4,0.3,0.3,balanced
1781498865722.036,0.4,0.3,0.3,597.5227629513345,614.3333333333334,0.11950455259026689,279.074074074074,308.8477366255144,0.01795023843055864,1.0000000000000002,1.0,1.0,47,8,2.2468131074347255,1,2.2468131074347255,False,False,False,True,0,769,20,0.4,0.3,0.3,balanced
1781498868347.6309,0.4,0.3,0.3,597.8634222919937,614.8888888888889,0.11957268445839875,295.20723104056435,357.1619635508525,0.01902649973586153,1.0000000000000002,1.0,1.0,46,8,2.246462976295882,1,2.246462976295882,False,False,False,True,0,770,20,0.4,0.3,0.3,balanced
1781498874556.886,0.4,0.3,0.3,600.8806907378337,618.8888888888889,0.12017613814756674,280.5231085786641,317.17790440012664,0.018046905175361182,1.0000000000000002,1.0,1.0,44,8,2.246515473188365,1,2.246515473188365,False,False,False,True,0,771,20,0.4,0.3,0.3,balanced
1781498877282.0908,0.4,0.3,0.3,597.138147566719,614.6666666666666,0.1194276295133438,260.03078817733984,301.4846743295019,0.01667983910455903,1.0000000000000002,1.0,1.0,46,8,2.2472249964632947,0,2.2472249964632947,False,False,False,True,0,772,20,0.4,0.3,0.3,balanced
1781498879896.706,0.4,0.3,0.3,602.4474097331241,620.4444444444445,0.12048948194662483,257.86302175191065,322.16931216931215,0.01653522493341632,1.0000000000000002,1.0,1.0,44,8,2.246843639741325,1,2.246843639741325,False,False,False,True,0,773,20,0.4,0.3,0.3,balanced
1781498882520.7688,0.4,0.3,0.3,603.9560439560439,622.0,0.12079120879120878,272.21747388414053,331.7188983855651,0.017492826810149468,1.0000000000000002,1.0,1.0,43,8,2.246435668440472,1,2.246435668440472,False,False,False,True,0,774,20,0.4,0.3,0.3,balanced
1781498885141.615,0.4,0.3,0.3,605.3249607535323,624.3333333333334,0.12106499215070646,225.70354542576763,267.4976258309592,0.014389829581438801,1.0000000000000002,1.0,1.0,41,8,2.247257054265286,1,2.247257054265286,False,False,False,True,0,775,20,0.4,0.3,0.3,balanced
1781498887762.208,0.4,0.3,0.3,608.5007849293564,627.5555555555555,0.12170015698587129,262.6012978790757,325.00158277936055,0.016851320739097776,1.0000000000000002,1.0,1.0,40,8,2.246264540983922,1,2.246264540983922,False,False,False,True,0,776,20,0.4,0.3,0.3,balanced
1781498890486.485,0.4,0.3,0.3,610.5353218210361,630.4444444444445,0.12210706436420721,2372.0833333333335,2557.7380952380945,0.15757727373804759,1.0000000000000002,1.0,1.0,38,8,2.2038839921329028,1,2.2038839921329028,False,False,False,True,0,777,20,0.4,0.3,0.3,balanced
1781498893506.876,0.4,0.3,0.3,499.0973312401884,483.55555555555554,0.09981946624803768,171.04621848739495,225.07656395891686,0.01074357695045997,0.8304552590266877,0.7777777777777778,0.8304552590266877,37,8,2.205985718123653,1,2.205985718123653,False,False,False,True,0,778,20,0.4,0.3,0.3,balanced
1781498896233.065,0.4,0.3,0.3,615.5180533751962,637.7777777777778,0.12310361067503925,228.21702244116037,270.1614668856048,0.014557506500410966,1.0000000000000002,1.0,1.0,35,8,2.246391303779861,1,2.246391303779861,False,False,False,True,0,779,20,0.4,0.3,0.3,balanced
1781498898958.4502,0.4,0.3,0.3,618.8806907378337,641.1111111111111,0.12377613814756673,203.82936507936506,254.44444444444446,0.012930578057329223,1.0000000000000002,1.0,1.0,34,8,2.2466103713237744,1,2.2466103713237744,False,False,False,True,0,780,20,0.4,0.3,0.3,balanced
1781498901679.007,0.4,0.3,0.3,622.2919937205652,646.3333333333334,0.12445839874411303,189.4106407995297,226.82245737801293,0.011968688512310185,1.0000000000000002,1.0,1.0,32,8,2.2466260339486617,1,2.2466260339486617,False,False,False,True,0,781,20,0.4,0.3,0.3,balanced
1781498904491.363,0.4,0.3,0.3,632.3202511773941,658.0,0.12646405023547883,171.09126984126982,212.16490299823633,0.010746582377669768,1.0000000000000002,1.0,1.0,29,8,2.2461904051925075,1,2.2461904051925075,False,False,False,True,0,782,20,0.4,0.3,0.3,balanced
1781498911099.2341,0.4,0.3,0.3,634.3626373626374,661.7777777777778,0.12687252747252747,148.484057646356,163.93720131421742,0.009238429462732222,0.8348704866562011,0.8854166666666666,0.8348704866562011,28,8,2.1969406061690298,1,2.1969406061690298,False,False,False,True,0,783,20,0.4,0.3,0.3,balanced
1781498913918.04,0.4,0.3,0.3,641.1350078492935,670.5555555555555,0.1282270015698587,163.71619635508526,201.9958847736626,0.010254582812213826,1.0000000000000002,1.0,1.0,26,8,2.2456328245283923,1,2.2456328245283923,False,False,False,True,0,784,20,0.4,0.3,0.3,balanced
1781498916736.313,0.4,0.3,0.3,645.4646781789639,675.4444444444445,0.1290929356357928,149.45948084836974,188.00886356441913,0.009303501057262825,1.0000000000000002,1.0,1.0,25,8,2.245571775428504,1,2.245571775428504,False,False,False,True,0,785,20,0.4,0.3,0.3,balanced
1781498919655.344,0.4,0.3,0.3,652.8304552590267,685.6666666666666,0.13056609105180536,139.14614121510672,164.23234811165847,0.0086154864052773,1.0000000000000002,1.0,1.0,23,8,2.2451889176576945,1,2.2451889176576945,False,False,False,True,0,786,20,0.4,0.3,0.3,balanced
1781498922775.328,0.4,0.3,0.3,659.2668759811617,693.3333333333334,0.13185337519623233,278.5306899641577,348.34811827956986,0.01791398865671499,0.8494943797661105,0.8734396242738846,0.8494943797661105,22,8,2.1967327672543258,1,2.1967327672543258,False,False,False,True,0,787,20,0.4,0.3,0.3,balanced
1781498925694.201,0.4,0.3,0.3,669.0659340659341,706.7777777777778,0.13381318681318682,141.94517930629038,178.74191651969429,0.008802213429372274,1.0000000000000002,1.0,1.0,20,8,2.243834061245914,1,2.243834061245914,False,False,False,True,0,788,20,0.4,0.3,0.3,balanced
1781498928617.6218,0.4,0.3,0.3,676.8053375196233,717.0,0.13536106750392465,153.6008230452675,185.02057613168722,0.009579774719497499,1.0000000000000002,1.0,1.0,19,8,2.242981640582581,1,2.242981640582581,False,False,False,True,0,789,20,0.4,0.3,0.3,balanced
1781498931634.923,0.4,0.3,0.3,692.4756671899529,736.5555555555555,0.13849513343799058,126.5623162845385,156.5873015873016,0.007776005089028586,1.0000000000000002,1.0,1.0,17,8,2.242269145098095,1,2.242269145098095,False,False,False,True,0,790,20,0.4,0.3,0.3,balanced
1781498934656.196,0.4,0.3,0.3,703.3406593406594,751.4444444444445,0.14066813186813187,113.95061728395059,137.201646090535,0.00693466426177122,1.0000000000000002,1.0,1.0,16,8,2.241652347974216,1,2.241652347974216,False,False,False,True,0,791,20,0.4,0.3,0.3,balanced
1781498937672.482,0.4,0.3,0.3,692.8665620094192,736.8888888888889,0.13857331240188384,111.92166372721928,134.61052322163434,0.006799310455451586,1.0000000000000002,1.0,1.0,17,8,2.242530881902611,0,2.242530881902611,False,False,False,True,0,792,20,0.4,0.3,0.3,balanced
1781498940889.526,0.4,0.3,0.3,683.8351648351648,725.4444444444445,0.13676703296703296,623.7679211469533,618.9101702508962,0.04094515818191816,0.9314073023750444,0.9050179211469533,0.9314073023750444,19,8,2.2124318300711248,0,2.2124318300711248,False,False,False,True,0,793,20,0.4,0.3,0.3,balanced
1781498947489.361,0.4,0.3,0.3,691.1522762951336,735.7777777777778,0.13823045525902672,106.93121693121692,132.70870076425632,0.006466392056785652,1.0000000000000002,1.0,1.0,17,8,2.2427679002793535,1,2.2427679002793535,False,False,False,True,0,794,20,0.4,0.3,0.3,balanced
1781498950501.7642,0.4,0.3,0.3,704.945054945055,752.0,0.14098901098901098,116.42727128838239,135.39332067109842,0.007099884675675943,1.0000000000000002,1.0,1.0,16,8,2.2414744302016927,1,2.2414744302016927,False,False,False,True,0,795,20,0.4,0.3,0.3,balanced
1781498953626.832,0.4,0.3,0.3,725.0062794348509,778.6666666666666,0.14500125588697016,147.62266540044317,171.6650838873061,0.009180965003365122,1.0000000000000002,1.0,1.0,14,8,2.2392452081442022,1,2.2392452081442022,False,False,False,True,0,796,20,0.4,0.3,0.3,balanced
1781498956851.842,0.4,0.3,0.3,739.3846153846155,797.3333333333334,0.1478769230769231,98.52411477411476,123.58262108262107,0.005905544681395248,0.9940694226408515,0.9958847736625513,0.9940694226408515,13,8,2.2372983941570674,1,2.2372983941570674,False,False,False,True,0,797,20,0.4,0.3,0.3,balanced
1781498960769.072,0.4,0.3,0.3,570.3846153846154,671.5555555555555,0.11407692307692308,59.195144724556485,68.19981325863678,0.0032818642244534014,0.7205651491365779,0.7777777777777778,0.7205651491365779,11,8,2.1695542162428683,1,2.1695542162428683,False,False,False,True,0,798,20,0.4,0.3,0.3,balanced
1781498964181.694,0.4,0.3,0.3,796.4740973312403,871.7777777777778,0.15929481946624804,164.80085243974133,208.16137566137567,0.010326941456954059,1.0000000000000002,1.0,1.0,10,8,2.2331839897764145,1,2.2331839897764145,False,False,False,True,0,799,20,0.4,0.3,0.3,balanced
1781498967601.9321,0.4,0.3,0.3,775.4568288854005,843.2222222222222,0.1550913657770801,138.8369417583977,140.6144965436153,0.008594859356797711,0.9832380849270366,0.9883689107827038,0.9832380849270366,11,8,2.2303564213602396,0,2.2303564213602396,False,False,False,True,0,800,20,0.4,0.3,0.3,balanced
1781498970822.368,0.4,0.3,0.3,739.784929356358,798.3333333333334,0.1479569858712716,77.32142857142857,95.40123456790123,0.004491089297626989,1.0000000000000002,1.0,1.0,13,8,2.239469878862203,0,2.239469878862203,False,False,False,True,0,801,20,0.4,0.3,0.3,balanced
1781498974049.0151,0.4,0.3,0.3,725.3736263736265,779.0,0.1450747252747253,4029.642291864514,3988.685501741057,0.26815492273946057,0.9722035334280235,0.9760435038212817,0.9722035334280235,14,8,2.1531846930966787,0,2.1531846930966787,False,False,False,True,0,802,20,0.4,0.3,0.3,balanced
1781498977064.595,0.4,0.3,0.3,702.1789638932497,750.0,0.14043579277864995,94.04241848686291,109.3431465653688,0.0056065656095305475,1.0000000000000002,1.0,1.0,16,8,2.2421437132056807,0,2.2421437132056807,False,False,False,True,0,803,20,0.4,0.3,0.3,balanced
1781498983669.641,0.4,0.3,0.3,693.9858712715856,738.1111111111111,0.13879717425431712,107.5925925925926,131.60493827160496,0.006510513181627258,1.0000000000000002,1.0,1.0,17,8,2.242527976343785,0,2.242527976343785,False,False,False,True,0,804,20,0.4,0.3,0.3,balanced
1781498986583.959,0.4,0.3,0.3,677.3076923076924,716.6666666666666,0.13546153846153847,112.02991452991452,137.76353276353277,0.006806531989987627,1.0000000000000002,1.0,1.0,19,8,2.2437734250183885,0,2.2437734250183885,False,False,False,True,0,805,20,0.4,0.3,0.3,balanced
1781498989601.042,0.4,0.3,0.3,693.6923076923076,738.2222222222222,0.13873846153846153,102.47230136119026,124.98258942703387,0.006168932712554387,1.0000000000000002,1.0,1.0,17,8,2.242653935570849,1,2.242653935570849,False,False,False,True,0,806,20,0.4,0.3,0.3,balanced
1781498992618.1929,0.4,0.3,0.3,678.0690737833596,717.7777777777778,0.13561381475667192,123.559670781893,146.77689594356264,0.007575695182247699,1.0000000000000002,1.0,1.0,19,8,2.243481765542657,0,2.243481765542657,False,False,False,True,0,807,20,0.4,0.3,0.3,balanced
1781498995541.47,0.4,0.3,0.3,670.6891679748823,708.8888888888889,0.13413783359497644,177.2979129923574,217.064961787184,0.011160634622572208,1.0000000000000002,1.0,1.0,20,8,2.242996676175238,0,2.242996676175238,False,False,False,True,0,808,20,0.4,0.3,0.3,balanced
1781498998465.41,0.4,0.3,0.3,657.6562009419154,692.1111111111111,0.13153124018838308,184.13947677836566,214.3636096413874,0.011617043147322592,1.0000000000000002,1.0,1.0,22,8,2.24390239098045,0,2.24390239098045,False,False,False,True,0,809,20,0.4,0.3,0.3,balanced
1781499001386.207,0.4,0.3,0.3,651.6703296703297,684.5555555555555,0.13033406593406593,227.05596606458678,283.8177339901478,0.01448005110504248,1.0000000000000002,1.0,1.0,23,8,2.243522358294861,0,2.243522358294861,False,False,False,True,0,810,20,0.4,0.3,0.3,balanced
1781499004204.111,0.4,0.3,0.3,643.0894819466249,673.4444444444445,0.12861789638932497,208.65384615384613,238.0943336498892,0.013252424693385332,1.0000000000000002,1.0,1.0,25,8,2.2445771140362543,0,2.2445771140362543,False,False,False,True,0,811,20,0.4,0.3,0.3,balanced
1781499007028.127,0.4,0.3,0.3,639.7032967032967,669.2222222222222,0.12794065934065935,199.3092298647854,221.71810699588477,0.012629034680772876,1.0000000000000002,1.0,1.0,26,8,2.2450350258595044,0,2.2450350258595044,False,False,False,True,0,812,20,0.4,0.3,0.3,balanced
1781499009847.7732,0.4,0.3,0.3,630.4583987441131,657.6666666666666,0.12609167974882263,201.91798941798945,243.38330393885948,0.012803068006536987,1.0000000000000002,1.0,1.0,28,8,2.24572240769851,0,2.24572240769851,False,False,False,True,0,813,20,0.4,0.3,0.3,balanced
1781499012671.453,0.4,0.3,0.3,631.1004709576139,657.6666666666666,0.12622009419152277,223.8168724279835,265.29835390946505,0.014263967473514575,0.992206772819018,0.9920634920634921,0.992206772819018,29,8,2.242894803927042,0,2.242894803927042,False,False,False,True,0,814,20,0.4,0.3,0.3,balanced
1781499018979.9631,0.4,0.3,0.3,621.2166405023548,645.0,0.12424332810047096,233.82636910414686,265.18676796454577,0.014931712415219938,1.0000000000000002,1.0,1.0,32,8,2.2458231550352457,0,2.2458231550352457,False,False,False,True,0,815,20,0.4,0.3,0.3,balanced
1781499021706.744,0.4,0.3,0.3,617.193092621664,640.5555555555555,0.12343861852433281,239.45399764844208,270.53644914756023,0.015307137935186264,1.0000000000000002,1.0,1.0,34,8,2.246032411209711,0,2.246032411209711,False,False,False,True,0,816,20,0.4,0.3,0.3,balanced
1781499024430.41,0.4,0.3,0.3,615.453689167975,636.7777777777778,0.12309073783359499,235.1947383891828,263.669900058789,0.015022997891206324,1.0000000000000002,1.0,1.0,35,8,2.2462568054992,0,2.2462568054992,False,False,False,True,0,817,20,0.4,0.3,0.3,balanced
1781499027156.367,0.4,0.3,0.3,615.6373626373627,638.1111111111111,0.12312747252747254,244.3004115226337,294.6913580246914,0.015630447733331134,1.0000000000000002,1.0,1.0,34,8,2.246059876669012,1,2.246059876669012,False,False,False,True,0,818,20,0.4,0.3,0.3,balanced
1781499029879.7332,0.4,0.3,0.3,621.3861852433281,645.5555555555555,0.12427723704866563,247.2685185185185,287.80864197530866,0.01582845353692585,1.0000000000000002,1.0,1.0,32,8,2.245540569119456,1,2.245540569119456,False,False,False,True,0,819,20,0.4,0.3,0.3,balanced
1781499032603.45,0.4,0.3,0.3,618.4050235478807,641.3333333333334,0.12368100470957613,221.68577307466194,255.10728982951207,0.014121799404580516,1.0000000000000002,1.0,1.0,34,8,2.2462910582947955,0,2.2462910582947955,False,False,False,True,0,820,20,0.4,0.3,0.3,balanced
1781499035327.3708,0.4,0.3,0.3,614.1538461538462,636.0,0.12283076923076924,246.5402704291593,277.119341563786,0.015779871276128038,1.0000000000000002,1.0,1.0,35,8,2.246133730924854,0,2.246133730924854,False,False,False,True,0,821,20,0.4,0.3,0.3,balanced
1781499038050.432,0.4,0.3,0.3,612.1475667189954,632.7777777777778,0.12242951334379909,411.88712522045853,483.0173427395649,0.026810348580417514,1.0000000000000002,1.0,1.0,37,8,2.242985090088355,0,2.242985090088355,False,False,False,True,0,822,20,0.4,0.3,0.3,balanced
1781499040770.149,0.4,0.3,0.3,611.0973312401885,630.8888888888889,0.1222194662480377,237.86816578483243,292.35008818342146,0.015201345282510503,1.0000000000000002,1.0,1.0,38,8,2.2465518099160318,0,2.2465518099160318,False,False,False,True,0,823,20,0.4,0.3,0.3,balanced
1781499043495.7769,0.4,0.3,0.3,606.2260596546312,625.4444444444445,0.12124521193092623,262.66215106732346,320.1491516146689,0.0168553803247047,1.0000000000000002,1.0,1.0,40,8,2.246445301130218,0,2.246445301130218,False,False,False,True,0,824,20,0.4,0.3,0.3,balanced
1781499046218.4802,0.4,0.3,0.3,605.8524332810049,625.2222222222222,0.12117048665620098,281.9608648056924,345.92090859332234,0.01814281953340176,1.0000000000000002,1.0,1.0,41,8,2.246088959477499,0,2.246088959477499,False,False,False,True,0,825,20,0.4,0.3,0.3,balanced
1781499048839.4521,0.4,0.3,0.3,607.9513343799059,627.3333333333334,0.12159026687598118,242.38762266540041,312.24596391263054,0.015502843406631115,1.0000000000000002,1.0,1.0,40,8,2.2467130402276183,1,2.2467130402276183,False,False,False,True,0,826,20,0.4,0.3,0.3,balanced
1781499055144.166,0.4,0.3,0.3,605.7739403453689,624.2222222222222,0.12115478806907379,289.7092227695676,351.7747673782157,0.018659721332192635,1.0000000000000002,1.0,1.0,41,8,2.2459401683727127,0,2.2459401683727127,False,False,False,True,0,827,20,0.4,0.3,0.3,balanced
1781499057863.577,0.4,0.3,0.3,603.0816326530612,620.8888888888889,0.12061632653061224,337.23043240284613,404.01614668856047,0.02182991543714784,1.0000000000000002,1.0,1.0,43,8,2.2452044947566105,0,2.2452044947566105,False,False,False,True,0,828,20,0.4,0.3,0.3,balanced
1781499060482.351,0.4,0.3,0.3,600.38147566719,618.3333333333334,0.120076295133438,283.116492560937,324.1247230136119,0.018219912779248632,1.0000000000000002,1.0,1.0,44,8,2.24650350811285,0,2.24650350811285,False,False,False,True,0,829,20,0.4,0.3,0.3,balanced
1781499063107.7449,0.4,0.3,0.3,598.1475667189953,615.4444444444445,0.11962951334379907,318.8140460362683,383.3835300501967,0.020601337293947183,0.9940694226408515,0.9958847736625513,0.9940694226408515,46,8,2.2441886202665517,0,2.2441886202665517,False,False,False,True,0,830,20,0.4,0.3,0.3,balanced
1781499065733.031,0.4,0.3,0.3,601.9246467817898,619.5555555555555,0.12038492935635796,363.50031655587213,426.9658119658119,0.02358240937664257,1.0000000000000002,1.0,1.0,44,8,2.244771305444464,1,2.244771305444464,False,False,False,True,0,831,20,0.4,0.3,0.3,balanced
1781499068358.4421,0.4,0.3,0.3,602.0172684458399,619.7777777777778,0.12040345368916798,252.16049382716048,306.46090534979425,0.01615480279033759,1.0000000000000002,1.0,1.0,43,8,2.2469921776872317,1,2.2469921776872317,False,False,False,True,0,832,20,0.4,0.3,0.3,balanced
1781499071078.434,0.4,0.3,0.3,605.8869701726846,624.6666666666666,0.12117739403453692,264.6531198686371,318.232074438971,0.01698820012465891,1.0000000000000002,1.0,1.0,41,8,2.2464325823487874,1,2.2464325823487874,False,False,False,True,0,833,20,0.4,0.3,0.3,balanced
1781499073703.3801,0.4,0.3,0.3,603.7582417582418,621.5555555555555,0.12075164835164835,291.3461538461538,354.2307692307692,0.018768922871658027,1.0000000000000002,1.0,1.0,43,8,2.246068663797843,0,2.246068663797843,False,False,False,True,0,834,20,0.4,0.3,0.3,balanced
1781499076322.488,0.4,0.3,0.3,599.5777080062794,617.1111111111111,0.11991554160125588,293.3151313706869,363.1544792655904,0.01890027560845143,1.0000000000000002,1.0,1.0,44,8,2.2463637006769623,0,2.2463637006769623,False,False,False,True,0,835,20,0.4,0.3,0.3,balanced
1781499079139.181,0.4,0.3,0.3,598.9309262166406,615.1111111111111,0.11978618524332812,403.67725643532094,543.456066036711,0.026262658868266908,0.9032501889644748,0.9341563786008231,0.9032501889644748,46,8,2.215181784931531,0,2.215181784931531,False,False,False,True,0,836,20,0.4,0.3,0.3,balanced
1781499082064.249,0.4,0.3,0.3,600.2244897959183,615.8888888888889,0.12004489795918366,764.7551406926407,945.6473965848966,0.05035057643046302,0.8307436611008041,0.8631102693602694,0.8307436611008041,47,8,2.1860999662174287,0,2.1860999662174287,False,False,False,True,0,837,20,0.4,0.3,0.3,balanced
1781499084686.288,0.4,0.3,0.3,594.9968602825746,610.7777777777778,0.11899937205651492,343.68753674309227,421.23750734861846,0.022260676233695282,1.0000000000000002,1.0,1.0,49,8,2.2457220483072855,0,2.2457220483072855,False,False,False,True,0,838,20,0.4,0.3,0.3,balanced
1781499090893.516,0.4,0.3,0.3,599.1179104477612,613.2222222222222,0.11982358208955225,309.95056142114964,362.3757518201963,0.020010044124159417,1.0000000000000002,1.0,1.0,47,8,2.246067553926931,1,2.246067553926931,False,False,False,True,0,839,20,0.4,0.3,0.3,balanced
1781499093505.843,0.4,0.3,0.3,594.5871271585557,610.7777777777778,0.11891742543171115,399.14213358657804,462.0417853751187,0.025960115649538228,0.9939531368102799,0.9958847736625513,0.9939531368102799,49,8,2.242830936175538,0,2.242830936175538,False,False,False,True,0,840,20,0.4,0.3,0.3,balanced
1781499096132.54,0.4,0.3,0.3,591.6750392464678,607.0,0.11833500784929356,311.68724279835385,373.0041152263374,0.020125900119970237,1.0000000000000002,1.0,1.0,50,8,2.2466282268242916,0,2.2466282268242916,False,False,False,True,0,841,20,0.4,0.3,0.3,balanced
1781499098752.757,0.4,0.3,0.3,589.3673469387757,604.5555555555555,0.11787346938775513,370.4144620811287,442.19282774838325,0.024043659912016593,1.0000000000000002,1.0,1.0,52,8,2.245637514271293,0,2.245637514271293,False,False,False,True,0,842,20,0.4,0.3,0.3,balanced
1781499101380.9111,0.4,0.3,0.3,591.718995290424,605.8888888888889,0.1183437990580848,343.3348030570253,408.01293356848913,0.022237144967113095,1.0000000000000002,1.0,1.0,53,8,2.245991336886632,0,2.245991336886632,False,False,False,True,0,843,20,0.4,0.3,0.3,balanced
1781499104004.884,0.4,0.3,0.3,590.3076923076924,604.5555555555555,0.11806153846153848,388.89403292181066,468.4024103468548,0.025276453163563087,1.0000000000000002,1.0,1.0,55,8,2.2451924486663155,0,2.2451924486663155,False,False,False,True,0,844,20,0.4,0.3,0.3,balanced
1781499106631.324,0.4,0.3,0.3,588.6483516483518,602.6666666666666,0.11772967032967036,3155.862162528829,3395.388120110342,0.20986405353761367,0.9820338391766965,0.9839800117577896,0.9820338391766965,56,8,2.1845590675598565,0,2.1845590675598565,False,False,False,True,0,845,20,0.4,0.3,0.3,balanced
1781499109254.0132,0.4,0.3,0.3,585.5761381475667,599.2222222222222,0.11711522762951333,387.62345679012344,446.29188712522046,0.02519169158039516,1.0000000000000002,1.0,1.0,58,8,2.245596401474076,0,2.245596401474076,False,False,False,True,0,846,20,0.4,0.3,0.3,balanced
1781499111874.2422,0.4,0.3,0.3,583.9827315541602,597.8888888888889,0.11679654631083204,394.51866549088766,446.1625514403292,0.025651678818604914,1.0000000000000002,1.0,1.0,59,8,2.2455858778300857,0,2.2455858778300857,False,False,False,True,0,847,20,0.4,0.3,0.3,balanced
1781499115093.6501,0.4,0.3,0.3,289.6861679899707,408.77777777777777,0.057937233597994145,292.891387195122,250.11720867208675,0.01887200715110887,0.6564981195152528,0.7777777777777778,0.6564981195152528,61,8,2.1681129402700456,0,2.1681129402700456,False,False,False,True,0,848,20,0.4,0.3,0.3,balanced
1781499117718.8599,0.4,0.3,0.3,582.4144427001571,594.7777777777778,0.11648288854003142,446.641351943076,531.8226600985222,0.02912884269133262,1.0000000000000002,1.0,1.0,64,8,2.244668191776588,0,2.244668191776588,False,False,False,True,0,849,20,0.4,0.3,0.3,balanced
1781499120331.9248,0.4,0.3,0.3,585.1789638932497,598.2222222222222,0.11703579277864995,441.85111699000583,541.5593768371546,0.028809280653102457,1.0000000000000002,1.0,1.0,61,8,2.2445428986926093,1,2.2445428986926093,False,False,False,True,0,850,20,0.4,0.3,0.3,balanced
1781499131634.389,0.4,0.3,0.3,593.5306122448981,612.7777777777778,0.11870612244897961,5443.561743853411,5706.629008379008,0.3624791023251108,0.2453797163261196,0.24585887193505013,0.2453797163261196,64,8,1.9173877352207107,0,1.9173877352207107,False,False,False,True,0,851,20,0.4,0.3,0.3,balanced
1781499134248.026,0.4,0.3,0.3,582.6216640502355,594.6666666666666,0.1165243328100471,449.04761904761904,539.2063492063493,0.02928936751485117,1.0000000000000002,1.0,1.0,65,8,2.2446034566215256,0,2.2446034566215256,False,False,False,True,0,852,20,0.4,0.3,0.3,balanced
1781499136860.2322,0.4,0.3,0.3,581.4725274725276,594.3333333333334,0.11629450549450553,462.0289535567313,532.7880658436214,0.030155367148547788,1.0000000000000002,1.0,1.0,64,8,2.2444355876576334,1,2.2444355876576334,False,False,False,True,0,853,20,0.4,0.3,0.3,balanced
1781499139484.794,0.4,0.3,0.3,582.1475667189953,594.6666666666666,0.11642951334379907,564.4340296782825,652.4107522958097,0.036986926596283026,0.9941690962099128,0.9960317460317462,0.9941690962099128,65,8,2.2405828455465695,0,2.2405828455465695,False,False,False,True,0,854,20,0.4,0.3,0.3,balanced
1781499142206.491,0.4,0.3,0.3,582.4913657770801,594.0,0.11649827315541601,733.0375597371565,1019.897102747909,0.04823466042275894,0.9238095238095241,0.9481481481481482,0.9238095238095241,67,8,2.2160731497538633,0,2.2160731497538633,False,False,False,True,0,855,20,0.4,0.3,0.3,balanced
1781499145232.306,0.4,0.3,0.3,583.6295133437992,597.8888888888889,0.11672590266875985,1399.0913800705464,1574.0513668430333,0.09266787058509315,0.7940505261933835,0.7782921810699589,0.7940505261933835,68,8,2.163724435614983,0,2.163724435614983,False,False,False,True,0,856,20,0.4,0.3,0.3,balanced
1781499147852.15,0.4,0.3,0.3,581.1758241758242,593.2222222222222,0.11623516483516484,509.2528735632183,617.5478927203065,0.033305728723363466,1.0000000000000002,1.0,1.0,67,8,2.243514215448925,1,2.243514215448925,False,False,False,True,0,857,20,0.4,0.3,0.3,balanced
1781499150477.567,0.4,0.3,0.3,581.0769230769232,593.6666666666666,0.11621538461538464,497.04570333880673,620.8374384236454,0.032491374472235275,1.0000000000000002,1.0,1.0,65,8,2.2437664338121754,1,2.2437664338121754,False,False,False,True,0,858,20,0.4,0.3,0.3,balanced
1781499153097.382,0.4,0.3,0.3,579.1852433281006,591.3333333333334,0.11583704866562011,515.5063198118753,647.9467960023516,0.033722903256295886,1.0000000000000002,1.0,1.0,64,8,2.2435483095568634,1,2.2435483095568634,False,False,False,True,0,859,20,0.4,0.3,0.3,balanced
1781499155720.9312,0.4,0.3,0.3,584.978021978022,598.0,0.11699560439560439,490.12419165196934,587.363315696649,0.03202963253181917,0.9960192868356137,0.9960317460317462,0.9960192868356137,61,8,2.2423986545328964,1,2.2423986545328964,False,False,False,True,0,860,20,0.4,0.3,0.3,balanced
1781499161924.469,0.4,0.3,0.3,581.9576138147567,594.6666666666666,0.11639152276295132,482.1257525998905,544.2870826491517,0.031496047538351606,1.0000000000000002,1.0,1.0,64,8,2.243994576633314,0,2.243994576633314,False,False,False,True,0,861,20,0.4,0.3,0.3,balanced
1781499164547.144,0.4,0.3,0.3,584.4222919937206,597.8888888888889,0.11688445839874412,481.51528512639624,545.0308641975308,0.031455322556797616,1.0000000000000002,1.0,1.0,61,8,2.243809619873463,1,2.243809619873463,False,False,False,True,0,862,20,0.4,0.3,0.3,balanced
1781499167171.398,0.4,0.3,0.3,587.2197802197802,600.6666666666666,0.11744395604395604,392.83730158730157,457.57936507936506,0.025539513114563147,1.0000000000000002,1.0,1.0,59,8,2.2453605636480485,1,2.2453605636480485,False,False,False,True,0,863,20,0.4,0.3,0.3,balanced
1781499169795.319,0.4,0.3,0.3,585.3626373626374,598.6666666666666,0.11707252747252749,425.4732510288065,496.2125220458554,0.02771669453160817,0.9960192868356137,0.9960317460317462,0.9960192868356137,58,8,2.2436617667021905,1,2.2436617667021905,False,False,False,True,0,864,20,0.4,0.3,0.3,balanced
1781499172408.875,0.4,0.3,0.3,585.5023547880692,598.1111111111111,0.11710047095761383,416.1542145593869,494.4280240831965,0.027095010977944423,1.0000000000000002,1.0,1.0,59,8,2.245031308323571,0,2.245031308323571,False,False,False,True,0,865,20,0.4,0.3,0.3,balanced
1781499175122.237,0.4,0.3,0.3,584.9105180533752,598.6666666666666,0.11698210361067504,726.6727621037965,702.6439103680483,0.04781005751192772,0.9647342453464904,0.9325396825396824,0.9647342453464904,58,8,2.2282844149060987,1,2.2282844149060987,False,False,False,True,0,866,20,0.4,0.3,0.3,balanced
1781499177747.3508,0.4,0.3,0.3,587.6342229199373,601.4444444444445,0.11752684458398746,428.8690476190476,502.0487948265725,0.027943231995933796,1.0000000000000002,1.0,1.0,56,8,2.244606292567625,1,2.244606292567625,False,False,False,True,0,867,20,0.4,0.3,0.3,balanced
1781499180870.1848,0.4,0.3,0.3,590.2511773940346,604.3333333333334,0.11805023547880691,1149.5955077884903,1537.8115308290746,0.07602371633011944,0.6295178560484684,0.7186496019829353,0.6295178560484684,55,8,2.118828147723982,1,2.118828147723982,False,False,False,True,0,868,20,0.4,0.3,0.3,balanced
1781499183493.625,0.4,0.3,0.3,590.6907378335951,605.2222222222222,0.11813814756671902,446.4498824221046,532.1428571428571,0.029116069541167754,1.0000000000000002,1.0,1.0,53,8,2.2440099201109622,1,2.2440099201109622,False,False,False,True,0,869,20,0.4,0.3,0.3,balanced
1781499186110.2341,0.4,0.3,0.3,590.7990580847725,605.4444444444445,0.11815981161695449,360.4776601998824,430.27189888301,0.023380764523007497,1.0000000000000002,1.0,1.0,52,8,2.2457218459963157,1,2.2457218459963157,False,False,False,True,0,870,20,0.4,0.3,0.3,balanced
1781499188731.941,0.4,0.3,0.3,590.387755102041,604.8888888888889,0.11807755102040819,359.7325102880658,418.4362139917696,0.02333105472235262,1.0000000000000002,1.0,1.0,53,8,2.245769663175131,0,2.245769663175131,False,False,False,True,0,871,20,0.4,0.3,0.3,balanced
1781499191357.408,0.4,0.3,0.3,589.8053375196234,604.4444444444445,0.11796106750392468,424.1541740152851,478.3495002939447,0.027628697399285196,1.0000000000000002,1.0,1.0,52,8,2.2445269637786445,1,2.2445269637786445,False,False,False,True,0,872,20,0.4,0.3,0.3,balanced
1781499197568.845,0.4,0.3,0.3,593.6232339089482,609.0,0.11872464678178965,330.7664609053498,391.53880070546734,0.021398696524706457,1.0000000000000002,1.0,1.0,50,8,2.2460905323298723,1,2.2460905323298723,False,False,False,True,0,873,20,0.4,0.3,0.3,balanced
1781499200189.755,0.4,0.3,0.3,593.1287284144428,608.8888888888889,0.11862574568288856,379.8736037624926,439.8941798941799,0.02467469004419564,1.0000000000000002,1.0,1.0,49,8,2.2451472947135858,1,2.2451472947135858,False,False,False,True,0,874,20,0.4,0.3,0.3,balanced
1781499202812.402,0.4,0.3,0.3,592.7990580847725,608.0,0.11855981161695449,337.2655790711346,424.4003527336861,0.021832260111483294,1.0000000000000002,1.0,1.0,50,8,2.246026397319773,0,2.246026397319773,False,False,False,True,0,875,20,0.4,0.3,0.3,balanced
1781499205437.758,0.4,0.3,0.3,592.7174254317111,608.6666666666666,0.11854348508634223,340.6040564373898,402.0487948265726,0.022054973744989312,1.0000000000000002,1.0,1.0,49,8,2.245966113841966,1,2.245966113841966,False,False,False,True,0,876,20,0.4,0.3,0.3,balanced
1781499208059.478,0.4,0.3,0.3,594.7142857142858,610.0,0.11894285714285716,353.8117283950617,438.26719576719574,0.022936072608076164,1.0000000000000002,1.0,1.0,50,8,2.245542035360434,0,2.245542035360434,False,False,False,True,0,877,20,0.4,0.3,0.3,balanced
1781499210679.879,0.4,0.3,0.3,593.9748822605966,610.1111111111111,0.11879497645211931,374.04467960023516,440.33068783068785,0.02428583586392496,1.0000000000000002,1.0,1.0,49,8,2.2451962586599747,1,2.2451962586599747,False,False,False,True,0,878,20,0.4,0.3,0.3,balanced
1781499213299.7761,0.4,0.3,0.3,594.8587127158556,610.2222222222222,0.11897174254317112,339.56569664903,411.8974132863022,0.021985703578987992,1.0000000000000002,1.0,1.0,50,8,2.245815591909035,0,2.245815591909035,False,False,False,True,0,879,20,0.4,0.3,0.3,balanced
1781499215920.179,0.4,0.3,0.3,595.9152276295134,612.0,0.11918304552590268,362.6485551485551,441.5007009451454,0.023525587401504677,0.990153081989817,0.9919165196942975,0.990153081989817,49,8,2.2423150301661328,1,2.2423150301661328,False,False,False,True,0,880,20,0.4,0.3,0.3,balanced
1781499218542.03,0.4,0.3,0.3,593.7142857142858,609.1111111111111,0.11874285714285715,336.0912698412698,412.31334509112287,0.021753920603153423,1.0000000000000002,1.0,1.0,50,8,2.245976680961911,0,2.245976680961911,False,False,False,True,0,881,20,0.4,0.3,0.3,balanced
1781499221166.8242,0.4,0.3,0.3,594.9544740973313,610.4444444444445,0.11899089481946626,322.2890946502058,398.83156966490304,0.020833161751181176,1.0000000000000002,1.0,1.0,49,8,2.246153693546859,1,2.246153693546859,False,False,False,True,0,882,20,0.4,0.3,0.3,balanced
1781499223790.297,0.4,0.3,0.3,597.8822605965463,613.8888888888889,0.11957645211930926,316.724438113327,380.48591326369103,0.020461937165665574,1.0000000000000002,1.0,1.0,47,8,2.2460308380025764,1,2.2460308380025764,False,False,False,True,0,883,20,0.4,0.3,0.3,balanced
1781499226414.539,0.4,0.3,0.3,600.4097331240189,616.8888888888889,0.12008194662480377,297.6396237507348,374.2151675485009,0.019188767428334544,1.0000000000000002,1.0,1.0,46,8,2.246210591121578,1,2.246210591121578,False,False,False,True,0,884,20,0.4,0.3,0.3,balanced
1781499229040.98,0.4,0.3,0.3,597.6577708006281,614.3333333333334,0.11953155416012562,309.9667616334283,373.6055713833492,0.020011124858801087,1.0000000000000002,1.0,1.0,47,8,2.2461840408783096,0,2.2461840408783096,False,False,False,True,0,885,20,0.4,0.3,0.3,balanced
1781499235230.764,0.4,0.3,0.3,597.3799058084772,614.3333333333334,0.11947598116169544,298.5177836566725,346.5740740740741,0.019247350477429787,1.0000000000000002,1.0,1.0,46,8,2.246435402392093,1,2.246435402392093,False,False,False,True,0,886,20,0.4,0.3,0.3,balanced
1781499237851.885,0.4,0.3,0.3,600.2731554160126,617.3333333333334,0.12005463108320252,283.51851851851853,313.7860082304527,0.01824673238949423,1.0000000000000002,1.0,1.0,44,8,2.2465041278498705,1,2.2465041278498705,False,False,False,True,0,887,20,0.4,0.3,0.3,balanced
1781499240475.2249,0.4,0.3,0.3,598.0486656200942,615.5555555555555,0.11960973312401883,285.7524985302763,325.0852439741329,0.01839576374451476,1.0000000000000002,1.0,1.0,46,8,2.246637377627038,0,2.246637377627038,False,False,False,True,0,888,20,0.4,0.3,0.3,balanced
1781499243098.348,0.4,0.3,0.3,600.1020408163266,617.4444444444445,0.12002040816326533,285.95283317505533,336.91991136435587,0.018409128297201822,1.0000000000000002,1.0,1.0,44,8,2.2464690982455333,1,2.2464690982455333,False,False,False,True,0,889,20,0.4,0.3,0.3,balanced
1781499245822.22,0.4,0.3,0.3,598.839874411303,616.5555555555555,0.1197679748822606,325.3509852216749,398.88341543513957,0.021037423964087715,1.0000000000000002,1.0,1.0,46,8,2.2457815828578696,0,2.2457815828578696,False,False,False,True,0,890,20,0.4,0.3,0.3,balanced
1781499248440.9348,0.4,0.3,0.3,599.3720565149138,617.1111111111111,0.11987441130298275,321.8740107628996,376.24881291547956,0.020805471031547673,0.9881388452817026,0.9917695473251028,0.9881388452817026,44,8,2.2422502477538533,1,2.2422502477538533,False,False,False,True,0,891,20,0.4,0.3,0.3,balanced
1781499251158.842,0.4,0.3,0.3,601.6043956043957,619.7777777777778,0.12032087912087913,282.8455877881165,316.09073769993313,0.018201840412816313,0.9942812289751068,0.9960317460317462,0.9942812289751068,43,8,2.2446954649203357,1,2.2446954649203357,False,False,False,True,0,892,20,0.4,0.3,0.3,balanced
1781499253879.586,0.4,0.3,0.3,602.3124018838305,621.5555555555555,0.1204624803767661,369.9616858237548,460.68418171866443,0.024013454691377906,1.0000000000000002,1.0,1.0,41,8,2.24461097144188,1,2.24461097144188,False,False,False,True,0,893,20,0.4,0.3,0.3,balanced
1781499256599.5332,0.4,0.3,0.3,605.4646781789639,624.4444444444445,0.12109293563579279,306.55309250136827,373.5946907498631,0.019783395096822434,1.0000000000000002,1.0,1.0,41,8,2.245627807216636,2,2.245627807216636,False,False,False,True,0,894,20,0.4,0.3,0.3,balanced
1781499259422.1611,0.4,0.3,0.3,607.2794348508635,626.0,0.12145588697017269,407.0128434886499,560.7090800477897,0.02648517968570046,0.9039246467817899,0.9333333333333333,0.9039246467817899,40,8,2.214649485340758,1,2.214649485340758,False,False,False,True,0,895,20,0.4,0.3,0.3,balanced
1781499262141.16,0.4,0.3,0.3,608.7032967032968,628.6666666666666,0.12174065934065936,287.1671075837742,350.5188124632569,0.018490133928203752,1.0000000000000002,1.0,1.0,38,8,2.2457566960852753,1,2.2457566960852753,False,False,False,True,0,896,20,0.4,0.3,0.3,balanced
1781499264866.851,0.4,0.3,0.3,609.4050235478808,630.0,0.12188100470957615,284.31069958847735,327.10464432686655,0.018299579692360065,1.0000000000000002,1.0,1.0,37,8,2.2457577242084614,1,2.2457577242084614,False,False,False,True,0,897,20,0.4,0.3,0.3,balanced
1781499271169.7,0.4,0.3,0.3,614.3180711154408,639.8888888888889,0.12286361422308817,263.4250649635265,338.3932528376973,0.01690627518102245,0.9881178401977233,0.991440329218107,0.9881178401977233,35,8,2.242218023815775,1,2.242218023815775,False,False,False,True,0,898,20,0.4,0.3,0.3,balanced
1781499273886.532,0.4,0.3,0.3,619.0455259026688,641.4444444444445,0.12380910518053377,212.18106995884773,252.6543209876543,0.013487729817134605,1.0000000000000002,1.0,1.0,34,8,2.246430038982646,1,2.246430038982646,False,False,False,True,0,899,20,0.4,0.3,0.3,balanced
1781499276606.232,0.4,0.3,0.3,623.3689167974883,647.7777777777778,0.12467378335949765,288.8379007823452,304.5169131280242,0.018601594448455314,0.9958718530147105,0.9958847736625513,0.9958718530147105,32,8,2.2433115642260777,1,2.2433115642260777,False,False,False,True,0,900,20,0.4,0.3,0.3,balanced
1781499279428.893,0.4,0.3,0.3,630.5667189952904,656.8888888888889,0.1261133437990581,181.0515873015873,216.34920634920636,0.011411046517784343,1.0000000000000002,1.0,1.0,29,8,2.2461313485250414,1,2.2461313485250414,False,False,False,True,0,901,20,0.4,0.3,0.3,balanced
1781499282255.726,0.4,0.3,0.3,634.5588697017268,662.1111111111111,0.12691177394034536,177.4566431510876,209.67519106407994,0.011171223692534196,1.0000000000000002,1.0,1.0,28,8,2.2458839233161014,1,2.2458839233161014,False,False,False,True,0,902,20,0.4,0.3,0.3,balanced
1781499285079.254,0.4,0.3,0.3,630.8116169544742,657.4444444444445,0.12616232339089484,185.27851263962376,228.29659024103472,0.011693029528994247,1.0000000000000002,1.0,1.0,29,8,2.246027161784944,0,2.246027161784944,False,False,False,True,0,903,20,0.4,0.3,0.3,balanced
1781499287896.147,0.4,0.3,0.3,635.1067503924647,662.0,0.12702135007849294,171.47266313932977,200.48059964726633,0.010772025559661759,1.0000000000000002,1.0,1.0,28,8,2.2459598523007043,1,2.2459598523007043,False,False,False,True,0,904,20,0.4,0.3,0.3,balanced
1781499290713.9102,0.4,0.3,0.3,640.1554160125589,668.8888888888889,0.12803108320251178,146.23824221046442,183.48765432098767,0.009088608553066339,1.0000000000000002,1.0,1.0,26,8,2.2460609841530754,1,2.2460609841530754,False,False,False,True,0,905,20,0.4,0.3,0.3,balanced
1781499293534.871,0.4,0.3,0.3,634.6436420722135,661.8888888888889,0.12692872841444272,177.04291593180483,212.5293944738389,0.011143623477772169,1.0000000000000002,1.0,1.0,28,8,2.2458854215908914,0,2.2458854215908914,False,False,False,True,0,906,20,0.4,0.3,0.3,balanced
1781499296352.04,0.4,0.3,0.3,642.3987441130299,671.7777777777778,0.128479748822606,156.09370053814496,198.19563152896484,0.009746077420823547,1.0000000000000002,1.0,1.0,26,8,2.2456842772447105,1,2.2456842772447105,False,False,False,True,0,907,20,0.4,0.3,0.3,balanced
1781499299175.7021,0.4,0.3,0.3,645.6656200941916,676.0,0.1291331240188383,169.69356261022926,200.82451499118167,0.010653339733837842,1.0000000000000002,1.0,1.0,25,8,2.245150748472313,1,2.245150748472313,False,False,False,True,0,908,20,0.4,0.3,0.3,balanced
1781499305676.986,0.4,0.3,0.3,654.0565149136577,687.5555555555555,0.13081130298273153,144.34523809523807,174.04761904761907,0.008962324089075255,1.0000000000000002,1.0,1.0,23,8,2.244986781580185,1,2.244986781580185,False,False,False,True,0,909,20,0.4,0.3,0.3,balanced
1781499308490.2239,0.4,0.3,0.3,645.0298273155416,675.2222222222222,0.12900596546310833,164.87654320987653,201.6460905349794,0.010331990874574818,1.0000000000000002,1.0,1.0,25,8,2.2452980165523844,0,2.2452980165523844,False,False,False,True,0,910,20,0.4,0.3,0.3,balanced
1781499311404.837,0.4,0.3,0.3,654.0816326530612,686.5555555555555,0.13081632653061223,158.6706349206349,194.88095238095238,0.009917987653144424,1.0000000000000002,1.0,1.0,23,8,2.244698073091812,1,2.244698073091812,False,False,False,True,0,911,20,0.4,0.3,0.3,balanced
1781499314321.359,0.4,0.3,0.3,648.0204081632655,678.3333333333334,0.1296040816326531,157.599890530925,193.21565407772306,0.009846557073443962,1.0000000000000002,1.0,1.0,25,8,2.2452044002249054,0,2.2452044002249054,False,False,False,True,0,912,20,0.4,0.3,0.3,balanced
1781499317145.832,0.4,0.3,0.3,640.1868131868132,669.1111111111111,0.12803736263736265,175.20796590241034,201.49323927101705,0.011021211868072738,1.0000000000000002,1.0,1.0,26,8,2.245478691384633,0,2.245478691384633,False,False,False,True,0,913,20,0.4,0.3,0.3,balanced
1781499319960.608,0.4,0.3,0.3,644.6718995290424,674.7777777777778,0.1289343799058085,168.97119341563786,193.04526748971196,0.010605149660816401,1.0000000000000002,1.0,1.0,25,8,2.2452447031394316,1,2.2452447031394316,False,False,False,True,0,914,20,0.4,0.3,0.3,balanced
1781499322783.306,0.4,0.3,0.3,641.9199372056515,670.4444444444445,0.1283839874411303,159.38418577307465,188.43033509700177,0.009965589444501311,1.0000000000000002,1.0,1.0,26,8,2.2456567281901973,0,2.2456567281901973,False,False,False,True,0,915,20,0.4,0.3,0.3,balanced
1781499325606.653,0.4,0.3,0.3,646.4050235478808,677.2222222222222,0.12928100470957615,180.21684077239632,210.71066793289012,0.01135535962457614,1.0000000000000002,1.0,1.0,25,8,2.2448809902287965,1,2.2448809902287965,False,False,False,True,0,916,20,0.4,0.3,0.3,balanced
1781499328728.7332,0.4,0.3,0.3,568.2213500784931,628.0,0.11364427001569861,116.5305032855436,125.63717144563923,0.007106771399969554,0.8346077885248393,0.8853046594982079,0.8346077885248393,23,8,2.2027925971311815,1,2.2027925971311815,False,False,False,True,0,917,20,0.4,0.3,0.3,balanced
1781499331644.9028,0.4,0.3,0.3,660.2919937205653,694.3333333333334,0.13205839874411307,126.86507936507935,157.81746031746033,0.007796202759511631,1.0000000000000002,1.0,1.0,22,8,2.2448377796745014,1,2.2448377796745014,False,False,False,True,0,918,20,0.4,0.3,0.3,balanced
1781499334567.7769,0.4,0.3,0.3,655.5777080062795,688.3333333333334,0.1311155416012559,137.36625514403292,167.20311581422692,0.00849674817505223,1.0000000000000002,1.0,1.0,23,8,2.245004758906982,0,2.245004758906982,False,False,False,True,0,919,20,0.4,0.3,0.3,balanced
1781499340970.916,0.4,0.3,0.3,643.751962323391,674.1111111111111,0.1287503924646782,157.26043503821282,182.7748383303939,0.009823911610287714,1.0000000000000002,1.0,1.0,25,8,2.245552669531042,0,2.245552669531042,False,False,False,True,0,920,20,0.4,0.3,0.3,balanced
1781499343893.6802,0.4,0.3,0.3,651.7064364207222,684.5555555555555,0.13034128728414443,146.5079365079365,172.34126984126985,0.009106600167307305,1.0000000000000002,1.0,1.0,23,8,2.24513150503615,1,2.24513150503615,False,False,False,True,0,921,20,0.4,0.3,0.3,balanced
1781499346718.387,0.4,0.3,0.3,643.5965463108322,674.8888888888889,0.12871930926216643,162.12171573282683,193.2969294080405,0.010148213190982443,0.9940694226408515,0.9958847736625513,0.9940694226408515,25,8,2.2436886391300943,0,2.2436886391300943,False,False,False,True,0,922,20,0.4,0.3,0.3,balanced
1781499349543.002,0.4,0.3,0.3,641.0156985871272,670.5555555555555,0.12820313971742545,172.6601998824221,199.04761904761904,0.010851247490488465,1.0000000000000002,1.0,1.0,26,8,2.2454633698658832,0,2.2454633698658832,False,False,False,True,0,923,20,0.4,0.3,0.3,balanced
1781499352364.941,0.4,0.3,0.3,633.4662480376767,660.7777777777778,0.12669324960753534,185.9679826346493,227.81779948446618,0.011739024858882542,0.9940694226408515,0.9958847736625513,0.9940694226408515,28,8,2.2440218194915764,0,2.2440218194915764,False,False,False,True,0,924,20,0.4,0.3,0.3,balanced
1781499355386.785,0.4,0.3,0.3,554.8995290423862,611.0,0.11097990580847725,146.53464755077658,158.9510155316607,0.00910838209144607,0.839874411302983,0.8888888888888888,0.839874411302983,26,8,2.2048378464400704,1,2.2048378464400704,False,False,False,True,0,925,20,0.4,0.3,0.3,balanced
1781499358212.081,0.4,0.3,0.3,643.7645211930927,674.0,0.12875290423861854,185.47325102880657,210.45267489711935,0.011706020749086495,1.0000000000000002,1.0,1.0,25,8,2.244987032079827,1,2.244987032079827,False,False,False,True,0,926,20,0.4,0.3,0.3,balanced
1781499365627.918,0.4,0.3,0.3,565.4050235478808,627.8888888888889,0.11308100470957616,1131.9046901658012,1132.0369572814018,0.07484354170552376,0.2658055289665401,0.29822340807613273,0.2658055289665401,26,8,2.0120561942944746,0,2.0120561942944746,False,False,False,True,0,927,20,0.4,0.3,0.3,balanced
1781499368443.39,0.4,0.3,0.3,644.6860282574569,674.6666666666666,0.1289372056514914,173.89996834441277,207.87749287749293,0.010933953858866762,1.0000000000000002,1.0,1.0,25,8,2.2451449315817436,1,2.2451449315817436,False,False,False,True,0,928,20,0.4,0.3,0.3,balanced
1781499371363.3772,0.4,0.3,0.3,651.7001569858713,684.6666666666666,0.13034003139717426,175.35372194854952,224.27887246852765,0.011030935420183423,1.0000000000000002,1.0,1.0,23,8,2.2445547068150753,1,2.2445547068150753,False,False,False,True,0,929,20,0.4,0.3,0.3,balanced
1781499377873.2048,0.4,0.3,0.3,658.5133437990581,692.3333333333334,0.13170266875981163,163.49206349206347,192.5793650793651,0.010239630653239724,1.0000000000000002,1.0,1.0,22,8,2.2442470433001036,1,2.2442470433001036,False,False,False,True,0,930,20,0.4,0.3,0.3,balanced
1781499380891.927,0.4,0.3,0.3,669.7048665620096,707.8888888888889,0.1339409733124019,253.29365079365076,332.26190476190476,0.016230396984232873,1.0000000000000002,1.0,1.0,20,8,2.2415544915797696,1,2.2415544915797696,False,False,False,True,0,931,20,0.4,0.3,0.3,balanced
1781499383806.232,0.4,0.3,0.3,660.8367346938775,695.1111111111111,0.1321673469387755,198.16431510875955,248.27895355673138,0.012552656111324853,0.9960192868356135,0.9960317460317462,0.9960192868356135,22,8,2.2421730504417763,0,2.2421730504417763,False,False,False,True,0,932,20,0.4,0.3,0.3,balanced
1781499386718.786,0.4,0.3,0.3,672.1585557299842,709.7777777777778,0.13443171114599684,167.8284267173156,217.23171889838557,0.010528914390748207,1.0000000000000002,1.0,1.0,20,8,2.2430686412243768,1,2.2430686412243768,False,False,False,True,0,933,20,0.4,0.3,0.3,balanced
1781499389639.063,0.4,0.3,0.3,675.3422291993721,715.4444444444445,0.13506844583987443,181.0715416270972,214.46660335549225,0.011412377693602213,1.0000000000000002,1.0,1.0,19,8,2.2425489083559693,1,2.2425489083559693,False,False,False,True,0,934,20,0.4,0.3,0.3,balanced
1781499392756.8901,0.4,0.3,0.3,692.2009419152276,736.5555555555555,0.13844018838304553,749.8094427213201,685.1306533682013,0.04935353186933423,0.9847190107570123,0.9882320744389711,0.9847190107570123,17,8,2.2252335683130853,1,2.2252335683130853,False,False,False,True,0,935,20,0.4,0.3,0.3,balanced
1781499395778.2942,0.4,0.3,0.3,675.3940345368918,715.2222222222222,0.13507880690737836,154.9103468547913,203.27307466196353,0.009667134546683876,1.0000000000000002,1.0,1.0,19,8,2.2430683368730433,0,2.2430683368730433,False,False,False,True,0,936,20,0.4,0.3,0.3,balanced
1781499398695.3599,0.4,0.3,0.3,667.8822605965464,705.8888888888889,0.1335764521193093,167.01425631981186,207.20899470899474,0.010474600154757296,1.0000000000000002,1.0,1.0,20,8,2.243427039105849,0,2.243427039105849,False,False,False,True,0,937,20,0.4,0.3,0.3,balanced
1781499401717.997,0.4,0.3,0.3,677.7394034536893,717.2222222222222,0.13554788069073787,150.3659611992945,208.13932980599648,0.00936397339555,1.0000000000000002,1.0,1.0,19,8,2.24297165570504,1,2.24297165570504,False,False,False,True,0,938,20,0.4,0.3,0.3,balanced
1781499404737.264,0.4,0.3,0.3,691.6420722135007,736.3333333333334,0.13832841444270014,123.19150499706055,153.03644914756026,0.007551134422752538,1.0000000000000002,1.0,1.0,17,8,2.242403293896094,1,2.242403293896094,False,False,False,True,0,939,20,0.4,0.3,0.3,balanced
1781499407752.251,0.4,0.3,0.3,701.3971742543172,747.5555555555555,0.14027943485086344,118.9324153213042,152.92655903767016,0.007267005691881535,1.0000000000000002,1.0,1.0,16,8,2.24170812435209,1,2.24170812435209,False,False,False,True,0,940,20,0.4,0.3,0.3,balanced
1781499414464.971,0.4,0.3,0.3,723.6185243328101,776.7777777777778,0.14472370486656203,116.85660018993352,150.49540993985434,0.007128525696459874,1.0000000000000002,1.0,1.0,14,8,2.239971960344437,1,2.239971960344437,False,False,False,True,0,941,20,0.4,0.3,0.3,balanced
1781499417689.39,0.4,0.3,0.3,738.4599686028258,796.2222222222222,0.14769199372056516,119.43489124044679,151.99588477366257,0.007300526433652221,1.0000000000000002,1.0,1.0,13,8,2.238733044581678,1,2.238733044581678,False,False,False,True,0,942,20,0.4,0.3,0.3,balanced
1781499421017.6611,0.4,0.3,0.3,772.2229199372057,840.6666666666666,0.15444458398744113,99.53387147831592,131.69199113643558,0.0059729067030230764,1.0000000000000002,1.0,1.0,11,8,2.2364302943941166,1,2.2364302943941166,False,False,False,True,0,943,20,0.4,0.3,0.3,balanced
1781499426734.618,0.4,0.3,0.3,300.0345368916798,461.77777777777777,0.06000690737833596,27.357344632768363,21.460451977401128,0.001157928261025241,0.28885400313971743,0.4444444444444444,0.28885400313971743,10,8,2.0623060595122733,1,2.0623060595122733,False,False,False,True,0,944,20,0.4,0.3,0.3,balanced
1781499430056.144,0.4,0.3,0.3,772.8775510204083,840.8888888888889,0.15457551020408167,138.20987654320987,180.6172839506173,0.0085530271209613,1.0000000000000002,1.0,1.0,11,8,2.2356038877820787,0,2.2356038877820787,False,False,False,True,0,945,20,0.4,0.3,0.3,balanced
1781499433281.698,0.4,0.3,0.3,739.2464678178964,797.7777777777778,0.14784929356357926,93.53321575543796,124.55614344503235,0.005572596114438824,1.0000000000000002,1.0,1.0,13,8,2.2391885037402366,0,2.2391885037402366,False,False,False,True,0,946,20,0.4,0.3,0.3,balanced
1781499436406.498,0.4,0.3,0.3,722.7284144427002,777.0,0.14454568288854006,166.85185185185185,218.31275720164606,0.01046376596743508,1.0000000000000002,1.0,1.0,14,8,2.2390425970543535,0,2.2390425970543535,False,False,False,True,0,947,20,0.4,0.3,0.3,balanced
1781499439525.869,0.4,0.3,0.3,700.5886970172686,747.3333333333334,0.14011773940345373,162.35082304526748,202.2942386831276,0.010163497201151932,1.0000000000000002,1.0,1.0,16,8,2.240903855078273,0,2.240903855078273,False,False,False,True,0,948,20,0.4,0.3,0.3,balanced
1781499442550.967,0.4,0.3,0.3,691.824175824176,736.7777777777778,0.1383648351648352,153.14741328630217,194.03292181069958,0.009549527237244974,1.0000000000000002,1.0,1.0,17,8,2.2417892077628925,0,2.2417892077628925,False,False,False,True,0,949,20,0.4,0.3,0.3,balanced
1781499449153.894,0.4,0.3,0.3,676.6028257456829,716.3333333333334,0.1353205651491366,117.92181069958846,145.67901234567904,0.007199587104709037,1.0000000000000002,1.0,1.0,19,8,2.2437118978089328,0,2.2437118978089328,False,False,False,True,0,950,20,0.4,0.3,0.3,balanced
1781499452070.472,0.4,0.3,0.3,670.9607535321823,708.6666666666666,0.13419215070643645,119.56349206349205,156.1228689006467,0.00730910554126031,1.0000000000000002,1.0,1.0,20,8,2.2441304080550473,0,2.2441304080550473,False,False,False,True,0,951,20,0.4,0.3,0.3,balanced
1781499455193.0981,0.4,0.3,0.3,569.519623233909,632.3333333333334,0.1139039246467818,110.53763440860214,131.86379928315412,0.00670698028076065,0.8367346938775513,0.8888888888888888,0.8367346938775513,22,8,2.2034467442203245,0,2.2034467442203245,False,False,False,True,0,952,20,0.4,0.3,0.3,balanced
1781499458011.547,0.4,0.3,0.3,653.4003139717425,686.0,0.13068006279434852,153.8065843621399,185.10288065843622,0.009593501291670439,1.0000000000000002,1.0,1.0,23,8,2.2448499244947593,0,2.2448499244947593,False,False,False,True,0,953,20,0.4,0.3,0.3,balanced
1781499460830.906,0.4,0.3,0.3,645.2731554160126,675.6666666666666,0.12905463108320253,165.94650205761317,201.03909465020575,0.010403369049874128,1.0000000000000002,1.0,1.0,25,8,2.2452571368517567,0,2.2452571368517567,False,False,False,True,0,954,20,0.4,0.3,0.3,balanced
1781499463658.019,0.4,0.3,0.3,641.7645211930927,670.3333333333334,0.12835290423861853,147.3456790123457,184.5267489711934,0.009162486925440007,1.0000000000000002,1.0,1.0,26,8,2.2459100922269206,0,2.2459100922269206,False,False,False,True,0,955,20,0.4,0.3,0.3,balanced
1781499466480.963,0.4,0.3,0.3,634.7174254317111,662.0,0.12694348508634223,169.62096332785987,208.02408319649697,0.010648496552892586,1.0000000000000002,1.0,1.0,28,8,2.246028056999595,0,2.246028056999595,False,False,False,True,0,956,20,0.4,0.3,0.3,balanced
1781499469299.885,0.4,0.3,0.3,632.0879120879122,658.8888888888889,0.12641758241758244,192.17775041050902,225.86754241926656,0.01215328555106798,1.0000000000000002,1.0,1.0,29,8,2.2457869813676465,0,2.2457869813676465,False,False,False,True,0,957,20,0.4,0.3,0.3,balanced
1781499472017.623,0.4,0.3,0.3,623.3453689167975,646.8888888888889,0.1246690737833595,198.08641975308643,241.31687242798353,0.012547459623287955,1.0000000000000002,1.0,1.0,32,8,2.24636813259967,0,2.24636813259967,False,False,False,True,0,958,20,0.4,0.3,0.3,balanced
1781499474829.66,0.4,0.3,0.3,630.9481946624805,657.8888888888889,0.1261896389324961,223.6111111111111,256.1904761904762,0.014250240901341634,1.0000000000000002,1.0,1.0,29,8,2.245249072156599,1,2.245249072156599,False,False,False,True,0,959,20,0.4,0.3,0.3,balanced
1781499477550.8152,0.4,0.3,0.3,622.6310832025117,646.7777777777778,0.12452621664050234,196.96502057613168,235.9053497942387,0.01247264980494541,1.0000000000000002,1.0,1.0,32,8,2.2464477184023153,0,2.2464477184023153,False,False,False,True,0,960,20,0.4,0.3,0.3,balanced
1781499483855.707,0.4,0.3,0.3,631.0,657.6666666666666,0.1262,188.34441278885726,224.13738524849637,0.011897559225407422,1.0000000000000002,1.0,1.0,29,8,2.245950732232378,1,2.245950732232378,False,False,False,True,0,961,20,0.4,0.3,0.3,balanced
1781499486576.6921,0.4,0.3,0.3,624.8053375196233,649.1111111111111,0.12496106750392466,199.04400126622346,245.29914529914535,0.012611340978400498,1.0000000000000002,1.0,1.0,32,8,2.2462321707049098,0,2.2462321707049098,False,False,False,True,0,962,20,0.4,0.3,0.3,balanced
1781499489297.031,0.4,0.3,0.3,618.2904238618524,640.6666666666666,0.12365808477237049,201.31834215167544,242.05908289241628,0.01276306485334726,1.0000000000000002,1.0,1.0,34,8,2.2467078466350476,0,2.2467078466350476,False,False,False,True,0,963,20,0.4,0.3,0.3,balanced
1781499492018.6318,0.4,0.3,0.3,618.2182103610677,640.2222222222222,0.12364364207221354,233.52954144620813,291.4638447971781,0.014911910703549575,0.9941690962099128,0.9960317460317462,0.9941690962099128,35,8,2.2443196988230234,0,2.2443196988230234,False,False,False,True,0,964,20,0.4,0.3,0.3,balanced
1781499494737.699,0.4,0.3,0.3,611.0753532182105,632.2222222222222,0.12221507064364209,233.7301587301587,275.3968253968253,0.014925294111418193,1.0000000000000002,1.0,1.0,37,8,2.246636383509118,0,2.246636383509118,False,False,False,True,0,965,20,0.4,0.3,0.3,balanced
1781499497462.371,0.4,0.3,0.3,610.4395604395605,630.5555555555555,0.1220879120879121,239.6950323339212,283.7154614932393,0.015323217634017425,1.0000000000000002,1.0,1.0,38,8,2.24656786987463,0,2.24656786987463,False,False,False,True,0,966,20,0.4,0.3,0.3,balanced
1781499500187.958,0.4,0.3,0.3,607.3233908948196,626.1111111111111,0.12146467817896392,251.14463601532566,301.58319649698956,0.016087033756859617,1.0000000000000002,1.0,1.0,40,8,2.2465880186013565,0,2.2465880186013565,False,False,False,True,0,967,20,0.4,0.3,0.3,balanced
1781499502912.657,0.4,0.3,0.3,605.828885400314,625.3333333333334,0.12116577708006279,258.7855774493705,304.3965517241379,0.016596769676408975,1.0000000000000002,1.0,1.0,41,8,2.246554658265052,0,2.246554658265052,False,False,False,True,0,968,20,0.4,0.3,0.3,balanced
1781499505532.6682,0.4,0.3,0.3,603.492935635793,621.7777777777778,0.12069858712715859,286.7212725546059,331.88825577714465,0.01846039176481694,1.0000000000000002,1.0,1.0,43,8,2.2461824476196917,0,2.2461824476196917,False,False,False,True,0,969,20,0.4,0.3,0.3,balanced
1781499508157.848,0.4,0.3,0.3,600.5808477237049,618.2222222222222,0.12011616954474098,299.00160539049426,349.498937276715,0.019279626777217763,0.9958718530147105,0.9958847736625513,0.9958718530147105,44,8,2.2449312000533514,0,2.2449312000533514,False,False,False,True,0,970,20,0.4,0.3,0.3,balanced
1781499511479.465,0.4,0.3,0.3,347.60596546310836,422.77777777777777,0.06952119309262167,228.18224932249322,233.3719512195122,0.01455518674599688,0.5604395604395604,0.6666666666666666,0.5604395604395604,46,8,2.1359568348710205,0,2.1359568348710205,False,False,False,True,0,971,20,0.4,0.3,0.3,balanced
1781499514205.18,0.4,0.3,0.3,601.5949764521193,619.0,0.12031899529042386,296.6616746741268,344.9503334752377,0.01912352732982834,1.0000000000000002,1.0,1.0,44,8,2.246135343684882,1,2.246135343684882,False,False,False,True,0,972,20,0.4,0.3,0.3,balanced
1781499520404.714,0.4,0.3,0.3,600.0172684458399,616.1111111111111,0.12000345368916798,310.4526748971193,374.56790123456796,0.020043540686932575,1.0000000000000002,1.0,1.0,46,8,2.245985556318253,0,2.245985556318253,False,False,False,True,0,973,20,0.4,0.3,0.3,balanced
1781499523031.479,0.4,0.3,0.3,599.6640502354788,615.4444444444445,0.11993281004709577,309.2871840094062,384.7545561434451,0.019965789460267256,1.0000000000000002,1.0,1.0,47,8,2.2460371391430813,0,2.2460371391430813,False,False,False,True,0,974,20,0.4,0.3,0.3,balanced
1781499525653.9631,0.4,0.3,0.3,595.0957613814758,611.1111111111111,0.11901915227629516,299.6281599059376,371.70634920634916,0.019321424943691635,1.0000000000000002,1.0,1.0,49,8,2.2465959116063745,0,2.2465959116063745,False,False,False,True,0,975,20,0.4,0.3,0.3,balanced
1781499528668.8171,0.4,0.3,0.3,595.4913657770802,611.7777777777778,0.11909827315541605,1245.9822954822955,1308.8241758241757,0.08245378889141397,0.8143390464456824,0.8044201309921392,0.8143390464456824,50,8,2.171926268004114,0,2.171926268004114,False,False,False,True,0,976,20,0.4,0.3,0.3,balanced
1781499531284.893,0.4,0.3,0.3,595.2480376766092,610.8888888888889,0.11904960753532184,350.7708700764256,419.80746619635505,0.02273321348074887,1.0000000000000002,1.0,1.0,49,8,2.2455601929416464,1,2.2455601929416464,False,False,False,True,0,977,20,0.4,0.3,0.3,balanced
1781499533908.759,0.4,0.3,0.3,594.6295133437991,610.6666666666666,0.11892590266875981,372.31995884773664,461.6240446796003,0.024170777775032466,1.0000000000000002,1.0,1.0,50,8,2.245178405599986,0,2.245178405599986,False,False,False,True,0,978,20,0.4,0.3,0.3,balanced
1781499536528.712,0.4,0.3,0.3,592.2072213500786,607.8888888888889,0.11844144427001572,386.95789806900916,445.39727761949985,0.025147291398866522,0.9940694226408515,0.9958847736625513,0.9940694226408515,52,8,2.243300061664589,0,2.243300061664589,False,False,False,True,0,979,20,0.4,0.3,0.3,balanced
1781499539150.4568,0.4,0.3,0.3,590.8963893249609,605.7777777777778,0.11817927786499217,338.8841405508072,385.0775561886673,0.02194023619418327,1.0000000000000002,1.0,1.0,53,8,2.246146217995748,0,2.246146217995748,False,False,False,True,0,980,20,0.4,0.3,0.3,balanced
1781499544878.146,0.4,0.3,0.3,590.4301412872842,606.1111111111111,0.11808602825745684,387.1565368787591,430.7280785058563,0.02516054282046425,1.0000000000000002,1.0,1.0,52,8,2.245217425850878,1,2.245217425850878,False,False,False,True,0,981,20,0.4,0.3,0.3,balanced
1781499571200.9949,0.4,0.3,0.3,590.1240188383047,605.5555555555555,0.11802480376766093,417.2792022792022,490.6837606837606,0.027170060192074862,1.0000000000000002,1.0,1.0,53,8,2.244639060435313,0,2.244639060435313,False,False,False,True,0,982,20,0.4,0.3,0.3,balanced
1781499597515.858,0.4,0.3,0.3,587.6703296703298,602.4444444444445,0.11753406593406596,414.2584678695789,479.11839189616956,0.026968543553674378,1.0000000000000002,1.0,1.0,55,8,2.2448958105602714,0,2.2448958105602714,False,False,False,True,0,983,20,0.4,0.3,0.3,balanced
1781499622349.284,0.4,0.3,0.3,591.006279434851,606.5555555555555,0.1182012558869702,767.015006385696,712.036398467433,0.05050133464881228,0.9630369630369633,0.9292929292929293,0.9630369630369633,53,8,2.226480186161657,1,2.226480186161657,False,False,False,True,0,984,20,0.4,0.3,0.3,balanced
1781499648566.587,0.4,0.3,0.3,589.8414442700158,604.0,0.11796828885400316,445.85470085470087,519.8575498575499,0.029076364299846624,1.0000000000000002,1.0,1.0,55,8,2.2440897751684448,0,2.2440897751684448,False,False,False,True,0,985,20,0.4,0.3,0.3,balanced
1781499674787.812,0.4,0.3,0.3,586.8477237048667,600.8888888888889,0.11736954474097333,426.7837923393479,479.66445077556193,0.02780412223744816,1.0000000000000002,1.0,1.0,56,8,2.2447109454323764,0,2.2447109454323764,False,False,False,True,0,986,20,0.4,0.3,0.3,balanced
1781499701014.238,0.4,0.3,0.3,588.315541601256,602.8888888888889,0.11766310832025119,552.0575498575498,722.7000949667615,0.03616127750884255,0.9938413235116534,0.9957264957264957,0.9938413235116534,58,8,2.2402387704727427,0,2.2402387704727427,False,False,False,True,0,987,20,0.4,0.3,0.3,balanced
1781499723651.87,0.4,0.3,0.3,588.6295133437992,601.8888888888889,0.11772590266875985,415.92671731560614,489.0709085153529,0.027079834377291938,1.0000000000000002,1.0,1.0,59,8,2.2447856886193085,0,2.2447856886193085,False,False,False,True,0,988,20,0.4,0.3,0.3,balanced
1781499749871.9622,0.4,0.3,0.3,585.1036106750392,598.4444444444445,0.11702072213500785,426.55982905982904,504.79107312440647,0.02778918139158299,1.0000000000000002,1.0,1.0,61,8,2.244854956728522,0,2.244854956728522,False,False,False,True,0,989,20,0.4,0.3,0.3,balanced
1781499776186.038,0.4,0.3,0.3,582.1695447409734,594.6666666666666,0.11643390894819468,437.6559037670149,498.4377967711301,0.028529413193263166,1.0000000000000002,1.0,1.0,64,8,2.2448676124627434,0,2.2448676124627434,False,False,False,True,0,990,20,0.4,0.3,0.3,balanced
1781499798823.051,0.4,0.3,0.3,582.6483516483518,595.3333333333334,0.11652967032967035,483.3879392212725,572.5688509021843,0.031580249447716646,1.0000000000000002,1.0,1.0,65,8,2.243914057033817,0,2.243914057033817,False,False,False,True,0,991,20,0.4,0.3,0.3,balanced
1781499825044.113,0.4,0.3,0.3,581.646781789639,592.8888888888889,0.11632935635792781,491.0794555238999,571.7632162076607,0.032093359274442956,1.0000000000000002,1.0,1.0,67,8,2.243840249674496,0,2.243840249674496,False,False,False,True,0,992,20,0.4,0.3,0.3,balanced
1781499851468.608,0.4,0.3,0.3,580.7017268445841,592.3333333333334,0.11614034536891682,456.40313390313383,544.4491927825261,0.029780062301743418,1.0000000000000002,1.0,1.0,68,8,2.24460984316191,0,2.24460984316191,False,False,False,True,0,993,20,0.4,0.3,0.3,balanced
1781499874203.239,0.4,0.3,0.3,582.2009419152276,594.1111111111111,0.11644018838304553,501.994301994302,594.5457423235201,0.032821501133709276,1.0000000000000002,1.0,1.0,67,8,2.2435774743066688,1,2.2435774743066688,False,False,False,True,0,994,20,0.4,0.3,0.3,balanced
1781499914813.874,0.4,0.3,0.3,388.5149136577709,394.22222222222223,0.07770298273155418,322.3570113265235,379.15372455006604,0.02083769255013499,0.6703296703296704,0.6666666666666666,0.6703296703296704,68,8,2.163766400241239,0,2.163766400241239,False,False,False,True,0,995,20,0.4,0.3,0.3,balanced
1781499937457.487,0.4,0.3,0.3,580.9403453689168,592.6666666666666,0.11618806907378337,442.144666033555,551.9800569800568,0.028828863644666778,1.0000000000000002,1.0,1.0,67,8,2.2448761132770865,1,2.2448761132770865,False,False,False,True,0,996,20,0.4,0.3,0.3,balanced
1781499963564.676,0.4,0.3,0.3,583.5290423861852,595.7777777777778,0.11670580847723704,491.8653054764166,569.6517885406776,0.03214578422124194,1.0000000000000002,1.0,1.0,65,8,2.2436739413427325,1,2.2436739413427325,False,False,False,True,0,997,20,0.4,0.3,0.3,balanced
1781499989996.799,0.4,0.3,0.3,584.469387755102,597.3333333333334,0.1168938775510204,473.4528331750554,585.8958531180754,0.03091746718979689,1.0000000000000002,1.0,1.0,64,8,2.243967208822653,1,2.243967208822653,False,False,False,True,0,998,20,0.4,0.3,0.3,balanced
1781500026725.2332,0.4,0.3,0.3,392.98744113029835,399.6666666666667,0.07859748822605966,282.80555555555554,333.4166666666667,0.018199169816914978,0.6703296703296704,0.6666666666666666,0.6703296703296704,61,8,2.1642001548634027,1,2.1642001548634027,False,False,False,True,0,999,20,0.4,0.3,0.3,balanced
1781500051964.34,0.4,0.3,0.3,500.1852433281005,540.2222222222222,0.1000370486656201,384.1296296296296,414.8888888888889,0.024958614384898575,0.839874411302983,0.8888888888888888,0.839874411302983,59,8,2.204459919609177,1,2.204459919609177,False,False,False,True,0,1000,20,0.4,0.3,0.3,balanced
1781500078093.3472,0.4,0.3,0.3,587.0627943485086,600.2222222222222,0.11741255886970173,412.23013611902496,486.51946818613476,0.026833231228754167,1.0000000000000002,1.0,1.0,59,8,2.244985007083493,2,2.244985007083493,False,False,False,True,0,1001,20,0.4,0.3,0.3,balanced
1781500104116.9282,0.4,0.3,0.3,584.795918367347,598.4444444444445,0.1169591836734694,424.2940804051915,514.5346628679962,0.027638030714155538,1.0000000000000002,1.0,1.0,58,8,2.2449249173163657,1,2.2449249173163657,False,False,False,True,0,1002,20,0.4,0.3,0.3,balanced
1781500130336.5059,0.4,0.3,0.3,587.1711145996861,600.4444444444445,0.11743422291993723,490.68217790440013,617.5134536245647,0.03206685643124751,1.0000000000000002,1.0,1.0,59,8,2.2434062539026507,0,2.2434062539026507,False,False,False,True,0,1003,20,0.4,0.3,0.3,balanced
1781500153167.715,0.4,0.3,0.3,587.602825745683,601.4444444444445,0.11752056514913661,395.07913896802785,451.9753086419753,0.025689068643630943,1.0000000000000002,1.0,1.0,58,8,2.245285053347256,1,2.245285053347256,False,False,False,True,0,1004,20,0.4,0.3,0.3,balanced
1781500179575.695,0.4,0.3,0.3,587.8398744113031,601.1111111111111,0.11756797488226062,347.2752453308009,407.0829376384932,0.02250001636629759,1.0000000000000002,1.0,1.0,56,8,2.2462228051372066,1,2.2462228051372066,False,False,False,True,0,1005,20,0.4,0.3,0.3,balanced
1781500205994.7778,0.4,0.3,0.3,589.9073783359498,604.1111111111111,0.11798147566718997,337.880658436214,394.37480215257995,0.02187329275758599,1.0000000000000002,1.0,1.0,55,8,2.246245421905848,1,2.246245421905848,False,False,False,True,0,1006,20,0.4,0.3,0.3,balanced
1781500228719.272,0.4,0.3,0.3,593.1428571428572,608.0,0.11862857142857144,358.41801202912313,410.66318455207346,0.023243363043970858,1.0000000000000002,1.0,1.0,53,8,2.24557556251538,1,2.24557556251538,False,False,False,True,0,1007,20,0.4,0.3,0.3,balanced
1781500254837.24,0.4,0.3,0.3,588.0973312401885,602.0,0.11761946624803771,420.8950617283951,493.49952516619186,0.027411278300760178,1.0000000000000002,1.0,1.0,55,8,2.244728830010557,0,2.244728830010557,False,False,False,True,0,1008,20,0.4,0.3,0.3,balanced
1781500280960.259,0.4,0.3,0.3,588.3877551020408,602.8888888888889,0.11767755102040817,371.8106995884773,442.0940170940171,0.024136804508904423,1.0000000000000002,1.0,1.0,53,8,2.2456879382391652,1,2.2456879382391652,False,False,False,True,0,1009,20,0.4,0.3,0.3,balanced
1781500303491.547,0.4,0.3,0.3,591.3469387755102,606.2222222222222,0.11826938775510205,382.5213675213675,459.77524533080094,0.02485132538501451,1.0000000000000002,1.0,1.0,52,8,2.2452368472824547,1,2.2452368472824547,False,False,False,True,0,1010,20,0.4,0.3,0.3,balanced
1781500329196.409,0.4,0.3,0.3,590.3751962323391,605.5555555555555,0.11807503924646783,344.50696422918645,405.1899335232668,0.02231534117606314,1.0000000000000002,1.0,1.0,53,8,2.246075381948594,0,2.246075381948594,False,False,False,True,0,1011,20,0.4,0.3,0.3,balanced
1781500355305.4758,0.4,0.3,0.3,589.3799058084772,603.8888888888889,0.11787598116169545,379.4855967078189,443.3143399810067,0.02464880565095523,1.0000000000000002,1.0,1.0,52,8,2.245454965840035,1,2.245454965840035,False,False,False,True,0,1012,20,0.4,0.3,0.3,balanced
1781500381627.442,0.4,0.3,0.3,591.8210361067504,607.3333333333334,0.11836420722135008,351.35565052231715,427.1968977524533,0.022772224851388734,1.0000000000000002,1.0,1.0,50,8,2.245822649656043,1,2.245822649656043,False,False,False,True,0,1013,20,0.4,0.3,0.3,balanced
1781500404363.846,0.4,0.3,0.3,595.1397174254317,611.0,0.11902794348508634,335.3972776194999,388.2019626464071,0.021707623590360235,1.0000000000000002,1.0,1.0,49,8,2.2458765355288572,1,2.2458765355288572,False,False,False,True,0,1014,20,0.4,0.3,0.3,balanced
1781500430789.0178,0.4,0.3,0.3,594.9843014128728,611.0,0.11899686028257456,344.04919278252606,412.6959164292498,0.022284802720648835,1.0000000000000002,1.0,1.0,47,8,2.2457158150707754,1,2.2457158150707754,False,False,False,True,0,1015,20,0.4,0.3,0.3,balanced
1781500457196.147,0.4,0.3,0.3,597.4442700156987,614.0,0.11948885400313974,342.2934472934473,382.1842355175688,0.02216767493618728,1.0000000000000002,1.0,1.0,46,8,2.2455541559178878,1,2.2455541559178878,False,False,False,True,0,1016,20,0.4,0.3,0.3,balanced
1781500480030.7441,0.4,0.3,0.3,602.0565149136579,618.8888888888889,0.12041130298273157,317.037037037037,372.6194998417221,0.020482790996466778,1.0000000000000002,1.0,1.0,44,8,2.2456906415079674,1,2.2456906415079674,False,False,False,True,0,1017,20,0.4,0.3,0.3,balanced
1781500506435.516,0.4,0.3,0.3,603.1397174254317,621.2222222222222,0.12062794348508635,331.1269389047166,396.49097815764486,0.021422744423263283,1.0000000000000002,1.0,1.0,43,8,2.2453219992789863,1,2.2453219992789863,False,False,False,True,0,1018,20,0.4,0.3,0.3,balanced
1781500532752.367,0.4,0.3,0.3,605.4175824175825,624.0,0.12108351648351649,265.04273504273505,313.0389363722697,0.01701419179738059,1.0000000000000002,1.0,1.0,41,8,2.2464623358673794,1,2.2464623358673794,False,False,False,True,0,1019,20,0.4,0.3,0.3,balanced
1781500558749.4458,0.4,0.3,0.3,606.1020408163266,625.4444444444445,0.12122040816326532,270.45425767647987,326.2250712250712,0.01737520064552901,1.0000000000000002,1.0,1.0,40,8,2.246299276541035,1,2.246299276541035,False,False,False,True,0,1020,20,0.4,0.3,0.3,balanced
1781500583282.791,0.4,0.3,0.3,523.1255886970173,570.2222222222222,0.10462511773940346,373.34014474244356,500.5730097914006,0.024238835539856143,0.893249607535322,0.9259259259259258,0.893249607535322,38,8,2.2188531845028785,1,2.2188531845028785,False,False,False,True,0,1021,20,0.4,0.3,0.3,balanced
1781500609497.885,0.4,0.3,0.3,613.8697017268447,634.6666666666666,0.12277394034536894,239.38429882874328,283.4599556821779,0.015302488247414495,1.0000000000000002,1.0,1.0,37,8,2.2462996773876283,1,2.2462996773876283,False,False,False,True,0,1022,20,0.4,0.3,0.3,balanced
1781500635617.409,0.4,0.3,0.3,616.7409733124019,638.8888888888889,0.12334819466248038,244.83380816714148,287.29977841088953,0.015666031231964073,1.0000000000000002,1.0,1.0,35,8,2.2459609127654185,1,2.2459609127654185,False,False,False,True,0,1023,20,0.4,0.3,0.3,balanced
1781500658248.159,0.4,0.3,0.3,612.9450549450551,633.2222222222222,0.12258901098901101,268.96169673947446,302.5213675213675,0.017275630202766807,1.0000000000000002,1.0,1.0,37,8,2.2457817065435655,0,2.2457817065435655,False,False,False,True,0,1024,20,0.4,0.3,0.3,balanced
1781500684266.219,0.4,0.3,0.3,615.4411302982733,637.3333333333334,0.12308822605965465,215.0648939537828,254.5742323520101,0.013680113005589247,1.0000000000000002,1.0,1.0,35,8,2.246660675674461,1,2.246660675674461,False,False,False,True,0,1025,20,0.4,0.3,0.3,balanced
1781500710478.568,0.4,0.3,0.3,618.9937205651491,641.5555555555555,0.12379874411302982,222.67885406774295,255.67109844887625,0.014188048970496527,0.9940694226408515,0.9958847736625513,0.9940694226408515,34,8,2.2444449144558947,1,2.2444449144558947,False,False,False,True,0,1026,20,0.4,0.3,0.3,balanced
1781500733307.52,0.4,0.3,0.3,621.756671899529,645.3333333333334,0.1243513343799058,198.47420069642294,242.1779044001266,0.012573328932383119,1.0000000000000002,1.0,1.0,32,8,2.246487467568323,1,2.246487467568323,False,False,False,True,0,1027,20,0.4,0.3,0.3,balanced
1781500759718.551,0.4,0.3,0.3,631.3893249607537,657.8888888888889,0.12627786499215074,176.77429566318457,209.52991452991452,0.011125703513221119,1.0000000000000002,1.0,1.0,29,8,2.246151142949173,1,2.246151142949173,False,False,False,True,0,1028,20,0.4,0.3,0.3,balanced
1781500786123.211,0.4,0.3,0.3,633.8979591836735,660.8888888888889,0.1267795918367347,178.98464704020256,207.56410256410257,0.011273158575063546,1.0000000000000002,1.0,1.0,28,8,2.245906215692787,1,2.245906215692787,False,False,False,True,0,1029,20,0.4,0.3,0.3,balanced
1781500813548.437,0.4,0.3,0.3,639.802197802198,669.4444444444445,0.1279604395604396,229.65496302484604,260.2685726662335,0.014653433157094466,0.961256053092788,0.9631099353321575,0.961256053092788,26,8,2.2327966101565324,1,2.2327966101565324,False,False,False,True,0,1030,20,0.4,0.3,0.3,balanced
1781500836781.985,0.4,0.3,0.3,643.6043956043958,674.0,0.12872087912087915,233.79075656853433,265.8879392212726,0.014929336662343851,0.9958718530147104,0.9958847736625513,0.9958718530147104,25,8,2.242794403257358,1,2.242794403257358,False,False,False,True,0,1031,20,0.4,0.3,0.3,balanced
1781500863092.687,0.4,0.3,0.3,652.6153846153848,685.5555555555555,0.13052307692307696,209.22602089268756,253.36973725862617,0.013290595122927788,1.0000000000000002,1.0,1.0,23,8,2.243803590693891,1,2.243803590693891,False,False,False,True,0,1032,20,0.4,0.3,0.3,balanced
1781500889616.911,0.4,0.3,0.3,658.2590266875982,692.4444444444445,0.13165180533751963,164.0060145615701,199.23393478949032,0.010273916915381594,1.0000000000000002,1.0,1.0,22,8,2.2442571027903777,1,2.2442571027903777,False,False,False,True,0,1033,20,0.4,0.3,0.3,balanced
1781500912549.748,0.4,0.3,0.3,652.2417582417584,685.7777777777778,0.13044835164835167,181.61443494776827,212.84425451092116,0.011448594726335443,1.0000000000000002,1.0,1.0,23,8,2.2443860809227587,0,2.2443860809227587,False,False,False,True,0,1034,20,0.4,0.3,0.3,balanced
1781500939068.6272,0.4,0.3,0.3,659.1569858712716,693.0,0.13183139717425432,165.4421019309908,185.39778410889522,0.010369719942027403,0.9940694226408515,0.9958847736625513,0.9940694226408515,22,8,2.2423773519399455,1,2.2423773519399455,False,False,False,True,0,1035,20,0.4,0.3,0.3,balanced
1781500965382.02,0.4,0.3,0.3,669.5290423861853,707.5555555555555,0.13390580847723707,146.454574232352,184.35580880025327,0.009103040309029486,1.0000000000000002,1.0,1.0,20,8,2.2437067645163964,1,2.2437067645163964,False,False,False,True,0,1036,20,0.4,0.3,0.3,balanced
1781500991507.917,0.4,0.3,0.3,677.5839874411304,717.6666666666666,0.13551679748822607,131.281259892371,156.2298195631529,0.008090811200291594,1.0000000000000002,1.0,1.0,19,8,2.243366037644622,1,2.243366037644622,False,False,False,True,0,1037,20,0.4,0.3,0.3,balanced
1781501014239.9868,0.4,0.3,0.3,694.1130298273156,738.5555555555555,0.13882260596546311,110.5650522317189,135.64735675846788,0.006708809355017938,1.0000000000000002,1.0,1.0,17,8,2.242458314807309,1,2.242458314807309,False,False,False,True,0,1038,20,0.4,0.3,0.3,balanced
1781501040757.263,0.4,0.3,0.3,701.5667189952904,748.8888888888889,0.14031334379905808,107.9685026907249,131.76163342830012,0.0065355905730970585,1.0000000000000002,1.0,1.0,16,8,2.2419139853084475,1,2.2419139853084475,False,False,False,True,0,1039,20,0.4,0.3,0.3,balanced
1781501067470.721,0.4,0.3,0.3,724.2150706436421,778.0,0.1448430141287284,97.48258942703387,116.29313073757518,0.005836063337360499,1.0000000000000002,1.0,1.0,14,8,2.2403119753473004,1,2.2403119753473004,False,False,False,True,0,1040,20,0.4,0.3,0.3,balanced
1781501090300.114,0.4,0.3,0.3,700.2872841444271,747.5555555555555,0.1400574568288854,119.0099715099715,141.33428300094965,0.007272179553700567,1.0000000000000002,1.0,1.0,16,8,2.2417953634023355,0,2.2417953634023355,False,False,False,True,0,1041,20,0.4,0.3,0.3,balanced
1781501117001.73,0.4,0.3,0.3,725.1962323390895,778.5555555555555,0.1450392464678179,91.5178854067743,109.75308641975309,0.0054381511278702,1.0000000000000002,1.0,1.0,14,8,2.240352856074512,1,2.240352856074512,False,False,False,True,0,1042,20,0.4,0.3,0.3,balanced
1781501143627.4841,0.4,0.3,0.3,739.5729984301413,797.2222222222222,0.14791459968602827,79.58135485913263,98.26052548274771,0.004641851558314385,1.0000000000000002,1.0,1.0,13,8,2.2394416046580945,1,2.2394416046580945,False,False,False,True,0,1043,20,0.4,0.3,0.3,balanced
1781501170457.9648,0.4,0.3,0.3,777.2919937205652,845.2222222222222,0.15545839874411305,68.16001899335232,83.2241215574549,0.0038799212136992876,0.9958718530147105,0.9958847736625513,0.9958718530147105,11,8,2.2354142200426583,1,2.2354142200426583,False,False,False,True,0,1044,20,0.4,0.3,0.3,balanced
1781501193594.247,0.4,0.3,0.3,797.4599686028258,871.8888888888889,0.15949199372056516,69.20544476100031,84.7974042418487,0.003949662759239514,1.0000000000000002,1.0,1.0,10,8,2.235018303684002,1,2.235018303684002,False,False,False,True,0,1045,20,0.4,0.3,0.3,balanced
1781501220402.071,0.4,0.3,0.3,775.6562009419152,844.3333333333334,0.15513124018838306,94.74279835390945,109.92877492877493,0.005653288749426915,0.9795918367346941,0.9835390946502057,0.9795918367346941,11,8,2.230129068320227,0,2.230129068320227,False,False,False,True,0,1046,20,0.4,0.3,0.3,balanced
1781501246927.0278,0.4,0.3,0.3,739.4191522762953,797.0,0.14788383045525907,74.25371953149731,89.3383982272871,0.004286438928051855,1.0000000000000002,1.0,1.0,13,8,2.239560536139481,0,2.239560536139481,False,False,False,True,0,1047,20,0.4,0.3,0.3,balanced
1781501270065.585,0.4,0.3,0.3,777.4678178963894,845.0,0.15549356357927788,70.06172839506173,86.09053497942388,0.004006786417282304,1.0000000000000002,1.0,1.0,11,8,2.236600538643104,1,2.236600538643104,False,False,False,True,0,1048,20,0.4,0.3,0.3,balanced
1781501296582.866,0.4,0.3,0.3,740.199372056515,798.2222222222222,0.148039874411303,69.8741690408357,89.70560303893637,0.0039942741188015805,1.0000000000000002,1.0,1.0,13,8,2.2395857679998383,0,2.2395857679998383,False,False,False,True,0,1049,20,0.4,0.3,0.3,balanced
1781501323198.224,0.4,0.3,0.3,725.1271585557301,778.3333333333334,0.14502543171114604,84.32890155112378,101.54637543526432,0.004958565813950886,1.0000000000000002,1.0,1.0,14,8,2.2405022575713565,0,2.2405022575713565,False,False,False,True,0,1050,20,0.4,0.3,0.3,balanced
1781501349603.686,0.4,0.3,0.3,739.8854003139719,797.8888888888889,0.1479770800627944,76.83285849952516,92.57043368154478,0.00445849623078887,1.0000000000000002,1.0,1.0,13,8,2.2394716191056454,1,2.2394716191056454,False,False,False,True,0,1051,20,0.4,0.3,0.3,balanced
1781501372745.98,0.4,0.3,0.3,724.2072213500786,777.8888888888889,0.14484144427001572,99.02025957581512,121.5811965811966,0.005938643067099074,1.0000000000000002,1.0,1.0,14,8,2.240281829371864,0,2.240281829371864,False,False,False,True,0,1052,20,0.4,0.3,0.3,balanced
1781501399476.3801,0.4,0.3,0.3,699.9026687598117,747.4444444444445,0.13998053375196234,120.87448559670781,143.64197530864197,0.007396563415390782,1.0000000000000002,1.0,1.0,16,8,2.241788817474598,0,2.241788817474598,False,False,False,True,0,1053,20,0.4,0.3,0.3,balanced
1781501461621.1719,0.4,0.3,0.3,691.5306122448981,736.6666666666666,0.1383061224489796,115.0221589110478,139.5868945868946,0.007006148026087245,1.0000000000000002,1.0,1.0,17,8,2.2425757066125818,0,2.2425757066125818,False,False,False,True,1,1054,20,0.4,0.3,0.3,balanced
1781501484560.263,0.4,0.3,0.3,679.9795918367347,719.2222222222222,0.13599591836734695,144.30832541943653,179.1991136435581,0.00895986160236401,1.0000000000000002,1.0,1.0,19,8,2.242913674172352,0,2.242913674172352,False,False,False,True,0,1055,20,0.4,0.3,0.3,balanced
1781501511278.896,0.4,0.3,0.3,671.7896389324961,710.4444444444445,0.13435792778649921,187.1225071225071,241.7758784425451,0.011816044504503475,1.0000000000000002,1.0,1.0,20,8,2.242712015534049,0,2.242712015534049,False,False,False,True,0,1056,20,0.4,0.3,0.3,balanced
1781501538310.541,0.4,0.3,0.3,678.7409733124019,718.1111111111111,0.1357481946624804,2648.3671369782483,2649.6574413241083,0.17600848145285178,0.984110371865474,0.9878012933568487,0.984110371865474,19,8,2.1881312892587945,1,2.1881312892587945,False,False,False,True,0,1057,20,0.4,0.3,0.3,balanced
1781501564722.615,0.4,0.3,0.3,672.2731554160126,709.6666666666666,0.13445463108320252,126.21557454890787,160.31655587211142,0.007752873552295388,1.0000000000000002,1.0,1.0,20,8,2.2438922855010306,0,2.2438922855010306,False,False,False,True,0,1058,20,0.4,0.3,0.3,balanced
1781501587565.0498,0.4,0.3,0.3,677.4725274725276,717.3333333333334,0.13549450549450553,118.79629629629629,147.77302943969613,0.0072579250364440484,1.0000000000000002,1.0,1.0,19,8,2.2436248202912648,1,2.2436248202912648,False,False,False,True,0,1059,20,0.4,0.3,0.3,balanced
1781501614080.952,0.4,0.3,0.3,692.3485086342229,736.8888888888889,0.13846970172684459,118.11095283317506,140.30231085786642,0.007212204992206475,1.0000000000000002,1.0,1.0,17,8,2.2424484578116,1,2.2424484578116,False,False,False,True,0,1060,20,0.4,0.3,0.3,balanced
1781501640296.0579,0.4,0.3,0.3,679.569858712716,719.2222222222222,0.13591397174254322,106.47910731244063,133.0690091801203,0.006436231308368288,1.0000000000000002,1.0,1.0,19,8,2.243703541910472,0,2.243703541910472,False,False,False,True,0,1061,20,0.4,0.3,0.3,balanced
1781501662929.606,0.4,0.3,0.3,672.2135007849294,710.0,0.13444270015698587,129.889205444761,167.29028173472616,0.007997945660090794,1.0000000000000002,1.0,1.0,20,8,2.2438235362391783,0,2.2438235362391783,False,False,False,True,0,1062,20,0.4,0.3,0.3,balanced
1781501689155.288,0.4,0.3,0.3,657.8963893249608,692.0,0.13157927786499216,141.24855967078187,168.45925925925928,0.008755741138811333,1.0000000000000002,1.0,1.0,22,8,2.2447415665123596,0,2.2447415665123596,False,False,False,True,0,1063,20,0.4,0.3,0.3,balanced
1781501715678.035,0.4,0.3,0.3,653.2401883830455,685.5555555555555,0.1306480376766091,133.42355175688508,165.21050965495408,0.008233725934415282,1.0000000000000002,1.0,1.0,23,8,2.2452706671490317,0,2.2452706671490317,False,False,False,True,0,1064,20,0.4,0.3,0.3,balanced
1781501742295.239,0.4,0.3,0.3,645.4065934065935,675.6666666666666,0.1290813186813187,155.70357708135484,191.29737258626147,0.009720051839983646,1.0000000000000002,1.0,1.0,25,8,2.2454514569754775,0,2.2454514569754775,False,False,False,True,0,1065,20,0.4,0.3,0.3,balanced
1781501765132.566,0.4,0.3,0.3,639.7441130298273,669.3333333333334,0.12794882260596546,151.49335232668568,186.23615068059513,0.00943918294374154,1.0000000000000002,1.0,1.0,26,8,2.2459887160744914,0,2.2459887160744914,False,False,False,True,0,1066,20,0.4,0.3,0.3,balanced
1781501791444.56,0.4,0.3,0.3,633.4003139717425,660.2222222222222,0.1266800627943485,182.38603988603987,211.94681861348528,0.01150006937198398,1.0000000000000002,1.0,1.0,28,8,2.2458779540706653,0,2.2458779540706653,False,False,False,True,0,1067,20,0.4,0.3,0.3,balanced
1781501817864.6892,0.4,0.3,0.3,628.8759811616954,655.7777777777778,0.1257751962323391,205.62203228869896,257.71604938271605,0.013050168931867842,0.9940694226408515,0.9958847736625513,0.9940694226408515,29,8,2.2439956976197593,0,2.2439956976197593,False,False,False,True,0,1068,20,0.4,0.3,0.3,balanced
1781501840623.642,0.4,0.3,0.3,620.8995290423862,645.0,0.12417990580847725,241.95394112060777,279.77207977207973,0.015473912016051219,1.0000000000000002,1.0,1.0,32,8,2.2456858640717936,0,2.2456858640717936,False,False,False,True,0,1069,20,0.4,0.3,0.3,balanced
1781501867040.53,0.4,0.3,0.3,629.7378335949765,656.1111111111111,0.1259475667189953,216.25356125356126,257.26654004431776,0.013759410357142178,1.0000000000000002,1.0,1.0,29,8,2.245493150205259,1,2.245493150205259,False,False,False,True,0,1070,20,0.4,0.3,0.3,balanced
1781501893552.86,0.4,0.3,0.3,621.552590266876,645.5555555555555,0.1243105180533752,256.5614118391896,305.41152263374494,0.016448393051313515,1.0000000000000002,1.0,1.0,32,8,2.245341274863256,0,2.245341274863256,False,False,False,True,0,1071,20,0.4,0.3,0.3,balanced
1781501916086.2788,0.4,0.3,0.3,616.9952904238619,639.6666666666666,0.12339905808477238,270.4692940804052,320.6948401392846,0.017376203741187805,1.0000000000000002,1.0,1.0,34,8,2.2454275156437347,0,2.2454275156437347,False,False,False,True,0,1072,20,0.4,0.3,0.3,balanced
1781501942205.928,0.4,0.3,0.3,616.039246467818,637.8888888888889,0.1232078492935636,295.06410256410254,343.9806900918012,0.01901695147192145,1.0000000000000002,1.0,1.0,35,8,2.2450117748409983,0,2.2450117748409983,False,False,False,True,0,1073,20,0.4,0.3,0.3,balanced
1781501968418.093,0.4,0.3,0.3,610.8555729984303,631.5555555555555,0.12217111459968605,295.4534662867996,355.1187084520418,0.01904292637003333,1.0000000000000002,1.0,1.0,37,8,2.2454186762491157,0,2.2454186762491157,False,False,False,True,0,1074,20,0.4,0.3,0.3,balanced
1781501994935.236,0.4,0.3,0.3,610.2166405023548,630.5555555555555,0.12204332810047097,282.96296296296293,337.98353909465027,0.01820967064462728,0.9957130781306607,0.9957264957264957,0.9957130781306607,38,8,2.2444336910056215,0,2.2444336910056215,False,False,False,True,0,1075,20,0.4,0.3,0.3,balanced
1781502017268.811,0.4,0.3,0.3,605.5447409733125,624.5555555555555,0.1211089481946625,302.7033871478316,352.30136119025,0.01952657686109617,1.0000000000000002,1.0,1.0,40,8,2.245698447663806,0,2.245698447663806,False,False,False,True,0,1076,20,0.4,0.3,0.3,balanced
1781502043185.548,0.4,0.3,0.3,604.8869701726845,624.0,0.1209773940345369,376.89933523266853,460.8990186767964,0.024476273197643,1.0000000000000002,1.0,1.0,41,8,2.2442661604268923,0,2.2442661604268923,False,False,False,True,0,1077,20,0.4,0.3,0.3,balanced
1781502069296.244,0.4,0.3,0.3,599.8492935635793,617.7777777777778,0.11996985871271586,363.5193099081988,476.80436847103505,0.02358367644484315,1.0000000000000002,1.0,1.0,43,8,2.2449369535814605,0,2.2449369535814605,False,False,False,True,0,1078,20,0.4,0.3,0.3,balanced
1781502092128.48,0.4,0.3,0.3,600.1412872841445,617.6666666666666,0.1200282574568289,323.3744855967078,390.164609053498,0.02090556941939345,1.0000000000000002,1.0,1.0,44,8,2.2457170261914503,0,2.2457170261914503,False,False,False,True,0,1079,20,0.4,0.3,0.3,balanced
1781502118443.4011,0.4,0.3,0.3,599.9780219780221,617.7777777777778,0.11999560439560442,370.8143399810066,448.65463754352646,0.02407033622288236,1.0000000000000002,1.0,1.0,44,8,2.2447806573748936,2,2.2447806573748936,False,False,False,True,0,1080,20,0.4,0.3,0.3,balanced
1781502144773.0369,0.4,0.3,0.3,596.9795918367347,614.1111111111111,0.11939591836734693,505.0332383665717,639.4159544159544,0.03302423204580198,1.0000000000000002,1.0,1.0,46,8,2.2423343630393204,0,2.2423343630393204,False,False,False,True,0,1081,20,0.4,0.3,0.3,balanced
1781502171274.488,0.4,0.3,0.3,600.3343799058085,617.7777777777778,0.12006687598116171,419.9889205444761,493.59924026590693,0.027350828588690868,0.9939531368102799,0.9958847736625513,0.9939531368102799,44,8,2.241953942074012,1,2.241953942074012,False,False,False,True,0,1082,20,0.4,0.3,0.3,balanced
1781502194308.248,0.4,0.3,0.3,598.8775510204083,615.7777777777778,0.11977551020408166,1273.687875910098,1491.361190250079,0.08430205976718466,1.0000000000000002,1.0,1.0,46,8,2.226799177988212,0,2.226799177988212,False,False,False,True,0,1083,20,0.4,0.3,0.3,balanced
1781502220534.7468,0.4,0.3,0.3,599.6766091051805,616.8888888888889,0.11993532182103611,315.7534029756252,369.38588160810383,0.020397158303910954,1.0000000000000002,1.0,1.0,44,8,2.2459067237804122,1,2.2459067237804122,False,False,False,True,0,1084,20,0.4,0.3,0.3,balanced
1781502246850.7559,0.4,0.3,0.3,597.5855572998431,614.4444444444445,0.11951711145996863,346.8336498892054,424.5821462488129,0.022470557030634115,1.0000000000000002,1.0,1.0,46,8,2.2454519883068222,0,2.2454519883068222,False,False,False,True,0,1085,20,0.4,0.3,0.3,balanced
1781502269586.812,0.4,0.3,0.3,599.1193092621664,617.0,0.1198238618524333,2402.109844887623,2532.562519784742,0.15958037657689278,0.9939531368102799,0.9958847736625513,0.9939531368102799,44,8,2.202382283329043,1,2.202382283329043,False,False,False,True,0,1086,20,0.4,0.3,0.3,balanced
1781502295999.299,0.4,0.3,0.3,597.8712715855573,614.4444444444445,0.11957425431711147,341.40788224121553,414.5599873377651,0.02210859788133526,1.0000000000000002,1.0,1.0,46,8,2.245537718908755,0,2.245537718908755,False,False,False,True,0,1087,20,0.4,0.3,0.3,balanced
1781502322422.226,0.4,0.3,0.3,599.1679748822608,617.0,0.11983359497645216,323.3681544792656,390.8974358974359,0.020905147063326593,1.0000000000000002,1.0,1.0,44,8,2.2457950178904214,1,2.2457950178904214,False,False,False,True,0,1088,20,0.4,0.3,0.3,balanced
1781502345054.031,0.4,0.3,0.3,601.2150706436422,619.1111111111111,0.12024301412872844,278.00332383665716,324.67553023108576,0.01787880746075098,1.0000000000000002,1.0,1.0,43,8,2.2465391521102833,1,2.2465391521102833,False,False,False,True,0,1089,20,0.4,0.3,0.3,balanced
1781502371074.5188,0.4,0.3,0.3,599.7001569858713,616.8888888888889,0.11994003139717427,333.4639126305793,405.80405191516303,0.021578646606442913,1.0000000000000002,1.0,1.0,44,8,2.2455503934591974,0,2.2455503934591974,False,False,False,True,0,1090,20,0.4,0.3,0.3,balanced
1781502397181.996,0.4,0.3,0.3,602.4897959183675,620.4444444444445,0.1204979591836735,282.50158277936055,319.43969610636276,0.018178891446254872,1.0000000000000002,1.0,1.0,43,8,2.2463471488926543,1,2.2463471488926543,False,False,False,True,0,1091,20,0.4,0.3,0.3,balanced
1781502423104.307,0.4,0.3,0.3,603.3390894819468,621.6666666666666,0.12066781789638935,277.42719214941434,328.1418170307059,0.017840373058666734,1.0000000000000002,1.0,1.0,43,8,2.246380760923844,2,2.246380760923844,False,False,False,True,0,1092,20,0.4,0.3,0.3,balanced
1781502445541.582,0.4,0.3,0.3,601.420722135008,619.1111111111111,0.1202841444270016,313.8065843621399,373.9173789173789,0.020267283813351564,1.0000000000000002,1.0,1.0,44,8,2.2458061570851937,0,2.2458061570851937,False,False,False,True,0,1093,20,0.4,0.3,0.3,balanced
1781502471650.512,0.4,0.3,0.3,601.1648351648352,619.4444444444445,0.12023296703296703,351.082621082621,440.08547008547004,0.022754010746005405,1.0000000000000002,1.0,1.0,43,8,2.2450806099630114,1,2.2450806099630114,False,False,False,True,0,1094,20,0.4,0.3,0.3,balanced
1781502497676.132,0.4,0.3,0.3,600.8571428571429,618.0,0.12017142857142858,317.89252928141815,374.0629946185502,0.020539861860001212,1.0000000000000002,1.0,1.0,44,8,2.2457694700134283,0,2.2457694700134283,False,False,False,True,0,1095,20,0.4,0.3,0.3,balanced
1781502520517.752,0.4,0.3,0.3,596.1789638932498,613.4444444444445,0.11923579277864997,422.00221589110475,483.2621082621082,0.027485137817952286,1.0000000000000002,1.0,1.0,46,8,2.2440601415431543,0,2.2440601415431543,False,False,False,True,0,1096,20,0.4,0.3,0.3,balanced
1781502546634.34,0.4,0.3,0.3,596.0659340659341,612.1111111111111,0.11921318681318682,485.0568534346312,566.0063944286167,0.03169158461872123,1.0000000000000002,1.0,1.0,47,8,2.242807249889109,0,2.242807249889109,False,False,False,True,0,1097,20,0.4,0.3,0.3,balanced
1781502572767.187,0.4,0.3,0.3,595.1852433281006,611.1111111111111,0.11903704866562011,387.7342513453624,429.42228553339663,0.0251990828115652,1.0000000000000002,1.0,1.0,49,8,2.2448254556902825,0,2.2448254556902825,False,False,False,True,0,1098,20,0.4,0.3,0.3,balanced
1781502603291.999,0.4,0.3,0.3,557.5871271585557,538.0,0.11151742543171114,487.0997807017544,654.0606725146199,0.031827870627201764,0.8768642072213502,0.84375,0.8768642072213502,50,8,2.20890393080556,0,2.20890393080556,False,False,False,True,0,1099,20,0.4,0.3,0.3,balanced
1781502625929.029,0.4,0.3,0.3,591.3908948194663,606.1111111111111,0.11827817896389327,356.6793289015511,447.15732826843936,0.02312737350910948,1.0000000000000002,1.0,1.0,52,8,2.24575051636171,0,2.24575051636171,False,False,False,True,0,1100,20,0.4,0.3,0.3,balanced
1781502652048.4011,0.4,0.3,0.3,590.6373626373627,604.7777777777778,0.11812747252747254,357.4074074074074,450.99081987970885,0.02317594445679836,1.0000000000000002,1.0,1.0,53,8,2.2457962276519714,0,2.2457962276519714,False,False,False,True,0,1101,20,0.4,0.3,0.3,balanced
1781502678277.353,0.4,0.3,0.3,590.0706436420722,603.8888888888889,0.11801412872841445,426.70307059195943,518.752769863881,0.027798737197595694,1.0000000000000002,1.0,1.0,55,8,2.2444547273493556,0,2.2444547273493556,False,False,False,True,0,1102,20,0.4,0.3,0.3,balanced
1781502701017.199,0.4,0.3,0.3,587.7990580847725,602.1111111111111,0.11755981161695449,421.16809116809117,514.031339031339,0.027429492406143507,1.0000000000000002,1.0,1.0,56,8,2.2447472276313754,0,2.2447472276313754,False,False,False,True,0,1103,20,0.4,0.3,0.3,balanced
1781502727442.84,0.4,0.3,0.3,585.5290423861853,598.6666666666666,0.11710580847723706,556.2899651788541,632.2348844571067,0.03644362676309901,1.0000000000000002,1.0,1.0,58,8,2.2422245885801755,0,2.2422245885801755,False,False,False,True,0,1104,20,0.4,0.3,0.3,balanced
1781502753762.537,0.4,0.3,0.3,585.1161695447411,599.1111111111111,0.11702323390894821,547.0900601456157,607.1430832541944,0.03582989060344334,1.0000000000000002,1.0,1.0,59,8,2.242441739255388,0,2.242441739255388,False,False,False,True,0,1105,20,0.4,0.3,0.3,balanced
1781502776403.2668,0.4,0.3,0.3,585.7613814756672,599.2222222222222,0.11715227629513345,476.12614751503634,543.0025324469768,0.03109580703902844,1.0000000000000002,1.0,1.0,58,8,2.243810347370238,1,2.243810347370238,False,False,False,True,0,1106,20,0.4,0.3,0.3,balanced
1781502802736.1418,0.4,0.3,0.3,588.7598116169545,602.7777777777778,0.1177519623233909,373.877809433365,453.9189616967394,0.024274703764734153,1.0000000000000002,1.0,1.0,56,8,2.2456168039412234,1,2.2456168039412234,False,False,False,True,0,1107,20,0.4,0.3,0.3,balanced
1781502828958.075,0.4,0.3,0.3,587.6436420722137,601.0,0.11752872841444273,399.69689775245325,501.7204811649256,0.025997124599896816,1.0000000000000002,1.0,1.0,58,8,2.245189371254254,0,2.245189371254254,False,False,False,True,0,1108,20,0.4,0.3,0.3,balanced
1781502855184.4658,0.4,0.3,0.3,586.6106750392464,599.5555555555555,0.11732213500784928,367.66619183285854,442.21589110478,0.023860319668636328,1.0000000000000002,1.0,1.0,59,8,2.245913050096269,0,2.245913050096269,False,False,False,True,0,1109,20,0.4,0.3,0.3,balanced
1781502877716.41,0.4,0.3,0.3,584.9309262166405,597.4444444444445,0.1169861852433281,459.55365622032286,545.2943969610636,0.029990237239514533,1.0000000000000002,1.0,1.0,61,8,2.2442084547308143,0,2.2442084547308143,False,False,False,True,0,1110,20,0.4,0.3,0.3,balanced
1781502903732.736,0.4,0.3,0.3,584.414442700157,596.4444444444445,0.1168828885400314,385.3569167458056,480.1060462171574,0.02504048810845935,1.0000000000000002,1.0,1.0,64,8,2.2457346981514497,0,2.2457346981514497,False,False,False,True,0,1111,20,0.4,0.3,0.3,balanced
1781502929846.525,0.4,0.3,0.3,584.962323390895,597.7777777777778,0.116992464678179,415.90297562519777,509.1247230136119,0.027078250542041212,1.0000000000000002,1.0,1.0,61,8,2.245079538966116,1,2.245079538966116,False,False,False,True,0,1112,20,0.4,0.3,0.3,balanced
1781502952475.657,0.4,0.3,0.3,582.5384615384617,594.6666666666666,0.11650769230769233,451.8922127255461,542.6479898702121,0.029479133604105808,1.0000000000000002,1.0,1.0,64,8,2.2445531829956913,0,2.2445531829956913,False,False,False,True,0,1113,20,0.4,0.3,0.3,balanced
1781502978690.687,0.4,0.3,0.3,585.1554160125589,597.8888888888889,0.11703108320251178,439.4009180120291,528.2003798670464,0.0286458250841914,1.0000000000000002,1.0,1.0,61,8,2.244593819193738,1,2.244593819193738,False,False,False,True,0,1114,20,0.4,0.3,0.3,balanced
1781503004702.952,0.4,0.3,0.3,580.923076923077,593.3333333333334,0.1161846153846154,439.6153846153846,524.8622981956315,0.028660132395956276,1.0000000000000002,1.0,1.0,64,8,2.244928114127367,0,2.244928114127367,False,False,False,True,0,1115,20,0.4,0.3,0.3,balanced
1781503027439.414,0.4,0.3,0.3,581.0455259026688,592.5555555555555,0.11620910518053376,452.6923076923077,581.6144349477682,0.029532508852055217,1.0000000000000002,1.0,1.0,65,8,2.24465660527217,0,2.24465660527217,False,False,False,True,0,1116,20,0.4,0.3,0.3,balanced
1781503053666.355,0.4,0.3,0.3,582.9262166405024,595.3333333333334,0.11658524332810048,478.62456473567585,570.7660652105097,0.031262479301913,1.0000000000000002,1.0,1.0,64,8,2.243987158878186,1,2.243987158878186,False,False,False,True,0,1117,20,0.4,0.3,0.3,balanced
1781503080092.1309,0.4,0.3,0.3,581.7017268445841,594.0,0.11634034536891681,465.42101930990816,552.2538778094333,0.03038165572447686,1.0000000000000002,1.0,1.0,65,8,2.2443493651350903,0,2.2443493651350903,False,False,False,True,0,1118,20,0.4,0.3,0.3,balanced
1781503106607.042,0.4,0.3,0.3,581.054945054945,592.6666666666666,0.11621098901098902,512.7928141817031,610.1851851851852,0.033541882200247036,1.0000000000000002,1.0,1.0,67,8,2.24345303973553,0,2.24345303973553,False,False,False,True,0,1119,20,0.4,0.3,0.3,balanced
1781503129240.5752,0.4,0.3,0.3,578.591836734694,590.3333333333334,0.1157183673469388,463.24232352010125,561.5558721114277,0.03023631244296873,1.0000000000000002,1.0,1.0,68,8,2.2446417593283337,0,2.2446417593283337,False,False,False,True,0,1120,20,0.4,0.3,0.3,balanced
1781503157956.82,0.4,0.3,0.3,581.3940345368917,593.2222222222222,0.11627880690737834,547.4061302681991,696.27969348659,0.035850976001881196,0.8617097188525762,0.9040404040404041,0.8617097188525762,67,8,2.201246100092257,1,2.201246100092257,False,False,False,True,0,1121,20,0.4,0.3,0.3,balanced
1781503184283.7852,0.4,0.3,0.3,581.7629513343799,593.4444444444445,0.11635259026687597,468.41722063944286,566.3596074707186,0.03058153573311827,1.0000000000000002,1.0,1.0,65,8,2.244284503173314,1,2.244284503173314,False,False,False,True,0,1122,20,0.4,0.3,0.3,balanced
1781503210707.226,0.4,0.3,0.3,583.5651491365778,595.7777777777778,0.11671302982731556,450.8444127888572,506.7917062361507,0.029409233675040506,1.0000000000000002,1.0,1.0,64,8,2.2444920179665617,1,2.2444920179665617,False,False,False,True,0,1123,20,0.4,0.3,0.3,balanced
1781503233345.06,0.4,0.3,0.3,582.5620094191524,594.7777777777778,0.11651240188383048,453.27714466603356,522.7492877492878,0.02957152399373139,1.0000000000000002,1.0,1.0,65,8,2.2445235820483482,0,2.2445235820483482,False,False,False,True,0,1124,20,0.4,0.3,0.3,balanced
1781503259762.795,0.4,0.3,0.3,583.2747252747254,595.4444444444445,0.11665494505494507,450.30468502690724,518.6546375435264,0.02937322782034071,1.0000000000000002,1.0,1.0,64,8,2.24452605363192,1,2.24452605363192,False,False,False,True,0,1125,20,0.4,0.3,0.3,balanced
1781503285977.33,0.4,0.3,0.3,584.4882260596546,597.4444444444445,0.11689764521193093,519.9398543842988,555.3909465020574,0.0340186694052234,1.0000000000000002,1.0,1.0,61,8,2.2430353410936608,1,2.2430353410936608,False,False,False,True,0,1126,20,0.4,0.3,0.3,balanced
1781503308511.936,0.4,0.3,0.3,586.6656200941916,599.6666666666666,0.11733312401883832,479.2149414371636,532.6274137385249,0.03130186400514767,1.0000000000000002,1.0,1.0,59,8,2.24367619119092,1,2.24367619119092,False,False,False,True,0,1127,20,0.4,0.3,0.3,balanced
1781503334518.262,0.4,0.3,0.3,586.8775510204082,600.7777777777778,0.11737551020408164,412.3306426084204,483.50902184235514,0.02683993613131557,1.0000000000000002,1.0,1.0,58,8,2.244997815078973,1,2.244997815078973,False,False,False,True,0,1128,20,0.4,0.3,0.3,balanced
1781503360640.532,0.4,0.3,0.3,584.9309262166405,597.8888888888889,0.1169861852433281,445.52152579930356,507.0512820512821,0.029054137811828123,1.0000000000000002,1.0,1.0,59,8,2.2444892845591204,0,2.2444892845591204,False,False,False,True,0,1129,20,0.4,0.3,0.3,balanced
1781503383179.977,0.4,0.3,0.3,585.8854003139718,599.3333333333334,0.11717708006279436,447.9415954415954,524.8955365622032,0.02921558341838528,1.0000000000000002,1.0,1.0,58,8,2.2443644929493667,1,2.2443644929493667,False,False,False,True,0,1130,20,0.4,0.3,0.3,balanced
1781503409207.215,0.4,0.3,0.3,587.2417582417584,601.8888888888889,0.11744835164835167,442.4928774928775,484.1627097182653,0.02885209322834406,1.0000000000000002,1.0,1.0,56,8,2.244365031372156,1,2.244365031372156,False,False,False,True,0,1131,20,0.4,0.3,0.3,balanced
1781503435224.603,0.4,0.3,0.3,587.464678178964,601.8888888888889,0.11749293563579281,407.5522317188983,474.7562519784741,0.026521162889853123,1.0000000000000002,1.0,1.0,58,8,2.245046476878727,0,2.245046476878727,False,False,False,True,0,1132,20,0.4,0.3,0.3,balanced
1781503461344.1328,0.4,0.3,0.3,588.6436420722137,602.7777777777778,0.11772872841444273,396.49810066476726,482.5435264324153,0.025783729197115895,1.0000000000000002,1.0,1.0,56,8,2.245173389875088,1,2.245173389875088,False,False,False,True,0,1133,20,0.4,0.3,0.3,balanced
1781503483780.8171,0.4,0.3,0.3,589.3830455259027,604.2222222222222,0.11787660910518055,390.56346945235833,470.14561570117127,0.025387823178943184,1.0000000000000002,1.0,1.0,55,8,2.2452330094042448,1,2.2452330094042448,False,False,False,True,0,1134,20,0.4,0.3,0.3,balanced
1781503510301.5898,0.4,0.3,0.3,591.7551020408164,606.0,0.11835102040816328,413.6877063265952,483.4218559218559,0.02693046740003971,0.9797081225652656,0.9835390946502057,0.9797081225652656,53,8,2.2384928883863022,1,2.2384928883863022,False,False,False,True,0,1135,20,0.4,0.3,0.3,balanced
1781503536609.965,0.4,0.3,0.3,589.8131868131869,604.3333333333334,0.11796263736263739,406.7260208926876,513.7021209243431,0.026466045423127926,1.0000000000000002,1.0,1.0,55,8,2.2448751314280067,0,2.2448751314280067,False,False,False,True,0,1136,20,0.4,0.3,0.3,balanced
1781503558948.411,0.4,0.3,0.3,592.1224489795919,606.3333333333334,0.11842448979591838,443.6008230452675,517.695473251029,0.028926005540044528,1.0000000000000002,1.0,1.0,53,8,2.243952402419619,1,2.243952402419619,False,False,False,True,0,1137,20,0.4,0.3,0.3,balanced
1781503585067.457,0.4,0.3,0.3,592.4505494505496,606.8888888888889,0.11849010989010993,363.0864197530864,440.082304526749,0.023554797848771607,1.0000000000000002,1.0,1.0,52,8,2.2455375166893243,1,2.2455375166893243,False,False,False,True,0,1138,20,0.4,0.3,0.3,balanced
1781503611292.665,0.4,0.3,0.3,592.8069073783361,608.8888888888889,0.11856138147566721,330.741532130421,406.5891104779994,0.021397033497693195,1.0000000000000002,1.0,1.0,50,8,2.246156337360425,1,2.246156337360425,False,False,False,True,0,1139,20,0.4,0.3,0.3,balanced
1781503644122.052,0.4,0.3,0.3,599.8147566718995,617.8888888888889,0.11996295133437991,1837.8896397719925,1806.7870169046641,0.12194060305350184,0.8023666042099223,0.7960503197694848,0.8023666042099223,49,8,2.156142619813174,1,2.156142619813174,False,False,False,True,0,1140,20,0.4,0.3,0.3,balanced
1781503666957.5642,0.4,0.3,0.3,597.4395604395604,614.1111111111111,0.11948791208791208,314.22602089268753,371.9499841722064,0.020295264902781024,1.0000000000000002,1.0,1.0,47,8,2.246116255694001,1,2.246116255694001,False,False,False,True,0,1141,20,0.4,0.3,0.3,balanced
1781503693272.9658,0.4,0.3,0.3,598.7519623233909,616.0,0.11975039246467818,327.3654637543527,382.23330167774606,0.021171812125040206,1.0000000000000002,1.0,1.0,46,8,2.2457482993766167,1,2.2457482993766167,False,False,False,True,0,1142,20,0.4,0.3,0.3,balanced
1781503719587.8042,0.4,0.3,0.3,602.8304552590267,620.6666666666666,0.12056609105180535,280.81196581196576,337.90756568534346,0.01806617517091166,1.0000000000000002,1.0,1.0,44,8,2.2463537110280045,1,2.2463537110280045,False,False,False,True,0,1143,20,0.4,0.3,0.3,balanced
1781503742126.752,0.4,0.3,0.3,604.3359497645212,622.4444444444445,0.12086718995290423,250.26353276353274,299.710351377018,0.01602825435380472,1.0000000000000002,1.0,1.0,43,8,2.246844647712697,1,2.246844647712697,False,False,False,True,0,1144,20,0.4,0.3,0.3,balanced
1781503768449.696,0.4,0.3,0.3,605.2904238618526,624.7777777777778,0.12105808477237051,255.18993352326686,305.35295979740425,0.01635690016833001,1.0000000000000002,1.0,1.0,41,8,2.246669696040553,1,2.246669696040553,False,False,False,True,0,1145,20,0.4,0.3,0.3,balanced
1781503794953.765,0.4,0.3,0.3,606.1616954474098,625.2222222222222,0.12123233908948196,281.2345679012346,335.28806584362144,0.018094367438374555,1.0000000000000002,1.0,1.0,40,8,2.2460787541326948,1,2.2460787541326948,False,False,False,True,0,1146,20,0.4,0.3,0.3,balanced
1781503821280.937,0.4,0.3,0.3,609.094191522763,629.6666666666666,0.1218188383045526,259.87654320987656,299.75308641975306,0.016669549246822984,1.0000000000000002,1.0,1.0,38,8,2.246271599904132,1,2.246271599904132,False,False,False,True,0,1147,20,0.4,0.3,0.3,balanced
1781503843914.72,0.4,0.3,0.3,612.6499215070645,633.0,0.1225299843014129,243.1093700538145,293.88097499208607,0.015550991998253135,1.0000000000000002,1.0,1.0,37,8,2.246322708679959,1,2.246322708679959,False,False,False,True,0,1148,20,0.4,0.3,0.3,balanced
1781503870131.593,0.4,0.3,0.3,616.6671899529042,639.1111111111111,0.12333343799058084,228.85485913263688,283.23203545425764,0.01460005731371827,1.0000000000000002,1.0,1.0,35,8,2.246286607609652,1,2.246286607609652,False,False,False,True,0,1149,20,0.4,0.3,0.3,balanced
1781503897353.221,0.4,0.3,0.3,620.1240188383046,643.0,0.12402480376766091,7774.937084520418,7967.995975218199,0.5180078108419225,0.9916772569833796,0.9879482657260434,0.9916772569833796,34,8,2.0924909123353728,1,2.0924909123353728,False,False,False,True,0,1150,20,0.4,0.3,0.3,balanced
1781503919687.9758,0.4,0.3,0.3,623.1679748822608,647.6666666666666,0.12463359497645216,235.81038303260524,274.5868945868946,0.015064068247672131,0.9978487121344266,0.9958847736625516,0.9978487121344266,32,8,2.2449819551754455,1,2.2449819551754455,False,False,False,True,0,1151,20,0.4,0.3,0.3,balanced
1781503946107.918,0.4,0.3,0.3,622.8550185873606,636.8888888888889,0.12457100371747212,350.36320716320716,438.8868538868539,0.02270601782276232,0.9963821030270843,0.9960317460317462,0.9963821030270843,34,8,2.2422744240743078,0,2.2422744240743078,False,False,False,True,0,1152,20,0.4,0.3,0.3,balanced
1781503972212.816,0.4,0.3,0.3,617.9827315541602,640.2222222222222,0.12359654631083204,210.7905982905983,253.57233301677746,0.013394969865950521,1.0000000000000002,1.0,1.0,34,8,2.246542890515882,2,2.246542890515882,False,False,False,True,0,1153,20,0.4,0.3,0.3,balanced
1781503994451.3162,0.4,0.3,0.3,622.850863422292,647.1111111111111,0.12457017268445841,197.18819246597025,244.38746438746435,0.012487537856302218,1.0000000000000002,1.0,1.0,32,8,2.246425669569326,1,2.246425669569326,False,False,False,True,0,1154,20,0.4,0.3,0.3,balanced
1781504020581.696,0.4,0.3,0.3,630.9607535321823,657.0,0.12619215070643644,191.61522633744855,232.16049382716048,0.012115758928448869,1.0000000000000002,1.0,1.0,29,8,2.245888412038891,1,2.245888412038891,False,False,False,True,0,1155,20,0.4,0.3,0.3,balanced
1781504046605.0688,0.4,0.3,0.3,635.7362637362638,663.1111111111111,0.12714725274725278,174.0178854067743,209.76574865463758,0.010941820240612028,1.0000000000000002,1.0,1.0,28,8,2.2458585528289152,1,2.2458585528289152,False,False,False,True,0,1156,20,0.4,0.3,0.3,balanced
1781504072922.97,0.4,0.3,0.3,630.9089481946625,657.0,0.12618178963893248,190.94412788857232,231.54162709718264,0.01207098918536173,1.0000000000000002,1.0,1.0,29,8,2.2459059873888183,0,2.2459059873888183,False,False,False,True,0,1157,20,0.4,0.3,0.3,balanced
1781504095358.4658,0.4,0.3,0.3,633.2009419152278,660.3333333333334,0.12664018838304555,162.34172206394427,203.87939221272552,0.010162890064305822,1.0000000000000002,1.0,1.0,28,8,2.24629505762749,1,2.24629505762749,False,False,False,True,0,1158,20,0.4,0.3,0.3,balanced
1781504128676.522,0.4,0.3,0.3,633.8257456828886,663.1111111111111,0.12676514913657771,628.9664902998236,711.784832451499,0.04129196066042853,0.756698226352175,0.7416724177593743,0.756698226352175,29,8,2.163915820052893,0,2.163915820052893,False,False,False,True,0,1159,20,0.4,0.3,0.3,balanced
1781504157691.924,0.4,0.3,0.3,545.6671899529043,598.8888888888889,0.10913343799058087,146.48148148148147,162.55555555555554,0.00910483532231364,0.839874411302983,0.8888888888888888,0.839874411302983,28,8,2.2055774975979685,1,2.2055774975979685,False,False,False,True,0,1160,20,0.4,0.3,0.3,balanced
1781504184094.845,0.4,0.3,0.3,630.2605965463109,656.7777777777778,0.1260521193092622,175.06172839506175,217.36625514403292,0.01101145619713554,1.0000000000000002,1.0,1.0,29,8,2.2462757154171547,0,2.2462757154171547,False,False,False,True,0,1161,20,0.4,0.3,0.3,balanced
1781504206519.389,0.4,0.3,0.3,634.5635792778651,661.7777777777778,0.126912715855573,208.4480848369737,257.3630895853118,0.013238698121212387,1.0000000000000002,1.0,1.0,28,8,2.245263304221407,1,2.245263304221407,False,False,False,True,0,1162,20,0.4,0.3,0.3,balanced
1781504232648.7961,0.4,0.3,0.3,641.0706436420722,670.2222222222222,0.12821412872841445,153.1085786641342,188.2684393795505,0.009546936535299146,1.0000000000000002,1.0,1.0,26,8,2.2458502675480445,1,2.2458502675480445,False,False,False,True,0,1163,20,0.4,0.3,0.3,balanced
1781504269768.946,0.4,0.3,0.3,431.4850863422293,449.3333333333333,0.08629701726844585,91.15277777777777,110.30555555555556,0.005413794381439478,0.6703296703296704,0.6666666666666666,0.6703296703296704,25,8,2.1649559558770908,1,2.1649559558770908,False,False,False,True,0,1164,20,0.4,0.3,0.3,balanced
1781504296299.9412,0.4,0.3,0.3,655.574568288854,689.1111111111111,0.1311149136577708,146.04621715732827,183.8619816397594,0.00907579834271703,1.0000000000000002,1.0,1.0,23,8,2.2448312950340767,1,2.2448312950340767,False,False,False,True,0,1165,20,0.4,0.3,0.3,balanced
1781504322415.346,0.4,0.3,0.3,661.1993720565149,695.8888888888889,0.13223987441130297,124.77524533080089,157.1383349161127,0.007656787547084782,1.0000000000000002,1.0,1.0,22,8,2.244807013971353,1,2.244807013971353,False,False,False,True,0,1166,20,0.4,0.3,0.3,balanced
1781504344949.948,0.4,0.3,0.3,669.9795918367348,707.8888888888889,0.13399591836734695,124.82589427033871,155.62994618550172,0.007660166395619661,1.0000000000000002,1.0,1.0,20,8,2.2441035827343754,1,2.2441035827343754,False,False,False,True,0,1167,20,0.4,0.3,0.3,balanced
1781504370974.691,0.4,0.3,0.3,677.8320251177396,717.6666666666666,0.13556640502354791,121.61522633744855,146.43874643874645,0.007445979075213379,1.0000000000000002,1.0,1.0,19,8,2.243539644268017,1,2.243539644268017,False,False,False,True,0,1168,20,0.4,0.3,0.3,balanced
1781504397096.729,0.4,0.3,0.3,692.4348508634223,736.6666666666666,0.13848697017268446,111.8201962646407,140.78822412155745,0.006792541445272895,1.0000000000000002,1.0,1.0,17,8,2.2425674494973444,1,2.2425674494973444,False,False,False,True,0,1169,20,0.4,0.3,0.3,balanced
1781504419535.634,0.4,0.3,0.3,679.0941915227629,717.8888888888889,0.13581883830455257,129.77841088952198,157.7809433364989,0.007990554428920747,1.0000000000000002,1.0,1.0,19,8,2.2432752983495026,0,2.2432752983495026,False,False,False,True,0,1170,20,0.4,0.3,0.3,balanced
1781504445862.721,0.4,0.3,0.3,693.784929356358,738.7777777777778,0.1387569858712716,124.97863247863248,154.5536562203229,0.007670355735732654,1.0000000000000002,1.0,1.0,17,8,2.2421960989307714,1,2.2421960989307714,False,False,False,True,0,1171,20,0.4,0.3,0.3,balanced
1781504472087.334,0.4,0.3,0.3,701.0627943485085,747.7777777777778,0.14021255886970171,131.48148148148147,158.29059829059827,0.008104168210906036,1.0000000000000002,1.0,1.0,16,8,2.2414837259888474,1,2.2414837259888474,False,False,False,True,0,1172,20,0.4,0.3,0.3,balanced
1781504494915.714,0.4,0.3,0.3,723.1946624803768,777.0,0.14463893249607535,114.87416904083568,141.025641025641,0.006996275453024395,1.0000000000000002,1.0,1.0,14,8,2.2400455443656626,1,2.2400455443656626,False,False,False,True,0,1173,20,0.4,0.3,0.3,balanced
1781504521331.9048,0.4,0.3,0.3,739.2511773940346,797.0,0.1478502354788069,139.75862614751503,161.70465337132,0.00865634597381688,1.0000000000000002,1.0,1.0,13,8,2.2382630020163323,1,2.2382630020163323,False,False,False,True,0,1174,20,0.4,0.3,0.3,balanced
1781504547850.398,0.4,0.3,0.3,773.6656200941916,841.8888888888889,0.15473312401883832,96.31766381766381,118.73852484963595,0.005758349821058293,1.0000000000000002,1.0,1.0,11,8,2.2363792454461473,1,2.2363792454461473,False,False,False,True,0,1175,20,0.4,0.3,0.3,balanced
1781504574257.141,0.4,0.3,0.3,796.5102040816328,871.5555555555555,0.15930204081632654,77.13596074707185,97.69072491294713,0.004478716527489783,1.0000000000000002,1.0,1.0,10,8,2.2349355687152226,1,2.2349355687152226,False,False,False,True,0,1176,20,0.4,0.3,0.3,balanced
1781504597281.071,0.4,0.3,0.3,774.8963893249609,843.0,0.15497927786499216,96.8019943019943,117.25229503007283,0.005790660060173068,1.0000000000000002,1.0,1.0,11,8,2.236271090835951,0,2.236271090835951,False,False,False,True,0,1177,20,0.4,0.3,0.3,balanced
1781504623794.414,0.4,0.3,0.3,738.2841444270017,796.4444444444445,0.14765682888540035,116.35327635327634,148.5153529597974,0.007094948389144519,1.0000000000000002,1.0,1.0,13,8,2.2388087839290964,0,2.2388087839290964,False,False,False,True,0,1178,20,0.4,0.3,0.3,balanced
1781504650013.052,0.4,0.3,0.3,723.7566718995291,777.7777777777778,0.14475133437990584,130.01187084520416,166.22190566635012,0.0080061288088862,1.0000000000000002,1.0,1.0,14,8,2.2396976276053717,0,2.2396976276053717,False,False,False,True,0,1179,20,0.4,0.3,0.3,balanced
1781504672538.835,0.4,0.3,0.3,701.7111459968604,748.5555555555555,0.1403422291993721,114.18645140867362,147.16682494460272,0.006950397025261749,1.0000000000000002,1.0,1.0,16,8,2.2417779892126726,0,2.2417779892126726,False,False,False,True,0,1180,20,0.4,0.3,0.3,balanced
1781504698653.1191,0.4,0.3,0.3,693.3233908948196,737.8888888888889,0.1386646781789639,111.14988920544475,134.3605571383349,0.006747824496694112,1.0000000000000002,1.0,1.0,17,8,2.242509781379406,0,2.242509781379406,False,False,False,True,0,1181,20,0.4,0.3,0.3,balanced
1781504735875.526,0.4,0.3,0.3,412.50863422291997,507.3333333333333,0.082501726844584,85.65277777777777,88.02777777777777,0.005046883107256689,0.5651491365777082,0.6666666666666666,0.5651491365777082,19,8,2.135029985303302,0,2.135029985303302,False,False,False,True,0,1182,20,0.4,0.3,0.3,balanced
1781504762087.878,0.4,0.3,0.3,671.4003139717425,709.1111111111111,0.1342800627943485,131.35644191199745,175.32921810699588,0.008095826678585554,1.0000000000000002,1.0,1.0,20,8,2.2438592268786848,0,2.2438592268786848,False,False,False,True,0,1183,20,0.4,0.3,0.3,balanced
1781504788006.609,0.4,0.3,0.3,657.8226059654631,691.7777777777778,0.13156452119309262,123.63247863247862,147.67964545742325,0.007580552277016586,1.0000000000000002,1.0,1.0,22,8,2.245100025839658,0,2.245100025839658,False,False,False,True,0,1184,20,0.4,0.3,0.3,balanced
1781504810433.093,0.4,0.3,0.3,654.006279434851,687.1111111111111,0.1308012558869702,127.81101614434948,155.52706552706553,0.00785930728114406,0.9940694226408515,0.9958847736625513,0.9940694226408515,23,8,2.243542532253124,0,2.243542532253124,False,False,False,True,0,1185,20,0.4,0.3,0.3,balanced
1781504836345.337,0.4,0.3,0.3,645.6342229199373,675.2222222222222,0.12912684458398746,152.10667932890155,187.2522950300728,0.009480098687718583,1.0000000000000002,1.0,1.0,25,8,2.2455052325600895,0,2.2455052325600895,False,False,False,True,0,1186,20,0.4,0.3,0.3,balanced
1781504862655.074,0.4,0.3,0.3,640.4395604395605,669.7777777777778,0.1280879120879121,157.20876859765747,185.67109844887622,0.00982046488309923,1.0000000000000002,1.0,1.0,26,8,2.2458186956999056,0,2.2458186956999056,False,False,False,True,0,1187,20,0.4,0.3,0.3,balanced
1781504888288.613,0.4,0.3,0.3,547.5400313971744,601.4444444444445,0.10950800627943488,148.9910394265233,157.0657108721625,0.009272250795631974,0.839874411302983,0.8888888888888888,0.839874411302983,28,8,2.2053774456404316,0,2.2053774456404316,False,False,False,True,0,1188,20,0.4,0.3,0.3,balanced
1781504914599.008,0.4,0.3,0.3,630.607535321821,656.6666666666666,0.1261215070643642,159.3724279835391,192.16049382716048,0.009964805068948573,1.0000000000000002,1.0,1.0,29,8,2.24656195565357,0,2.24656195565357,False,False,False,True,0,1189,20,0.4,0.3,0.3,balanced
1781504940824.504,0.4,0.3,0.3,623.414442700157,647.6666666666666,0.1246828885400314,187.80547641658754,226.14593225704337,0.01186160616521598,1.0000000000000002,1.0,1.0,32,8,2.246568362734423,0,2.246568362734423,False,False,False,True,0,1190,20,0.4,0.3,0.3,balanced
1781504969028.481,0.4,0.3,0.3,618.8775510204082,641.3333333333334,0.12377551020408163,274.53849311607934,375.9735379562965,0.01764766465083918,0.9142184346265982,0.9404761904761906,0.9142184346265982,34,8,2.219461026911095,0,2.219461026911095,False,False,False,True,0,1191,20,0.4,0.3,0.3,balanced
1781504991766.7798,0.4,0.3,0.3,617.221350078493,639.0,0.12344427001569859,229.60984488762264,277.380500158278,0.014650423274691304,1.0000000000000002,1.0,1.0,35,8,2.2462271650113133,0,2.2462271650113133,False,False,False,True,0,1192,20,0.4,0.3,0.3,balanced
1781505018097.095,0.4,0.3,0.3,611.7032967032967,632.1111111111111,0.12234065934065934,235.1915163026274,287.991452991453,0.015022782942136584,1.0000000000000002,1.0,1.0,37,8,2.246556901381095,0,2.246556901381095,False,False,False,True,0,1193,20,0.4,0.3,0.3,balanced
1781505048923.537,0.4,0.3,0.3,611.9591836734695,632.1111111111111,0.1223918367346939,597.9827290764791,732.934102934103,0.03922499860416805,0.8012558869701729,0.8444444444444444,0.8012558869701729,38,8,2.1796525318159237,0,2.1796525318159237,False,False,False,True,0,1194,20,0.4,0.3,0.3,balanced
1781505075031.2979,0.4,0.3,0.3,607.5981161695448,627.0,0.12151962323390897,248.56521050965495,310.06331117442227,0.015914957338869575,1.0000000000000002,1.0,1.0,40,8,2.2466176635047757,0,2.2466176635047757,False,False,False,True,0,1195,20,0.4,0.3,0.3,balanced
1781505097664.0479,0.4,0.3,0.3,605.4427001569859,624.7777777777778,0.12108854003139718,271.21794871794873,339.8654637543526,0.01742614734609398,1.0000000000000002,1.0,1.0,41,8,2.246336739783613,0,2.246336739783613,False,False,False,True,0,1196,20,0.4,0.3,0.3,balanced
1781505123894.867,0.4,0.3,0.3,602.6609105180535,620.2222222222222,0.12053218210361069,278.61981639759415,327.91073124406455,0.01791993438276145,1.0000000000000002,1.0,1.0,43,8,2.246411146843727,0,2.246411146843727,False,False,False,True,0,1197,20,0.4,0.3,0.3,balanced
1781505150339.36,0.4,0.3,0.3,601.6938775510205,619.3333333333334,0.1203387755102041,308.10937005381453,358.33649889205446,0.019887216147686092,1.0000000000000002,1.0,1.0,44,8,2.2458983249516127,0,2.2458983249516127,False,False,False,True,0,1198,20,0.4,0.3,0.3,balanced
1781505173271.191,0.4,0.3,0.3,599.5604395604396,616.3333333333334,0.11991208791208792,295.7122507122507,356.4023425134536,0.019060190174266224,1.0000000000000002,1.0,1.0,46,8,2.246317107782885,0,2.246317107782885,False,False,False,True,0,1199,20,0.4,0.3,0.3,balanced
1781505199489.543,0.4,0.3,0.3,597.3202511773942,613.4444444444445,0.11946405023547883,304.10414688192463,371.0446343779678,0.0196200231408889,1.0000000000000002,1.0,1.0,47,8,2.246328372963542,0,2.246328372963542,False,True,False,True,0,1200,20,0.4,0.3,0.3,balanced
