timestamp,alpha,beta,delta,power_wam,power_mean,power_normalized,delay_wam,delay_mean,delay_normalized,pdr_wam,pdr_mean,pdr_normalized,current_sf_len,last_ts_in_schedule,reward,action,returned_reward,terminated,truncated,wait_timeout,valid_cycle,wait_attempts,cycle_idx,seed,alpha_weight,beta_weight,delta_weight,profile
1781487731079.7651,0.4,0.3,0.3,777.8147566718995,848.7777777777778,0.15556295133437992,161.59140667761355,168.41680350301039,0.010112835668953539,0.9761137876901422,0.9645593869731801,0.9761137876901422,11,8,2.2275751050726047,0,2.2275751050726047,False,False,False,True,0,1,19,0.4,0.3,0.3,balanced
1781487734398.009,0.4,0.3,0.3,738.2339089481947,795.8888888888889,0.14764678178963894,121.54761904761902,152.0620223398001,0.0074414689157851245,1.0,1.0,1.0,13,8,2.2387088466094087,0,2.2387088466094087,False,False,False,True,0,2,19,0.4,0.3,0.3,balanced
1781487737818.429,0.4,0.3,0.3,776.6075353218209,844.0,0.15532150706436418,84.11522633744855,103.25102880658436,0.004944311296694366,1.0,1.0,1.0,11,8,2.236388103785246,1,2.236388103785246,False,False,False,True,0,3,19,0.4,0.3,0.3,balanced
1781487741144.788,0.4,0.3,0.3,740.1145996860282,797.4444444444445,0.14802291993720565,111.2389770723104,150.81128747795415,0.006753767649920641,0.9428122897510652,0.9603174603174602,0.9428122897510652,13,8,2.221608388655461,0,2.221608388655461,False,False,False,True,0,4,19,0.4,0.3,0.3,balanced
1781487744365.969,0.4,0.3,0.3,724.0282574568288,777.2222222222222,0.14480565149136576,133.41563786008228,177.90123456790127,0.008233197989331706,1.0,1.0,1.0,14,8,2.2396077800066543,0,2.2396077800066543,False,False,False,True,0,5,19,0.4,0.3,0.3,balanced
1781487747482.462,0.4,0.3,0.3,703.6091051805337,750.5555555555555,0.14072182103610673,151.9510582010582,185.30129335684893,0.009469717024753715,1.0,1.0,1.0,16,8,2.240870356478131,0,2.240870356478131,False,False,False,True,0,6,19,0.4,0.3,0.3,balanced
1781487750608.292,0.4,0.3,0.3,691.4395604395604,735.1111111111111,0.13828791208791208,151.96428571428572,189.92063492063494,0.009470599447250549,1.0,1.0,1.0,17,8,2.24184365533066,0,2.24184365533066,False,False,False,True,0,7,19,0.4,0.3,0.3,balanced
1781487753634.301,0.4,0.3,0.3,678.6640502354787,718.1111111111111,0.13573281004709575,175.49603174603175,219.80158730158732,0.011040429069114859,1.0,1.0,1.0,19,8,2.2423947472604273,0,2.2423947472604273,False,False,False,True,0,8,19,0.4,0.3,0.3,balanced
1781487756847.34,0.4,0.3,0.3,623.2276295133437,619.0,0.12464552590266874,167.07765830346477,215.520908004779,0.01047882977341326,0.9419152276295133,0.8888888888888888,0.9419152276295133,20,8,2.2295727089957627,0,2.2295727089957627,False,False,False,True,0,9,19,0.4,0.3,0.3,balanced
1781487759865.225,0.4,0.3,0.3,660.0675039246469,694.5555555555555,0.13201350078492938,209.99999999999997,269.94708994709,0.013342228152101399,1.0,1.0,1.0,22,8,2.2431919312403976,0,2.2431919312403976,False,False,False,True,0,10,19,0.4,0.3,0.3,balanced
1781487766371.4211,0.4,0.3,0.3,653.2857142857142,685.8888888888889,0.13065714285714283,223.51998824221045,285.37477954144623,0.014244161990807901,1.0,1.0,1.0,23,8,2.2434638942599006,0,2.2434638942599006,False,False,False,True,0,11,19,0.4,0.3,0.3,balanced
1781487769287.602,0.4,0.3,0.3,644.1114599686027,674.3333333333334,0.12882229199372056,219.98152709359604,279.5265462506842,0.0140081072110471,1.0,1.0,1.0,25,8,2.2442686510391976,0,2.2442686510391976,False,False,False,True,0,12,19,0.4,0.3,0.3,balanced
1781487772129.541,0.4,0.3,0.3,640.6656200941915,670.0,0.1281331240188383,203.1760728982951,245.69958847736623,0.012886996190680127,1.0,1.0,1.0,26,8,2.2448806515352606,0,2.2448806515352606,False,False,False,True,0,13,19,0.4,0.3,0.3,balanced
1781487774950.564,0.4,0.3,0.3,632.9058084772371,659.3333333333334,0.12658116169544742,199.5730452674897,253.24955908289243,0.012646634107237473,1.0,1.0,1.0,28,8,2.2455735450896497,0,2.2455735450896497,False,False,False,True,0,14,19,0.4,0.3,0.3,balanced
1781487777772.492,0.4,0.3,0.3,629.6640502354788,655.3333333333334,0.12593281004709578,213.37595532039975,269.48706643151087,0.013567441982681772,1.0,1.0,1.0,29,8,2.245556643386357,0,2.245556643386357,False,False,False,True,0,15,19,0.4,0.3,0.3,balanced
1781487780596.794,0.4,0.3,0.3,621.8916797488225,645.3333333333334,0.12437833594976451,248.09044882320742,299.896004378763,0.01588328544517728,1.0,1.0,1.0,32,8,2.245483679986541,0,2.245483679986541,False,False,False,True,0,16,19,0.4,0.3,0.3,balanced
1781487783319.55,0.4,0.3,0.3,618.8979591836735,640.6666666666666,0.1237795918367347,288.6657169990503,359.96201329534665,0.018590107871851252,0.9958718530147102,0.9958847736625513,0.9958718530147102,34,8,2.243672686808164,0,2.243672686808164,False,False,False,True,0,17,19,0.4,0.3,0.3,balanced
1781487786133.8552,0.4,0.3,0.3,622.0062794348509,646.0,0.12440125588697017,257.6382047071702,324.055829228243,0.016520227131899278,1.0,1.0,1.0,32,8,2.2452834295056423,1,2.2452834295056423,False,False,False,True,0,18,19,0.4,0.3,0.3,balanced
1781487788859.967,0.4,0.3,0.3,617.2998430141286,639.0,0.12345996860282571,267.2008547008547,331.83760683760687,0.017158162421671425,1.0,1.0,1.0,34,8,2.245468563832368,0,2.245468563832368,False,False,False,True,0,19,19,0.4,0.3,0.3,balanced
1781487791682.0469,0.4,0.3,0.3,615.557299843014,637.3333333333334,0.1231114599686028,273.7698412698412,333.8888888888889,0.017596387009328966,1.0,1.0,1.0,35,8,2.2454764999097603,0,2.2454764999097603,False,False,False,True,0,20,19,0.4,0.3,0.3,balanced
1781487794407.1392,0.4,0.3,0.3,610.3516483516482,630.6666666666666,0.12207032967032964,318.01123773345995,383.05951250395697,0.020547781036254834,1.0,1.0,1.0,37,8,2.2450075338209916,0,2.2450075338209916,False,False,False,True,0,21,19,0.4,0.3,0.3,balanced
1781487797126.333,0.4,0.3,0.3,609.3861852433281,629.3333333333334,0.12187723704866563,344.9706055261611,426.5432098765432,0.022346271215887996,1.0,1.0,1.0,38,8,2.2445452238157673,0,2.2445452238157673,False,False,False,True,0,22,19,0.4,0.3,0.3,balanced
1781487803437.47,0.4,0.3,0.3,608.3940345368917,627.8888888888889,0.12167880690737834,363.6419753086419,452.8395061728395,0.023591859593638555,1.0,1.0,1.0,40,8,2.244250919358957,0,2.244250919358957,False,False,False,True,0,23,19,0.4,0.3,0.3,balanced
1781487806159.3872,0.4,0.3,0.3,606.5368916797488,625.0,0.12130737833594976,355.6922398589065,440.7951205173428,0.02306152367304246,1.0,1.0,1.0,41,8,2.2445585915637074,0,2.2445585915637074,False,False,False,True,0,24,19,0.4,0.3,0.3,balanced
1781487808880.5598,0.4,0.3,0.3,603.4536891679749,621.5555555555555,0.12069073783359498,387.03680897646416,475.29967159277504,0.025152555635521292,1.0,1.0,1.0,43,8,2.2441779381759055,0,2.2441779381759055,False,False,False,True,0,25,19,0.4,0.3,0.3,balanced
1781487811601.1418,0.4,0.3,0.3,600.5604395604395,618.2222222222222,0.1201120879120879,426.7203115814227,525.706937095826,0.027799887363670627,1.0,1.0,1.0,44,8,2.2436151986260637,0,2.2436151986260637,False,False,False,True,0,26,19,0.4,0.3,0.3,balanced
1781487814324.2568,0.4,0.3,0.3,602.3971742543171,619.8888888888889,0.12047943485086342,395.9685479129923,488.9447383891828,0.02574840212895212,1.0,1.0,1.0,43,8,2.244083705420969,1,2.244083705420969,False,False,False,True,0,27,19,0.4,0.3,0.3,balanced
1781487817039.188,0.4,0.3,0.3,602.7394034536892,620.3333333333334,0.12054788069073784,438.8800705467371,541.5402704291594,0.028611078755619555,1.0,1.0,1.0,44,8,2.243197524097019,0,2.243197524097019,False,False,False,True,0,28,19,0.4,0.3,0.3,balanced
1781487819761.817,0.4,0.3,0.3,597.9748822605966,614.2222222222222,0.11959497645211932,452.3514058667315,551.0657017170428,0.02950976690238369,0.9903005158107199,0.9920634920634921,0.9903005158107199,46,8,2.240399234091653,0,2.240399234091653,False,False,False,True,0,29,19,0.4,0.3,0.3,balanced
1781487822484.066,0.4,0.3,0.3,597.1993720565149,614.1111111111111,0.11943987441130298,436.88286808976466,553.5098522167486,0.028477843101385233,1.0,1.0,1.0,47,8,2.2436806973050634,0,2.2436806973050634,False,False,False,True,0,30,19,0.4,0.3,0.3,balanced
1781487825206.226,0.4,0.3,0.3,595.9544740973313,610.6666666666666,0.11919089481946625,478.4134332745444,594.2739564961787,0.031248394481290485,1.0,1.0,1.0,49,8,2.2429491237278265,0,2.2429491237278265,False,False,False,True,0,31,19,0.4,0.3,0.3,balanced
1781487827919.8289,0.4,0.3,0.3,595.4850863422292,611.2222222222222,0.11909701726844585,483.1376573617953,606.2356321839081,0.03156355285935926,1.0,1.0,1.0,50,8,2.2428921272348137,0,2.2428921272348137,False,False,False,True,0,32,19,0.4,0.3,0.3,balanced
1781487830641.274,0.4,0.3,0.3,594.5745682888539,609.0,0.11891491365777078,490.436507936508,589.047619047619,0.032050467507438826,1.0,1.0,1.0,52,8,2.24281889428466,0,2.24281889428466,False,False,False,True,0,33,19,0.4,0.3,0.3,balanced
1781487833455.6301,0.4,0.3,0.3,503.651491365777,544.6666666666666,0.1007302982731554,463.2359617682198,513.0525686977301,0.03023588804324348,0.8398744113029827,0.8888888888888888,0.8398744113029827,53,8,2.2025994376686597,0,2.2025994376686597,False,False,False,True,0,34,19,0.4,0.3,0.3,balanced
1781487839857.0981,0.4,0.3,0.3,506.4646781789639,548.0,0.10129293563579278,441.09677419354836,491.7610513739546,0.028758957584626307,0.8398744113029826,0.8888888888888888,0.8398744113029826,52,8,2.2028174618611898,1,2.2028174618611898,False,False,False,True,0,35,19,0.4,0.3,0.3,balanced
1781487842479.3079,0.4,0.3,0.3,590.7284144427001,605.5555555555555,0.11814568288854002,510.8499525166191,652.9360557138335,0.033412271682229426,0.9940694226408512,0.9958847736625513,0.9940694226408512,53,8,2.2409388721321704,0,2.2409388721321704,False,False,False,True,0,36,19,0.4,0.3,0.3,balanced
1781487845096.472,0.4,0.3,0.3,588.4489795918367,602.8888888888889,0.11768979591836735,459.3819246597024,576.2234884457107,0.029978780831200962,1.0,1.0,1.0,55,8,2.243930447383293,0,2.243930447383293,False,False,False,True,0,37,19,0.4,0.3,0.3,balanced
1781487847717.226,0.4,0.3,0.3,588.8524332810047,602.0,0.11777048665620093,499.1497648442093,592.6851851851851,0.032631738815490946,1.0,1.0,1.0,56,8,2.2431022836928722,0,2.2431022836928722,False,False,False,True,0,38,19,0.4,0.3,0.3,balanced
1781487850439.6592,0.4,0.3,0.3,589.6059654631083,604.6666666666666,0.11792119309262167,497.2010125889437,607.7764094143405,0.03250173532948257,1.0,1.0,1.0,56,8,2.2430810021641063,2,2.2430810021641063,False,False,False,True,0,39,19,0.4,0.3,0.3,balanced
1781487853064.449,0.4,0.3,0.3,588.5745682888539,602.5555555555555,0.11771491365777079,504.49746755302306,616.2377334599557,0.03298849016364397,1.0,1.0,1.0,55,8,2.2430174874877986,1,2.2430174874877986,False,False,False,True,0,40,19,0.4,0.3,0.3,balanced
1781487855788.734,0.4,0.3,0.3,586.021978021978,600.2222222222222,0.1172043956043956,502.7564667842445,623.1584362139919,0.03287234601629383,1.0,1.0,1.0,56,8,2.2432565379533536,0,2.2432565379533536,False,False,False,True,0,41,19,0.4,0.3,0.3,balanced
1781487858611.998,0.4,0.3,0.3,499.5211930926217,539.6666666666666,0.09990423861852434,531.2412763152473,587.3147530177563,0.03477260015445279,0.8361590790162217,0.8851851851851852,0.8361590790162217,58,8,2.2004542482111207,0,2.2004542482111207,False,False,False,True,0,42,19,0.4,0.3,0.3,balanced
1781487861236.165,0.4,0.3,0.3,586.0894819466247,599.0,0.11721789638932494,580.1851851851851,719.8765432098766,0.03803770414844464,1.0,1.0,1.0,59,8,2.2417015301997365,0,2.2417015301997365,False,False,False,True,0,43,19,0.4,0.3,0.3,balanced
1781487863959.027,0.4,0.3,0.3,584.2700156985871,596.7777777777778,0.11685400313971743,588.2204433497536,713.3223864258348,0.03857374538690818,1.0,1.0,1.0,61,8,2.2416862751280404,0,2.2416862751280404,False,False,False,True,0,44,19,0.4,0.3,0.3,balanced
1781487866683.255,0.4,0.3,0.3,585.8147566718994,598.7777777777778,0.11716295133437989,559.902162014231,668.752052545156,0.03668460053463849,1.0,1.0,1.0,59,8,2.2421294393058564,1,2.2421294393058564,False,False,False,True,0,45,19,0.4,0.3,0.3,balanced
1781487869307.944,0.4,0.3,0.3,585.0423861852432,597.4444444444445,0.11700847723704864,620.4629629629629,730.0176366843033,0.040724680651298396,1.0,1.0,1.0,61,8,2.240979204909791,0,2.240979204909791,False,False,False,True,0,46,19,0.4,0.3,0.3,balanced
1781487875517.968,0.4,0.3,0.3,583.6875981161695,595.7777777777778,0.1167375196232339,589.2117758784424,706.2788857233302,0.03863987831077,0.9940694226408511,0.9958847736625513,0.9940694226408511,64,8,2.239933855449731,0,2.239933855449731,False,False,False,True,0,47,19,0.4,0.3,0.3,balanced
1781487878138.733,0.4,0.3,0.3,583.6373626373626,596.3333333333334,0.11672747252747251,623.2011712567268,775.56821779044,0.04090734965021526,1.0,1.0,1.0,61,8,2.2410368060939465,1,2.2410368060939465,False,False,False,True,0,48,19,0.4,0.3,0.3,balanced
1781487880752.9858,0.4,0.3,0.3,581.1962323390894,593.5555555555555,0.11623924646781789,618.7725546058879,748.8619816397595,0.04061191158144682,1.0,1.0,1.0,64,8,2.241320727938439,0,2.241320727938439,False,False,False,True,0,49,19,0.4,0.3,0.3,balanced
1781487883574.1611,0.4,0.3,0.3,492.894819466248,531.4444444444445,0.0985789638932496,586.0483870967741,656.7013888888889,0.03842884503647593,0.8398744113029827,0.8888888888888888,0.8398744113029827,65,8,2.2010020843226523,0,2.2010020843226523,False,False,False,True,0,50,19,0.4,0.3,0.3,balanced
1781487886197.673,0.4,0.3,0.3,580.4113029827315,591.7777777777778,0.1160822605965463,672.3615068059512,797.7524533080089,0.044186891714873326,1.0,1.0,1.0,67,8,2.2403110282469196,0,2.2403110282469196,False,False,False,True,0,51,19,0.4,0.3,0.3,balanced
1781487888820.535,0.4,0.3,0.3,580.2731554160125,592.2222222222222,0.1160546310832025,679.4900058788946,860.0734861845972,0.0446624420199396,1.0,1.0,1.0,65,8,2.2401794149607372,1,2.2401794149607372,False,False,False,True,0,52,19,0.4,0.3,0.3,balanced
1781487891437.866,0.4,0.3,0.3,580.7189952904239,592.0,0.11614379905808478,722.2220526387192,857.4344277122054,0.04751314560631883,0.9942812289751064,0.9960317460317462,0.9942812289751064,67,8,2.2375729053874025,0,2.2375729053874025,False,False,False,True,0,53,19,0.4,0.3,0.3,balanced
1781487894063.178,0.4,0.3,0.3,581.4678178963893,593.5555555555555,0.11629356357927786,655.3571428571428,832.7380952380953,0.04305251119794148,1.0,1.0,1.0,68,8,2.2405668212089065,0,2.2405668212089065,False,False,False,True,0,54,19,0.4,0.3,0.3,balanced
1781487896676.6619,0.4,0.3,0.3,580.7001569858712,592.2222222222222,0.11614003139717424,743.1687242798354,934.9382716049381,0.048910521966633445,1.0,1.0,1.0,67,8,2.2388708308511402,1,2.2388708308511402,False,False,False,True,0,55,19,0.4,0.3,0.3,balanced
1781487899289.573,0.4,0.3,0.3,581.2527472527472,593.3333333333334,0.11625054945054944,750.1771017048794,909.5884773662551,0.04937805881953832,1.0,1.0,1.0,65,8,2.238686362573919,1,2.238686362573919,False,False,False,True,0,56,19,0.4,0.3,0.3,balanced
1781487902215.139,0.4,0.3,0.3,583.7205651491365,595.2222222222222,0.1167441130298273,797.8209175084176,1096.2973484848485,0.05255643212197582,0.7744041672613101,0.8454335016835017,0.7744041672613101,64,8,2.1698566753298696,1,2.1698566753298696,False,False,False,True,0,57,19,0.4,0.3,0.3,balanced
1781487904841.1611,0.4,0.3,0.3,583.5949764521192,597.1111111111111,0.11671899529042384,620.1361190250078,763.0468502690725,0.04070287651934675,1.0,1.0,1.0,61,8,2.241101538928026,1,2.241101538928026,False,False,False,True,0,58,19,0.4,0.3,0.3,balanced
1781487911041.399,0.4,0.3,0.3,586.8524332810047,600.3333333333334,0.11737048665620094,560.6172839506172,701.358024691358,0.03673230713479768,1.0,1.0,1.0,59,8,2.24203211319708,1,2.24203211319708,False,False,False,True,0,59,19,0.4,0.3,0.3,balanced
1781487913653.3909,0.4,0.3,0.3,588.7394034536892,602.0,0.11774788069073784,555.094175371953,681.9214941437162,0.03636385426097085,1.0,1.0,1.0,58,8,2.2419916914454134,1,2.2419916914454134,False,False,False,True,0,60,19,0.4,0.3,0.3,balanced
1781487916275.348,0.4,0.3,0.3,590.6891679748823,603.8888888888889,0.11813783359497645,542.0773979107312,680.5951250395696,0.035495490187507084,1.0,1.0,1.0,56,8,2.242096219505757,1,2.242096219505757,False,False,False,True,0,61,19,0.4,0.3,0.3,balanced
1781487918891.05,0.4,0.3,0.3,590.2653061224489,604.4444444444445,0.11805306122448979,533.4773662551439,659.5473251028806,0.034921772265186383,1.0,1.0,1.0,55,8,2.242302243830648,1,2.242302243830648,False,False,False,True,0,62,19,0.4,0.3,0.3,balanced
1781487921514.387,0.4,0.3,0.3,591.9120879120878,605.8888888888889,0.11838241758241756,493.06742640075976,603.4931940487495,0.032225979079436945,1.0,1.0,1.0,53,8,2.2429792392432018,1,2.2429792392432018,False,False,False,True,0,63,19,0.4,0.3,0.3,balanced
1781487924239.8838,0.4,0.3,0.3,592.513343799058,607.2222222222222,0.11850266875981161,525.1368363437329,677.1948549534757,0.034365366000249024,1.0,1.0,1.0,52,8,2.2422893226960006,1,2.2422893226960006,False,False,False,True,0,64,19,0.4,0.3,0.3,balanced
1781487926965.036,0.4,0.3,0.3,592.1318681318681,607.7777777777778,0.11842637362637363,473.23465912546374,588.7408015568934,0.03090291255006429,1.0,1.0,1.0,50,8,2.243358576784431,1,2.243358576784431,False,False,False,True,0,65,19,0.4,0.3,0.3,balanced
1781487929686.44,0.4,0.3,0.3,594.6138147566718,610.3333333333334,0.11892276295133436,479.72222222222223,611.7063492063493,0.03133570528500482,1.0,1.0,1.0,49,8,2.243030183233965,1,2.243030183233965,False,False,False,True,0,66,19,0.4,0.3,0.3,balanced
1781487932407.6282,0.4,0.3,0.3,592.5494505494505,608.1111111111111,0.1185098901098901,463.36548987411055,575.9770114942528,0.030244529010948002,1.0,1.0,1.0,50,8,2.2435226852527594,0,2.2435226852527594,False,False,False,True,0,67,19,0.4,0.3,0.3,balanced
1781487935127.833,0.4,0.3,0.3,593.2747252747253,608.2222222222222,0.11865494505494505,479.9726327312534,603.8711001642037,0.03135241045572071,1.0,1.0,1.0,52,8,2.2431322988413056,0,2.2431322988413056,False,False,False,True,0,68,19,0.4,0.3,0.3,balanced
1781487937849.8289,0.4,0.3,0.3,595.9136577708006,611.0,0.11918273155416012,698.4847148736037,832.3339212228101,0.045929600725390506,1.0,1.0,1.0,50,8,2.2385480271607188,1,2.2385480271607188,False,False,False,True,0,69,19,0.4,0.3,0.3,balanced
1781487940574.405,0.4,0.3,0.3,595.8226059654631,611.5555555555555,0.11916452119309263,507.0504926108374,605.6540777230432,0.03315880537764092,1.0,1.0,1.0,49,8,2.2423865499094706,1,2.2423865499094706,False,False,False,True,0,70,19,0.4,0.3,0.3,balanced
1781487946877.0918,0.4,0.3,0.3,597.640502354788,614.2222222222222,0.1195281004709576,566.9916529830323,669.3418171866447,0.037157548564578535,1.0,1.0,1.0,47,8,2.2410414952422433,1,2.2410414952422433,False,False,False,True,0,71,19,0.4,0.3,0.3,balanced
1781487949601.472,0.4,0.3,0.3,598.8131868131868,615.3333333333334,0.11976263736263736,434.5046524356869,538.4934318555008,0.028319189622127212,1.0,1.0,1.0,46,8,2.243599188168307,1,2.243599188168307,False,False,False,True,0,72,19,0.4,0.3,0.3,balanced
1781487952316.466,0.4,0.3,0.3,600.767660910518,618.4444444444445,0.12015353218210359,443.6750440917107,545.5643738977072,0.028930956910721194,1.0,1.0,1.0,44,8,2.2432593000539423,1,2.2432593000539423,False,False,False,True,0,73,19,0.4,0.3,0.3,balanced
1781487955032.278,0.4,0.3,0.3,601.0863422291992,618.4444444444445,0.12021726844583984,484.3136390358613,604.3930041152263,0.03164200393834965,0.9960192868356132,0.9960317460317462,0.9960192868356132,44,8,2.241226277490843,2,2.241226277490843,False,False,False,True,0,74,19,0.4,0.3,0.3,balanced
1781487957747.4211,0.4,0.3,0.3,603.1098901098901,620.5555555555555,0.12062197802197802,433.19444444444434,534.1269841269842,0.02823178415239789,1.0,1.0,1.0,43,8,2.2432816735454892,1,2.2432816735454892,False,False,False,True,0,75,19,0.4,0.3,0.3,balanced
1781487960668.596,0.4,0.3,0.3,515.9560439560439,560.2222222222222,0.10319120879120879,382.99421296296293,442.41203703703707,0.024882869443826748,0.8296038638780573,0.8818324372759857,0.8296038638780573,43,8,2.200139814813786,2,2.200139814813786,False,False,False,True,0,76,19,0.4,0.3,0.3,balanced
1781487963394.4558,0.4,0.3,0.3,611.062588904694,624.6666666666666,0.1222125177809388,394.4295634920635,458.339212228101,0.02564573472261931,0.9999999999999998,1.0,0.9999999999999998,41,8,2.2434212724708384,1,2.2434212724708384,False,False,False,True,0,77,19,0.4,0.3,0.3,balanced
1781487966119.6921,0.4,0.3,0.3,602.927786499215,620.1111111111111,0.12058555729984301,381.6166960611405,481.13021751910645,0.02479097371988929,1.0,1.0,1.0,43,8,2.244328484964096,0,2.244328484964096,False,False,False,True,0,78,19,0.4,0.3,0.3,balanced
1781487969243.489,0.4,0.3,0.3,443.18995290423857,488.0,0.08863799058084772,277.07082024729084,318.8783351724528,0.017816599082541084,0.7237048665620093,0.7745098039215687,0.7237048665620093,41,8,2.1763112840115015,1,2.1763112840115015,False,False,False,True,0,79,19,0.4,0.3,0.3,balanced
1781487971965.167,0.4,0.3,0.3,607.6153846153845,626.6666666666666,0.1215230769230769,371.30409713743046,459.5158956270067,0.02410300848148302,1.0,1.0,1.0,40,8,2.2441598666863243,1,2.2441598666863243,False,False,False,True,0,80,19,0.4,0.3,0.3,balanced
1781487974690.936,0.4,0.3,0.3,608.2668759811615,628.6666666666666,0.12165337519623232,371.9503233392122,452.08259847148736,0.02414611896859321,1.0,1.0,1.0,38,8,2.244094814230929,1,2.244094814230929,False,False,False,True,0,81,19,0.4,0.3,0.3,balanced
1781487977511.8452,0.4,0.3,0.3,609.3626373626373,630.3333333333334,0.12187252747252747,380.0044091710758,454.23280423280426,0.024683416222219867,1.0,1.0,1.0,37,8,2.243845964144323,1,2.243845964144323,False,False,False,True,0,82,19,0.4,0.3,0.3,balanced
1781487984114.809,0.4,0.3,0.3,528.6342229199372,577.0,0.10572684458398744,273.2078853046595,316.55913978494624,0.017558898285834523,0.8398744113029826,0.8888888888888888,0.8398744113029826,35,8,2.2044039160715494,1,2.2044039160715494,False,False,False,True,0,83,19,0.4,0.3,0.3,balanced
1781487986831.48,0.4,0.3,0.3,616.5604395604395,639.1111111111111,0.12331208791208789,321.7339347894904,385.75340297562514,0.020796126403568403,1.0,1.0,1.0,34,8,2.2444363269140943,1,2.2444363269140943,False,False,False,True,0,84,19,0.4,0.3,0.3,balanced
1781487989651.311,0.4,0.3,0.3,622.2762951334379,646.4444444444445,0.12445525902668758,303.6082847193958,370.30875503097724,0.01958694361036663,0.9956974242688528,0.9958847736625513,0.9956974242688528,32,8,2.2430510405868707,1,2.2430510405868707,False,False,False,True,0,85,19,0.4,0.3,0.3,balanced
1781487992474.036,0.4,0.3,0.3,630.1114599686027,656.7777777777778,0.12602229199372056,286.0412992357437,349.1990005878895,0.018415029969028933,1.0,1.0,1.0,29,8,2.244066574211803,1,2.244066574211803,False,False,False,True,0,86,19,0.4,0.3,0.3,balanced
1781487995394.1619,0.4,0.3,0.3,634.5886970172684,661.7777777777778,0.12691773940345366,261.358759553204,319.8721340388007,0.016768429589940227,1.0,1.0,1.0,28,8,2.2442023753616365,1,2.2442023753616365,False,False,False,True,0,87,19,0.4,0.3,0.3,balanced
1781487999545.858,0.4,0.3,0.3,635.3507062834875,668.4444444444445,0.1270701412566975,357.00323332581394,420.0383403931791,0.023148981542749428,0.9315473291118688,0.9407407407407408,0.9315473291118688,26,8,2.2216914477680567,1,2.2216914477680567,False,False,False,True,0,88,19,0.4,0.3,0.3,balanced
1781488002470.5042,0.4,0.3,0.3,643.3186813186812,674.2222222222222,0.12866373626373626,296.5850970017637,347.4235743680188,0.01911841874594821,1.0,1.0,1.0,25,8,2.242798979870721,1,2.242798979870721,False,False,False,True,0,89,19,0.4,0.3,0.3,balanced
1781488005396.514,0.4,0.3,0.3,652.408163265306,685.5555555555555,0.1304816326530612,196.7276601998824,248.27013521457968,0.012456815223474476,1.0,1.0,1.0,23,8,2.244070302371733,1,2.244070302371733,False,False,False,True,0,90,19,0.4,0.3,0.3,balanced
1781488008420.845,0.4,0.3,0.3,656.1836734693876,690.5555555555555,0.13123673469387753,179.57826532060247,228.39668349246892,0.011312759527725315,0.9960192868356132,0.9960317460317462,0.9960192868356132,22,8,2.242917264314815,1,2.242917264314815,False,False,False,True,0,91,19,0.4,0.3,0.3,balanced
1781488011439.889,0.4,0.3,0.3,670.7472527472527,708.1111111111111,0.13414945054945054,194.85964138741915,236.22721928277485,0.012332197557532966,1.0,1.0,1.0,20,8,2.24264056051296,1,2.24264056051296,False,False,False,True,0,92,19,0.4,0.3,0.3,balanced
1781488018258.1638,0.4,0.3,0.3,677.9733124018838,717.2222222222222,0.13559466248037677,199.92529341485698,259.98200857403896,0.012670132982979119,0.9306122448979591,0.9518518518518518,0.9306122448979591,19,8,2.2211447685823433,1,2.2211447685823433,False,False,False,True,0,93,19,0.4,0.3,0.3,balanced
1781488021282.2002,0.4,0.3,0.3,669.2605965463108,707.1111111111111,0.13385211930926216,269.484126984127,335.7142857142857,0.01731048212035537,1.0,1.0,1.0,20,8,2.2412660076401885,0,2.2412660076401885,False,False,False,True,0,94,19,0.4,0.3,0.3,balanced
1781488024303.8162,0.4,0.3,0.3,675.7409733124018,714.8888888888889,0.13514819466248038,175.38286302175192,215.72751322751324,0.01103287945441974,1.0,1.0,1.0,19,8,2.242630858298682,1,2.242630858298682,False,False,False,True,0,95,19,0.4,0.3,0.3,balanced
1781488027424.607,0.4,0.3,0.3,693.6656200941915,737.5555555555555,0.1387331240188383,176.18680188124634,229.14902998236332,0.011086511132838315,0.9942812289751064,0.9960317460317462,0.9942812289751064,17,8,2.239465165745145,1,2.239465165745145,False,False,False,True,0,96,19,0.4,0.3,0.3,balanced
1781488030445.418,0.4,0.3,0.3,677.2527472527472,717.2222222222222,0.13545054945054943,135.45267489711932,170.45267489711935,0.00836909105384385,1.0,1.0,1.0,19,8,2.2433090529036273,0,2.2433090529036273,False,False,False,True,0,97,19,0.4,0.3,0.3,balanced
1781488033470.9138,0.4,0.3,0.3,670.0847723704866,708.1111111111111,0.1340169544740973,192.526455026455,226.36243386243385,0.012176548033786191,1.0,1.0,1.0,20,8,2.2427402538002252,0,2.2427402538002252,False,False,False,True,0,98,19,0.4,0.3,0.3,balanced
1781488036493.69,0.4,0.3,0.3,676.2401883830455,716.4444444444445,0.1352480376766091,126.42342739564961,165.0,0.007766739652811849,1.0,1.0,1.0,19,8,2.243570763033513,1,2.243570763033513,False,False,False,True,0,99,19,0.4,0.3,0.3,balanced
1781488039621.0452,0.4,0.3,0.3,691.3830455259026,735.5555555555555,0.13827660910518053,137.08480305702528,168.37595532039975,0.008477972185258524,1.0,1.0,1.0,17,8,2.2421459647023503,1,2.2421459647023503,False,False,False,True,0,100,19,0.4,0.3,0.3,balanced
1781488042638.709,0.4,0.3,0.3,678.436420722135,718.4444444444445,0.13568728414442702,162.34567901234567,204.320987654321,0.010163154036847609,1.0,1.0,1.0,19,8,2.242676140131175,0,2.242676140131175,False,False,False,True,0,101,19,0.4,0.3,0.3,balanced
1781488045761.153,0.4,0.3,0.3,691.2857142857141,736.2222222222222,0.13825714285714283,126.50646678424455,171.2448559670782,0.007772279305153072,1.0,1.0,1.0,17,8,2.242365459065597,1,2.242365459065597,False,False,False,True,0,102,19,0.4,0.3,0.3,balanced
1781488048982.648,0.4,0.3,0.3,701.3657770800628,748.6666666666666,0.14027315541601257,182.5035476089116,227.76085061525677,0.011507908446224922,0.9942812289751064,0.9960317460317462,0.9942812289751064,16,8,2.2387227339922595,1,2.2387227339922595,False,False,False,True,0,103,19,0.4,0.3,0.3,balanced
1781488055777.135,0.4,0.3,0.3,724.3139717425431,777.6666666666666,0.14486279434850863,137.17739564961786,174.07995296884187,0.008484149142736349,1.0,1.0,1.0,14,8,2.2395096375177754,1,2.2395096375177754,False,False,False,True,0,104,19,0.4,0.3,0.3,balanced
1781488059094.2532,0.4,0.3,0.3,738.8838304552589,796.0,0.14777676609105178,239.11223036223032,277.81610364943697,0.015284338249648454,0.9879374216108909,0.9878012933568487,0.9879374216108909,13,8,2.232685218571952,1,2.232685218571952,False,False,False,True,0,105,19,0.4,0.3,0.3,balanced
1781488062611.33,0.4,0.3,0.3,774.2135007849292,842.8888888888889,0.15484270015698584,121.77322163433274,152.68371546149322,0.007456519121703318,1.0,1.0,1.0,11,8,2.2358259642006946,1,2.2358259642006946,False,False,False,True,0,106,19,0.4,0.3,0.3,balanced
1781488066136.342,0.4,0.3,0.3,796.7362637362636,871.7777777777778,0.15934725274725273,115.31966490299824,137.3309817754262,0.007025994990193345,1.0,1.0,1.0,10,8,2.234153300404041,1,2.234153300404041,False,False,False,True,0,107,19,0.4,0.3,0.3,balanced
1781488069559.4622,0.4,0.3,0.3,775.4113029827314,843.6666666666666,0.15508226059654628,80.00339167005833,98.06154750599195,0.004670006115414165,0.9956974242688528,0.9958847736625513,0.9956974242688528,11,8,2.2352753212074132,0,2.2352753212074132,False,False,False,True,0,108,19,0.4,0.3,0.3,balanced
1781488072884.823,0.4,0.3,0.3,739.0847723704866,796.7777777777778,0.14781695447409732,111.57293377120965,146.02216748768473,0.006776046282268822,1.0,1.0,1.0,13,8,2.23884040432568,0,2.23884040432568,False,False,False,True,0,109,19,0.4,0.3,0.3,balanced
1781488076097.2732,0.4,0.3,0.3,726.0,780.2222222222222,0.1452,183.79471351693573,218.09591642924977,0.011594043596860289,0.9940694226408512,0.9958847736625513,0.9940694226408512,14,8,2.236662613713197,0,2.236662613713197,False,False,False,True,0,110,19,0.4,0.3,0.3,balanced
1781488079212.433,0.4,0.3,0.3,701.9497645211932,748.8888888888889,0.14038995290423864,135.9347442680776,179.44591416813637,0.008401250451506177,1.0,1.0,1.0,16,8,2.2413236437028528,0,2.2413236437028528,False,False,False,True,0,111,19,0.4,0.3,0.3,balanced
1781488082334.103,0.4,0.3,0.3,692.9576138147567,737.6666666666666,0.13859152276295134,132.98500881834215,172.2442680776014,0.00820447023471262,1.0,1.0,1.0,17,8,2.2421020498244055,0,2.2421020498244055,False,False,False,True,0,112,19,0.4,0.3,0.3,balanced
1781488088943.065,0.4,0.3,0.3,677.0722135007848,716.8888888888889,0.13541444270015696,160.09038800705466,206.85920047031158,0.010012701001137736,1.0,1.0,1.0,19,8,2.242830412619596,0,2.242830412619596,False,False,False,True,0,113,19,0.4,0.3,0.3,balanced
1781488091963.362,0.4,0.3,0.3,670.4725274725275,707.8888888888889,0.1340945054945055,174.6127278071723,223.74926513815402,0.010981502855715296,1.0,1.0,1.0,20,8,2.243067746945483,0,2.243067746945483,False,False,False,True,0,114,19,0.4,0.3,0.3,balanced
1781488095085.182,0.4,0.3,0.3,669.8268382352942,678.1111111111111,0.13396536764705883,312.920410122467,355.21641194054985,0.020208166118910405,0.978252891673911,0.9736818098887063,0.978252891673911,22,8,2.2338272706076765,0,2.2338272706076765,False,False,False,True,0,115,19,0.4,0.3,0.3,balanced
1781488098006.1829,0.4,0.3,0.3,654.2448979591836,687.2222222222222,0.13084897959183672,202.4808935920047,251.24926513815404,0.012840619986124395,1.0,1.0,1.0,23,8,2.243808222167428,0,2.243808222167428,False,False,False,True,0,116,19,0.4,0.3,0.3,balanced
1781488100923.223,0.4,0.3,0.3,658.8916797488225,693.8888888888889,0.1317783359497645,190.0712567268123,237.19537828426715,0.01201275895442377,0.993841323511653,0.9957264957264957,0.993841323511653,22,8,2.241837234987263,1,2.241837234987263,False,False,False,True,0,117,19,0.4,0.3,0.3,balanced
1781488103845.692,0.4,0.3,0.3,669.2276295133438,707.6666666666666,0.13384552590266877,182.2040202595758,237.15416270971824,0.01148792663506176,1.0,1.0,1.0,20,8,2.243015411648414,1,2.243015411648414,False,False,False,True,0,118,19,0.4,0.3,0.3,balanced
1781488106862.324,0.4,0.3,0.3,674.7111459968602,714.5555555555555,0.13494222919937204,173.0864197530864,215.92592592592592,0.010879681104275276,1.0,1.0,1.0,19,8,2.2427592039889688,1,2.2427592039889688,False,False,False,True,0,119,19,0.4,0.3,0.3,balanced
1781488109888.33,0.4,0.3,0.3,668.4709576138148,706.7777777777778,0.13369419152276296,187.03997648442095,226.96942974720753,0.011810538791489055,0.9958718530147102,0.9958847736625513,0.9958718530147102,20,8,2.241740717657861,0,2.241740717657861,False,False,False,True,0,120,19,0.4,0.3,0.3,balanced
1781488112800.653,0.4,0.3,0.3,657.3626373626373,691.4444444444445,0.13147252747252747,210.57695473251027,265.47489711934156,0.013380717460474334,0.993841323511653,0.9957264957264957,0.993841323511653,22,8,2.2415491708263424,0,2.2415491708263424,False,False,False,True,0,121,19,0.4,0.3,0.3,balanced
1781488115712.509,0.4,0.3,0.3,651.822605965463,685.4444444444445,0.1303645211930926,258.3744855967078,325.2880658436213,0.016569345269960494,1.0,1.0,1.0,23,8,2.2428833879417747,0,2.2428833879417747,False,False,False,True,0,122,19,0.4,0.3,0.3,balanced
1781488118631.474,0.4,0.3,0.3,644.4521193092621,674.6666666666666,0.12889042386185243,263.5266019988242,323.2686654908877,0.016913048832476598,1.0,1.0,1.0,25,8,2.2433699158055163,0,2.2433699158055163,False,False,False,True,0,123,19,0.4,0.3,0.3,balanced
1781488125036.556,0.4,0.3,0.3,640.5949764521193,670.3333333333334,0.12811899529042386,226.1039886039886,283.70212092434315,0.014416543602667685,1.0,1.0,1.0,26,8,2.2444274388030303,0,2.2444274388030303,False,False,False,True,0,124,19,0.4,0.3,0.3,balanced
1781488127862.4138,0.4,0.3,0.3,635.7770800627944,663.0,0.1271554160125589,254.01234567901233,312.71604938271605,0.016278341939894084,1.0,1.0,1.0,28,8,2.2442543310130083,0,2.2442543310130083,False,False,False,True,0,125,19,0.4,0.3,0.3,balanced
1781488130683.4468,0.4,0.3,0.3,630.0361067503924,656.2222222222222,0.12600722135007847,225.27223805001583,287.17315606204494,0.014361056574383978,1.0,1.0,1.0,29,8,2.2452887944876534,0,2.2452887944876534,False,False,False,True,0,126,19,0.4,0.3,0.3,balanced
1781488133604.957,0.4,0.3,0.3,622.9042386185243,646.6666666666666,0.12458084772370487,305.99106002554277,397.92209450830137,0.01974590126921566,0.9014611761864508,0.9316239316239316,0.9014611761864508,32,8,2.2146822433856888,0,2.2146822433856888,False,False,False,True,0,127,19,0.4,0.3,0.3,balanced
1781488136428.24,0.4,0.3,0.3,618.6059654631084,640.8888888888889,0.12372119309262168,337.9166666666667,412.10317460317464,0.021875694907716257,1.0,1.0,1.0,34,8,2.2439488142906363,0,2.2439488142906363,False,False,False,True,0,128,19,0.4,0.3,0.3,balanced
1781488139253.8062,0.4,0.3,0.3,617.2558869701727,639.5555555555555,0.12345117739403454,325.12419165196934,404.2092886537331,0.021022294306335513,1.0,1.0,1.0,35,8,2.2443128407504855,0,2.2443128407504855,False,False,False,True,0,129,19,0.4,0.3,0.3,balanced
1781488142380.0818,0.4,0.3,0.3,449.5777080062794,497.0,0.08991554160125588,221.25256769374414,260.37441643323996,0.0140928997794359,0.7284144427001569,0.7777777777777778,0.7284144427001569,37,8,2.178330246235714,0,2.178330246235714,False,False,False,True,0,130,19,0.4,0.3,0.3,balanced
1781488145104.897,0.4,0.3,0.3,610.6373626373627,630.8888888888889,0.12212747252747254,396.82177904400123,473.80816714150046,0.025805322151034104,0.9940694226408512,0.9958847736625513,0.9940694226408512,38,8,2.241628241135956,0,2.241628241135956,False,False,False,True,0,131,19,0.4,0.3,0.3,balanced
1781488147829.968,0.4,0.3,0.3,607.5117739403453,626.5555555555555,0.12150235478806906,407.38095238095235,490.63786008230454,0.026509736649830043,1.0,1.0,1.0,40,8,2.2434461370898235,0,2.2434461370898235,False,False,False,True,0,132,19,0.4,0.3,0.3,balanced
1781488150546.023,0.4,0.3,0.3,606.5541601255886,624.8888888888889,0.12131083202511772,383.0768665490887,467.32069370958266,0.024888383358845145,1.0,1.0,1.0,41,8,2.2440091521822993,0,2.2440091521822993,False,False,False,True,0,133,19,0.4,0.3,0.3,balanced
1781488153264.457,0.4,0.3,0.3,601.5824175824175,620.1111111111111,0.12031648351648351,428.31032650477096,526.537444037444,0.02790595907303342,0.9939531368102796,0.9958847736625516,0.9939531368102796,43,8,2.2416875599145802,0,2.2416875599145802,False,False,False,True,0,134,19,0.4,0.3,0.3,balanced
1781488155978.013,0.4,0.3,0.3,604.4128728414443,623.7777777777778,0.12088257456828885,336.64976484420924,413.9858906525573,0.021791178441908556,1.0,1.0,1.0,41,8,2.2451096166401117,1,2.2451096166401117,False,False,False,True,0,135,19,0.4,0.3,0.3,balanced
1781488162286.0352,0.4,0.3,0.3,607.9576138147567,628.0,0.12159152276295133,384.28938859494417,476.1228689006467,0.024969272087721425,1.0,1.0,1.0,40,8,2.243872609268503,1,2.243872609268503,False,False,False,True,0,136,19,0.4,0.3,0.3,balanced
1781488165004.0432,0.4,0.3,0.3,604.7723704866561,624.0,0.12095447409733122,344.26954732510285,430.6378600823045,0.022299502823555892,0.9777894063608349,0.9835390946502057,0.9777894063608349,41,8,2.238265181422251,0,2.238265181422251,False,False,False,True,0,137,19,0.4,0.3,0.3,balanced
1781488167724.459,0.4,0.3,0.3,601.828885400314,620.3333333333334,0.1203657770800628,386.9054967666079,475.21017048794823,0.025143795648205996,1.0,1.0,1.0,43,8,2.244310550473513,0,2.244310550473513,False,False,False,True,0,138,19,0.4,0.3,0.3,balanced
1781488170450.202,0.4,0.3,0.3,601.0125588697017,618.1111111111111,0.12020251177394034,398.6757789535567,489.86625514403283,0.025929004599970426,1.0,1.0,1.0,44,8,2.2441402939104327,0,2.2441402939104327,False,False,False,True,0,139,19,0.4,0.3,0.3,balanced
1781488173168.3892,0.4,0.3,0.3,598.5745682888539,615.1111111111111,0.11971491365777079,405.243974132863,486.88124632569077,0.026367176393119612,1.0,1.0,1.0,46,8,2.244203881618956,0,2.244203881618956,False,False,False,True,0,140,19,0.4,0.3,0.3,balanced
1781488175885.27,0.4,0.3,0.3,599.0565149136577,615.0,0.11981130298273153,372.3412698412698,450.07936507936506,0.024172199455721802,1.0,1.0,1.0,47,8,2.244823818970191,0,2.244823818970191,False,False,False,True,0,141,19,0.4,0.3,0.3,balanced
1781488178611.331,0.4,0.3,0.3,597.6813186813187,614.8888888888889,0.11953626373626373,371.51455026455034,453.1128747795414,0.0241170480496698,1.0,1.0,1.0,46,8,2.2449503800905934,1,2.2449503800905934,False,False,False,True,0,142,19,0.4,0.3,0.3,balanced
1781488181328.55,0.4,0.3,0.3,595.5792778649922,612.0,0.11911585557299843,394.8662551440329,493.00852439741334,0.02567486692088278,0.9960192868356132,0.9960317460317462,0.9960192868356132,47,8,2.2434569837452196,0,2.2434569837452196,False,False,False,True,0,143,19,0.4,0.3,0.3,balanced
1781488188654.645,0.4,0.3,0.3,600.916797488226,620.4444444444445,0.1201833594976452,4321.840079694397,4698.964628051363,0.28764777049328866,0.27447147400754873,0.274203071683257,0.27447147400754873,49,8,1.94797376725522,0,1.94797376725522,False,False,False,True,0,144,19,0.4,0.3,0.3,balanced
1781488191371.856,0.4,0.3,0.3,593.7503924646782,609.2222222222222,0.11875007849293563,513.6767925561029,640.9551176792555,0.033600853406010864,0.9943701618578467,0.9961685823754789,0.9943701618578467,50,8,2.2407307611383764,0,2.2407307611383764,False,False,False,True,0,145,19,0.4,0.3,0.3,balanced
1781488197572.377,0.4,0.3,0.3,589.5714285714286,604.2222222222222,0.11791428571428571,535.9259259259259,670.2880658436213,0.03508511847404442,0.9958718530147102,0.9958847736625513,0.9958718530147102,52,8,2.2410703060764856,0,2.2410703060764856,False,False,False,True,0,146,19,0.4,0.3,0.3,balanced
1781488200294.599,0.4,0.3,0.3,589.4552590266875,604.1111111111111,0.1178910518053375,534.3863903586126,657.0708406819517,0.03498241430010758,0.9941690962099126,0.9960317460317459,0.9941690962099126,53,8,2.2405995838508064,0,2.2405995838508064,False,False,False,True,0,147,19,0.4,0.3,0.3,balanced
1781488203019.0562,0.4,0.3,0.3,586.6106750392465,601.1111111111111,0.11732213500784931,506.62493158182815,628.851943076081,0.0331304157159325,1.0,1.0,1.0,55,8,2.2431320212820807,0,2.2431320212820807,False,False,False,True,0,148,19,0.4,0.3,0.3,balanced
1781488205743.4841,0.4,0.3,0.3,590.2982731554159,604.0,0.11805965463108319,423.14447383891826,529.6325690770135,0.02756133914869368,1.0,1.0,1.0,53,8,2.2445077364029586,1,2.2445077364029586,False,False,False,True,0,149,19,0.4,0.3,0.3,balanced
1781488208358.253,0.4,0.3,0.3,587.1601255886969,601.1111111111111,0.11743202511773938,512.691064079953,648.2436801881246,0.03353509433488679,1.0,1.0,1.0,55,8,2.242966661652438,0,2.242966661652438,False,False,False,True,0,150,19,0.4,0.3,0.3,balanced
1781488211082.732,0.4,0.3,0.3,589.5102040816325,604.1111111111111,0.1179020408163265,517.025532648138,641.467443086217,0.033824251677660976,0.9903005158107198,0.9920634920634921,0.9903005158107198,53,8,2.239782062913387,1,2.239782062913387,False,False,False,True,0,151,19,0.4,0.3,0.3,balanced
1781488213707.5989,0.4,0.3,0.3,588.546310832025,601.8888888888889,0.11770926216640501,607.0370370370371,751.0699588477366,0.03982902181701382,1.0,1.0,1.0,55,8,2.240967588588334,0,2.240967588588334,False,False,False,True,0,152,19,0.4,0.3,0.3,balanced
1781488216325.9211,0.4,0.3,0.3,589.0518053375196,603.4444444444445,0.11781036106750391,583.4225342558676,742.5950798173021,0.03825367139798983,1.0,1.0,1.0,56,8,2.2413997541536013,0,2.2413997541536013,False,False,False,True,0,153,19,0.4,0.3,0.3,balanced
1781488218949.475,0.4,0.3,0.3,588.8037676609104,602.3333333333334,0.11776075353218207,541.0993533215754,684.0917107583774,0.035430243717249864,1.0,1.0,1.0,58,8,2.2422666254719523,0,2.2422666254719523,False,False,False,True,0,154,19,0.4,0.3,0.3,balanced
1781488221572.834,0.4,0.3,0.3,587.1946624803768,600.4444444444445,0.11743893249607536,584.9556821779044,717.7302943969612,0.038355949444823505,1.0,1.0,1.0,59,8,2.2415176421681227,0,2.2415176421681227,False,False,False,True,0,155,19,0.4,0.3,0.3,balanced
1781488224186.23,0.4,0.3,0.3,585.2653061224489,598.2222222222222,0.11705306122448979,614.5655270655271,769.0107628996518,0.040331255975018486,1.0,1.0,1.0,61,8,2.2410793987176985,0,2.2410793987176985,False,False,False,True,0,156,19,0.4,0.3,0.3,balanced
1781488226806.736,0.4,0.3,0.3,583.3500784929356,595.3333333333334,0.11667001569858712,676.6622574955909,810.8201058201058,0.04447379969950573,1.0,1.0,1.0,64,8,2.2399898538107132,0,2.2399898538107132,False,False,False,True,0,157,19,0.4,0.3,0.3,balanced
1781488233005.326,0.4,0.3,0.3,582.9717425431711,594.5555555555555,0.11659434850863422,699.7799936688824,878.838239949351,0.046016010251426445,1.0,1.0,1.0,65,8,2.2395574575211183,0,2.2395574575211183,False,False,False,True,0,158,19,0.4,0.3,0.3,balanced
1781488235629.366,0.4,0.3,0.3,583.1020408163265,595.5555555555555,0.1166204081632653,650.6141183918961,781.104779993669,0.042736098625209884,0.9940694226408512,0.9958847736625513,0.9940694226408512,64,8,2.238751833939386,1,2.238751833939386,False,False,False,True,0,159,19,0.4,0.3,0.3,balanced
1781488238252.332,0.4,0.3,0.3,584.6169544740974,596.4444444444445,0.11692339089481947,688.3143399810066,840.6995884773663,0.045251123414343335,1.0,1.0,1.0,65,8,2.2396553066177693,0,2.2396553066177693,False,False,False,True,0,160,19,0.4,0.3,0.3,balanced
1781488240873.873,0.4,0.3,0.3,581.6750392464678,593.3333333333334,0.11633500784929356,717.1318342151675,875.6099353321575,0.04717357132856354,1.0,1.0,1.0,67,8,2.2393139254617136,0,2.2393139254617136,False,False,False,True,0,161,19,0.4,0.3,0.3,balanced
1781488243496.959,0.4,0.3,0.3,581.204081632653,592.7777777777778,0.1162408163265306,701.0508524397412,859.0035273368607,0.04610079068977593,1.0,1.0,1.0,68,8,2.239673436262455,0,2.239673436262455,False,False,False,True,0,162,19,0.4,0.3,0.3,balanced
1781488246122.558,0.4,0.3,0.3,582.7817896389324,594.5555555555555,0.11655635792778649,645.7348618459729,799.6061140505585,0.042410597854968174,1.0,1.0,1.0,67,8,2.240654277472395,1,2.240654277472395,False,False,False,True,0,163,19,0.4,0.3,0.3,balanced
1781488248947.723,0.4,0.3,0.3,583.7770800627943,595.0,0.11675541601255886,783.9784946236558,1105.7956989247314,0.051632988300444015,0.8657011191573403,0.9068100358422938,0.8657011191573403,65,8,2.1975182728520455,1,2.1975182728520455,False,False,False,True,0,164,19,0.4,0.3,0.3,balanced
1781488251565.0771,0.4,0.3,0.3,584.4018838304552,596.7777777777778,0.11688037676609103,646.4062994618548,789.5773979107312,0.04245539022427317,1.0,1.0,1.0,64,8,2.2405112322262815,1,2.2405112322262815,False,False,False,True,0,165,19,0.4,0.3,0.3,balanced
1781488254177.226,0.4,0.3,0.3,578.6530612244898,590.6666666666666,0.11573061224489795,610.9227603672047,730.9813232035453,0.04008824285304901,1.0,1.0,1.0,65,8,2.2416812822461263,0,2.2416812822461263,False,False,False,True,0,166,19,0.4,0.3,0.3,balanced
1781488256893.972,0.4,0.3,0.3,579.905808477237,591.8888888888889,0.1159811616954474,597.3529009304872,743.8943623426381,0.03918298205006586,1.0,1.0,1.0,67,8,2.241852640706801,0,2.241852640706801,False,False,False,True,0,167,19,0.4,0.3,0.3,balanced
1781488259517.3792,0.4,0.3,0.3,582.0455259026687,594.0,0.11640910518053374,588.8754352643242,759.5615701171258,0.038617440644718094,1.0,1.0,1.0,65,8,2.241851125734371,1,2.241851125734371,False,False,False,True,0,168,19,0.4,0.3,0.3,balanced
1781488262142.766,0.4,0.3,0.3,581.6985871271585,594.0,0.1163397174254317,601.874632569077,765.8553791887125,0.03948463192588906,1.0,1.0,1.0,64,8,2.241618723452061,1,2.241618723452061,False,False,False,True,0,169,19,0.4,0.3,0.3,balanced
1781488268451.927,0.4,0.3,0.3,583.5337519623233,596.3333333333334,0.11670675039246467,561.4100985221675,673.9614121510673,0.03678519669927735,1.0,1.0,1.0,61,8,2.242281740833231,1,2.242281740833231,False,False,False,True,0,170,19,0.4,0.3,0.3,balanced
1781488271177.899,0.4,0.3,0.3,584.6797488226059,597.6666666666666,0.11693594976452118,576.3587848932676,722.8503010399562,0.03778244061996448,1.0,1.0,1.0,59,8,2.2418908879082022,1,2.2418908879082022,False,False,False,True,0,171,19,0.4,0.3,0.3,balanced
1781488273900.45,0.4,0.3,0.3,586.87284144427,600.1111111111111,0.117374568288854,541.6427203065134,655.3489326765189,0.035466492348666674,1.0,1.0,1.0,58,8,2.2424102249798583,1,2.2424102249798583,False,False,False,True,0,172,19,0.4,0.3,0.3,balanced
1781488276516.71,0.4,0.3,0.3,587.0643642072213,601.0,0.11741287284144425,528.0041152263375,641.4814814814814,0.03455664544538609,1.0,1.0,1.0,56,8,2.242667857229806,1,2.242667857229806,False,False,False,True,0,173,19,0.4,0.3,0.3,balanced
1781488279240.557,0.4,0.3,0.3,588.3830455259026,602.6666666666666,0.11767660910518052,573.5236625514402,697.3721340388007,0.037593306374345575,1.0,1.0,1.0,55,8,2.241651364445624,1,2.241651364445624,False,False,False,True,0,174,19,0.4,0.3,0.3,balanced
1781488281965.79,0.4,0.3,0.3,591.4348508634222,606.2222222222222,0.11828697017268444,510.66578483245144,653.4303350970017,0.03339998564592738,1.0,1.0,1.0,53,8,2.242665216237148,1,2.242665216237148,False,False,False,True,0,175,19,0.4,0.3,0.3,balanced
1781488284687.5342,0.4,0.3,0.3,591.9858712715856,607.0,0.11839717425431712,500.7457580733443,611.938970990695,0.03273820934445259,1.0,1.0,1.0,52,8,2.2428196674949374,1,2.2428196674949374,False,False,False,True,0,176,19,0.4,0.3,0.3,balanced
1781488287411.782,0.4,0.3,0.3,591.8602825745683,606.5555555555555,0.11837205651491366,468.3682266009852,578.0432402846195,0.030578267284922297,1.0,1.0,1.0,53,8,2.243477697208558,0,2.243477697208558,False,False,False,True,0,177,19,0.4,0.3,0.3,balanced
1781488290132.197,0.4,0.3,0.3,592.3830455259026,608.0,0.11847660910518053,483.6485890652557,598.749265138154,0.03159763769614781,1.0,1.0,1.0,52,8,2.2431300650490833,1,2.2431300650490833,False,False,False,True,0,178,19,0.4,0.3,0.3,balanced
1781488292848.268,0.4,0.3,0.3,596.8178963893249,612.3333333333334,0.11936357927786498,459.21045429666117,572.092227695676,0.02996734184767586,1.0,1.0,1.0,50,8,2.243264365734551,1,2.243264365734551,False,False,False,True,0,179,19,0.4,0.3,0.3,balanced
1781488295561.7449,0.4,0.3,0.3,594.1930926216639,609.7777777777778,0.11883861852433279,460.577657938769,565.6709853932076,0.030058549562292796,0.9958718530147102,0.9958847736625513,0.9958718530147102,49,8,2.242208543625992,1,2.242208543625992,False,False,False,True,0,180,19,0.4,0.3,0.3,balanced
1781488298284.7358,0.4,0.3,0.3,597.4442700156985,613.8888888888889,0.1194888540031397,438.10618500273665,538.7903667214011,0.028559451968161217,1.0,1.0,1.0,47,8,2.2436366228082956,1,2.2436366228082956,False,False,False,True,0,181,19,0.4,0.3,0.3,balanced
1781488304593.952,0.4,0.3,0.3,599.8932496075353,616.5555555555555,0.11997864992150706,420.06099353321576,522.3618459729571,0.02735563665998771,1.0,1.0,1.0,46,8,2.243801849033401,1,2.243801849033401,False,False,False,True,0,182,19,0.4,0.3,0.3,balanced
1781488307312.304,0.4,0.3,0.3,597.1412872841445,613.8888888888889,0.11942825745682889,431.1706349206349,529.8015873015872,0.028096773510382582,1.0,1.0,1.0,47,8,2.2437996649641536,0,2.2437996649641536,False,False,False,True,0,183,19,0.4,0.3,0.3,balanced
1781488309938.0269,0.4,0.3,0.3,598.1868131868132,615.5555555555555,0.11963736263736265,459.71193415637856,559.5773979107312,0.030000796141186028,1.0,1.0,1.0,46,8,2.2431448161026992,1,2.2431448161026992,False,False,False,True,0,184,19,0.4,0.3,0.3,balanced
1781488312656.997,0.4,0.3,0.3,601.3249607535322,618.3333333333334,0.12026499215070643,410.4967666078777,513.3245149911816,0.026717596171306052,1.0,1.0,1.0,44,8,2.243878724288326,1,2.243878724288326,False,False,False,True,0,185,19,0.4,0.3,0.3,balanced
1781488315782.198,0.4,0.3,0.3,438.8053375196232,482.77777777777777,0.08776106750392464,266.9457671957672,313.80158730158723,0.01714114524321329,0.7284144427001569,0.7777777777777778,0.7284144427001569,46,8,2.1782775622355133,0,2.1782775622355133,False,False,False,True,0,186,19,0.4,0.3,0.3,balanced
1781488318600.564,0.4,0.3,0.3,513.3249607535322,559.1111111111111,0.10266499215070644,352.7407407407407,405.51851851851853,0.02286462579991599,0.8367346938775511,0.8888888888888888,0.8367346938775511,44,8,2.203095023563008,1,2.203095023563008,False,False,False,True,0,187,19,0.4,0.3,0.3,balanced
1781488321322.416,0.4,0.3,0.3,597.0455259026687,613.7777777777778,0.11940910518053374,3839.2861665083888,4025.2928141817038,0.2554560484662034,0.9958718530147102,0.9958847736625513,0.9958718530147102,46,8,2.1743610992923386,0,2.1743610992923386,False,False,False,True,0,188,19,0.4,0.3,0.3,balanced
1781488324046.9119,0.4,0.3,0.3,600.0722135007849,617.4444444444445,0.12001444270015697,358.6647560258671,444.01234567901236,0.023259823617469453,1.0,1.0,1.0,44,8,2.2450162758346965,1,2.2450162758346965,False,False,False,True,0,189,19,0.4,0.3,0.3,balanced
1781488326773.0999,0.4,0.3,0.3,601.9010989010989,619.6666666666666,0.12038021978021977,371.75191064079945,490.0852439741328,0.024132882631140724,1.0,1.0,1.0,43,8,2.24460804729857,1,2.24460804729857,False,False,False,True,0,190,19,0.4,0.3,0.3,balanced
1781488329498.125,0.4,0.3,0.3,604.5337519623233,623.4444444444445,0.12090675039246467,382.2692533803645,471.9356261022928,0.024834506563066343,1.0,1.0,1.0,41,8,2.2441869478740943,1,2.2441869478740943,False,False,False,True,0,191,19,0.4,0.3,0.3,balanced
1781488332220.44,0.4,0.3,0.3,607.5039246467818,626.8888888888889,0.12150078492935636,384.2095712929046,469.11330439108224,0.02496394738444994,1.0,1.0,1.0,40,8,2.2439105018129224,1,2.2439105018129224,False,False,False,True,0,192,19,0.4,0.3,0.3,balanced
1781488334944.699,0.4,0.3,0.3,611.1962323390894,630.8888888888889,0.12223924646781788,339.1475602586713,421.6387419165197,0.021957809223393684,1.0,1.0,1.0,38,8,2.2445169586458547,1,2.2445169586458547,False,False,False,True,0,193,19,0.4,0.3,0.3,balanced
1781488341354.77,0.4,0.3,0.3,611.4976452119308,631.8888888888889,0.12229952904238617,276.23015873015873,334.04761904761904,0.01776051759373974,1.0,1.0,1.0,37,8,2.2457520331049237,1,2.2457520331049237,False,False,False,True,0,194,19,0.4,0.3,0.3,balanced
1781488344176.816,0.4,0.3,0.3,615.4285714285714,637.4444444444445,0.12308571428571428,269.2569786535304,320.4926108374384,0.017295328796099425,1.0,1.0,1.0,35,8,2.2455771156468844,1,2.2455771156468844,False,False,False,True,0,195,19,0.4,0.3,0.3,balanced
1781488346899.947,0.4,0.3,0.3,618.3186813186813,640.3333333333334,0.12366373626373627,255.1171256726812,330.2184235517568,0.01635204307356112,0.9958718530147102,0.9958847736625513,0.9958718530147102,34,8,2.2443904484768504,1,2.2443904484768504,False,False,False,True,0,196,19,0.4,0.3,0.3,balanced
1781488349717.583,0.4,0.3,0.3,622.9811616954474,646.5555555555555,0.1245962323390895,310.3762492651381,392.9570840681952,0.020038442245839765,1.0,1.0,1.0,32,8,2.2441499743906124,1,2.2441499743906124,False,False,False,True,0,197,19,0.4,0.3,0.3,balanced
1781488352535.272,0.4,0.3,0.3,627.5070643642072,654.3333333333334,0.12550141287284144,273.6625514403292,352.4897119341564,0.01758922958241022,1.0,1.0,1.0,29,8,2.2445226659761404,1,2.2445226659761404,False,False,False,True,0,198,19,0.4,0.3,0.3,balanced
1781488355354.7922,0.4,0.3,0.3,622.6483516483515,645.8888888888889,0.12452967032967031,320.5327748383304,403.32892416225747,0.020715995652990687,1.0,1.0,1.0,32,8,2.2439733331722347,0,2.2439733331722347,False,False,False,True,0,199,19,0.4,0.3,0.3,balanced
1781488358177.9438,0.4,0.3,0.3,630.414442700157,656.6666666666666,0.1260828885400314,284.6913580246914,340.6995884773662,0.018324973850880014,1.0,1.0,1.0,29,8,2.244069352428723,1,2.244069352428723,False,False,False,True,0,200,19,0.4,0.3,0.3,balanced
1781488361101.164,0.4,0.3,0.3,633.0690737833594,659.7777777777778,0.12661381475667188,256.0670194003527,308.84038800705474,0.016415411567735336,1.0,1.0,1.0,28,8,2.244429850627011,1,2.244429850627011,False,False,False,True,0,201,19,0.4,0.3,0.3,balanced
1781488363920.6619,0.4,0.3,0.3,641.0156985871271,670.6666666666666,0.12820313971742542,247.9131054131054,308.97910731244065,0.015871454663983015,1.0,1.0,1.0,26,8,2.243957307713835,1,2.243957307713835,False,False,False,True,0,202,19,0.4,0.3,0.3,balanced
1781488366836.509,0.4,0.3,0.3,644.9136577708006,675.5555555555555,0.12898273155416012,218.00925925925927,269.9294532627866,0.01387653497393324,1.0,1.0,1.0,25,8,2.244243946886156,1,2.244243946886156,False,False,False,True,0,203,19,0.4,0.3,0.3,balanced
1781488369748.414,0.4,0.3,0.3,652.1224489795918,685.1111111111111,0.13042448979591836,201.12693890471667,245.71541627097182,0.012750296124397376,1.0,1.0,1.0,23,8,2.2440051152443132,1,2.2440051152443132,False,False,False,True,0,204,19,0.4,0.3,0.3,balanced
1781488376354.6938,0.4,0.3,0.3,658.5164835164835,692.6666666666666,0.1317032967032967,4216.622042814572,4231.121044416064,0.2806285552244544,1.0,1.0,1.0,22,8,2.163130114751345,1,2.163130114751345,False,False,False,True,0,205,19,0.4,0.3,0.3,balanced
1781488379278.553,0.4,0.3,0.3,655.2841444270016,687.7777777777778,0.13105682888540032,207.5371953149731,256.10319721430835,0.013177931642092935,1.0,1.0,1.0,23,8,2.243623888953212,0,2.243623888953212,False,False,False,True,0,206,19,0.4,0.3,0.3,balanced
1781488382196.492,0.4,0.3,0.3,658.076923076923,692.2222222222222,0.1316153846153846,217.01487812598924,265.2453308008864,0.01381019867418207,1.0,1.0,1.0,22,8,2.2432107865515913,1,2.2432107865515913,False,False,False,True,0,207,19,0.4,0.3,0.3,balanced
1781488385219.827,0.4,0.3,0.3,671.7817896389324,709.2222222222222,0.1343563579277865,196.98412698412702,245.79365079365076,0.012473924415218614,1.0,1.0,1.0,20,8,2.2425152795043197,1,2.2425152795043197,False,False,False,True,0,208,19,0.4,0.3,0.3,balanced
1781488388241.3,0.4,0.3,0.3,675.6499215070643,714.8888888888889,0.13512998430141285,162.8687875910098,212.23330167774614,0.010198051206871901,1.0,1.0,1.0,19,8,2.2428885909173735,1,2.2428885909173735,False,False,False,True,0,209,19,0.4,0.3,0.3,balanced
1781488391264.3599,0.4,0.3,0.3,669.3689167974882,707.3333333333334,0.13387378335949762,166.8452380952381,218.45238095238093,0.010463324756186665,1.0,1.0,1.0,20,8,2.243311489229345,0,2.243311489229345,False,False,False,True,0,210,19,0.4,0.3,0.3,balanced
1781488394287.324,0.4,0.3,0.3,675.7629513343799,716.0,0.13515259026687598,162.93577307466197,218.01440329218104,0.010202519884900731,1.0,1.0,1.0,19,8,2.242878207927779,1,2.242878207927779,False,False,False,True,0,211,19,0.4,0.3,0.3,balanced
1781488397309.998,0.4,0.3,0.3,669.978021978022,707.6666666666666,0.1339956043956044,166.77476737821567,212.91598248494796,0.010458623574263887,1.0,1.0,1.0,20,8,2.243264171169479,0,2.243264171169479,False,False,False,True,0,212,19,0.4,0.3,0.3,balanced
1781488400324.8079,0.4,0.3,0.3,676.3532182103611,716.1111111111111,0.13527064364207222,152.5837742504409,197.82480893592003,0.009511926234185517,1.0,1.0,1.0,19,8,2.2430381646729156,1,2.2430381646729156,False,False,False,True,0,213,19,0.4,0.3,0.3,balanced
1781488403451.046,0.4,0.3,0.3,693.2590266875981,737.6666666666666,0.1386518053375196,161.16990005878895,195.1572604350382,0.010084716481573646,1.0,1.0,1.0,17,8,2.2415138629205202,1,2.2415138629205202,False,False,False,True,0,214,19,0.4,0.3,0.3,balanced
1781488406675.198,0.4,0.3,0.3,702.4788069073783,749.2222222222222,0.14049576138147565,144.06011169900054,187.05614344503232,0.008943302981921317,0.9960192868356132,0.9960317460317462,0.9960192868356132,16,8,2.239924490603517,1,2.239924490603517,False,False,False,True,0,215,19,0.4,0.3,0.3,balanced
1781488414474.973,0.4,0.3,0.3,498.7174254317111,559.6666666666666,0.09974348508634222,372.5382791327913,393.5589430894309,0.024185342170299617,0.618524332810047,0.6666666666666666,0.618524332810047,14,8,2.138404303157387,1,2.138404303157387,False,False,False,True,0,216,19,0.4,0.3,0.3,balanced
1781488417803.2888,0.4,0.3,0.3,739.8697017268446,797.8888888888889,0.14797394034536893,95.13594944150499,121.603468547913,0.005679516306971647,1.0,1.0,1.0,13,8,2.239106568969761,1,2.239106568969761,False,False,False,True,0,217,19,0.4,0.3,0.3,balanced
1781488421228.765,0.4,0.3,0.3,775.3563579277865,843.5555555555555,0.15507127158555728,75.7201646090535,97.77777777777777,0.004384267152038259,1.0,1.0,1.0,11,8,2.236656211220166,1,2.236656211220166,False,False,False,True,0,218,19,0.4,0.3,0.3,balanced
1781488424744.0989,0.4,0.3,0.3,799.1036106750391,874.5555555555555,0.15982072213500784,100.78115814226925,122.44708994708996,0.00605611461923077,1.0,1.0,1.0,10,8,2.2342548767602275,1,2.2342548767602275,False,False,False,True,0,219,19,0.4,0.3,0.3,balanced
1781488428166.187,0.4,0.3,0.3,774.3908948194662,842.6666666666666,0.15487817896389325,100.00887486998599,132.109166553611,0.006004594721146497,0.9940694226408512,0.9958847736625513,0.9940694226408512,11,8,2.234468176790354,0,2.234468176790354,False,False,False,True,0,220,19,0.4,0.3,0.3,balanced
1781488431688.3582,0.4,0.3,0.3,798.7221350078493,873.8888888888889,0.15974442700156985,73.56114050558496,95.33509700176367,0.004240236191166442,1.0,1.0,1.0,10,8,2.2348301583420223,1,2.2348301583420223,False,False,False,True,0,221,19,0.4,0.3,0.3,balanced
1781488435712.6,0.4,0.3,0.3,578.8335949764521,673.3333333333334,0.11576671899529042,52.345004668534074,61.18487394957984,0.002824883566946903,0.7284144427001569,0.7777777777777778,0.7284144427001569,11,8,2.171370180141847,0,2.171370180141847,False,False,False,True,0,222,19,0.4,0.3,0.3,balanced
1781488439031.605,0.4,0.3,0.3,740.3846153846155,798.1111111111111,0.1480769230769231,1202.132116854339,1069.9873377651156,0.079528493452591,0.970421868381052,0.9797178130511465,0.970421868381052,13,8,2.208037243247769,0,2.208037243247769,False,False,False,True,0,223,19,0.4,0.3,0.3,balanced
1781488442256.426,0.4,0.3,0.3,723.1993720565149,777.2222222222222,0.144639874411303,164.88536155202823,202.55731922398593,0.010332579156239375,1.0,1.0,1.0,14,8,2.239044276488607,0,2.239044276488607,False,False,False,True,0,224,19,0.4,0.3,0.3,balanced
1781488449160.311,0.4,0.3,0.3,615.2182103610673,690.7777777777778,0.12304364207221347,142.87813620071682,173.94145758661887,0.008864452048079842,0.8367346938775511,0.8888888888888888,0.8367346938775511,16,8,2.199143615719956,0,2.199143615719956,False,False,False,True,0,225,19,0.4,0.3,0.3,balanced
1781488452182.972,0.4,0.3,0.3,692.6138147566719,736.6666666666666,0.13852276295133437,153.01044634377968,194.80056980056983,0.00954039001626282,1.0,1.0,1.0,17,8,2.2417287778145876,0,2.2417287778145876,False,False,False,True,0,226,19,0.4,0.3,0.3,balanced
1781488455296.198,0.4,0.3,0.3,679.8697017268445,719.6666666666666,0.1359739403453689,170.0768564130633,219.1399075594478,0.010678909700671334,1.0,1.0,1.0,19,8,2.242406750951651,0,2.242406750951651,False,False,False,True,0,227,19,0.4,0.3,0.3,balanced
1781488458316.4612,0.4,0.3,0.3,669.5431711145997,707.5555555555555,0.13390863422291993,156.3293650793651,205.95238095238093,0.009761798871205143,1.0,1.0,1.0,20,8,2.2435080066494706,0,2.2435080066494706,False,False,False,True,0,228,19,0.4,0.3,0.3,balanced
1781488461336.7761,0.4,0.3,0.3,660.0329670329669,694.0,0.13200659340659338,180.07047071702243,234.8617952928298,0.011345595111208967,1.0,1.0,1.0,22,8,2.243793684104,0,2.243793684104,False,False,False,True,0,229,19,0.4,0.3,0.3,balanced
1781488464254.7769,0.4,0.3,0.3,653.9105180533752,687.1111111111111,0.13078210361067505,264.0726043503821,318.39506172839515,0.016949473272206944,0.9918703745234356,0.988095238095238,0.9918703745234356,23,8,2.2401634289310985,0,2.2401634289310985,False,False,False,True,0,230,19,0.4,0.3,0.3,balanced
1781488467179.207,0.4,0.3,0.3,651.4313432835822,677.0,0.13028626865671644,212.36461251167137,263.94179894179894,0.013499974150211565,1.0000000000000002,1.0,1.0,25,8,2.24383550029225,0,2.24383550029225,False,False,False,True,0,231,19,0.4,0.3,0.3,balanced
1781488470100.273,0.4,0.3,0.3,639.3186813186813,669.0,0.12786373626373626,248.49525634008396,314.3947272395548,0.01591029061641654,0.9942812289751064,0.9960317460317462,0.9942812289751064,26,8,2.2423657870021123,0,2.2423657870021123,False,False,False,True,0,232,19,0.4,0.3,0.3,balanced
1781488472922.431,0.4,0.3,0.3,636.3610675039246,664.1111111111111,0.1272722135007849,255.37404467960022,336.26396237507356,0.016369182433595746,1.0,1.0,1.0,28,8,2.244180359869607,0,2.244180359869607,False,False,False,True,0,233,19,0.4,0.3,0.3,balanced
1781488475747.354,0.4,0.3,0.3,641.0188383045526,670.1111111111111,0.12820376766091052,221.80832541943653,292.9582146248813,0.014129975011303303,1.0,1.0,1.0,26,8,2.2444795004322446,1,2.2444795004322446,False,False,False,True,0,234,19,0.4,0.3,0.3,balanced
1781488478672.8972,0.4,0.3,0.3,645.6624803767661,676.2222222222222,0.1291324960753532,216.00779967159275,275.55145046524353,0.013743015321653953,1.0,1.0,1.0,25,8,2.2442240969733627,1,2.2442240969733627,False,False,False,True,0,235,19,0.4,0.3,0.3,balanced
1781488485081.949,0.4,0.3,0.3,640.9670329670329,670.3333333333334,0.12819340659340658,246.95631528964861,320.0506489395378,0.015807626103378828,1.0,1.0,1.0,26,8,2.2439803495316237,0,2.2439803495316237,False,False,False,True,0,236,19,0.4,0.3,0.3,balanced
1781488487908.763,0.4,0.3,0.3,633.9968602825746,661.1111111111111,0.12679937205651493,258.1687242798354,316.00823045267487,0.01655561869778755,1.0,1.0,1.0,28,8,2.2443135655680577,0,2.2443135655680577,False,False,False,True,0,237,19,0.4,0.3,0.3,balanced
1781488491532.858,0.4,0.3,0.3,422.7943485086342,438.3333333333333,0.08455886970172684,154.6957671957672,195.53039101819593,0.009652819692846377,0.6703296703296702,0.6666666666666666,0.6703296703296702,29,8,2.164379507310356,0,2.164379507310356,False,False,False,True,0,238,19,0.4,0.3,0.3,balanced
1781488494351.733,0.4,0.3,0.3,622.8681318681319,646.8888888888889,0.12457362637362637,291.6762198706643,369.7530864197531,0.018790941952679406,1.0,1.0,1.0,32,8,2.2445332668647455,0,2.2445332668647455,False,False,False,True,0,239,19,0.4,0.3,0.3,balanced
1781488497077.0781,0.4,0.3,0.3,618.4301412872842,641.1111111111111,0.12368602825745684,317.8395061728395,403.5390946502058,0.02053632462794126,1.0,1.0,1.0,34,8,2.244364691308635,0,2.244364691308635,False,False,False,True,0,240,19,0.4,0.3,0.3,balanced
1781488499895.449,0.4,0.3,0.3,622.839874411303,647.1111111111111,0.1245679748822606,254.70311581422692,323.8653733098178,0.01632442400361754,1.0,1.0,1.0,32,8,2.2452754828460106,1,2.2452754828460106,False,False,False,True,0,241,19,0.4,0.3,0.3,balanced
1781488502717.159,0.4,0.3,0.3,617.7990580847724,641.4444444444445,0.12355981161695447,321.59832451499113,389.7427983539095,0.020787079687457716,1.0,1.0,1.0,34,8,2.244339951446981,0,2.244339951446981,False,False,False,True,0,242,19,0.4,0.3,0.3,balanced
1781488505543.88,0.4,0.3,0.3,615.2684458398744,637.5555555555555,0.12305368916797488,449.3890257252326,557.4630541871921,0.029312143143778027,1.0,1.0,1.0,35,8,2.2419848813896768,0,2.2419848813896768,False,False,False,True,0,243,19,0.4,0.3,0.3,balanced
1781488508270.613,0.4,0.3,0.3,611.3751962323391,632.1111111111111,0.12227503924646782,345.1725229503008,427.20955998733774,0.02235974135759178,1.0,1.0,1.0,37,8,2.2443820618941355,0,2.2443820618941355,False,False,False,True,0,244,19,0.4,0.3,0.3,balanced
1781488511094.006,0.4,0.3,0.3,613.8618524332809,636.1111111111111,0.12277237048665618,348.72879036672146,427.59168035030103,0.022596984013790625,1.0,1.0,1.0,35,8,2.2441119566012,1,2.2441119566012,False,False,False,True,0,245,19,0.4,0.3,0.3,balanced
1781488513818.571,0.4,0.3,0.3,612.9968602825745,634.1111111111111,0.1225993720565149,383.3143399810066,454.0962329851219,0.024904225482388697,0.9956974242688528,0.9958847736625513,0.9956974242688528,37,8,2.242198210813333,0,2.242198210813333,False,False,False,True,0,246,19,0.4,0.3,0.3,balanced
1781488520315.816,0.4,0.3,0.3,615.1852433281005,637.1111111111111,0.1230370486656201,536.0434639311169,529.0319696782434,0.03509295956845343,0.9605853330343126,0.9246031746031745,0.9605853330343126,35,8,2.22843289257351,1,2.22843289257351,False,False,False,True,0,247,19,0.4,0.3,0.3,balanced
1781488523139.293,0.4,0.3,0.3,609.8053375196232,631.0,0.12196106750392464,4770.971487360376,4857.494121105232,0.31760983905005846,0.9827315541601256,0.988095238095238,0.9827315541601256,37,8,2.1507520875314503,0,2.1507520875314503,False,False,False,True,0,248,19,0.4,0.3,0.3,balanced
1781488525862.03,0.4,0.3,0.3,607.9576138147567,628.6666666666666,0.12159152276295133,346.58436213991763,434.8971193415638,0.022453926760501508,1.0,1.0,1.0,38,8,2.244627212866669,0,2.244627212866669,False,False,False,True,0,249,19,0.4,0.3,0.3,balanced
1781488528683.326,0.4,0.3,0.3,611.8634222919936,632.7777777777778,0.12237268445839873,340.1131180441525,415.82740375843827,0.02202222268473332,0.9943701618578467,0.9961685823754789,0.9943701618578467,37,8,2.2427553079685745,1,2.2427553079685745,False,False,False,True,0,250,19,0.4,0.3,0.3,balanced
1781488531409.2952,0.4,0.3,0.3,609.1444270015699,629.4444444444445,0.12182888540031397,366.7220639442861,453.49161126938907,0.02379733582016585,1.0,1.0,1.0,38,8,2.244129245093825,0,2.244129245093825,False,False,False,True,0,251,19,0.4,0.3,0.3,balanced
1781488534122.21,0.4,0.3,0.3,606.5149136577709,625.3333333333334,0.12130298273155418,375.571722516167,473.0717225161669,0.024387706638837024,1.0,1.0,1.0,40,8,2.2441624949157273,0,2.2441624949157273,False,False,False,True,0,252,19,0.4,0.3,0.3,balanced
1781488536842.778,0.4,0.3,0.3,605.2276295133437,624.3333333333334,0.12104552590266873,345.65843621399176,420.7818930041152,0.022392157185723266,1.0,1.0,1.0,41,8,2.2448641424832156,0,2.2448641424832156,False,False,False,True,0,253,19,0.4,0.3,0.3,balanced
1781488539556.622,0.4,0.3,0.3,604.651491365777,623.6666666666666,0.1209302982731554,360.7275132275132,444.34303350970015,0.023397432503503218,1.0,1.0,1.0,40,8,2.244608650939687,1,2.244608650939687,False,False,False,True,0,254,19,0.4,0.3,0.3,balanced
1781488542279.58,0.4,0.3,0.3,604.989010989011,623.7777777777778,0.1209978021978022,374.10052910052906,443.67724867724866,0.02428956164780047,1.0,1.0,1.0,41,8,2.244314010626539,0,2.244314010626539,False,False,False,True,0,255,19,0.4,0.3,0.3,balanced
1781488545103.2231,0.4,0.3,0.3,601.546310832025,619.1111111111111,0.120309262166405,501.7247184488564,689.7687216997562,0.03280351690786233,0.9006117035673685,0.9310344827586208,0.9006117035673685,43,8,2.2122187511312896,0,2.2122187511312896,False,False,False,True,0,256,19,0.4,0.3,0.3,balanced
1781488547833.06,0.4,0.3,0.3,599.2260596546311,616.7777777777778,0.11984521193092622,398.75146972369197,484.32098765432096,0.02593405401759119,1.0,1.0,1.0,44,8,2.244281699022352,0,2.244281699022352,False,False,False,True,0,257,19,0.4,0.3,0.3,balanced
1781488550558.054,0.4,0.3,0.3,595.3281004709576,612.0,0.11906562009419151,448.9814814814815,541.6108171663727,0.029284955402367013,1.0,1.0,1.0,46,8,2.2435882653416135,0,2.2435882653416135,False,False,False,True,0,258,19,0.4,0.3,0.3,balanced
1781488556872.395,0.4,0.3,0.3,597.1255886970173,613.6666666666666,0.11942511773940345,489.27203065134097,604.3856048166394,0.031972783899355636,1.0,1.0,1.0,47,8,2.242638117734432,0,2.242638117734432,False,False,False,True,0,259,19,0.4,0.3,0.3,balanced
1781488559486.041,0.4,0.3,0.3,593.0235478806907,609.0,0.11860470957613814,428.42038619816395,555.9037670148782,0.02791330128073142,1.0,1.0,1.0,49,8,2.2441841257853254,0,2.2441841257853254,False,False,False,True,0,260,19,0.4,0.3,0.3,balanced
1781488562211.513,0.4,0.3,0.3,593.7409733124018,609.0,0.11874819466248036,434.98084291187735,561.26026272578,0.028350956832013167,1.0,1.0,1.0,50,8,2.243995435085404,0,2.243995435085404,False,False,False,True,0,261,19,0.4,0.3,0.3,balanced
1781488564939.565,0.4,0.3,0.3,590.8901098901099,605.7777777777778,0.11817802197802198,467.12438423645324,559.2337164750958,0.03049528914185812,1.0,1.0,1.0,52,8,2.243580204466234,0,2.243580204466234,False,False,False,True,0,262,19,0.4,0.3,0.3,balanced
1781488567564.017,0.4,0.3,0.3,592.0957613814757,606.5555555555555,0.11841915227629513,474.3795504906616,621.3342830009497,0.030979289559083495,1.0,1.0,1.0,53,8,2.243338552221757,0,2.243338552221757,False,False,False,True,0,263,19,0.4,0.3,0.3,balanced
1781488570181.953,0.4,0.3,0.3,588.8147566718994,603.4444444444445,0.11776295133437989,475.2057613168724,598.1069958847736,0.0310344070258087,1.0,1.0,1.0,55,8,2.2435844973585053,0,2.2435844973585053,False,False,False,True,0,264,19,0.4,0.3,0.3,balanced
1781488572898.978,0.4,0.3,0.3,589.1773940345369,603.1111111111111,0.11783547880690737,468.0343205822133,576.5010440106225,0.03055599203350322,0.9944784279759649,0.9961685823754789,0.9944784279759649,56,8,2.2420425392599754,0,2.2420425392599754,False,False,False,True,0,265,19,0.4,0.3,0.3,balanced
1781488575623.0,0.4,0.3,0.3,586.6279434850863,599.6666666666666,0.11732558869701727,606.0310618500274,720.7006020799124,0.039761912064711635,1.0,1.0,1.0,58,8,2.2411411909017795,0,2.2411411909017795,False,False,False,True,0,266,19,0.4,0.3,0.3,balanced
1781488578247.001,0.4,0.3,0.3,586.1805337519622,600.1111111111111,0.11723610675039245,512.1668249446027,630.3545425767647,0.03350012174413627,1.0,1.0,1.0,59,8,2.2430555207766023,0,2.2430555207766023,False,False,False,True,0,267,19,0.4,0.3,0.3,balanced
1781488580966.76,0.4,0.3,0.3,583.2448979591836,595.6666666666666,0.11664897959183672,602.7627257799671,766.5544608648057,0.0395438776370892,1.0,1.0,1.0,61,8,2.2414772448721387,0,2.2414772448721387,False,False,False,True,0,268,19,0.4,0.3,0.3,balanced
1781488583587.707,0.4,0.3,0.3,585.1098901098901,597.6666666666666,0.11702197802197802,716.5336566725455,878.4318048206937,0.04713366622231791,1.0,1.0,1.0,64,8,2.2390511089245133,0,2.2390511089245133,False,False,False,True,0,269,19,0.4,0.3,0.3,balanced
1781488586208.7131,0.4,0.3,0.3,581.7974882260596,593.6666666666666,0.11635949764521192,622.4617871840093,763.5728982951206,0.04085802449526413,1.0,1.0,1.0,65,8,2.241198793593336,0,2.241198793593336,False,False,False,True,0,270,19,0.4,0.3,0.3,balanced
1781488592606.2441,0.4,0.3,0.3,512.3626373626373,524.0,0.10247252747252747,591.088149641577,730.4222670250897,0.038765053345001806,0.8885400313971741,0.8888888888888888,0.8885400313971741,67,8,2.213943482426641,0,2.213943482426641,False,False,False,True,0,271,19,0.4,0.3,0.3,balanced
1781488595229.475,0.4,0.3,0.3,580.6326530612245,592.1111111111111,0.11612653061224489,686.901822457378,824.400352733686,0.04515689275899786,1.0,1.0,1.0,68,8,2.240002319927403,0,2.240002319927403,False,False,False,True,0,272,19,0.4,0.3,0.3,balanced
1781488597854.568,0.4,0.3,0.3,578.8116169544741,590.3333333333334,0.11576232339089482,716.0119047619046,810.9523809523811,0.047098859557165085,1.0,1.0,1.0,67,8,2.2395654127764923,1,2.2395654127764923,False,False,False,True,0,273,19,0.4,0.3,0.3,balanced
1781488600479.8,0.4,0.3,0.3,577.7299843014129,589.1111111111111,0.11554599686028257,610.3203997648442,720.9964726631393,0.04004805869011636,1.0,1.0,1.0,68,8,2.241767183648852,0,2.241767183648852,False,False,False,True,0,274,19,0.4,0.3,0.3,balanced
1781488603105.051,0.4,0.3,0.3,579.4740973312402,591.5555555555555,0.11589481946624804,587.5134536245647,690.2943969610637,0.03852658129583487,1.0,1.0,1.0,67,8,2.2420840978247503,1,2.2420840978247503,False,False,False,True,0,275,19,0.4,0.3,0.3,balanced
1781488605730.5042,0.4,0.3,0.3,580.579277864992,592.5555555555555,0.1161158555729984,556.9072491294713,693.656220322887,0.03648480647961783,0.991716711104466,0.9919165196942975,0.991716711104466,65,8,2.240123229158255,1,2.240123229158255,False,False,False,True,0,276,19,0.4,0.3,0.3,balanced
1781488608355.4438,0.4,0.3,0.3,581.87284144427,594.5555555555555,0.116374568288854,585.8641975308641,733.991769547325,0.03841655754041789,1.0,1.0,1.0,64,8,2.241925205422333,1,2.241925205422333,False,False,False,True,0,277,19,0.4,0.3,0.3,balanced
1781488610969.131,0.4,0.3,0.3,584.978021978022,597.3333333333334,0.11699560439560439,626.1231515398182,755.8294894406005,0.04110227828818,1.0,1.0,1.0,61,8,2.2408710747553044,1,2.2408710747553044,False,False,False,True,0,278,19,0.4,0.3,0.3,balanced
1781488613593.977,0.4,0.3,0.3,584.2009419152275,597.4444444444445,0.11684018838304551,649.4373219373219,778.3190883190883,0.04265759319128232,1.0,1.0,1.0,59,8,2.240466646689397,1,2.240466646689397,False,False,False,True,0,279,19,0.4,0.3,0.3,balanced
1781488616306.58,0.4,0.3,0.3,587.1726844583987,600.1111111111111,0.11743453689167975,571.124085223702,694.7837478967747,0.03743322783346911,0.9886513908329532,0.9922003284072249,0.9886513908329532,58,8,2.238391634143173,1,2.238391634143173,False,False,False,True,0,280,19,0.4,0.3,0.3,balanced
1781488619127.9321,0.4,0.3,0.3,497.7613814756671,539.5555555555555,0.09955227629513343,513.8698476702508,606.4325716845879,0.03361373233290532,0.8367346938775511,0.8888888888888888,0.8367346938775511,59,8,2.2011153779453405,0,2.2011153779453405,False,False,False,True,0,281,19,0.4,0.3,0.3,balanced
1781488621744.858,0.4,0.3,0.3,587.945054945055,601.1111111111111,0.11758901098901099,535.6924659702438,658.8429882874328,0.035069544094078975,1.0,1.0,1.0,58,8,2.2424435323761718,1,2.2424435323761718,False,False,False,True,0,282,19,0.4,0.3,0.3,balanced
1781488627955.432,0.4,0.3,0.3,589.5447409733124,603.5555555555555,0.11790894819466248,560.4115226337449,682.962962962963,0.03671858056262474,1.0,1.0,1.0,56,8,2.2418208465533476,1,2.2418208465533476,False,False,False,True,0,283,19,0.4,0.3,0.3,balanced
1781488630779.061,0.4,0.3,0.3,503.3610675039246,544.2222222222222,0.10067221350078491,468.9924955197132,539.5194892473119,0.03061991297663197,0.8398744113029827,0.8888888888888888,0.8398744113029827,55,8,2.2025074640975912,1,2.2025074640975912,False,False,False,True,0,284,19,0.4,0.3,0.3,balanced
1781488633503.27,0.4,0.3,0.3,591.5604395604395,606.0,0.1183120879120879,515.734284872216,634.6609616437203,0.03373811106552475,0.9939531368102796,0.9958847736625516,0.9939531368102796,53,8,2.2407396725585915,1,2.2407396725585915,False,False,False,True,0,285,19,0.4,0.3,0.3,balanced
1781488636129.8079,0.4,0.3,0.3,592.7111459968603,607.6666666666666,0.11854222919937206,518.4884457106679,648.4077239632795,0.03392184427689579,1.0,1.0,1.0,52,8,2.2424065550371823,1,2.2424065550371823,False,False,False,True,0,286,19,0.4,0.3,0.3,balanced
1781488638853.179,0.4,0.3,0.3,593.5902668759811,609.1111111111111,0.11871805337519623,493.6261631089217,607.5629447181171,0.032263253042623195,1.0,1.0,1.0,50,8,2.2428338027371346,1,2.2428338027371346,False,False,False,True,0,287,19,0.4,0.3,0.3,balanced
1781488641570.041,0.4,0.3,0.3,594.8665620094191,610.6666666666666,0.11897331240188382,3195.372929716799,3519.5476798637715,0.21249986188904596,0.9904377817819056,0.9922003284072249,0.9904377817819056,49,8,2.1857920510071045,1,2.1857920510071045,False,False,False,True,0,288,19,0.4,0.3,0.3,balanced
1781488644293.658,0.4,0.3,0.3,598.9481946624803,615.5555555555555,0.11978963893249607,461.7857142857143,564.3577307466197,0.030139140379300485,1.0,1.0,1.0,47,8,2.243042402313211,1,2.243042402313211,False,False,False,True,0,289,19,0.4,0.3,0.3,balanced
1781488647213.626,0.4,0.3,0.3,599.1208791208791,615.4444444444445,0.11982417582417582,542.4551971326165,756.3440860215054,0.035520693604577484,0.8570307243776631,0.9007936507936508,0.8570307243776631,46,8,2.1985233389022554,1,2.1985233389022554,False,False,False,True,0,290,19,0.4,0.3,0.3,balanced
1781488649936.783,0.4,0.3,0.3,600.9199372056514,618.6666666666666,0.12018398744113029,405.7613168724279,514.6913580246913,0.026401688917440155,1.0,1.0,1.0,44,8,2.2440058983483158,1,2.2440058983483158,False,False,False,True,0,291,19,0.4,0.3,0.3,balanced
1781488652663.5388,0.4,0.3,0.3,602.4458398744113,620.0,0.12048916797488225,391.8393592004703,496.5814226925338,0.02547293923952437,1.0,1.0,1.0,43,8,2.2441624510381897,1,2.2441624510381897,False,False,False,True,0,292,19,0.4,0.3,0.3,balanced
1781488655387.814,0.4,0.3,0.3,603.6671899529042,621.2222222222222,0.12073343799058084,413.5126396237507,517.8483245149912,0.02691878850058377,1.0,1.0,1.0,44,8,2.2436309882535923,0,2.2436309882535923,False,False,False,True,0,293,19,0.4,0.3,0.3,balanced
1781488658114.748,0.4,0.3,0.3,600.1726844583986,617.7777777777778,0.12003453689167973,399.39961787184006,494.5017636684303,0.02597729271993596,1.0,1.0,1.0,43,8,2.2441929974273473,1,2.2441929974273473,False,False,False,True,0,294,19,0.4,0.3,0.3,balanced
1781488664420.903,0.4,0.3,0.3,600.7488226059654,618.4444444444445,0.12014976452119308,397.72413286302174,512.254556143445,0.025865519203670563,1.0,1.0,1.0,44,8,2.244180438430422,0,2.244180438430422,False,False,False,True,0,295,19,0.4,0.3,0.3,balanced
1781488667142.551,0.4,0.3,0.3,602.9372056514914,620.3333333333334,0.12058744113029828,447.73515579071136,579.8265726043504,0.02920181159377661,1.0,1.0,1.0,43,8,2.2430044800697475,1,2.2430044800697475,False,False,False,True,0,296,19,0.4,0.3,0.3,balanced
1781488670170.124,0.4,0.3,0.3,607.2276295133438,625.6666666666666,0.12144552590266876,613.8224683812919,749.1779135896782,0.04028168568254115,0.7837073640645068,0.8222853535353535,0.7837073640645068,41,8,2.174449493153522,1,2.174449493153522,False,False,False,True,0,297,19,0.4,0.3,0.3,balanced
1781488672993.8108,0.4,0.3,0.3,605.6279434850863,624.4444444444445,0.12112558869701727,368.1882868089765,448.9915161466886,0.023895149220078484,1.0,1.0,1.0,40,8,2.2443812197551694,1,2.2443812197551694,False,False,False,True,0,298,19,0.4,0.3,0.3,balanced
1781488675716.4631,0.4,0.3,0.3,608.7676609105181,629.3333333333334,0.12175353218210362,309.4301994301994,367.701804368471,0.019975330182134717,1.0,1.0,1.0,38,8,2.245305988072518,1,2.245305988072518,False,False,False,True,0,299,19,0.4,0.3,0.3,balanced
1781488678430.5378,0.4,0.3,0.3,610.5290423861852,631.4444444444445,0.12210580847723704,325.7913896802786,386.232985121874,0.021066803847917186,1.0,1.0,1.0,37,8,2.24483763545473,1,2.24483763545473,False,False,False,True,0,300,19,0.4,0.3,0.3,balanced
1781488681156.514,0.4,0.3,0.3,613.8540031397174,636.1111111111111,0.12277080062794347,293.9727761949984,360.8657803102248,0.01894414784489649,1.0,1.0,1.0,35,8,2.2452084353953534,1,2.2452084353953534,False,False,False,True,0,301,19,0.4,0.3,0.3,balanced
1781488683980.844,0.4,0.3,0.3,616.2433281004709,639.1111111111111,0.12324866562009418,282.84756431308153,348.7370005473454,0.01820197226905147,1.0,1.0,1.0,34,8,2.245239942071247,1,2.245239942071247,False,False,False,True,0,302,19,0.4,0.3,0.3,balanced
1781488686797.484,0.4,0.3,0.3,621.5274725274725,645.4444444444445,0.1243054945054945,245.77307466196353,301.5593768371546,0.01572869077131178,1.0,1.0,1.0,32,8,2.2455591949664084,1,2.2455591949664084,False,False,False,True,0,303,19,0.4,0.3,0.3,balanced
1781488689610.2532,0.4,0.3,0.3,630.1962323390894,656.2222222222222,0.1260392464678179,236.65270429159315,293.289241622575,0.015120260459746042,1.0,1.0,1.0,29,8,2.245048223274949,1,2.245048223274949,False,False,False,True,0,304,19,0.4,0.3,0.3,balanced
1781488692533.945,0.4,0.3,0.3,631.1208791208791,658.2222222222222,0.1262241758241758,274.09209085933225,333.0925013683634,0.01761788464705352,0.9905267146646457,0.9923371647509579,0.9905267146646457,28,8,2.2413829786756074,1,2.2413829786756074,False,False,False,True,0,305,19,0.4,0.3,0.3,balanced
1781488699031.231,0.4,0.3,0.3,640.021978021978,669.5555555555555,0.1280043956043956,223.3674917391392,271.2646718968558,0.014233988775126032,1.0,1.0,1.0,26,8,2.244528045125704,1,2.244528045125704,False,False,False,True,0,306,19,0.4,0.3,0.3,balanced
1781488701953.5588,0.4,0.3,0.3,642.469387755102,673.3333333333334,0.1284938775510204,244.9228395061728,295.6099353321576,0.01567197061415429,1.0,1.0,1.0,25,8,2.2439008577953454,1,2.2439008577953454,False,False,False,True,0,307,19,0.4,0.3,0.3,balanced
1781488704877.733,0.4,0.3,0.3,651.3500784929356,684.0,0.13027001569858712,197.79247501469723,259.9676660787772,0.012527850234469461,1.0,1.0,1.0,23,8,2.2441336386502244,1,2.2441336386502244,False,False,False,True,0,308,19,0.4,0.3,0.3,balanced
1781488707801.784,0.4,0.3,0.3,658.0518053375196,691.8888888888889,0.1316103610675039,182.55731922398587,234.9500293944738,0.011511495612007063,1.0,1.0,1.0,22,8,2.2439024068893962,1,2.2439024068893962,False,False,False,True,0,309,19,0.4,0.3,0.3,balanced
1781488710823.731,0.4,0.3,0.3,668.5777080062793,706.4444444444445,0.13371554160125587,218.76249265138154,286.08759553204,0.013926784032780623,1.0,1.0,1.0,20,8,2.2423357481496633,1,2.2423357481496633,False,False,False,True,0,310,19,0.4,0.3,0.3,balanced
1781488713844.945,0.4,0.3,0.3,658.0847723704866,691.8888888888889,0.13161695447409733,193.78273936224127,249.4360315433112,0.012260356194946049,0.9941690962099126,0.9960317460317459,0.9941690962099126,22,8,2.241925840214851,0,2.241925840214851,False,False,False,True,0,311,19,0.4,0.3,0.3,balanced
1781488716867.301,0.4,0.3,0.3,670.9858712715856,708.7777777777778,0.1341971742543171,200.15358612580835,240.9465020576132,0.012685362650153992,1.0,1.0,1.0,20,8,2.242515521503227,1,2.242515521503227,False,False,False,True,0,312,19,0.4,0.3,0.3,balanced
1781488720291.884,0.4,0.3,0.3,485.1978021978021,546.4444444444445,0.09703956043956043,133.4920634920635,160.12698412698413,0.008238296430424516,0.7284144427001569,0.7777777777777778,0.7284144427001569,22,8,2.1772370197050956,0,2.1772370197050956,False,False,False,True,0,313,19,0.4,0.3,0.3,balanced
1781488723212.032,0.4,0.3,0.3,669.8854003139717,708.0,0.13397708006279432,181.19737258626145,223.81924659702437,0.01142077202043105,1.0,1.0,1.0,20,8,2.242982936368753,1,2.242982936368753,False,False,False,True,0,314,19,0.4,0.3,0.3,balanced
1781488726225.497,0.4,0.3,0.3,677.1915227629513,716.8888888888889,0.13543830455259026,185.92078189300412,239.65167548500878,0.01173587604356265,1.0,1.0,1.0,19,8,2.2423039153658952,1,2.2423039153658952,False,False,False,True,0,315,19,0.4,0.3,0.3,balanced
1781488729339.5332,0.4,0.3,0.3,691.9356357927787,736.0,0.13838712715855575,220.01955863066974,260.4648849093294,0.014010644338270163,0.9958718530147102,0.9958847736625513,0.9958718530147102,17,8,2.2392035117395097,1,2.2392035117395097,False,False,False,True,0,316,19,0.4,0.3,0.3,balanced
1781488736041.7349,0.4,0.3,0.3,703.1883830455259,750.1111111111111,0.1406376766091052,152.39858906525572,196.86948853615522,0.009499572319229868,1.0,1.0,1.0,16,8,2.240895057660589,1,2.240895057660589,False,False,False,True,0,317,19,0.4,0.3,0.3,balanced
1781488739258.809,0.4,0.3,0.3,725.9089481946625,780.0,0.1451817896389325,131.74015285126393,170.76866549088768,0.008121424473066307,1.0,1.0,1.0,14,8,2.239490856802507,1,2.239490856802507,False,False,False,True,0,318,19,0.4,0.3,0.3,balanced
1781488742588.095,0.4,0.3,0.3,738.3626373626373,796.6666666666666,0.14767252747252746,117.85787771898885,147.70870076425632,0.007195322062641017,1.0,1.0,1.0,13,8,2.2387723923921965,1,2.2387723923921965,False,False,False,True,0,319,19,0.4,0.3,0.3,balanced
1781488745813.505,0.4,0.3,0.3,727.2778649921506,781.5555555555555,0.14545557299843012,125.69958847736625,153.04526748971193,0.007718451532846314,1.0,1.0,1.0,14,8,2.239502235340774,0,2.239502235340774,False,False,False,True,0,320,19,0.4,0.3,0.3,balanced
1781488749136.146,0.4,0.3,0.3,739.425431711146,796.7777777777778,0.1478850863422292,88.51337448559673,114.20781893004116,0.005237716776891043,1.0,1.0,1.0,13,8,2.239274650430041,1,2.239274650430041,False,False,False,True,0,321,19,0.4,0.3,0.3,balanced
1781488752554.503,0.4,0.3,0.3,776.6200941915226,844.8888888888889,0.15532401883830452,73.16872427983539,94.5267489711934,0.004214057657093755,1.0,1.0,1.0,11,8,2.23660617516755,1,2.23660617516755,False,False,False,True,0,322,19,0.4,0.3,0.3,balanced
1781488756873.141,0.4,0.3,0.3,494.1412872841444,529.6666666666666,0.09882825745682888,65.78473028777907,84.57894567040907,0.003721462994514948,0.6664241681663283,0.6639566395663956,0.6664241681663283,13,8,2.1592795085688126,0,2.1592795085688126,False,False,False,True,0,323,19,0.4,0.3,0.3,balanced
1781488760091.361,0.4,0.3,0.3,726.0361067503925,779.6666666666666,0.1452072213500785,106.08657803102246,132.6812282367838,0.006410045232222979,0.9939531368102796,0.9958847736625516,0.9939531368102796,14,8,2.2381800389333857,0,2.2381800389333857,False,False,False,True,0,324,19,0.4,0.3,0.3,balanced
1781488763310.3372,0.4,0.3,0.3,728.7880690737833,782.3333333333334,0.14575761381475666,99.69135802469135,125.59670781893003,0.005983412810186215,1.0,1.0,1.0,14,8,2.2399019306310413,2,2.2399019306310413,False,False,False,True,0,325,19,0.4,0.3,0.3,balanced
1781488770218.169,0.4,0.3,0.3,739.2119309262166,797.3333333333334,0.1478423861852433,87.82407407407408,110.31158142269253,0.0051917327601116794,1.0,1.0,1.0,13,8,2.239305525697869,1,2.239305525697869,False,False,False,True,0,326,19,0.4,0.3,0.3,balanced
1781488773937.897,0.4,0.3,0.3,687.6028257456828,782.7777777777778,0.13752056514913658,438.7658676821983,473.25291218637994,0.02860346015224805,0.8309616650630475,0.8817204301075269,0.8309616650630475,11,8,2.185699235413585,1,2.185699235413585,False,False,False,True,0,327,19,0.4,0.3,0.3,balanced
1781488777462.093,0.4,0.3,0.3,798.4222919937205,873.2222222222222,0.1596844583987441,97.3478835978836,118.00411522633743,0.0058270769578307935,1.0,1.0,1.0,10,8,2.234378093553153,1,2.234378093553153,False,False,False,True,0,328,19,0.4,0.3,0.3,balanced
1781488780886.833,0.4,0.3,0.3,775.0832025117738,843.5555555555555,0.15501664050235478,1372.9218106995884,1768.9711934156378,0.09092206875914532,1.0,1.0,1.0,11,8,2.2107167231713145,0,2.2107167231713145,False,False,False,True,0,329,19,0.4,0.3,0.3,balanced
1781488784100.41,0.4,0.3,0.3,739.2574568288853,797.2222222222222,0.14785149136577708,1203.4425451092118,1243.2098765432102,0.07961591361635836,1.0,1.0,1.0,13,8,2.2169746293687815,0,2.2169746293687815,False,False,False,True,0,330,19,0.4,0.3,0.3,balanced
1781488787324.564,0.4,0.3,0.3,725.5572998430141,779.1111111111111,0.14511145996860284,116.41901822457379,147.92621987066434,0.007099334104374503,1.0,1.0,1.0,14,8,2.2398256157812466,0,2.2398256157812466,False,False,False,True,0,331,19,0.4,0.3,0.3,balanced
1781488790437.9849,0.4,0.3,0.3,701.4536891679749,749.3333333333334,0.14029073783359497,132.00396825396822,170.9920634920635,0.008139023899530902,1.0,1.0,1.0,16,8,2.2414419976967026,0,2.2414419976967026,False,False,False,True,0,332,19,0.4,0.3,0.3,balanced
1781488793556.993,0.4,0.3,0.3,691.5604395604395,735.4444444444445,0.1383120879120879,130.27025177887248,164.29802955665025,0.00802336569572198,1.0,1.0,1.0,17,8,2.2422681551264483,0,2.2422681551264483,False,False,False,True,0,333,19,0.4,0.3,0.3,balanced
1781488796676.327,0.4,0.3,0.3,702.0816326530612,749.2222222222222,0.14041632653061223,124.48559670781893,153.45679012345678,0.0076374647570259455,1.0,1.0,1.0,16,8,2.2415422299606473,1,2.2415422299606473,False,False,False,True,0,334,19,0.4,0.3,0.3,balanced
1781488799794.768,0.4,0.3,0.3,691.9262166405023,736.4444444444445,0.13838524332810045,138.94106407995298,165.2748383303939,0.008601805475647296,1.0,1.0,1.0,17,8,2.2420653610260657,0,2.2420653610260657,False,False,False,True,0,335,19,0.4,0.3,0.3,balanced
1781488806396.911,0.4,0.3,0.3,676.9576138147565,716.7777777777778,0.1353915227629513,139.19679600235153,169.57524985302766,0.008618865643919381,1.0,1.0,1.0,19,8,2.2432577312016435,0,2.2432577312016435,False,False,False,True,0,336,19,0.4,0.3,0.3,balanced
1781488809414.374,0.4,0.3,0.3,672.302982731554,710.8888888888889,0.13446059654631082,170.26969429747209,208.78159905937684,0.010691774135922087,1.0,1.0,1.0,20,8,2.243008229140699,0,2.243008229140699,False,False,False,True,0,337,19,0.4,0.3,0.3,balanced
1781488812438.68,0.4,0.3,0.3,664.2558869701726,698.4444444444445,0.13285117739403451,231.86044213343067,278.4019035455817,0.014800563184351611,0.9577220808747902,0.9578544061302681,0.9577220808747902,22,8,2.2297359843495177,0,2.2297359843495177,False,False,False,True,0,338,19,0.4,0.3,0.3,balanced
1781488815352.8818,0.4,0.3,0.3,655.3171114599685,688.8888888888889,0.1310634222919937,177.34126984126985,221.11258083480308,0.011163527007422938,1.0,1.0,1.0,23,8,2.2442255729809757,0,2.2442255729809757,False,False,False,True,0,339,19,0.4,0.3,0.3,balanced
1781488818372.565,0.4,0.3,0.3,658.6216640502355,692.8888888888889,0.1317243328100471,235.31746031746033,310.79365079365084,0.015031184811038047,1.0,1.0,1.0,22,8,2.2428009114326697,1,2.2428009114326697,False,False,False,True,0,340,19,0.4,0.3,0.3,balanced
1781488821486.793,0.4,0.3,0.3,673.3814756671899,710.2222222222222,0.13467629513343798,268.69566634082764,403.5609862061475,0.017257883011396108,0.9244374672946101,0.9481481481481482,0.9244374672946101,20,8,2.2182833572315888,1,2.2182833572315888,False,False,False,True,0,341,19,0.4,0.3,0.3,balanced
1781488824600.372,0.4,0.3,0.3,611.6138147566718,607.2222222222222,0.12232276295133436,180.75925925925924,244.81481481481478,0.011391544980604353,0.9387755102040816,0.8888888888888888,0.9387755102040816,22,8,2.2292860843865094,0,2.2292860843865094,False,False,False,True,0,342,19,0.4,0.3,0.3,balanced
1781488827514.335,0.4,0.3,0.3,654.7770800627943,688.0,0.13095541601255886,184.1239316239316,234.9303577081355,0.011616006112336999,1.0,1.0,1.0,23,8,2.2441330317612755,0,2.2441330317612755,False,False,False,True,0,343,19,0.4,0.3,0.3,balanced
1781488831038.768,0.4,0.3,0.3,650.1177394034537,679.4444444444445,0.13002354788069073,375.13563918169183,523.7199902331481,0.02435861502212754,0.6894860226183037,0.7641640483745747,0.6894860226183037,25,8,2.1475288031265767,0,2.1475288031265767,False,False,False,True,0,344,19,0.4,0.3,0.3,balanced
1781488833952.431,0.4,0.3,0.3,639.7142857142857,669.3333333333334,0.12794285714285714,207.01081007115488,261.0892172961138,0.013142815881998324,1.0,1.0,1.0,26,8,2.2448800123782577,0,2.2448800123782577,False,False,False,True,0,345,19,0.4,0.3,0.3,balanced
1781488836769.379,0.4,0.3,0.3,634.0863422291993,661.3333333333334,0.12681726844583988,220.11396011396008,269.1579613801835,0.014016941968909945,1.0,1.0,1.0,28,8,2.245068010030991,0,2.245068010030991,False,False,False,True,0,346,19,0.4,0.3,0.3,balanced
1781488843160.5999,0.4,0.3,0.3,629.9466248037676,656.6666666666666,0.12598932496075352,240.18518518518516,297.4074074074074,0.015355916289872259,1.0,1.0,1.0,29,8,2.244997495128737,0,2.244997495128737,False,False,False,True,0,347,19,0.4,0.3,0.3,balanced
1781488846378.19,0.4,0.3,0.3,627.9733124018837,654.0,0.12559466248037673,523.5233709645474,545.0867498514558,0.03425772988422598,0.8707651795209399,0.8351254480286738,0.8707651795209399,32,8,2.2007143698988636,0,2.2007143698988636,False,False,False,True,0,348,19,0.4,0.3,0.3,balanced
1781488849199.438,0.4,0.3,0.3,623.585557299843,647.2222222222222,0.1247171114599686,259.7420634920635,322.0634920634921,0.016660577951438525,1.0,1.0,1.0,32,8,2.245114982030581,2,2.245114982030581,False,False,False,True,0,349,19,0.4,0.3,0.3,balanced
1781488852015.675,0.4,0.3,0.3,619.3594976452118,642.6666666666666,0.12387189952904237,307.08470169677065,378.89025725232625,0.019818859352686503,1.0,1.0,1.0,34,8,2.244505582382577,0,2.244505582382577,False,False,False,True,0,350,19,0.4,0.3,0.3,balanced
1781488854839.4302,0.4,0.3,0.3,623.3359497645212,647.5555555555555,0.12466718995290423,283.9880952380952,351.7460317460318,0.018278058388131766,1.0,1.0,1.0,32,8,2.2446497065023987,1,2.2446497065023987,False,False,False,True,0,351,19,0.4,0.3,0.3,balanced
1781488857561.137,0.4,0.3,0.3,618.2888540031397,640.5555555555555,0.12365777080062794,278.0492244381133,347.34093067426403,0.01788186954223571,1.0,1.0,1.0,34,8,2.245172330817078,0,2.245172330817078,False,False,False,True,0,352,19,0.4,0.3,0.3,balanced
1781488860381.9758,0.4,0.3,0.3,622.0361067503925,646.2222222222222,0.12440722135007849,270.85170487948267,325.41740152851264,0.0174017148018334,0.9942812289751065,0.9960317460317462,0.9942812289751065,32,8,2.2433009657119505,1,2.2433009657119505,False,False,False,True,0,353,19,0.4,0.3,0.3,balanced
1781488863100.099,0.4,0.3,0.3,618.0251177394034,641.3333333333334,0.12360502354788068,350.27856916745804,433.77967711301045,0.022700371525514212,1.0,1.0,1.0,34,8,2.2437478791231933,0,2.2437478791231933,False,False,False,True,0,354,19,0.4,0.3,0.3,balanced
1781488865921.551,0.4,0.3,0.3,616.2166405023547,638.2222222222222,0.12324332810047095,341.9382868089764,438.7383689107827,0.02214398177511517,1.0,1.0,1.0,35,8,2.244059474227277,0,2.244059474227277,False,False,False,True,0,355,19,0.4,0.3,0.3,balanced
1781488868644.011,0.4,0.3,0.3,609.5902668759811,631.0,0.12191805337519622,365.8926875593542,435.41310541310537,0.02374200717540722,1.0,1.0,1.0,37,8,2.2441101764972995,0,2.2441101764972995,False,False,False,True,0,356,19,0.4,0.3,0.3,balanced
1781488871357.593,0.4,0.3,0.3,608.723704866562,629.5555555555555,0.12174474097331241,292.5459006014562,374.056663501108,0.018848959346327965,1.0,1.0,1.0,38,8,2.2456474158067765,0,2.2456474158067765,False,False,False,True,0,357,19,0.4,0.3,0.3,balanced
1781488877678.311,0.4,0.3,0.3,606.7959183673469,626.5555555555555,0.12135918367346937,318.4472369194591,393.9050558495003,0.020576867039323488,1.0,1.0,1.0,40,8,2.245283266418815,0,2.245283266418815,False,False,False,True,0,358,19,0.4,0.3,0.3,balanced
1781488880403.95,0.4,0.3,0.3,605.7221350078494,624.3333333333334,0.12114442700156987,339.63330393885957,426.79747207524986,0.02199021373841625,1.0,1.0,1.0,41,8,2.2449451650778474,0,2.2449451650778474,False,False,False,True,0,359,19,0.4,0.3,0.3,balanced
1781488883125.569,0.4,0.3,0.3,602.5667189952904,620.6666666666666,0.12051334379905809,348.7610229276896,425.25279247501464,0.022599134284702442,1.0,1.0,1.0,43,8,2.245014922194966,0,2.245014922194966,False,False,False,True,0,360,19,0.4,0.3,0.3,balanced
1781488885850.734,0.4,0.3,0.3,601.2009419152276,618.8888888888889,0.12024018838304552,376.2007642563198,454.0828924162258,0.024429670730908595,1.0,1.0,1.0,44,8,2.244575023427509,0,2.244575023427509,False,False,False,True,0,361,19,0.4,0.3,0.3,balanced
1781488888574.839,0.4,0.3,0.3,596.1758241758241,612.8888888888889,0.11923516483516482,412.6566776135741,500.02052545156,0.026861686298437232,1.0,1.0,1.0,46,8,2.244247428176403,0,2.244247428176403,False,False,False,True,0,362,19,0.4,0.3,0.3,balanced
1781488891302.443,0.4,0.3,0.3,601.3996282527881,611.7777777777778,0.12027992565055763,445.80687830687833,515.0852439741329,0.029073174003127308,1.0000000000000002,1.0,1.0,47,8,2.243166077538839,0,2.243166077538839,False,False,False,True,0,363,19,0.4,0.3,0.3,balanced
1781488894419.566,0.4,0.3,0.3,434.8712715855572,483.1111111111111,0.08697425431711145,321.0506339673006,377.64514514514514,0.02075054262623753,0.7205651491365777,0.7777777777777778,0.7205651491365777,46,8,2.1751546802262576,1,2.1751546802262576,False,False,False,True,0,364,19,0.4,0.3,0.3,balanced
1781488897144.908,0.4,0.3,0.3,597.502354788069,613.8888888888889,0.1195004709576138,442.40667254556143,525.895061728395,0.028846342397969408,1.0,1.0,1.0,47,8,2.2435459088975636,0,2.2435459088975636,False,False,False,True,0,365,19,0.4,0.3,0.3,balanced
1781488904472.7632,0.4,0.3,0.3,605.4945054945055,628.7777777777778,0.12109890109890109,2695.4826854081416,2979.159429127989,0.1791516134361669,0.2905569130177169,0.2830733383257169,0.2905569130177169,49,8,1.9849820294349045,0,1.9849820294349045,False,False,False,True,0,366,19,0.4,0.3,0.3,balanced
1781488907187.6199,0.4,0.3,0.3,594.38147566719,609.7777777777778,0.118876295133438,475.7567049808429,593.7753147235906,0.031071161106126947,1.0,1.0,1.0,50,8,2.243128133614787,0,2.243128133614787,False,False,False,True,0,367,19,0.4,0.3,0.3,balanced
1781488913491.073,0.4,0.3,0.3,593.2621664050234,608.3333333333334,0.1186524332810047,501.7695473251029,634.6502057613169,0.03280650749333575,0.9941690962099126,0.9960317460317459,0.9941690962099126,52,8,2.2409478033025714,0,2.2409478033025714,False,False,False,True,0,368,19,0.4,0.3,0.3,balanced
1781488916214.218,0.4,0.3,0.3,593.0784929356357,608.4444444444445,0.11861569858712714,515.0280514504652,636.3970990695128,0.033690997428316556,1.0,1.0,1.0,50,8,2.242446421336654,1,2.242446421336654,False,False,False,True,0,369,19,0.4,0.3,0.3,balanced
1781488918940.694,0.4,0.3,0.3,593.5086342229199,608.6666666666666,0.11870172684458398,526.1794532627865,663.9770723104056,0.0344349201642953,1.0,1.0,1.0,52,8,2.242188833212878,0,2.242188833212878,False,False,False,True,0,370,19,0.4,0.3,0.3,balanced
1781488921562.771,0.4,0.3,0.3,590.6860282574568,605.3333333333334,0.11813720565149136,499.2614638447971,611.3594944150499,0.03263919038324197,1.0,1.0,1.0,53,8,2.2429533606244307,0,2.2429533606244307,False,False,False,True,0,371,19,0.4,0.3,0.3,balanced
1781488924287.323,0.4,0.3,0.3,589.971742543171,604.1111111111111,0.1179943485086342,566.5818281335522,697.1127531472359,0.03713020868135772,0.9921507064364206,0.9923371647509579,0.9921507064364206,55,8,2.239308409923065,0,2.239308409923065,False,False,False,True,0,372,19,0.4,0.3,0.3,balanced
1781488926912.627,0.4,0.3,0.3,588.8649921507064,602.8888888888889,0.11777299843014127,565.1384931940488,692.2079772079773,0.03703392216104395,1.0,1.0,1.0,56,8,2.24178062397963,0,2.24178062397963,False,False,False,True,0,373,19,0.4,0.3,0.3,balanced
1781488929537.4702,0.4,0.3,0.3,587.9952904238618,601.5555555555555,0.11759905808477235,619.0740740740741,745.5967078189301,0.040632026289131026,1.0,1.0,1.0,58,8,2.2407707688793517,0,2.2407707688793517,False,False,False,True,0,374,19,0.4,0.3,0.3,balanced
1781488932263.174,0.4,0.3,0.3,586.9905808477237,600.3333333333334,0.11739811616954474,610.5425561029009,753.8245758073344,0.040062878992855294,1.0,1.0,1.0,59,8,2.2410218898343253,0,2.2410218898343253,False,False,False,True,0,375,19,0.4,0.3,0.3,balanced
1781488934887.74,0.4,0.3,0.3,588.596546310832,602.0,0.1177193092621664,576.6416813639036,712.691064079953,0.03780131296623773,1.0,1.0,1.0,58,8,2.241571882405262,1,2.241571882405262,False,False,False,True,0,376,19,0.4,0.3,0.3,balanced
1781488937509.358,0.4,0.3,0.3,584.5211930926216,598.4444444444445,0.11690423861852432,564.6502057613169,693.6625514403291,0.037001347949387385,1.0,1.0,1.0,59,8,2.242137900167774,0,2.242137900167774,False,False,False,True,0,377,19,0.4,0.3,0.3,balanced
1781488940122.554,0.4,0.3,0.3,586.640502354788,600.4444444444445,0.11732810047095761,621.0462171573283,742.9154795821463,0.04076359020395786,1.0,1.0,1.0,58,8,2.2408396827504298,1,2.2408396827504298,False,False,False,True,0,378,19,0.4,0.3,0.3,balanced
1781488942747.8062,0.4,0.3,0.3,585.2857142857142,598.3333333333334,0.11705714285714285,545.0823045267489,683.7125220458554,0.03569595093574042,1.0,1.0,1.0,59,8,2.2424683575764206,0,2.2424683575764206,False,False,False,True,0,379,19,0.4,0.3,0.3,balanced
1781488948954.7441,0.4,0.3,0.3,583.806907378336,596.3333333333334,0.11676138147566718,611.7188418577307,726.3007054673722,0.04014135035742033,1.0,1.0,1.0,61,8,2.241253042302507,0,2.241253042302507,False,False,False,True,0,380,19,0.4,0.3,0.3,balanced
1781488951579.031,0.4,0.3,0.3,581.9638932496075,593.7777777777778,0.11639277864992151,596.222075249853,706.7915931804821,0.039107543378909475,1.0,1.0,1.0,64,8,2.2417106255263586,0,2.2417106255263586,False,False,False,True,0,381,19,0.4,0.3,0.3,balanced
1781488954202.713,0.4,0.3,0.3,581.4662480376766,593.2222222222222,0.11629324960753532,646.1912110523223,766.4241622574956,0.04244104143110889,1.0,1.0,1.0,65,8,2.2407503877276533,0,2.2407503877276533,False,False,False,True,0,382,19,0.4,0.3,0.3,balanced
1781488956821.981,0.4,0.3,0.3,580.3940345368916,591.7777777777778,0.11607880690737832,658.9770723104056,761.413874191652,0.0432940008212412,1.0,1.0,1.0,67,8,2.240580276990676,0,2.240580276990676,False,False,False,True,0,383,19,0.4,0.3,0.3,balanced
1781488959447.77,0.4,0.3,0.3,581.712715855573,593.3333333333334,0.1163425431711146,629.3849206349206,749.6825396825396,0.041319874625411646,1.0,1.0,1.0,65,8,2.2410670203439307,1,2.2410670203439307,False,False,False,True,0,384,19,0.4,0.3,0.3,balanced
1781488962074.022,0.4,0.3,0.3,580.4332810047096,591.3333333333334,0.11608665620094191,636.7063492063492,770.2028218694885,0.04180829547740822,1.0,1.0,1.0,67,8,2.241022848876401,0,2.241022848876401,False,False,False,True,0,385,19,0.4,0.3,0.3,balanced
1781488964699.2732,0.4,0.3,0.3,577.563579277865,590.0,0.11551271585557299,667.6293356848912,804.022633744856,0.04387120318111349,1.0,1.0,1.0,68,8,2.2406335527034367,0,2.2406335527034367,False,False,False,True,0,386,19,0.4,0.3,0.3,balanced
1781488967322.806,0.4,0.3,0.3,580.4725274725274,592.1111111111111,0.11609450549450548,591.2139917695474,718.6522633744856,0.038773448416914436,1.0,1.0,1.0,67,8,2.2419301632771234,1,2.2419301632771234,False,False,False,True,0,387,19,0.4,0.3,0.3,balanced
1781488969936.5972,0.4,0.3,0.3,579.6970172684457,592.1111111111111,0.11593940345368915,579.9375367430923,709.9015285126396,0.038021183238365064,1.0,1.0,1.0,65,8,2.242217883647015,1,2.242217883647015,False,False,False,True,0,388,19,0.4,0.3,0.3,balanced
1781488972560.864,0.4,0.3,0.3,581.0282574568288,592.5555555555555,0.11620565149136576,585.1998824221047,695.0264550264551,0.0383722403216881,0.9922067728190176,0.9920634920634921,0.9922067728190176,65,8,2.2396680991526523,2,2.2396680991526523,False,False,False,True,0,389,19,0.4,0.3,0.3,balanced
1781488975180.115,0.4,0.3,0.3,582.6326530612245,595.1111111111111,0.1165265306122449,654.8434744268078,748.0761316872427,0.043018243790981174,1.0,1.0,1.0,64,8,2.2404839146178075,1,2.2404839146178075,False,False,False,True,0,390,19,0.4,0.3,0.3,balanced
1781488977803.507,0.4,0.3,0.3,585.2747252747253,597.4444444444445,0.11705494505494506,631.1158029213584,721.7014878125989,0.04143534375726207,0.9958718530147102,0.9958847736625513,0.9958718530147102,61,8,2.2395089747552563,1,2.2395089747552563,False,False,False,True,0,391,19,0.4,0.3,0.3,balanced
1781488980422.3599,0.4,0.3,0.3,584.916797488226,598.2222222222222,0.11698335949764521,567.1858182969294,676.9389047166825,0.03717050155416474,1.0,1.0,1.0,59,8,2.2420555057346925,1,2.2420555057346925,False,False,False,True,0,392,19,0.4,0.3,0.3,balanced
1781488986830.3171,0.4,0.3,0.3,585.2276295133438,598.1111111111111,0.11704552590266876,621.9314108830238,853.4769197349843,0.04082264248719305,0.8946675444371297,0.92831541218638,0.8946675444371297,58,8,2.2093352602239134,1,2.2093352602239134,False,False,False,True,0,393,19,0.4,0.3,0.3,balanced
1781488989456.1592,0.4,0.3,0.3,589.8210361067504,603.8888888888889,0.11796420722135008,770.59670781893,925.9670781893005,0.050740274037286856,1.0,1.0,1.0,56,8,2.2375922349002737,1,2.2375922349002737,False,False,False,True,0,394,19,0.4,0.3,0.3,balanced
1781488992181.959,0.4,0.3,0.3,588.5463108320251,602.6666666666666,0.11770926216640502,511.38820470717025,636.4326765188833,0.033448179099877934,1.0,1.0,1.0,55,8,2.2428818414034746,1,2.2428818414034746,False,False,False,True,0,395,19,0.4,0.3,0.3,balanced
1781489030930.202,0.4,0.3,0.3,588.9544740973312,603.8888888888889,0.11779089481946624,436.29173508483854,540.9003831417624,0.028438407944285427,1.0,1.0,1.0,53,8,2.244352119688928,1,2.244352119688928,False,False,False,True,1,396,19,0.4,0.3,0.3,balanced
1781489033650.229,0.4,0.3,0.3,591.927786499215,606.2222222222222,0.118385557299843,447.9741379310345,548.8259441707718,0.029217754364978952,1.0,1.0,1.0,52,8,2.243880450770569,1,2.243880450770569,False,False,False,True,0,397,19,0.4,0.3,0.3,balanced
1781489036368.43,0.4,0.3,0.3,591.2197802197802,607.2222222222222,0.11824395604395604,497.5389983579639,621.0276409414341,0.03252428274569472,1.0,1.0,1.0,50,8,2.242945132758709,1,2.242945132758709,False,False,False,True,0,398,19,0.4,0.3,0.3,balanced
1781489039187.658,0.4,0.3,0.3,594.2590266875981,609.6666666666666,0.11885180533751961,586.7690700104494,776.0630442354582,0.038476922615773804,0.8986629134412386,0.9310344827586206,0.8986629134412386,49,8,2.2105150751126317,1,2.2105150751126317,False,False,False,True,0,399,19,0.4,0.3,0.3,balanced
1781489041904.1592,0.4,0.3,0.3,595.0235478806907,611.3333333333334,0.11900470957613814,475.02865961199296,588.6037624926513,0.03102259236904556,1.0,1.0,1.0,47,8,2.243091338458831,1,2.243091338458831,False,False,False,True,0,400,19,0.4,0.3,0.3,balanced
1781489044627.022,0.4,0.3,0.3,597.1098901098901,613.4444444444445,0.11942197802197801,386.75629447181166,469.2268746579091,0.025133842192916055,1.0,1.0,1.0,46,8,2.244691056133334,1,2.244691056133334,False,False,False,True,0,401,19,0.4,0.3,0.3,balanced
1781489047352.623,0.4,0.3,0.3,601.2668759811617,618.5555555555555,0.12025337519623233,390.1998824221046,478.966784244562,0.025363567873389236,1.0,1.0,1.0,44,8,2.2442895795594904,1,2.2442895795594904,False,False,False,True,0,402,19,0.4,0.3,0.3,balanced
1781489050078.647,0.4,0.3,0.3,601.3704866562009,619.0,0.12027409733124018,367.1000090444535,457.8508117397007,0.023822548968942862,0.9940694226408511,0.9958847736625513,0.9940694226408511,43,8,2.2429644231690764,1,2.2429644231690764,False,False,False,True,0,403,19,0.4,0.3,0.3,balanced
1781489056381.584,0.4,0.3,0.3,604.3202511773941,622.6666666666666,0.12086405023547882,314.7786935286935,390.3554470221137,0.020332134324796098,0.9940694226408512,0.9958847736625513,0.9940694226408512,41,8,2.243775566400625,1,2.243775566400625,False,False,False,True,0,404,19,0.4,0.3,0.3,balanced
1781489059098.587,0.4,0.3,0.3,601.4897959183672,619.3333333333334,0.12029795918367345,401.5255731922398,484.6149323927101,0.026119117624565695,1.0,1.0,1.0,43,8,2.244045081039161,0,2.244045081039161,False,False,False,True,0,405,19,0.4,0.3,0.3,balanced
1781489061819.578,0.4,0.3,0.3,604.8304552590266,624.1111111111111,0.12096609105180532,387.037037037037,466.13168724279836,0.02515257084970227,1.0,1.0,1.0,41,8,2.2440677923243673,1,2.2440677923243673,False,False,False,True,0,406,19,0.4,0.3,0.3,balanced
1781489064533.5642,0.4,0.3,0.3,605.2621664050235,624.0,0.1210524332810047,374.9243092298647,461.90476190476187,0.024344516959964292,1.0,1.0,1.0,40,8,2.244275671599609,1,2.244275671599609,False,False,False,True,0,407,19,0.4,0.3,0.3,balanced
1781489067252.237,0.4,0.3,0.3,609.3814756671899,629.6666666666666,0.12187629513343798,354.54969927192144,423.6388097499209,0.02298530348711951,0.9978487121344264,0.9958847736625513,0.9978487121344264,38,8,2.243708504540817,1,2.243708504540817,False,False,False,True,0,408,19,0.4,0.3,0.3,balanced
1781489069966.883,0.4,0.3,0.3,612.5337519623233,633.5555555555555,0.12250675039246467,357.56093700538145,445.85311807534026,0.02318618659141971,1.0,1.0,1.0,37,8,2.244041443865588,1,2.244041443865588,False,False,False,True,0,409,19,0.4,0.3,0.3,balanced
1781489072782.289,0.4,0.3,0.3,615.5745682888539,636.5555555555555,0.12311491365777079,339.99110563765737,417.4343185550082,0.022014083097909098,1.0,1.0,1.0,35,8,2.244149809607519,1,2.244149809607519,False,False,False,True,0,410,19,0.4,0.3,0.3,balanced
1781489075605.652,0.4,0.3,0.3,619.1538461538461,642.1111111111111,0.12383076923076922,323.3076131687243,397.2530864197531,0.020901108283437244,0.9941690962099126,0.9960317460317459,0.9941690962099126,34,8,2.242448088685635,1,2.242448088685635,False,False,False,True,0,411,19,0.4,0.3,0.3,balanced
1781489078429.6711,0.4,0.3,0.3,622.1412872841444,646.0,0.12442825745682887,259.58186360964135,311.6240446796003,0.016649890834532444,1.0,1.0,1.0,32,8,2.245233729766909,1,2.245233729766909,False,False,False,True,0,412,19,0.4,0.3,0.3,balanced
1781489081351.602,0.4,0.3,0.3,630.4065934065933,657.3333333333334,0.12608131868131867,217.17298647854201,266.875367430923,0.01382074626274463,1.0,1.0,1.0,29,8,2.245421248648649,1,2.245421248648649,False,False,False,True,0,413,19,0.4,0.3,0.3,balanced
1781489084173.126,0.4,0.3,0.3,632.5196232339089,659.6666666666666,0.12650392464678178,204.1350676072898,248.08495002939446,0.012950971821700455,1.0,1.0,1.0,28,8,2.2455131385947773,1,2.2455131385947773,False,False,False,True,0,414,19,0.4,0.3,0.3,balanced
1781489087098.95,0.4,0.3,0.3,640.0313971742543,668.8888888888889,0.12800627943485085,210.69885361552022,260.05878894767784,0.01338884947401736,1.0,1.0,1.0,26,8,2.2447808333838544,1,2.2447808333838544,False,False,False,True,0,415,19,0.4,0.3,0.3,balanced
1781489093608.526,0.4,0.3,0.3,644.6436420722134,674.8888888888889,0.1289287284144427,206.21399176954733,263.2921810699588,0.013089659224119235,1.0,1.0,1.0,25,8,2.2445016108669873,1,2.2445016108669873,False,False,False,True,0,416,19,0.4,0.3,0.3,balanced
1781489096532.1492,0.4,0.3,0.3,641.7048665620094,671.4444444444445,0.12834097331240188,198.47736625514403,244.44591416813643,0.012573540110416547,1.0,1.0,1.0,26,8,2.244891548641914,0,2.244891548641914,False,False,False,True,0,417,19,0.4,0.3,0.3,balanced
1781489099656.508,0.4,0.3,0.3,557.7425431711144,615.1111111111111,0.11154850863422289,167.5627240143369,196.20071684587813,0.010511189060329346,0.8398744113029827,0.8888888888888888,0.8398744113029827,25,8,2.204189563219107,1,2.204189563219107,False,False,False,True,0,418,19,0.4,0.3,0.3,balanced
1781489102580.816,0.4,0.3,0.3,654.414442700157,687.2222222222222,0.1308828885400314,174.11997467553024,221.73156062044947,0.010948630732190143,1.0,1.0,1.0,23,8,2.2443622553643303,1,2.2443622553643303,False,False,False,True,0,419,19,0.4,0.3,0.3,balanced
1781489105499.591,0.4,0.3,0.3,657.1130298273155,691.8888888888889,0.1314226059654631,164.91255144032922,208.56995884773661,0.010334393024705084,1.0,1.0,1.0,22,8,2.244330639706403,1,2.244330639706403,False,False,False,True,0,420,19,0.4,0.3,0.3,balanced
1781489108520.7852,0.4,0.3,0.3,670.5368916797488,707.8888888888889,0.13410737833594977,179.54585537918868,232.45149911816577,0.01131059742356162,1.0,1.0,1.0,20,8,2.2429638694385514,1,2.2429638694385514,False,False,False,True,0,421,19,0.4,0.3,0.3,balanced
1781489111545.322,0.4,0.3,0.3,675.3061224489795,715.2222222222222,0.1350612244897959,158.75661375661377,213.06290417401527,0.009923723399373835,1.0,1.0,1.0,19,8,2.2429983931842696,1,2.2429983931842696,False,False,False,True,0,422,19,0.4,0.3,0.3,balanced
1781489114770.129,0.4,0.3,0.3,642.7692307692307,642.8888888888889,0.12855384615384613,124.53643966547192,167.2341696535245,0.007640856548730615,0.9419152276295133,0.8888888888888888,0.9419152276295133,17,8,2.228860772862696,1,2.228860772862696,False,False,False,True,0,423,19,0.4,0.3,0.3,balanced
1781489118197.669,0.4,0.3,0.3,698.2370486656201,745.6666666666666,0.13964740973312403,281.25880056323604,296.92188300051197,0.018095984026900335,0.9078819989534275,0.8782407407407408,0.9078819989534275,16,8,2.2110768405847083,1,2.2110768405847083,False,False,False,True,0,424,19,0.4,0.3,0.3,balanced
1781489121515.979,0.4,0.3,0.3,723.8932496075353,778.0,0.14477864992150705,136.64535567313345,172.0679012345679,0.00844865614897488,1.0,1.0,1.0,14,8,2.2395539431867046,1,2.2395539431867046,False,False,False,True,0,425,19,0.4,0.3,0.3,balanced
1781489128409.046,0.4,0.3,0.3,738.2543171114598,796.0,0.14765086342229197,127.1303644914756,168.4450323339212,0.00781390023292032,1.0,1.0,1.0,13,8,2.2385954845612073,1,2.2385954845612073,False,False,False,True,0,426,19,0.4,0.3,0.3,balanced
1781489131836.123,0.4,0.3,0.3,773.2339089481947,841.3333333333334,0.15464678178963892,128.54644326866546,159.36507936507937,0.0079083684635534,1.0,1.0,1.0,11,8,2.2357687767450782,1,2.2357687767450782,False,False,False,True,0,427,19,0.4,0.3,0.3,balanced
1781489135353.332,0.4,0.3,0.3,796.3987441130298,871.4444444444445,0.15927974882260595,133.2391579613802,172.644824311491,0.008221424813967992,1.0,1.0,1.0,10,8,2.233821673026767,1,2.233821673026767,False,False,False,True,0,428,19,0.4,0.3,0.3,balanced
1781489139773.725,0.4,0.3,0.3,586.3076923076923,681.0,0.11726153846153846,97.12998575498575,129.5434472934473,0.005812540744161825,0.6195447409733122,0.6916666666666667,0.6195447409733122,11,8,2.1372150446841296,0,2.1372150446841296,False,False,False,True,0,429,19,0.4,0.3,0.3,balanced
1781489143286.937,0.4,0.3,0.3,798.0062794348509,872.8888888888889,0.15960125588697016,73.55011757789536,94.09611992945325,0.004239500839085748,1.0,1.0,1.0,10,8,2.234887647393486,1,2.234887647393486,False,False,False,True,0,430,19,0.4,0.3,0.3,balanced
1781489146700.657,0.4,0.3,0.3,774.1193092621664,842.2222222222222,0.1548238618524333,84.05349794238681,113.33333333333333,0.004940193325042482,1.0,1.0,1.0,11,8,2.2365883972615137,0,2.2365883972615137,False,False,False,True,0,431,19,0.4,0.3,0.3,balanced
1781489150018.301,0.4,0.3,0.3,738.9544740973312,796.5555555555555,0.14779089481946622,125.1190476190476,151.984126984127,0.0076797229899297935,1.0,1.0,1.0,13,8,2.2385797251752346,0,2.2385797251752346,False,False,False,True,0,432,19,0.4,0.3,0.3,balanced
1781489153238.027,0.4,0.3,0.3,724.6483516483515,778.4444444444445,0.1449296703296703,134.58847736625512,166.68283362727806,0.008311439450717486,1.0,1.0,1.0,14,8,2.2395347000329164,0,2.2395347000329164,False,False,False,True,0,433,19,0.4,0.3,0.3,balanced
1781489156458.8872,0.4,0.3,0.3,724.61852433281,777.8888888888889,0.144923704866562,118.23927101704878,153.47736625514403,0.007220765244633007,1.0,1.0,1.0,14,8,2.239864288479985,2,2.239864288479985,False,False,False,True,0,434,19,0.4,0.3,0.3,balanced
1781489159573.2861,0.4,0.3,0.3,702.5934065934066,749.6666666666666,0.1405186813186813,162.13477366255142,209.90593768371545,0.010149084300370342,1.0,1.0,1.0,16,8,2.2407478021824163,0,2.2407478021824163,False,False,False,True,0,435,19,0.4,0.3,0.3,balanced
1781489166289.4111,0.4,0.3,0.3,692.8524332810048,737.0,0.13857048665620095,153.73824221046442,189.5296884185773,0.009588942108770142,1.0,1.0,1.0,17,8,2.2416951227048885,0,2.2416951227048885,False,False,False,True,0,436,19,0.4,0.3,0.3,balanced
1781489169315.286,0.4,0.3,0.3,678.6216640502355,718.1111111111111,0.1357243328100471,222.70870076425632,268.76837154614924,0.014190040077668867,1.0,1.0,1.0,19,8,2.2414532548526807,0,2.2414532548526807,False,False,False,True,0,437,19,0.4,0.3,0.3,balanced
1781489172335.4148,0.4,0.3,0.3,668.756671899529,706.8888888888889,0.1337513343799058,199.62081128747795,252.39858906525575,0.012649820632920477,1.0,1.0,1.0,20,8,2.2427045200581617,0,2.2427045200581617,False,False,False,True,0,438,19,0.4,0.3,0.3,balanced
1781489175260.3381,0.4,0.3,0.3,658.8555729984301,693.2222222222222,0.13177111459968602,199.70385067607288,243.12169312169306,0.012655360285261699,1.0,1.0,1.0,22,8,2.2434949460745472,0,2.2434949460745472,False,False,False,True,0,439,19,0.4,0.3,0.3,balanced
1781489178283.57,0.4,0.3,0.3,655.105180533752,688.2222222222222,0.1310210361067504,219.8015873015873,267.38095238095235,0.013996103222253989,1.0,1.0,1.0,23,8,2.243392754590624,0,2.243392754590624,False,False,False,True,0,440,19,0.4,0.3,0.3,balanced
1781489181203.565,0.4,0.3,0.3,657.9419152276295,692.3333333333334,0.1315883830455259,221.01122642789306,263.6244516800072,0.01407679962827839,0.9940694226408511,0.9958847736625513,0.9940694226408511,22,8,2.2413624336855613,1,2.2413624336855613,False,False,False,True,0,441,19,0.4,0.3,0.3,balanced
1781489184120.644,0.4,0.3,0.3,654.38147566719,687.2222222222222,0.130876295133438,215.5643738977072,281.04203409758964,0.013713433882435438,1.0,1.0,1.0,23,8,2.243535451781894,0,2.243535451781894,False,False,False,True,0,442,19,0.4,0.3,0.3,balanced
1781489189947.205,0.4,0.3,0.3,658.0894819466247,695.1111111111111,0.13161789638932495,1295.618621464742,1470.7559388408527,0.08576508482086338,0.40180495735565275,0.39215692338778685,0.40180495735565275,25,8,2.042164803204707,0,2.042164803204707,False,False,False,True,0,443,19,0.4,0.3,0.3,balanced
1781489192865.405,0.4,0.3,0.3,641.3846153846154,670.5555555555555,0.12827692307692307,250.4453262786596,322.6851851851852,0.016040382006581692,1.0,1.0,1.0,26,8,2.243877116167256,0,2.243877116167256,False,False,False,True,0,444,19,0.4,0.3,0.3,balanced
1781489195780.326,0.4,0.3,0.3,643.4458398744113,673.4444444444445,0.12868916797488225,225.15579071134627,282.6528512639624,0.014353288239582807,1.0,1.0,1.0,25,8,2.2442183463381724,1,2.2442183463381724,False,False,False,True,0,445,19,0.4,0.3,0.3,balanced
1781489202272.441,0.4,0.3,0.3,641.6420722135008,670.4444444444445,0.12832841444270016,239.84712339597394,296.58532506233655,0.01533336380226644,0.9942812289751065,0.9960317460317462,0.9942812289751065,26,8,2.242352993774772,0,2.242352993774772,False,False,False,True,0,446,19,0.4,0.3,0.3,balanced
1781489205086.236,0.4,0.3,0.3,631.8587127158555,659.1111111111111,0.1263717425431711,272.8277483833039,334.1387419165197,0.017533538918165704,1.0,1.0,1.0,28,8,2.244191241307282,0,2.244191241307282,False,False,False,True,0,447,19,0.4,0.3,0.3,balanced
1781489207905.953,0.4,0.3,0.3,631.6938775510204,657.8888888888889,0.12633877551020406,291.43445032333926,358.994708994709,0.018774813230376202,1.0,1.0,1.0,29,8,2.2438320458268057,0,2.2438320458268057,False,False,False,True,0,448,19,0.4,0.3,0.3,balanced
1781489210719.945,0.4,0.3,0.3,621.315541601256,645.3333333333334,0.1242631083202512,301.36022927689595,366.58877131099354,0.0194369732673046,1.0,1.0,1.0,32,8,2.244463664691708,0,2.244463664691708,False,False,False,True,0,449,19,0.4,0.3,0.3,balanced
1781489213534.813,0.4,0.3,0.3,616.3108320251176,638.3333333333334,0.12326216640502352,357.053229337712,436.58045977011494,0.023152316833736628,1.0,1.0,1.0,34,8,2.2437494383878698,0,2.2437494383878698,False,False,False,True,0,450,19,0.4,0.3,0.3,balanced
1781489216349.101,0.4,0.3,0.3,622.9434850863423,646.3333333333334,0.12458869701726846,318.2565685343463,403.88572333016776,0.02056414733384565,1.0,1.0,1.0,32,8,2.2439952769929388,1,2.2439952769929388,False,False,False,True,0,451,19,0.4,0.3,0.3,balanced
1781489219166.868,0.4,0.3,0.3,617.3406593406593,640.1111111111111,0.12346813186813185,339.9007936507936,410.07936507936506,0.022008058282241068,1.0,1.0,1.0,34,8,2.244010329768075,0,2.244010329768075,False,False,False,True,0,452,19,0.4,0.3,0.3,balanced
1781489221990.272,0.4,0.3,0.3,621.9764521193092,646.1111111111111,0.12439529042386184,278.3980011757789,351.90476190476187,0.017905136836276113,0.9900201838977349,0.9920634920634921,0.9900201838977349,32,8,2.241876397948893,1,2.241876397948893,False,False,False,True,0,453,19,0.4,0.3,0.3,balanced
1781489226408.8298,0.4,0.3,0.3,626.6923076923076,652.7777777777778,0.12533846153846154,1795.5558516834376,1853.1714510266236,0.11911646775740077,0.5405554577902763,0.5245543360600704,0.5405554577902763,34,8,2.076296312394478,0,2.076296312394478,False,False,False,True,0,454,19,0.4,0.3,0.3,balanced
1781489229223.034,0.4,0.3,0.3,617.7880690737833,639.1111111111111,0.12355761381475666,314.5840681951793,372.908583186361,0.020319150646776474,1.0,1.0,1.0,35,8,2.2444812092800643,0,2.2444812092800643,False,False,False,True,0,455,19,0.4,0.3,0.3,balanced
1781489235640.382,0.4,0.3,0.3,613.2417582417582,633.8888888888889,0.12264835164835165,320.86343732895455,402.7983032293377,0.020738054524946935,1.0,1.0,1.0,37,8,2.2447192429831753,0,2.2447192429831753,False,False,False,True,0,456,19,0.4,0.3,0.3,balanced
1781489238464.3508,0.4,0.3,0.3,616.6216640502355,638.2222222222222,0.1233243328100471,332.57936507936506,404.9603174603174,0.0215196374302445,1.0,1.0,1.0,35,8,2.2442143756469077,1,2.2442143756469077,False,False,False,True,0,457,19,0.4,0.3,0.3,balanced
1781489241182.3289,0.4,0.3,0.3,613.23704866562,633.3333333333334,0.122647409733124,347.1810699588478,421.9753086419753,0.022493733819803054,1.0,1.0,1.0,37,8,2.2441929159608094,0,2.2441929159608094,False,False,False,True,0,458,19,0.4,0.3,0.3,balanced
1781489244005.281,0.4,0.3,0.3,610.7582417582416,630.7777777777778,0.12215164835164832,359.2857142857143,434.44444444444446,0.023301248451348518,1.0,1.0,1.0,38,8,2.244148966123936,0,2.244148966123936,False,False,False,True,0,459,19,0.4,0.3,0.3,balanced
1781489246926.418,0.4,0.3,0.3,519.734693877551,565.3333333333334,0.1039469387755102,322.9635603345281,361.50776583034644,0.02087815612638613,0.8398744113029826,0.8888888888888888,0.8398744113029826,40,8,2.2041201010427747,0,2.2041201010427747,False,False,False,True,0,460,19,0.4,0.3,0.3,balanced
1781489249751.751,0.4,0.3,0.3,606.116169544741,624.6666666666666,0.1212232339089482,355.24493705528187,435.91954022988506,0.02303168359274729,1.0,1.0,1.0,41,8,2.2446012013585968,0,2.2446012013585968,False,False,False,True,0,461,19,0.4,0.3,0.3,balanced
1781489252576.9292,0.4,0.3,0.3,606.5792778649922,625.7777777777778,0.12131585557299843,367.2181171319103,441.34099616858236,0.023830428094190146,1.0,1.0,1.0,40,8,2.244324529342544,1,2.244324529342544,False,False,False,True,0,462,19,0.4,0.3,0.3,balanced
1781489255399.123,0.4,0.3,0.3,604.5164835164834,623.5555555555555,0.12090329670329668,368.4626436781609,455.94553913519434,0.023913451879797258,1.0,1.0,1.0,41,8,2.244464645754742,0,2.244464645754742,False,False,False,True,0,463,19,0.4,0.3,0.3,balanced
1781489258120.786,0.4,0.3,0.3,604.7158555729984,622.7777777777778,0.12094317111459968,379.6913580246914,466.5020576131688,0.02466253222312818,1.0,1.0,1.0,43,8,2.2442239718872217,0,2.2442239718872217,False,False,False,True,0,464,19,0.4,0.3,0.3,balanced
1781489260842.757,0.4,0.3,0.3,600.9952904238618,618.3333333333334,0.12019905808477235,444.22839506172835,532.9012345679013,0.028967871585172004,1.0,1.0,1.0,44,8,2.2432300152905396,0,2.2432300152905396,False,False,False,True,0,465,19,0.4,0.3,0.3,balanced
1781489263562.633,0.4,0.3,0.3,598.927786499215,616.0,0.119785557299843,444.41945914168133,544.1945914168136,0.028980617687904026,1.0,1.0,1.0,46,8,2.2433915917736917,0,2.2433915917736917,False,False,False,True,0,466,19,0.4,0.3,0.3,balanced
1781489266990.349,0.4,0.3,0.3,399.82731554160125,408.44444444444446,0.07996546310832026,246.6724254742547,291.93157181571814,0.01578868748994361,0.6703296703296702,0.6666666666666666,0.6703296703296702,47,8,2.16437610960859,0,2.16437610960859,False,False,False,True,0,467,19,0.4,0.3,0.3,balanced
1781489273290.648,0.4,0.3,0.3,596.8634222919937,612.4444444444445,0.11937268445839874,478.6588771310993,578.098177542622,0.03126476832095392,1.0,1.0,1.0,49,8,2.242871495720354,0,2.242871495720354,False,False,False,True,0,468,19,0.4,0.3,0.3,balanced
1781489276116.175,0.4,0.3,0.3,596.4693877551019,610.7777777777778,0.11929387755102039,519.3392401021712,686.0565134099618,0.03397860174130562,0.8787094678720294,0.9158365261813538,0.8787094678720294,50,8,2.205701708818809,0,2.205701708818809,False,False,False,True,0,469,19,0.4,0.3,0.3,balanced
1781489278840.131,0.4,0.3,0.3,590.9999999999999,606.3333333333334,0.11819999999999997,478.6419753086419,579.4650205761318,0.031263640781096856,1.0,1.0,1.0,52,8,2.243340907765671,0,2.243340907765671,False,False,False,True,0,470,19,0.4,0.3,0.3,balanced
1781489281565.896,0.4,0.3,0.3,589.546310832025,604.8888888888889,0.117909262166405,550.0521751910641,687.4000587889477,0.03602749667718906,1.0,1.0,1.0,53,8,2.2420280461302813,0,2.2420280461302813,False,False,False,True,0,471,19,0.4,0.3,0.3,balanced
1781489284280.384,0.4,0.3,0.3,592.25431711146,607.0,0.118450863422292,502.743974132863,597.5293944738389,0.03287151261726905,1.0,1.0,1.0,52,8,2.2427582008459024,1,2.2427582008459024,False,False,False,True,0,472,19,0.4,0.3,0.3,balanced
1781489286994.96,0.4,0.3,0.3,591.6043956043956,605.7777777777778,0.11832087912087912,528.6985596707818,646.8930041152263,0.03460297262646977,1.0,1.0,1.0,53,8,2.2422907565637074,0,2.2422907565637074,False,False,False,True,0,473,19,0.4,0.3,0.3,balanced
1781489289708.291,0.4,0.3,0.3,593.5102040816325,608.7777777777778,0.1187020408163265,447.9776601998824,552.2707231040564,0.029217989339551862,1.0,1.0,1.0,52,8,2.2437537868716038,1,2.2437537868716038,False,False,False,True,0,474,19,0.4,0.3,0.3,balanced
1781489292426.348,0.4,0.3,0.3,592.2323390894819,607.1111111111111,0.11844646781789638,492.11566725455606,596.0185185185186,0.03216248614106445,1.0,1.0,1.0,53,8,2.2429726670305223,0,2.2429726670305223,False,False,False,True,0,475,19,0.4,0.3,0.3,balanced
1781489295047.525,0.4,0.3,0.3,589.4395604395604,604.3333333333334,0.11788791208791208,542.2780717225162,641.0435038212815,0.03550887736641202,1.0,1.0,1.0,55,8,2.2421921719549114,0,2.2421921719549114,False,False,False,True,0,476,19,0.4,0.3,0.3,balanced
1781489297668.8489,0.4,0.3,0.3,588.8178963893249,602.6666666666666,0.11776357927786499,556.6654795821463,687.374960430516,0.03646867775731463,0.9958718530147102,0.9958847736625513,0.9958718530147102,56,8,2.2407155208660727,0,2.2407155208660727,False,False,False,True,0,477,19,0.4,0.3,0.3,balanced
1781489300292.9932,0.4,0.3,0.3,587.4552590266875,601.8888888888889,0.11749105180533749,615.9623298512187,751.7471623027178,0.04042443828226942,1.0,1.0,1.0,58,8,2.2408762477931843,0,2.2408762477931843,False,False,False,True,0,478,19,0.4,0.3,0.3,balanced
1781489303013.738,0.4,0.3,0.3,590.8343044428259,596.4444444444445,0.11816686088856518,2937.377463806035,2885.7483154705383,0.1952886900471004,0.9910563737094349,0.9919165196942975,0.9910563737094349,59,8,2.191463560743274,0,2.191463560743274,False,False,False,True,0,479,19,0.4,0.3,0.3,balanced
1781489309220.279,0.4,0.3,0.3,583.7959183673469,596.6666666666666,0.11675918367346938,637.9948446615114,762.0910776466333,0.04189425247908682,0.9940694226408512,0.9958847736625513,0.9940694226408512,61,8,2.2389488775791415,0,2.2389488775791415,False,False,False,True,0,480,19,0.4,0.3,0.3,balanced
1781489314347.331,0.4,0.3,0.3,180.94505494505495,278.8888888888889,0.03618901098901099,495.57684193649106,430.5903226078665,0.032393385052467714,0.2052590266875981,0.3611111111111111,0.2052590266875981,59,8,2.0373840880949348,1,2.0373840880949348,False,False,False,True,0,481,19,0.4,0.3,0.3,balanced
1781489317066.972,0.4,0.3,0.3,584.6624803767661,597.2222222222222,0.11693249607535322,600.744389709907,707.6546250684182,0.03940923213541741,1.0,1.0,1.0,61,8,2.2414042319292333,0,2.2414042319292333,False,False,False,True,0,482,19,0.4,0.3,0.3,balanced
1781489319790.6958,0.4,0.3,0.3,584.8649921507064,597.0,0.11697299843014128,659.987684729064,825.3092501368363,0.04336141992855663,1.0,1.0,1.0,64,8,2.2402023746493764,0,2.2402023746493764,False,False,False,True,0,483,19,0.4,0.3,0.3,balanced
1781489322815.5059,0.4,0.3,0.3,421.97959183673464,465.6666666666667,0.08439591836734693,481.5643738977072,592.2601410934744,0.031458597324730296,0.7205651491365777,0.7777777777777778,0.7205651491365777,65,8,2.1729735981966156,0,2.1729735981966156,False,False,False,True,0,484,19,0.4,0.3,0.3,balanced
1781489325436.393,0.4,0.3,0.3,583.0455259026687,595.1111111111111,0.11660910518053375,914.911111111111,1103.767901234568,0.060367652509080126,0.9780531260123095,0.9800117577895355,0.9780531260123095,67,8,2.228661999978755,0,2.228661999978755,False,False,False,True,0,485,19,0.4,0.3,0.3,balanced
1781489328262.883,0.4,0.3,0.3,494.35321821036104,532.8888888888889,0.09887064364207221,553.1249999999999,609.399641577061,0.03623248832555036,0.8398744113029826,0.8888888888888888,0.8398744113029826,68,8,2.2015443194364006,0,2.2015443194364006,False,False,False,True,0,486,19,0.4,0.3,0.3,balanced
1781489330885.419,0.4,0.3,0.3,580.2166405023547,591.5555555555555,0.11604332810047094,605.6547619047618,753.0291005291006,0.03973680866609485,1.0,1.0,1.0,67,8,2.241661626159983,1,2.241661626159983,False,False,False,True,0,487,19,0.4,0.3,0.3,balanced
1781489333599.841,0.4,0.3,0.3,581.8414442700157,594.0,0.11636828885400315,605.7170224411603,775.2326217843461,0.039740962137502354,1.0,1.0,1.0,65,8,2.241530395817148,1,2.241530395817148,False,False,False,True,0,488,19,0.4,0.3,0.3,balanced
1781489336222.852,0.4,0.3,0.3,582.7880690737833,594.1111111111111,0.11655761381475666,713.9939741328631,888.071722516167,0.04696424110292616,1.0,1.0,1.0,67,8,2.2392876821432193,0,2.2392876821432193,False,False,False,True,0,489,19,0.4,0.3,0.3,balanced
1781489338847.8242,0.4,0.3,0.3,580.8194662480377,593.2222222222222,0.11616389324960753,714.294532627866,862.7689594356261,0.046984291702993064,1.0,1.0,1.0,65,8,2.239439155189259,1,2.239439155189259,False,False,False,True,0,490,19,0.4,0.3,0.3,balanced
1781489345052.5251,0.4,0.3,0.3,582.9717425431711,594.7777777777778,0.11659434850863422,626.6745805634695,772.6274137385249,0.04113906474739623,1.0,1.0,1.0,64,8,2.2410205411723276,1,2.2410205411723276,False,False,False,True,0,491,19,0.4,0.3,0.3,balanced
1781489348473.04,0.4,0.3,0.3,589.2260596546311,601.4444444444445,0.11784521193092622,2268.5787037037035,3560.4864672364674,0.1506723618214612,0.6314325582113954,0.7106107069842628,0.6314325582113954,61,8,2.09708997414461,1,2.09708997414461,False,False,False,True,0,492,19,0.4,0.3,0.3,balanced
1781489351196.043,0.4,0.3,0.3,587.7959183673469,600.6666666666666,0.11755918367346938,582.8530377668309,726.3067870826492,0.03821567963754709,1.0,1.0,1.0,59,8,2.241511622639348,1,2.241511622639348,False,False,False,True,0,493,19,0.4,0.3,0.3,balanced
1781489353920.4731,0.4,0.3,0.3,584.6671899529042,597.5555555555555,0.11693343799058084,650.110153256705,776.2014230979748,0.042702478536137754,1.0,1.0,1.0,61,8,2.2404158812429262,0,2.2404158812429262,False,False,False,True,0,494,19,0.4,0.3,0.3,balanced
1781489356647.399,0.4,0.3,0.3,583.4458398744113,595.2222222222222,0.11668916797488225,703.9053092501367,848.5331143951834,0.046291214759849014,1.0,1.0,1.0,64,8,2.2394369683820923,0,2.2394369683820923,False,False,False,True,0,495,19,0.4,0.3,0.3,balanced
1781489359473.406,0.4,0.3,0.3,495.7912087912087,533.7777777777778,0.09915824175824174,560.2849462365591,677.2270011947431,0.036710136506775126,0.8398744113029827,0.8888888888888888,0.8398744113029827,65,8,2.2012859857355656,0,2.2012859857355656,False,False,False,True,0,496,19,0.4,0.3,0.3,balanced
1781489362198.605,0.4,0.3,0.3,585.0156985871272,597.0,0.11700313971742544,634.0749863163657,796.9663382594418,0.04163275425726255,1.0,1.0,1.0,64,8,2.240708917835851,1,2.240708917835851,False,False,False,True,0,497,19,0.4,0.3,0.3,balanced
1781489364823.095,0.4,0.3,0.3,585.9246467817895,598.5555555555555,0.11718492935635791,589.0167548500882,739.3680188124633,0.038626868235496215,1.0,1.0,1.0,61,8,2.241537967786808,1,2.241537967786808,False,False,False,True,0,498,19,0.4,0.3,0.3,balanced
1781489367545.277,0.4,0.3,0.3,587.425431711146,600.1111111111111,0.11748508634222919,556.5524083196497,704.5826491516146,0.03646113464440625,1.0,1.0,1.0,59,8,2.2420676250697866,1,2.2420676250697866,False,False,False,True,0,499,19,0.4,0.3,0.3,balanced
1781489370170.574,0.4,0.3,0.3,583.9591836734694,596.3333333333334,0.11679183673469389,615.9203861981639,754.7625830959164,0.04042164017332648,1.0,1.0,1.0,61,8,2.2411567732541244,0,2.2411567732541244,False,False,False,True,0,500,19,0.4,0.3,0.3,balanced
1781489372992.003,0.4,0.3,0.3,498.73469387755097,538.5555555555555,0.09974693877551019,449.18876941457586,505.04898446833926,0.029298783816849625,0.8398744113029826,0.8888888888888888,0.8398744113029826,59,8,2.2032739127356358,1,2.2032739127356358,False,False,False,True,0,501,19,0.4,0.3,0.3,balanced
1781489379304.157,0.4,0.3,0.3,587.2653061224489,600.3333333333334,0.11745306122448979,640.028279511038,827.5767803928723,0.04202990523756091,1.0,1.0,1.0,58,8,2.240409803938936,1,2.240409803938936,False,False,False,True,0,502,19,0.4,0.3,0.3,balanced
1781489382025.4731,0.4,0.3,0.3,587.9089481946623,601.3333333333334,0.11758178963893247,478.85741652983035,597.4753694581281,0.031278013110729176,1.0,1.0,1.0,56,8,2.243583880211208,1,2.243583880211208,False,False,False,True,0,503,19,0.4,0.3,0.3,balanced
1781489384746.788,0.4,0.3,0.3,588.9921507064364,602.8888888888889,0.11779843014128728,509.29802955665025,630.1313628899835,0.03330874113119748,1.0,1.0,1.0,55,8,2.242888005604126,1,2.242888005604126,False,False,False,True,0,504,19,0.4,0.3,0.3,balanced
1781489387460.454,0.4,0.3,0.3,588.9905808477237,603.3333333333334,0.11779811616954473,531.5564373897707,626.3815402704291,0.03479362490925755,1.0,1.0,1.0,53,8,2.242442666059405,1,2.242442666059405,False,False,False,True,0,505,19,0.4,0.3,0.3,balanced
1781489390286.0369,0.4,0.3,0.3,501.4207221350078,543.7777777777778,0.10028414442700156,450.2318419643225,503.80776995015043,0.02936836837653919,0.8367346938775511,0.8888888888888888,0.8367346938775511,52,8,2.202096239879503,1,2.202096239879503,False,False,False,True,0,506,19,0.4,0.3,0.3,balanced
1781489393002.767,0.4,0.3,0.3,592.8712715855573,608.0,0.11857425431711147,500.09386973180074,665.4367816091952,0.03269472112953974,0.8950901315433335,0.9272030651340997,0.8950901315433335,50,8,2.2112889213972937,1,2.2112889213972937,False,False,False,True,0,507,19,0.4,0.3,0.3,balanced
1781489395625.377,0.4,0.3,0.3,590.2182103610675,604.6666666666666,0.11804364207221349,426.11190250079136,542.923393478949,0.02775929969985266,1.0,1.0,1.0,52,8,2.244454753261159,0,2.244454753261159,False,False,False,True,0,508,19,0.4,0.3,0.3,balanced
1781489398352.0,0.4,0.3,0.3,593.7849293563578,609.5555555555555,0.11875698587127156,479.9522339800118,579.406231628454,0.031351049631755286,1.0,1.0,1.0,50,8,2.243091890761965,1,2.243091890761965,False,False,False,True,0,509,19,0.4,0.3,0.3,balanced
1781489401075.9202,0.4,0.3,0.3,593.5007849293563,609.2222222222222,0.11870015698587126,432.91666666666663,530.5335097001764,0.028213253279964417,1.0,1.0,1.0,49,8,2.244055961221662,1,2.244055961221662,False,False,False,True,0,510,19,0.4,0.3,0.3,balanced
1781489403796.962,0.4,0.3,0.3,595.5667189952904,612.3333333333334,0.1191133437990581,408.69800218938144,495.2859879584018,0.026597598544988756,1.0,1.0,1.0,47,8,2.24437538291688,1,2.24437538291688,False,False,False,True,0,511,19,0.4,0.3,0.3,balanced
1781489406512.39,0.4,0.3,0.3,596.9042386185242,613.3333333333334,0.11938084772370484,446.8931308155446,537.1483305966065,0.0291456391471344,1.0,1.0,1.0,46,8,2.243503969166378,1,2.243503969166378,False,False,False,True,0,512,19,0.4,0.3,0.3,balanced
1781489409236.7239,0.4,0.3,0.3,597.4113029827315,614.1111111111111,0.1194822605965463,438.841680350301,539.95894909688,0.028608517701821278,1.0,1.0,1.0,46,8,2.2436245404508353,2,2.2436245404508353,False,False,False,True,0,513,19,0.4,0.3,0.3,balanced
1781489415545.137,0.4,0.3,0.3,599.9466248037676,617.2222222222222,0.11998932496075351,473.00778953556727,590.7142857142858,0.03088777782091843,0.9942812289751064,0.9960317460317462,0.9942812289751064,44,8,2.241022305361955,1,2.241022305361955,False,False,False,True,0,514,19,0.4,0.3,0.3,balanced
1781489418269.309,0.4,0.3,0.3,601.6169544740973,618.8888888888889,0.12032339089481946,341.43518518518516,425.13227513227514,0.022110419291873594,1.0,1.0,1.0,43,8,2.2452375178545103,1,2.2452375178545103,False,False,False,True,0,515,19,0.4,0.3,0.3,balanced
1781489421088.878,0.4,0.3,0.3,605.7880690737833,624.7777777777778,0.12115761381475665,387.1455938697318,479.0968801313629,0.025159812799848684,1.0,1.0,1.0,41,8,2.243989010634143,1,2.243989010634143,False,False,False,True,0,516,19,0.4,0.3,0.3,balanced
1781489423816.119,0.4,0.3,0.3,604.9827315541601,624.3333333333334,0.12099654631083201,392.8711617600507,477.4707185818297,0.02554177196531359,1.0,1.0,1.0,40,8,2.243938849886073,1,2.243938849886073,False,False,False,True,0,517,19,0.4,0.3,0.3,balanced
1781489426631.886,0.4,0.3,0.3,609.0533751962323,629.8888888888889,0.12181067503924646,478.78894767783646,631.6431510875956,0.031273445475506104,1.0,1.0,1.0,38,8,2.2418936963416494,1,2.2418936963416494,False,False,False,True,0,518,19,0.4,0.3,0.3,balanced
1781489429455.4492,0.4,0.3,0.3,610.7284144427001,631.6666666666666,0.12214568288854002,324.99999999999994,406.54761904761904,0.021014009339559703,1.0,1.0,1.0,37,8,2.2448375240427163,1,2.2448375240427163,False,False,False,True,0,519,19,0.4,0.3,0.3,balanced
1781489432278.3389,0.4,0.3,0.3,614.888540031397,636.6666666666666,0.12297770800627941,350.6782774838331,423.05996472663145,0.022727036523271054,1.0,1.0,1.0,35,8,2.243990805840507,1,2.243990805840507,False,False,False,True,0,520,19,0.4,0.3,0.3,balanced
1781489435102.187,0.4,0.3,0.3,617.6985871271586,640.1111111111111,0.12353971742543171,300.25132275132273,381.17724867724866,0.01936299684798684,1.0,1.0,1.0,34,8,2.2447752139754313,1,2.2447752139754313,False,False,False,True,0,521,19,0.4,0.3,0.3,balanced
1781489437923.288,0.4,0.3,0.3,622.8508634222919,646.3333333333334,0.12457017268445839,279.7126690182246,336.413874191652,0.017992839827766817,1.0,1.0,1.0,32,8,2.2447740789778865,1,2.2447740789778865,False,False,False,True,0,522,19,0.4,0.3,0.3,balanced
1781489440647.8838,0.4,0.3,0.3,616.0486656200941,638.8888888888889,0.12320973312401881,265.2168407723963,333.58024691358025,0.017025806589219233,1.0,1.0,1.0,34,8,2.2456083647736267,0,2.2456083647736267,False,False,False,True,0,523,19,0.4,0.3,0.3,balanced
1781489443467.7688,0.4,0.3,0.3,621.2558869701726,644.7777777777778,0.12425117739403452,277.2957084068195,355.21017048794823,0.01783160162820677,1.0,1.0,1.0,32,8,2.244950048553924,1,2.244950048553924,False,False,False,True,0,524,19,0.4,0.3,0.3,balanced
1781489446289.566,0.4,0.3,0.3,628.8021978021977,654.8888888888889,0.12576043956043956,302.07157554379774,363.0026455026455,0.019484427988245345,1.0,1.0,1.0,29,8,2.2438504957793506,1,2.2438504957793506,False,False,False,True,0,525,19,0.4,0.3,0.3,balanced
1781489452687.9749,0.4,0.3,0.3,635.2417582417582,662.3333333333334,0.12704835164835165,223.7602880658436,279.9617871840094,0.014260192666167019,1.0,1.0,1.0,28,8,2.2449026015408093,1,2.2449026015408093,False,False,False,True,0,526,19,0.4,0.3,0.3,balanced
1781489455508.367,0.4,0.3,0.3,630.0172684458397,656.2222222222222,0.12600345368916793,255.71649029982365,311.6343327454439,0.01639202737156929,1.0,1.0,1.0,29,8,2.244681010312862,0,2.244681010312862,False,False,False,True,0,527,19,0.4,0.3,0.3,balanced
1781489458332.499,0.4,0.3,0.3,635.945054945055,663.4444444444445,0.127189010989011,216.13168724279836,269.32833627278075,0.013751280002855127,1.0,1.0,1.0,28,8,2.244999011603539,1,2.244999011603539,False,False,False,True,0,528,19,0.4,0.3,0.3,balanced
1781489461157.1082,0.4,0.3,0.3,633.4317111459967,660.4444444444445,0.12668634222919933,240.86860670194002,299.0167548500882,0.015401508118875251,1.0,1.0,1.0,28,8,2.2447050106726576,2,2.2447050106726576,False,False,False,True,0,529,19,0.4,0.3,0.3,balanced
1781489464082.397,0.4,0.3,0.3,641.1538461538461,670.1111111111111,0.1282307692307692,213.4825102880658,259.0814226925338,0.013574550386128472,1.0,1.0,1.0,26,8,2.2446353271918538,1,2.2446353271918538,False,False,False,True,0,530,19,0.4,0.3,0.3,balanced
1781489467004.4019,0.4,0.3,0.3,633.3500784929356,660.7777777777778,0.12667001569858713,241.56599059376836,297.55731922398587,0.015448031393847123,1.0,1.0,1.0,28,8,2.244697584302411,0,2.244697584302411,False,False,False,True,0,531,19,0.4,0.3,0.3,balanced
1781489469920.089,0.4,0.3,0.3,641.8759811616953,670.6666666666666,0.12837519623233906,225.0786302175191,283.74926513815404,0.014348140775017953,1.0,1.0,1.0,26,8,2.2443454792745587,1,2.2443454792745587,False,False,False,True,0,532,19,0.4,0.3,0.3,balanced
1781489472840.79,0.4,0.3,0.3,642.7299843014129,673.1111111111111,0.12854599686028256,208.4267173156062,254.9730927508705,0.013237272669486738,0.9978487121344264,0.9958847736625513,0.9978487121344264,25,8,2.243965033095369,1,2.243965033095369,False,False,False,True,0,533,19,0.4,0.3,0.3,balanced
1781489475765.418,0.4,0.3,0.3,654.7048665620094,687.4444444444445,0.1309409733124019,731.5127413738525,854.5112603445937,0.048132938050290355,0.9899412756555613,0.9917695473251028,0.9899412756555613,23,8,2.2301661119566205,1,2.2301661119566205,False,False,False,True,0,534,19,0.4,0.3,0.3,balanced
1781489479580.131,0.4,0.3,0.3,441.83673469387753,462.77777777777777,0.0883673469387755,139.52574525745257,168.42818428184285,0.008640810223979492,0.6703296703296703,0.6666666666666666,0.6703296703296703,22,8,2.163159719256197,1,2.163159719256197,False,False,False,True,0,535,19,0.4,0.3,0.3,balanced
1781489482496.601,0.4,0.3,0.3,671.5211930926216,709.6666666666666,0.13430423861852434,159.18566001899333,200.30864197530866,0.009952345564976206,1.0,1.0,1.0,20,8,2.2432926008830973,1,2.2432926008830973,False,False,False,True,0,536,19,0.4,0.3,0.3,balanced
1781489489109.2688,0.4,0.3,0.3,678.783359497645,718.7777777777778,0.135756671899529,156.73789173789174,193.7511870845204,0.009789052150626533,1.0,1.0,1.0,19,8,2.2427606155950004,1,2.2427606155950004,False,False,False,True,0,537,19,0.4,0.3,0.3,balanced
1781489492529.7,0.4,0.3,0.3,690.0894819466248,735.0,0.13801789638932496,403.60225721112806,465.361249786653,0.026257655584464846,0.8707810047095761,0.8645833333333334,0.8707810047095761,17,8,2.198149846181803,1,2.198149846181803,False,False,False,True,0,538,19,0.4,0.3,0.3,balanced
1781489496150.175,0.4,0.3,0.3,521.7817896389324,595.4444444444445,0.10435635792778648,89.23724641371699,111.1106301106301,0.005286007098980453,0.7251362083294856,0.7745098039215687,0.7251362083294856,16,8,2.174212517198037,1,2.174212517198037,False,False,False,True,0,539,19,0.4,0.3,0.3,balanced
1781489499371.5461,0.4,0.3,0.3,723.3171114599686,776.2222222222222,0.14466342229199372,136.7283950617284,168.97119341563786,0.008454195801316105,1.0,1.0,1.0,14,8,2.2395983723428077,1,2.2395983723428077,False,False,False,True,0,540,19,0.4,0.3,0.3,balanced
1781489502694.3008,0.4,0.3,0.3,737.4144427001569,795.0,0.1474828885400314,163.9344503233392,206.45796590241034,0.010269142783411555,1.0,1.0,1.0,13,8,2.237926101748964,1,2.237926101748964,False,False,False,True,0,541,19,0.4,0.3,0.3,balanced
1781489506209.466,0.4,0.3,0.3,774.2558869701727,842.8888888888889,0.15485117739403453,79.94341563786008,102.62345679012346,0.004666005045887931,0.9960192868356132,0.9960317460317462,0.9960192868356132,11,8,2.235465513579304,1,2.235465513579304,False,False,False,True,0,542,19,0.4,0.3,0.3,balanced
1781489509826.155,0.4,0.3,0.3,796.7064364207221,871.2222222222222,0.1593412872841444,136.17945326278658,169.01234567901236,0.00841757526769757,1.0,1.0,1.0,10,8,2.233738212506033,1,2.233738212506033,False,False,False,True,0,543,19,0.4,0.3,0.3,balanced
1781489513245.03,0.4,0.3,0.3,775.0125588697017,843.4444444444445,0.15500251177394034,111.55864197530863,140.1984126984127,0.00677509286026075,1.0,1.0,1.0,11,8,2.2359664674323456,0,2.2359664674323456,False,False,False,True,0,544,19,0.4,0.3,0.3,balanced
1781489516570.739,0.4,0.3,0.3,739.248037676609,797.6666666666666,0.1478496075353218,127.97404241848685,161.76005064893954,0.0078701829498657,0.9958718530147102,0.9958847736625513,0.9958718530147102,13,8,2.2372606580053245,0,2.2372606580053245,False,False,False,True,0,545,19,0.4,0.3,0.3,balanced
1781489523564.847,0.4,0.3,0.3,671.1930926216639,678.4444444444445,0.13423861852433278,187.54592293906808,239.1241039426523,0.0118442910566423,0.9419152276295133,0.8888888888888888,0.9419152276295133,14,8,2.225325833562128,0,2.225325833562128,False,False,False,True,0,546,19,0.4,0.3,0.3,balanced
1781489526883.6702,0.4,0.3,0.3,739.1679748822605,796.5555555555555,0.1478335949764521,134.2181069958848,173.01734273956495,0.00828673162080619,1.0,1.0,1.0,13,8,2.2383805425231773,1,2.2383805425231773,False,False,False,True,0,547,19,0.4,0.3,0.3,balanced
1781489530107.094,0.4,0.3,0.3,724.1648351648352,778.0,0.14483296703296702,170.26748971193416,208.60082304526748,0.010691627065505948,1.0,1.0,1.0,14,8,2.2388593250671613,0,2.2388593250671613,False,False,False,True,0,548,19,0.4,0.3,0.3,balanced
1781489533220.553,0.4,0.3,0.3,700.2480376766091,747.4444444444445,0.1400496075353218,203.28189300411523,253.559670781893,0.012894055570654785,0.9960192868356132,0.9960317460317462,0.9960192868356132,16,8,2.238917726365359,0,2.238917726365359,False,False,False,True,0,549,19,0.4,0.3,0.3,balanced
1781489536436.992,0.4,0.3,0.3,724.408163265306,778.0,0.1448816326530612,142.25466919911364,184.34472934472936,0.00882285985317636,1.0,1.0,1.0,14,8,2.2394004889828225,1,2.2394004889828225,False,False,False,True,0,550,19,0.4,0.3,0.3,balanced
1781489539563.7332,0.4,0.3,0.3,700.5949764521192,748.0,0.14011899529042385,171.35949441504997,217.7498530276308,0.010764475944966642,1.0,1.0,1.0,16,8,2.2407230591003406,0,2.2407230591003406,False,False,False,True,0,551,19,0.4,0.3,0.3,balanced
1781489542688.543,0.4,0.3,0.3,692.5133437990581,737.0,0.13850266875981163,130.22633744855966,162.30452674897117,0.008020436120651078,1.0,1.0,1.0,17,8,2.24219280165988,0,2.24219280165988,False,False,False,True,0,552,19,0.4,0.3,0.3,balanced
1781489545802.388,0.4,0.3,0.3,702.8257456828885,750.3333333333334,0.1405651491365777,128.396531452087,165.8671369782481,0.00789836767525597,1.0,1.0,1.0,16,8,2.241404430042792,1,2.241404430042792,False,False,False,True,0,553,19,0.4,0.3,0.3,balanced
1781489549121.134,0.4,0.3,0.3,726.7048665620094,780.8888888888889,0.1453409733124019,107.43606701940034,132.45590828924162,0.00650007118208141,1.0,1.0,1.0,14,8,2.2399135893204147,1,2.2399135893204147,False,False,False,True,0,554,19,0.4,0.3,0.3,balanced
1781489552350.166,0.4,0.3,0.3,701.7739403453688,749.4444444444445,0.14035478806907375,126.58068783068782,157.12375073486183,0.0077772306758297416,1.0,1.0,1.0,16,8,2.2415249155696215,0,2.2415249155696215,False,False,False,True,0,555,19,0.4,0.3,0.3,balanced
1781489559058.86,0.4,0.3,0.3,693.4631083202512,738.3333333333334,0.13869262166405025,122.2633744855967,155.51440329218107,0.007489217777558152,1.0,1.0,1.0,17,8,2.2422761860011127,0,2.2422761860011127,False,False,False,True,0,556,19,0.4,0.3,0.3,balanced
1781489562278.9832,0.4,0.3,0.3,697.197666882696,714.6666666666666,0.1394395333765392,3393.6605582922816,3403.7903667214014,0.22572785579001212,0.989489798198762,0.9886334610472542,0.989489798198762,19,8,2.173352769372009,0,2.173352769372009,False,False,False,True,0,557,19,0.4,0.3,0.3,balanced
1781489565293.78,0.4,0.3,0.3,670.9623233908948,709.2222222222222,0.13419246467817894,163.8661081716637,212.97031158142266,0.010264583600511254,1.0,1.0,1.0,20,8,2.243243639048575,0,2.243243639048575,False,False,False,True,0,558,19,0.4,0.3,0.3,balanced
1781489568411.0652,0.4,0.3,0.3,676.392464678179,715.7777777777778,0.1352784929356358,182.32148509926287,239.29973318862207,0.011495762848516536,0.991716711104466,0.9919165196942975,0.991716711104466,19,8,2.2399548873025306,1,2.2399548873025306,False,False,False,True,0,559,19,0.4,0.3,0.3,balanced
1781489571336.731,0.4,0.3,0.3,669.690737833595,707.3333333333334,0.133938147566719,222.04020259575816,261.3516935739158,0.014145443802252045,1.0,1.0,1.0,20,8,2.2421811078326366,0,2.2421811078326366,False,False,False,True,0,560,19,0.4,0.3,0.3,balanced
1781489574351.135,0.4,0.3,0.3,658.8979591836734,693.2222222222222,0.13177959183673468,192.58004926108376,240.27914614121514,0.01218012336631646,1.0,1.0,1.0,22,8,2.243634126255411,0,2.243634126255411,False,False,False,True,0,561,19,0.4,0.3,0.3,balanced
1781489577378.5469,0.4,0.3,0.3,653.7472527472528,686.2222222222222,0.13074945054945056,247.5534256681183,341.33837842983274,0.015847460017886478,0.9662209711470796,0.9770114942528735,0.9662209711470796,23,8,2.2328122731189777,0,2.2328122731189777,False,False,False,True,0,562,19,0.4,0.3,0.3,balanced
1781489580300.3608,0.4,0.3,0.3,644.287284144427,674.4444444444445,0.12885745682888539,291.3521457965902,349.08583186360966,0.01876932260150702,1.0,1.0,1.0,25,8,2.2428262204879936,0,2.2428262204879936,False,False,False,True,0,563,19,0.4,0.3,0.3,balanced
1781489583216.992,0.4,0.3,0.3,641.5117739403454,670.2222222222222,0.1283023547880691,273.2738095238095,348.3333333333333,0.017563296165697767,1.0,1.0,1.0,26,8,2.243410069235063,0,2.243410069235063,False,False,False,True,0,564,19,0.4,0.3,0.3,balanced
1781489586141.031,0.4,0.3,0.3,633.7645211930926,660.5555555555555,0.1267529042386185,303.59879584017506,384.7016967706623,0.019586310596409275,1.0,1.0,1.0,28,8,2.24342294512563,0,2.24342294512563,False,False,False,True,0,565,19,0.4,0.3,0.3,balanced
1781489589066.117,0.4,0.3,0.3,639.7551020408163,668.2222222222222,0.12795102040816325,3390.555555555555,3515.277777777778,0.2255207175153806,1.0,1.0,1.0,26,8,2.1811633765821203,1,2.1811633765821203,False,False,False,True,0,566,19,0.4,0.3,0.3,balanced
1781489595480.013,0.4,0.3,0.3,632.4097331240188,659.0,0.12648194662480375,261.3833491611269,314.9841722063945,0.016770069990735617,1.0,1.0,1.0,28,8,2.244376200352858,0,2.244376200352858,False,False,False,True,0,567,19,0.4,0.3,0.3,balanced
1781489598302.836,0.4,0.3,0.3,630.0125588697017,656.1111111111111,0.12600251177394034,262.8086419753086,323.14814814814815,0.016865152900287433,1.0,1.0,1.0,29,8,2.2445394494203375,0,2.2445394494203375,False,False,False,True,0,568,19,0.4,0.3,0.3,balanced
1781489601114.981,0.4,0.3,0.3,621.1616954474098,644.2222222222222,0.12423233908948196,316.66666666666663,388.37301587301585,0.02045808316655548,1.0,1.0,1.0,32,8,2.2441696394142405,0,2.2441696394142405,False,False,False,True,0,569,19,0.4,0.3,0.3,balanced
1781489603936.1702,0.4,0.3,0.3,616.2590266875981,638.8888888888889,0.12325180533751962,333.00629447181166,426.8924466338259,0.021548118377038804,1.0,1.0,1.0,34,8,2.2442348423518803,0,2.2442348423518803,False,False,False,True,0,570,19,0.4,0.3,0.3,balanced
1781489606760.302,0.4,0.3,0.3,616.043956043956,638.0,0.12320879120879119,307.28653530377665,372.4233716475096,0.01983232390285368,1.0,1.0,1.0,35,8,2.2447667863456275,0,2.2447667863456275,False,False,False,True,0,571,19,0.4,0.3,0.3,balanced
1781489609585.13,0.4,0.3,0.3,615.7708006279435,638.2222222222222,0.12315416012558869,296.86234263820467,368.08018609742754,0.019136914118626062,1.0,1.0,1.0,34,8,2.2449972617141767,1,2.2449972617141767,False,False,False,True,0,572,19,0.4,0.3,0.3,balanced
1781489612399.005,0.4,0.3,0.3,614.6153846153845,636.3333333333334,0.1229230769230769,322.0320197044334,424.02572523262177,0.020816011988287753,1.0,1.0,1.0,35,8,2.244585965634283,0,2.244585965634283,False,False,False,True,0,573,19,0.4,0.3,0.3,balanced
1781489615224.771,0.4,0.3,0.3,610.2244897959183,631.2222222222222,0.12204489795918366,329.9028461959496,415.54324028461957,0.021341083802264817,1.0,1.0,1.0,37,8,2.244779715675647,0,2.244779715675647,False,False,False,True,0,574,19,0.4,0.3,0.3,balanced
1781489618038.9421,0.4,0.3,0.3,608.182103610675,629.0,0.121636420722135,1807.2810111698998,1962.3794826572605,0.11989866652234155,0.9958510876878224,0.9960317460317462,0.9958510876878224,38,8,2.2141311580607903,0,2.2141311580607903,False,False,False,True,0,575,19,0.4,0.3,0.3,balanced
1781489620864.694,0.4,0.3,0.3,609.5321821036106,630.2222222222222,0.12190643642072212,306.36684303350967,379.36360964138737,0.01977097018235555,1.0,1.0,1.0,38,8,2.2453061343770044,2,2.2453061343770044,False,False,False,True,0,576,19,0.4,0.3,0.3,balanced
1781489625881.085,0.4,0.3,0.3,617.7974882260596,642.2222222222222,0.12355949764521192,1964.551459817589,2062.0644647580134,0.13039035755954562,0.4781454702912345,0.476951836392939,0.4781454702912345,40,8,2.0549027347614217,0,2.0549027347614217,False,False,False,True,0,577,19,0.4,0.3,0.3,balanced
1781489632182.806,0.4,0.3,0.3,606.7394034536891,625.8888888888889,0.12134788069073782,373.88888888888886,470.4938271604938,0.02427544288785116,1.0,1.0,1.0,41,8,2.2441782148573495,0,2.2441782148573495,False,False,False,True,0,578,19,0.4,0.3,0.3,balanced
1781489634901.877,0.4,0.3,0.3,604.3328100470957,621.6666666666666,0.12086656200941913,382.797619047619,479.9206349206349,0.024869754439467578,1.0,1.0,1.0,43,8,2.244192448864392,0,2.244192448864392,False,False,False,True,0,579,19,0.4,0.3,0.3,balanced
1781489637619.128,0.4,0.3,0.3,601.4474097331239,618.7777777777778,0.12028948194662478,396.99808935920043,493.6919459141682,0.025817084013288888,1.0,1.0,1.0,44,8,2.2441390820173632,0,2.2441390820173632,False,False,False,True,0,580,19,0.4,0.3,0.3,balanced
1781489640342.46,0.4,0.3,0.3,598.7864992150706,615.5555555555555,0.11975729984301413,479.4708994708995,575.030864197531,0.03131893925756501,1.0,1.0,1.0,46,8,2.242701398285525,0,2.242701398285525,False,False,False,True,0,581,19,0.4,0.3,0.3,balanced
1781489643066.3691,0.4,0.3,0.3,597.1036106750391,613.4444444444445,0.11942072213500783,455.35934744268076,549.9250440917108,0.029710430116256223,0.9942812289751065,0.9960317460317462,0.9942812289751065,47,8,2.241602950803652,0,2.241602950803652,False,False,False,True,0,582,19,0.4,0.3,0.3,balanced
1781489645785.035,0.4,0.3,0.3,595.0643642072214,611.2222222222222,0.11901287284144428,459.6763820470717,565.2435686918446,0.029998424419417725,1.0,1.0,1.0,49,8,2.243395323537597,0,2.243395323537597,False,False,False,True,0,583,19,0.4,0.3,0.3,balanced
1781489648511.187,0.4,0.3,0.3,594.2715855572998,609.4444444444445,0.11885431711145995,461.42720306513405,559.6250684181718,0.030115223686800138,0.996156552806799,0.9961685823754789,0.996156552806799,50,8,2.242270671891416,0,2.242270671891416,False,False,False,True,0,584,19,0.4,0.3,0.3,balanced
1781489651234.3992,0.4,0.3,0.3,592.9544740973312,607.3333333333334,0.11859089481946623,482.496553751343,599.7954043260556,0.031520784106160306,0.9960192868356132,0.9960317460317462,0.9960192868356132,52,8,2.241913192891049,0,2.241913192891049,False,False,False,True,0,585,19,0.4,0.3,0.3,balanced
1781489653848.447,0.4,0.3,0.3,591.7645211930926,606.2222222222222,0.11835290423861852,509.4903450459006,590.6631845520735,0.033321570716871286,1.0,1.0,1.0,53,8,2.2426623670894914,0,2.2426623670894914,False,False,False,True,0,586,19,0.4,0.3,0.3,balanced
1781489656468.94,0.4,0.3,0.3,589.2527472527472,603.8888888888889,0.11785054945054944,573.1402342513453,666.9737258626147,0.03756772743504638,1.0,1.0,1.0,55,8,2.2415894619892662,0,2.2415894619892662,False,False,False,True,0,587,19,0.4,0.3,0.3,balanced
1781489659194.258,0.4,0.3,0.3,590.7503924646782,605.5555555555555,0.11815007849293563,486.51546250684186,590.5870279146142,0.031788890093852024,1.0,1.0,1.0,53,8,2.24320330157467,1,2.24320330157467,False,False,False,True,0,588,19,0.4,0.3,0.3,balanced
1781489665493.582,0.4,0.3,0.3,589.1051805337519,603.1111111111111,0.11782103610675038,481.776135741653,593.8191023535851,0.03147272419890947,1.0,1.0,1.0,55,8,2.243429768297627,0,2.243429768297627,False,False,False,True,0,589,19,0.4,0.3,0.3,balanced
1781489668318.734,0.4,0.3,0.3,588.2354788069074,601.5555555555555,0.11764709576138148,681.7013142174432,924.7753882915172,0.04480996092177739,0.8943637008153137,0.9280397022332506,0.8943637008153137,56,8,2.207807283663508,0,2.207807283663508,False,False,False,True,0,590,19,0.4,0.3,0.3,balanced
1781489670936.873,0.4,0.3,0.3,586.4442700156985,600.0,0.11728885400313971,577.6337448559672,723.9506172839506,0.037867494653500144,1.0,1.0,1.0,58,8,2.241724210002694,0,2.241724210002694,False,False,False,True,0,591,19,0.4,0.3,0.3,balanced
1781489673560.478,0.4,0.3,0.3,585.0094191522762,599.1111111111111,0.11700188383045525,522.5352733686067,690.2204585537919,0.034191812766418056,1.0,1.0,1.0,59,8,2.2429417026378924,0,2.2429417026378924,False,False,False,True,0,592,19,0.4,0.3,0.3,balanced
1781489676184.9429,0.4,0.3,0.3,586.3500784929356,600.1111111111111,0.11727001569858712,626.5718694885361,764.9162257495591,0.04113221277441868,1.0,1.0,1.0,58,8,2.2407523298882395,1,2.2407523298882395,False,False,False,True,0,593,19,0.4,0.3,0.3,balanced
1781489678808.2139,0.4,0.3,0.3,584.0894819466247,597.8888888888889,0.11681789638932494,630.9385881608102,742.3994935106047,0.0414235215584263,1.0,1.0,1.0,59,8,2.240845784976742,0,2.240845784976742,False,False,False,True,0,594,19,0.4,0.3,0.3,balanced
1781489681429.772,0.4,0.3,0.3,583.756671899529,596.4444444444445,0.1167513343799058,559.7743974132862,704.0608465608466,0.03667607721236066,1.0,1.0,1.0,61,8,2.2422966430843294,0,2.2422966430843294,False,False,False,True,0,595,19,0.4,0.3,0.3,balanced
1781489684056.941,0.4,0.3,0.3,582.1648351648352,594.5555555555555,0.11643296703296703,623.5163139329807,756.2595532039977,0.040928373177650475,1.0,1.0,1.0,64,8,2.241148301233518,0,2.241148301233518,False,False,False,True,0,596,19,0.4,0.3,0.3,balanced
1781489686681.979,0.4,0.3,0.3,583.1193092621663,595.8888888888889,0.11662386185243326,586.413874191652,727.5102880658436,0.03845322709750847,1.0,1.0,1.0,61,8,2.241814487129774,1,2.241814487129774,False,False,False,True,0,597,19,0.4,0.3,0.3,balanced
1781489689301.889,0.4,0.3,0.3,579.839874411303,592.4444444444445,0.11596797488226059,569.0321869488536,695.4952968841858,0.037293674913199036,1.0,1.0,1.0,64,8,2.242424707573136,0,2.242424707573136,False,False,False,True,0,598,19,0.4,0.3,0.3,balanced
1781489691925.606,0.4,0.3,0.3,584.6985871271585,597.1111111111111,0.11693971742543169,560.8957965902409,672.6410934744267,0.0367508870307032,1.0,1.0,1.0,61,8,2.2421988469206164,1,2.2421988469206164,False,False,False,True,0,599,19,0.4,0.3,0.3,balanced
1781489694546.63,0.4,0.3,0.3,581.4050235478807,594.0,0.11628100470957613,584.9397413286301,694.5149911816578,0.03835488601258373,1.0,1.0,1.0,64,8,2.2419811323123944,0,2.2419811323123944,False,False,False,True,0,600,19,0.4,0.3,0.3,balanced
1781489697173.7002,0.4,0.3,0.3,584.4411302982732,596.8888888888889,0.11688822605965463,617.4375367430923,736.2801293356848,0.040522851016884076,1.0,1.0,1.0,61,8,2.241087854271073,1,2.241087854271073,False,False,False,True,0,601,19,0.4,0.3,0.3,balanced
1781489703371.5562,0.4,0.3,0.3,584.0816326530612,596.3333333333334,0.11681632653061225,668.6089065255732,819.1431510875955,0.04393655146935111,0.9942812289751065,0.9960317460317462,0.9942812289751065,64,8,2.2383768726394817,0,2.2383768726394817,False,False,False,True,0,602,19,0.4,0.3,0.3,balanced
1781489705988.813,0.4,0.3,0.3,581.8163265306122,594.2222222222222,0.11636326530612244,598.6147854203409,729.8515579071134,0.03926716380389199,1.0,1.0,1.0,65,8,2.2416745447363833,0,2.2416745447363833,False,False,False,True,0,603,19,0.4,0.3,0.3,balanced
1781489708611.6582,0.4,0.3,0.3,580.9183673469388,593.2222222222222,0.11618367346938775,632.1303644914756,762.6734273956495,0.04150302631697635,1.0,1.0,1.0,64,8,2.241075622717152,1,2.241075622717152,False,False,False,True,0,604,19,0.4,0.3,0.3,balanced
1781489711231.056,0.4,0.3,0.3,580.375196232339,592.2222222222222,0.11607503924646781,686.1772486772486,826.3815402704291,0.04510855561556028,1.0,1.0,1.0,65,8,2.240037417616745,0,2.240037417616745,False,False,False,True,0,605,19,0.4,0.3,0.3,balanced
1781489713852.696,0.4,0.3,0.3,581.171114599686,593.5555555555555,0.11623422291993721,634.916225749559,752.0840681951794,0.0416888742995036,1.0,1.0,1.0,67,8,2.240999648542174,0,2.240999648542174,False,False,False,True,0,606,19,0.4,0.3,0.3,balanced
1781489716473.158,0.4,0.3,0.3,580.8477237048664,592.6666666666666,0.11616954474097328,661.5248383303939,803.7095825984716,0.04346396519882548,1.0,1.0,1.0,68,8,2.240492992543963,0,2.240492992543963,False,False,False,True,0,607,19,0.4,0.3,0.3,balanced
1781489719087.971,0.4,0.3,0.3,581.054945054945,592.7777777777778,0.11621098901098902,632.1457965902409,759.3312757201646,0.04150405580988932,1.0,1.0,1.0,67,8,2.2410643876526377,1,2.2410643876526377,False,False,False,True,0,608,19,0.4,0.3,0.3,balanced
1781489721711.526,0.4,0.3,0.3,580.7864992150706,592.5555555555555,0.11615729984301414,634.5884773662551,744.1710758377425,0.04166700983097099,1.0,1.0,1.0,65,8,2.2410369771135032,1,2.2410369771135032,False,False,False,True,0,609,19,0.4,0.3,0.3,balanced
1781489724327.982,0.4,0.3,0.3,580.5384615384614,592.5555555555555,0.11610769230769229,636.7078189300412,762.6337448559672,0.04180839352435231,1.0,1.0,1.0,64,8,2.2410144050196172,1,2.2410144050196172,False,False,False,True,0,610,19,0.4,0.3,0.3,balanced
1781489727042.211,0.4,0.3,0.3,582.0706436420721,594.8888888888889,0.11641412872841443,610.1402572523261,725.444718117132,0.04003604117760681,1.0,1.0,1.0,61,8,2.2414235361553523,1,2.2414235361553523,False,False,False,True,0,611,19,0.4,0.3,0.3,balanced
1781489729662.7368,0.4,0.3,0.3,586.1083202511774,599.1111111111111,0.11722166405023547,593.0445326278659,709.7413286302175,0.03889556588578158,1.0,1.0,1.0,59,8,2.2414426646141714,1,2.2414426646141714,False,False,False,True,0,612,19,0.4,0.3,0.3,balanced
1781489732387.725,0.4,0.3,0.3,585.1664050235478,597.2222222222222,0.11703328100470956,591.5715654077721,717.4315818281335,0.03879730256222629,1.0,1.0,1.0,61,8,2.2415474968294484,0,2.2415474968294484,False,False,False,True,0,613,19,0.4,0.3,0.3,balanced
1781489738693.769,0.4,0.3,0.3,580.9010989010987,592.7777777777778,0.11618021978021975,1147.383689107827,1463.0131362889983,0.07587616338277699,0.9944784279759649,0.9961685823754789,0.9944784279759649,64,8,2.2291085914658684,0,2.2291085914658684,False,False,False,True,0,614,19,0.4,0.3,0.3,balanced
1781489741318.5278,0.4,0.3,0.3,581.9874411302982,594.7777777777778,0.11639748822605964,612.3456790123456,735.2674897119341,0.040183167379075756,1.0,1.0,1.0,61,8,2.2413860544958535,1,2.2413860544958535,False,False,False,True,0,615,19,0.4,0.3,0.3,balanced
1781489744037.333,0.4,0.3,0.3,584.7613814756671,597.8888888888889,0.11695227629513343,615.8531746031745,716.3163656267104,0.0404171564111524,1.0,1.0,1.0,59,8,2.2410939425586007,1,2.2410939425586007,False,False,False,True,0,616,19,0.4,0.3,0.3,balanced
1781489746757.58,0.4,0.3,0.3,584.9324960753531,598.5555555555555,0.11698649921507062,1429.7758671369781,1640.6893004115227,0.09471486772094584,0.9782462435523659,0.9801587301587301,0.9782462435523659,58,8,2.218264813063398,1,2.218264813063398,False,False,False,True,0,617,19,0.4,0.3,0.3,balanced
1781489749370.7732,0.4,0.3,0.3,587.2825745682887,600.8888888888889,0.11745651491365774,515.7169990503323,631.6397594175372,0.03373695790862791,1.0,1.0,1.0,56,8,2.2428963066619483,1,2.2428963066619483,False,False,False,True,0,618,19,0.4,0.3,0.3,balanced
1781489752692.073,0.4,0.3,0.3,591.6577708006279,607.5555555555555,0.11833155416012557,1220.4868233618236,1168.9451566951566,0.08075295686202959,0.6852569270151687,0.6924616924616925,0.6852569270151687,55,8,2.1340185693818916,1,2.1340185693818916,False,False,False,True,0,619,19,0.4,0.3,0.3,balanced
1781489755316.154,0.4,0.3,0.3,591.010989010989,605.4444444444445,0.11820219780219779,524.6707818930041,656.0493827160494,0.034334274976184395,1.0,1.0,1.0,53,8,2.2424188383862655,1,2.2424188383862655,False,False,False,True,0,620,19,0.4,0.3,0.3,balanced
1781489758038.87,0.4,0.3,0.3,591.5400313971743,606.5555555555555,0.11830800627943486,572.5944170771756,678.0760810071155,0.03753131534871085,1.0,1.0,1.0,52,8,2.241417402883613,1,2.241417402883613,False,False,False,True,0,621,19,0.4,0.3,0.3,balanced
1781489760757.7568,0.4,0.3,0.3,591.8963893249606,607.0,0.11837927786499212,533.2532333921222,652.3398001175779,0.03490682010621229,0.9942812289751064,0.9960317460317462,0.9942812289751064,50,8,2.2404606115146715,1,2.2404606115146715,False,False,False,True,0,622,19,0.4,0.3,0.3,balanced
1781489763481.4229,0.4,0.3,0.3,593.4175824175824,609.6666666666666,0.11868351648351648,498.24438970990695,603.0911330049262,0.03257134020746544,1.0,1.0,1.0,49,8,2.2427551913443535,1,2.2427551913443535,False,False,False,True,0,623,19,0.4,0.3,0.3,balanced
1781489766907.5242,0.4,0.3,0.3,598.5353218210361,616.8888888888889,0.11970706436420721,1484.5324074074074,1847.7314814814813,0.09836773898648482,0.6996960182674468,0.7017171717171717,0.6996960182674468,47,8,2.1325156580386055,1,2.1325156580386055,False,False,False,True,0,624,19,0.4,0.3,0.3,balanced
1781489773218.3472,0.4,0.3,0.3,600.342229199372,617.4444444444445,0.1200684458398744,438.3531746031746,547.7900930487136,0.028575928926162415,1.0,1.0,1.0,46,8,2.2433998429862014,1,2.2433998429862014,False,False,False,True,0,625,19,0.4,0.3,0.3,balanced
1781489776342.4412,0.4,0.3,0.3,434.13814756671894,482.3333333333333,0.08682762951334379,389.19753086419746,462.0061728395062,0.025296699857518177,0.7205651491365777,0.7777777777777778,0.7205651491365777,47,8,2.1738494829783805,0,2.1738494829783805,False,False,False,True,0,626,19,0.4,0.3,0.3,balanced
1781489779064.913,0.4,0.3,0.3,598.138147566719,614.5555555555555,0.1196276295133438,402.32142857142856,511.6460905349794,0.026172210044791765,1.0,1.0,1.0,46,8,2.244297285181225,1,2.244297285181225,False,False,False,True,0,627,19,0.4,0.3,0.3,balanced
1781489781786.46,0.4,0.3,0.3,602.3328100470957,620.0,0.12046656200941913,399.10714285714283,504.17254556143445,0.025957781378061564,1.0,1.0,1.0,44,8,2.244026040782814,1,2.244026040782814,False,False,False,True,0,628,19,0.4,0.3,0.3,balanced
1781489784511.852,0.4,0.3,0.3,602.4662480376765,620.5555555555555,0.1204932496075353,391.75631981187536,484.11963550852437,0.025467399587183148,1.0,1.0,1.0,43,8,2.244162480280831,1,2.244162480280831,False,False,False,True,0,629,19,0.4,0.3,0.3,balanced
1781489787236.656,0.4,0.3,0.3,605.8383045525902,624.0,0.12116766091051805,421.87242798353907,529.4650205761317,0.02747647951858166,1.0,1.0,1.0,41,8,2.2432899917802183,1,2.2432899917802183,False,False,False,True,0,630,19,0.4,0.3,0.3,balanced
1781489789961.315,0.4,0.3,0.3,604.4615384615383,623.4444444444445,0.12089230769230767,397.05761316872423,488.07319223985894,0.025821054914524633,1.0,1.0,1.0,40,8,2.2438967604487194,1,2.2438967604487194,False,False,False,True,0,631,19,0.4,0.3,0.3,balanced
1781489792786.023,0.4,0.3,0.3,608.684458398744,629.2222222222222,0.1217368916797488,355.8449644225507,443.67131910235355,0.023071712102905314,1.0,1.0,1.0,38,8,2.244383729697229,1,2.244383729697229,False,False,False,True,0,632,19,0.4,0.3,0.3,balanced
1781489795510.4438,0.4,0.3,0.3,612.2731554160125,632.4444444444445,0.12245463108320251,366.56378600823047,448.2162076606522,0.02378677691849436,1.0,1.0,1.0,37,8,2.2438821144911705,1,2.2438821144911705,False,False,False,True,0,633,19,0.4,0.3,0.3,balanced
1781489798536.7751,0.4,0.3,0.3,528.8414442700156,577.4444444444445,0.10576828885400312,321.0931899641577,365.99462365591404,0.02075338158533407,0.8398744113029827,0.8888888888888888,0.8398744113029827,35,8,2.2034289933736932,1,2.2034289933736932,False,False,False,True,0,634,19,0.4,0.3,0.3,balanced
1781489801361.829,0.4,0.3,0.3,618.7959183673469,641.1111111111111,0.12375918367346937,329.2283950617283,404.6649029982363,0.021296090397713695,1.0,1.0,1.0,34,8,2.244107499411298,1,2.244107499411298,False,False,False,True,0,635,19,0.4,0.3,0.3,balanced
1781489804086.038,0.4,0.3,0.3,615.7299843014129,638.0,0.12314599686028257,364.9794238683128,449.09623298512196,0.023681082312762693,1.0,1.0,1.0,35,8,2.2436372765620582,0,2.2436372765620582,False,False,False,True,0,636,19,0.4,0.3,0.3,balanced
1781489810496.703,0.4,0.3,0.3,617.3971742543171,640.4444444444445,0.1234794348508634,302.74323927101705,375.3674309229865,0.0195292354416956,1.0,1.0,1.0,34,8,2.244749455427146,1,2.244749455427146,False,False,False,True,0,637,19,0.4,0.3,0.3,balanced
1781489813316.7888,0.4,0.3,0.3,623.094191522763,646.6666666666666,0.1246188383045526,268.29805996472663,334.428277483833,0.017231358236472757,1.0,1.0,1.0,32,8,2.244983057207237,1,2.244983057207237,False,False,False,True,0,638,19,0.4,0.3,0.3,balanced
1781489816337.9631,0.4,0.3,0.3,629.2025117739403,655.2222222222222,0.12584050235478805,433.7905440201047,446.97080088987764,0.028271550635097044,0.9536891679748822,0.914814814814815,0.9536891679748822,29,8,2.22728908426002,1,2.22728908426002,False,False,False,True,0,639,19,0.4,0.3,0.3,balanced
1781489819156.334,0.4,0.3,0.3,633.6028257456829,661.1111111111111,0.1267205651491366,230.90455840455843,291.6160177271288,0.014736795090364138,1.0,1.0,1.0,28,8,2.244890735413236,1,2.244890735413236,False,False,False,True,0,640,19,0.4,0.3,0.3,balanced
1781489822379.492,0.4,0.3,0.3,642.1569858712716,671.2222222222222,0.1284313971742543,645.5630805178218,673.4064640659468,0.04239913812660586,0.8779042386185243,0.8583333333333333,0.8779042386185243,26,8,2.1992789712778738,1,2.1992789712778738,False,False,False,True,0,641,19,0.4,0.3,0.3,balanced
1781489825297.628,0.4,0.3,0.3,644.7315541601255,675.2222222222222,0.1289463108320251,177.8718400940623,221.1654908877131,0.011198921954240312,1.0,1.0,1.0,25,8,2.2450617990809176,1,2.2450617990809176,False,False,False,True,0,642,19,0.4,0.3,0.3,balanced
1781489828221.19,0.4,0.3,0.3,639.8806907378334,669.6666666666666,0.1279761381475667,198.13834154351395,248.27175697865354,0.012550923385157701,1.0,1.0,1.0,26,8,2.245044267725426,0,2.245044267725426,False,False,False,True,0,643,19,0.4,0.3,0.3,balanced
1781489831139.714,0.4,0.3,0.3,643.3610675039246,673.8888888888889,0.12867221350078492,199.24162257495593,245.71869488536154,0.012624524521344625,0.9941690962099126,0.9960317460317459,0.9941690962099126,25,8,2.2429944861062565,1,2.2429944861062565,False,False,False,True,0,644,19,0.4,0.3,0.3,balanced
1781489834059.174,0.4,0.3,0.3,653.9419152276295,686.6666666666666,0.1307883830455259,190.10367204811652,238.82082937638495,0.012014921417486092,1.0,1.0,1.0,23,8,2.244080170356544,1,2.244080170356544,False,False,False,True,0,645,19,0.4,0.3,0.3,balanced
1781489836982.6528,0.4,0.3,0.3,659.5902668759811,694.8888888888889,0.13191805337519621,175.45340975896528,222.3206937095826,0.011037585707736176,1.0,1.0,1.0,22,8,2.2439215029376007,1,2.2439215029376007,False,False,False,True,0,646,19,0.4,0.3,0.3,balanced
1781489839901.8208,0.4,0.3,0.3,655.2919937205652,688.1111111111111,0.13105839874411304,190.67901234567896,240.94650205761315,0.012053303025061971,1.0,1.0,1.0,23,8,2.243960649594836,0,2.243960649594836,False,False,False,True,0,647,19,0.4,0.3,0.3,balanced
1781489846402.783,0.4,0.3,0.3,659.6813186813187,694.1111111111111,0.13193626373626374,175.8458259847149,225.95972957084066,0.011063764241808867,1.0,1.0,1.0,22,8,2.243906365232952,1,2.243906365232952,False,False,False,True,0,648,19,0.4,0.3,0.3,balanced
1781489849424.4832,0.4,0.3,0.3,671.3720565149137,708.7777777777778,0.13427441130298273,157.14285714285714,195.9920634920635,0.009816067854760316,1.0,1.0,1.0,20,8,2.243345415122379,1,2.243345415122379,False,False,False,True,0,649,19,0.4,0.3,0.3,balanced
1781489852450.63,0.4,0.3,0.3,658.4427001569858,692.3333333333334,0.13168854003139716,153.20333880678706,200.8524904214559,0.009553258092514146,1.0,1.0,1.0,22,8,2.2444586065596868,0,2.2444586065596868,False,False,False,True,0,650,19,0.4,0.3,0.3,balanced
1781489855374.294,0.4,0.3,0.3,653.9324960753532,686.8888888888889,0.13078649921507066,203.77204585537916,244.70458553791883,0.012926754226509617,1.0,1.0,1.0,23,8,2.243807374046019,0,2.243807374046019,False,False,False,True,0,651,19,0.4,0.3,0.3,balanced
1781489858393.727,0.4,0.3,0.3,660.0784929356358,694.5555555555555,0.13201569858712717,182.91666666666666,228.05555555555554,0.011535468089837669,1.0,1.0,1.0,22,8,2.243733080138198,1,2.243733080138198,False,False,False,True,0,652,19,0.4,0.3,0.3,balanced
1781489861410.711,0.4,0.3,0.3,671.822605965463,709.6666666666666,0.1343645211930926,154.3253968253968,196.74603174603175,0.009628111862935078,1.0,1.0,1.0,20,8,2.2433657579638826,1,2.2433657579638826,False,False,False,True,0,653,19,0.4,0.3,0.3,balanced
1781489864435.6238,0.4,0.3,0.3,672.408163265306,709.8888888888889,0.1344816326530612,160.01984126984127,200.0,0.010007994747821299,1.0,1.0,1.0,20,8,2.243204948514429,2,2.243204948514429,False,False,False,True,0,654,19,0.4,0.3,0.3,balanced
1781489867455.4902,0.4,0.3,0.3,678.2480376766091,718.2222222222222,0.13564960753532182,156.74897119341563,192.01646090534982,0.009789791273743537,1.0,1.0,1.0,19,8,2.2428032196037484,1,2.2428032196037484,False,False,False,True,0,655,19,0.4,0.3,0.3,balanced
1781489870571.889,0.4,0.3,0.3,692.1789638932495,736.2222222222222,0.1384357927786499,128.38403880070547,156.11845972957084,0.007897534276231185,1.0,1.0,1.0,17,8,2.2422564226056707,1,2.2422564226056707,False,False,False,True,0,656,19,0.4,0.3,0.3,balanced
1781489873695.98,0.4,0.3,0.3,701.7095761381476,748.4444444444445,0.1403419152276295,164.0997942386831,215.0088183421517,0.010280173064621955,1.0,1.0,1.0,16,8,2.2407791819895615,1,2.2407791819895615,False,False,False,True,0,657,19,0.4,0.3,0.3,balanced
1781489880496.275,0.4,0.3,0.3,724.3971742543171,778.2222222222222,0.1448794348508634,122.06863609641385,150.8068783068783,0.007476226557465901,1.0,1.0,1.0,14,8,2.239805358092415,1,2.239805358092415,False,False,False,True,0,658,19,0.4,0.3,0.3,balanced
1781489883817.7,0.4,0.3,0.3,738.3076923076922,795.8888888888889,0.14766153846153843,102.86890064667841,128.3671369782481,0.006195390303314103,1.0,1.0,1.0,13,8,2.2390767675243906,1,2.2390767675243906,False,False,False,True,0,659,19,0.4,0.3,0.3,balanced
1781489887536.4329,0.4,0.3,0.3,822.371921182266,840.1111111111111,0.1644743842364532,1722.3182746605794,1695.75807334428,0.1142307054476704,0.9173499655702103,0.9204301075268817,0.9173499655702103,11,8,2.1751460243421805,1,2.1751460243421805,False,False,False,True,0,660,19,0.4,0.3,0.3,balanced
1781489891057.628,0.4,0.3,0.3,793.4128728414441,868.6666666666666,0.15868257456828883,202.8395061728395,235.75984714873604,0.012864543440482955,0.9942812289751065,0.9960317460317462,0.9942812289751065,10,8,2.2309519758330714,1,2.2309519758330714,False,False,False,True,0,661,19,0.4,0.3,0.3,balanced
1781489894577.4,0.4,0.3,0.3,773.0816326530611,841.3333333333334,0.15461632653061222,104.71634332745442,128.32010582010582,0.006318635312038321,0.9900201838977349,0.9920634920634921,0.9900201838977349,11,8,2.233263933963464,0,2.233263933963464,False,False,False,True,0,662,19,0.4,0.3,0.3,balanced
1781489897797.738,0.4,0.3,0.3,739.397174254317,798.0,0.14787943485086338,99.91769547325103,132.5102880658436,0.005998512039576453,1.0,1.0,1.0,13,8,2.239048672447782,0,2.239048672447782,False,False,False,True,0,663,19,0.4,0.3,0.3,balanced
1781489901021.662,0.4,0.3,0.3,722.9120879120878,777.3333333333334,0.14458241758241758,144.1975308641975,175.7201646090535,0.008952470371193962,1.0,1.0,1.0,14,8,2.239481291855675,0,2.239481291855675,False,False,False,True,0,664,19,0.4,0.3,0.3,balanced
1781489904134.2559,0.4,0.3,0.3,701.6436420722133,749.1111111111111,0.14032872841444266,159.0681951793063,199.68253968253967,0.009944509351521434,1.0,1.0,1.0,16,8,2.2408851558287664,0,2.2408851558287664,False,False,False,True,0,665,19,0.4,0.3,0.3,balanced
1781489907250.767,0.4,0.3,0.3,691.6766091051804,736.4444444444445,0.13833532182103608,165.69370958259847,208.86243386243385,0.010386504975490225,1.0,1.0,1.0,17,8,2.2415499197789384,0,2.2415499197789384,False,False,False,True,0,666,19,0.4,0.3,0.3,balanced
1781489910280.207,0.4,0.3,0.3,676.2119309262165,716.1111111111111,0.1352423861852433,178.8021751910641,229.2989417989418,0.01126098566985084,0.9960192868356132,0.9960317460317462,0.9960192868356132,19,8,2.2413305358756315,0,2.2413305358756315,False,False,False,True,0,667,19,0.4,0.3,0.3,balanced
1781489916894.9941,0.4,0.3,0.3,669.5196232339089,707.7777777777778,0.13390392464678177,206.56746031746027,250.0,0.013113239514173466,1.0,1.0,1.0,20,8,2.2425044582870353,0,2.2425044582870353,False,False,False,True,0,668,19,0.4,0.3,0.3,balanced
1781489919908.477,0.4,0.3,0.3,660.4411302982732,695.1111111111111,0.13208822605965462,319.0693101421071,418.05707595937486,0.0206183662536429,0.9903005158107199,0.9920634920634921,0.9903005158107199,22,8,2.2380693544432613,0,2.2380693544432613,False,False,False,True,0,669,19,0.4,0.3,0.3,balanced
1781489922930.933,0.4,0.3,0.3,671.8335949764521,710.2222222222222,0.13436671899529043,156.9510582010582,201.24779541446208,0.009803272728556252,1.0,1.0,1.0,20,8,2.243312330583317,1,2.243312330583317,False,False,False,True,0,670,19,0.4,0.3,0.3,balanced
1781489926649.231,0.4,0.3,0.3,440.9638932496075,462.0,0.0881927786499215,139.5,174.5,0.008639092728485656,0.6703296703296703,0.6666666666666666,0.6703296703296703,22,8,2.1632300618203866,0,2.1632300618203866,False,False,False,True,0,671,19,0.4,0.3,0.3,balanced
1781489929573.718,0.4,0.3,0.3,654.7613814756672,687.5555555555555,0.13095227629513345,182.3713991769547,230.977366255144,0.011499092673579367,1.0,1.0,1.0,23,8,2.244169361679873,0,2.244169361679873,False,False,False,True,0,672,19,0.4,0.3,0.3,balanced
1781489932489.583,0.4,0.3,0.3,644.359497645212,675.2222222222222,0.12887189952904238,266.49250440917103,337.34420928865376,0.017110907565655174,1.0,1.0,1.0,25,8,2.2433179679186863,0,2.2433179679186863,False,False,False,True,0,673,19,0.4,0.3,0.3,balanced
1781489935406.934,0.4,0.3,0.3,654.2417582417582,687.6666666666666,0.13084835164835165,222.21781305114635,276.2110523221634,0.014157292398341985,1.0,1.0,1.0,23,8,2.2434134716211567,1,2.2434134716211567,False,False,False,True,0,674,19,0.4,0.3,0.3,balanced
1781489938431.7788,0.4,0.3,0.3,659.3987441130298,693.3333333333334,0.13187974882260597,192.40079365079364,239.72222222222223,0.012168165020066287,1.0,1.0,1.0,22,8,2.243597650964938,1,2.243597650964938,False,False,False,True,0,675,19,0.4,0.3,0.3,balanced
1781489941353.826,0.4,0.3,0.3,654.4065934065933,687.3333333333334,0.13088131868131866,181.5432098765432,225.84362139917695,0.011443843220583267,1.0,1.0,1.0,23,8,2.2442143195612974,0,2.2442143195612974,False,False,False,True,0,676,19,0.4,0.3,0.3,balanced
1781489944271.21,0.4,0.3,0.3,645.1193092621664,675.3333333333334,0.12902386185243328,195.8825690770135,252.06496178718402,0.012400438230621313,1.0,1.0,1.0,25,8,2.2446703237898404,0,2.2446703237898404,False,False,False,True,0,677,19,0.4,0.3,0.3,balanced
1781489947096.157,0.4,0.3,0.3,638.9811616954473,669.0,0.12779623233908946,226.84472934472933,287.4058246280469,0.014465959262490282,1.0,1.0,1.0,26,8,2.244541719285617,0,2.244541719285617,False,False,False,True,0,678,19,0.4,0.3,0.3,balanced
1781489953683.808,0.4,0.3,0.3,551.690737833595,578.6666666666666,0.110338147566719,223.55615292712068,289.547192353644,0.014246574578193508,0.8885400313971741,0.8888888888888888,0.8885400313971741,28,8,2.2181527780190065,0,2.2181527780190065,False,False,False,True,0,679,19,0.4,0.3,0.3,balanced
1781489956503.032,0.4,0.3,0.3,629.3783359497644,655.2222222222222,0.12587566718995288,301.3117283950617,384.5752498530276,0.019433737718149546,1.0,1.0,1.0,29,8,2.243819611808574,0,2.243819611808574,False,False,False,True,0,680,19,0.4,0.3,0.3,balanced
1781489959322.564,0.4,0.3,0.3,623.408163265306,647.2222222222222,0.1246816326530612,291.13462669018224,364.22398589065256,0.018754811653781338,1.0,1.0,1.0,32,8,2.244500903442641,0,2.244500903442641,False,False,False,True,0,681,19,0.4,0.3,0.3,balanced
1781489962142.9739,0.4,0.3,0.3,617.2951334379906,639.7777777777778,0.12345902668759812,292.9401822457378,389.70164609053495,0.018875262324598917,1.0,1.0,1.0,34,8,2.2449538106275813,0,2.2449538106275813,False,False,False,True,0,682,19,0.4,0.3,0.3,balanced
1781489964963.882,0.4,0.3,0.3,613.458398744113,635.3333333333334,0.1226916797488226,353.18709582598467,435.7186948853615,0.02289440265683687,1.0,1.0,1.0,35,8,2.24405500730342,0,2.24405500730342,False,False,False,True,0,683,19,0.4,0.3,0.3,balanced
1781489967789.448,0.4,0.3,0.3,611.8084772370487,632.2222222222222,0.12236169544740974,362.04438565549674,439.71928277483835,0.023485282565410055,1.0,1.0,1.0,37,8,2.244009737051413,0,2.244009737051413,False,False,False,True,0,684,19,0.4,0.3,0.3,balanced
1781489970614.765,0.4,0.3,0.3,608.8006279434851,629.6666666666666,0.12176012558869702,364.7619047619047,466.7857142857143,0.023666571365037005,1.0,1.0,1.0,38,8,2.2441959783550103,0,2.2441959783550103,False,False,False,True,0,685,19,0.4,0.3,0.3,balanced
1781489973332.0488,0.4,0.3,0.3,606.1130298273155,625.3333333333334,0.1212226059654631,414.551282051282,496.9025007913897,0.026988077521766643,1.0,1.0,1.0,40,8,2.2434145343572847,0,2.2434145343572847,False,False,False,True,0,686,19,0.4,0.3,0.3,balanced
1781489976051.72,0.4,0.3,0.3,603.1459968602825,621.7777777777778,0.12062919937205649,349.7883597883598,439.7912992357437,0.02266766909862307,1.0,1.0,1.0,41,8,2.2449480195215905,0,2.2449480195215905,False,False,False,True,0,687,19,0.4,0.3,0.3,balanced
1781489978772.595,0.4,0.3,0.3,603.8555729984301,623.3333333333334,0.12077111459968604,388.86537330981776,489.1504997060553,0.025274541248153287,1.0,1.0,1.0,40,8,2.2441091917856797,1,2.2441091917856797,False,False,False,True,0,688,19,0.4,0.3,0.3,balanced
1781489981493.884,0.4,0.3,0.3,604.6342229199372,623.1111111111111,0.12092684458398743,406.60420340975895,503.0437977660201,0.026457918839877182,1.0,1.0,1.0,41,8,2.243691886514442,0,2.243691886514442,False,False,False,True,0,689,19,0.4,0.3,0.3,balanced
1781489988203.75,0.4,0.3,0.3,603.4992150706436,621.3333333333334,0.12069984301412871,631.6471083382849,802.1137849079025,0.041470787747717466,0.752990851513019,0.80316091954023,0.752990851513019,43,8,2.165176081923939,0,2.165176081923939,False,False,False,True,0,690,19,0.4,0.3,0.3,balanced
1781489990928.13,0.4,0.3,0.3,600.9874411302983,618.4444444444445,0.12019748822605966,455.4122574955908,549.891240446796,0.02971395980624355,1.0,1.0,1.0,44,8,2.243006816767703,0,2.243006816767703,False,False,False,True,0,691,19,0.4,0.3,0.3,balanced
1781489993647.562,0.4,0.3,0.3,596.5227629513344,613.1111111111111,0.11930455259026687,444.5183360700602,541.9964422550629,0.028987213880591074,1.0,1.0,1.0,46,8,2.243582014799716,0,2.243582014799716,False,False,False,True,0,692,19,0.4,0.3,0.3,balanced
1781489996372.442,0.4,0.3,0.3,597.6891679748823,613.7777777777778,0.11953783359497645,445.26675485008815,559.3577307466196,0.029037141751173324,1.0,1.0,1.0,47,8,2.2434737240366576,0,2.2434737240366576,False,False,False,True,0,693,19,0.4,0.3,0.3,balanced
1781489999094.146,0.4,0.3,0.3,593.6797488226059,609.5555555555555,0.11873594976452119,493.59567901234567,600.7275132275131,0.03226121941376556,1.0,1.0,1.0,49,8,2.242827254270062,0,2.242827254270062,False,False,False,True,0,694,19,0.4,0.3,0.3,balanced
1781490001812.013,0.4,0.3,0.3,592.8383045525903,608.3333333333334,0.11856766091051807,525.6216931216932,667.6557907113463,0.03439771134901222,1.0,1.0,1.0,50,8,2.242253622231089,0,2.242253622231089,False,False,False,True,0,695,19,0.4,0.3,0.3,balanced
1781490040554.249,0.4,0.3,0.3,591.8979591836734,607.0,0.11837959183673467,409.4081828133552,509.7263273125341,0.026644975504560055,1.0,1.0,1.0,52,8,2.2446546706139383,0,2.2446546706139383,False,False,False,True,1,696,19,0.4,0.3,0.3,balanced
1781490043276.659,0.4,0.3,0.3,594.2135007849294,609.2222222222222,0.11884270015698586,518.049220539642,660.9711832796124,0.03389254306468592,0.9941690962099126,0.9960317460317459,0.9941690962099126,50,8,2.2405458858807736,1,2.2405458858807736,False,False,False,True,0,697,19,0.4,0.3,0.3,balanced
1781490082024.489,0.4,0.3,0.3,595.7708006279435,611.5555555555555,0.11915416012558869,507.37684729064034,627.4958949096881,0.033180576870623105,1.0,1.0,1.0,49,8,2.2423841628885777,1,2.2423841628885777,False,False,False,True,1,698,19,0.4,0.3,0.3,balanced
1781490084749.155,0.4,0.3,0.3,593.9481946624803,609.5555555555555,0.11878963893249607,492.9495073891625,632.6012588943623,0.032218112567655936,1.0,1.0,1.0,50,8,2.242818710656705,0,2.242818710656705,False,False,False,True,0,699,19,0.4,0.3,0.3,balanced
1781490087471.322,0.4,0.3,0.3,591.1852433281005,605.8888888888889,0.11823704866562008,504.3103448275862,624.5580186097427,0.03297600699316786,1.0,1.0,1.0,52,8,2.2428123784358016,0,2.2428123784358016,False,False,False,True,0,700,19,0.4,0.3,0.3,balanced
1781490090196.363,0.4,0.3,0.3,590.640502354788,605.3333333333334,0.1181281004709576,527.1647509578544,660.0656814449918,0.034500650497521976,1.0,1.0,1.0,53,8,2.2423985646623605,0,2.2423985646623605,False,False,False,True,0,701,19,0.4,0.3,0.3,balanced
1781490096399.505,0.4,0.3,0.3,588.4866562009419,602.1111111111111,0.11769733124018837,623.6838624338624,749.8177542621987,0.04093955052927701,1.0,1.0,1.0,55,8,2.2406392023451414,0,2.2406392023451414,False,False,False,True,0,702,19,0.4,0.3,0.3,balanced
1781490099019.095,0.4,0.3,0.3,587.3265306122448,600.8888888888889,0.11746530612244896,605.1734273956495,754.5326278659613,0.03970469829190457,1.0,1.0,1.0,56,8,2.241102468063449,0,2.241102468063449,False,False,False,True,0,703,19,0.4,0.3,0.3,balanced
1781490101634.356,0.4,0.3,0.3,585.6091051805337,598.5555555555555,0.11712182103610673,681.1948853615521,844.5179306290418,0.04477617647508687,0.9941690962099126,0.9960317460317459,0.9941690962099126,58,8,2.237969147506005,0,2.237969147506005,False,False,False,True,0,704,19,0.4,0.3,0.3,balanced
1781490104255.817,0.4,0.3,0.3,585.1177394034536,598.5555555555555,0.11702354788069072,596.0699588477366,695.1028806584362,0.03909739552019591,1.0,1.0,1.0,59,8,2.241461362191665,0,2.241461362191665,False,False,False,True,0,705,19,0.4,0.3,0.3,balanced
1781490106878.273,0.4,0.3,0.3,584.3186813186812,596.2222222222222,0.11686373626373625,592.1538800705466,734.8383303938859,0.038836149437661546,1.0,1.0,1.0,61,8,2.241603660663207,0,2.241603660663207,False,False,False,True,0,706,19,0.4,0.3,0.3,balanced
1781490109504.393,0.4,0.3,0.3,582.5494505494505,595.1111111111111,0.1165098901098901,602.6800411522634,754.6928277483834,0.03953836165125173,1.0,1.0,1.0,64,8,2.2415345354606684,0,2.2415345354606684,False,False,False,True,0,707,19,0.4,0.3,0.3,balanced
1781490112130.7239,0.4,0.3,0.3,580.8131868131868,593.0,0.11616263736263736,682.4000587889476,811.6460905349793,0.04485657496924267,1.0,1.0,1.0,65,8,2.240077972564172,0,2.240077972564172,False,False,False,True,0,708,19,0.4,0.3,0.3,balanced
1781490114758.099,0.4,0.3,0.3,582.359497645212,594.1111111111111,0.11647189952904238,643.32991242474,780.7471264367816,0.0422501609356064,1.0,1.0,1.0,64,8,2.2407361919077013,1,2.2407361919077013,False,False,False,True,0,709,19,0.4,0.3,0.3,balanced
1781490117482.189,0.4,0.3,0.3,584.8869701726844,597.3333333333334,0.11697739403453689,647.3058190922176,762.5062843357862,0.04251539820495114,0.996156552806799,0.9961685823754789,0.996156552806799,61,8,2.2393013887667395,1,2.2393013887667395,False,False,False,True,0,710,19,0.4,0.3,0.3,balanced
1781490120106.181,0.4,0.3,0.3,585.2841444270015,598.2222222222222,0.1170568288854003,504.9610523221634,606.713697824809,0.033019416432432516,1.0,1.0,1.0,59,8,2.24327144351611,1,2.24327144351611,False,False,False,True,0,711,19,0.4,0.3,0.3,balanced
1781490122729.5461,0.4,0.3,0.3,583.0847723704866,596.2222222222222,0.11661695447409731,583.9873603762493,710.7995296884185,0.03829135159281183,1.0,1.0,1.0,61,8,2.2418658127325175,0,2.2418658127325175,False,False,False,True,0,712,19,0.4,0.3,0.3,balanced
1781490125347.709,0.4,0.3,0.3,582.1350078492935,594.2222222222222,0.1164270015698587,607.0539388594945,725.380658436214,0.039830149356870875,1.0,1.0,1.0,64,8,2.241480154564995,0,2.241480154564995,False,False,False,True,0,713,19,0.4,0.3,0.3,balanced
1781490131549.3071,0.4,0.3,0.3,582.7833594976452,594.6666666666666,0.11655667189952904,568.1319811875367,692.3295120517342,0.03723362115994241,1.0,1.0,1.0,65,8,2.2422072448922057,0,2.2422072448922057,False,False,False,True,0,714,19,0.4,0.3,0.3,balanced
1781490134172.983,0.4,0.3,0.3,581.3233908948195,592.8888888888889,0.1162646781789639,549.5267489711933,689.72810111699,0.035992444894676005,1.0,1.0,1.0,67,8,2.242696395260012,0,2.242696395260012,False,False,False,True,0,715,19,0.4,0.3,0.3,balanced
1781490136787.078,0.4,0.3,0.3,579.2260596546311,591.4444444444445,0.11584521193092621,673.2716049382716,785.7025279247501,0.04424760539948443,1.0,1.0,1.0,68,8,2.240387633607784,0,2.240387633607784,False,False,False,True,0,716,19,0.4,0.3,0.3,balanced
1781490139409.2761,0.4,0.3,0.3,578.2291993720564,590.0,0.11564583987441128,563.8249559082892,703.3833039388595,0.03694629459027947,1.0,1.0,1.0,67,8,2.242657775673152,1,2.242657775673152,False,False,False,True,0,717,19,0.4,0.3,0.3,balanced
1781490142034.384,0.4,0.3,0.3,582.4819466248038,594.4444444444445,0.11649638932496074,535.3561253561254,682.6938904716683,0.035047106428027046,1.0,1.0,1.0,65,8,2.2428873123416078,1,2.2428873123416078,False,False,False,True,0,718,19,0.4,0.3,0.3,balanced
1781490144658.3682,0.4,0.3,0.3,580.5321821036106,592.8888888888889,0.11610643642072212,601.9341563786007,722.0164609053498,0.0394886028271248,1.0,1.0,1.0,64,8,2.2417108445835736,1,2.2417108445835736,False,False,False,True,0,719,19,0.4,0.3,0.3,balanced
1781490147381.085,0.4,0.3,0.3,584.3139717425431,596.6666666666666,0.11686279434850862,611.9672251616695,747.2619047619047,0.04015792029097195,0.9960192868356132,0.9960317460317462,0.9960192868356132,61,8,2.240013292223989,1,2.240013292223989,False,False,False,True,0,720,19,0.4,0.3,0.3,balanced
1781490150000.8599,0.4,0.3,0.3,581.5368916797488,594.7777777777778,0.11630737833594976,608.1275720164608,756.0905349794239,0.03990177264953041,1.0,1.0,1.0,64,8,2.241506516870761,0,2.241506516870761,False,False,False,True,0,721,19,0.4,0.3,0.3,balanced
1781490152623.198,0.4,0.3,0.3,583.3877551020407,596.1111111111111,0.11667755102040815,669.6375435264323,821.5257993035771,0.044005173017106894,1.0,1.0,1.0,61,8,2.2401274276867045,1,2.2401274276867045,False,False,False,True,0,722,19,0.4,0.3,0.3,balanced
1781490155245.992,0.4,0.3,0.3,585.4740973312402,599.2222222222222,0.11709481946624803,591.1111111111111,727.6954732510288,0.03876658513082796,1.0,1.0,1.0,59,8,2.2415320966742525,1,2.2415320966742525,False,False,False,True,0,723,19,0.4,0.3,0.3,balanced
1781490157971.105,0.4,0.3,0.3,585.2574568288853,598.8888888888889,0.11705149136577707,516.9382868089764,620.5815544608647,0.0338184314082039,1.0,1.0,1.0,58,8,2.243033874031228,1,2.243033874031228,False,False,False,True,0,724,19,0.4,0.3,0.3,balanced
1781490160786.349,0.4,0.3,0.3,498.6373626373626,540.3333333333334,0.09972747252747252,499.0,587.979689366786,0.032621747831887926,0.8367346938775511,0.8888888888888888,0.8367346938775511,56,8,2.20134289480271,1,2.20134289480271,False,False,False,True,0,725,19,0.4,0.3,0.3,balanced
1781490163409.584,0.4,0.3,0.3,588.3846153846152,602.8888888888889,0.11767692307692305,531.9911364355809,665.0585628363406,0.03482262417849105,1.0,1.0,1.0,55,8,2.2424824435156836,1,2.2424824435156836,False,False,False,True,0,726,19,0.4,0.3,0.3,balanced
1781490169615.8381,0.4,0.3,0.3,589.0957613814757,602.1111111111111,0.11781915227629514,546.0169357391579,666.6429249762583,0.035758301250110605,0.9940694226408512,0.9958847736625513,0.9940694226408512,56,8,2.240365675506704,0,2.240365675506704,False,False,False,True,0,727,19,0.4,0.3,0.3,balanced
1781490175136.421,0.4,0.3,0.3,201.13971742543168,201.55555555555554,0.040227943485086334,179.00548696844993,212.38683127572017,0.011274548830450296,0.34065934065934067,0.3333333333333333,0.34065934065934067,55,8,2.0827242601546327,1,2.0827242601546327,False,False,False,True,0,728,19,0.4,0.3,0.3,balanced
1781490177854.6792,0.4,0.3,0.3,591.3186813186812,605.5555555555555,0.11826373626373625,558.9853585112205,693.8286808976464,0.036623439527099434,1.0,1.0,1.0,53,8,2.241707473636376,1,2.241707473636376,False,False,False,True,0,729,19,0.4,0.3,0.3,balanced
1781490181582.3628,0.4,0.3,0.3,272.0251177394034,345.3333333333333,0.05440502354788068,330.02267573696145,351.7460317460317,0.021349077767642523,0.44897959183673464,0.5555555555555556,0.44897959183673464,52,8,2.1065271448015754,1,2.1065271448015754,False,False,False,True,0,730,19,0.4,0.3,0.3,balanced
1781490184302.9421,0.4,0.3,0.3,593.1915227629512,609.2222222222222,0.11863830455259024,543.7896825396825,676.8650793650793,0.03560971864841111,1.0,1.0,1.0,50,8,2.2418617625844406,1,2.2418617625844406,False,False,False,True,0,731,19,0.4,0.3,0.3,balanced
1781490187026.166,0.4,0.3,0.3,595.5949764521192,611.8888888888889,0.11911899529042384,498.35758377425043,616.3256907701352,0.032578891512625115,1.0,1.0,1.0,49,8,2.242578734430043,1,2.242578734430043,False,False,False,True,0,732,19,0.4,0.3,0.3,balanced
1781490189749.85,0.4,0.3,0.3,591.9183673469387,607.4444444444445,0.11838367346938773,528.2697044334975,659.3062397372742,0.034574363204369414,1.0,1.0,1.0,50,8,2.242274221650934,0,2.242274221650934,False,False,False,True,0,733,19,0.4,0.3,0.3,balanced
1781490192472.879,0.4,0.3,0.3,594.9576138147567,610.7777777777778,0.11899152276295133,8587.589653145209,8666.94885361552,0.5722207907368385,0.9941690962099126,0.9960317460317459,0.9941690962099126,49,8,2.0789878825367416,1,2.0789878825367416,False,False,False,True,0,734,19,0.4,0.3,0.3,balanced
1781490195599.9019,0.4,0.3,0.3,434.83516483516485,476.6666666666667,0.08696703296703297,365.8475141808475,412.992992992993,0.02373899360779503,0.7284144427001569,0.7777777777777778,0.7284144427001569,50,8,2.1766158215408953,0,2.1766158215408953,False,False,False,True,0,735,19,0.4,0.3,0.3,balanced
1781490198319.029,0.4,0.3,0.3,593.8618524332809,610.0,0.11877237048665618,505.17378215654077,592.3440065681446,0.033033607882357624,1.0,1.0,1.0,49,8,2.2425809694406302,1,2.2425809694406302,False,False,False,True,0,736,19,0.4,0.3,0.3,balanced
1781490204628.222,0.4,0.3,0.3,596.8587127158555,613.8888888888889,0.11937174254317111,463.18212917350843,582.3727422003284,0.030232296809440187,1.0,1.0,1.0,47,8,2.2431816139398997,1,2.2431816139398997,False,False,False,True,0,737,19,0.4,0.3,0.3,balanced
1781490207349.194,0.4,0.3,0.3,595.2715855572998,611.8888888888889,0.11905431711145996,529.6252204585538,651.3639035861257,0.03466479122472007,1.0,1.0,1.0,47,8,2.241978835788,2,2.241978835788,False,False,False,True,0,738,19,0.4,0.3,0.3,balanced
1781490210074.03,0.4,0.3,0.3,596.98273155416,613.7777777777778,0.11939654631083199,413.59879584017517,500.33251231527095,0.026924536080065054,1.0,1.0,1.0,46,8,2.2441640206516476,1,2.2441640206516476,False,False,False,True,0,739,19,0.4,0.3,0.3,balanced
1781490212796.04,0.4,0.3,0.3,596.2841444270015,611.8888888888889,0.11925682888540029,419.7105911330049,497.3645320197045,0.027332260916144425,1.0,1.0,1.0,47,8,2.2440975901709965,0,2.2440975901709965,False,False,False,True,0,740,19,0.4,0.3,0.3,balanced
1781490215519.8281,0.4,0.3,0.3,597.1145996860282,613.7777777777778,0.11942291993720565,452.17980295566497,548.1787082649151,0.029498319076428615,1.0,1.0,1.0,46,8,2.243381336302189,1,2.243381336302189,False,False,False,True,0,741,19,0.4,0.3,0.3,balanced
1781490218240.494,0.4,0.3,0.3,598.662480376766,616.4444444444445,0.1197324960753532,365.03821281599056,443.1731334509112,0.02368500419052639,1.0,1.0,1.0,44,8,2.245001500312701,1,2.245001500312701,False,False,False,True,0,742,19,0.4,0.3,0.3,balanced
1781490220962.97,0.4,0.3,0.3,601.8445839874411,619.7777777777778,0.12036891679748822,421.7239858906525,525.758377425044,0.02746657677722832,1.0,1.0,1.0,43,8,2.243612460247836,1,2.243612460247836,False,False,False,True,0,743,19,0.4,0.3,0.3,balanced
1781490223684.762,0.4,0.3,0.3,600.7362637362637,618.7777777777778,0.12014725274725274,434.31437389770724,522.8777189888301,0.028306495923796346,1.0,1.0,1.0,43,8,2.24344915012396,2,2.24344915012396,False,False,False,True,0,744,19,0.4,0.3,0.3,balanced
1781490226409.1138,0.4,0.3,0.3,603.5447409733123,622.4444444444445,0.12070894819466246,390.24103468547906,471.1507936507937,0.02536631318782382,1.0,1.0,1.0,41,8,2.244106526765788,1,2.244106526765788,False,False,False,True,0,745,19,0.4,0.3,0.3,balanced
1781490229132.5222,0.4,0.3,0.3,605.2841444270015,624.4444444444445,0.1210568288854003,418.05238999683445,519.6438746438747,0.027221640426740124,1.0,1.0,1.0,40,8,2.243410776317818,1,2.243410776317818,False,False,False,True,0,746,19,0.4,0.3,0.3,balanced
1781490231858.953,0.4,0.3,0.3,607.4678178963893,627.7777777777778,0.12149356357927786,340.4989711934156,422.9232804232804,0.022047963388486698,1.0,1.0,1.0,38,8,2.2447881855517426,1,2.2447881855517426,False,False,False,True,0,747,19,0.4,0.3,0.3,balanced
1781490234681.3892,0.4,0.3,0.3,611.2072213500785,631.5555555555555,0.1222414442700157,310.19841269841265,391.1111111111111,0.02002657856560458,1.0,1.0,1.0,37,8,2.2450954487223123,1,2.2450954487223123,False,False,False,True,0,748,19,0.4,0.3,0.3,balanced
1781490241087.831,0.4,0.3,0.3,608.4882260596546,628.2222222222222,0.12169764521193092,349.16187739463606,419.0462506841817,0.022625875743471385,1.0,1.0,1.0,38,8,2.244533179192186,0,2.244533179192186,False,False,False,True,0,749,19,0.4,0.3,0.3,balanced
1781490243909.848,0.4,0.3,0.3,608.9701726844584,630.0,0.12179403453689167,315.7525998905309,383.3935413245758,0.020397104729188188,1.0,1.0,1.0,37,8,2.245163254766487,1,2.245163254766487,False,False,False,True,0,750,19,0.4,0.3,0.3,balanced
1781490246733.249,0.4,0.3,0.3,614.2291993720565,635.4444444444445,0.1228458398744113,295.6513409961686,371.2219485495347,0.019056126817622986,1.0,1.0,1.0,35,8,2.2451448260049487,1,2.2451448260049487,False,False,False,True,0,751,19,0.4,0.3,0.3,balanced
1781490249554.252,0.4,0.3,0.3,615.6891679748823,638.2222222222222,0.12313783359497645,297.5440917107583,366.8018812463257,0.019182394376968535,1.0,1.0,1.0,34,8,2.244990148248919,1,2.244990148248919,False,False,False,True,0,752,19,0.4,0.3,0.3,balanced
1781490252374.0,0.4,0.3,0.3,620.7770800627943,644.6666666666666,0.12415541601255886,272.96590241034687,343.6184597295709,0.0175427553309104,1.0,1.0,1.0,32,8,2.2450750069957035,1,2.2450750069957035,False,False,False,True,0,753,19,0.4,0.3,0.3,balanced
1781490255399.7012,0.4,0.3,0.3,541.934065934066,596.2222222222222,0.1083868131868132,231.42532855436082,267.77060931899643,0.014771536261131476,0.8367346938775511,0.8888888888888888,0.8367346938775511,29,8,2.2032342220102006,1,2.2032342220102006,False,False,False,True,0,754,19,0.4,0.3,0.3,balanced
1781490258213.65,0.4,0.3,0.3,632.8053375196231,659.8888888888889,0.12656106750392462,241.18312757201645,305.61728395061726,0.015422490164911037,1.0,1.0,1.0,28,8,2.2447488259489567,1,2.2447488259489567,False,False,False,True,0,755,19,0.4,0.3,0.3,balanced
1781490261038.1829,0.4,0.3,0.3,629.1051805337519,655.4444444444445,0.12582103610675038,247.5786302175191,307.34714873603764,0.01584914144212936,1.0,1.0,1.0,29,8,2.244916843124661,0,2.244916843124661,False,False,False,True,0,756,19,0.4,0.3,0.3,balanced
1781490263856.636,0.4,0.3,0.3,632.1915227629513,659.3333333333334,0.12643830455259025,246.8993352326686,305.6062044950934,0.015803824898777092,1.0,1.0,1.0,28,8,2.244683530709331,1,2.244683530709331,False,False,False,True,0,757,19,0.4,0.3,0.3,balanced
1781490266679.017,0.4,0.3,0.3,630.4945054945055,656.3333333333334,0.1260989010989011,260.6540270429159,323.831569664903,0.016721416080247894,1.0,1.0,1.0,29,8,2.2445440147363653,0,2.2445440147363653,False,False,False,True,0,758,19,0.4,0.3,0.3,balanced
1781490269498.407,0.4,0.3,0.3,630.2857142857142,657.3333333333334,0.12605714285714284,253.42750870528647,308.0072807850586,0.01623932679821791,1.0,1.0,1.0,28,8,2.2447053448176773,1,2.2447053448176773,False,False,False,True,0,759,19,0.4,0.3,0.3,balanced
1781490275899.589,0.4,0.3,0.3,629.0156985871271,655.4444444444445,0.1258031397174254,231.2662234884457,281.71889838556507,0.014760922180683502,1.0,1.0,1.0,29,8,2.245250467458825,0,2.245250467458825,False,False,False,True,0,760,19,0.4,0.3,0.3,balanced
1781490278715.548,0.4,0.3,0.3,630.6938775510205,658.2222222222222,0.12613877551020408,257.37948265726044,314.10787771898885,0.016502967488809903,1.0,1.0,1.0,28,8,2.244593599549275,1,2.244593599549275,False,False,False,True,0,761,19,0.4,0.3,0.3,balanced
1781490281535.964,0.4,0.3,0.3,638.6232339089481,667.5555555555555,0.12772464678178963,265.0529100529101,326.8018812463257,0.017014870583916618,1.0,1.0,1.0,26,8,2.2438056801121093,1,2.2438056801121093,False,False,False,True,0,762,19,0.4,0.3,0.3,balanced
1781490284357.827,0.4,0.3,0.3,642.8116169544741,673.1111111111111,0.12856232339089482,226.9753086419753,281.1934156378601,0.014474670356369266,1.0,1.0,1.0,25,8,2.244232669536731,1,2.244232669536731,False,False,False,True,0,763,19,0.4,0.3,0.3,balanced
1781490287278.937,0.4,0.3,0.3,639.142857142857,668.2222222222222,0.1278285714285714,237.4044679600235,292.46472663139326,0.015170411471649334,1.0,1.0,1.0,26,8,2.2443174479870764,0,2.2443174479870764,False,False,False,True,0,764,19,0.4,0.3,0.3,balanced
1781490290203.482,0.4,0.3,0.3,644.3045525902668,674.7777777777778,0.12886091051805335,220.7480893592005,273.18930041152265,0.014059245454249532,0.9958510876878224,0.9960317460317462,0.9958510876878224,25,8,2.2429931884628505,1,2.2429931884628505,False,False,False,True,0,765,19,0.4,0.3,0.3,balanced
1781490293321.1929,0.4,0.3,0.3,642.0989010989011,671.0,0.12841978021978023,413.2885304659498,404.9044205495818,0.026903837923011997,0.9558555729984302,0.9155555555555556,0.9558555729984302,26,8,2.2273176084347135,0,2.2273176084347135,False,False,False,True,0,766,19,0.4,0.3,0.3,balanced
1781490296242.962,0.4,0.3,0.3,644.9293563579278,675.2222222222222,0.12898587127158556,191.2308935920047,238.98883009994117,0.012090119652568692,1.0,1.0,1.0,25,8,2.244778615595595,1,2.244778615595595,False,False,False,True,0,767,19,0.4,0.3,0.3,balanced
1781490299169.466,0.4,0.3,0.3,646.6640502354788,676.1111111111111,0.12933281004709576,211.9433704155926,274.26536426536427,0.013471872609445804,0.9859397971642869,0.9879482657260437,0.9859397971642869,25,8,2.240007253347614,2,2.240007253347614,False,False,False,True,0,768,19,0.4,0.3,0.3,balanced
1781490302096.3289,0.4,0.3,0.3,652.978021978022,686.0,0.1305956043956044,178.939594356261,227.7145796590241,0.011270153059123484,1.0,1.0,1.0,23,8,2.244380712324021,1,2.244380712324021,False,False,False,True,0,769,19,0.4,0.3,0.3,balanced
1781490305117.476,0.4,0.3,0.3,653.6436420722134,686.1111111111111,0.1307287284144427,614.8515325670498,697.9378762999453,0.04035033572828885,0.996156552806799,0.9961685823754789,0.996156552806799,23,8,2.234450373757776,2,2.234450373757776,False,False,False,True,0,770,19,0.4,0.3,0.3,balanced
1781490311625.501,0.4,0.3,0.3,658.6781789638933,692.6666666666666,0.13173563579277867,164.34947768281103,214.5789806900918,0.01029682973200874,1.0,1.0,1.0,22,8,2.244216696763286,1,2.244216696763286,False,False,False,True,0,771,19,0.4,0.3,0.3,balanced
1781490314638.511,0.4,0.3,0.3,670.5777080062794,708.6666666666666,0.13411554160125588,169.77586713697823,227.0252792475015,0.01065883036270702,1.0,1.0,1.0,20,8,2.2431561342506856,1,2.2431561342506856,False,False,False,True,0,772,19,0.4,0.3,0.3,balanced
1781490317655.508,0.4,0.3,0.3,677.1962323390894,717.1111111111111,0.13543924646781788,136.11772486772486,176.23456790123456,0.008413457296045687,1.0,1.0,1.0,19,8,2.243300264224059,1,2.243300264224059,False,False,False,True,0,773,19,0.4,0.3,0.3,balanced
1781490320784.118,0.4,0.3,0.3,693.6875981161695,738.1111111111111,0.1387375196232339,122.6190476190476,157.02380952380952,0.007512945138028526,1.0,1.0,1.0,17,8,2.242251108609298,1,2.242251108609298,False,False,False,True,0,774,19,0.4,0.3,0.3,balanced
1781490323802.632,0.4,0.3,0.3,678.4191522762951,718.1111111111111,0.13568383045525903,160.7554379776602,197.80129335684893,0.010057067243339572,1.0,1.0,1.0,19,8,2.2427093476448947,0,2.2427093476448947,False,False,False,True,0,775,19,0.4,0.3,0.3,balanced
1781490326926.019,0.4,0.3,0.3,692.3343799058084,736.3333333333334,0.1384668759811617,137.4206349206349,164.60317460317458,0.00850037591198365,1.0,1.0,1.0,17,8,2.24206313683394,1,2.24206313683394,False,False,False,True,0,776,19,0.4,0.3,0.3,balanced
1781490330040.574,0.4,0.3,0.3,702.0565149136578,748.8888888888889,0.14041130298273155,137.23030570252791,168.54203409758964,0.008487678832723677,1.0,1.0,1.0,16,8,2.2412891751570903,1,2.2412891751570903,False,False,False,True,0,777,19,0.4,0.3,0.3,balanced
1781490333264.118,0.4,0.3,0.3,725.1177394034536,778.8888888888889,0.14502354788069072,184.01234567901233,235.39094650205763,0.011608562086658595,1.0,1.0,1.0,14,8,2.2385080122217262,1,2.2385080122217262,False,False,False,True,0,778,19,0.4,0.3,0.3,balanced
1781490336588.564,0.4,0.3,0.3,736.4348508634222,794.0,0.14728697017268444,145.95238095238096,179.56349206349208,0.009069538422440357,1.0,1.0,1.0,13,8,2.238364350404194,1,2.238364350404194,False,False,False,True,0,779,19,0.4,0.3,0.3,balanced
1781490340109.0,0.4,0.3,0.3,773.3265306122448,842.1111111111111,0.15466530612244897,932.7641331281178,1068.5191539693456,0.06155864797385709,0.9804328324736487,0.9841269841269842,0.9804328324736487,11,8,2.213796132900958,1,2.213796132900958,False,False,False,True,0,780,19,0.4,0.3,0.3,balanced
1781490347221.215,0.4,0.3,0.3,796.8116169544741,871.2222222222222,0.15936232339089482,114.90814226925336,143.55820105820106,0.006998541845847456,1.0,1.0,1.0,10,8,2.234155508089888,1,2.234155508089888,False,False,False,True,0,781,19,0.4,0.3,0.3,balanced
1781490350639.6,0.4,0.3,0.3,774.0596546310832,842.4444444444445,0.15481193092621665,122.12522045855378,154.60170487948264,0.007480001364813462,1.0,1.0,1.0,11,8,2.235831227220069,0,2.235831227220069,False,False,False,True,0,782,19,0.4,0.3,0.3,balanced
1781490353961.79,0.4,0.3,0.3,739.2354788069073,797.3333333333334,0.14784709576138147,135.67460317460316,171.5079365079365,0.008383896142401813,1.0,1.0,1.0,13,8,2.238345992852727,0,2.238345992852727,False,False,False,True,0,783,19,0.4,0.3,0.3,balanced
1781490357178.407,0.4,0.3,0.3,722.6766091051804,776.2222222222222,0.1445353218210361,107.53453850676074,133.342151675485,0.006506640327335607,1.0,1.0,1.0,14,8,2.2402338791733847,0,2.2402338791733847,False,False,False,True,0,784,19,0.4,0.3,0.3,balanced
1781490360300.832,0.4,0.3,0.3,700.469387755102,746.4444444444445,0.1400938775510204,252.38999683444126,270.0854700854701,0.01617011319776126,1.0,1.0,1.0,16,8,2.2391114150202633,0,2.2391114150202633,False,False,False,True,0,785,19,0.4,0.3,0.3,balanced
1781490363418.7268,0.4,0.3,0.3,693.3846153846152,737.6666666666666,0.13867692307692306,120.00146972369195,153.1760728982951,0.007338323530599863,1.0,1.0,1.0,17,8,2.242327733710051,0,2.242327733710051,False,False,False,True,0,786,19,0.4,0.3,0.3,balanced
1781490366442.497,0.4,0.3,0.3,677.3092621664049,717.0,0.135461852433281,144.19973544973544,181.21840094062316,0.008952617441610102,1.0,1.0,1.0,19,8,2.2431294737942045,0,2.2431294737942045,False,False,False,True,0,787,19,0.4,0.3,0.3,balanced
1781490369466.5051,0.4,0.3,0.3,670.712715855573,707.7777777777778,0.1341425431711146,166.38934501003467,211.15124977193943,0.010432911608407917,1.0,1.0,1.0,20,8,2.243213109249032,0,2.243213109249032,False,False,False,True,0,788,19,0.4,0.3,0.3,balanced
1781490372381.276,0.4,0.3,0.3,660.105180533752,693.3333333333334,0.1320210361067504,215.47398589065253,273.2657260435038,0.01370740399537375,1.0,1.0,1.0,22,8,2.243079364358688,0,2.243079364358688,False,False,False,True,0,789,19,0.4,0.3,0.3,balanced
1781490375295.97,0.4,0.3,0.3,653.2119309262166,686.0,0.13064238618524332,214.24676660787773,273.0364491475603,0.013625534797056553,1.0,1.0,1.0,23,8,2.2436553850867855,0,2.2436553850867855,False,False,False,True,0,790,19,0.4,0.3,0.3,balanced
1781490378209.398,0.4,0.3,0.3,644.2574568288853,674.3333333333334,0.12885149136577706,222.24206349206347,285.57760141093473,0.01415891017291951,1.0,1.0,1.0,25,8,2.244211730401813,0,2.244211730401813,False,False,False,True,0,791,19,0.4,0.3,0.3,balanced
1781490384713.867,0.4,0.3,0.3,639.4631083202511,668.2222222222222,0.12789262166405022,266.4511494252873,333.78626163108925,0.017108148727504158,1.0,1.0,1.0,26,8,2.2437105067161287,0,2.2437105067161287,False,False,False,True,0,792,19,0.4,0.3,0.3,balanced
1781490387538.306,0.4,0.3,0.3,634.2323390894819,661.2222222222222,0.12684646781789638,244.86699000587888,314.3885949441505,0.015668244830278778,1.0,1.0,1.0,28,8,2.244560939423758,0,2.244560939423758,False,False,False,True,0,793,19,0.4,0.3,0.3,balanced
1781490390358.605,0.4,0.3,0.3,630.2731554160125,655.5555555555555,0.1260546310832025,276.1199294532627,339.864785420341,0.017753164072932804,1.0,1.0,1.0,29,8,2.244252198344839,0,2.244252198344839,False,False,False,True,0,794,19,0.4,0.3,0.3,balanced
1781490393180.198,0.4,0.3,0.3,621.7441130298273,645.7777777777778,0.12434882260596546,286.22605363984667,360.78954570333883,0.01842735514608717,1.0,1.0,1.0,32,8,2.2447322644137877,0,2.2447322644137877,False,False,False,True,0,795,19,0.4,0.3,0.3,balanced
1781490396007.854,0.4,0.3,0.3,617.513343799058,640.4444444444445,0.1235026687598116,306.08318636096413,386.5358612580835,0.019752047122145705,1.0,1.0,1.0,34,8,2.244673318359432,0,2.244673318359432,False,False,False,True,0,796,19,0.4,0.3,0.3,balanced
1781490398828.0388,0.4,0.3,0.3,615.3908948194662,636.7777777777778,0.12307817896389324,324.82406393804865,412.8584098603256,0.021002272444166022,1.0,1.0,1.0,35,8,2.244468046681193,0,2.244468046681193,False,False,False,True,0,797,19,0.4,0.3,0.3,balanced
1781490401554.8042,0.4,0.3,0.3,612.3249607535322,633.0,0.12246499215070644,303.8018360240582,393.20512820512823,0.019599855638696345,1.0,1.0,1.0,37,8,2.2451340464481087,0,2.2451340464481087,False,False,False,True,0,798,19,0.4,0.3,0.3,balanced
1781490404279.6162,0.4,0.3,0.3,613.557299843014,633.8888888888889,0.1227114599686028,312.9284244562022,405.00440917107585,0.020208700764256318,1.0,1.0,1.0,37,8,2.244852805783282,2,2.244852805783282,False,False,False,True,0,799,19,0.4,0.3,0.3,balanced
1781490406997.6348,0.4,0.3,0.3,612.6938775510204,633.2222222222222,0.12253877551020408,334.01528512639624,415.9817754262198,0.02161542929462283,1.0,1.0,1.0,37,8,2.2444998610075313,2,2.2444998610075313,False,False,False,True,0,800,19,0.4,0.3,0.3,balanced
1781490409719.378,0.4,0.3,0.3,609.4144427001569,629.5555555555555,0.12188288854003138,346.7482363315697,429.5047031158142,0.022464858994767824,1.0,1.0,1.0,38,8,2.244507386885557,0,2.244507386885557,False,False,False,True,0,801,19,0.4,0.3,0.3,balanced
1781490412439.039,0.4,0.3,0.3,607.5211930926215,625.7777777777778,0.1215042386185243,382.91960611405057,476.9503233392122,0.024877892335827257,1.0,1.0,1.0,40,8,2.243934936851842,0,2.243934936851842,False,False,False,True,0,802,19,0.4,0.3,0.3,balanced
1781490418844.2532,0.4,0.3,0.3,605.8053375196232,624.7777777777778,0.12116106750392464,852.8535192280403,948.8511828741713,0.056227719761710496,0.9766164518099776,0.9767378215654079,0.9766164518099776,41,8,2.2276521926129105,0,2.2276521926129105,False,False,False,True,0,803,19,0.4,0.3,0.3,balanced
1781490425774.08,0.4,0.3,0.3,608.2715855572998,630.2222222222222,0.12165431711145995,2353.8887876205986,2636.50236040961,0.15636349483793185,0.3096548285470319,0.3051466712027586,0.3096548285470319,43,8,1.9973256732681461,0,1.9973256732681461,False,False,False,True,0,804,19,0.4,0.3,0.3,balanced
1781490428488.426,0.4,0.3,0.3,600.4897959183673,617.5555555555555,0.12009795918367347,428.8492063492063,546.5079365079365,0.027941908362188548,1.0,1.0,1.0,44,8,2.243578243817874,0,2.243578243817874,False,False,False,True,0,805,19,0.4,0.3,0.3,balanced
1781490431203.5042,0.4,0.3,0.3,598.6326530612243,615.5555555555555,0.11972653061224486,483.8095238095238,588.0952380952381,0.031608373836525934,1.0,1.0,1.0,46,8,2.2426268756041443,0,2.2426268756041443,False,False,False,True,0,806,19,0.4,0.3,0.3,balanced
1781490433926.826,0.4,0.3,0.3,601.0941915227629,618.1111111111111,0.12021883830455259,441.39182833627274,541.2198706643152,0.028778640983073565,1.0,1.0,1.0,44,8,2.243278872383257,1,2.243278872383257,False,False,False,True,0,807,19,0.4,0.3,0.3,balanced
1781490436647.1702,0.4,0.3,0.3,602.6907378335949,620.3333333333334,0.12053814756671898,416.60714285714283,511.23309817754256,0.027125226341370434,1.0,1.0,1.0,43,8,2.2436471730709013,1,2.2436471730709013,False,False,False,True,0,808,19,0.4,0.3,0.3,balanced
1781490439370.71,0.4,0.3,0.3,600.0235478806907,617.5555555555555,0.12000470957613814,407.60949441504994,507.61316872427983,0.02652498294963642,0.9942812289751065,0.9960317460317462,0.9942812289751065,44,8,2.2423249899771855,0,2.2423249899771855,False,False,False,True,0,809,19,0.4,0.3,0.3,balanced
1781490442496.3838,0.4,0.3,0.3,490.1145996860282,472.44444444444446,0.09802291993720565,372.92296918767505,492.1633986928104,0.02421100528270014,0.8304552590266876,0.7777777777777778,0.8304552590266876,46,8,2.202664108148314,0,2.202664108148314,False,False,False,True,0,810,19,0.4,0.3,0.3,balanced
1781490445220.623,0.4,0.3,0.3,598.1962323390895,615.0,0.1196392464678179,471.8534391534391,580.3088771310994,0.030810769790089336,1.0,1.0,1.0,47,8,2.242901070475846,0,2.242901070475846,False,False,False,True,0,811,19,0.4,0.3,0.3,balanced
1781490447942.2742,0.4,0.3,0.3,594.5572998430142,610.2222222222222,0.11891145996860285,499.4027093596059,616.6502463054188,0.03264861303266217,1.0,1.0,1.0,49,8,2.24264083210276,0,2.24264083210276,False,False,False,True,0,812,19,0.4,0.3,0.3,balanced
1781490454658.0789,0.4,0.3,0.3,434.7001569858713,477.0,0.08694003139717425,405.3218694885361,471.95767195767195,0.02637237288115651,0.7284144427001569,0.7777777777777778,0.7284144427001569,50,8,2.1758366083868306,0,2.1758366083868306,False,False,False,True,0,813,19,0.4,0.3,0.3,balanced
1781490457376.678,0.4,0.3,0.3,592.2323390894819,607.2222222222222,0.11844646781789638,450.7738095238096,551.1904761904761,0.029404523650687762,1.0,1.0,1.0,52,8,2.243800055777635,0,2.243800055777635,False,False,False,True,0,814,19,0.4,0.3,0.3,balanced
1781490460101.737,0.4,0.3,0.3,590.1083202511774,605.1111111111111,0.11802166405023547,489.15858318636094,600.9273956496179,0.03196521568955043,1.0,1.0,1.0,53,8,2.243201769673041,0,2.243201769673041,False,False,False,True,0,815,19,0.4,0.3,0.3,balanced
1781490462819.245,0.4,0.3,0.3,587.8759811616954,602.4444444444445,0.11757519623233909,501.45061728395063,604.811875367431,0.03278523130646769,1.0,1.0,1.0,55,8,2.243134352115124,0,2.243134352115124,False,False,False,True,0,816,19,0.4,0.3,0.3,balanced
1781490465544.142,0.4,0.3,0.3,590.662480376766,605.5555555555555,0.1181324960753532,440.25109469074977,540.8565955117679,0.028702541340276836,1.0,1.0,1.0,53,8,2.2441362391677755,1,2.2441362391677755,False,False,False,True,0,817,19,0.4,0.3,0.3,balanced
1781490468267.866,0.4,0.3,0.3,589.3673469387755,603.7777777777778,0.11787346938775511,460.45634920634916,559.6428571428572,0.030050456918368856,1.0,1.0,1.0,55,8,2.243835475169387,0,2.243835475169387,False,False,False,True,0,818,19,0.4,0.3,0.3,balanced
1781490470991.7349,0.4,0.3,0.3,590.4395604395604,605.5555555555555,0.11808791208791208,458.34017515052,555.0328407224958,0.029909284533056704,1.0,1.0,1.0,53,8,2.243792049804918,1,2.243792049804918,False,False,False,True,0,819,19,0.4,0.3,0.3,balanced
1781490473713.751,0.4,0.3,0.3,589.2072213500785,603.2222222222222,0.1178414442700157,506.4750957854406,618.3866995073893,0.033120419999028726,1.0,1.0,1.0,55,8,2.2429272962922853,0,2.2429272962922853,False,False,False,True,0,820,19,0.4,0.3,0.3,balanced
1781490476534.814,0.4,0.3,0.3,586.8257456828885,601.1111111111111,0.1173651491365777,580.4053092501368,785.8821382959313,0.03805238887592641,0.8775510204081634,0.9166666666666666,0.8775510204081634,56,8,2.20490352980504,0,2.20490352980504,False,False,False,True,0,821,19,0.4,0.3,0.3,balanced
1781490479155.604,0.4,0.3,0.3,584.6499215070643,598.4444444444445,0.11692998430141285,516.6049382716049,624.320987654321,0.033796193347004996,1.0,1.0,1.0,58,8,2.2430891482753332,0,2.2430891482753332,False,False,False,True,0,822,19,0.4,0.3,0.3,balanced
1781490481875.104,0.4,0.3,0.3,587.010989010989,600.1111111111111,0.1174021978021978,476.641351943076,576.980021893815,0.031130176914147833,1.0,1.0,1.0,59,8,2.2437000678048764,0,2.2437000678048764,False,False,False,True,0,823,19,0.4,0.3,0.3,balanced
1781490484498.5571,0.4,0.3,0.3,584.8351648351647,597.7777777777778,0.11696703296703295,558.1710984488761,652.4643874643875,0.03656911930946472,1.0,1.0,1.0,61,8,2.2422424510203474,0,2.2422424510203474,False,False,False,True,0,824,19,0.4,0.3,0.3,balanced
1781490490706.371,0.4,0.3,0.3,583.8712715855572,595.7777777777778,0.11677425431711144,592.0943562610229,739.3121693121694,0.03883217853642581,1.0,1.0,1.0,64,8,2.241640644712228,0,2.241640644712228,False,False,False,True,0,825,19,0.4,0.3,0.3,balanced
1781490493331.3489,0.4,0.3,0.3,583.1993720565149,595.6666666666666,0.11663987441130298,663.1576448243114,805.7739791073124,0.04357289158267588,1.0,1.0,1.0,65,8,2.240272182760676,0,2.240272182760676,False,False,False,True,0,826,19,0.4,0.3,0.3,balanced
1781490496356.804,0.4,0.3,0.3,425.27472527472526,463.77777777777777,0.08505494505494506,578.015873015873,668.8253968253969,0.037892986858964174,0.7284144427001569,0.7777777777777778,0.7284144427001569,67,8,2.1731344587303796,0,2.1731344587303796,False,False,False,True,0,827,19,0.4,0.3,0.3,balanced
1781490498975.877,0.4,0.3,0.3,581.717425431711,593.3333333333334,0.11634348508634221,678.883744855967,838.0511463844798,0.04462199765550147,1.0,1.0,1.0,68,8,2.240076006668813,0,2.240076006668813,False,False,False,True,0,828,19,0.4,0.3,0.3,balanced
1781490501593.4739,0.4,0.3,0.3,581.1962323390894,592.6666666666666,0.11623924646781789,674.9933862433862,832.6646090534979,0.04436246739448874,1.0,1.0,1.0,67,8,2.2401955611945263,1,2.2401955611945263,False,False,False,True,0,829,19,0.4,0.3,0.3,balanced
1781490504212.891,0.4,0.3,0.3,580.4740973312402,592.4444444444445,0.11609481946624803,618.7206055261611,747.6396237507348,0.04060844599907679,1.0,1.0,1.0,65,8,2.241379538413778,1,2.241379538413778,False,False,False,True,0,830,19,0.4,0.3,0.3,balanced
1781490507035.718,0.4,0.3,0.3,582.4505494505494,594.5555555555555,0.11649010989010987,859.2513440860216,977.402105734767,0.056654525956372354,0.9681542946849069,0.9682539682539684,0.9681542946849069,64,8,2.2268538866625165,1,2.2268538866625165,False,False,False,True,0,831,19,0.4,0.3,0.3,balanced
1781490509660.1191,0.4,0.3,0.3,583.4050235478807,596.4444444444445,0.11668100470957614,639.3195179306289,755.2351557907114,0.041982622944004594,1.0,1.0,1.0,61,8,2.2407328112329683,1,2.2407328112329683,False,False,False,True,0,832,19,0.4,0.3,0.3,balanced
1781490512283.8708,0.4,0.3,0.3,585.5416012558869,598.6666666666666,0.11710832025117739,513.1687242798354,642.5514403292182,0.033566959591716836,1.0,1.0,1.0,59,8,2.2430865840220138,1,2.2430865840220138,False,False,False,True,0,833,19,0.4,0.3,0.3,balanced
1781490514902.8982,0.4,0.3,0.3,585.530612244898,599.4444444444445,0.1171061224489796,568.9006466784244,702.4926513815403,0.03728489971170276,1.0,1.0,1.0,58,8,2.2419720811068973,1,2.2419720811068973,False,False,False,True,0,834,19,0.4,0.3,0.3,balanced
1781490517628.518,0.4,0.3,0.3,587.276295133438,601.4444444444445,0.1174552590266876,543.7000547345375,647.4698960043787,0.03560373947528602,0.9944784279759649,0.9961685823754789,0.9944784279759649,56,8,2.240680302939529,1,2.240680302939529,False,False,False,True,0,835,19,0.4,0.3,0.3,balanced
1781490520253.508,0.4,0.3,0.3,588.945054945055,602.7777777777778,0.11778901098901098,502.26337448559667,614.8971193415639,0.032839451266550815,1.0,1.0,1.0,55,8,2.2430325602244303,1,2.2430325602244303,False,False,False,True,0,836,19,0.4,0.3,0.3,balanced
1781490526560.245,0.4,0.3,0.3,590.5824175824175,605.2222222222222,0.1181164835164835,473.82863021751916,578.5508524397414,0.030942537039194074,0.9960192868356132,0.9960317460317462,0.9960192868356132,53,8,2.2422764315323325,1,2.2422764315323325,False,False,False,True,0,837,19,0.4,0.3,0.3,balanced
1781490529284.966,0.4,0.3,0.3,591.6232339089481,606.1111111111111,0.11832464678178962,482.29885057471256,614.2870826491517,0.031507595101715316,1.0,1.0,1.0,52,8,2.2432178627567696,1,2.2432178627567696,False,False,False,True,0,838,19,0.4,0.3,0.3,balanced
1781490531898.377,0.4,0.3,0.3,592.3014128728414,607.7777777777778,0.11846028257456828,492.84108895220004,570.9085153529599,0.0322108798500467,1.0,1.0,1.0,50,8,2.242952623015159,1,2.242952623015159,False,False,False,True,0,839,19,0.4,0.3,0.3,balanced
1781490536422.5571,0.4,0.3,0.3,598.4756671899529,618.4444444444445,0.11969513343799058,5204.538830128667,6393.329512626246,0.34653361108263286,0.4033828197556484,0.48265986215169515,0.4033828197556484,49,8,1.9691767092267085,1,1.9691767092267085,False,False,False,True,0,840,19,0.4,0.3,0.3,balanced
1781490539135.0032,0.4,0.3,0.3,596.1208791208791,612.6666666666666,0.11922417582417581,415.4644326866549,504.2225161669606,0.027048994842338553,0.9941690962099126,0.9960317460317459,0.9941690962099126,47,8,2.242446360080602,1,2.242446360080602,False,False,False,True,0,841,19,0.4,0.3,0.3,balanced
1781490541857.914,0.4,0.3,0.3,594.5541601255887,610.7777777777778,0.11891083202511775,439.7092227695676,537.7887246852764,0.028666392446268684,1.0,1.0,1.0,49,8,2.243835749456072,0,2.243835749456072,False,False,False,True,0,842,19,0.4,0.3,0.3,balanced
1781490544581.1602,0.4,0.3,0.3,595.6828885400313,611.8888888888889,0.11913657770800626,383.8440623162845,462.16490299823624,0.024939563863661408,1.0,1.0,1.0,47,8,2.244863499757699,1,2.244863499757699,False,False,False,True,0,843,19,0.4,0.3,0.3,balanced
1781490547307.6438,0.4,0.3,0.3,597.6263736263736,614.5555555555555,0.11952527472527472,410.6209582598471,499.6546149323927,0.026725881138081862,1.0,1.0,1.0,46,8,2.2441721257684657,1,2.2441721257684657,False,False,False,True,0,844,19,0.4,0.3,0.3,balanced
1781490550030.955,0.4,0.3,0.3,601.4756671899529,618.6666666666666,0.12029513343799059,351.94478361145025,436.7742956631846,0.022811526591824567,0.9960192868356132,0.9960317460317462,0.9960192868356132,44,8,2.2438442746979406,1,2.2438442746979406,False,False,False,True,0,845,19,0.4,0.3,0.3,balanced
1781490552753.16,0.4,0.3,0.3,600.9293563579278,618.6666666666666,0.12018587127158555,602.2898295120517,759.2621987066432,0.03951233018759518,0.9920385736712267,0.9920634920634921,0.9920385736712267,43,8,2.2376835245364552,1,2.2376835245364552,False,False,False,True,0,846,19,0.4,0.3,0.3,balanced
1781490555469.2422,0.4,0.3,0.3,604.6059654631083,623.7777777777778,0.12092119309262166,351.95840681951785,431.86213991769546,0.022812435411575575,1.0,1.0,1.0,41,8,2.2447877921394785,1,2.2447877921394785,False,False,False,True,0,847,19,0.4,0.3,0.3,balanced
1781490562863.101,0.4,0.3,0.3,269.6624803767661,370.3333333333333,0.05393249607535322,197.95776643990928,162.55054799697658,0.012538877014003287,0.40502354788069067,0.5555555555555556,0.40502354788069067,40,8,2.0961724028298647,1,2.0961724028298647,False,False,False,True,0,848,19,0.4,0.3,0.3,balanced
1781490565586.455,0.4,0.3,0.3,608.2448979591837,626.8888888888889,0.12164897959183675,362.5485008818342,470.13521457965896,0.023518912667233768,1.0,1.0,1.0,41,8,2.244284734363095,0,2.244284734363095,False,False,False,True,0,849,19,0.4,0.3,0.3,balanced
1781490568311.046,0.4,0.3,0.3,606.425431711146,625.7777777777778,0.12128508634222919,362.97398589065256,456.24485596707814,0.023547297257548536,1.0,1.0,1.0,40,8,2.2444217762858436,1,2.2444217762858436,False,False,False,True,0,850,19,0.4,0.3,0.3,balanced
1781490571038.321,0.4,0.3,0.3,608.2307692307693,629.1111111111111,0.12164615384615386,308.39506172839504,392.46438746438747,0.019906274965203138,1.0,1.0,1.0,38,8,2.2453696559719774,1,2.2453696559719774,False,False,False,True,0,851,19,0.4,0.3,0.3,balanced
1781490573757.061,0.4,0.3,0.3,610.7362637362636,631.5555555555555,0.12214725274725272,318.5509654954099,396.4656536878759,0.02058378689095463,1.0,1.0,1.0,37,8,2.2449659628338123,1,2.2449659628338123,False,False,False,True,0,852,19,0.4,0.3,0.3,balanced
1781490576578.9832,0.4,0.3,0.3,616.1130298273155,638.0,0.1232226059654631,263.0103995621237,322.3754789272031,0.016878612379060954,1.0,1.0,1.0,35,8,2.2456473739000966,1,2.2456473739000966,False,False,False,True,0,853,19,0.4,0.3,0.3,balanced
1781490579391.498,0.4,0.3,0.3,617.4929356357928,639.4444444444445,0.12349858712715857,294.00793650793645,358.25396825396825,0.018946493429482084,1.0,1.0,1.0,34,8,2.244916617120292,1,2.244916617120292,False,False,False,True,0,854,19,0.4,0.3,0.3,balanced
1781490582215.1091,0.4,0.3,0.3,621.5368916797488,645.5555555555555,0.12430737833594976,267.66093474426805,326.1258083480306,0.017188854886208676,1.0,1.0,1.0,32,8,2.2451203921997576,1,2.2451203921997576,False,False,False,True,0,855,19,0.4,0.3,0.3,balanced
1781490585027.986,0.4,0.3,0.3,630.7284144427001,657.1111111111111,0.12614568288854003,222.86008230452674,272.2633744855967,0.014200138912910389,1.0,1.0,1.0,29,8,2.2452816851707107,1,2.2452816851707107,False,False,False,True,0,856,19,0.4,0.3,0.3,balanced
1781490587849.122,0.4,0.3,0.3,633.5102040816325,660.8888888888889,0.1267020408163265,218.81133270022158,259.18645140867363,0.013930042208153541,1.0,1.0,1.0,28,8,2.2451401710110233,1,2.2451401710110233,False,False,False,True,0,857,19,0.4,0.3,0.3,balanced
1781490590773.7378,0.4,0.3,0.3,640.3469387755102,668.8888888888889,0.12806938775510204,193.92857142857142,236.90476190476187,0.012270084818450395,1.0,1.0,1.0,26,8,2.245091219452424,1,2.245091219452424,False,False,False,True,0,858,19,0.4,0.3,0.3,balanced
1781490597279.843,0.4,0.3,0.3,640.2558869701727,669.0,0.12805117739403454,209.28571428571428,257.8571428571429,0.013294577337272467,1.0,1.0,1.0,26,8,2.2447911558412046,2,2.2447911558412046,False,False,False,True,0,859,19,0.4,0.3,0.3,balanced
1781490600104.285,0.4,0.3,0.3,644.4175824175824,674.8888888888889,0.12888351648351648,203.82320354542577,255.2864830642608,0.012930167014371299,1.0,1.0,1.0,25,8,2.244567543302282,1,2.244567543302282,False,False,False,True,0,860,19,0.4,0.3,0.3,balanced
1781490603117.775,0.4,0.3,0.3,655.3736263736263,688.6666666666666,0.13107472527472525,974.8744653246567,1298.045774290985,0.06436787627249212,0.9802085669432608,0.9801587301587301,0.9802085669432608,23,8,2.2223223170913404,1,2.2223223170913404,False,False,False,True,0,861,19,0.4,0.3,0.3,balanced
1781490606035.0571,0.4,0.3,0.3,661.0172684458399,695.7777777777778,0.132203453689168,177.8094333649889,222.97404241848685,0.011194758730152696,1.0,1.0,1.0,22,8,2.243760190905287,1,2.243760190905287,False,False,False,True,0,862,19,0.4,0.3,0.3,balanced
1781490609058.2012,0.4,0.3,0.3,672.5054945054945,709.7777777777778,0.1345010989010989,171.52777777777774,216.54761904761907,0.010775702320065226,1.0,1.0,1.0,20,8,2.242966849743541,1,2.242966849743541,False,False,False,True,0,863,19,0.4,0.3,0.3,balanced
1781490611978.877,0.4,0.3,0.3,659.1271585557299,693.8888888888889,0.131825431711146,201.20065120065118,251.4959526070637,0.012755213555747243,0.9940694226408512,0.9958847736625513,0.9940694226408512,22,8,2.241664090041073,0,2.241664090041073,False,False,False,True,0,864,19,0.4,0.3,0.3,balanced
1781490615006.013,0.4,0.3,0.3,671.5259026687597,709.3333333333334,0.13430518053375196,170.67460317460316,210.21751910640796,0.010718786069019557,1.0,1.0,1.0,20,8,2.2430622919657934,1,2.2430622919657934,False,False,False,True,0,865,19,0.4,0.3,0.3,balanced
1781490617919.376,0.4,0.3,0.3,659.9748822605965,694.8888888888889,0.1319949764521193,183.69499841722063,233.35232668566,0.011587391488807247,1.0,1.0,1.0,22,8,2.24372579197251,0,2.24372579197251,False,False,False,True,0,866,19,0.4,0.3,0.3,balanced
1781490620843.313,0.4,0.3,0.3,654.1397174254317,686.7777777777778,0.13082794348508633,211.77542621987064,268.05555555555554,0.013460668860565086,1.0,1.0,1.0,23,8,2.243630621947796,0,2.243630621947796,False,False,False,True,0,867,19,0.4,0.3,0.3,balanced
1781490623768.5698,0.4,0.3,0.3,660.47409733124,694.4444444444445,0.13209481946624801,183.20693709582596,224.16813639035865,0.011554832361295928,1.0,1.0,1.0,22,8,2.243695622505112,1,2.243695622505112,False,False,False,True,0,868,19,0.4,0.3,0.3,balanced
1781490626794.618,0.4,0.3,0.3,670.1350078492935,707.7777777777778,0.1340270015698587,150.79218106995884,193.89476778365668,0.009392407009336814,1.0,1.0,1.0,20,8,2.2435714772692554,1,2.2435714772692554,False,False,False,True,0,869,19,0.4,0.3,0.3,balanced
1781490633395.629,0.4,0.3,0.3,678.535321821036,718.3333333333334,0.13570706436420718,141.55496766607877,176.60493827160494,0.008776181965715729,1.0,1.0,1.0,19,8,2.2430843196646024,1,2.2430843196646024,False,False,False,True,0,870,19,0.4,0.3,0.3,balanced
1781490636512.0571,0.4,0.3,0.3,694.8555729984301,739.4444444444445,0.13897111459968603,130.41666666666666,160.5952380952381,0.00803313319991105,1.0,1.0,1.0,17,8,2.242001614200152,1,2.242001614200152,False,False,False,True,0,871,19,0.4,0.3,0.3,balanced
1781490639532.0151,0.4,0.3,0.3,676.1852433281005,716.3333333333334,0.13523704866562009,144.50617283950618,181.02880658436214,0.008973060229453381,1.0,1.0,1.0,19,8,2.243213262464916,0,2.243213262464916,False,False,False,True,0,872,19,0.4,0.3,0.3,balanced
1781490642647.072,0.4,0.3,0.3,694.1852433281005,738.3333333333334,0.13883704866562008,122.46031746031747,156.54761904761904,0.007502356068066542,1.0,1.0,1.0,17,8,2.242214473713332,1,2.242214473713332,False,False,False,True,0,873,19,0.4,0.3,0.3,balanced
1781490645759.929,0.4,0.3,0.3,703.5463108320251,750.4444444444445,0.14070926216640503,123.9322457378013,152.50734861845976,0.007600550082575136,1.0,1.0,1.0,16,8,2.2414361301086654,1,2.2414361301086654,False,False,False,True,0,874,19,0.4,0.3,0.3,balanced
1781490648875.072,0.4,0.3,0.3,695.2087912087911,739.7777777777778,0.1390417582417582,134.22619047619045,164.7222222222222,0.008287270878998696,1.0,1.0,1.0,17,8,2.2418971154395972,0,2.2418971154395972,False,False,False,True,0,875,19,0.4,0.3,0.3,balanced
1781490652489.7102,0.4,0.3,0.3,700.4929356357928,748.1111111111111,0.14009858712715856,343.24071468034316,407.0534550875109,0.022230868224172324,0.8193665493492681,0.8335244043854101,0.8193665493492681,16,8,2.183101269486665,1,2.183101269486665,False,False,False,True,0,876,19,0.4,0.3,0.3,balanced
1781490655704.071,0.4,0.3,0.3,724.8540031397173,778.4444444444445,0.14497080062794346,123.46487360376248,150.90828924162258,0.007569371154353735,1.0,1.0,1.0,14,8,2.2397408684025164,1,2.2397408684025164,False,False,False,True,0,877,19,0.4,0.3,0.3,balanced
1781490659017.643,0.4,0.3,0.3,738.7786499215069,796.2222222222222,0.1477557299843014,94.73471487360376,118.28336272780717,0.005652749491234407,1.0,1.0,1.0,13,8,2.239201883158909,1,2.239201883158909,False,False,False,True,0,878,19,0.4,0.3,0.3,balanced
1781490662435.7778,0.4,0.3,0.3,775.3061224489795,844.5555555555555,0.1550612244897959,86.19703341925563,109.2415095192873,0.005083191021965019,0.9940694226408511,0.9958847736625513,0.9940694226408511,11,8,2.2346713796897473,1,2.2346713796897473,False,False,False,True,0,879,19,0.4,0.3,0.3,balanced
1781490669537.482,0.4,0.3,0.3,798.640502354788,873.7777777777778,0.15972810047095762,70.38506760728983,85.26161081716639,0.004028356744982644,1.0,1.0,1.0,10,8,2.234900252788122,1,2.234900252788122,False,False,False,True,0,880,19,0.4,0.3,0.3,balanced
1781490672956.431,0.4,0.3,0.3,774.5949764521192,842.2222222222222,0.15491899529042386,91.48933885044997,118.06392167503276,0.00543624675453302,0.9940694226408511,0.9958847736625513,0.9940694226408511,11,8,2.234622354649726,0,2.234622354649726,False,False,False,True,0,881,19,0.4,0.3,0.3,balanced
1781490676481.883,0.4,0.3,0.3,797.5871271585557,872.7777777777778,0.15951742543171116,74.08911047799936,93.96802785691676,0.004275457670313499,1.0,1.0,1.0,10,8,2.2349103925262215,1,2.2349103925262215,False,False,False,True,0,882,19,0.4,0.3,0.3,balanced
1781490679900.9941,0.4,0.3,0.3,774.61852433281,842.6666666666666,0.154923704866562,164.66128521684075,193.1497309275087,0.010317630768301585,1.0,1.0,1.0,11,8,2.2349352288228848,0,2.2349352288228848,False,False,False,True,0,883,19,0.4,0.3,0.3,balanced
1781490683416.851,0.4,0.3,0.3,797.6232339089481,872.4444444444445,0.15952464678178963,163.72648442092887,201.1331569664903,0.010255269140822473,1.0,1.0,1.0,10,8,2.2331135605450374,1,2.2331135605450374,False,False,False,True,0,884,19,0.4,0.3,0.3,balanced
1781490686831.91,0.4,0.3,0.3,774.3186813186813,842.1111111111111,0.15486373626373626,138.0599647266314,185.6981187536743,0.008543026332663869,1.0,1.0,1.0,11,8,2.2354915975947063,0,2.2354915975947063,False,False,False,True,0,885,19,0.4,0.3,0.3,balanced
1781490690150.876,0.4,0.3,0.3,740.2700156985871,798.0,0.14805400313971742,120.05291005291005,150.4967666078777,0.007341755173643099,1.0,1.0,1.0,13,8,2.23857587219202,0,2.23857587219202,False,False,False,True,0,886,19,0.4,0.3,0.3,balanced
1781490693376.334,0.4,0.3,0.3,725.5714285714284,779.0,0.1451142857142857,139.97648442092887,177.10758377425043,0.008670879547760432,1.0,1.0,1.0,14,8,2.2393530218499578,0,2.2393530218499578,False,False,False,True,0,887,19,0.4,0.3,0.3,balanced
1781490696497.777,0.4,0.3,0.3,702.0832025117738,749.2222222222222,0.14041664050235478,144.10640799529688,171.35508524397412,0.008946391460660232,1.0,1.0,1.0,16,8,2.24114942636086,0,2.24114942636086,False,False,False,True,0,888,19,0.4,0.3,0.3,balanced
1781490699615.4622,0.4,0.3,0.3,693.6766091051804,737.3333333333334,0.1387353218210361,121.98480531813864,150.55397277619502,0.00747063411061632,0.9940694226408512,0.9958847736625513,0.9940694226408512,17,8,2.2404855078306563,0,2.2404855078306563,False,False,False,True,0,889,19,0.4,0.3,0.3,balanced
1781490706325.1099,0.4,0.3,0.3,703.116169544741,749.8888888888889,0.14062323390894818,133.52660199882422,165.15285126396236,0.008240600533610688,1.0,1.0,1.0,16,8,2.2412785262763375,1,2.2412785262763375,False,False,False,True,0,890,19,0.4,0.3,0.3,balanced
1781490709547.857,0.4,0.3,0.3,702.0188383045526,749.1111111111111,0.1404037676609105,121.7063492063492,156.86507936507937,0.007452057985747111,1.0,1.0,1.0,16,8,2.2416028755399116,2,2.2416028755399116,False,False,False,True,0,891,19,0.4,0.3,0.3,balanced
1781490712764.011,0.4,0.3,0.3,723.8665620094191,777.5555555555555,0.14477331240188382,117.65579071134626,144.12992357436804,0.0071818406078283025,1.0,1.0,1.0,14,8,2.239936122856898,1,2.239936122856898,False,False,False,True,0,892,19,0.4,0.3,0.3,balanced
1781490715884.746,0.4,0.3,0.3,702.182103610675,749.2222222222222,0.140436420722135,146.93415637860082,198.47736625514403,0.009135033781094117,1.0,1.0,1.0,16,8,2.241084921576818,0,2.241084921576818,False,False,False,True,0,893,19,0.4,0.3,0.3,balanced
1781490722402.2761,0.4,0.3,0.3,189.8524332810047,278.22222222222223,0.03797048665620094,36.61865569272977,29.396433470507546,0.0017757608867731665,0.22762951334379902,0.3333333333333333,0.22762951334379902,17,8,2.0525679310746274,0,2.0525679310746274,False,False,False,True,0,894,19,0.4,0.3,0.3,balanced
1781490725421.128,0.4,0.3,0.3,678.8037676609105,718.5555555555555,0.1357607535321821,157.33149052593495,199.3603310269977,0.009828651802930952,0.9940694226408512,0.9958847736625513,0.9940694226408512,19,8,2.2409679298385035,0,2.2409679298385035,False,False,False,True,0,895,19,0.4,0.3,0.3,balanced
1781490728447.252,0.4,0.3,0.3,670.4897959183673,707.4444444444445,0.13409795918367348,165.3142382309049,210.50015827793607,0.010361190008732814,0.9956974242688528,0.9958847736625513,0.9956974242688528,20,8,2.2419616866045664,0,2.2419616866045664,False,False,False,True,0,896,19,0.4,0.3,0.3,balanced
1781490731464.9192,0.4,0.3,0.3,658.2370486656201,693.5555555555555,0.13164740973312403,175.8641975308642,227.74544385655494,0.01106498982861002,1.0,1.0,1.0,22,8,2.2440215391581675,0,2.2440215391581675,False,False,False,True,0,897,19,0.4,0.3,0.3,balanced
1781490734387.914,0.4,0.3,0.3,653.0125588697017,685.4444444444445,0.13060251177394033,179.0130805408583,223.27895355673132,0.011275055406328106,1.0,1.0,1.0,23,8,2.244376478668525,0,2.244376478668525,False,False,False,True,0,898,19,0.4,0.3,0.3,balanced
1781490742091.1118,0.4,0.3,0.3,338.3485086342229,390.44444444444446,0.06766970172684458,117.65192743764172,133.6063492063492,0.007181582884432403,0.499215070643642,0.5555555555555556,0.499215070643642,25,8,2.120542165637025,0,2.120542165637025,False,False,False,True,0,899,19,0.4,0.3,0.3,balanced
1781490744912.393,0.4,0.3,0.3,639.9764521193092,668.8888888888889,0.12799529042386185,245.39965178854067,299.3273187717632,0.01570377930543967,1.0,1.0,1.0,26,8,2.2440907500388234,0,2.2440907500388234,False,False,False,True,0,900,19,0.4,0.3,0.3,balanced
1781490747732.707,0.4,0.3,0.3,634.2135007849294,661.6666666666666,0.12684270015698587,234.60317460317458,300.81863609641385,0.014983533996209112,1.0,1.0,1.0,28,8,2.244767859738343,0,2.244767859738343,False,False,False,True,0,901,19,0.4,0.3,0.3,balanced
1781490750558.288,0.4,0.3,0.3,630.9858712715856,657.1111111111111,0.12619717425431712,232.03042328042326,293.25690770135213,0.014811902820575268,1.0,1.0,1.0,29,8,2.2450775594521004,0,2.2450775594521004,False,False,False,True,0,902,19,0.4,0.3,0.3,balanced
1781490753374.449,0.4,0.3,0.3,621.5416012558869,645.5555555555555,0.12430832025117738,258.2416529830323,318.240284619595,0.016560483854772,1.0,1.0,1.0,32,8,2.2453085267430977,0,2.2453085267430977,False,False,False,True,0,903,19,0.4,0.3,0.3,balanced
1781490756396.946,0.4,0.3,0.3,530.6813186813187,579.6666666666666,0.10613626373626373,214.455085125448,246.52777777777777,0.013639431963005204,0.8398744113029827,0.8888888888888888,0.8398744113029827,34,8,2.2054159883074878,0,2.2054159883074878,False,False,False,True,0,904,19,0.4,0.3,0.3,balanced
1781490759221.683,0.4,0.3,0.3,622.1899529042386,645.6666666666666,0.12443799058084772,255.76793062904173,318.33039388594943,0.016395459014612524,1.0,1.0,1.0,32,8,2.245306166063277,1,2.245306166063277,False,False,False,True,0,905,19,0.4,0.3,0.3,balanced
1781490762146.7249,0.4,0.3,0.3,619.3406593406593,641.0,0.12386813186813185,346.29379113861876,475.54543668336777,0.02243454243753294,0.9145996860282575,0.9407407407407408,0.9145996860282575,34,8,2.2181022903299645,0,2.2181022903299645,False,False,False,True,0,906,19,0.4,0.3,0.3,balanced
1781490764872.09,0.4,0.3,0.3,615.5290423861852,637.5555555555555,0.12310580847723704,327.96217157328266,413.338081671415,0.021211619184341737,1.0,1.0,1.0,35,8,2.2443941908538028,0,2.2443941908538028,False,False,False,True,0,907,19,0.4,0.3,0.3,balanced
1781490767592.251,0.4,0.3,0.3,613.7111459968603,634.7777777777778,0.12274222919937205,326.3176072898294,412.13550852439744,0.021101908424938587,1.0,1.0,1.0,37,8,2.2445725357927695,0,2.2445725357927695,False,False,False,True,0,908,19,0.4,0.3,0.3,balanced
1781490770717.0562,0.4,0.3,0.3,443.0910518053375,495.0,0.0886182103610675,249.7716049382716,305.84215167548496,0.015995437287409712,0.7205651491365777,0.7777777777777778,0.7205651491365777,38,8,2.1759236294103235,0,2.1759236294103235,False,False,False,True,0,909,19,0.4,0.3,0.3,balanced
1781490777018.3052,0.4,0.3,0.3,608.1004709576138,627.3333333333334,0.12162009419152275,392.2501469723692,489.07260435038216,0.02550034336039821,1.0,1.0,1.0,40,8,2.2437018593152716,0,2.2437018593152716,False,False,False,True,0,910,19,0.4,0.3,0.3,balanced
1781490779943.959,0.4,0.3,0.3,606.8869701726844,625.7777777777778,0.12137739403453689,370.2792475014697,454.9632569077014,0.024034639593160087,1.0,1.0,1.0,41,8,2.2442386505082372,0,2.2442386505082372,False,False,False,True,0,911,19,0.4,0.3,0.3,balanced
1781490782769.719,0.4,0.3,0.3,601.9246467817896,620.0,0.12038492935635793,450.97445721583654,631.565772669221,0.029417909087113846,0.8930330752990852,0.9272030651340997,0.8930330752990852,43,8,2.210930578121048,0,2.210930578121048,False,False,False,True,0,912,19,0.4,0.3,0.3,balanced
1781490785486.331,0.4,0.3,0.3,600.1475667189952,618.1111111111111,0.12002951334379905,397.6425631981188,501.1831275720164,0.025860077598273436,1.0,1.0,1.0,44,8,2.2442301713829984,0,2.2442301713829984,False,False,False,True,0,913,19,0.4,0.3,0.3,balanced
1781490788208.986,0.4,0.3,0.3,599.1648351648352,615.6666666666666,0.11983296703296703,402.67489711934155,514.8574368018812,0.026195790334846,1.0,1.0,1.0,46,8,2.2442080760863594,0,2.2442080760863594,False,False,False,True,0,914,19,0.4,0.3,0.3,balanced
1781490790925.427,0.4,0.3,0.3,594.5604395604395,611.4444444444445,0.11891208791208789,464.22285533396644,571.815447926559,0.030301724838823645,1.0,1.0,1.0,47,8,2.243344647383518,0,2.243344647383518,False,False,False,True,0,915,19,0.4,0.3,0.3,balanced
1781490793649.238,0.4,0.3,0.3,594.2888540031397,610.0,0.11885777080062794,488.78747795414455,606.9767783656673,0.03194045883616708,1.0,1.0,1.0,49,8,2.2428747540288985,0,2.2428747540288985,False,False,False,True,0,916,19,0.4,0.3,0.3,balanced
1781490796367.336,0.4,0.3,0.3,595.2040816326531,612.2222222222222,0.11904081632653063,458.2840722495895,563.0623973727422,0.029905541844535657,1.0,1.0,1.0,47,8,2.243412010916027,1,2.243412010916027,False,False,False,True,0,917,19,0.4,0.3,0.3,balanced
1781490799089.4138,0.4,0.3,0.3,594.4160125588696,609.8888888888889,0.11888320251177392,526.521164021164,610.1704879482656,0.0344577160787968,1.0,1.0,1.0,49,8,2.2421094041716514,0,2.2421094041716514,False,False,False,True,0,918,19,0.4,0.3,0.3,balanced
1781490801814.299,0.4,0.3,0.3,592.8037676609105,608.3333333333334,0.1185607535321821,518.0644499178982,625.3995621237,0.03389355903388247,1.0,1.0,1.0,50,8,2.2424076308769623,0,2.2424076308769623,False,False,False,True,0,919,19,0.4,0.3,0.3,balanced
1781490804543.051,0.4,0.3,0.3,592.1459968602826,606.4444444444445,0.11842919937205652,599.6043616876949,697.6772712883824,0.0393331795655567,0.9940694226408512,0.9958847736625513,0.9940694226408512,52,8,2.239049193173766,0,2.239049193173766,False,False,False,True,0,920,19,0.4,0.3,0.3,balanced
1781490807267.021,0.4,0.3,0.3,594.1255886970172,610.3333333333334,0.11882511773940344,480.8415435139573,570.7703886152162,0.03141037648525399,1.0,1.0,1.0,50,8,2.2430468399586623,1,2.2430468399586623,False,False,False,True,0,921,19,0.4,0.3,0.3,balanced
1781490813567.076,0.4,0.3,0.3,591.629513343799,606.0,0.1183259026687598,480.0,570.4423868312757,0.03135423615743829,1.0,1.0,1.0,52,8,2.2432633680852647,0,2.2432633680852647,False,False,False,True,0,922,19,0.4,0.3,0.3,balanced
1781490816290.087,0.4,0.3,0.3,590.7315541601255,605.6666666666666,0.11814631083202509,470.90241034685477,551.9341563786008,0.030747325573505988,1.0,1.0,1.0,53,8,2.2435172779951382,0,2.2435172779951382,False,False,False,True,0,923,19,0.4,0.3,0.3,balanced
1781490819011.759,0.4,0.3,0.3,587.756671899529,601.6666666666666,0.11755133437990581,483.9087301587302,598.0555555555555,0.03161499200525218,1.0,1.0,1.0,55,8,2.243494968646462,0,2.243494968646462,False,False,False,True,0,924,19,0.4,0.3,0.3,balanced
1781490821733.254,0.4,0.3,0.3,588.7927786499214,602.5555555555555,0.11775855572998428,481.0652709359606,586.4792008757527,0.031425301596795234,1.0,1.0,1.0,56,8,2.243468987228968,0,2.243468987228968,False,False,False,True,0,925,19,0.4,0.3,0.3,balanced
1781490824359.252,0.4,0.3,0.3,587.9513343799057,602.2222222222222,0.11759026687598113,465.48195631528966,576.0699588477366,0.03038572090162039,1.0,1.0,1.0,55,8,2.2438481769791214,1,2.2438481769791214,False,False,False,True,0,926,19,0.4,0.3,0.3,balanced
1781490826982.289,0.4,0.3,0.3,587.243328100471,601.2222222222222,0.11744866562009419,492.8054764165875,593.7496043051599,0.03220850409717062,1.0,1.0,1.0,56,8,2.243357982522811,0,2.243357982522811,False,False,False,True,0,927,19,0.4,0.3,0.3,balanced
1781490829606.345,0.4,0.3,0.3,586.1067503924646,599.7777777777778,0.11722135007849292,511.4450775561886,626.6350110794555,0.03345197315251425,1.0,1.0,1.0,58,8,2.2430758680228484,0,2.2430758680228484,False,False,False,True,0,928,19,0.4,0.3,0.3,balanced
1781490832226.849,0.4,0.3,0.3,588.23704866562,602.0,0.117647409733124,606.8510604621715,744.6264640709085,0.0398166151075498,0.9940694226408511,0.9958847736625513,0.9940694226408511,58,8,2.239216878366741,2,2.239216878366741,False,False,False,True,0,929,19,0.4,0.3,0.3,balanced
1781490834840.481,0.4,0.3,0.3,585.607535321821,599.1111111111111,0.11712150706436421,533.8888888888888,657.9423868312757,0.03494922540953228,1.0,1.0,1.0,59,8,2.242666629551395,0,2.242666629551395,False,False,False,True,0,930,19,0.4,0.3,0.3,balanced
1781490837466.719,0.4,0.3,0.3,584.1758241758241,596.8888888888889,0.11683516483516482,665.3909465020577,832.633744855967,0.04372187768526069,1.0,1.0,1.0,61,8,2.240149370760356,0,2.240149370760356,False,False,False,True,0,931,19,0.4,0.3,0.3,balanced
1781490840091.666,0.4,0.3,0.3,581.7629513343799,594.3333333333334,0.11635259026687597,712.9115226337449,877.827748383304,0.04689202952860206,1.0,1.0,1.0,64,8,2.239391355034669,0,2.239391355034669,False,False,False,True,0,932,19,0.4,0.3,0.3,balanced
1781490842812.9722,0.4,0.3,0.3,583.2794348508634,595.1111111111111,0.11665588697017268,854.1968922945933,1070.0974882928906,0.05631733771144719,0.8874032371569318,0.9233716475095785,0.8874032371569318,65,8,2.2026634150455764,0,2.2026634150455764,False,False,False,True,0,933,19,0.4,0.3,0.3,balanced
1781490849021.3872,0.4,0.3,0.3,580.6593406593406,592.1111111111111,0.11613186813186813,711.8143738977071,872.686654908877,0.046818837484837034,1.0,1.0,1.0,67,8,2.2395016015018014,0,2.2395016015018014,False,False,False,True,0,934,19,0.4,0.3,0.3,balanced
1781490851646.931,0.4,0.3,0.3,578.7974882260596,590.2222222222222,0.11575949764521193,692.3045267489712,852.9453262786596,0.045517313325481736,1.0,1.0,1.0,68,8,2.2400410069442707,0,2.2400410069442707,False,False,False,True,0,935,19,0.4,0.3,0.3,balanced
1781490854271.416,0.4,0.3,0.3,580.5196232339089,592.3333333333334,0.11610392464678178,708.3340681951792,904.9514991181657,0.046586662321226095,1.0,1.0,1.0,67,8,2.2395824314449193,1,2.2395824314449193,False,False,False,True,0,936,19,0.4,0.3,0.3,balanced
1781490856896.6948,0.4,0.3,0.3,581.2731554160125,593.3333333333334,0.1162546310832025,684.428277483833,874.0167548500882,0.04499187975209026,1.0,1.0,1.0,65,8,2.240000583641092,1,2.240000583641092,False,False,False,True,0,937,19,0.4,0.3,0.3,balanced
1781490859513.33,0.4,0.3,0.3,578.2072213500785,589.7777777777778,0.1156414442700157,674.1585831863608,808.9873603762493,0.04430677673024422,1.0,1.0,1.0,67,8,2.2404513892729203,0,2.2404513892729203,False,False,False,True,0,938,19,0.4,0.3,0.3,balanced
1781490862134.327,0.4,0.3,0.3,580.978021978022,592.7777777777778,0.11619560439560439,585.3258264369375,695.4518835074391,0.03838064219058956,1.0,1.0,1.0,65,8,2.2420075655845815,1,2.2420075655845815,False,False,False,True,0,939,19,0.4,0.3,0.3,balanced
1781490864758.147,0.4,0.3,0.3,579.6452119309262,590.7777777777778,0.11592904238618523,788.8308348030571,982.558788947678,0.05195669344916992,1.0,1.0,1.0,67,8,2.238041375010775,0,2.238041375010775,False,False,False,True,0,940,19,0.4,0.3,0.3,balanced
1781490867379.638,0.4,0.3,0.3,581.7629513343799,594.0,0.11635259026687597,545.5651087595531,677.1942974720753,0.035728159356874796,1.0,1.0,1.0,65,8,2.242740516086187,1,2.242740516086187,False,False,False,True,0,941,19,0.4,0.3,0.3,balanced
1781490870204.661,0.4,0.3,0.3,583.8241758241758,595.0,0.11676483516483516,607.1785394265233,777.6198476702508,0.03983846160283678,0.8448783359497645,0.8923611111111112,0.8448783359497645,64,8,2.194806028238144,1,2.194806028238144,False,False,False,True,0,942,19,0.4,0.3,0.3,balanced
1781490872826.15,0.4,0.3,0.3,583.8901098901099,597.2222222222222,0.11677802197802198,506.40392529281417,620.3798670465336,0.03311567213427713,1.0,1.0,1.0,61,8,2.2433540895685082,1,2.2433540895685082,False,False,False,True,0,943,19,0.4,0.3,0.3,balanced
1781490875644.439,0.4,0.3,0.3,585.2590266875981,597.0,0.11705180533751962,722.7815113500596,967.1893667861409,0.04755046773516075,0.8782165826273791,0.9170506912442397,0.8782165826273791,64,8,2.2023791123326575,0,2.2023791123326575,False,False,False,True,0,944,19,0.4,0.3,0.3,balanced
1781490878469.696,0.4,0.3,0.3,496.9654631083202,536.4444444444445,0.09939309262166404,526.0870295698925,581.2589605734768,0.034428754474309035,0.8398744113029827,0.8888888888888888,0.8398744113029827,61,8,2.2018764599999363,1,2.2018764599999363,False,False,False,True,0,945,19,0.4,0.3,0.3,balanced
1781490884665.608,0.4,0.3,0.3,584.8100470957612,598.2222222222222,0.11696200941915225,549.1490299823633,667.3177542621987,0.03596724683004425,1.0,1.0,1.0,59,8,2.2424250221833257,1,2.2424250221833257,False,False,False,True,0,946,19,0.4,0.3,0.3,balanced
1781490887286.186,0.4,0.3,0.3,586.7488226059654,600.2222222222222,0.11734976452119308,514.9684009406232,630.242504409171,0.033687018074758046,1.0,1.0,1.0,58,8,2.2429539887690955,1,2.2429539887690955,False,False,False,True,0,947,19,0.4,0.3,0.3,balanced
1781490889911.262,0.4,0.3,0.3,587.3830455259026,601.4444444444445,0.11747660910518053,463.7416904083571,579.3589743589743,0.030269625777742303,1.0,1.0,1.0,56,8,2.2439284686246053,1,2.2439284686246053,False,False,False,True,0,948,19,0.4,0.3,0.3,balanced
1781490892534.6128,0.4,0.3,0.3,588.668759811617,603.3333333333334,0.11773375196232339,471.2709718265274,573.2257043368154,0.03077191273025533,1.0,1.0,1.0,55,8,2.243674925395994,1,2.243674925395994,False,False,False,True,0,949,19,0.4,0.3,0.3,balanced
1781490895257.753,0.4,0.3,0.3,590.3642072213501,605.2222222222222,0.11807284144427001,490.1710454296661,600.4570333880679,0.03203275820077826,1.0,1.0,1.0,53,8,2.2431610359620584,1,2.2431610359620584,False,False,False,True,0,950,19,0.4,0.3,0.3,balanced
1781490897971.531,0.4,0.3,0.3,592.1255886970173,606.7777777777778,0.11842511773940345,447.9761904761905,555.4761904761905,0.02921789129260777,1.0,1.0,1.0,52,8,2.243864585516456,1,2.243864585516456,False,False,False,True,0,951,19,0.4,0.3,0.3,balanced
1781490900789.043,0.4,0.3,0.3,593.839874411303,608.8888888888889,0.1187679748822606,753.7076719576719,757.0873015873017,0.04961358718863722,0.9651491365777078,0.9333333333333333,0.9651491365777078,50,8,2.227153474863817,1,2.227153474863817,False,False,False,True,0,952,19,0.4,0.3,0.3,balanced
1781490903412.353,0.4,0.3,0.3,594.3233908948195,609.7777777777778,0.11886467817896389,457.2483380816714,562.3567584678696,0.02983644683666921,0.9939531368102796,0.9958847736625516,0.9939531368102796,49,8,2.2416891357204975,1,2.2416891357204975,False,False,False,True,0,953,19,0.4,0.3,0.3,balanced
1781490906134.76,0.4,0.3,0.3,596.927786499215,613.1111111111111,0.119385557299843,441.82005007196574,529.2099474953881,0.028807208143560088,0.9944784279759649,0.9961685823754789,0.9944784279759649,47,8,2.241947143029784,1,2.241947143029784,False,False,False,True,0,954,19,0.4,0.3,0.3,balanced
1781490908854.6492,0.4,0.3,0.3,598.3924646781788,615.4444444444445,0.11967849293563577,423.8054187192118,523.1787082649151,0.027605431535637878,1.0,1.0,1.0,46,8,2.2438469733650543,1,2.2438469733650543,False,False,False,True,0,955,19,0.4,0.3,0.3,balanced
1781490911477.0688,0.4,0.3,0.3,600.2700156985871,617.7777777777778,0.12005400313971742,442.05840455840456,530.4051915163026,0.028823109043255808,1.0,1.0,1.0,44,8,2.2433314660311363,1,2.2433314660311363,False,False,False,True,0,956,19,0.4,0.3,0.3,balanced
1781490914199.939,0.4,0.3,0.3,600.6891679748823,618.7777777777778,0.12013783359497646,400.73192239858906,486.0552616108172,0.026066172274755776,1.0,1.0,1.0,43,8,2.244125014879583,1,2.244125014879583,False,False,False,True,0,957,19,0.4,0.3,0.3,balanced
1781490920512.882,0.4,0.3,0.3,603.1773940345369,622.5555555555555,0.12063547880690738,391.87536743092295,470.5820105820106,0.025475341389654634,1.0,1.0,1.0,41,8,2.2441032060603407,1,2.2441032060603407,False,False,False,True,0,958,19,0.4,0.3,0.3,balanced
1781490923237.325,0.4,0.3,0.3,605.8634222919937,625.3333333333334,0.12117268445839875,370.2265635598969,448.63654863654864,0.024031124987318003,0.9940694226408512,0.9958847736625513,0.9940694226408512,40,8,2.2425424155127005,1,2.2425424155127005,False,False,False,True,0,959,19,0.4,0.3,0.3,balanced
1781490925955.7358,0.4,0.3,0.3,609.7880690737833,630.1111111111111,0.12195761381475666,372.74137385248497,442.0829376384932,0.024198890850732818,1.0,1.0,1.0,38,8,2.2439572872188775,1,2.2439572872188775,False,False,False,True,0,960,19,0.4,0.3,0.3,balanced
1781490928675.489,0.4,0.3,0.3,610.3061224489795,631.3333333333334,0.12206122448979591,357.60842038619813,437.022792022792,0.023189354261921157,0.9978487121344264,0.9958847736625513,0.9978487121344264,37,8,2.2435733175658332,1,2.2435733175658332,False,False,False,True,0,961,19,0.4,0.3,0.3,balanced
1781490931393.3909,0.4,0.3,0.3,615.0832025117738,637.5555555555555,0.12301664050235477,340.1725229503007,422.7350427350427,0.022026185653789238,0.9940694226408511,0.9958847736625513,0.9940694226408511,35,8,2.2424063148951765,1,2.2424063148951765,False,False,False,True,0,962,19,0.4,0.3,0.3,balanced
1781490934117.788,0.4,0.3,0.3,615.8995290423861,638.7777777777778,0.12317990580847722,277.6606521050965,347.8315922760367,0.01785594743863219,1.0,1.0,1.0,34,8,2.245371253445019,1,2.245371253445019,False,False,False,True,0,963,19,0.4,0.3,0.3,balanced
1781490940744.146,0.4,0.3,0.3,622.4285714285713,649.0,0.12448571428571427,2986.192981629493,3374.8495779000204,0.19854522892791812,0.35001982392734643,0.34211505335348624,0.35001982392734643,35,8,1.995648092785543,0,1.995648092785543,False,False,False,True,0,964,19,0.4,0.3,0.3,balanced
1781490943559.883,0.4,0.3,0.3,616.6687598116168,639.6666666666666,0.12333375196232337,278.7705761316872,336.36831275720164,0.017929991736603552,1.0,1.0,1.0,34,8,2.2452875016940896,1,2.2452875016940896,False,False,False,True,0,965,19,0.4,0.3,0.3,balanced
1781490946487.268,0.4,0.3,0.3,623.0753532182104,646.2222222222222,0.12461507064364206,326.91222570532915,450.4911180773249,0.02114157609775378,0.9027808925768108,0.9325396825396824,0.9027808925768108,32,8,2.2146457666862602,1,2.2146457666862602,False,False,False,True,0,966,19,0.4,0.3,0.3,balanced
1781490949713.495,0.4,0.3,0.3,627.5431711145997,653.1111111111111,0.12550863422291994,452.05176767676767,590.6481481481482,0.029489777696915787,0.799459833561216,0.8360812425328554,0.799459833561216,29,8,2.180787563070122,1,2.180787563070122,False,False,False,True,0,967,19,0.4,0.3,0.3,balanced
1781490956109.726,0.4,0.3,0.3,622.7142857142857,646.3333333333334,0.12454285714285714,218.95943562610225,284.756025867137,0.013939922323289009,1.0,1.0,1.0,32,8,2.2460008804458704,0,2.2460008804458704,False,False,False,True,0,968,19,0.4,0.3,0.3,balanced
1781490958930.9731,0.4,0.3,0.3,619.4427001569859,642.0,0.12388854003139718,289.8265726043504,364.9853027630806,0.018667549873539052,1.0,1.0,1.0,34,8,2.2448443190253795,0,2.2448443190253795,False,False,False,True,0,969,19,0.4,0.3,0.3,balanced
1781490961754.395,0.4,0.3,0.3,622.1365777080063,646.5555555555555,0.12442731554160125,282.10390946502054,345.6554967666079,0.01815236220580524,1.0,1.0,1.0,32,8,2.244783365121618,1,2.244783365121618,False,False,False,True,0,970,19,0.4,0.3,0.3,balanced
1781490964676.424,0.4,0.3,0.3,630.9152276295133,657.4444444444445,0.12618304552590265,235.83333333333334,294.6428571428571,0.0150655992884145,1.0,1.0,1.0,29,8,2.2450071020031146,1,2.2450071020031146,False,False,False,True,0,971,19,0.4,0.3,0.3,balanced
1781490968295.723,0.4,0.3,0.3,424.35321821036104,439.77777777777777,0.08487064364207221,188.2926829268293,215.31165311653118,0.011894108267300153,0.6703296703296703,0.6666666666666666,0.6703296703296703,28,8,2.163582411161882,1,2.163582411161882,False,False,False,True,0,972,19,0.4,0.3,0.3,balanced
1781490971211.0369,0.4,0.3,0.3,641.436420722135,670.6666666666666,0.128287284144427,204.79611384783794,259.90147783251234,0.012995070970502865,1.0,1.0,1.0,26,8,2.2447865650510783,1,2.2447865650510783,False,False,False,True,0,973,19,0.4,0.3,0.3,balanced
1781490974134.5671,0.4,0.3,0.3,642.945054945055,673.2222222222222,0.128589010989011,210.31609195402297,251.06869184455388,0.013363315006939491,1.0,1.0,1.0,25,8,2.2445554011023137,1,2.2445554011023137,False,False,False,True,0,974,19,0.4,0.3,0.3,balanced
1781490977057.397,0.4,0.3,0.3,655.3500784929356,688.2222222222222,0.13107001569858712,182.24279835390945,230.6584362139918,0.011490513565971278,1.0,1.0,1.0,23,8,2.2441248396507736,1,2.2441248396507736,False,False,False,True,0,975,19,0.4,0.3,0.3,balanced
1781490979968.957,0.4,0.3,0.3,658.4427001569859,692.6666666666666,0.13168854003139718,225.13984986207205,274.3277709944377,0.014352224807343033,0.9958510876878224,0.9960317460317462,0.9958510876878224,22,8,2.241774242851585,1,2.241774242851585,False,False,False,True,0,976,19,0.4,0.3,0.3,balanced
1781490982888.4211,0.4,0.3,0.3,671.8006279434851,709.7777777777778,0.13436012558869703,171.29629629629628,217.07818930041154,0.010760259926370665,1.0,1.0,1.0,20,8,2.24302787178661,1,2.24302787178661,False,False,False,True,0,977,19,0.4,0.3,0.3,balanced
1781490985910.5898,0.4,0.3,0.3,677.6781789638933,717.6666666666666,0.13553563579277866,141.10155790711346,172.8203997648442,0.008745934483463206,1.0,1.0,1.0,19,8,2.2431619653378494,1,2.2431619653378494,False,False,False,True,0,978,19,0.4,0.3,0.3,balanced
1781490992530.154,0.4,0.3,0.3,693.1507064364207,737.4444444444445,0.13863014128728415,149.7736625514403,191.2630579297246,0.009324460477080741,1.0,1.0,1.0,17,8,2.241750605341962,1,2.241750605341962,False,False,False,True,0,979,19,0.4,0.3,0.3,balanced
1781490995654.663,0.4,0.3,0.3,700.9199372056514,748.0,0.14018398744113028,136.95032333921222,173.3906525573192,0.008469000889874064,1.0,1.0,1.0,16,8,2.2413857047565857,1,2.2413857047565857,False,False,False,True,0,980,19,0.4,0.3,0.3,balanced
1781490998875.9539,0.4,0.3,0.3,725.1632653061224,778.8888888888889,0.14503265306122448,123.19614027947361,158.36001447112557,0.007551443647730061,0.9979255438439112,0.9960317460317462,0.9979255438439112,14,8,2.2390991688343647,1,2.2390991688343647,False,False,False,True,0,981,19,0.4,0.3,0.3,balanced
1781491002197.1892,0.4,0.3,0.3,737.5588697017267,795.6666666666666,0.14751177394034534,8878.066578483244,9411.331456609234,0.5915988377907434,0.9720789414666966,0.9722222222222222,0.9720789414666966,13,8,2.0551393215266476,1,2.0551393215266476,False,False,False,True,0,982,19,0.4,0.3,0.3,balanced
1781491005425.576,0.4,0.3,0.3,726.5431711145997,780.4444444444445,0.14530863422291992,100.3938859494415,133.10993533215756,0.006030279249462408,1.0,1.0,1.0,14,8,2.2400674625359933,0,2.2400674625359933,False,False,False,True,0,983,19,0.4,0.3,0.3,balanced
1781491008544.827,0.4,0.3,0.3,702.480376766091,750.5555555555555,0.1404960753532182,132.14579659024102,177.1590241034685,0.008148485429635826,1.0,1.0,1.0,16,8,2.241357024229822,0,2.241357024229822,False,False,False,True,0,984,19,0.4,0.3,0.3,balanced
1781491011769.663,0.4,0.3,0.3,728.3124018838305,781.8888888888889,0.1456624803767661,94.46942974720753,121.57113462669018,0.005635052017825719,1.0,1.0,1.0,14,8,2.2400444922439458,1,2.2400444922439458,False,False,False,True,0,985,19,0.4,0.3,0.3,balanced
1781491015094.75,0.4,0.3,0.3,739.2276295133437,797.1111111111111,0.14784552590266875,88.56114050558494,110.6937095825985,0.0052409033025740456,1.0,1.0,1.0,13,8,2.2392895186481603,1,2.2392895186481603,False,False,False,True,0,986,19,0.4,0.3,0.3,balanced
1781491018310.541,0.4,0.3,0.3,725.6860282574569,779.0,0.14513720565149138,98.14741328630218,129.15196942974723,0.005880414495417091,1.0,1.0,1.0,14,8,2.240180993390778,0,2.240180993390778,False,False,False,True,0,987,19,0.4,0.3,0.3,balanced
1781491021527.7551,0.4,0.3,0.3,740.2354788069074,797.7777777777778,0.14804709576138148,108.14023425134536,131.6318455207344,0.0065470469814106315,1.0,1.0,1.0,13,8,2.238817047601024,1,2.238817047601024,False,False,False,True,0,988,19,0.4,0.3,0.3,balanced
1781491028531.3352,0.4,0.3,0.3,775.6530612244898,843.3333333333334,0.15513061224489796,72.38242210464432,89.31657848324515,0.004161602542004291,1.0,1.0,1.0,11,8,2.2366992743394394,1,2.2366992743394394,False,False,False,True,0,989,19,0.4,0.3,0.3,balanced
1781491031855.518,0.4,0.3,0.3,739.6232339089481,797.7777777777778,0.14792464678178963,89.92063492063491,110.75807334428025,0.005331596725859567,0.9941690962099126,0.9960317460317459,0.9941690962099126,13,8,2.2374813911325,0,2.2374813911325,False,False,False,True,0,990,19,0.4,0.3,0.3,balanced
1781491035276.499,0.4,0.3,0.3,773.5070643642072,841.2222222222222,0.15470141287284142,110.47912992357436,135.61287477954144,0.006703077379824841,1.0,1.0,1.0,11,8,2.236108511636916,1,2.236108511636916,False,False,False,True,0,991,19,0.4,0.3,0.3,balanced
1781491038697.041,0.4,0.3,0.3,797.1616954474096,872.8888888888889,0.1594323390894819,120.13295346628679,144.40012662234884,0.007347094961059826,1.0,1.0,1.0,10,8,2.234022935875889,1,2.234022935875889,False,False,False,True,0,992,19,0.4,0.3,0.3,balanced
1781491042221.222,0.4,0.3,0.3,774.8147566718995,842.7777777777778,0.1549629513343799,227.35743680188125,295.34979423868316,0.014500162561833306,0.9942812289751064,0.9960317460317462,0.9942812289751064,11,8,2.2319491393902298,0,2.2319491393902298,False,False,False,True,0,993,19,0.4,0.3,0.3,balanced
1781491045739.0898,0.4,0.3,0.3,796.3218210361067,871.5555555555555,0.15926436420722134,113.24661963550851,139.88536155202826,0.006887699775550935,1.0,1.0,1.0,10,8,2.234227944384446,1,2.234227944384446,False,False,False,True,0,994,19,0.4,0.3,0.3,balanced
1781491049153.568,0.4,0.3,0.3,774.9215070643642,843.3333333333334,0.15498430141287284,140.2167277167277,175.7038845927735,0.008686906452083235,0.9942812289751065,0.9960317460317462,0.9942812289751065,11,8,2.2336845761917576,0,2.2336845761917576,False,False,False,True,0,995,19,0.4,0.3,0.3,balanced
1781491052476.874,0.4,0.3,0.3,738.4615384615385,796.5555555555555,0.14769230769230768,136.35435038212816,179.0358612580835,0.008429242854044573,1.0,1.0,1.0,13,8,2.2383943040668637,0,2.2383943040668637,False,False,False,True,0,996,19,0.4,0.3,0.3,balanced
1781491055899.592,0.4,0.3,0.3,774.6875981161695,842.4444444444445,0.1549375196232339,104.73324514991182,133.69488536155202,0.006319762851895385,1.0,1.0,1.0,11,8,2.2361290632951376,1,2.2361290632951376,False,False,False,True,0,997,19,0.4,0.3,0.3,balanced
1781491063195.369,0.4,0.3,0.3,748.3249607535321,805.7777777777778,0.14966499215070642,204.77237654320984,258.3719135802469,0.012993487427832545,0.8381513647642679,0.8754032258064517,0.8381513647642679,13,8,2.187681366340648,0,2.187681366340648,False,False,False,True,0,998,19,0.4,0.3,0.3,balanced
1781491066409.399,0.4,0.3,0.3,727.9230769230769,781.5555555555555,0.14558461538461537,580.8289241622575,622.5161669606114,0.038080648709957136,1.0,1.0,1.0,14,8,2.230341959233167,0,2.230341959233167,False,False,False,True,0,999,19,0.4,0.3,0.3,balanced
1781491070231.8472,0.4,0.3,0.3,426.94191522762947,532.8888888888889,0.08538838304552589,83.91164616774371,90.9123236745188,0.004930730231337139,0.5604395604395604,0.6666666666666666,0.5604395604395604,16,8,2.1324972958442565,0,2.1324972958442565,False,False,False,True,0,1000,19,0.4,0.3,0.3,balanced
1781491073346.8909,0.4,0.3,0.3,696.7645211930925,741.1111111111111,0.13935290423861849,130.91049382716048,166.54467960023513,0.008066076973126116,1.0,1.0,1.0,17,8,2.241839015212615,0,2.241839015212615,False,False,False,True,0,1001,19,0.4,0.3,0.3,balanced
1781491076366.6611,0.4,0.3,0.3,676.7142857142857,716.4444444444445,0.13534285714285713,152.1840094062316,205.20723104056438,0.00948525746539237,1.0,1.0,1.0,19,8,2.2430172799032393,0,2.2430172799032393,False,False,False,True,0,1002,19,0.4,0.3,0.3,balanced
1781491079390.487,0.4,0.3,0.3,670.2653061224489,707.3333333333334,0.1340530612244898,146.4881712582862,179.69287842851065,0.009105281604955717,1.0,1.0,1.0,20,8,2.2436471910287175,0,2.2436471910287175,False,False,False,True,0,1003,19,0.4,0.3,0.3,balanced
1781491082413.43,0.4,0.3,0.3,660.590266875981,694.4444444444445,0.1321180533751962,173.10686918445538,215.70607553366173,0.010881045309169805,1.0,1.0,1.0,22,8,2.2438884650571707,0,2.2438884650571707,False,False,False,True,0,1004,19,0.4,0.3,0.3,balanced
1781491085331.6619,0.4,0.3,0.3,654.7205651491365,687.4444444444445,0.1309441130298273,229.55320399764844,282.091416813639,0.014646644696307434,1.0,1.0,1.0,23,8,2.243228361379177,0,2.243228361379177,False,False,False,True,0,1005,19,0.4,0.3,0.3,balanced
1781491088246.403,0.4,0.3,0.3,644.6781789638933,674.5555555555555,0.12893563579277867,207.42679255610292,271.1548987411057,0.013170566548105599,1.0,1.0,1.0,25,8,2.2444745757184568,0,2.2444745757184568,False,False,False,True,0,1006,19,0.4,0.3,0.3,balanced
1781491121482.471,0.4,0.3,0.3,465.1177394034537,526.1111111111111,0.09302354788069074,842.5420168067226,929.9607843137255,0.05553982767222966,0.7205651491365777,0.7777777777777778,0.7205651491365777,26,8,2.162298177287028,0,2.162298177287028,False,False,False,True,0,1007,19,0.4,0.3,0.3,balanced
1781491148004.821,0.4,0.3,0.3,634.9434850863422,662.6666666666666,0.12698869701726845,255.9599556821779,312.49446027223803,0.016408269224961834,1.0,1.0,1.0,28,8,2.244282040425604,0,2.244282040425604,False,False,False,True,0,1008,19,0.4,0.3,0.3,balanced
1781491174521.1711,0.4,0.3,0.3,640.5792778649922,669.5555555555555,0.12811585557299843,257.6654004431782,323.78600823045264,0.016522041390472197,1.0,1.0,1.0,26,8,2.243797045353659,1,2.243797045353659,False,False,False,True,0,1009,19,0.4,0.3,0.3,balanced
1781491197664.4558,0.4,0.3,0.3,644.5714285714286,674.8888888888889,0.1289142857142857,227.59259259259258,282.5514403292181,0.014515850072888097,1.0,1.0,1.0,25,8,2.244079530692419,1,2.244079530692419,False,False,False,True,0,1010,19,0.4,0.3,0.3,balanced
1781491224286.427,0.4,0.3,0.3,640.1004709576138,670.0,0.12802009419152274,275.01661918328585,350.77397910731247,0.017679560986209864,1.0,1.0,1.0,26,8,2.243488094027528,0,2.243488094027528,False,False,False,True,0,1011,19,0.4,0.3,0.3,balanced
1781491250906.556,0.4,0.3,0.3,635.116169544741,662.3333333333334,0.12702323390894818,236.47594175371947,298.61190250079136,0.015108468429200765,1.0,1.0,1.0,28,8,2.2446581659076603,0,2.2446581659076603,False,False,False,True,0,1012,19,0.4,0.3,0.3,balanced
1781491295543.942,0.4,0.3,0.3,285.81789638932497,397.1111111111111,0.057163579277864994,576.4291292758238,452.9155710747656,0.0377871333739709,0.39799188906331756,0.5532407407407407,0.39799188906331756,29,8,2.085195994995658,0,2.085195994995658,False,False,False,True,0,1013,19,0.4,0.3,0.3,balanced
1781491358089.112,0.4,0.3,0.3,624.1177394034537,648.2222222222222,0.12482354788069074,311.38651471984804,387.40107628996515,0.0201058382067944,1.0,1.0,1.0,32,8,2.244038829385685,0,2.244038829385685,False,False,False,True,1,1014,19,0.4,0.3,0.3,balanced
1781491381022.285,0.4,0.3,0.3,617.1883830455259,640.5555555555555,0.12343767660910519,312.94713516935735,391.2804685026907,0.02020994897727534,1.0,1.0,1.0,34,8,2.2445619446631753,0,2.2445619446631753,False,False,False,True,0,1015,19,0.4,0.3,0.3,balanced
1781491407627.965,0.4,0.3,0.3,621.6263736263736,645.0,0.12432527472527471,340.61490978157644,411.5178854067743,0.02205569778396107,1.0,1.0,1.0,32,8,2.243653180774702,1,2.243653180774702,False,False,False,True,0,1016,19,0.4,0.3,0.3,balanced
1781491434352.573,0.4,0.3,0.3,617.4960753532182,640.2222222222222,0.12349921507064364,308.8619816397594,388.06267806267806,0.01993742372513405,1.0,1.0,1.0,34,8,2.244619086854202,0,2.244619086854202,False,False,False,True,0,1017,19,0.4,0.3,0.3,balanced
1781491461056.0159,0.4,0.3,0.3,614.0973312401884,636.2222222222222,0.12281946624803768,312.48733776511557,383.34124723013616,0.02017927536791965,1.0,1.0,1.0,35,8,2.244818430890409,0,2.244818430890409,False,False,False,True,0,1018,19,0.4,0.3,0.3,balanced
1781491484291.6218,0.4,0.3,0.3,610.3861852433281,630.6666666666666,0.12207723704866562,312.5063311174422,380.9449192782526,0.020180542436120226,1.0,1.0,1.0,37,8,2.245114942449698,0,2.245114942449698,False,False,False,True,0,1019,19,0.4,0.3,0.3,balanced
1781491510912.6538,0.4,0.3,0.3,609.5463108320251,629.8888888888889,0.12190926216640503,327.3884140550807,412.3678379233935,0.02117334316578257,0.9958718530147102,0.9958847736625513,0.9958718530147102,38,8,2.243645848088116,0,2.243645848088116,False,False,False,True,0,1020,19,0.4,0.3,0.3,balanced
1781491537627.8901,0.4,0.3,0.3,606.4207221350077,625.1111111111111,0.12128414442700154,387.84583729028174,487.5403608736941,0.02520652683724361,1.0,1.0,1.0,40,8,2.243924384178026,0,2.243924384178026,False,False,False,True,0,1021,19,0.4,0.3,0.3,balanced
1781491560863.3882,0.4,0.3,0.3,602.9874411302982,621.5555555555555,0.12059748822605963,366.275720164609,451.44032921810697,0.023767559717452237,1.0,1.0,1.0,41,8,2.2446307367943406,0,2.2446307367943406,False,False,False,True,0,1022,19,0.4,0.3,0.3,balanced
1781491587479.3342,0.4,0.3,0.3,601.1255886970172,619.1111111111111,0.12022511773940343,385.4226020892688,491.1348528015195,0.025044870052653025,1.0,1.0,1.0,43,8,2.244396491888443,0,2.244396491888443,False,False,False,True,0,1023,19,0.4,0.3,0.3,balanced
1781491614190.1082,0.4,0.3,0.3,598.8524332810047,616.2222222222222,0.11977048665620094,422.9226020892687,528.3364988920544,0.02754653783117203,1.0,1.0,1.0,44,8,2.243827843988168,0,2.243827843988168,False,False,False,True,0,1024,19,0.4,0.3,0.3,balanced
1781491641006.643,0.4,0.3,0.3,597.5353218210361,614.2222222222222,0.11950706436420722,6405.199841722064,6625.3699905033245,0.42663107683269275,0.9934455044345154,0.9916112693890473,0.9934455044345154,46,8,2.1222415025348638,0,2.1222415025348638,False,False,False,True,0,1025,19,0.4,0.3,0.3,balanced
1781491664038.262,0.4,0.3,0.3,597.0486656200942,613.0,0.11940973312401884,451.12614751503634,553.0025324469768,0.029428028520015765,1.0,1.0,1.0,47,8,2.2434076981943876,0,2.2434076981943876,False,False,False,True,0,1026,19,0.4,0.3,0.3,balanced
1781491690653.286,0.4,0.3,0.3,595.0125588697017,610.7777777777778,0.11900251177394035,487.80072807850587,611.9816397594176,0.031874631626317936,1.0,1.0,1.0,49,8,2.2428366058025286,0,2.2428366058025286,False,False,False,True,0,1027,19,0.4,0.3,0.3,balanced
1781491717261.7139,0.4,0.3,0.3,595.4897959183672,610.8888888888889,0.11909795918367344,479.446027223805,610.6141183918961,0.03131728000158806,1.0,1.0,1.0,50,8,2.242965632326054,0,2.242965632326054,False,False,False,True,0,1028,19,0.4,0.3,0.3,balanced
1781491743880.1528,0.4,0.3,0.3,592.960753532182,608.4444444444445,0.1185921507064364,501.38493194048743,620.8357075023741,0.03278084936227401,1.0,1.0,1.0,52,8,2.2427288849087432,0,2.2427288849087432,False,False,False,True,0,1029,19,0.4,0.3,0.3,balanced
1781491766909.693,0.4,0.3,0.3,591.8414442700156,606.4444444444445,0.11836828885400312,497.2420069642291,626.0003165558722,0.03250447011102262,0.9958718530147102,0.9958847736625513,0.9958718530147102,53,8,2.241662899329505,0,2.241662899329505,False,False,False,True,0,1030,19,0.4,0.3,0.3,balanced
1781491793328.4841,0.4,0.3,0.3,593.1318681318681,608.1111111111111,0.11862637362637363,480.5531813865147,608.6910414688192,0.03139113951878017,1.0,1.0,1.0,52,8,2.2431321086938163,1,2.2431321086938163,False,False,False,True,0,1031,19,0.4,0.3,0.3,balanced
1781491819836.854,0.4,0.3,0.3,591.6452119309262,606.5555555555555,0.11832904238618523,525.5951250395694,649.5093383982273,0.03439593896194593,1.0,1.0,1.0,53,8,2.242349601356942,0,2.242349601356942,False,False,False,True,0,1032,19,0.4,0.3,0.3,balanced
1781491842764.146,0.4,0.3,0.3,589.4929356357927,603.8888888888889,0.11789858712715855,581.1688825577714,725.5444761000316,0.038103327722332984,1.0,1.0,1.0,55,8,2.2414095668324365,0,2.2414095668324365,False,False,False,True,0,1033,19,0.4,0.3,0.3,balanced
1781491869173.288,0.4,0.3,0.3,589.270015698587,602.6666666666666,0.1178540031397174,587.4580563469451,710.3798670465336,0.03852288568024984,1.0,1.0,1.0,56,8,2.241301533040038,0,2.241301533040038,False,False,False,True,0,1034,19,0.4,0.3,0.3,balanced
1781491895395.72,0.4,0.3,0.3,588.2072213500785,601.4444444444445,0.1176414442700157,597.2348844571065,730.2469135802469,0.0391751090364981,1.0,1.0,1.0,58,8,2.2411908895810444,0,2.2411908895810444,False,False,False,True,0,1035,19,0.4,0.3,0.3,balanced
1781491917927.763,0.4,0.3,0.3,586.2857142857142,599.2222222222222,0.11725714285714284,656.8922127255461,808.1133270022159,0.04315491746000975,0.9958718530147102,0.9958847736625513,0.9958718530147102,59,8,2.238912223523553,0,2.238912223523553,False,False,False,True,0,1036,19,0.4,0.3,0.3,balanced
1781491944137.4531,0.4,0.3,0.3,585.0031397174254,597.3333333333334,0.11700062794348508,593.4219689775246,748.2383665716999,0.038920745095231794,1.0,1.0,1.0,61,8,2.2415235252940366,0,2.2415235252940366,False,False,False,True,0,1037,19,0.4,0.3,0.3,balanced
1781492006458.466,0.4,0.3,0.3,584.2323390894819,596.1111111111111,0.11684646781789639,722.1153846153845,883.7860082304527,0.047506029660799504,1.0,1.0,1.0,64,8,2.2390096039746017,0,2.2390096039746017,False,False,False,True,1,1038,19,0.4,0.3,0.3,balanced
1781492033184.078,0.4,0.3,0.3,583.9544740973312,596.5555555555555,0.11679089481946624,660.2746122190567,826.9246597024375,0.0433805611887296,1.0,1.0,1.0,65,8,2.2402694737155944,0,2.2402694737155944,False,False,False,True,0,1039,19,0.4,0.3,0.3,balanced
1781492056211.469,0.4,0.3,0.3,581.7441130298273,593.7777777777778,0.11634882260596546,651.4988920544477,844.4207027540361,0.042795122885553545,1.0,1.0,1.0,67,8,2.2406219340919478,0,2.2406219340919478,False,False,False,True,0,1040,19,0.4,0.3,0.3,balanced
1781492082615.361,0.4,0.3,0.3,581.5149136577708,593.1111111111111,0.11630298273155415,684.0598290598291,855.164609053498,0.04496730013741355,1.0,1.0,1.0,68,8,2.239988616866154,0,2.239988616866154,False,False,False,True,0,1041,19,0.4,0.3,0.3,balanced
1781492108943.441,0.4,0.3,0.3,582.2684458398744,593.8888888888889,0.11645368916797488,705.8626147515037,855.9385881608105,0.046421788842662015,1.0,1.0,1.0,67,8,2.2394919876800112,1,2.2394919876800112,False,False,False,True,0,1042,19,0.4,0.3,0.3,balanced
1781492131475.117,0.4,0.3,0.3,583.6153846153846,595.7777777777778,0.11672307692307693,650.5373535929091,803.7132003798671,0.0427309775578992,1.0,1.0,1.0,65,8,2.2404914759633994,1,2.2404914759633994,False,False,False,True,0,1043,19,0.4,0.3,0.3,balanced
1781492157989.396,0.4,0.3,0.3,583.1616954474097,595.3333333333334,0.11663233908948194,617.3575498575499,780.6157011712567,0.040517515000503664,1.0,1.0,1.0,64,8,2.241191809864056,1,2.241191809864056,False,False,False,True,0,1044,19,0.4,0.3,0.3,balanced
1781492184707.084,0.4,0.3,0.3,583.5400313971742,595.6666666666666,0.11670800627943484,687.8141817030706,814.7546691991136,0.045217757285061416,1.0,1.0,1.0,65,8,2.2397514703027075,0,2.2397514703027075,False,False,False,True,0,1045,19,0.4,0.3,0.3,balanced
1781492211324.049,0.4,0.3,0.3,583.7095761381474,595.7777777777778,0.11674191522762949,670.3490028490028,812.0971826527381,0.04405263528012027,1.0,1.0,1.0,64,8,2.2400874433249123,1,2.2400874433249123,False,False,False,True,0,1046,19,0.4,0.3,0.3,balanced
1781492236856.487,0.4,0.3,0.3,497.90894819466246,537.7777777777778,0.0995817896389325,598.2535121328225,672.7905491698596,0.039243062850755336,0.8398744113029827,0.8888888888888888,0.8398744113029827,61,8,2.2003566886800954,1,2.2003566886800954,False,False,False,True,0,1047,19,0.4,0.3,0.3,balanced
1781492263458.172,0.4,0.3,0.3,586.668759811617,599.8888888888889,0.11733375196232339,593.0769230769231,770.2374169040836,0.03889772668958793,0.9940694226408512,0.9958847736625513,0.9940694226408512,59,8,2.2396180080004497,1,2.2396180080004497,False,False,False,True,0,1048,19,0.4,0.3,0.3,balanced
1781492289980.743,0.4,0.3,0.3,586.6797488226059,599.8888888888889,0.11733594976452118,599.2014878125989,720.2453308008863,0.039306303389766435,0.9958718530147102,0.9958847736625513,0.9958718530147102,58,8,2.2400352849816745,1,2.2400352849816745,False,False,False,True,0,1049,19,0.4,0.3,0.3,balanced
1781492313008.014,0.4,0.3,0.3,586.0219780219779,600.3333333333334,0.11720439560439559,516.6452991452991,644.099398543843,0.03379888586693123,1.0,1.0,1.0,56,8,2.2429785759981624,1,2.2429785759981624,False,False,False,True,0,1050,19,0.4,0.3,0.3,balanced
1781492339618.9849,0.4,0.3,0.3,588.5918367346939,602.0,0.11771836734693877,557.8347578347577,659.5773979107312,0.03654668164341279,1.0,1.0,1.0,58,8,2.2419486485682008,0,2.2419486485682008,False,False,False,True,0,1051,19,0.4,0.3,0.3,balanced
1781492366234.956,0.4,0.3,0.3,586.2040816326529,600.1111111111111,0.11724081632653058,490.1187084520418,604.6723646723646,0.03202926674129698,1.0,1.0,1.0,56,8,2.2434948934469987,1,2.2434948934469987,False,False,False,True,0,1052,19,0.4,0.3,0.3,balanced
1781492392753.488,0.4,0.3,0.3,587.1930926216639,601.4444444444445,0.1174386185243328,457.5609370053814,568.960113960114,0.029857300667470405,1.0,1.0,1.0,55,8,2.244067362390026,1,2.244067362390026,False,False,False,True,0,1053,19,0.4,0.3,0.3,balanced
1781492415914.479,0.4,0.3,0.3,591.8178963893249,606.7777777777778,0.11836357927786498,491.24327318771765,597.8363406141184,0.03210428773767296,1.0,1.0,1.0,53,8,2.243023281967552,1,2.243023281967552,False,False,False,True,0,1054,19,0.4,0.3,0.3,balanced
1781492442622.8198,0.4,0.3,0.3,591.065934065934,606.2222222222222,0.11821318681318681,494.7412155745489,581.1823361823361,0.032337639464613,1.0,1.0,1.0,52,8,2.2430134334353413,1,2.2430134334353413,False,False,False,True,0,1055,19,0.4,0.3,0.3,balanced
1781492469124.5461,0.4,0.3,0.3,590.9827315541601,605.7777777777778,0.11819654631083201,517.3211459322571,632.9534662867995,0.033843972377068515,1.0,1.0,1.0,53,8,2.2425681897625465,0,2.2425681897625465,False,False,False,True,0,1056,19,0.4,0.3,0.3,balanced
1781492492155.986,0.4,0.3,0.3,591.0580847723705,606.2222222222222,0.1182116169544741,447.14466603355487,544.7372586261475,0.029162419348469304,1.0,1.0,1.0,52,8,2.2439666274136694,1,2.2439666274136694,False,False,False,True,0,1057,19,0.4,0.3,0.3,balanced
1781492518773.288,0.4,0.3,0.3,593.0470957613815,608.4444444444445,0.1186094191522763,519.0922760367205,624.6565368787591,0.03396212648677255,1.0,1.0,1.0,50,8,2.2423675943930577,1,2.2423675943930577,False,False,False,True,0,1058,19,0.4,0.3,0.3,balanced
1781492545294.058,0.4,0.3,0.3,594.0863422291993,609.7777777777778,0.11881726844583987,481.9594808483697,574.8148148148148,0.0314849553601314,1.0,1.0,1.0,49,8,2.2430276060136247,1,2.2430276060136247,False,False,False,True,0,1059,19,0.4,0.3,0.3,balanced
1781492571905.071,0.4,0.3,0.3,595.0345368916796,612.0,0.11900690737833593,460.0743906299462,559.7752453308009,0.030024976026013755,1.0,1.0,1.0,47,8,2.2433897442408615,1,2.2433897442408615,False,False,False,True,0,1060,19,0.4,0.3,0.3,balanced
1781492594836.8672,0.4,0.3,0.3,596.1130298273155,612.8888888888889,0.1192226059654631,436.6508388730611,543.3380816714149,0.028462364167649173,1.0,1.0,1.0,46,8,2.24377224836352,1,2.24377224836352,False,False,False,True,0,1061,19,0.4,0.3,0.3,balanced
1781492621543.136,0.4,0.3,0.3,600.4913657770801,618.5555555555555,0.12009827315541602,371.7339347894903,475.1946818613485,0.024131683441593752,1.0,1.0,1.0,44,8,2.2447211857053553,1,2.2447211857053553,False,False,False,True,0,1062,19,0.4,0.3,0.3,balanced
1781492648052.127,0.4,0.3,0.3,601.9136577708007,620.7777777777778,0.12038273155416014,400.28173472617914,497.68914213358653,0.02603613974157299,1.0,1.0,1.0,43,8,2.244036065455864,1,2.244036065455864,False,False,False,True,0,1063,19,0.4,0.3,0.3,balanced
1781492670977.637,0.4,0.3,0.3,604.0,623.2222222222222,0.1208,363.1069958847736,444.52674897119346,0.023556170505988898,1.0,1.0,1.0,41,8,2.2446131488482033,1,2.2446131488482033,False,False,False,True,0,1064,19,0.4,0.3,0.3,balanced
1781492697602.207,0.4,0.3,0.3,605.8163265306122,625.1111111111111,0.12116326530612244,402.3789173789174,486.83602405824627,0.026176045188720305,0.9958718530147102,0.9958847736625513,0.9958718530147102,40,8,2.242443436225348,1,2.242443436225348,False,False,False,True,0,1065,19,0.4,0.3,0.3,balanced
1781492724014.43,0.4,0.3,0.3,608.3359497645212,629.2222222222222,0.12166718995290424,383.7654320987654,462.79835390946505,0.024934318352152464,1.0,1.0,1.0,38,8,2.2438528285131927,1,2.2438528285131927,False,False,False,True,0,1066,19,0.4,0.3,0.3,balanced
1781492750528.816,0.4,0.3,0.3,611.3485086342229,632.2222222222222,0.12226970172684458,296.29629629629625,371.6872427983539,0.01909915252143404,1.0,1.0,1.0,37,8,2.245362373552832,1,2.245362373552832,False,False,False,True,0,1067,19,0.4,0.3,0.3,balanced
1781492773559.499,0.4,0.3,0.3,614.2888540031397,635.6666666666666,0.12285777080062794,297.403450459006,392.74928774928776,0.019173012038626154,1.0,1.0,1.0,35,8,2.245104988068161,1,2.245104988068161,False,False,False,True,0,1068,19,0.4,0.3,0.3,balanced
1781492799879.518,0.4,0.3,0.3,614.7315541601256,638.2222222222222,0.12294631083202512,344.40487496043045,412.7508705286483,0.02230853068448502,1.0,1.0,1.0,34,8,2.2441289164618445,1,2.2441289164618445,False,False,False,True,0,1069,19,0.4,0.3,0.3,balanced
1781492826310.14,0.4,0.3,0.3,622.7001569858712,646.4444444444445,0.12454003139717425,281.78300094966755,350.6030389363723,0.01813095403266628,1.0,1.0,1.0,32,8,2.2447447012313306,1,2.2447447012313306,False,False,False,True,0,1070,19,0.4,0.3,0.3,balanced
1781492854717.1782,0.4,0.3,0.3,628.778649921507,653.6666666666666,0.1257557299843014,452.2030651340997,450.88122605363986,0.029499870922888572,0.9639473826665945,0.9310344827586208,0.9639473826665945,29,8,2.230031961529391,1,2.230031961529391,False,False,False,True,0,1071,19,0.4,0.3,0.3,balanced
1781492879860.898,0.4,0.3,0.3,631.4191522762951,658.1111111111111,0.126283830455259,365.82567049808426,512.7305236270754,0.023737536390799483,0.8571428571428572,0.9027777777777778,0.8571428571428572,28,8,2.199508064043514,1,2.199508064043514,False,False,False,True,0,1072,19,0.4,0.3,0.3,balanced
1781492906386.208,0.4,0.3,0.3,639.9764521193092,669.2222222222222,0.12799529042386185,247.1731560620449,302.46122190566643,0.015822091798668773,1.0,1.0,1.0,26,8,2.2440552562908547,1,2.2440552562908547,False,False,False,True,0,1073,19,0.4,0.3,0.3,balanced
1781492932693.749,0.4,0.3,0.3,642.2935635792778,673.0,0.12845871271585557,241.44666033554918,292.92022792022794,0.015440070736194075,1.0,1.0,1.0,25,8,2.2439844936927997,1,2.2439844936927997,False,False,False,True,0,1074,19,0.4,0.3,0.3,balanced
1781492955723.9111,0.4,0.3,0.3,652.7111459968603,685.6666666666666,0.13054222919937206,258.77651155428936,334.7404241848687,0.016596164880206096,1.0,1.0,1.0,23,8,2.2428042588561894,1,2.2428042588561894,False,False,False,True,0,1075,19,0.4,0.3,0.3,balanced
1781492982257.732,0.4,0.3,0.3,657.1145996860282,691.4444444444445,0.13142291993720565,210.963121240899,273.12282367837923,0.013406479068772448,1.0,1.0,1.0,22,8,2.243408888304486,1,2.243408888304486,False,False,False,True,0,1076,19,0.4,0.3,0.3,balanced
1781493008871.5562,0.4,0.3,0.3,671.5023547880692,708.6666666666666,0.13430047095761383,162.48654637543524,208.76226654004432,0.01017255145933524,1.0,1.0,1.0,20,8,2.243228046179154,1,2.243228046179154,False,False,False,True,0,1077,19,0.4,0.3,0.3,balanced
1781493036786.092,0.4,0.3,0.3,677.6938775510204,717.0,0.13553877551020407,175.84085933223864,252.40968801313628,0.011063432910756413,0.9213907785336357,0.9465020576131687,0.9213907785336357,19,8,2.218882693482782,1,2.218882693482782,False,False,False,True,0,1078,19,0.4,0.3,0.3,balanced
1781493059813.3691,0.4,0.3,0.3,670.4897959183673,708.5555555555555,0.13409795918367348,207.46201329534662,285.87369420702754,0.013172916163798974,0.9915849311453706,0.9916112693890473,0.9915849311453706,20,8,2.239884420821002,0,2.239884420821002,False,False,False,True,0,1079,19,0.4,0.3,0.3,balanced
1781493086330.185,0.4,0.3,0.3,678.0141287284143,717.7777777777778,0.13560282574568286,150.6275720164609,202.20481164925607,0.00938142575159846,1.0,1.0,1.0,19,8,2.242944441976247,1,2.242944441976247,False,False,False,True,0,1080,19,0.4,0.3,0.3,balanced
1781493113034.251,0.4,0.3,0.3,670.927786499215,708.6666666666666,0.134185557299843,164.70164609053498,208.08641975308643,0.010320323288227818,0.9940694226408512,0.9958847736625513,0.9940694226408512,20,8,2.2414505068858497,0,2.2414505068858497,False,False,False,True,0,1081,19,0.4,0.3,0.3,balanced
1781493136157.564,0.4,0.3,0.3,678.021978021978,718.0,0.1356043956043956,158.3823994935106,199.69768914213358,0.009898759138993369,1.0,1.0,1.0,19,8,2.242788614016544,1,2.242788614016544,False,False,False,True,0,1082,19,0.4,0.3,0.3,balanced
1781493162671.114,0.4,0.3,0.3,693.8351648351648,737.7777777777778,0.13876703296703297,144.2576764798987,189.16587527698638,0.008956482753829133,1.0,1.0,1.0,17,8,2.241806241987038,1,2.241806241987038,False,False,False,True,0,1083,19,0.4,0.3,0.3,balanced
1781493189587.147,0.4,0.3,0.3,700.7708006279435,747.7777777777778,0.14015416012558868,119.49192782526114,147.90756568534346,0.00730433140929027,1.0,1.0,1.0,16,8,2.2417470365269776,1,2.2417470365269776,False,False,False,True,0,1084,19,0.4,0.3,0.3,balanced
1781493216299.679,0.4,0.3,0.3,725.4489795918367,779.1111111111111,0.14508979591836735,100.84045584045585,125.78031022475466,0.006060070436321271,1.0,1.0,1.0,14,8,2.2401460605017567,1,2.2401460605017567,False,False,False,True,0,1085,19,0.4,0.3,0.3,balanced
1781493239128.362,0.4,0.3,0.3,703.408163265306,750.6666666666666,0.14068163265306122,117.87432731877176,148.1766381766382,0.007196419434207589,1.0,1.0,1.0,16,8,2.2415684211085134,0,2.2415684211085134,False,False,False,True,0,1086,19,0.4,0.3,0.3,balanced
1781493265548.2148,0.4,0.3,0.3,692.5353218210361,737.1111111111111,0.1385070643642072,123.47182652738208,158.09116809116807,0.007569834991820019,1.0,1.0,1.0,17,8,2.242326223756771,0,2.242326223756771,False,False,False,True,0,1087,19,0.4,0.3,0.3,balanced
1781493292058.562,0.4,0.3,0.3,703.0879120879121,750.0,0.1406175824175824,125.54843304843304,155.38619816397596,0.007708367781750036,1.0,1.0,1.0,16,8,2.241440456698442,1,2.241440456698442,False,False,False,True,0,1088,19,0.4,0.3,0.3,balanced
1781493315191.9392,0.4,0.3,0.3,725.5007849293563,779.2222222222222,0.14510015698587125,91.32795188350744,120.71541627097183,0.005425480445864405,1.0,1.0,1.0,14,8,2.240332293071892,1,2.240332293071892,False,False,False,True,0,1089,19,0.4,0.3,0.3,balanced
1781493342014.93,0.4,0.3,0.3,740.8681318681319,798.7777777777778,0.14817362637362638,93.18850902184236,113.9363722697056,0.005549600335012833,1.0,1.0,1.0,13,8,2.2390656693500457,1,2.2390656693500457,False,False,False,True,0,1090,19,0.4,0.3,0.3,balanced
1781493368728.29,0.4,0.3,0.3,774.7802197802198,842.5555555555555,0.15495604395604395,86.57803102247546,105.07122507122507,0.005108607806702832,1.0,1.0,1.0,11,8,2.2364850000755716,1,2.2364850000755716,False,False,False,True,0,1091,19,0.4,0.3,0.3,balanced
1781493398140.679,0.4,0.3,0.3,714.3626373626373,815.7777777777778,0.14287252747252746,91.90203106332139,88.08721624850656,0.00546377792283665,0.8398744113029827,0.8888888888888888,0.8398744113029827,10,8,2.193174179025033,1,2.193174179025033,False,False,False,True,0,1092,19,0.4,0.3,0.3,balanced
1781493420970.279,0.4,0.3,0.3,775.6389324960752,844.0,0.15512778649921505,88.34599556821779,110.9417537195315,0.005226550738373434,1.0,1.0,1.0,11,8,2.236380920178802,0,2.236380920178802,False,False,False,True,0,1093,19,0.4,0.3,0.3,balanced
1781493447383.042,0.4,0.3,0.3,736.8932496075353,795.0,0.14737864992150707,252.22222222222223,328.7654320987654,0.016158920761989475,1.0,1.0,1.0,13,8,2.2362008638028,0,2.2362008638028,False,False,False,True,0,1094,19,0.4,0.3,0.3,balanced
1781493473789.929,0.4,0.3,0.3,724.8995290423861,778.7777777777778,0.14497990580847722,165.38540677429566,208.25419436530547,0.010365937743448676,1.0,1.0,1.0,14,8,2.2388982563535746,0,2.2388982563535746,False,False,False,True,0,1095,19,0.4,0.3,0.3,balanced
1781493500312.257,0.4,0.3,0.3,702.5164835164835,749.1111111111111,0.1405032967032967,177.52532446976892,216.772712883824,0.011175805501652362,1.0,1.0,1.0,16,8,2.2404459396681857,0,2.2404459396681857,False,False,False,True,0,1096,19,0.4,0.3,0.3,balanced
1781493525946.074,0.4,0.3,0.3,602.4113029827314,673.2222222222222,0.12048226059654628,152.33333333333331,171.66666666666666,0.009495219034912163,0.8398744113029827,0.8888888888888888,0.8398744113029827,17,8,2.2009208534418025,0,2.2009208534418025,False,False,False,True,0,1097,19,0.4,0.3,0.3,balanced
1781493552556.5542,0.4,0.3,0.3,675.7080062794347,715.6666666666666,0.13514160125588695,203.39506172839504,248.51851851851856,0.012901605185349902,1.0,1.0,1.0,19,8,2.2420728779420402,0,2.2420728779420402,False,False,False,True,0,1098,19,0.4,0.3,0.3,balanced
1781493578982.528,0.4,0.3,0.3,669.3108320251177,706.8888888888889,0.13386216640502355,234.51883507439067,282.3820829376385,0.014977907610032733,0.9958718530147102,0.9958847736625513,0.9958718530147102,20,8,2.240723317059394,0,2.240723317059394,False,False,False,True,0,1099,19,0.4,0.3,0.3,balanced
1781493601807.26,0.4,0.3,0.3,656.7817896389325,690.7777777777778,0.13135635792778652,188.03735359290914,230.0,0.01187707495616472,1.0,1.0,1.0,22,8,2.243894334342036,0,2.243894334342036,False,False,False,True,0,1100,19,0.4,0.3,0.3,balanced
1781493628411.945,0.4,0.3,0.3,652.7064364207221,685.4444444444445,0.1305412872841444,389.7879075656853,498.3602405824629,0.025336084560752856,1.0,1.0,1.0,23,8,2.2401826597181165,0,2.2401826597181165,False,False,False,True,0,1101,19,0.4,0.3,0.3,balanced
1781493654927.87,0.4,0.3,0.3,644.160125588697,674.8888888888889,0.12883202511773942,317.735834124723,395.843621399177,0.02052940854734643,1.0,1.0,1.0,25,8,2.2423083673887003,0,2.2423083673887003,False,False,False,True,0,1102,19,0.4,0.3,0.3,balanced
1781493681143.897,0.4,0.3,0.3,641.4238618524331,670.4444444444445,0.12828477237048663,225.37828426717317,288.2905982905983,0.01436813103850388,1.0,1.0,1.0,26,8,2.244375651740254,0,2.244375651740254,False,False,False,True,0,1103,19,0.4,0.3,0.3,balanced
1781493709981.6611,0.4,0.3,0.3,513.6656200941915,502.8888888888889,0.10273312401883829,207.79365079365078,279.67133520074697,0.013195040079629806,0.8304552590266876,0.7777777777777778,0.8304552590266876,28,8,2.204084816076582,0,2.204084816076582,False,False,False,True,0,1104,19,0.4,0.3,0.3,balanced
1781493736398.555,0.4,0.3,0.3,629.0737833594976,655.7777777777778,0.12581475667189954,250.48907882241213,308.18613485280156,0.0160433007886866,1.0,1.0,1.0,29,8,2.2448611070946343,0,2.2448611070946343,False,False,False,True,0,1105,19,0.4,0.3,0.3,balanced
1781493762918.7952,0.4,0.3,0.3,633.3877551020407,660.7777777777778,0.12667755102040815,216.43083254194366,287.79835390946505,0.013771236327014253,1.0,1.0,1.0,28,8,2.2451976086937324,1,2.2451976086937324,False,False,False,True,0,1106,19,0.4,0.3,0.3,balanced
1781493789346.169,0.4,0.3,0.3,629.3626373626373,655.5555555555555,0.12587252747252747,269.0811965811966,345.0063311174422,0.01728360217352879,1.0,1.0,1.0,29,8,2.2444659083589302,0,2.2444659083589302,False,False,False,True,0,1107,19,0.4,0.3,0.3,balanced
1781493829774.977,0.4,0.3,0.3,631.1569858712716,659.7777777777778,0.1262313971742543,1189.3278948399193,1548.9739668776922,0.07867430919545826,0.559228621402328,0.6161112789019766,0.559228621402328,32,8,2.0936737347923593,0,2.0936737347923593,False,False,False,True,0,1108,19,0.4,0.3,0.3,balanced
1781493852709.435,0.4,0.3,0.3,617.9324960753531,640.4444444444445,0.12358649921507063,313.98622981956316,394.39221272554613,0.02027926816674871,1.0,1.0,1.0,34,8,2.2444816198639472,0,2.2444816198639472,False,False,False,True,0,1109,19,0.4,0.3,0.3,balanced
1781493879128.833,0.4,0.3,0.3,621.469387755102,645.3333333333334,0.1242938775510204,310.05064893953784,371.1142766698322,0.02001672107668698,1.0,1.0,1.0,32,8,2.2442774326565855,1,2.2442774326565855,False,False,False,True,0,1110,19,0.4,0.3,0.3,balanced
1781493905443.571,0.4,0.3,0.3,616.5934065934066,640.2222222222222,0.12331868131868132,302.3852484963596,370.05381449825893,0.019505353468736466,1.0,1.0,1.0,34,8,2.2448209214319066,0,2.2448209214319066,False,False,False,True,0,1111,19,0.4,0.3,0.3,balanced
1781493932059.927,0.4,0.3,0.3,615.3061224489796,637.1111111111111,0.12306122448979592,360.3814498258942,440.1883507439063,0.02337434621920575,1.0,1.0,1.0,35,8,2.2437632063383197,0,2.2437632063383197,False,False,False,True,0,1112,19,0.4,0.3,0.3,balanced
1781493969581.685,0.4,0.3,0.3,349.9544740973312,451.8888888888889,0.06999089481946623,242.2481411993607,219.76846640261272,0.015493538438916658,0.5136970172684457,0.6638888888888889,0.5136970172684457,37,8,2.1214646857210724,0,2.1214646857210724,False,False,False,True,0,1113,19,0.4,0.3,0.3,balanced
1781493994617.104,0.4,0.3,0.3,575.6499215070643,562.2222222222222,0.11512998430141286,478.3026819923371,506.1979565772669,0.03124100613691375,0.9530853761622993,0.9102564102564104,0.9530853761622993,35,8,2.2305013172870507,1,2.2305013172870507,False,False,False,True,0,1114,19,0.4,0.3,0.3,balanced
1781494020935.543,0.4,0.3,0.3,608.9403453689167,630.2222222222222,0.12178806907378334,350.2247546691991,422.0702754036087,0.022696781498945905,1.0,1.0,1.0,37,8,2.2444757379208027,0,2.2444757379208027,False,False,False,True,0,1115,19,0.4,0.3,0.3,balanced
1781494047345.702,0.4,0.3,0.3,609.4866562009418,629.7777777777778,0.12189733124018835,354.33839822728703,428.35074390629944,0.022971207353388062,1.0,1.0,1.0,38,8,2.2443497052979082,0,2.2443497052979082,False,False,False,True,0,1116,19,0.4,0.3,0.3,balanced
1781494073973.809,0.4,0.3,0.3,605.6844583987441,624.8888888888889,0.12113689167974882,405.32051282051276,494.55682177904396,0.02637228237628504,0.9957130781306605,0.9957264957264957,0.9957130781306605,40,8,2.242347482054413,0,2.242347482054413,False,False,False,True,0,1117,19,0.4,0.3,0.3,balanced
1781494099707.751,0.4,0.3,0.3,565.7394034536892,549.4444444444445,0.11314788069073783,427.5474601408973,528.2347052280312,0.027855067387651585,0.9365777080062794,0.8851851851851852,0.9365777080062794,41,8,2.227357639909293,0,2.227357639909293,False,False,False,True,0,1118,19,0.4,0.3,0.3,balanced
1781494126116.9119,0.4,0.3,0.3,604.7551020408163,623.6666666666666,0.12095102040816326,408.0864197530864,492.83950617283944,0.02655679918299442,1.0,1.0,1.0,41,8,2.2436525520818362,2,2.2436525520818362,False,False,False,True,0,1119,19,0.4,0.3,0.3,balanced
1781494152634.874,0.4,0.3,0.3,601.2762951334379,619.8888888888889,0.12025525902668757,470.32605254827473,574.1737891737891,0.030708876087276498,1.0,1.0,1.0,43,8,2.242685233563142,0,2.242685233563142,False,False,False,True,0,1120,19,0.4,0.3,0.3,balanced
1781494175261.988,0.4,0.3,0.3,600.342229199372,618.0,0.1200684458398744,356.34852801519474,449.6612852168407,0.02310530540461606,1.0,1.0,1.0,44,8,2.2450410300426653,0,2.2450410300426653,False,False,False,True,0,1121,19,0.4,0.3,0.3,balanced
1781494203691.36,0.4,0.3,0.3,559.9858712715856,541.8888888888889,0.11199717425431711,479.6084770114942,547.1336206896552,0.03132811721224111,0.9739619985925403,0.9501915708812262,0.9739619985925403,46,8,2.237991294712363,0,2.237991294712363,False,False,False,True,0,1122,19,0.4,0.3,0.3,balanced
1781494229896.7842,0.4,0.3,0.3,595.9230769230769,612.8888888888889,0.11918461538461537,432.3108578664134,517.3615068059512,0.02817283908381677,1.0,1.0,1.0,47,8,2.243874302121009,0,2.243874302121009,False,False,False,True,0,1123,19,0.4,0.3,0.3,balanced
1781494256309.4211,0.4,0.3,0.3,593.5714285714286,610.0,0.11871428571428572,448.23599240265906,547.008547008547,0.029235222975494267,1.0,1.0,1.0,49,8,2.2437437188216376,0,2.2437437188216376,False,False,False,True,0,1124,19,0.4,0.3,0.3,balanced
1781494279240.616,0.4,0.3,0.3,592.5651491365777,608.4444444444445,0.11851302982731554,427.3108578664134,541.1807534029756,0.027839283380014238,0.9958718530147102,0.9958847736625513,0.9958718530147102,50,8,2.2430045589594827,0,2.2430045589594827,False,False,False,True,0,1125,19,0.4,0.3,0.3,balanced
1781494305862.3108,0.4,0.3,0.3,590.4521193092621,606.0,0.11809042386185242,467.76590693257356,583.2272871161761,0.030538085852740062,1.0,1.0,1.0,52,8,2.243602404699437,0,2.243602404699437,False,False,False,True,0,1126,19,0.4,0.3,0.3,balanced
1781494332375.4832,0.4,0.3,0.3,590.3045525902669,604.6666666666666,0.11806091051805338,510.79297245963903,626.6350110794556,0.03340847047762769,1.0,1.0,1.0,53,8,2.2427530946494905,0,2.2427530946494905,False,False,False,True,0,1127,19,0.4,0.3,0.3,balanced
1781494355410.405,0.4,0.3,0.3,588.5321821036106,602.8888888888889,0.11770643642072212,565.1440329218108,661.1522633744856,0.037034291722602454,1.0,1.0,1.0,55,8,2.2418071379149302,0,2.2418071379149302,False,False,False,True,0,1128,19,0.4,0.3,0.3,balanced
1781494381730.398,0.4,0.3,0.3,587.4427001569859,601.2222222222222,0.11748854003139718,548.1204495093384,673.4029756251979,0.035898629053324776,1.0,1.0,1.0,56,8,2.2422349952714438,0,2.2422349952714438,False,False,False,True,0,1129,19,0.4,0.3,0.3,balanced
1781494408050.532,0.4,0.3,0.3,587.712715855573,601.5555555555555,0.11754254317111461,538.3760683760684,655.371953149731,0.03524857027191917,1.0,1.0,1.0,58,8,2.2424084116499783,0,2.2424084116499783,False,False,False,True,0,1130,19,0.4,0.3,0.3,balanced
1781494434166.306,0.4,0.3,0.3,587.1868131868132,600.4444444444445,0.11743736263736264,637.2815764482431,766.1554289332066,0.041846669542911476,1.0,1.0,1.0,59,8,2.2404710540821817,0,2.2404710540821817,False,False,False,True,0,1131,19,0.4,0.3,0.3,balanced
1781494457203.961,0.4,0.3,0.3,587.072213500785,600.4444444444445,0.117414442700157,587.0718581829692,734.9936688825577,0.038497121960171396,1.0,1.0,1.0,58,8,2.2414850863318856,1,2.2414850863318856,False,False,False,True,0,1132,19,0.4,0.3,0.3,balanced
1781494483529.266,0.4,0.3,0.3,585.4442700156986,598.7777777777778,0.11708885400313973,642.7706552706552,806.8597657486547,0.042212852252878935,1.0,1.0,1.0,59,8,2.2405006027228804,0,2.2405006027228804,False,False,False,True,0,1133,19,0.4,0.3,0.3,balanced
1781494509751.106,0.4,0.3,0.3,585.5007849293563,598.3333333333334,0.11710015698587126,679.8702120924344,810.2674897119341,0.04468780601016907,1.0,1.0,1.0,61,8,2.239753595402601,0,2.239753595402601,False,False,False,True,0,1134,19,0.4,0.3,0.3,balanced
1781494532485.7659,0.4,0.3,0.3,584.1648351648352,596.7777777777778,0.11683296703296703,636.5637860082304,787.9835390946502,0.041798784923831246,1.0,1.0,1.0,61,8,2.2407271777096636,2,2.2407271777096636,False,False,False,True,0,1135,19,0.4,0.3,0.3,balanced
1781494558401.4321,0.4,0.3,0.3,580.8885400313972,593.6666666666666,0.11617770800627943,687.6978474200696,867.408990186768,0.045209996492332864,1.0,1.0,1.0,64,8,2.2399659178497884,0,2.2399659178497884,False,False,False,True,0,1136,19,0.4,0.3,0.3,balanced
1781494585014.969,0.4,0.3,0.3,582.436420722135,595.1111111111111,0.11648728414442701,701.7173156062045,866.0557138334916,0.046145251207885554,0.9899412756555613,0.9917695473251028,0.9899412756555613,65,8,2.236543893676532,0,2.236543893676532,False,False,False,True,0,1137,19,0.4,0.3,0.3,balanced
1781494611242.1929,0.4,0.3,0.3,579.8257456828885,591.8888888888889,0.1159651491365777,724.1690408357075,863.8603988603988,0.04764303140998716,1.0,1.0,1.0,67,8,2.2393210309223726,0,2.2393210309223726,False,False,False,True,0,1138,19,0.4,0.3,0.3,balanced
1781494633981.0022,0.4,0.3,0.3,580.1648351648352,591.2222222222222,0.11603296703296703,712.0963912630579,871.1380183602406,0.046837651184993855,1.0,1.0,1.0,68,8,2.239535517831315,0,2.239535517831315,False,False,False,True,0,1139,19,0.4,0.3,0.3,balanced
1781494660099.7888,0.4,0.3,0.3,582.3500784929356,594.2222222222222,0.11647001569858711,712.5261158594492,882.5055397277619,0.04686631860303197,1.0,1.0,1.0,67,8,2.2393520981396557,1,2.2393520981396557,False,False,False,True,0,1140,19,0.4,0.3,0.3,balanced
1781494686517.92,0.4,0.3,0.3,582.4270015698587,594.6666666666666,0.11648540031397174,642.4153213042102,793.6403925292814,0.04218914751862644,1.0,1.0,1.0,65,8,2.240749095618823,1,2.240749095618823,False,False,False,True,0,1141,19,0.4,0.3,0.3,balanced
1781494709047.2478,0.4,0.3,0.3,581.5447409733123,593.1111111111111,0.11630894819466246,689.9002849002848,845.3656220322887,0.045356923609091715,1.0,1.0,1.0,64,8,2.2398693436394073,1,2.2398693436394073,False,False,False,True,0,1142,19,0.4,0.3,0.3,balanced
1781494735472.924,0.4,0.3,0.3,585.1412872841444,598.1111111111111,0.11702825745682888,609.0622032288699,755.1012978790757,0.03996412296390059,1.0,1.0,1.0,61,8,2.2411994601280982,1,2.2411994601280982,False,False,False,True,0,1143,19,0.4,0.3,0.3,balanced
1781494761891.36,0.4,0.3,0.3,587.5180533751962,601.1111111111111,0.11750361067503926,654.0352959797405,842.1747388414055,0.04296432928483926,1.0,1.0,1.0,59,8,2.2401092569445327,1,2.2401092569445327,False,False,False,True,0,1144,19,0.4,0.3,0.3,balanced
1781494784524.44,0.4,0.3,0.3,587.149136577708,600.4444444444445,0.1174298273155416,559.7087685976575,689.9018676796454,0.0366716990392033,1.0,1.0,1.0,58,8,2.2420265593620226,1,2.2420265593620226,False,False,False,True,0,1145,19,0.4,0.3,0.3,balanced
1781494810739.198,0.4,0.3,0.3,589.2119309262166,603.1111111111111,0.11784238618524333,560.409148464704,695.6900918012029,0.036718422179099666,1.0,1.0,1.0,56,8,2.2418475188721727,1,2.2418475188721727,False,False,False,True,0,1146,19,0.4,0.3,0.3,balanced
1781494837063.181,0.4,0.3,0.3,590.7425431711146,605.0,0.11814850863422291,502.0821462488129,623.0753402975625,0.03282736132413695,1.0,1.0,1.0,55,8,2.2428923881490697,1,2.2428923881490697,False,False,False,True,0,1147,19,0.4,0.3,0.3,balanced
1781494863781.291,0.4,0.3,0.3,590.9372056514914,604.8888888888889,0.11818744113029828,499.59322570433676,626.400759734093,0.03266132259535268,1.0,1.0,1.0,53,8,2.242926626769275,1,2.242926626769275,False,False,False,True,0,1148,19,0.4,0.3,0.3,balanced
1781494886712.3,0.4,0.3,0.3,590.1208791208791,604.1111111111111,0.11802417582417582,493.13311174422284,632.3852484963596,0.03223036102363061,1.0,1.0,1.0,55,8,2.2431212213632405,0,2.2431212213632405,False,False,False,True,0,1149,19,0.4,0.3,0.3,balanced
1781494912720.119,0.4,0.3,0.3,591.3155416012559,605.6666666666666,0.11826310832025118,504.869420702754,631.7347261791706,0.03301330358257198,1.0,1.0,1.0,53,8,2.2427907655971278,1,2.2427907655971278,False,False,False,True,0,1150,19,0.4,0.3,0.3,balanced
1781494938938.7158,0.4,0.3,0.3,592.6122448979592,607.2222222222222,0.11852244897959183,519.0376701487813,666.6350110794555,0.033958483665695885,1.0,1.0,1.0,52,8,2.2424034753084543,1,2.2424034753084543,False,False,False,True,0,1151,19,0.4,0.3,0.3,balanced
1781494961674.594,0.4,0.3,0.3,593.2605965463107,608.3333333333334,0.11865211930926214,453.01915163026274,569.7768281101614,0.029554312984006854,1.0,1.0,1.0,50,8,2.243672858381093,1,2.243672858381093,False,False,False,True,0,1152,19,0.4,0.3,0.3,balanced
1781494988091.9321,0.4,0.3,0.3,594.8241758241758,610.2222222222222,0.11896483516483515,420.1946818613485,504.3273187717632,0.02736455516086381,1.0,1.0,1.0,49,8,2.244204699385807,1,2.244204699385807,False,False,False,True,0,1153,19,0.4,0.3,0.3,balanced
1781495025827.605,0.4,0.3,0.3,398.032967032967,406.1111111111111,0.0796065934065934,364.44004065040644,463.12669376693765,0.02364509944298909,0.6703296703296703,0.6666666666666666,0.6703296703296703,50,8,2.162162733903367,0,2.162162733903367,False,False,False,True,0,1154,19,0.4,0.3,0.3,balanced
1781495052330.6702,0.4,0.3,0.3,595.287284144427,611.6666666666666,0.1190574568288854,458.77176321620766,569.7799936688825,0.02993807626525735,1.0,1.0,1.0,49,8,2.243395594388869,1,2.243395594388869,False,False,False,True,0,1155,19,0.4,0.3,0.3,balanced
1781495078946.321,0.4,0.3,0.3,595.032967032967,609.7777777777778,0.1190065934065934,507.14941437163657,597.7556188667301,0.03316540456114987,1.0,1.0,1.0,50,8,2.2424477412690176,0,2.2424477412690176,False,False,False,True,0,1156,19,0.4,0.3,0.3,balanced
1781495101673.6099,0.4,0.3,0.3,591.1899529042386,606.0,0.11823799058084772,531.1736308958531,654.8258942703386,0.03476808745135778,0.9940694226408512,0.9958847736625513,0.9940694226408512,52,8,2.240495204324509,0,2.240495204324509,False,False,False,True,0,1157,19,0.4,0.3,0.3,balanced
1781495128092.0989,0.4,0.3,0.3,595.0188383045524,610.3333333333334,0.11900376766091049,464.4056663501108,582.8363406141184,0.03031392037025422,1.0,1.0,1.0,50,8,2.2433043168245597,1,2.2433043168245597,False,False,False,True,0,1158,19,0.4,0.3,0.3,balanced
1781495154608.115,0.4,0.3,0.3,592.8100470957613,607.8888888888889,0.11856200941915226,546.983222538778,688.1228236783793,0.03582276334481508,1.0,1.0,1.0,52,8,2.2418283672288943,0,2.2418283672288943,False,False,False,True,0,1159,19,0.4,0.3,0.3,balanced
1781495177437.3901,0.4,0.3,0.3,593.2496075353217,609.1111111111111,0.11864992150706434,460.5049066160177,576.2488129154796,0.03005369623856022,1.0,1.0,1.0,50,8,2.2435239225256063,1,2.2435239225256063,False,False,False,True,0,1160,19,0.4,0.3,0.3,balanced
1781495204047.4392,0.4,0.3,0.3,594.1742543171115,609.3333333333334,0.1188348508634223,536.8027856916746,655.9591642924977,0.03514361478930451,1.0,1.0,1.0,49,8,2.2419229752178396,1,2.2419229752178396,False,False,False,True,0,1161,19,0.4,0.3,0.3,balanced
1781495230659.831,0.4,0.3,0.3,596.0486656200942,613.2222222222222,0.11920973312401884,446.51076289965175,563.6815447926559,0.029120130947274968,1.0,1.0,1.0,47,8,2.24358006746621,1,2.24358006746621,False,False,False,True,0,1162,19,0.4,0.3,0.3,balanced
1781495260274.2651,0.4,0.3,0.3,598.7723704866562,615.7777777777778,0.11975447409733124,766.1463560334529,791.6391875746715,0.05044338599289212,0.9264276430175047,0.8823178016726404,0.9264276430175047,46,8,2.2148934874684514,1,2.2148934874684514,False,False,False,True,0,1163,19,0.4,0.3,0.3,balanced
1781495283010.591,0.4,0.3,0.3,600.4521193092621,618.0,0.12009042386185242,354.67315606204494,447.72554605887944,0.022993539430423277,0.9881388452817024,0.9917695473251028,0.9881388452817024,44,8,2.241507422210643,1,2.241507422210643,False,False,False,True,0,1164,19,0.4,0.3,0.3,balanced
1781495309419.83,0.4,0.3,0.3,600.5180533751961,618.0,0.12010361067503923,342.50395694840137,418.8667299778411,0.022181718275410364,1.0,1.0,1.0,43,8,2.245304040247361,1,2.245304040247361,False,False,False,True,0,1165,19,0.4,0.3,0.3,balanced
1781495335829.7278,0.4,0.3,0.3,605.9356357927786,624.3333333333334,0.12118712715855572,354.7602089268755,438.57866413421965,0.022999346826342595,1.0,1.0,1.0,41,8,2.244625345088675,1,2.244625345088675,False,False,False,True,0,1166,19,0.4,0.3,0.3,balanced
1781495364763.0488,0.4,0.3,0.3,520.4505494505494,566.4444444444445,0.10409010989010987,311.1155810983397,343.16347381864625,0.020087763915833202,0.8398744113029826,0.8888888888888888,0.8398744113029826,40,8,2.2042999502601006,1,2.2042999502601006,False,False,False,True,0,1167,19,0.4,0.3,0.3,balanced
1781495387699.158,0.4,0.3,0.3,606.1444270015699,624.6666666666666,0.12122888540031397,373.20354542576763,462.0212092434314,0.024229722843613584,1.0,1.0,1.0,41,8,2.2442395289867902,0,2.2442395289867902,False,False,False,True,0,1168,19,0.4,0.3,0.3,balanced
1781495414017.026,0.4,0.3,0.3,603.1930926216639,621.4444444444445,0.12063861852433279,394.03213042101925,490.66160177271286,0.025619221509074,1.0,1.0,1.0,43,8,2.2440587861375447,0,2.2440587861375447,False,False,False,True,0,1169,19,0.4,0.3,0.3,balanced
1781495440228.116,0.4,0.3,0.3,605.320251177394,624.0,0.1210640502354788,374.29724596391264,459.54099398543843,0.02430268485416362,1.0,1.0,1.0,41,8,2.2442835744495593,1,2.2442835744495593,False,False,False,True,0,1170,19,0.4,0.3,0.3,balanced
1781495463164.327,0.4,0.3,0.3,608.0188383045526,626.8888888888889,0.12160376766091051,391.96976891421326,479.3241532130421,0.025481639020294412,1.0,1.0,1.0,40,8,2.2437140012295473,1,2.2437140012295473,False,False,False,True,0,1171,19,0.4,0.3,0.3,balanced
1781495489684.1372,0.4,0.3,0.3,609.7472527472527,630.6666666666666,0.12194945054945054,342.8276353276353,434.7562519784742,0.02220331122932857,1.0,1.0,1.0,38,8,2.2445592264114214,1,2.2445592264114214,False,False,False,True,0,1172,19,0.4,0.3,0.3,balanced
1781495516198.437,0.4,0.3,0.3,611.7158555729984,632.3333333333334,0.12234317111459968,322.7999366888256,405.59829059829053,0.020867240606325922,1.0,1.0,1.0,37,8,2.2448025593722623,1,2.2448025593722623,False,False,False,True,0,1173,19,0.4,0.3,0.3,balanced
1781495542614.1182,0.4,0.3,0.3,610.4772370486655,630.6666666666666,0.1220954474097331,346.80595125039565,436.09053497942386,0.022468709222841606,1.0,1.0,1.0,38,8,2.2444212082692543,0,2.2444212082692543,False,False,False,True,0,1174,19,0.4,0.3,0.3,balanced
1781495565446.9011,0.4,0.3,0.3,612.0,632.7777777777778,0.1224,328.59528331750556,408.82082937638495,0.02125385479102772,1.0,1.0,1.0,37,8,2.2446638435626918,1,2.2446638435626918,False,False,False,True,0,1175,19,0.4,0.3,0.3,balanced
1781495591774.1511,0.4,0.3,0.3,616.0784929356357,638.1111111111111,0.12321569858712715,293.19484013928457,359.4017094017094,0.01889225084318109,1.0,1.0,1.0,35,8,2.2450460453121948,1,2.2450460453121948,False,False,False,True,0,1176,19,0.4,0.3,0.3,balanced
1781495618291.028,0.4,0.3,0.3,617.3547880690737,640.4444444444445,0.12347095761381474,301.4498258942703,374.2117758784426,0.019442950359857925,1.0,1.0,1.0,34,8,2.244778731846517,1,2.244778731846517,False,False,False,True,0,1177,19,0.4,0.3,0.3,balanced
1781495643725.6228,0.4,0.3,0.3,534.6200941915226,586.3333333333334,0.10692401883830453,254.45101553166066,301.9761051373955,0.0163076061061815,0.8367346938775511,0.8888888888888888,0.8367346938775511,32,8,2.203358518796089,1,2.203358518796089,False,False,False,True,0,1178,19,0.4,0.3,0.3,balanced
1781495670444.575,0.4,0.3,0.3,630.5714285714286,657.0,0.1261142857142857,256.2147831592276,320.0965495409939,0.016425269056652942,1.0,1.0,1.0,29,8,2.2446267049972897,1,2.2446267049972897,False,False,False,True,0,1179,19,0.4,0.3,0.3,balanced
1781495696966.9749,0.4,0.3,0.3,634.2715855572999,661.3333333333334,0.12685431711145997,219.52358341247228,280.81671415004746,0.013977557265675268,1.0,1.0,1.0,28,8,2.2450650059757136,1,2.2450650059757136,False,False,False,True,0,1180,19,0.4,0.3,0.3,balanced
1781495724287.6,0.4,0.3,0.3,641.2684458398744,670.3333333333334,0.1282536891679749,4036.596119929453,4039.078596300819,0.26861882054232505,0.9621510386816509,0.963991769547325,0.9621510386816509,26,8,2.1567581897746075,1,2.1567581897746075,False,False,False,True,0,1181,19,0.4,0.3,0.3,balanced
1781495747020.3171,0.4,0.3,0.3,643.7394034536891,673.7777777777778,0.1287478806907378,215.56742640075973,266.7363089585312,0.013713637518396247,1.0,1.0,1.0,25,8,2.244386756468186,1,2.244386756468186,False,False,False,True,0,1182,19,0.4,0.3,0.3,balanced
1781495773736.203,0.4,0.3,0.3,654.131868131868,687.1111111111111,0.13082637362637362,183.17347261791704,229.57264957264957,0.011552599907799669,1.0,1.0,1.0,23,8,2.2442036705771105,1,2.2442036705771105,False,False,False,True,0,1183,19,0.4,0.3,0.3,balanced
1781495800352.3582,0.4,0.3,0.3,646.2621664050235,676.8888888888889,0.12925243328100472,201.0034821145932,258.2209559987338,0.012742060181093608,1.0,1.0,1.0,25,8,2.24447640863327,0,2.24447640863327,False,False,False,True,0,1184,19,0.4,0.3,0.3,balanced
1781495823289.0999,0.4,0.3,0.3,654.960753532182,687.7777777777778,0.1309921507064364,174.26163342830012,220.3497942386831,0.010958080949186131,1.0,1.0,1.0,23,8,2.2443157154326694,1,2.2443157154326694,False,False,False,True,0,1185,19,0.4,0.3,0.3,balanced
1781495860617.475,0.4,0.3,0.3,441.1397174254317,461.1111111111111,0.08822794348508634,132.8148148148148,164.9537037037037,0.008193116398586713,0.6703296703296703,0.6666666666666666,0.6703296703296703,22,8,2.1633497887852906,1,2.1633497887852906,False,False,False,True,0,1186,19,0.4,0.3,0.3,balanced
1781495928896.382,0.4,0.3,0.3,312.3469387755102,292.0,0.06246938775510204,110.37747747747747,179.3885885885886,0.006696296029184621,0.3947558233272519,0.37087087087087084,0.3947558233272519,22,8,2.0914301030873794,2,2.0914301030873794,False,False,False,True,0,1187,19,0.4,0.3,0.3,balanced
1781495955312.3938,0.4,0.3,0.3,670.9764521193092,708.5555555555555,0.13419529042386183,172.10588793922128,216.09528331750553,0.010814268708420366,1.0,1.0,1.0,20,8,2.2430776032179294,1,2.2430776032179294,False,False,False,True,0,1188,19,0.4,0.3,0.3,balanced
1781495982023.072,0.4,0.3,0.3,677.3956043956044,716.5555555555555,0.1354791208791209,146.49572649572647,186.96264640709086,0.009105785623464074,1.0,1.0,1.0,19,8,2.2430766159613125,1,2.2430766159613125,False,False,False,True,0,1189,19,0.4,0.3,0.3,balanced
1781496010352.212,0.4,0.3,0.3,692.8226059654631,736.8888888888889,0.13856452119309262,161.30210306934444,213.83025977853563,0.010093535895219776,0.9344940773512201,0.9545454545454545,0.9344940773512201,17,8,2.221894353959563,1,2.221894353959563,False,False,False,True,0,1190,19,0.4,0.3,0.3,balanced
1781496033392.211,0.4,0.3,0.3,703.320251177394,750.1111111111111,0.1406640502354788,127.98116492560936,158.84140550807217,0.007870658100440919,1.0,1.0,1.0,16,8,2.241373182475676,1,2.241373182475676,False,False,False,True,0,1191,19,0.4,0.3,0.3,balanced
1781496059902.589,0.4,0.3,0.3,693.9827315541602,738.0,0.13879654631083205,120.98765432098764,153.8366571699905,0.0074041130300859,1.0,1.0,1.0,17,8,2.2422601475666415,0,2.2422601475666415,False,False,False,True,0,1192,19,0.4,0.3,0.3,balanced
1781496086543.225,0.4,0.3,0.3,704.0313971742543,750.7777777777778,0.14080627943485086,133.60636277302942,165.39411206077872,0.008245921465845858,1.0,1.0,1.0,16,8,2.241203711786306,1,2.241203711786306,False,False,False,True,0,1193,19,0.4,0.3,0.3,balanced
1781496109587.94,0.4,0.3,0.3,725.2417582417581,779.3333333333334,0.14504835164835161,105.41785375118707,129.81006647673314,0.006365433872660912,1.0,1.0,1.0,14,8,2.240071029178861,1,2.240071029178861,False,False,False,True,0,1194,19,0.4,0.3,0.3,balanced
1781496136198.7551,0.4,0.3,0.3,739.8445839874411,797.8888888888889,0.14796891679748822,94.40329218106996,115.22633744855966,0.0056306399053415584,1.0,1.0,1.0,13,8,2.2391232413094024,1,2.2391232413094024,False,False,False,True,0,1195,19,0.4,0.3,0.3,balanced
1781496163028.428,0.4,0.3,0.3,776.0470957613816,843.6666666666666,0.15520941915227632,75.97657486546375,93.60715416270972,0.00440137257274608,1.0,1.0,1.0,11,8,2.2365958205672656,1,2.2365958205672656,False,False,False,True,0,1196,19,0.4,0.3,0.3,balanced
1781496189734.3171,0.4,0.3,0.3,798.8791208791209,874.1111111111111,0.1597758241758242,76.69357391579614,107.5403608736942,0.004449204397317955,1.0,1.0,1.0,10,8,2.234754909010475,1,2.234754909010475,False,False,False,True,0,1197,19,0.4,0.3,0.3,balanced
1781496213167.908,0.4,0.3,0.3,775.5400313971743,843.8888888888889,0.15510800627943486,77.78885723330168,97.17157328268439,0.004522271996884702,1.0,1.0,1.0,11,8,2.2366001158891606,0,2.2366001158891606,False,False,False,True,0,1198,19,0.4,0.3,0.3,balanced
1781496240098.034,0.4,0.3,0.3,740.651491365777,798.1111111111111,0.1481302982731554,118.69025007913898,139.3874643874644,0.007250850572324148,1.0,1.0,1.0,13,8,2.2385726255190406,0,2.2385726255190406,False,False,False,True,0,1199,19,0.4,0.3,0.3,balanced
1781496267118.423,0.4,0.3,0.3,724.8665620094191,778.4444444444445,0.14497331240188382,97.3630895853118,121.25989237100349,0.0058280913665985186,1.0,1.0,1.0,14,8,2.240262247629267,0,2.240262247629267,False,True,False,True,0,1200,19,0.4,0.3,0.3,balanced
