timestamp,alpha,beta,delta,power_wam,power_mean,power_normalized,delay_wam,delay_mean,delay_normalized,pdr_wam,pdr_mean,pdr_normalized,current_sf_len,last_ts_in_schedule,reward,action,returned_reward,terminated,truncated,wait_timeout,valid_cycle,wait_attempts,cycle_idx,seed,alpha_weight,beta_weight,delta_weight,profile
1781374750853.7778,0.4,0.3,0.3,777.4379905808477,847.7777777777778,0.15548759811616952,205.72969348659004,260.2501915708812,0.013057351133194799,0.9919883072592431,0.9846743295019158,0.9919883072592431,11,8,2.2314842475913466,0,2.2314842475913466,False,False,False,True,0,1,7,0.4,0.3,0.3,balanced
1781374754079.294,0.4,0.3,0.3,739.320251177394,797.1111111111111,0.1478640502354788,170.1440329218107,211.31687242798353,0.010683391122202181,0.9999999999999999,1.0,0.9999999999999999,13,8,2.237649362569148,0,2.237649362569148,False,False,False,True,0,2,7,0.4,0.3,0.3,balanced
1781374757292.103,0.4,0.3,0.3,724.3485086342229,778.3333333333334,0.14486970172684457,161.41088406414076,205.8553285085852,0.010100792799475702,0.9999999999999999,1.0,0.9999999999999999,14,8,2.2390218814694194,0,2.2390218814694194,False,False,False,True,0,3,7,0.4,0.3,0.3,balanced
1781374760409.934,0.4,0.3,0.3,701.1836734693877,747.7777777777778,0.14023673469387754,170.08891828336272,217.95561434450323,0.010679714361798714,0.9999999999999999,1.0,0.9999999999999999,16,8,2.2407013918139094,0,2.2407013918139094,False,False,False,True,0,4,7,0.4,0.3,0.3,balanced
1781374767213.772,0.4,0.3,0.3,724.8571428571428,778.3333333333334,0.14497142857142856,146.8253968253968,190.59523809523813,0.009127778307231275,0.9999999999999999,1.0,0.9999999999999999,14,8,2.239273095079259,1,2.239273095079259,False,False,False,True,0,5,7,0.4,0.3,0.3,balanced
1781374770328.696,0.4,0.3,0.3,700.9952904238618,747.5555555555555,0.14019905808477234,177.2685185185185,227.417695473251,0.01115867368369036,0.9999999999999999,1.0,0.9999999999999999,16,8,2.240572774660984,0,2.240572774660984,False,False,False,True,0,6,7,0.4,0.3,0.3,balanced
1781374773452.039,0.4,0.3,0.3,692.1444270015699,736.5555555555555,0.13842888540031398,162.3843732895457,211.88560481663933,0.010165735376220527,0.9999999999999999,1.0,0.9999999999999999,17,8,2.2415787252270083,0,2.2415787252270083,False,False,False,True,0,7,7,0.4,0.3,0.3,balanced
1781374776572.5032,0.4,0.3,0.3,703.1114599686027,751.0,0.14062229199372053,164.47383891828335,220.76425631981186,0.010305126011893486,0.9999999999999999,1.0,0.9999999999999999,16,8,2.2406595453989437,1,2.2406595453989437,False,False,False,True,0,8,7,0.4,0.3,0.3,balanced
1781374779600.7842,0.4,0.3,0.3,693.3846153846154,738.2222222222222,0.13867692307692306,159.07407407407405,213.62139917695472,0.009944901539297802,0.9999999999999999,1.0,0.9999999999999999,17,8,2.2415457603074413,0,2.2415457603074413,False,False,False,True,0,9,7,0.4,0.3,0.3,balanced
1781374782526.426,0.4,0.3,0.3,677.9215070643642,717.4444444444445,0.13558430141287284,177.67094017094018,243.98227287116177,0.01118551969119014,0.9999999999999999,1.0,0.9999999999999999,19,8,2.2424106235274937,0,2.2424106235274937,False,False,False,True,0,10,7,0.4,0.3,0.3,balanced
1781374785539.9238,0.4,0.3,0.3,672.3218210361067,710.5555555555555,0.13446436420722135,365.6011423300696,440.2608506152568,0.023722557860578357,0.9904377817819056,0.9922003284072249,0.9904377817819056,20,8,2.2362288214935098,0,2.2362288214935098,False,False,False,True,0,11,7,0.4,0.3,0.3,balanced
1781374788465.994,0.4,0.3,0.3,658.894819466248,693.6666666666666,0.1317789638932496,205.8641975308642,276.04938271604937,0.013066324051425231,0.9999999999999999,1.0,0.9999999999999999,22,8,2.2433685172272724,0,2.2433685172272724,False,False,False,True,0,12,7,0.4,0.3,0.3,balanced
1781374791385.931,0.4,0.3,0.3,654.8037676609104,687.0,0.13096075353218206,215.68119159115324,279.047112246346,0.013721226924026234,0.9999999999999999,1.0,0.9999999999999999,23,8,2.2434993305099193,0,2.2434993305099193,False,False,False,True,0,13,7,0.4,0.3,0.3,balanced
1781374794208.931,0.4,0.3,0.3,644.2794348508634,673.8888888888889,0.12885588697017267,244.2465970243748,318.67046533713204,0.01562685770676283,0.9999999999999999,1.0,0.9999999999999999,25,8,2.243769587899902,0,2.243769587899902,False,False,False,True,0,14,7,0.4,0.3,0.3,balanced
1781374797227.519,0.4,0.3,0.3,597.1240188383044,587.5555555555555,0.11942480376766089,625.1989453302023,773.0744860544638,0.041040623437638576,0.9419152276295132,0.8888888888888888,0.9419152276295132,26,8,2.222492459750498,0,2.222492459750498,False,False,False,True,0,15,7,0.4,0.3,0.3,balanced
1781374803639.8909,0.4,0.3,0.3,633.5368916797489,660.5555555555555,0.12670737833594978,270.6275720164609,352.9276895943563,0.017386762642859297,0.9999999999999999,1.0,0.9999999999999999,28,8,2.2441010198727622,0,2.2441010198727622,False,False,False,True,0,16,7,0.4,0.3,0.3,balanced
1781374806463.831,0.4,0.3,0.3,628.9654631083201,655.4444444444445,0.12579309262166402,281.28968253968253,377.26190476190476,0.018098044198778022,0.9999999999999999,1.0,0.9999999999999999,29,8,2.244253349691701,0,2.244253349691701,False,False,False,True,0,17,7,0.4,0.3,0.3,balanced
1781374809286.408,0.4,0.3,0.3,621.8791208791209,645.3333333333334,0.12437582417582418,333.2567049808429,421.20963327859874,0.0215648235477547,0.9999999999999999,1.0,0.9999999999999999,32,8,2.2437802232653437,0,2.2437802232653437,False,False,False,True,0,18,7,0.4,0.3,0.3,balanced
1781374812203.856,0.4,0.3,0.3,616.1648351648352,638.3333333333334,0.12323296703296703,359.65113500597374,500.1254480286738,0.023325626084454553,0.9300291545189504,0.9523809523809523,0.9300291545189504,34,8,2.222717871717162,0,2.222717871717162,False,False,False,True,0,19,7,0.4,0.3,0.3,balanced
1781374814929.3462,0.4,0.3,0.3,615.5510204081631,637.4444444444445,0.12311020408163263,304.32098765432096,399.3004115226338,0.01963448883617885,0.9999999999999999,1.0,0.9999999999999999,35,8,2.244865571716493,0,2.244865571716493,False,False,False,True,0,20,7,0.4,0.3,0.3,balanced
1781374817648.653,0.4,0.3,0.3,609.7849293563578,630.2222222222222,0.12195698587127156,357.7557319223986,450.15285126396236,0.02319918158254827,0.9999999999999999,1.0,0.9999999999999999,37,8,2.244257451176727,0,2.244257451176727,False,False,False,True,0,21,7,0.4,0.3,0.3,balanced
1781374820373.483,0.4,0.3,0.3,608.2448979591836,628.6666666666666,0.12164897959183672,343.12757201646093,432.22222222222223,0.02222332034799606,0.9999999999999999,1.0,0.9999999999999999,38,8,2.2446734120588663,0,2.2446734120588663,False,False,False,True,0,22,7,0.4,0.3,0.3,balanced
1781374823086.554,0.4,0.3,0.3,604.9874411302983,623.7777777777778,0.12099748822605966,380.2814520870076,481.8268665490888,0.024701898071181293,0.9999999999999999,1.0,0.9999999999999999,40,8,2.2441904352882216,0,2.2441904352882216,False,False,False,True,0,23,7,0.4,0.3,0.3,balanced
1781374825809.771,0.4,0.3,0.3,607.61852433281,627.7777777777778,0.121523704866562,348.5295414462081,436.14344503233394,0.022583691891007878,0.9999999999999999,1.0,0.9999999999999999,38,8,2.2446154104860727,1,2.2446154104860727,False,False,False,True,0,24,7,0.4,0.3,0.3,balanced
1781374828532.144,0.4,0.3,0.3,611.5839874411303,631.5555555555555,0.12231679748822605,369.7627526794193,456.03231131008914,0.02400018363438421,0.9999999999999999,1.0,0.9999999999999999,37,8,2.243873225914394,1,2.243873225914394,False,False,False,True,0,25,7,0.4,0.3,0.3,balanced
1781374831253.177,0.4,0.3,0.3,606.750392464678,627.3333333333334,0.12135007849293561,386.9598765432099,475.4041740152851,0.025147423385137417,0.9999999999999999,1.0,0.9999999999999999,38,8,2.2439157415872844,0,2.2439157415872844,False,False,False,True,0,26,7,0.4,0.3,0.3,balanced
1781374833976.335,0.4,0.3,0.3,605.4646781789638,624.6666666666666,0.12109293563579276,375.38433274544377,494.2210464432687,0.024375205653465227,0.9999999999999999,1.0,0.9999999999999999,40,8,2.244250264049643,0,2.244250264049643,False,False,False,True,0,27,7,0.4,0.3,0.3,balanced
1781374840270.7378,0.4,0.3,0.3,609.320251177394,629.3333333333334,0.12186405023547879,346.81878306878303,449.0608465608465,0.02246956524808426,0.9999999999999999,1.0,0.9999999999999999,38,8,2.244513510331383,1,2.244513510331383,False,False,False,True,0,28,7,0.4,0.3,0.3,balanced
1781374843689.028,0.4,0.3,0.3,344.7064364207221,445.44444444444446,0.06894128728414442,231.59044715447152,205.27245451025937,0.014782551511305638,0.5164835164835164,0.6666666666666666,0.5164835164835164,40,8,2.1229337745780055,0,2.1229337745780055,False,False,False,True,0,29,7,0.4,0.3,0.3,balanced
1781374846706.825,0.4,0.3,0.3,607.5871271585556,625.6666666666666,0.12151742543171112,735.1671476671477,922.1957671957672,0.04837672766291846,0.785186898487391,0.8243353070939278,0.785186898487391,41,8,2.1724360810746575,0,2.1724360810746575,False,False,False,True,0,30,7,0.4,0.3,0.3,balanced
1781374849429.1091,0.4,0.3,0.3,602.789638932496,621.0,0.12055792778649921,445.99685276409417,575.6841817186646,0.029085847415883534,0.9999999999999999,1.0,0.9999999999999999,43,8,2.2430510746606354,0,2.2430510746606354,False,False,False,True,0,31,7,0.4,0.3,0.3,balanced
1781374852147.006,0.4,0.3,0.3,602.0298273155415,619.2222222222222,0.1204059654631083,430.4837164750958,558.11986863711,0.028050948397271232,0.9999999999999999,1.0,0.9999999999999999,44,8,2.243422329295575,0,2.243422329295575,False,False,False,True,0,32,7,0.4,0.3,0.3,balanced
1781374854866.8152,0.4,0.3,0.3,601.8822605965462,619.6666666666666,0.12037645211930924,501.71528060416944,624.0712476823587,0.03280288729847695,0.99587185301471,0.9958847736625516,0.99587185301471,43,8,2.2407701088671463,1,2.2407701088671463,False,False,False,True,0,33,7,0.4,0.3,0.3,balanced
1781374857591.606,0.4,0.3,0.3,601.8524332810047,619.4444444444445,0.12037048665620094,418.7068965517241,535.6910235358512,0.027265303305652043,0.9942812289751065,0.9960317460317462,0.9942812289751065,44,8,2.241956583038356,0,2.241956583038356,False,False,False,True,0,34,7,0.4,0.3,0.3,balanced
1781374860315.2349,0.4,0.3,0.3,597.9733124018837,614.7777777777778,0.11959466248037674,460.94485495347567,573.4975369458128,0.03008304569402773,0.9999999999999999,1.0,0.9999999999999999,46,8,2.2431372212996408,0,2.2431372212996408,False,False,False,True,0,35,7,0.4,0.3,0.3,balanced
1781374862928.103,0.4,0.3,0.3,596.7095761381474,613.0,0.11934191522762949,453.06584362139915,593.6213991769548,0.029557427859999943,0.9999999999999999,1.0,0.9999999999999999,47,8,2.2433960055509483,0,2.2433960055509483,False,False,False,True,0,36,7,0.4,0.3,0.3,balanced
1781374865642.5322,0.4,0.3,0.3,593.320251177394,608.7777777777778,0.1186640502354788,506.6858237547893,636.912972085386,0.03313447790225412,0.9943701618578465,0.9961685823754789,0.9943701618578465,49,8,2.240905085092486,0,2.240905085092486,False,False,False,True,0,37,7,0.4,0.3,0.3,balanced
1781374868469.356,0.4,0.3,0.3,595.2103610675039,611.1111111111111,0.11904207221350077,826.1048387096772,832.71027479092,0.054443284770492144,0.965149136577708,0.9333333333333333,0.965149136577708,47,8,2.2255949266567643,1,2.2255949266567643,False,False,False,True,0,38,7,0.4,0.3,0.3,balanced
1781374874666.289,0.4,0.3,0.3,594.0675039246468,610.3333333333334,0.11881350078492935,550.8634061411839,690.6157011712567,0.036081614819291785,0.9999999999999999,1.0,0.9999999999999999,49,8,2.241650115240241,0,2.241650115240241,False,False,False,True,0,39,7,0.4,0.3,0.3,balanced
1781374877281.5771,0.4,0.3,0.3,594.6452119309262,610.0,0.11892904238618524,505.6172839506172,669.917695473251,0.03306319439296979,0.9999999999999999,1.0,0.9999999999999999,50,8,2.242509424727635,0,2.242509424727635,False,False,False,True,0,40,7,0.4,0.3,0.3,balanced
1781374879894.46,0.4,0.3,0.3,591.3940345368916,606.2222222222222,0.11827880690737831,597.2582304526749,750.2366255144032,0.03917666647449465,0.9999999999999999,1.0,0.9999999999999999,52,8,2.2409354772947,0,2.2409354772947,False,False,False,True,0,41,7,0.4,0.3,0.3,balanced
1781374882515.844,0.4,0.3,0.3,593.4709576138148,608.5555555555555,0.11869419152276296,571.4814814814814,724.9794238683127,0.03745707014552911,0.9999999999999999,1.0,0.9999999999999999,53,8,2.241285202347236,0,2.241285202347236,False,False,False,True,0,42,7,0.4,0.3,0.3,balanced
1781374885141.012,0.4,0.3,0.3,590.2747252747253,604.0,0.11805494505494506,515.5651087595531,661.6637272192828,0.033726825134059585,0.9999999999999999,1.0,0.9999999999999999,55,8,2.242659974437804,0,2.242659974437804,False,False,False,True,0,43,7,0.4,0.3,0.3,balanced
1781374887766.1692,0.4,0.3,0.3,588.2072213500785,602.1111111111111,0.1176414442700157,607.8586125808348,746.4168136390358,0.0398838300587615,0.9999999999999999,1.0,0.9999999999999999,56,8,2.240978273274365,0,2.240978273274365,False,False,False,True,0,44,7,0.4,0.3,0.3,balanced
1781374890386.382,0.4,0.3,0.3,584.3061224489796,598.0,0.11686122448979593,561.0912698412699,715.3968253968254,0.036763927274267506,0.9999999999999999,1.0,0.9999999999999999,58,8,2.242226332021801,0,2.242226332021801,False,False,False,True,0,45,7,0.4,0.3,0.3,balanced
1781374892998.813,0.4,0.3,0.3,584.6232339089481,598.1111111111111,0.11692464678178963,629.5179306290416,784.7501469723692,0.04132874787385201,0.9999999999999999,1.0,0.9999999999999999,59,8,2.2408315169251285,0,2.2408315169251285,False,False,False,True,0,46,7,0.4,0.3,0.3,balanced
1781374898124.865,0.4,0.3,0.3,142.04552590266874,208.11111111111111,0.028409105180533748,129.625,99.19444444444444,0.007980320213475651,0.22762951334379905,0.3333333333333333,0.22762951334379905,61,8,2.0545311158668835,0,2.0545311158668835,False,False,False,True,0,47,7,0.4,0.3,0.3,balanced
1781374900740.146,0.4,0.3,0.3,584.204081632653,596.1111111111111,0.11684081632653061,787.5793650793651,964.775588396278,0.05187320647627519,0.9999999999999999,1.0,0.9999999999999999,64,8,2.237701711526505,0,2.237701711526505,False,False,False,True,0,48,7,0.4,0.3,0.3,balanced
1781374903358.5369,0.4,0.3,0.3,583.425431711146,595.4444444444445,0.1166850863422292,785.9195402298849,968.3798576902022,0.05176247766710373,0.9999999999999999,1.0,0.9999999999999999,65,8,2.237797222162977,0,2.237797222162977,False,False,False,True,0,49,7,0.4,0.3,0.3,balanced
1781374905983.126,0.4,0.3,0.3,580.9387755102041,591.5555555555555,0.11618775510204082,892.7777777777778,1069.8015873015875,0.05889111259358091,0.9999999999999999,1.0,0.9999999999999999,67,8,2.235857564181109,0,2.235857564181109,False,False,False,True,0,50,7,0.4,0.3,0.3,balanced
1781374912196.6602,0.4,0.3,0.3,581.0596546310832,591.7777777777778,0.11621193092621664,865.8531746031747,1044.2063492063492,0.05709494160127917,0.9999999999999999,1.0,0.9999999999999999,68,8,2.2363867451491295,0,2.2363867451491295,False,False,False,True,0,51,7,0.4,0.3,0.3,balanced
1781374914812.679,0.4,0.3,0.3,581.6169544740973,592.1111111111111,0.11632339089481945,732.5499452654625,963.1554460864807,0.0482021311051009,0.9999999999999999,1.0,0.9999999999999999,67,8,2.2390100043105416,1,2.2390100043105416,False,False,False,True,0,52,7,0.4,0.3,0.3,balanced
1781374917423.995,0.4,0.3,0.3,582.8273155416011,594.6666666666666,0.11656546310832022,764.2857142857142,955.2777777777778,0.05031926045935385,0.9999999999999999,1.0,0.9999999999999999,65,8,2.2382780366188655,1,2.2382780366188655,False,False,False,True,0,53,7,0.4,0.3,0.3,balanced
1781374920047.007,0.4,0.3,0.3,582.5290423861852,594.1111111111111,0.11650580847723704,653.7465790914067,843.048713738369,0.042945068651861686,0.9999999999999999,1.0,0.9999999999999999,64,8,2.2405141560135466,1,2.2405141560135466,False,False,False,True,0,54,7,0.4,0.3,0.3,balanced
1781374922670.1182,0.4,0.3,0.3,583.5180533751962,596.4444444444445,0.11670361067503925,739.8001175778953,909.3533215755438,0.04868579837077354,0.9999999999999999,1.0,0.9999999999999999,61,8,2.238712816218752,1,2.238712816218752,False,False,False,True,0,55,7,0.4,0.3,0.3,balanced
1781374925296.315,0.4,0.3,0.3,580.4599686028257,592.6666666666666,0.11609199372056514,683.9917695473251,879.4650205761318,0.0449627598096948,0.9999999999999999,1.0,0.9999999999999999,64,8,2.2400743745688656,0,2.2400743745688656,False,False,False,True,0,56,7,0.4,0.3,0.3,balanced
1781374928120.85,0.4,0.3,0.3,584.6546310832025,597.4444444444445,0.1169309262166405,1444.9980856956663,1486.21295617465,0.09573035928590169,0.907276446081391,0.8768696581196581,0.907276446081391,61,8,2.1966914555519907,1,2.1966914555519907,False,False,False,True,0,57,7,0.4,0.3,0.3,balanced
1781374930744.395,0.4,0.3,0.3,586.6923076923076,600.0,0.11733846153846153,654.4451793062905,824.1005291005291,0.04299167306913212,0.9999999999999999,1.0,0.9999999999999999,59,8,2.2401671134638756,1,2.2401671134638756,False,False,False,True,0,58,7,0.4,0.3,0.3,balanced
1781374933370.289,0.4,0.3,0.3,588.0879120879122,601.4444444444445,0.11761758241758244,670.164609053498,841.5637860082305,0.044040334159672984,0.9999999999999999,1.0,0.9999999999999999,58,8,2.239740866785065,1,2.239740866785065,False,False,False,True,0,59,7,0.4,0.3,0.3,balanced
1781374935994.112,0.4,0.3,0.3,588.8241758241759,602.6666666666666,0.11776483516483517,584.998530276308,759.1681363903585,0.03835880789034743,0.9999999999999999,1.0,0.9999999999999999,56,8,2.241386423566962,1,2.241386423566962,False,False,False,True,0,60,7,0.4,0.3,0.3,balanced
1781374938615.543,0.4,0.3,0.3,590.2731554160126,604.3333333333334,0.11805463108320252,608.8242210464432,767.172251616696,0.039948246901030236,0.9999999999999999,1.0,0.9999999999999999,55,8,2.24079367349641,1,2.24079367349641,False,False,False,True,0,61,7,0.4,0.3,0.3,balanced
1781374941239.507,0.4,0.3,0.3,591.8665620094191,606.6666666666666,0.11837331240188383,535.1014109347442,690.8245149911816,0.03503011413840855,0.9999999999999999,1.0,0.9999999999999999,53,8,2.242141640797724,1,2.242141640797724,False,False,False,True,0,62,7,0.4,0.3,0.3,balanced
1781374947434.122,0.4,0.3,0.3,593.6263736263736,608.0,0.11872527472527472,549.670781893004,699.7942386831276,0.03600205349519706,0.9999999999999999,1.0,0.9999999999999999,52,8,2.241709274061331,1,2.241709274061331,False,False,False,True,0,63,7,0.4,0.3,0.3,balanced
1781374950057.925,0.4,0.3,0.3,593.4599686028257,608.5555555555555,0.11869199372056514,503.6213991769547,645.3086419753085,0.032930046642892244,0.9999999999999999,1.0,0.9999999999999999,50,8,2.242644188518906,1,2.242644188518906,False,False,False,True,0,64,7,0.4,0.3,0.3,balanced
1781374952682.884,0.4,0.3,0.3,596.8006279434851,613.1111111111111,0.11936012558869702,490.89664450775564,644.1231402342514,0.032081163743012384,0.9999999999999999,1.0,0.9999999999999999,49,8,2.2426316006416176,1,2.2426316006416176,False,False,False,True,0,65,7,0.4,0.3,0.3,balanced
1781374955307.912,0.4,0.3,0.3,598.5588697017268,614.7777777777778,0.11971177394034536,460.9670781893004,605.1440329218108,0.030084528231440987,0.9999999999999999,1.0,0.9999999999999999,47,8,2.2430899319544295,1,2.2430899319544295,False,False,False,True,0,66,7,0.4,0.3,0.3,balanced
1781374958030.745,0.4,0.3,0.3,593.6153846153845,609.7777777777778,0.1187230769230769,945.8778051450464,1171.0235358511222,0.06243347599366554,0.996156552806799,0.9961685823754789,0.996156552806799,49,8,2.2326276922747095,0,2.2326276922747095,False,False,False,True,0,67,7,0.4,0.3,0.3,balanced
1781374960650.075,0.4,0.3,0.3,596.1302982731554,612.6666666666666,0.11922605965463108,482.0006331117442,591.3390313390314,0.031487700674565994,0.9999999999999999,1.0,0.9999999999999999,47,8,2.2428632659357777,1,2.2428632659357777,False,False,False,True,0,68,7,0.4,0.3,0.3,balanced
1781374963664.393,0.4,0.3,0.3,596.7755102040815,614.0,0.11935510204081629,1523.065854624678,1556.000990295108,0.10093834920778372,0.7986492673992673,0.7909177559912854,0.7986492673992673,49,8,2.1615712346411184,0,2.1615712346411184,False,False,False,True,0,69,7,0.4,0.3,0.3,balanced
1781374966381.64,0.4,0.3,0.3,594.8351648351648,610.8888888888889,0.11896703296703297,492.96516754850086,622.580834803057,0.03221915727474989,0.9903005158107198,0.9920634920634921,0.9903005158107198,47,8,2.2398375943739777,1,2.2398375943739777,False,False,False,True,0,70,7,0.4,0.3,0.3,balanced
1781374969104.096,0.4,0.3,0.3,598.945054945055,615.8888888888889,0.11978901098901099,868.5277676417523,997.93929534351,0.057273366753952795,0.9939448306795245,0.9920634920634921,0.9939448306795245,46,8,2.233085834782067,1,2.233085834782067,False,False,False,True,0,71,7,0.4,0.3,0.3,balanced
1781374971818.682,0.4,0.3,0.3,599.3296703296703,617.2222222222222,0.11986593406593406,416.94444444444446,532.6984126984127,0.027147728115039658,0.9999999999999999,1.0,0.9999999999999999,44,8,2.2439093079391146,1,2.2439093079391146,False,False,False,True,0,72,7,0.4,0.3,0.3,balanced
1781374974532.1628,0.4,0.3,0.3,601.8273155416011,619.6666666666666,0.12036546310832023,488.6097427476737,613.7671045429665,0.03192860191779011,0.9999999999999999,1.0,0.9999999999999999,43,8,2.242275234181335,1,2.242275234181335,False,False,False,True,0,73,7,0.4,0.3,0.3,balanced
1781374977254.953,0.4,0.3,0.3,604.7723704866562,624.1111111111111,0.12095447409733125,390.68195179306286,497.1957671957673,0.02539572727105156,0.9942812289751065,0.9960317460317462,0.9942812289751065,41,8,2.242283860872284,1,2.242283860872284,False,False,False,True,0,74,7,0.4,0.3,0.3,balanced
1781374983558.068,0.4,0.3,0.3,600.3767660910518,618.5555555555555,0.12007535321821035,428.84304871373837,545.6226053639846,0.02794149757930209,0.9999999999999999,1.0,0.9999999999999999,43,8,2.243587409438925,0,2.243587409438925,False,False,False,True,0,75,7,0.4,0.3,0.3,balanced
1781374986278.351,0.4,0.3,0.3,603.3453689167975,622.2222222222222,0.1206690737833595,444.35626102292764,559.4517930629041,0.02897640166930805,0.9999999999999999,1.0,0.9999999999999999,41,8,2.2430394499858637,1,2.2430394499858637,False,False,False,True,0,76,7,0.4,0.3,0.3,balanced
1781374989002.696,0.4,0.3,0.3,605.4207221350077,624.5555555555555,0.12108414442700155,441.54761904761904,562.1031746031746,0.028789033959147368,0.9999999999999999,1.0,0.9999999999999999,40,8,2.242929632041455,1,2.242929632041455,False,False,False,True,0,77,7,0.4,0.3,0.3,balanced
1781374991727.0342,0.4,0.3,0.3,610.160125588697,629.8888888888889,0.1220320251177394,449.44811875367424,566.5549676660789,0.02931608530711636,0.9942812289751065,0.9960317460317462,0.9942812289751065,38,8,2.2406767330533013,1,2.2406767330533013,False,False,False,True,0,78,7,0.4,0.3,0.3,balanced
1781374994448.986,0.4,0.3,0.3,611.9324960753532,632.6666666666666,0.12238649921507065,438.1117442228553,551.9848053181387,0.02855982283007707,0.9999999999999999,1.0,0.9999999999999999,37,8,2.2424774534649483,1,2.2424774534649483,False,False,False,True,0,79,7,0.4,0.3,0.3,balanced
1781374997173.7239,0.4,0.3,0.3,615.3704866562009,636.8888888888889,0.12307409733124018,367.798353909465,482.09876543209873,0.02386913635153202,0.9999999999999999,1.0,0.9999999999999999,35,8,2.243609620162044,1,2.243609620162044,False,False,False,True,0,80,7,0.4,0.3,0.3,balanced
1781374999890.4978,0.4,0.3,0.3,617.2197802197802,639.3333333333334,0.12344395604395604,371.31613756613757,472.0296884185773,0.024103811712217316,0.9999999999999999,1.0,0.9999999999999999,34,8,2.2433912740687525,1,2.2433912740687525,False,False,False,True,0,81,7,0.4,0.3,0.3,balanced
1781375002716.707,0.4,0.3,0.3,621.9309262166405,646.0,0.1243861852433281,326.68567171440736,424.6015021589734,0.021126462422575543,0.9942812289751065,0.9960317460317462,0.9942812289751065,32,8,2.242191955868428,1,2.242191955868428,False,False,False,True,0,82,7,0.4,0.3,0.3,balanced
1781375005533.763,0.4,0.3,0.3,629.690737833595,655.7777777777778,0.125938147566719,296.6460905349794,383.045267489712,0.019122487694128047,0.9999999999999999,1.0,0.9999999999999999,29,8,2.243887994665074,1,2.243887994665074,False,False,False,True,0,83,7,0.4,0.3,0.3,balanced
1781375008254.544,0.4,0.3,0.3,625.3155416012559,648.7777777777778,0.12506310832025117,358.50743906299465,447.0971826527382,0.023249328823415252,0.9999999999999999,1.0,0.9999999999999999,32,8,2.2429999580248747,0,2.2429999580248747,False,False,False,True,0,84,7,0.4,0.3,0.3,balanced
1781375011067.91,0.4,0.3,0.3,630.1145996860282,656.3333333333334,0.12602291993720563,1207.793379460046,1227.8712748157193,0.07990616273916251,0.99587185301471,0.9958847736625516,0.99587185301471,29,8,2.224380539107782,1,2.224380539107782,False,False,False,True,0,85,7,0.4,0.3,0.3,balanced
1781375013889.532,0.4,0.3,0.3,634.668759811617,662.4444444444445,0.1269337519623234,267.71604938271605,356.18459729570844,0.017192531646612146,0.9999999999999999,1.0,0.9999999999999999,28,8,2.244068739721087,1,2.244068739721087,False,False,False,True,0,86,7,0.4,0.3,0.3,balanced
1781375020305.273,0.4,0.3,0.3,641.4348508634223,671.0,0.12828697017268445,254.46502057613168,328.641975308642,0.016308540398674562,0.9999999999999999,1.0,0.9999999999999999,26,8,2.243792649811324,1,2.243792649811324,False,False,False,True,0,87,7,0.4,0.3,0.3,balanced
1781375023117.816,0.4,0.3,0.3,645.7174254317111,676.1111111111111,0.12914348508634224,248.58024691358025,319.30041152263374,0.015915960434528368,0.9999999999999999,1.0,0.9999999999999999,25,8,2.2435678178351046,1,2.2435678178351046,False,False,False,True,0,88,7,0.4,0.3,0.3,balanced
1781375025935.6648,0.4,0.3,0.3,641.5384615384614,670.6666666666666,0.1283076923076923,264.3819811875367,336.03909465020575,0.016970112153938406,0.9999999999999999,1.0,0.9999999999999999,26,8,2.2435858894307414,0,2.2435858894307414,False,False,False,True,0,89,7,0.4,0.3,0.3,balanced
1781375028857.259,0.4,0.3,0.3,640.7284144427001,671.5555555555555,0.12814568288854003,300.4761904761905,376.4682539682539,0.019377998030432986,0.9999999999999999,1.0,0.9999999999999999,25,8,2.242928327435454,1,2.242928327435454,False,False,False,True,0,90,7,0.4,0.3,0.3,balanced
1781375031774.7869,0.4,0.3,0.3,650.3877551020407,682.8888888888889,0.13007755102040813,231.1787184009406,295.5423280423281,0.01475508461647369,0.9999999999999999,1.0,0.9999999999999999,23,8,2.2435424542068945,1,2.2435424542068945,False,False,False,True,0,91,7,0.4,0.3,0.3,balanced
1781375034698.3691,0.4,0.3,0.3,656.8147566718995,691.3333333333334,0.13136295133437992,238.78968253968253,301.7460317460317,0.015262820716456474,0.9999999999999999,1.0,0.9999999999999999,22,8,2.242875973251311,1,2.242875973251311,False,False,False,True,0,92,7,0.4,0.3,0.3,balanced
1781375037615.087,0.4,0.3,0.3,669.2684458398744,706.8888888888889,0.13385368916797488,194.8353909465021,269.1769547325103,0.012330579782955443,0.9999999999999999,1.0,0.9999999999999999,20,8,2.2427593503979235,1,2.2427593503979235,False,False,False,True,0,93,7,0.4,0.3,0.3,balanced
1781375040539.763,0.4,0.3,0.3,674.4097331240188,714.8888888888889,0.13488194662480377,239.71589110477998,308.28110161443493,0.015324609146416276,0.9999999999999999,1.0,0.9999999999999999,19,8,2.2414498386061537,1,2.2414498386061537,False,False,False,True,0,94,7,0.4,0.3,0.3,balanced
1781375043565.926,0.4,0.3,0.3,692.2480376766091,736.2222222222222,0.13844960753532182,350.9306742640076,399.69135802469134,0.022743874200400777,0.99587185301471,0.9958847736625513,0.99587185301471,17,8,2.236558550630164,1,2.236558550630164,False,False,False,True,0,95,7,0.4,0.3,0.3,balanced
1781375046680.1619,0.4,0.3,0.3,703.5761381475667,750.6666666666666,0.14071522762951333,145.6981187536743,192.26043503821282,0.00905257630111236,0.9999999999999999,1.0,0.9999999999999999,16,8,2.240998136057861,1,2.240998136057861,False,False,False,True,0,96,7,0.4,0.3,0.3,balanced
1781375053483.9028,0.4,0.3,0.3,727.021978021978,781.0,0.1454043956043956,116.72912992357435,156.27572016460906,0.007120022009578009,0.9999999999999999,1.0,0.9999999999999999,14,8,2.2397022351553684,1,2.2397022351553684,False,False,False,True,0,97,7,0.4,0.3,0.3,balanced
1781375056699.117,0.4,0.3,0.3,740.3390894819465,798.2222222222222,0.14806781789638931,109.81798037353592,144.8939537828427,0.00665897133912848,0.9999999999999999,1.0,0.9999999999999999,13,8,2.2387751814397054,1,2.2387751814397054,False,False,False,True,0,98,7,0.4,0.3,0.3,balanced
1781375060713.76,0.4,0.3,0.3,743.4097331240188,804.7777777777778,0.14868194662480375,517.3783600323454,549.0851405706478,0.033847789194952994,0.8320395636722168,0.8397826397826398,0.8320395636722168,11,8,2.1799847536932577,1,2.1799847536932577,False,False,False,True,0,99,7,0.4,0.3,0.3,balanced
1781375064237.2898,0.4,0.3,0.3,798.1868131868131,873.3333333333334,0.1596373626373626,78.61111111111111,109.85596707818931,0.00457712549106812,0.9999999999999999,1.0,0.9999999999999999,10,8,2.2347719172977345,1,2.2347719172977345,False,False,False,True,0,100,7,0.4,0.3,0.3,balanced
1781375067655.15,0.4,0.3,0.3,775.5321821036106,843.4444444444445,0.1551064364207221,90.41372721928276,117.9409171075838,0.005364491475602586,0.9999999999999999,1.0,0.9999999999999999,11,8,2.2363480779890303,0,2.2363480779890303,False,False,False,True,0,101,7,0.4,0.3,0.3,balanced
1781375070970.782,0.4,0.3,0.3,739.5557299843014,798.3333333333334,0.14791114599686028,130.42254556143445,170.8392122281011,0.008033525387687422,0.9999999999999999,1.0,0.9999999999999999,13,8,2.23842548398495,0,2.23842548398495,False,False,False,True,0,102,7,0.4,0.3,0.3,balanced
1781375074187.433,0.4,0.3,0.3,724.4489795918367,778.2222222222222,0.14488979591836734,116.62257495590829,156.37125220458555,0.007112913606131307,0.9999999999999999,1.0,0.9999999999999999,14,8,2.2399102075508135,0,2.2399102075508135,False,False,False,True,0,103,7,0.4,0.3,0.3,balanced
1781375077312.778,0.4,0.3,0.3,701.3218210361067,748.3333333333334,0.14026436420722135,147.28101116990004,198.25837742504407,0.009158172859899935,0.9999999999999999,1.0,0.9999999999999999,16,8,2.2411468024591414,0,2.2411468024591414,False,False,False,True,0,104,7,0.4,0.3,0.3,balanced
1781375080434.123,0.4,0.3,0.3,689.6656200941915,734.5555555555555,0.13793312401883828,184.9706562062884,246.24049747612966,0.011672492075135984,0.9999999999999999,1.0,0.9999999999999999,17,8,2.2413250027699236,0,2.2413250027699236,False,False,False,True,0,105,7,0.4,0.3,0.3,balanced
1781375083546.956,0.4,0.3,0.3,702.4395604395604,749.3333333333334,0.1404879120879121,169.84053497942386,224.64432686654905,0.010663144428247088,0.9999999999999999,1.0,0.9999999999999999,16,8,2.240605891836361,1,2.240605891836361,False,False,False,True,0,106,7,0.4,0.3,0.3,balanced
1781375090148.303,0.4,0.3,0.3,693.74568288854,737.4444444444445,0.13874913657770802,145.52181069958849,193.77283950617283,0.009040814589699032,0.99587185301471,0.9958847736625513,0.99587185301471,17,8,2.24054965689642,0,2.24054965689642,False,False,False,True,0,107,7,0.4,0.3,0.3,balanced
1781375093173.32,0.4,0.3,0.3,677.6985871271586,717.2222222222222,0.13553971742543172,203.83671369782482,285.5026455026455,0.012931068292049687,0.9999999999999999,1.0,0.9999999999999999,19,8,2.241904792542212,0,2.241904792542212,False,False,False,True,0,108,7,0.4,0.3,0.3,balanced
1781375096099.153,0.4,0.3,0.3,671.1648351648352,708.4444444444445,0.13423296703296703,164.48163975941753,222.77461221905665,0.010305646414904439,0.9999999999999999,1.0,0.9999999999999999,20,8,2.243215119262342,0,2.243215119262342,False,False,False,True,0,109,7,0.4,0.3,0.3,balanced
1781375099022.348,0.4,0.3,0.3,658.2072213500785,692.1111111111111,0.1316414442700157,184.99485596707817,246.11992945326276,0.0116741064687844,0.9999999999999999,1.0,0.9999999999999999,22,8,2.2438411903513584,0,2.2438411903513584,False,False,False,True,0,110,7,0.4,0.3,0.3,balanced
1781375101940.151,0.4,0.3,0.3,671.2715855572999,709.0,0.13425431711145996,162.87511870845202,223.79075656853436,0.010198473562938761,0.9956974242688528,0.9958847736625513,0.9956974242688528,20,8,2.24194795836719,1,2.24194795836719,False,False,False,True,0,111,7,0.4,0.3,0.3,balanced
1781375104866.886,0.4,0.3,0.3,658.5918367346939,692.5555555555555,0.13171836734693876,212.39344503233391,287.31334509112287,0.013501897600555965,0.9999999999999999,1.0,0.9999999999999999,22,8,2.2432620837810577,0,2.2432620837810577,False,False,False,True,0,112,7,0.4,0.3,0.3,balanced
1781375107792.634,0.4,0.3,0.3,654.8477237048666,687.4444444444445,0.1309695447409733,211.1463844797178,285.515873015873,0.013418704768493515,0.9999999999999999,1.0,0.9999999999999999,23,8,2.2435865706730627,0,2.2435865706730627,False,False,False,True,0,113,7,0.4,0.3,0.3,balanced
1781375110606.813,0.4,0.3,0.3,646.2276295133437,676.8888888888889,0.12924552590266875,223.87272192827746,303.36272780717223,0.01426769325739009,0.9999999999999999,1.0,0.9999999999999999,25,8,2.2440214816617154,0,2.2440214816617154,False,False,False,True,0,114,7,0.4,0.3,0.3,balanced
1781375113525.377,0.4,0.3,0.3,653.0345368916796,685.6666666666666,0.13060690737833594,220.95238095238096,283.92857142857144,0.014072873979478383,0.9999999999999999,1.0,0.9999999999999999,23,8,2.243535374854822,1,2.243535374854822,False,False,False,True,0,115,7,0.4,0.3,0.3,balanced
1781375116344.238,0.4,0.3,0.3,645.3783359497645,675.4444444444445,0.1290756671899529,261.04226020892685,332.9075656853435,0.016747315557633546,0.9999999999999999,1.0,0.9999999999999999,25,8,2.2433455384567287,0,2.2433455384567287,False,False,False,True,0,116,7,0.4,0.3,0.3,balanced
1781375119169.596,0.4,0.3,0.3,641.2810047095761,670.2222222222222,0.12825620094191523,247.82209559987334,326.54954099398543,0.015865383295521902,0.9999999999999999,1.0,0.9999999999999999,26,8,2.2439379046345773,0,2.2439379046345773,False,False,False,True,0,117,7,0.4,0.3,0.3,balanced
1781375125575.0588,0.4,0.3,0.3,632.9607535321821,660.0,0.12659215070643642,285.4298941798942,356.73868312757196,0.01837424244028647,0.9999999999999999,1.0,0.9999999999999999,28,8,2.2438508669853396,0,2.2438508669853396,False,False,False,True,0,118,7,0.4,0.3,0.3,balanced
1781375128396.3972,0.4,0.3,0.3,630.232339089482,656.1111111111111,0.1260464678178964,296.25889436234263,374.5826491516147,0.019096657395753343,0.9999999999999999,1.0,0.9999999999999999,29,8,2.2438524156541155,0,2.2438524156541155,False,False,False,True,0,119,7,0.4,0.3,0.3,balanced
1781375131216.899,0.4,0.3,0.3,624.7268445839874,648.6666666666666,0.12494536891679747,320.8531746031746,421.4285714285714,0.02073736988680284,0.9944784279759649,0.9961685823754789,0.9944784279759649,32,8,2.2421441698600297,0,2.2421441698600297,False,False,False,True,0,120,7,0.4,0.3,0.3,balanced
1781375134042.767,0.4,0.3,0.3,619.3296703296703,641.2222222222222,0.12386593406593406,387.46989600437877,491.57498631636565,0.025181447365202052,0.9999999999999999,1.0,0.9999999999999999,34,8,2.2428991921640655,0,2.2428991921640655,False,False,False,True,0,121,7,0.4,0.3,0.3,balanced
1781375136759.44,0.4,0.3,0.3,619.1836734693877,641.7777777777778,0.12383673469387754,356.52263374485597,460.164609053498,0.023116920196454702,0.9999999999999999,1.0,0.9999999999999999,34,8,2.2435302300635125,2,2.2435302300635125,False,False,False,True,0,122,7,0.4,0.3,0.3,balanced
1781375139473.4048,0.4,0.3,0.3,613.5981161695447,635.8888888888889,0.12271962323390895,366.55276308054084,495.11022927689595,0.023786041566413667,0.9999999999999999,1.0,0.9999999999999999,35,8,2.243776338236512,0,2.243776338236512,False,False,False,True,0,123,7,0.4,0.3,0.3,balanced
1781375142195.2952,0.4,0.3,0.3,609.9811616954474,630.4444444444445,0.12199623233908949,362.94018224573773,477.95855379188714,0.023545042177834406,0.9999999999999999,1.0,0.9999999999999999,37,8,2.244137994411014,0,2.244137994411014,False,False,False,True,0,124,7,0.4,0.3,0.3,balanced
1781375148020.596,0.4,0.3,0.3,616.8178963893249,642.5555555555555,0.12336357927786498,3245.713170323844,3583.303671266701,0.21585811676610034,0.380283713365505,0.3892082296512676,0.380283713365505,38,8,1.9999822472686755,0,1.9999822472686755,False,False,False,True,0,125,7,0.4,0.3,0.3,balanced
1781375150741.2778,0.4,0.3,0.3,606.9403453689167,626.5555555555555,0.12138806907378334,415.5776774311257,534.2464878671775,0.027056549528427332,0.9999999999999999,1.0,0.9999999999999999,40,8,2.2433278075119585,0,2.2433278075119585,False,False,False,True,0,126,7,0.4,0.3,0.3,balanced
1781375153465.101,0.4,0.3,0.3,605.563579277865,624.5555555555555,0.121112715855573,451.48148148148147,598.4141681363903,0.029451733254268277,0.9999999999999999,1.0,0.9999999999999999,41,8,2.24271939368149,0,2.24271939368149,False,False,False,True,0,127,7,0.4,0.3,0.3,balanced
1781375156184.083,0.4,0.3,0.3,602.5855572998429,620.4444444444445,0.12051711145996857,385.1263962375073,490.10435038212813,0.025025109822382076,0.9999999999999999,1.0,0.9999999999999999,43,8,2.244285622469298,0,2.244285622469298,False,False,False,True,0,128,7,0.4,0.3,0.3,balanced
1781375162490.467,0.4,0.3,0.3,598.85557299843,616.3333333333334,0.11977111459968601,364.2857142857143,460.59523809523813,0.023634804155151054,0.9999999999999999,1.0,0.9999999999999999,44,8,2.24500111291358,0,2.24500111291358,False,False,False,True,0,129,7,0.4,0.3,0.3,balanced
1781375165109.823,0.4,0.3,0.3,599.6326530612245,616.5555555555555,0.1199265306122449,419.22760367204813,523.963279518835,0.027300040271650977,0.9999999999999999,1.0,0.9999999999999999,46,8,2.243839375673607,0,2.243839375673607,False,False,False,True,0,130,7,0.4,0.3,0.3,balanced
1781375167927.01,0.4,0.3,0.3,598.4756671899529,615.7777777777778,0.11969513343799058,408.24712643678157,502.29064039408865,0.026567520109191566,0.9999999999999999,1.0,0.9999999999999999,44,8,2.2441516905920462,1,2.2441516905920462,False,False,False,True,0,131,7,0.4,0.3,0.3,balanced
1781375170647.367,0.4,0.3,0.3,598.5494505494505,615.1111111111111,0.1197098901098901,424.40476190476187,558.2936507936507,0.02764541440325296,0.9999999999999999,1.0,0.9999999999999999,46,8,2.243822419635068,0,2.243822419635068,False,False,False,True,0,132,7,0.4,0.3,0.3,balanced
1781375173262.9521,0.4,0.3,0.3,595.7331240188383,612.2222222222222,0.11914662480376767,442.2863247863248,573.255777144666,0.028838313861662763,0.9999999999999999,1.0,0.9999999999999999,47,8,2.2436898559199943,0,2.2436898559199943,False,False,False,True,0,133,7,0.4,0.3,0.3,balanced
1781375175982.391,0.4,0.3,0.3,593.7912087912088,610.1111111111111,0.11875824175824175,499.23713738368906,657.0155993431856,0.03263756753727078,0.9999999999999999,1.0,0.9999999999999999,49,8,2.242705433035522,0,2.242705433035522,False,False,False,True,0,134,7,0.4,0.3,0.3,balanced
1781375178798.179,0.4,0.3,0.3,593.8775510204081,608.7777777777778,0.11877551020408161,599.3296370967741,819.1969086021505,0.03931485237470141,0.8904403866809881,0.9239766081871346,0.8904403866809881,50,8,2.2078274562102536,0,2.2078274562102536,False,False,False,True,0,135,7,0.4,0.3,0.3,balanced
1781375181421.422,0.4,0.3,0.3,595.0376766091051,611.1111111111111,0.11900753532182103,535.9583729028174,688.3206710984489,0.03508728304888708,0.9999999999999999,1.0,0.9999999999999999,49,8,2.2418708009566055,1,2.2418708009566055,False,False,False,True,0,136,7,0.4,0.3,0.3,balanced
1781375184034.2332,0.4,0.3,0.3,593.8869701726844,609.2222222222222,0.11877739403453688,529.0329218106996,701.8930041152264,0.034625278306250805,0.9999999999999999,1.0,0.9999999999999999,50,8,2.24210145889431,0,2.24210145889431,False,False,False,True,0,137,7,0.4,0.3,0.3,balanced
1781375186647.596,0.4,0.3,0.3,592.9591836734694,607.8888888888889,0.11859183673469388,580.9670781893003,728.9300411522634,0.03808986512270182,0.9999999999999999,1.0,0.9999999999999999,52,8,2.2411363057693117,0,2.2411363057693117,False,False,False,True,0,138,7,0.4,0.3,0.3,balanced
1781375189272.829,0.4,0.3,0.3,592.2511773940346,606.2222222222222,0.11845023547880691,568.4773662551441,731.1111111111111,0.037256662191804145,0.9999999999999999,1.0,0.9999999999999999,53,8,2.241442907150936,0,2.241442907150936,False,False,False,True,0,139,7,0.4,0.3,0.3,balanced
1781375192592.649,0.4,0.3,0.3,386.75196232339084,399.8888888888889,0.07735039246467817,378.6375661375661,476.2201574396696,0.024592232564213883,0.6593406593406592,0.6666666666666666,0.6593406593406592,55,8,2.1594843710470624,0,2.1594843710470624,False,False,False,True,0,140,7,0.4,0.3,0.3,balanced
1781375198797.6128,0.4,0.3,0.3,588.9591836734693,603.7777777777778,0.11779183673469386,566.077081354859,730.5444761000316,0.03709653644795591,0.99587185301471,0.9958847736625516,0.99587185301471,53,8,2.240515860276149,1,2.240515860276149,False,False,False,True,0,141,7,0.4,0.3,0.3,balanced
1781375201421.658,0.4,0.3,0.3,589.6373626373626,603.8888888888889,0.11792747252747252,579.8309817754262,751.5828924162257,0.03801407483491836,0.9999999999999999,1.0,0.9999999999999999,55,8,2.241424788538535,0,2.241424788538535,False,False,False,True,0,142,7,0.4,0.3,0.3,balanced
1781375204047.84,0.4,0.3,0.3,588.8163265306123,602.3333333333334,0.11776326530612245,545.410787771899,713.3303938859494,0.0357178644277451,0.9999999999999999,1.0,0.9999999999999999,56,8,2.2421793345492276,0,2.2421793345492276,False,False,False,True,0,143,7,0.4,0.3,0.3,balanced
1781375206666.411,0.4,0.3,0.3,586.5965463108321,600.3333333333334,0.11731930926216641,598.8271604938271,735.3909465020577,0.03928133158731335,0.9999999999999999,1.0,0.9999999999999999,55,8,2.2412878768189395,1,2.2412878768189395,False,False,False,True,0,144,7,0.4,0.3,0.3,balanced
1781375209291.928,0.4,0.3,0.3,587.0910518053375,600.6666666666666,0.1174182103610675,486.5740740740741,631.2242798353909,0.031792800138363844,0.9999999999999999,1.0,0.9999999999999999,56,8,2.2434948758140636,0,2.2434948758140636,False,False,False,True,0,145,7,0.4,0.3,0.3,balanced
1781375211915.302,0.4,0.3,0.3,587.0926216640503,600.2222222222222,0.11741852433281005,515.3343621399176,674.7222222222223,0.03371143176383707,0.9999999999999999,1.0,0.9999999999999999,58,8,2.242919160737725,0,2.242919160737725,False,False,False,True,0,146,7,0.4,0.3,0.3,balanced
1781375214539.694,0.4,0.3,0.3,587.4631083202512,601.2222222222222,0.11749262166405024,507.9526748971194,647.992357436802,0.03321899098713271,0.9999999999999999,1.0,0.9999999999999999,56,8,2.24303725403824,1,2.24303725403824,False,False,False,True,0,147,7,0.4,0.3,0.3,balanced
1781375217162.3289,0.4,0.3,0.3,587.0612244897959,600.6666666666666,0.11741224489795918,515.3468547912992,646.9723691945914,0.033712265162861854,0.9999999999999999,1.0,0.9999999999999999,58,8,2.242921422491958,0,2.242921422491958,False,False,False,True,0,148,7,0.4,0.3,0.3,balanced
1781375219784.052,0.4,0.3,0.3,587.8995290423861,601.5555555555555,0.11757990580847723,516.8312757201646,673.1011169900058,0.03381129257639524,0.9999999999999999,1.0,0.9999999999999999,56,8,2.2428246499036906,1,2.2428246499036906,False,False,False,True,0,149,7,0.4,0.3,0.3,balanced
1781375222407.082,0.4,0.3,0.3,587.9419152276296,601.7777777777778,0.11758838304552592,497.91078777189887,642.007642563198,0.032549085241621006,0.9999999999999999,1.0,0.9999999999999999,55,8,2.2431999212093032,1,2.2431999212093032,False,False,False,True,0,150,7,0.4,0.3,0.3,balanced
1781375225030.895,0.4,0.3,0.3,587.2244897959183,600.8888888888889,0.11744489795918367,495.8458259847148,650.3306878306878,0.0324113292851711,0.9999999999999999,1.0,0.9999999999999999,56,8,2.243298642030775,0,2.243298642030775,False,False,False,True,0,151,7,0.4,0.3,0.3,balanced
1781375227648.927,0.4,0.3,0.3,586.9356357927785,600.3333333333334,0.1173871271585557,556.8209876543209,710.3527336860669,0.03647905187820687,0.9999999999999999,1.0,0.9999999999999999,58,8,2.2421014335731155,0,2.2421014335731155,False,False,False,True,0,152,7,0.4,0.3,0.3,balanced
1781375233851.9822,0.4,0.3,0.3,587.0847723704867,600.1111111111111,0.11741695447409733,587.498530276308,747.8615520282187,0.038525585742248694,0.9999999999999999,1.0,0.9999999999999999,59,8,2.241475542487686,0,2.241475542487686,False,False,False,True,0,153,7,0.4,0.3,0.3,balanced
1781375236468.828,0.4,0.3,0.3,585.331240188383,598.6666666666666,0.11706624803767661,637.037771898883,805.86860670194,0.04183040506330107,0.9999999999999999,1.0,0.9999999999999999,61,8,2.240624379265939,0,2.240624379265939,False,False,False,True,0,154,7,0.4,0.3,0.3,balanced
1781375239092.57,0.4,0.3,0.3,584.2056514913656,596.6666666666666,0.11684113029827313,665.8186360964138,851.9547325102881,0.04375040934599158,0.9999999999999999,1.0,0.9999999999999999,64,8,2.240138425076893,0,2.240138425076893,False,False,False,True,0,155,7,0.4,0.3,0.3,balanced
1781375241717.3171,0.4,0.3,0.3,583.8414442700158,596.3333333333334,0.11676828885400316,664.6362433862432,855.1793062904175,0.043671530579469195,0.9999999999999999,1.0,0.9999999999999999,61,8,2.240191225284558,1,2.240191225284558,False,False,False,True,0,156,7,0.4,0.3,0.3,balanced
1781375244342.236,0.4,0.3,0.3,583.0722135007849,595.1111111111111,0.11661444270015697,773.9363722697055,1014.6976891421335,0.0509630668625554,0.9839172543254175,0.9839800117577896,0.9839172543254175,64,8,2.2332404791587956,0,2.2332404791587956,False,False,False,True,0,157,7,0.4,0.3,0.3,balanced
1781375246965.149,0.4,0.3,0.3,582.0062794348509,594.3333333333334,0.11640125588697017,748.2392710170488,924.2563198118755,0.049248783923752426,0.9942812289751065,0.9960317460317462,0.9942812289751065,65,8,2.2369492311606183,0,2.2369492311606183,False,False,False,True,0,158,7,0.4,0.3,0.3,balanced
1781375249589.3801,0.4,0.3,0.3,581.5510204081633,594.1111111111111,0.11631020408163265,756.8716931216932,930.5761316872429,0.04982466264987946,0.9999999999999999,1.0,0.9999999999999999,64,8,2.238528519572383,1,2.238528519572383,False,False,False,True,0,159,7,0.4,0.3,0.3,balanced
1781375252211.4712,0.4,0.3,0.3,583.2637362637362,596.4444444444445,0.11665274725274724,606.8944738389182,789.8089359200471,0.03981951126343684,0.9999999999999999,1.0,0.9999999999999999,61,8,2.24139304771987,1,2.24139304771987,False,False,False,True,0,160,7,0.4,0.3,0.3,balanced
1781375254827.369,0.4,0.3,0.3,583.3171114599686,595.3333333333334,0.11666342229199372,696.1529982363315,888.6463844797179,0.04577404924858783,0.9960192868356132,0.9960317460317459,0.9960192868356132,64,8,2.2384082023593104,0,2.2384082023593104,False,False,False,True,0,161,7,0.4,0.3,0.3,balanced
1781375257444.8582,0.4,0.3,0.3,581.1758241758241,592.6666666666666,0.11623516483516483,692.9049088771311,869.0138154027042,0.0455573655021435,0.9999999999999999,1.0,0.9999999999999999,65,8,2.239838724415291,0,2.239838724415291,False,False,False,True,0,162,7,0.4,0.3,0.3,balanced
1781375260070.263,0.4,0.3,0.3,582.5117739403453,594.6666666666666,0.11650235478806906,741.7893885949442,891.0728982951205,0.04881850490960268,0.9999999999999999,1.0,0.9999999999999999,64,8,2.2387535066118915,1,2.2387535066118915,False,False,False,True,0,163,7,0.4,0.3,0.3,balanced
1781375262695.048,0.4,0.3,0.3,583.8037676609105,596.6666666666666,0.1167607535321821,668.3730158730159,835.0587889476778,0.043920814934824276,0.9999999999999999,1.0,0.9999999999999999,61,8,2.24011945410668,1,2.24011945410668,False,False,False,True,0,164,7,0.4,0.3,0.3,balanced
1781375268906.55,0.4,0.3,0.3,585.7456828885399,599.1111111111111,0.11714913657770798,624.0373309817755,757.7380952380953,0.040963130819331256,0.9999999999999999,1.0,0.9999999999999999,59,8,2.2408514061231175,1,2.2408514061231175,False,False,False,True,0,165,7,0.4,0.3,0.3,balanced
1781375271530.662,0.4,0.3,0.3,585.1538461538462,597.4444444444445,0.11703076923076924,635.2518880296657,798.7048342603898,0.04171126671311979,0.9940694226408512,0.9958847736625513,0.9940694226408512,61,8,2.238895139086012,0,2.238895139086012,False,False,False,True,0,166,7,0.4,0.3,0.3,balanced
1781375274153.462,0.4,0.3,0.3,582.9843014128728,594.8888888888889,0.11659686028257456,731.765873015873,920.3571428571429,0.04814982475089213,0.9999999999999999,1.0,0.9999999999999999,64,8,2.2389163084617025,0,2.2389163084617025,False,False,False,True,0,167,7,0.4,0.3,0.3,balanced
1781375276767.876,0.4,0.3,0.3,580.480376766091,592.5555555555555,0.1160960753532182,783.0107289829512,979.1784244562025,0.05156842755056379,0.9960192868356132,0.9960317460317459,0.9960192868356132,65,8,2.2368968276442276,0,2.2368968276442276,False,False,False,True,0,168,7,0.4,0.3,0.3,balanced
1781375279393.029,0.4,0.3,0.3,582.3799058084771,594.4444444444445,0.11647598116169543,609.3011463844797,768.963844797178,0.03998006313438824,0.9999999999999999,1.0,0.9999999999999999,64,8,2.241415588595005,1,2.241415588595005,False,False,False,True,0,169,7,0.4,0.3,0.3,balanced
1781375282017.0168,0.4,0.3,0.3,584.8665620094191,597.6666666666666,0.11697331240188383,663.6728395061729,853.2789535567313,0.0436072608076166,0.9999999999999999,1.0,0.9999999999999999,61,8,2.2401284967969612,1,2.2401284967969612,False,False,False,True,0,170,7,0.4,0.3,0.3,balanced
1781375284639.861,0.4,0.3,0.3,583.2888540031396,596.1111111111111,0.11665777080062792,679.3342151675485,881.63139329806,0.044652049043865806,0.9999999999999999,1.0,0.9999999999999999,64,8,2.239941276966589,0,2.239941276966589,False,False,False,True,0,171,7,0.4,0.3,0.3,balanced
1781375287664.492,0.4,0.3,0.3,584.458398744113,597.7777777777778,0.1168916797488226,1496.5365961199293,1732.4188712522046,0.09916855210940155,0.7913999919494423,0.7810876487347076,0.7913999919494423,65,8,2.1609127600524833,0,2.1609127600524833,False,False,False,True,0,172,7,0.4,0.3,0.3,balanced
1781375290288.964,0.4,0.3,0.3,581.9544740973312,593.6666666666666,0.11639089481946624,782.9421587707028,970.1358227411869,0.05156385315348251,0.9941690962099125,0.9960317460317462,0.9941690962099125,67,8,2.2362252149891426,0,2.2362252149891426,False,False,False,True,0,173,7,0.4,0.3,0.3,balanced
1781375292913.385,0.4,0.3,0.3,580.2307692307692,591.7777777777778,0.11604615384615384,724.0402704291592,926.5358612580835,0.04763444098927013,0.9999999999999999,1.0,0.9999999999999999,68,8,2.2392912061647574,0,2.2392912061647574,False,False,False,True,0,174,7,0.4,0.3,0.3,balanced
1781375295539.687,0.4,0.3,0.3,580.6766091051805,592.1111111111111,0.11613532182103611,746.6953262786595,953.0878894767783,0.04914578560898329,0.9999999999999999,1.0,0.9999999999999999,68,8,2.2388021355888905,2,2.2388021355888905,False,False,False,True,0,175,7,0.4,0.3,0.3,balanced
1781375298265.068,0.4,0.3,0.3,512.519623233909,525.1111111111111,0.10250392464678179,728.7592592592592,955.7407407407406,0.04794925011736219,0.8885400313971742,0.8888888888888888,0.8885400313971742,67,8,2.2111756645252307,1,2.2111756645252307,False,False,False,True,0,176,7,0.4,0.3,0.3,balanced
1781375304462.024,0.4,0.3,0.3,579.3940345368916,591.7777777777778,0.11587880690737831,790.2608759553203,1035.1219870664315,0.05205209312577187,0.9999999999999999,1.0,0.9999999999999999,68,8,2.238032849299317,0,2.238032849299317,False,False,False,True,0,177,7,0.4,0.3,0.3,balanced
1781375307077.473,0.4,0.3,0.3,580.7927786499214,593.0,0.11615855572998428,799.9588477366256,1010.5776014109347,0.05269905588636595,0.9999999999999999,1.0,0.9999999999999999,67,8,2.2377268609420966,1,2.2377268609420966,False,False,False,True,0,178,7,0.4,0.3,0.3,balanced
1781375309702.586,0.4,0.3,0.3,581.8932496075353,593.6666666666666,0.11637864992150705,752.9703115814226,947.1898883009994,0.04956439703678603,0.9999999999999999,1.0,0.9999999999999999,65,8,2.238579220920361,1,2.238579220920361,False,False,False,True,0,179,7,0.4,0.3,0.3,balanced
1781375312322.098,0.4,0.3,0.3,580.8273155416013,592.7777777777778,0.11616546310832025,836.6468253968253,1048.1746031746031,0.055146552728273866,0.9999999999999999,1.0,0.9999999999999999,67,8,2.23698984893819,0,2.23698984893819,False,False,False,True,0,180,7,0.4,0.3,0.3,balanced
1781375314947.9539,0.4,0.3,0.3,583.0847723704866,595.3333333333334,0.11661695447409731,769.8963844797178,940.9832451499119,0.0506935546684268,0.9999999999999999,1.0,0.9999999999999999,65,8,2.238145151809833,1,2.238145151809833,False,False,False,True,0,181,7,0.4,0.3,0.3,balanced
1781375317572.42,0.4,0.3,0.3,581.7770800627943,594.1111111111111,0.11635541601255886,596.0008818342151,784.4708994708994,0.039092787313823554,0.9999999999999999,1.0,0.9999999999999999,64,8,2.2417299974008293,1,2.2417299974008293,False,False,False,True,0,182,7,0.4,0.3,0.3,balanced
1781375320197.402,0.4,0.3,0.3,584.8806907378336,598.1111111111111,0.11697613814756672,613.5479129923575,789.5164609053497,0.040263369779343396,0.9999999999999999,1.0,0.9999999999999999,61,8,2.24113053380717,1,2.24113053380717,False,False,False,True,0,183,7,0.4,0.3,0.3,balanced
1781375323213.764,0.4,0.3,0.3,549.9120879120878,529.8888888888889,0.10998241758241757,867.7076719576719,942.9003527336861,0.057218657235335015,0.884772370486656,0.8,0.884772370486656,59,8,2.2042731469424295,1,2.2042731469424295,False,False,False,True,0,184,7,0.4,0.3,0.3,balanced
1781375325832.229,0.4,0.3,0.3,587.3657770800627,601.1111111111111,0.11747315541601254,623.0033803644915,794.4415049970605,0.0408941547941622,0.9999999999999999,1.0,0.9999999999999999,58,8,2.240742491395346,1,2.240742491395346,False,False,False,True,0,185,7,0.4,0.3,0.3,balanced
1781375328650.137,0.4,0.3,0.3,501.7833594976452,542.6666666666666,0.10035667189952904,531.8118279569892,609.4886499402628,0.03481066230533617,0.8398744113029827,0.8888888888888888,0.8398744113029827,56,8,2.2013764559394824,1,2.2013764559394824,False,False,False,True,0,186,7,0.4,0.3,0.3,balanced
1781375331272.77,0.4,0.3,0.3,588.7441130298273,602.8888888888889,0.11774882260596546,599.4238683127571,753.7860082304527,0.039321138646614885,0.9999999999999999,1.0,0.9999999999999999,55,8,2.241104129363629,1,2.241104129363629,False,False,False,True,0,187,7,0.4,0.3,0.3,balanced
1781375333897.021,0.4,0.3,0.3,591.0690737833595,606.1111111111111,0.1182138147566719,558.312757201646,697.1913580246915,0.03657856952646071,0.9999999999999999,1.0,0.9999999999999999,53,8,2.241740903239393,1,2.241740903239393,False,False,False,True,0,188,7,0.4,0.3,0.3,balanced
1781375336518.344,0.4,0.3,0.3,593.2935635792778,608.0,0.11865871271585557,524.074074074074,679.2181069958848,0.034294467916882856,0.9999999999999999,1.0,0.9999999999999999,52,8,2.242248174538593,1,2.242248174538593,False,False,False,True,0,189,7,0.4,0.3,0.3,balanced
1781375342733.846,0.4,0.3,0.3,594.8226059654631,610.4444444444445,0.11896452119309263,523.7338330393886,671.5975896531451,0.03427177004932546,0.9999999999999999,1.0,0.9999999999999999,50,8,2.2421326605079654,1,2.2421326605079654,False,False,False,True,0,190,7,0.4,0.3,0.3,balanced
1781375345460.115,0.4,0.3,0.3,597.0141287284144,612.7777777777778,0.1194028257456829,505.14573070607554,644.38013136289,0.0330317365380971,0.9999999999999999,1.0,0.9999999999999999,49,8,2.2423293487402978,1,2.2423293487402978,False,False,False,True,0,191,7,0.4,0.3,0.3,balanced
1781375348079.378,0.4,0.3,0.3,598.8791208791208,615.2222222222222,0.11977582417582416,468.75435264324153,599.8765432098767,0.030604026193678555,0.9999999999999999,1.0,0.9999999999999999,47,8,2.2429084624715667,1,2.2429084624715667,False,False,False,True,0,192,7,0.4,0.3,0.3,balanced
1781375350899.742,0.4,0.3,0.3,507.63108320251166,550.0,0.10152621664050233,389.56093189964156,461.2485065710872,0.0253209427551462,0.8398744113029827,0.8888888888888888,0.8398744113029827,49,8,2.20375555390815,0,2.20375555390815,False,False,False,True,0,193,7,0.4,0.3,0.3,balanced
1781375353522.7102,0.4,0.3,0.3,596.9591836734694,613.4444444444445,0.11939183673469388,496.4189616967395,624.224438113327,0.03244956382233085,0.9999999999999999,1.0,0.9999999999999999,47,8,2.242508396159423,1,2.242508396159423,False,False,False,True,0,194,7,0.4,0.3,0.3,balanced
1781375356247.219,0.4,0.3,0.3,598.2386185243328,615.4444444444445,0.11964772370486655,463.67816091954023,582.1018062397374,0.030265387653071397,0.9999999999999999,1.0,0.9999999999999999,46,8,2.243061294222132,1,2.243061294222132,False,False,False,True,0,195,7,0.4,0.3,0.3,balanced
1781375358971.7668,0.4,0.3,0.3,600.2354788069074,617.3333333333334,0.12004709576138148,447.97345374931575,567.1278051450466,0.02921770872243601,0.9999999999999999,1.0,0.9999999999999999,44,8,2.2432158490787164,1,2.2432158490787164,False,False,False,True,0,196,7,0.4,0.3,0.3,balanced
1781375361688.695,0.4,0.3,0.3,601.607535321821,619.4444444444445,0.1203215070643642,424.30897646414877,558.9230979748222,0.027639024447241412,0.9999999999999999,1.0,0.9999999999999999,43,8,2.243579689840082,1,2.243579689840082,False,False,False,True,0,197,7,0.4,0.3,0.3,balanced
1781375364412.572,0.4,0.3,0.3,603.6232339089481,622.7777777777778,0.12072464678178962,622.8064373897706,758.616990005879,0.04088101650365381,0.9999999999999999,1.0,0.9999999999999999,41,8,2.2394458363361878,1,2.2394458363361878,False,False,False,True,0,198,7,0.4,0.3,0.3,balanced
1781375367134.0352,0.4,0.3,0.3,606.4395604395603,625.6666666666666,0.12128791208791206,380.30276308054084,495.2483833039388,0.024703319751870637,0.9942812289751065,0.9960317460317462,0.9942812289751065,40,8,2.242358207931806,1,2.242358207931806,False,False,False,True,0,199,7,0.4,0.3,0.3,balanced
1781375369850.004,0.4,0.3,0.3,611.1412872841444,631.3333333333334,0.12222825745682887,358.83230452674894,472.5426219870664,0.023271000969095994,0.9999999999999999,1.0,0.9999999999999999,38,8,2.2441273967265394,1,2.2441273967265394,False,False,False,True,0,200,7,0.4,0.3,0.3,balanced
1781375376161.0789,0.4,0.3,0.3,613.0204081632652,633.5555555555555,0.12260408163265303,369.9206349206349,477.742504409171,0.024010716138801527,0.9999999999999999,1.0,0.9999999999999999,37,8,2.2437551525052983,1,2.2437551525052983,False,False,False,True,0,201,7,0.4,0.3,0.3,balanced
1781375378882.081,0.4,0.3,0.3,615.9890109890109,637.3333333333334,0.12319780219780219,330.8855085243974,428.22016460905354,0.021406638327177943,0.9999999999999999,1.0,0.9999999999999999,35,8,2.2442988876227257,1,2.2442988876227257,False,False,False,True,0,202,7,0.4,0.3,0.3,balanced
1781375381595.0178,0.4,0.3,0.3,618.8100470957613,640.4444444444445,0.12376200941915226,335.0374779541446,434.9720752498531,0.021683620944239132,0.9999999999999999,1.0,0.9999999999999999,34,8,2.2439901099490673,1,2.2439901099490673,False,False,False,True,0,203,7,0.4,0.3,0.3,balanced
1781375384417.455,0.4,0.3,0.3,622.2888540031397,645.7777777777778,0.12445777080062793,308.3531746031746,406.4285714285714,0.019903480627296504,0.9999999999999999,1.0,0.9999999999999999,32,8,2.24424584749156,1,2.24424584749156,False,False,False,True,0,204,7,0.4,0.3,0.3,balanced
1781375387936.368,0.4,0.3,0.3,423.6656200941915,438.6666666666667,0.0847331240188383,217.18157181571814,276.5040650406504,0.013821319000381464,0.6703296703296703,0.6666666666666666,0.6703296703296703,29,8,2.1630592557912514,1,2.1630592557912514,False,False,False,True,0,205,7,0.4,0.3,0.3,balanced
1781375390751.221,0.4,0.3,0.3,633.3124018838304,660.0,0.12666248037676608,263.78453850676067,343.67577895355674,0.01693025607116482,0.9999999999999999,1.0,0.9999999999999999,28,8,2.244255931027944,1,2.244255931027944,False,False,False,True,0,206,7,0.4,0.3,0.3,balanced
1781375393574.135,0.4,0.3,0.3,640.5557299843014,669.5555555555555,0.12811114599686027,234.74737710848822,306.22314927870485,0.014993153909839107,0.9940694226408512,0.9958847736625513,0.9940694226408512,26,8,2.2424784222205596,1,2.2424784222205596,False,False,False,True,0,207,7,0.4,0.3,0.3,balanced
1781375396393.926,0.4,0.3,0.3,634.4662480376765,661.6666666666666,0.12689324960753529,247.70723104056438,332.13550852439744,0.01585772054973745,0.9999999999999999,1.0,0.9999999999999999,28,8,2.2444853839920644,0,2.2444853839920644,False,False,False,True,0,208,7,0.4,0.3,0.3,balanced
1781375399220.458,0.4,0.3,0.3,640.7472527472527,670.3333333333334,0.12814945054945054,239.68327454438565,313.07025279247506,0.015322433258464687,0.9999999999999999,1.0,0.9999999999999999,26,8,2.2441434898026804,1,2.2441434898026804,False,False,False,True,0,209,7,0.4,0.3,0.3,balanced
1781375402035.702,0.4,0.3,0.3,643.8901098901099,673.8888888888889,0.128778021978022,258.39506172839504,355.3497942386831,0.016570717927177788,0.9999999999999999,1.0,0.9999999999999999,25,8,2.2435175758306376,1,2.2435175758306376,False,False,False,True,0,210,7,0.4,0.3,0.3,balanced
1781375405155.199,0.4,0.3,0.3,566.2857142857142,627.0,0.11325714285714285,198.16382915173236,239.5952807646356,0.012552623692577208,0.836734693877551,0.8888888888888888,0.836734693877551,23,8,2.201951763912635,1,2.201951763912635,False,False,False,True,0,211,7,0.4,0.3,0.3,balanced
1781375408080.054,0.4,0.3,0.3,657.5149136577708,691.7777777777778,0.13150298273155414,214.46502057613168,278.58906525573195,0.013640094768254282,0.9999999999999999,1.0,0.9999999999999999,22,8,2.243306778476902,1,2.243306778476902,False,False,False,True,0,212,7,0.4,0.3,0.3,balanced
1781375414589.507,0.4,0.3,0.3,671.2072213500785,709.1111111111111,0.1342414442700157,187.09876543209873,249.8353909465021,0.011814460669252751,0.9999999999999999,1.0,0.9999999999999999,20,8,2.242759084091218,1,2.242759084091218,False,False,False,True,0,213,7,0.4,0.3,0.3,balanced
1781375417713.6199,0.4,0.3,0.3,675.2794348508634,715.2222222222222,0.13505588697017268,295.77713920817365,317.85312899106003,0.01906451895985148,0.9839766145184864,0.9693486590038314,0.9839766145184864,19,8,2.2354512738795216,1,2.2354512738795216,False,False,False,True,0,214,7,0.4,0.3,0.3,balanced
1781375420837.95,0.4,0.3,0.3,691.2229199372057,735.8888888888889,0.13824458398744113,218.48544973544975,279.86772486772486,0.013908302183819197,0.9942812289751065,0.9960317460317462,0.9942812289751065,17,8,2.23881404444241,1,2.23881404444241,False,False,False,True,0,215,7,0.4,0.3,0.3,balanced
1781375423958.986,0.4,0.3,0.3,702.2715855572998,748.8888888888889,0.14045431711145995,185.40858318636094,236.97089947089944,0.011701706683546427,0.9999999999999999,1.0,0.9999999999999999,16,8,2.240307761150352,1,2.240307761150352,False,False,False,True,0,216,7,0.4,0.3,0.3,balanced
1781375427179.193,0.4,0.3,0.3,723.9686028257456,777.3333333333334,0.14479372056514914,159.9265138154027,215.78042328042326,0.010001768766871427,0.9999999999999999,1.0,0.9999999999999999,14,8,2.2390819811438787,1,2.2390819811438787,False,False,False,True,0,217,7,0.4,0.3,0.3,balanced
1781375430404.863,0.4,0.3,0.3,738.5729984301413,796.3333333333334,0.14771459968602826,153.8668430335097,198.76249265138156,0.009597521216378233,0.9999999999999999,1.0,0.9999999999999999,13,8,2.238034903760675,1,2.238034903760675,False,False,False,True,0,218,7,0.4,0.3,0.3,balanced
1781375433824.2532,0.4,0.3,0.3,773.5714285714286,841.4444444444445,0.15471428571428572,435.5349794238683,507.36625514403306,0.028387923910865132,0.9999999999999999,1.0,0.9999999999999999,11,8,2.229597908541026,1,2.229597908541026,False,False,False,True,0,219,7,0.4,0.3,0.3,balanced
1781375437249.93,0.4,0.3,0.3,774.2417582417581,842.2222222222222,0.15484835164835162,124.86772486772487,165.90681951793064,0.007662956962489985,0.9999999999999999,1.0,0.9999999999999999,11,8,2.2357617722519123,2,2.2357617722519123,False,False,False,True,0,220,7,0.4,0.3,0.3,balanced
1781375440973.877,0.4,0.3,0.3,794.8194662480375,869.8888888888889,0.1589638932496075,152.89696394686905,205.94917422165997,0.009532819476108676,0.9250130821559391,0.9333333333333333,0.9250130821559391,10,8,2.211058521504106,1,2.211058521504106,False,False,False,True,0,221,7,0.4,0.3,0.3,balanced
1781375447964.309,0.4,0.3,0.3,775.8037676609105,843.3333333333334,0.1551607535321821,86.87463256907701,115.47766019988242,0.005128394434227953,0.9999999999999999,1.0,0.9999999999999999,11,8,2.2363971802568585,0,2.2363971802568585,False,False,False,True,0,222,7,0.4,0.3,0.3,balanced
1781375451186.342,0.4,0.3,0.3,738.386185243328,796.1111111111111,0.1476772370486656,142.5102880658436,196.2962962962963,0.008839912479375824,0.9999999999999999,1.0,0.9999999999999999,13,8,2.238277131436721,0,2.238277131436721,False,False,False,True,0,223,7,0.4,0.3,0.3,balanced
1781375454405.697,0.4,0.3,0.3,724.9811616954473,778.4444444444445,0.14499623233908945,181.9209288653733,242.6190476190476,0.01146904128521503,0.9999999999999999,1.0,0.9999999999999999,14,8,2.2385607946787998,0,2.2385607946787998,False,False,False,True,0,224,7,0.4,0.3,0.3,balanced
1781375457531.487,0.4,0.3,0.3,700.8744113029827,748.1111111111111,0.14017488226059654,155.3276353276353,210.2041785375119,0.009694972336733509,0.9999999999999999,1.0,0.9999999999999999,16,8,2.2410215553947412,0,2.2410215553947412,False,False,False,True,0,225,7,0.4,0.3,0.3,balanced
1781375460753.344,0.4,0.3,0.3,724.2276295133437,778.3333333333334,0.14484552590266875,161.25610500610497,215.11803011803013,0.010090467311948298,0.9999999999999999,1.0,0.9999999999999999,14,8,2.239034649445348,1,2.239034649445348,False,False,False,True,0,226,7,0.4,0.3,0.3,balanced
1781375463866.977,0.4,0.3,0.3,703.0455259026687,749.8888888888889,0.14060910518053374,186.83201058201055,251.2389770723104,0.01179666514889997,0.9960192868356134,0.9960317460317462,0.9960192868356134,16,8,2.2390231444338005,0,2.2390231444338005,False,False,False,True,0,227,7,0.4,0.3,0.3,balanced
1781375466890.09,0.4,0.3,0.3,690.3673469387754,734.3333333333334,0.13807346938775508,177.81774295663183,241.00585628363407,0.01119531307249045,0.9999999999999999,1.0,0.9999999999999999,17,8,2.241412018323151,0,2.241412018323151,False,False,False,True,0,228,7,0.4,0.3,0.3,balanced
1781375469912.291,0.4,0.3,0.3,676.3579277864992,715.6666666666666,0.13527158555729984,172.51028806584358,228.64197530864197,0.010841246702191033,0.9999999999999999,1.0,0.9999999999999999,19,8,2.2426389917664227,0,2.2426389917664227,False,False,False,True,0,229,7,0.4,0.3,0.3,balanced
1781375472932.927,0.4,0.3,0.3,670.0989010989011,708.2222222222222,0.13401978021978023,163.84920634920633,224.68106995884773,0.01026345606065419,0.9999999999999999,1.0,0.9999999999999999,20,8,2.2433130510938915,0,2.2433130510938915,False,False,False,True,0,230,7,0.4,0.3,0.3,balanced
1781375476253.6062,0.4,0.3,0.3,485.5745682888539,547.4444444444445,0.09711491365777078,160.50925925925924,203.863315696649,0.010040644380204085,0.728414442700157,0.7777777777777778,0.728414442700157,22,8,2.1766661740328774,0,2.1766661740328774,False,False,False,True,0,231,7,0.4,0.3,0.3,balanced
1781375479174.669,0.4,0.3,0.3,653.8759811616954,686.4444444444445,0.1307751962323391,211.86507936507937,276.82539682539687,0.013466649724154728,0.9999999999999999,1.0,0.9999999999999999,23,8,2.2436499265898178,0,2.2436499265898178,False,False,False,True,0,232,7,0.4,0.3,0.3,balanced
1781375485685.539,0.4,0.3,0.3,646.2480376766091,676.2222222222222,0.12924960753532183,231.73371647509575,309.30076628352487,0.014792109171120463,0.9999999999999999,1.0,0.9999999999999999,25,8,2.243862524234535,0,2.243862524234535,False,False,False,True,0,233,7,0.4,0.3,0.3,balanced
1781375488510.032,0.4,0.3,0.3,641.7472527472528,670.7777777777778,0.12834945054945054,259.8559670781893,350.3292181069959,0.01666817658960569,0.9999999999999999,1.0,0.9999999999999999,26,8,2.2436597668033382,0,2.2436597668033382,False,False,False,True,0,234,7,0.4,0.3,0.3,balanced
1781375491331.248,0.4,0.3,0.3,645.0455259026687,675.1111111111111,0.12900910518053374,237.53086419753086,313.045267489712,0.015178843508841284,0.9999999999999999,1.0,0.9999999999999999,25,8,2.243842704875134,1,2.243842704875134,False,False,False,True,0,235,7,0.4,0.3,0.3,balanced
1781375494146.917,0.4,0.3,0.3,642.4505494505495,671.3333333333334,0.1284901098901099,252.6131687242798,333.8271604938272,0.016185001249118064,0.9999999999999999,1.0,0.9999999999999999,26,8,2.2437484556692207,0,2.2437484556692207,False,False,False,True,0,236,7,0.4,0.3,0.3,balanced
1781375497370.2148,0.4,0.3,0.3,462.12558869701724,520.8888888888889,0.09242511773940344,175.10758377425043,217.31393298059967,0.011014515261791223,0.7205651491365777,0.7777777777777778,0.7205651491365777,28,8,2.1758951430666746,0,2.1758951430666746,False,False,False,True,0,237,7,0.4,0.3,0.3,balanced
1781375500197.605,0.4,0.3,0.3,641.4489795918366,670.6666666666666,0.12828979591836734,250.1807760141093,326.2815990593769,0.01602273355664505,0.9940694226408512,0.9958847736625513,0.9940694226408512,26,8,2.242098088357915,1,2.242098088357915,False,False,False,True,0,238,7,0.4,0.3,0.3,balanced
1781375503024.7878,0.4,0.3,0.3,634.9717425431711,662.4444444444445,0.12699434850863422,235.6731334509112,316.35214579659026,0.015054912171508419,0.9999999999999999,1.0,0.9999999999999999,28,8,2.2446857869450936,0,2.2446857869450936,False,False,False,True,0,239,7,0.4,0.3,0.3,balanced
1781375505850.781,0.4,0.3,0.3,641.2810047095761,670.4444444444445,0.12825620094191523,229.8530276308054,303.6081716637272,0.014666646272902295,0.9999999999999999,1.0,0.9999999999999999,26,8,2.2442975257413633,1,2.2442975257413633,False,False,False,True,0,240,7,0.4,0.3,0.3,balanced
1781375508672.026,0.4,0.3,0.3,646.3281004709576,676.0,0.1292656200941915,219.31782209559987,296.4387464387464,0.013963830693502327,0.9999999999999999,1.0,0.9999999999999999,25,8,2.244104602754273,1,2.244104602754273,False,False,False,True,0,241,7,0.4,0.3,0.3,balanced
1781375511495.512,0.4,0.3,0.3,640.8367346938776,670.0,0.12816734693877552,244.17989417989415,315.4982363315697,0.015622407883915553,0.9999999999999999,1.0,0.9999999999999999,26,8,2.2440463388593153,0,2.2440463388593153,False,False,False,True,0,242,7,0.4,0.3,0.3,balanced
1781375514321.0,0.4,0.3,0.3,632.7189952904238,660.1111111111111,0.12654379905808474,250.79365079365078,328.8095238095238,0.016063619132331605,0.9999999999999999,1.0,0.9999999999999999,28,8,2.2445633946370664,0,2.2445633946370664,False,False,False,True,0,243,7,0.4,0.3,0.3,balanced
1781375520723.1902,0.4,0.3,0.3,630.4191522762951,656.5555555555555,0.12608383045525903,277.57716049382714,365.9700176366843,0.017850377618000478,0.9999999999999999,1.0,0.9999999999999999,29,8,2.244211354532496,0,2.244211354532496,False,False,False,True,0,244,7,0.4,0.3,0.3,balanced
1781375523548.424,0.4,0.3,0.3,623.353218210361,647.1111111111111,0.1246706436420722,288.30391351943075,375.2107279693487,0.018565971548994715,0.9999999999999999,1.0,0.9999999999999999,32,8,2.2445619510784725,0,2.2445619510784725,False,False,False,True,0,245,7,0.4,0.3,0.3,balanced
1781375526272.4558,0.4,0.3,0.3,616.9042386185243,639.7777777777778,0.12338084772370488,307.099556821779,410.69800569800566,0.01981985035502195,0.9940694226408512,0.9958847736625513,0.9940694226408512,34,8,2.2429225325962667,0,2.2429225325962667,False,False,False,True,0,246,7,0.4,0.3,0.3,balanced
1781375529096.038,0.4,0.3,0.3,615.1083202511774,637.2222222222222,0.12302166405023547,344.6832238642583,438.5180623973727,0.022327099657388813,0.9999999999999999,1.0,0.9999999999999999,35,8,2.244093204482689,0,2.244093204482689,False,False,False,True,0,247,7,0.4,0.3,0.3,balanced
1781375531820.462,0.4,0.3,0.3,610.640502354788,631.1111111111111,0.12212810047095761,341.0721634332745,438.8080540858319,0.022086201696682756,0.9999999999999999,1.0,0.9999999999999999,37,8,2.244522899302612,0,2.244522899302612,False,False,False,True,0,248,7,0.4,0.3,0.3,balanced
1781375534547.2668,0.4,0.3,0.3,615.5777080062794,637.4444444444445,0.12311554160125589,315.96707818930037,398.9711934156378,0.02041141282116747,0.9999999999999999,1.0,0.9999999999999999,35,8,2.244630359513147,1,2.244630359513147,False,False,False,True,0,249,7,0.4,0.3,0.3,balanced
1781375537271.5098,0.4,0.3,0.3,617.1742543171114,639.5555555555555,0.12343485086342228,312.9629629629629,410.2616108171664,0.020211004867442487,0.9999999999999999,1.0,0.9999999999999999,34,8,2.244562758194398,1,2.244562758194398,False,False,False,True,0,250,7,0.4,0.3,0.3,balanced
1781375539992.919,0.4,0.3,0.3,613.8759811616954,635.7777777777778,0.1227751962323391,323.69415049970604,405.45561434450326,0.02092689462973356,0.9999999999999999,1.0,0.9999999999999999,35,8,2.244611853118144,0,2.244611853118144,False,False,False,True,0,251,7,0.4,0.3,0.3,balanced
1781375542720.2761,0.4,0.3,0.3,611.8948194662479,632.3333333333334,0.12237896389324958,373.33333333333326,469.09465020576135,0.024238381142984208,0.9999999999999999,1.0,0.9999999999999999,37,8,2.243776900099805,0,2.243776900099805,False,False,False,True,0,252,7,0.4,0.3,0.3,balanced
1781375545439.426,0.4,0.3,0.3,611.4427001569859,631.6666666666666,0.12228854003139718,398.66696061140505,513.561140505585,0.025928416318305874,0.9999999999999999,1.0,0.9999999999999999,38,8,2.243306059091949,0,2.243306059091949,False,False,False,True,0,253,7,0.4,0.3,0.3,balanced
1781375548164.022,0.4,0.3,0.3,608.0266875981162,627.5555555555555,0.12160533751962323,443.3796296296296,566.2830687830688,0.028911249474958614,0.9999999999999999,1.0,0.9999999999999999,40,8,2.242684490149663,0,2.242684490149663,False,False,False,True,0,254,7,0.4,0.3,0.3,balanced
1781375550890.1428,0.4,0.3,0.3,611.342229199372,631.5555555555555,0.12226844583987441,369.36948853615513,484.71781305114644,0.023973948534766854,0.9999999999999999,1.0,0.9999999999999999,38,8,2.24390043710362,1,2.24390043710362,False,False,False,True,0,255,7,0.4,0.3,0.3,balanced
1781375557199.148,0.4,0.3,0.3,607.4458398744113,627.3333333333334,0.12148916797488225,387.4669312169312,500.94356261022926,0.025181249580849312,0.9999999999999999,1.0,0.9999999999999999,40,8,2.243849957935792,0,2.243849957935792,False,False,False,True,0,256,7,0.4,0.3,0.3,balanced
1781375559925.1821,0.4,0.3,0.3,604.8304552590266,623.0,0.12096609105180532,360.4761904761904,455.7539682539683,0.023380666476063405,0.9999999999999999,1.0,0.9999999999999999,41,8,2.2445993636364587,0,2.2445993636364587,False,False,False,True,0,257,7,0.4,0.3,0.3,balanced
1781375562650.923,0.4,0.3,0.3,601.1569858712716,619.0,0.12023139717425431,460.87370005473446,595.9660645867542,0.030078298869562006,0.9999999999999999,1.0,0.9999999999999999,43,8,2.2428839514694294,0,2.2428839514694294,False,False,False,True,0,258,7,0.4,0.3,0.3,balanced
1781375565376.058,0.4,0.3,0.3,600.3971742543171,618.2222222222222,0.1200794348508634,440.7194297472075,583.8345091122869,0.02873378450615127,0.9999999999999999,1.0,0.9999999999999999,44,8,2.2433480907078094,0,2.2433480907078094,False,False,False,True,0,259,7,0.4,0.3,0.3,balanced
1781375568092.4722,0.4,0.3,0.3,598.403453689168,614.8888888888889,0.1196806907378336,508.5180623973727,644.3363437328954,0.03325670863224635,0.9999999999999999,1.0,0.9999999999999999,46,8,2.2421507111151926,0,2.2421507111151926,False,False,False,True,0,260,7,0.4,0.3,0.3,balanced
1781375570816.7861,0.4,0.3,0.3,595.9623233908949,612.5555555555555,0.11919246467817897,665.9339080459771,897.6628352490421,0.043758099269244635,0.9999999999999999,1.0,0.9999999999999999,47,8,2.239195584347955,0,2.239195584347955,False,False,False,True,0,261,7,0.4,0.3,0.3,balanced
1781375573438.5,0.4,0.3,0.3,595.0392464678179,610.6666666666666,0.11900784929356358,495.5631868131868,646.6084429973318,0.032392474103614864,0.9999999999999999,1.0,0.9999999999999999,49,8,2.2426791180514902,0,2.2426791180514902,False,False,False,True,0,262,7,0.4,0.3,0.3,balanced
1781375576062.331,0.4,0.3,0.3,593.4050235478807,609.4444444444445,0.11868100470957613,559.3510604621715,707.4137385248496,0.03664783592142572,0.9999999999999999,1.0,0.9999999999999999,50,8,2.2415332473397416,0,2.2415332473397416,False,False,False,True,0,263,7,0.4,0.3,0.3,balanced
1781375578686.503,0.4,0.3,0.3,593.4301412872841,608.4444444444445,0.11868602825745682,532.2832157554379,686.8650793650795,0.03484210912311127,0.9999999999999999,1.0,0.9999999999999999,52,8,2.242072955960084,0,2.242072955960084,False,False,False,True,0,264,7,0.4,0.3,0.3,balanced
1781375581310.035,0.4,0.3,0.3,591.5541601255887,606.3333333333334,0.11831083202511775,555.0066137566138,703.8242210464433,0.036358012925724735,0.9999999999999999,1.0,0.9999999999999999,53,8,2.2417682633122356,0,2.2417682633122356,False,False,False,True,0,265,7,0.4,0.3,0.3,balanced
1781375583935.42,0.4,0.3,0.3,589.9591836734693,605.3333333333334,0.11799183673469385,587.4169040835708,730.9354226020891,0.03852014036581526,0.9999999999999999,1.0,0.9999999999999999,52,8,2.241247223196378,1,2.241247223196378,False,False,False,True,0,266,7,0.4,0.3,0.3,balanced
1781375587255.19,0.4,0.3,0.3,331.64835164835165,428.77777777777777,0.06632967032967033,1793.7933604336042,1451.460027100271,0.11899888995554397,0.5149902362445916,0.6639566395663956,0.5149902362445916,50,8,2.092265535754846,1,2.092265535754846,False,False,False,True,0,267,7,0.4,0.3,0.3,balanced
1781375593450.3801,0.4,0.3,0.3,592.3359497645212,606.8888888888889,0.11846718995290423,489.1688712522045,633.0261610817166,0.031965902018159076,0.9999999999999999,1.0,0.9999999999999999,52,8,2.2430233534133905,0,2.2430233534133905,False,False,False,True,0,268,7,0.4,0.3,0.3,balanced
1781375596162.643,0.4,0.3,0.3,591.861852433281,606.5555555555555,0.1183723704866562,575.1115216201423,729.2870826491516,0.03769923426418561,0.9999999999999999,1.0,0.9999999999999999,53,8,2.241341281526082,0,2.241341281526082,False,False,False,True,0,269,7,0.4,0.3,0.3,balanced
1781375598787.636,0.4,0.3,0.3,589.9686028257457,603.6666666666666,0.11799372056514915,574.429012345679,738.5758377425044,0.03765370329190654,0.9999999999999999,1.0,0.9999999999999999,55,8,2.2415064007863683,0,2.2415064007863683,False,False,False,True,0,270,7,0.4,0.3,0.3,balanced
1781375601400.5872,0.4,0.3,0.3,586.7064364207221,600.2222222222222,0.11734128728414442,661.6027336860669,842.8571428571428,0.04346916168686237,0.9999999999999999,1.0,0.9999999999999999,56,8,2.2400227365802836,0,2.2400227365802836,False,False,False,True,0,271,7,0.4,0.3,0.3,balanced
1781375604026.968,0.4,0.3,0.3,584.7739403453689,598.1111111111111,0.11695478806907379,629.1688712522046,760.5496766607879,0.04130546172463006,0.9999999999999999,1.0,0.9999999999999999,58,8,2.2408264462549816,0,2.2408264462549816,False,False,False,True,0,272,7,0.4,0.3,0.3,balanced
1781375606652.322,0.4,0.3,0.3,583.6860282574568,597.2222222222222,0.11673720565149136,645.8443562610229,810.0205761316871,0.04241790235230306,0.9999999999999999,1.0,0.9999999999999999,59,8,2.2405797470337125,0,2.2405797470337125,False,False,False,True,0,273,7,0.4,0.3,0.3,balanced
1781375609270.862,0.4,0.3,0.3,584.4411302982732,597.6666666666666,0.11688822605965463,648.8242210464432,813.8183421516756,0.04261669253145051,0.9999999999999999,1.0,0.9999999999999999,61,8,2.240459701816703,0,2.240459701816703,False,False,False,True,0,274,7,0.4,0.3,0.3,balanced
1781375611894.334,0.4,0.3,0.3,582.3186813186812,594.4444444444445,0.11646373626373624,688.2649911816578,861.5432098765433,0.04524783129964362,0.9999999999999999,1.0,0.9999999999999999,64,8,2.2398401561046124,0,2.2398401561046124,False,False,False,True,0,275,7,0.4,0.3,0.3,balanced
1781375614518.431,0.4,0.3,0.3,580.5510204081633,593.2222222222222,0.11611020408163265,707.8020282186949,894.9132863021753,0.046551169327464635,0.9999999999999999,1.0,0.9999999999999999,65,8,2.2395905675691075,0,2.2395905675691075,False,False,False,True,0,276,7,0.4,0.3,0.3,balanced
1781375617131.783,0.4,0.3,0.3,579.3657770800628,590.7777777777778,0.11587315541601256,784.0674603174602,1001.2301587301588,0.05163892330336626,0.9999999999999999,1.0,0.9999999999999999,67,8,2.238159060842585,0,2.238159060842585,False,False,False,True,0,277,7,0.4,0.3,0.3,balanced
1781375656071.7449,0.4,0.3,0.3,424.5070643642072,463.22222222222223,0.08490141287284145,670.74883286648,825.7703081232494,0.044079308396696465,0.728414442700157,0.7777777777777778,0.728414442700157,68,8,2.1713399751419016,0,2.1713399751419016,False,False,False,True,1,278,7,0.4,0.3,0.3,balanced
1781375658690.891,0.4,0.3,0.3,580.5117739403453,592.8888888888889,0.11610235478806906,739.5877425044092,934.2915931804821,0.04867163058735218,0.9999999999999999,1.0,0.9999999999999999,67,8,2.2389575689085666,1,2.2389575689085666,False,False,False,True,0,279,7,0.4,0.3,0.3,balanced
1781375664898.229,0.4,0.3,0.3,581.1130298273156,593.1111111111111,0.11622260596546312,735.9611992945325,947.0047031158143,0.04842969975280404,0.9999999999999999,1.0,0.9999999999999999,68,8,2.2389820476879736,0,2.2389820476879736,False,False,False,True,0,280,7,0.4,0.3,0.3,balanced
1781375667510.634,0.4,0.3,0.3,580.1271585557299,591.8888888888889,0.11602543171114599,740.0448265726044,954.7721928277483,0.048702123186964937,0.9942812289751065,0.9960317460317462,0.9942812289751065,67,8,2.2372635590519843,1,2.2372635590519843,False,False,False,True,0,281,7,0.4,0.3,0.3,balanced
1781375670134.2312,0.4,0.3,0.3,581.116169544741,593.3333333333334,0.11622323390894819,736.8540564373898,924.4620811287477,0.04848926327134021,0.9999999999999999,1.0,0.9999999999999999,65,8,2.2389639274550186,1,2.2389639274550186,False,False,False,True,0,282,7,0.4,0.3,0.3,balanced
1781375672758.5051,0.4,0.3,0.3,581.3594976452118,593.3333333333334,0.11627189952904236,776.8206075533661,957.6819923371646,0.05115547748855011,0.9999999999999999,1.0,0.9999999999999999,67,8,2.238144596941818,0,2.238144596941818,False,False,False,True,0,283,7,0.4,0.3,0.3,balanced
1781375675381.413,0.4,0.3,0.3,582.3108320251176,594.8888888888889,0.11646216640502352,674.8295120517342,840.027924750147,0.04435153516022243,0.9999999999999999,1.0,0.9999999999999999,65,8,2.2401096728899237,1,2.2401096728899237,False,False,False,True,0,284,7,0.4,0.3,0.3,balanced
1781375678006.768,0.4,0.3,0.3,581.2637362637362,593.8888888888889,0.11625274725274723,735.0526819923372,904.9069512862616,0.048369091527173926,0.9999999999999999,1.0,0.9999999999999999,64,8,2.238988173640749,1,2.238988173640749,False,False,False,True,0,285,7,0.4,0.3,0.3,balanced
1781375680624.883,0.4,0.3,0.3,583.2150706436421,597.0,0.11664301412872842,640.6437389770723,817.1516754850087,0.042070963240631906,0.9999999999999999,1.0,0.9999999999999999,61,8,2.240721505376319,1,2.240721505376319,False,False,False,True,0,286,7,0.4,0.3,0.3,balanced
1781375683237.978,0.4,0.3,0.3,585.9576138147567,599.6666666666666,0.11719152276295133,664.4047619047619,796.031746031746,0.04365608818577465,0.9999999999999999,1.0,0.9999999999999999,59,8,2.240026564439087,1,2.240026564439087,False,False,False,True,0,287,7,0.4,0.3,0.3,balanced
1781375685852.953,0.4,0.3,0.3,586.6043956043956,600.2222222222222,0.11732087912087912,6798.942703387147,7388.778094333648,0.45289811230067695,0.9915692772835629,0.9917695473251028,0.9915692772835629,58,8,2.114672997846514,1,2.114672997846514,False,False,False,True,0,288,7,0.4,0.3,0.3,balanced
1781375688477.1472,0.4,0.3,0.3,585.4458398744113,599.1111111111111,0.11708916797488225,697.4132863021752,835.5805408583187,0.04585812450314711,0.9999999999999999,1.0,0.9999999999999999,59,8,2.239406895459103,0,2.239406895459103,False,False,False,True,0,289,7,0.4,0.3,0.3,balanced
1781375691101.2212,0.4,0.3,0.3,585.2291993720564,598.3333333333334,0.11704583987441129,649.6075837742504,810.7231040564373,0.042668951552651796,0.9999999999999999,1.0,0.9999999999999999,58,8,2.2403809785844397,1,2.2403809785844397,False,False,False,True,0,290,7,0.4,0.3,0.3,balanced
1781375693720.763,0.4,0.3,0.3,588.6499215070643,602.4444444444445,0.11772998430141285,665.5445326278659,823.5141093474426,0.04373212359091834,0.9999999999999999,1.0,0.9999999999999999,56,8,2.2397883692021594,1,2.2397883692021594,False,False,False,True,0,291,7,0.4,0.3,0.3,balanced
1781375699932.253,0.4,0.3,0.3,586.2496075353217,599.8888888888889,0.11724992150706434,595.5445326278659,759.0667254556143,0.03906234373768285,0.9999999999999999,1.0,0.9999999999999999,58,8,2.2413813282758692,0,2.2413813282758692,False,False,False,True,0,292,7,0.4,0.3,0.3,balanced
1781375702553.8188,0.4,0.3,0.3,587.6985871271585,602.2222222222222,0.11753971742543169,581.1581422692534,701.5461493239272,0.03810261122543385,0.9999999999999999,1.0,0.9999999999999999,56,8,2.2415533296621972,1,2.2415533296621972,False,False,False,True,0,293,7,0.4,0.3,0.3,balanced
1781375705179.922,0.4,0.3,0.3,587.8979591836735,601.7777777777778,0.11757959183673469,471.5939153439153,616.6931216931217,0.030793456660701487,0.9999999999999999,1.0,0.9999999999999999,55,8,2.2437301262670957,1,2.2437301262670957,False,False,False,True,0,294,7,0.4,0.3,0.3,balanced
1781375707805.257,0.4,0.3,0.3,590.7458178438661,599.8888888888889,0.11814916356877322,613.1910052910052,693.9888300999412,0.040239560059439974,1.0,1.0,1.0,56,8,2.240668466554659,0,2.240668466554659,False,False,False,True,0,295,7,0.4,0.3,0.3,balanced
1781375710429.48,0.4,0.3,0.3,588.6985871271585,602.8888888888889,0.1177397174254317,498.3553791887125,650.4805996472663,0.03257874444220897,0.9999999999999999,1.0,0.9999999999999999,55,8,2.2431304896971644,1,2.2431304896971644,False,False,False,True,0,296,7,0.4,0.3,0.3,balanced
1781375713052.5479,0.4,0.3,0.3,592.5007849293563,607.4444444444445,0.11850015698587127,586.1015579071135,721.250734861846,0.03843239212188883,0.9999999999999999,1.0,0.9999999999999999,53,8,2.241070219569085,1,2.241070219569085,False,False,False,True,0,297,7,0.4,0.3,0.3,balanced
1781375715678.127,0.4,0.3,0.3,592.690737833595,607.4444444444445,0.118538147566719,497.5404174015285,642.2178130511462,0.03252437741170971,0.9999999999999999,1.0,0.9999999999999999,52,8,2.2428274277497993,1,2.2428274277497993,False,False,False,True,0,298,7,0.4,0.3,0.3,balanced
1781375718302.386,0.4,0.3,0.3,593.8320251177394,609.4444444444445,0.11876640502354788,520.7429453262787,631.8268665490888,0.03407224451809731,0.9999999999999999,1.0,0.9999999999999999,50,8,2.2422717646351518,1,2.2422717646351518,False,False,False,True,0,299,7,0.4,0.3,0.3,balanced
1781375720926.481,0.4,0.3,0.3,592.9120879120878,608.8888888888889,0.11858241758241757,524.9955908289242,648.0922986478542,0.03435594335082883,0.9999999999999999,1.0,0.9999999999999999,49,8,2.242260249961784,1,2.242260249961784,False,False,False,True,0,300,7,0.4,0.3,0.3,balanced
1781375723550.593,0.4,0.3,0.3,596.2590266875982,612.5555555555555,0.11925180533751964,454.34156378600824,578.3539094650207,0.029642532607472197,0.9999999999999999,1.0,0.9999999999999999,47,8,2.2434065180827503,1,2.2434065180827503,False,False,False,True,0,301,7,0.4,0.3,0.3,balanced
1781375726172.7122,0.4,0.3,0.3,596.8461538461537,614.1111111111111,0.11936923076923074,469.05055849500286,607.77189888301,0.03062378642394949,0.9999999999999999,1.0,0.9999999999999999,46,8,2.2430651717651227,1,2.2430651717651227,False,False,False,True,0,302,7,0.4,0.3,0.3,balanced
1781375728798.791,0.4,0.3,0.3,601.4489795918366,619.3333333333334,0.12028979591836733,436.690408357075,558.0974992086103,0.028465003893067043,0.9999999999999999,1.0,0.9999999999999999,44,8,2.2433445804647327,1,2.2433445804647327,False,False,False,True,0,303,7,0.4,0.3,0.3,balanced
1781375735096.9592,0.4,0.3,0.3,601.8712715855572,620.1111111111111,0.12037425431711145,5298.139499389499,5395.20757020757,0.3527778185049699,0.988338192419825,0.9920634920634921,0.988338192419825,43,8,2.142518410447612,1,2.142518410447612,False,False,False,True,0,304,7,0.4,0.3,0.3,balanced
1781375737817.8489,0.4,0.3,0.3,603.839874411303,622.1111111111111,0.1207679748822606,423.5878489326765,540.0342090859333,0.027590917206983086,0.9999999999999999,1.0,0.9999999999999999,41,8,2.243415534885001,1,2.243415534885001,False,False,False,True,0,305,7,0.4,0.3,0.3,balanced
1781375740541.872,0.4,0.3,0.3,606.4238618524332,626.1111111111111,0.12128477237048664,353.80658436213986,460.3145208700764,0.022935729443771837,0.9999999999999999,1.0,0.9999999999999999,40,8,2.2446053722186736,1,2.2446053722186736,False,False,False,True,0,306,7,0.4,0.3,0.3,balanced
1781375743265.397,0.4,0.3,0.3,608.49136577708,628.5555555555555,0.121698273155416,396.5674603174603,506.1610817166372,0.0257883562586698,0.9999999999999999,1.0,0.9999999999999999,38,8,2.2435841838602326,1,2.2435841838602326,False,False,False,True,0,307,7,0.4,0.3,0.3,balanced
1781375746182.037,0.4,0.3,0.3,611.7629513343799,632.4444444444445,0.12235259026687598,396.7467144563919,562.3560334528077,0.02580031450676397,0.8732339089481945,0.9120370370370369,0.8732339089481945,37,8,2.2052890422256786,1,2.2052890422256786,False,False,False,True,0,308,7,0.4,0.3,0.3,balanced
1781375748898.345,0.4,0.3,0.3,615.3014128728414,637.2222222222222,0.12306028257456829,323.2032627865961,418.2260435038213,0.02089414695040668,0.9999999999999999,1.0,0.9999999999999999,35,8,2.2445076428850506,1,2.2445076428850506,False,False,False,True,0,309,7,0.4,0.3,0.3,balanced
1781375751710.4868,0.4,0.3,0.3,619.6593406593406,641.7777777777778,0.12393186813186813,313.431855500821,397.0703338806787,0.02024228522353709,0.9999999999999999,1.0,0.9999999999999999,34,8,2.2443545671801917,1,2.2443545671801917,False,False,False,True,0,310,7,0.4,0.3,0.3,balanced
1781375754526.845,0.4,0.3,0.3,623.1664050235479,646.8888888888889,0.12463328100470958,279.0223043240285,369.5470717022442,0.017946784811476216,0.9999999999999999,1.0,0.9999999999999999,32,8,2.244762652154673,1,2.244762652154673,False,False,False,True,0,311,7,0.4,0.3,0.3,balanced
1781375757341.244,0.4,0.3,0.3,630.828885400314,657.2222222222222,0.1261657770800628,295.86493239271016,375.99206349206344,0.019070375743342905,0.9999999999999999,1.0,0.9999999999999999,29,8,2.243812576444972,1,2.243812576444972,False,False,False,True,0,312,7,0.4,0.3,0.3,balanced
1781375760161.661,0.4,0.3,0.3,633.9654631083201,661.4444444444445,0.12679309262166402,237.8365667254556,314.4209288653733,0.015199237273212516,0.9999999999999999,1.0,0.9999999999999999,28,8,2.2447229917693705,1,2.2447229917693705,False,False,False,True,0,313,7,0.4,0.3,0.3,balanced
1781375762984.631,0.4,0.3,0.3,639.9795918367346,669.1111111111111,0.12799591836734692,255.48868312757202,326.6651969429747,0.016376830095234957,0.9884503251850191,0.9920634920634921,0.9884503251850191,26,8,2.2404236811799967,1,2.2404236811799967,False,False,False,True,0,314,7,0.4,0.3,0.3,balanced
1781375765809.7178,0.4,0.3,0.3,644.0580847723705,674.3333333333334,0.1288116169544741,253.33808167141498,328.4409623298512,0.016233361018773516,0.9999999999999999,1.0,0.9999999999999999,25,8,2.243605344912578,1,2.243605344912578,False,False,False,True,0,315,7,0.4,0.3,0.3,balanced
1781375772322.723,0.4,0.3,0.3,651.6938775510205,684.7777777777778,0.1303387755102041,225.6547619047619,300.1587301587301,0.014386575177102194,0.9999999999999999,1.0,0.9999999999999999,23,8,2.243548517242788,1,2.243548517242788,False,False,False,True,0,316,7,0.4,0.3,0.3,balanced
1781375775236.835,0.4,0.3,0.3,657.098901098901,691.3333333333334,0.1314197802197802,239.3290711346267,319.1549088771311,0.015298803944938405,0.9999999999999999,1.0,0.9999999999999999,22,8,2.2428424467286066,1,2.2428424467286066,False,False,False,True,0,317,7,0.4,0.3,0.3,balanced
1781375778162.077,0.4,0.3,0.3,670.0973312401884,708.1111111111111,0.13401946624803768,232.45330800886353,301.2630579297246,0.014840113943219714,0.9999999999999999,1.0,0.9999999999999999,20,8,2.241940179317819,1,2.241940179317819,False,False,False,True,0,318,7,0.4,0.3,0.3,balanced
1781375781084.2659,0.4,0.3,0.3,659.7739403453688,694.2222222222222,0.13195478806907376,253.5368900646678,324.1798941798942,0.016246623753480172,0.9999999999999999,1.0,0.9999999999999999,22,8,2.2423440976463263,0,2.2423440976463263,False,False,False,True,0,319,7,0.4,0.3,0.3,balanced
1781375784005.1628,0.4,0.3,0.3,669.6875981161695,707.6666666666666,0.1339375196232339,158.15843621399176,205.6315289648623,0.009883818293128203,0.9999999999999999,1.0,0.9999999999999999,20,8,2.243459846662768,1,2.243459846662768,False,False,False,True,0,320,7,0.4,0.3,0.3,balanced
1781375786923.885,0.4,0.3,0.3,677.6640502354787,717.3333333333334,0.13553281004709575,170.96866096866094,227.326685660019,0.01073840299991067,0.9999999999999999,1.0,0.9999999999999999,19,8,2.2425653550811884,1,2.2425653550811884,False,False,False,True,0,321,7,0.4,0.3,0.3,balanced
1781375789948.927,0.4,0.3,0.3,693.3971742543171,737.6666666666666,0.13867943485086343,161.30579297245964,213.25261158594492,0.010093782052865886,0.9999999999999999,1.0,0.9999999999999999,17,8,2.241500091443795,1,2.241500091443795,False,False,False,True,0,322,7,0.4,0.3,0.3,balanced
1781375793073.6,0.4,0.3,0.3,701.6530612244898,748.8888888888889,0.14033061224489796,149.82402885180662,196.04576493465382,0.009327820470434064,0.9940694226408512,0.9958847736625513,0.9940694226408512,16,8,2.239290235753166,1,2.239290235753166,False,False,False,True,0,323,7,0.4,0.3,0.3,balanced
1781375796290.051,0.4,0.3,0.3,724.502354788069,778.5555555555555,0.14490047095761383,130.11904761904762,173.29365079365078,0.008013278693732329,0.9999999999999999,1.0,0.9999999999999999,14,8,2.2396358280088347,1,2.2396358280088347,False,False,False,True,0,324,7,0.4,0.3,0.3,balanced
1781375799502.6692,0.4,0.3,0.3,740.2715855572998,798.0,0.14805431711145994,125.81038303260523,164.95409939854386,0.00772584276401636,0.9999999999999999,1.0,0.9999999999999999,13,8,2.238460520326211,1,2.238460520326211,False,False,False,True,0,325,7,0.4,0.3,0.3,balanced
1781375808300.262,0.4,0.3,0.3,776.5525902668759,842.2222222222222,0.15531051805337517,457.02482989535173,569.4450758641096,0.02982153635059051,0.46509433009516465,0.5784007858469233,0.46509433009516465,11,8,2.068457630902022,1,2.068457630902022,False,False,False,True,0,326,7,0.4,0.3,0.3,balanced
1781375811824.426,0.4,0.3,0.3,798.6310832025117,873.3333333333334,0.15972621664050235,101.96869488536156,141.18018812463256,0.006135336550057475,0.9999999999999999,1.0,0.9999999999999999,10,8,2.2342689123787816,1,2.2342689123787816,False,False,False,True,0,327,7,0.4,0.3,0.3,balanced
1781375815248.3062,0.4,0.3,0.3,773.1161695447408,842.0,0.15462323390894817,124.23206937095826,175.50117577895355,0.007620551659169997,0.9999999999999999,1.0,0.9999999999999999,11,8,2.2358645409386697,0,2.2358645409386697,False,False,False,True,0,328,7,0.4,0.3,0.3,balanced
1781375818466.651,0.4,0.3,0.3,738.9999999999999,797.8888888888889,0.1478,127.46031746031744,174.4679600235156,0.007835911771869075,0.9999999999999999,1.0,0.9999999999999999,13,8,2.2385292264684393,0,2.2385292264684393,False,False,False,True,0,329,7,0.4,0.3,0.3,balanced
1781375821684.9412,0.4,0.3,0.3,725.7551020408163,779.6666666666666,0.14515102040816324,137.21634332745444,194.1769547325103,0.0084867473867548,0.9999999999999999,1.0,0.9999999999999999,14,8,2.2393935676207084,0,2.2393935676207084,False,False,False,True,0,330,7,0.4,0.3,0.3,balanced
1781375825003.143,0.4,0.3,0.3,606.2731554160125,653.1111111111111,0.1212546310832025,145.694743130227,206.52210274790917,0.009052351109421415,0.8833746898263026,0.8853046594982079,0.8833746898263026,16,8,2.2137948491817836,0,2.2137948491817836,False,False,False,True,0,331,7,0.4,0.3,0.3,balanced
1781375828015.6082,0.4,0.3,0.3,692.4018838304552,737.2222222222222,0.13848037676609104,178.51930990819878,238.86356441912,0.011242115404149352,0.9999999999999999,1.0,0.9999999999999999,17,8,2.2412352146723187,0,2.2412352146723187,False,False,False,True,0,332,7,0.4,0.3,0.3,balanced
1781375831028.101,0.4,0.3,0.3,677.087912087912,716.5555555555555,0.1354175824175824,179.88977072310402,237.35890652557316,0.011333540408479253,0.9999999999999999,1.0,0.9999999999999999,19,8,2.242432904910423,0,2.242432904910423,False,False,False,True,0,333,7,0.4,0.3,0.3,balanced
1781375834052.8928,0.4,0.3,0.3,670.9968602825745,708.5555555555555,0.13419937205651492,170.40941940846153,224.37562083155956,0.010701095357469081,0.9960192868356134,0.9960317460317462,0.9960192868356134,20,8,2.241915708620837,0,2.241915708620837,False,False,False,True,0,334,7,0.4,0.3,0.3,balanced
1781375836978.8152,0.4,0.3,0.3,660.0376766091051,694.6666666666666,0.13200753532182102,210.74226699226696,273.4370053814498,0.013391745629904401,0.9999999999999999,1.0,0.9999999999999999,22,8,2.2431794621823,0,2.2431794621823,False,False,False,True,0,335,7,0.4,0.3,0.3,balanced
1781375843479.892,0.4,0.3,0.3,654.2794348508633,686.8888888888889,0.13085588697017264,208.90873015873012,271.8650793650793,0.01326942829611275,0.9999999999999999,1.0,0.9999999999999999,23,8,2.243676816723097,0,2.243676816723097,False,False,False,True,0,336,7,0.4,0.3,0.3,balanced
1781375846294.7732,0.4,0.3,0.3,646.1726844583987,676.5555555555555,0.12923453689167974,222.67252295030073,299.08990186767966,0.014187626614429669,0.9999999999999999,1.0,0.9999999999999999,25,8,2.244049897258999,0,2.244049897258999,False,False,False,True,0,337,7,0.4,0.3,0.3,balanced
1781375849118.0579,0.4,0.3,0.3,641.7645211930926,671.1111111111111,0.12835290423861853,310.4115226337448,417.48971193415645,0.020040795372497987,0.9999999999999999,1.0,0.9999999999999999,26,8,2.242646599692803,0,2.242646599692803,False,False,False,True,0,338,7,0.4,0.3,0.3,balanced
1781375851931.698,0.4,0.3,0.3,635.8744113029827,662.6666666666666,0.12717488226059653,267.658899742233,342.3930493374938,0.017188719128901467,0.9940694226408512,0.9958847736625513,0.9940694226408512,28,8,2.2421942581493464,0,2.2421942581493464,False,False,False,True,0,339,7,0.4,0.3,0.3,balanced
1781375854759.267,0.4,0.3,0.3,632.425431711146,658.5555555555555,0.12648508634222919,271.4572310405644,364.67519106407997,0.017442110142799495,0.9999999999999999,1.0,0.9999999999999999,29,8,2.244173332420268,0,2.244173332420268,False,False,False,True,0,340,7,0.4,0.3,0.3,balanced
1781375857479.0398,0.4,0.3,0.3,621.3437990580846,645.1111111111111,0.12426875981161693,327.07502374169036,409.47768281101617,0.021152436540473007,0.9999999999999999,1.0,0.9999999999999999,32,8,2.2439467651132112,0,2.2439467651132112,False,False,False,True,0,341,7,0.4,0.3,0.3,balanced
1781375860305.893,0.4,0.3,0.3,617.6106750392464,640.7777777777778,0.12352213500784928,475.1516602809706,546.6172535425409,0.031030797883987365,0.9806384092098376,0.9629629629629629,0.9806384092098376,34,8,2.2354734293946152,0,2.2354734293946152,False,False,False,True,0,342,7,0.4,0.3,0.3,balanced
1781375863026.5242,0.4,0.3,0.3,615.717425431711,637.5555555555555,0.12314348508634221,377.9761904761904,493.2098765432099,0.024548111439372276,0.9999999999999999,1.0,0.9999999999999999,35,8,2.2433781725336512,0,2.2433781725336512,False,False,False,True,0,343,7,0.4,0.3,0.3,balanced
1781375865739.6182,0.4,0.3,0.3,623.940170940171,628.0,0.1247880341880342,9333.251194743132,9368.858024691357,0.6219647227980742,1.0000000000000002,1.0,1.0,37,8,2.063495369485364,0,2.063495369485364,False,False,False,True,0,344,7,0.4,0.3,0.3,balanced
1781375868463.552,0.4,0.3,0.3,609.3783359497644,629.3333333333334,0.12187566718995288,412.13844797178126,527.9673721340389,0.026827114607857323,0.9999999999999999,1.0,0.9999999999999999,38,8,2.2432015987416616,0,2.2432015987416616,False,False,False,True,0,345,7,0.4,0.3,0.3,balanced
1781375871188.913,0.4,0.3,0.3,606.1554160125588,625.5555555555555,0.12123108320251176,432.42610837438417,560.6458675424193,0.028180527576676728,0.9999999999999999,1.0,0.9999999999999999,40,8,2.2430534084459923,0,2.2430534084459923,False,False,False,True,0,346,7,0.4,0.3,0.3,balanced
1781375873906.86,0.4,0.3,0.3,605.7535321821035,625.2222222222222,0.1211507064364207,415.31672545561435,541.0126396237507,0.02703914112445726,0.9960192868356134,0.9960317460317462,0.9960192868356134,41,8,2.2422337611387784,0,2.2422337611387784,False,False,False,True,0,347,7,0.4,0.3,0.3,balanced
1781375880217.043,0.4,0.3,0.3,602.8759811616954,620.6666666666666,0.12057519623233909,431.74603174603175,553.7698412698413,0.02813515888899478,0.9999999999999999,1.0,0.9999999999999999,43,8,2.243329373840366,0,2.243329373840366,False,False,False,True,0,348,7,0.4,0.3,0.3,balanced
1781375882931.134,0.4,0.3,0.3,601.7001569858712,619.0,0.12034003139717424,484.89532019704427,635.9469074986317,0.031680808552171064,0.9999999999999999,1.0,0.9999999999999999,44,8,2.242359744875479,0,2.242359744875479,False,False,False,True,0,349,7,0.4,0.3,0.3,balanced
1781375885655.325,0.4,0.3,0.3,602.3375196232339,619.7777777777778,0.12046750392464678,418.23192239858906,543.4009406231629,0.027233617238064646,0.9999999999999999,1.0,0.9999999999999999,43,8,2.243642913258722,1,2.243642913258722,False,False,False,True,0,350,7,0.4,0.3,0.3,balanced
1781375888375.505,0.4,0.3,0.3,601.5541601255886,618.6666666666666,0.12031083202511772,568.2267783656672,782.4882422104644,0.03723994518783637,0.9862946694403415,0.988232074438971,0.9862946694403415,44,8,2.2365920844657046,0,2.2365920844657046,False,False,False,True,0,351,7,0.4,0.3,0.3,balanced
1781375891094.616,0.4,0.3,0.3,604.2119309262166,621.6666666666666,0.12084238618524332,443.2098765432099,586.9356261022928,0.028899925052915935,0.9999999999999999,1.0,0.9999999999999999,43,8,2.2429930680100276,1,2.2429930680100276,False,False,False,True,0,352,7,0.4,0.3,0.3,balanced
1781375894119.243,0.4,0.3,0.3,601.7927786499215,619.6666666666666,0.1203585557299843,636.7755991285402,837.7074668251139,0.041812915218715156,0.7793367346938774,0.8194444444444444,0.7793367346938774,44,8,2.173113723550555,0,2.173113723550555,False,False,False,True,0,353,7,0.4,0.3,0.3,balanced
1781375896743.0798,0.4,0.3,0.3,597.861852433281,614.6666666666666,0.1195723704866562,470.3561253561253,614.4428616650839,0.030710882278594084,0.9999999999999999,1.0,0.9999999999999999,46,8,2.2429577871217594,0,2.2429577871217594,False,False,False,True,0,354,7,0.4,0.3,0.3,balanced
1781375899466.773,0.4,0.3,0.3,601.6891679748823,619.0,0.12033783359497645,603.1884236453202,880.0002736726875,0.039572276427306215,0.9828436869253195,0.988095238095238,0.9828436869253195,44,8,2.234846289711413,1,2.234846289711413,False,False,False,True,0,355,7,0.4,0.3,0.3,balanced
1781375902086.25,0.4,0.3,0.3,598.9372056514914,615.5555555555555,0.11978744113029827,448.11807534029754,580.6394428616651,0.029227356593749,0.9999999999999999,1.0,0.9999999999999999,46,8,2.243316816569756,0,2.243316816569756,False,False,False,True,0,356,7,0.4,0.3,0.3,balanced
1781375904910.756,0.4,0.3,0.3,599.5478806907378,615.5555555555555,0.11990957613814755,492.48631636562675,640.5446086480569,0.03218721256608584,0.9999999999999999,1.0,0.9999999999999999,47,8,2.242380005774915,0,2.242380005774915,False,False,False,True,0,357,7,0.4,0.3,0.3,balanced
1781375907525.757,0.4,0.3,0.3,597.9340659340658,613.5555555555555,0.11958681318681315,508.1687242798353,642.962962962963,0.0332334038879143,0.9999999999999999,1.0,0.9999999999999999,49,8,2.2421952535589003,0,2.2421952535589003,False,False,False,True,0,358,7,0.4,0.3,0.3,balanced
1781375916439.636,0.4,0.3,0.3,193.56043956043956,201.11111111111111,0.03871208791208791,167.4002914951989,228.28515089163238,0.010500353001681048,0.3283110617605391,0.3319783197831978,0.3283110617605391,50,8,2.079858377462822,0,2.079858377462822,False,False,False,True,0,359,7,0.4,0.3,0.3,balanced
1781375919255.1118,0.4,0.3,0.3,554.7394034536891,535.4444444444445,0.11094788069073781,450.16857078853036,600.4088261648745,0.02936414748422484,0.9419152276295132,0.8888888888888888,0.9419152276295132,52,8,2.2293861717672914,0,2.2293861717672914,False,False,False,True,0,360,7,0.4,0.3,0.3,balanced
1781375921878.064,0.4,0.3,0.3,589.7378335949765,604.5555555555555,0.11794756671899528,538.9219576719577,699.8603762492652,0.0352849871695769,0.9999999999999999,1.0,0.9999999999999999,53,8,2.242235477161529,0,2.242235477161529,False,False,False,True,0,361,7,0.4,0.3,0.3,balanced
1781375924491.325,0.4,0.3,0.3,588.6436420722135,602.7777777777778,0.11772872841444271,567.5124926513814,735.6569664903,0.03719229437300743,0.9999999999999999,1.0,0.9999999999999999,55,8,2.2417508203223204,0,2.2417508203223204,False,False,False,True,0,362,7,0.4,0.3,0.3,balanced
1781375927115.541,0.4,0.3,0.3,587.8257456828885,602.0,0.1175651491365777,595.9803057025279,754.1328630217519,0.03909141465660626,0.9999999999999999,1.0,0.9999999999999999,56,8,2.241246515948387,0,2.241246515948387,False,False,False,True,0,363,7,0.4,0.3,0.3,balanced
1781375929732.2642,0.4,0.3,0.3,588.978021978022,602.7777777777778,0.1177956043956044,587.4651788540677,734.0250079138968,0.03852336083082507,0.9999999999999999,1.0,0.9999999999999999,55,8,2.241324749992511,1,2.241324749992511,False,False,False,True,0,364,7,0.4,0.3,0.3,balanced
1781375932347.938,0.4,0.3,0.3,588.0879120879121,601.5555555555555,0.11761758241758241,592.8417107583774,725.6363903586127,0.03888203540749682,0.9999999999999999,1.0,0.9999999999999999,56,8,2.2412883564107178,0,2.2412883564107178,False,False,False,True,0,365,7,0.4,0.3,0.3,balanced
1781375934969.048,0.4,0.3,0.3,586.2778649921507,600.4444444444445,0.11725557299843015,648.5809817754263,789.2607289829512,0.04260046576220322,0.9999999999999999,1.0,0.9999999999999999,56,8,2.240317631071967,2,2.240317631071967,False,False,False,True,0,366,7,0.4,0.3,0.3,balanced
1781375937591.113,0.4,0.3,0.3,585.7048665620094,598.6666666666666,0.11714097331240189,591.9517636684303,720.1263374485596,0.03882266602190996,0.9937205651491364,0.9957264957264957,0.9937205651491364,58,8,2.239612980413207,0,2.239612980413207,False,False,False,True,0,367,7,0.4,0.3,0.3,balanced
1781375940213.981,0.4,0.3,0.3,586.0627943485085,599.3333333333334,0.11721255886970171,605.3086419753087,757.1898883009994,0.03971371861076108,0.9999999999999999,1.0,0.9999999999999999,59,8,2.241200860868891,0,2.241200860868891,False,False,False,True,0,368,7,0.4,0.3,0.3,balanced
1781375942837.2852,0.4,0.3,0.3,583.4599686028257,596.0,0.11669199372056514,614.6693121693121,778.641975308642,0.04033817959768593,0.9999999999999999,1.0,0.9999999999999999,61,8,2.241221748632468,0,2.241221748632468,False,False,False,True,0,369,7,0.4,0.3,0.3,balanced
1781375945460.348,0.4,0.3,0.3,582.0392464678179,594.3333333333334,0.11640784929356357,617.2339800117578,784.6913580246915,0.040509271515127274,0.9999999999999999,1.0,0.9999999999999999,64,8,2.2412840788280364,0,2.2412840788280364,False,False,False,True,0,370,7,0.4,0.3,0.3,balanced
1781375951650.341,0.4,0.3,0.3,581.4772370486656,594.2222222222222,0.11629544740973313,662.9428936325488,815.0416590646475,0.04355856528569372,0.9999999999999999,1.0,0.9999999999999999,65,8,2.2404142514503986,0,2.2404142514503986,False,False,False,True,0,371,7,0.4,0.3,0.3,balanced
1781375954276.8171,0.4,0.3,0.3,580.7660910518052,592.5555555555555,0.11615321821036105,661.3957307060755,805.7608100711549,0.04345535228192632,0.9999999999999999,1.0,0.9999999999999999,67,8,2.2405021070312774,0,2.2405021070312774,False,False,False,True,0,372,7,0.4,0.3,0.3,balanced
1781375956898.932,0.4,0.3,0.3,577.8335949764521,589.7777777777778,0.11556671899529042,695.2777777777778,881.5873015873017,0.045715662293380775,0.9999999999999999,1.0,0.9999999999999999,68,8,2.2400586137138694,0,2.2400586137138694,False,False,False,True,0,373,7,0.4,0.3,0.3,balanced
1781375959517.223,0.4,0.3,0.3,579.7456828885399,591.6666666666666,0.11594913657770799,654.7591680350301,828.111658456486,0.043012619615412286,0.9999999999999999,1.0,0.9999999999999999,67,8,2.240716559484293,1,2.240716559484293,False,False,False,True,0,374,7,0.4,0.3,0.3,balanced
1781375962138.437,0.4,0.3,0.3,585.7297297297297,594.0,0.11714594594594593,655.0892857142858,797.5396825396824,0.04303464214238064,1.0,1.0,1.0,65,8,2.2402312289789075,1,2.2402312289789075,False,False,False,True,0,375,7,0.4,0.3,0.3,balanced
1781375964763.4111,0.4,0.3,0.3,579.3783359497645,591.3333333333334,0.1158756671899529,724.7236919459142,880.1616696061141,0.04768003281827313,0.9942812289751065,0.9960317460317462,0.9942812289751065,67,8,2.2376300919710688,0,2.2376300919710688,False,False,False,True,0,376,7,0.4,0.3,0.3,balanced
1781375967385.1099,0.4,0.3,0.3,583.4631083202511,596.1111111111111,0.11669262166405021,618.9785166940338,763.6781609195402,0.040625651547300454,0.9999999999999999,1.0,0.9999999999999999,65,8,2.24113525587019,1,2.24113525587019,False,False,False,True,0,377,7,0.4,0.3,0.3,balanced
1781375970001.953,0.4,0.3,0.3,582.25431711146,594.5555555555555,0.116450863422292,624.9118165784832,789.2151675485009,0.04102146875106626,0.9999999999999999,1.0,0.9999999999999999,64,8,2.2411132140057632,1,2.2411132140057632,False,False,False,True,0,378,7,0.4,0.3,0.3,balanced
1781375972626.852,0.4,0.3,0.3,582.8430141287283,596.0,0.11656860282574566,715.4004997060551,880.5276308054085,0.047058072028422625,0.9999999999999999,1.0,0.9999999999999999,61,8,2.239255137261175,1,2.239255137261175,False,False,False,True,0,379,7,0.4,0.3,0.3,balanced
1781375975244.525,0.4,0.3,0.3,587.7362637362636,601.0,0.11754725274725272,703.0099941211053,897.9835390946503,0.04623148726625118,0.9942812289751065,0.9960317460317462,0.9942812289751065,59,8,2.2373960214137556,1,2.2373960214137556,False,False,False,True,0,380,7,0.4,0.3,0.3,balanced
1781375977863.888,0.4,0.3,0.3,587.8634222919937,601.6666666666666,0.11757268445839875,612.7358906525573,765.2307466196355,0.0402091988427323,0.9999999999999999,1.0,0.9999999999999999,58,8,2.2409081665638206,1,2.2409081665638206,False,False,False,True,0,381,7,0.4,0.3,0.3,balanced
1781375980483.093,0.4,0.3,0.3,586.4772370486655,600.0,0.1172954474097331,640.8656672545561,784.919165196943,0.042085768329189865,0.9999999999999999,1.0,0.9999999999999999,59,8,2.2404560905373496,0,2.2404560905373496,False,False,False,True,0,382,7,0.4,0.3,0.3,balanced
1781375986901.617,0.4,0.3,0.3,588.6875981161694,602.1111111111111,0.11773751962323388,596.1898173488211,752.9858197003791,0.039105391417533095,0.9904725816055865,0.9923371647509579,0.9904725816055865,58,8,2.2383151492071223,1,2.2383151492071223,False,False,False,True,0,383,7,0.4,0.3,0.3,balanced
1781375991223.165,0.4,0.3,0.3,586.8602825745681,599.8888888888889,0.11737205651491363,623.3009994121105,769.2092886537331,0.04091400930034093,0.9999999999999999,1.0,0.9999999999999999,59,8,2.240776974603932,0,2.240776974603932,False,False,False,True,0,384,7,0.4,0.3,0.3,balanced
1781375993847.9878,0.4,0.3,0.3,587.5149136577708,600.3333333333334,0.11750298273155416,595.3049676660787,768.1422692533803,0.039046362085795774,0.9999999999999999,1.0,0.9999999999999999,58,8,2.2412848982816396,1,2.2412848982816396,False,False,False,True,0,385,7,0.4,0.3,0.3,balanced
1781375996671.937,0.4,0.3,0.3,587.8335949764521,602.2222222222222,0.11756671899529042,1179.436614610002,1189.7289284291974,0.07801445060773862,0.9320051670877985,0.9150676677790136,0.9320051670877985,56,8,2.209170527345902,1,2.209170527345902,False,False,False,True,0,386,7,0.4,0.3,0.3,balanced
1781375999289.556,0.4,0.3,0.3,587.7221350078493,601.8888888888889,0.11754442700156985,657.1531452087008,803.1099353321575,0.04317232456362247,0.9999999999999999,1.0,0.9999999999999999,58,8,2.240030531830285,0,2.240030531830285,False,False,False,True,0,387,7,0.4,0.3,0.3,balanced
1781376003606.332,0.4,0.3,0.3,589.1302982731554,606.2222222222222,0.11782605965463108,3974.328781371017,4146.83807779706,0.26446489535497114,0.49801001929043703,0.48774924716261325,0.49801001929043703,56,8,2.0229331133187873,1,2.0229331133187873,False,False,False,True,0,388,7,0.4,0.3,0.3,balanced
1781376006218.3372,0.4,0.3,0.3,588.993720565149,603.2222222222222,0.1177987441130298,602.5764256319811,765.9009406231629,0.039531449341693205,0.9999999999999999,1.0,0.9999999999999999,55,8,2.24102106755228,1,2.24102106755228,False,False,False,True,0,389,7,0.4,0.3,0.3,balanced
1781376008839.653,0.4,0.3,0.3,590.552590266876,605.0,0.1181105180533752,581.9958847736625,741.8106995884774,0.03815849798356655,0.9999999999999999,1.0,0.9999999999999999,53,8,2.24130824338358,1,2.24130824338358,False,False,False,True,0,390,7,0.4,0.3,0.3,balanced
1781376011459.002,0.4,0.3,0.3,593.3265306122448,608.3333333333334,0.11866530612244897,542.1604938271604,702.1810699588477,0.035501033610884615,0.9999999999999999,1.0,0.9999999999999999,52,8,2.241883567467755,1,2.241883567467755,False,False,False,True,0,391,7,0.4,0.3,0.3,balanced
1781376014084.624,0.4,0.3,0.3,593.0502354788069,607.8888888888889,0.11861004709576138,532.4960430515986,685.4178537511871,0.03485630707482312,0.9999999999999999,1.0,0.9999999999999999,50,8,2.2420990890392485,1,2.2420990890392485,False,False,False,True,0,392,7,0.4,0.3,0.3,balanced
1781376016705.683,0.4,0.3,0.3,598.4332810047094,614.2222222222222,0.11968665620094189,505.679012345679,656.2139917695473,0.03306731236462168,0.9999999999999999,1.0,0.9999999999999999,49,8,2.242205143810237,1,2.242205143810237,False,False,False,True,0,393,7,0.4,0.3,0.3,balanced
1781376022911.645,0.4,0.3,0.3,593.5196232339089,609.1111111111111,0.11870392464678177,488.5707502374168,627.644824311491,0.031926000682949755,0.99587185301471,0.9958847736625516,0.99587185301471,50,8,2.2417021858408153,0,2.2417021858408153,False,False,False,True,0,394,7,0.4,0.3,0.3,balanced
1781376025536.223,0.4,0.3,0.3,594.8540031397174,610.2222222222222,0.11897080062794348,536.7212725546059,683.616650838873,0.03513817695494369,0.9999999999999999,1.0,0.9999999999999999,49,8,2.2418702266623396,1,2.2418702266623396,False,False,False,True,0,395,7,0.4,0.3,0.3,balanced
1781376028357.747,0.4,0.3,0.3,508.22919937205654,550.7777777777778,0.10164583987441131,469.6362007168459,554.2556750298686,0.030662855284646157,0.8398744113029827,0.8888888888888888,0.8398744113029827,47,8,2.2021051308557364,1,2.2021051308557364,False,False,False,True,0,396,7,0.4,0.3,0.3,balanced
1781376031080.727,0.4,0.3,0.3,598.2778649921506,614.7777777777778,0.11965557299843013,528.8492063492064,655.1984126984127,0.03461302243823925,0.9999999999999999,1.0,0.9999999999999999,46,8,2.241753864069156,1,2.241753864069156,False,False,False,True,0,397,7,0.4,0.3,0.3,balanced
1781376033797.2131,0.4,0.3,0.3,600.9340659340659,618.2222222222222,0.12018681318681318,475.0176366843033,592.4015285126395,0.031021857016964863,0.9999999999999999,1.0,0.9999999999999999,44,8,2.2426187176201853,1,2.2426187176201853,False,False,False,True,0,398,7,0.4,0.3,0.3,balanced
1781376036524.25,0.4,0.3,0.3,600.5149136577708,618.4444444444445,0.12010298273155415,448.8786261631089,565.4556650246304,0.02927809380674509,0.9999999999999999,1.0,0.9999999999999999,43,8,2.2431753787653546,1,2.2431753787653546,False,False,False,True,0,399,7,0.4,0.3,0.3,balanced
1781376039248.0781,0.4,0.3,0.3,604.9811616954473,623.5555555555555,0.12099623233908946,475.20320197044333,597.5957854406131,0.031034236288888815,0.9999999999999999,1.0,0.9999999999999999,41,8,2.2422912361776977,1,2.2422912361776977,False,False,False,True,0,400,7,0.4,0.3,0.3,balanced
1781376041974.414,0.4,0.3,0.3,606.5321821036106,625.6666666666666,0.12130643642072211,424.31069958847735,558.9785420340975,0.027639139398831045,0.9999999999999999,1.0,0.9999999999999999,40,8,2.2431856836120616,1,2.2431856836120616,False,False,False,True,0,401,7,0.4,0.3,0.3,balanced
1781376044692.555,0.4,0.3,0.3,608.3987441130299,628.3333333333334,0.12167974882260599,409.6825396825397,541.2918871252205,0.026663278164278832,0.9999999999999999,1.0,0.9999999999999999,38,8,2.243329117021674,1,2.243329117021674,False,False,False,True,0,402,7,0.4,0.3,0.3,balanced
1781376047416.646,0.4,0.3,0.3,611.1616954474097,631.8888888888889,0.12223233908948193,403.0952380952381,515.598177542622,0.026223831760856443,0.9999999999999999,1.0,0.9999999999999999,37,8,2.24323991483595,1,2.24323991483595,False,False,False,True,0,403,7,0.4,0.3,0.3,balanced
1781376050141.856,0.4,0.3,0.3,608.0266875981162,628.1111111111111,0.12160533751962323,351.49730927508705,451.02405824628045,0.022781675068384726,0.99587185301471,0.9958847736625513,0.99587185301471,38,8,2.243284918376048,0,2.243284918376048,False,False,False,True,0,404,7,0.4,0.3,0.3,balanced
1781376052862.715,0.4,0.3,0.3,606.2307692307692,624.7777777777778,0.12124615384615384,375.1388888888889,490.47619047619054,0.024358831813801794,0.9999999999999999,1.0,0.9999999999999999,40,8,2.244193888917398,0,2.244193888917398,False,False,False,True,0,405,7,0.4,0.3,0.3,balanced
1781376059169.516,0.4,0.3,0.3,610.3783359497645,630.5555555555555,0.1220756671899529,428.3002645502645,552.5132275132277,0.027905287828570012,0.9920385736712267,0.9920634920634921,0.9920385736712267,38,8,2.240409718876816,1,2.240409718876816,False,False,False,True,0,406,7,0.4,0.3,0.3,balanced
1781376061882.4102,0.4,0.3,0.3,612.7864992150708,633.3333333333334,0.12255729984301415,362.9578189300411,480.082304526749,0.023546218741163517,0.9999999999999999,1.0,0.9999999999999999,37,8,2.243913214440445,1,2.243913214440445,False,False,False,True,0,407,7,0.4,0.3,0.3,balanced
1781376064600.6812,0.4,0.3,0.3,615.0675039246468,637.5555555555555,0.12301350078492936,314.83618233618233,408.4868629313074,0.020335969468724638,0.9999999999999999,1.0,0.9999999999999999,35,8,2.244693808845411,1,2.244693808845411,False,False,False,True,0,408,7,0.4,0.3,0.3,balanced
1781376067326.498,0.4,0.3,0.3,615.1224489795918,637.3333333333334,0.12302448979591836,319.1791593180482,409.64873603762493,0.020625694417481535,0.9999999999999999,1.0,0.9999999999999999,35,8,2.244602495756388,2,2.244602495756388,False,False,False,True,0,409,7,0.4,0.3,0.3,balanced
1781376070038.093,0.4,0.3,0.3,612.2150706436421,632.5555555555555,0.12244301412872842,364.27469135802465,462.6234567901235,0.023634068803070358,0.9999999999999999,1.0,0.9999999999999999,37,8,2.2439325737075873,0,2.2439325737075873,False,False,False,True,0,410,7,0.4,0.3,0.3,balanced
1781376072764.7878,0.4,0.3,0.3,616.094191522763,637.4444444444445,0.1232188383045526,323.45565956677063,421.5056753945643,0.0209109846275364,0.9940694226408512,0.9958847736625513,0.9940694226408512,35,8,2.2426599960821734,1,2.2426599960821734,False,False,False,True,0,411,7,0.4,0.3,0.3,balanced
1781376076389.363,0.4,0.3,0.3,617.806907378336,641.5555555555555,0.12356138147566718,1114.7588026914832,1263.5802620245706,0.07369971999276072,0.6362218682764597,0.6767850015155745,0.6362218682764597,34,8,2.119332091894843,1,2.119332091894843,False,False,False,True,0,412,7,0.4,0.3,0.3,balanced
1781376079112.897,0.4,0.3,0.3,615.2919937205651,636.7777777777778,0.12305839874411302,352.66144349477685,438.32700221589107,0.022859335790178577,0.9999999999999999,1.0,0.9999999999999999,35,8,2.243918839765301,0,2.243918839765301,False,False,False,True,0,413,7,0.4,0.3,0.3,balanced
1781376081838.358,0.4,0.3,0.3,615.6530612244896,638.0,0.12313061224489794,326.8724279835391,423.12757201646093,0.0211389211463335,0.9999999999999999,1.0,0.9999999999999999,34,8,2.2444060787581406,1,2.2444060787581406,False,False,False,True,0,414,7,0.4,0.3,0.3,balanced
1781376084654.073,0.4,0.3,0.3,620.7535321821035,644.8888888888889,0.1241507064364207,314.4512862616311,406.51477832512313,0.020310292612517083,0.9999999999999999,1.0,0.9999999999999999,32,8,2.2442466296416765,1,2.2442466296416765,False,False,False,True,0,415,7,0.4,0.3,0.3,balanced
1781376087370.883,0.4,0.3,0.3,629.767660910518,655.6666666666666,0.1259535321821036,386.7877492877493,510.31497309275096,0.025135940579569666,0.9999999999999999,1.0,0.9999999999999999,29,8,2.2420778049532877,1,2.2420778049532877,False,False,False,True,0,416,7,0.4,0.3,0.3,balanced
1781376093766.406,0.4,0.3,0.3,631.795918367347,658.6666666666666,0.1263591836734694,290.4100529100529,384.0726043503821,0.018706474510343758,0.9999999999999999,1.0,0.9999999999999999,28,8,2.243844384177509,1,2.243844384177509,False,False,False,True,0,417,7,0.4,0.3,0.3,balanced
1781376096590.2659,0.4,0.3,0.3,630.2307692307692,657.0,0.12604615384615384,267.1957671957672,352.0282186948854,0.017157823028403414,0.9999999999999999,1.0,0.9999999999999999,29,8,2.2444341915530175,0,2.2444341915530175,False,False,False,True,0,418,7,0.4,0.3,0.3,balanced
1781376099409.239,0.4,0.3,0.3,631.0361067503924,658.5555555555555,0.12620722135007847,281.1287477954144,348.5023515579071,0.018087308058399896,0.9999999999999999,1.0,0.9999999999999999,28,8,2.2440909190424487,1,2.2440909190424487,False,False,False,True,0,419,7,0.4,0.3,0.3,balanced
1781376102227.062,0.4,0.3,0.3,639.0078492935636,668.1111111111111,0.12780156985871272,260.3339664450775,337.7413738524849,0.016700064472653604,0.9999999999999999,1.0,0.9999999999999999,26,8,2.243869352714719,1,2.243869352714719,False,False,False,True,0,420,7,0.4,0.3,0.3,balanced
1781376105041.9778,0.4,0.3,0.3,643.3908948194662,672.8888888888889,0.12867817896389325,333.8065843621399,431.8930041152264,0.021601506628561702,0.9999999999999999,1.0,0.9999999999999999,25,8,2.2420482764258742,1,2.2420482764258742,False,False,False,True,0,421,7,0.4,0.3,0.3,balanced
1781376107958.446,0.4,0.3,0.3,651.7142857142857,684.8888888888889,0.13034285714285712,223.27013521457965,301.1169900058789,0.014227494010312185,0.9999999999999999,1.0,0.9999999999999999,23,8,2.2435946089397634,1,2.2435946089397634,False,False,False,True,0,422,7,0.4,0.3,0.3,balanced
1781376110879.173,0.4,0.3,0.3,656.74568288854,690.8888888888889,0.131349136577708,269.51250395694836,362.3583412472301,0.017312375180583612,0.9999999999999999,1.0,0.9999999999999999,22,8,2.242266632814742,1,2.242266632814742,False,False,False,True,0,423,7,0.4,0.3,0.3,balanced
1781376113803.594,0.4,0.3,0.3,655.1915227629513,688.4444444444445,0.13103830455259027,245.33730158730157,321.58730158730157,0.015699619852388363,0.9999999999999999,1.0,0.9999999999999999,23,8,2.2428747922232475,0,2.2428747922232475,False,False,False,True,0,424,7,0.4,0.3,0.3,balanced
1781376116729.538,0.4,0.3,0.3,658.7974882260596,693.4444444444445,0.13175949764521191,190.95532039976482,247.6014109347443,0.012071735850551355,0.9999999999999999,1.0,0.9999999999999999,22,8,2.24367468018675,1,2.24367468018675,False,False,False,True,0,425,7,0.4,0.3,0.3,balanced
1781376119648.4639,0.4,0.3,0.3,671.142857142857,709.0,0.1342285714285714,183.27318771763214,248.80658436213992,0.01155925201585271,0.9999999999999999,1.0,0.9999999999999999,20,8,2.2428407958238155,1,2.2428407958238155,False,False,False,True,0,426,7,0.4,0.3,0.3,balanced
1781376122672.8489,0.4,0.3,0.3,678.0062794348509,718.1111111111111,0.13560125588697017,159.81922398589063,210.93033509700174,0.009994611339952678,0.9999999999999999,1.0,0.9999999999999999,19,8,2.242761114243226,1,2.242761114243226,False,False,False,True,0,427,7,0.4,0.3,0.3,balanced
1781376129267.165,0.4,0.3,0.3,691.5196232339089,736.0,0.13830392464678176,151.99882422104645,196.49029982363314,0.009472903550436722,0.9999999999999999,1.0,0.9999999999999999,17,8,2.241836559076156,1,2.241836559076156,False,False,False,True,0,428,7,0.4,0.3,0.3,balanced
1781376132390.981,0.4,0.3,0.3,703.4599686028256,750.3333333333334,0.14069199372056512,137.3177542621987,180.74808935920046,0.008493512625897178,0.9999999999999999,1.0,0.9999999999999999,16,8,2.241175148724005,1,2.241175148724005,False,False,False,True,0,429,7,0.4,0.3,0.3,balanced
1781376135605.664,0.4,0.3,0.3,725.6828885400313,779.5555555555555,0.14513657770800625,113.94841269841268,157.42063492063488,0.006934517191355082,0.9999999999999999,1.0,0.9999999999999999,14,8,2.239865013759391,1,2.239865013759391,False,False,False,True,0,430,7,0.4,0.3,0.3,balanced
1781376138830.536,0.4,0.3,0.3,740.1067503924646,797.6666666666666,0.14802135007849293,117.04653371320038,155.97340930674267,0.007141196378465669,0.9999999999999999,1.0,0.9999999999999999,13,8,2.238649101055063,1,2.238649101055063,False,False,False,True,0,431,7,0.4,0.3,0.3,balanced
1781376142157.2449,0.4,0.3,0.3,775.4819466248038,843.5555555555555,0.15509638932496075,89.1358024691358,117.81893004115227,0.005279239657714196,0.9999999999999999,1.0,0.9999999999999999,11,8,2.2363776723727016,1,2.2363776723727016,False,False,False,True,0,432,7,0.4,0.3,0.3,balanced
1781376145577.899,0.4,0.3,0.3,798.5149136577706,872.7777777777778,0.15970298273155412,73.72427983539094,102.5925925925926,0.004251119401960704,0.9999999999999999,1.0,0.9999999999999999,10,8,2.23484347108679,1,2.23484347108679,False,False,False,True,0,433,7,0.4,0.3,0.3,balanced
1781376148989.98,0.4,0.3,0.3,774.6530612244898,842.5555555555555,0.15493061224489796,115.59523809523809,170.15873015873015,0.0070443787922106794,0.9999999999999999,1.0,0.9999999999999999,11,8,2.2359144414643777,0,2.2359144414643777,False,False,False,True,0,434,7,0.4,0.3,0.3,balanced
1781376152409.971,0.4,0.3,0.3,653.3736263736264,737.2222222222222,0.1306747252747253,95.48267622461171,118.00836320191158,0.005702646846204917,0.8398744113029827,0.8888888888888888,0.8398744113029827,13,8,2.197981639227143,0,2.197981639227143,False,False,False,True,0,435,7,0.4,0.3,0.3,balanced
1781376155530.8682,0.4,0.3,0.3,725.8854003139717,779.1111111111111,0.14517708006279434,114.4349477682811,155.4020259575815,0.0069669745008859975,0.9999999999999999,1.0,0.9999999999999999,14,8,2.2398390756246163,0,2.2398390756246163,False,False,False,True,0,436,7,0.4,0.3,0.3,balanced
1781376158951.24,0.4,0.3,0.3,654.3124018838304,738.7777777777778,0.13086248037676607,107.90979689366785,131.21983273596177,0.006531674242406127,0.8398744113029827,0.8888888888888888,0.8398744113029827,13,8,2.1976578289674666,1,2.1976578289674666,False,False,False,True,0,437,7,0.4,0.3,0.3,balanced
1781376165757.945,0.4,0.3,0.3,726.4631083202511,780.3333333333334,0.14529262166405021,118.75146972369194,156.23162845385067,0.0072549346046492285,0.9942812289751065,0.9960317460317462,0.9942812289751065,14,8,2.237990839645517,0,2.237990839645517,False,False,False,True,0,438,7,0.4,0.3,0.3,balanced
1781376168874.564,0.4,0.3,0.3,702.9262166405023,749.5555555555555,0.14058524332810046,132.2420634920635,177.8968253968254,0.008154907504473882,0.9999999999999999,1.0,0.9999999999999999,16,8,2.2413194304174175,0,2.2413194304174175,False,False,False,True,0,439,7,0.4,0.3,0.3,balanced
1781376171889.352,0.4,0.3,0.3,694.7880690737833,739.0,0.13895761381475666,147.28395061728395,187.24754669199115,0.009158368953788121,0.9999999999999999,1.0,0.9999999999999999,17,8,2.241669443787961,0,2.241669443787961,False,False,False,True,0,440,7,0.4,0.3,0.3,balanced
1781376174916.357,0.4,0.3,0.3,677.0078492935635,716.4444444444445,0.13540156985871268,167.69499178981937,225.77175697865357,0.010520012794517636,0.9999999999999999,1.0,0.9999999999999999,19,8,2.2426833682181595,0,2.2426833682181595,False,False,False,True,0,441,7,0.4,0.3,0.3,balanced
1781376177842.392,0.4,0.3,0.3,671.5259026687598,708.2222222222222,0.13430518053375196,173.27160493827162,231.6872427983539,0.010892035019230929,0.9999999999999999,1.0,0.9999999999999999,20,8,2.2430103172807296,0,2.2430103172807296,False,False,False,True,0,442,7,0.4,0.3,0.3,balanced
1781376180758.002,0.4,0.3,0.3,658.5777080062794,692.3333333333334,0.13171554160125587,191.93342151675483,256.0199882422105,0.012136986091844885,0.9999999999999999,1.0,0.9999999999999999,22,8,2.243672687531944,0,2.243672687531944,False,False,False,True,0,443,7,0.4,0.3,0.3,balanced
1781376184270.346,0.4,0.3,0.3,576.7064364207221,641.7777777777778,0.11534128728414442,805.6160107924724,790.8231393283921,0.05307645168728969,0.7632306560877989,0.8163997330663997,0.7632306560877989,20,8,2.166909746406495,1,2.166909746406495,False,False,False,True,0,444,7,0.4,0.3,0.3,balanced
1781376187192.7021,0.4,0.3,0.3,658.5007849293563,693.5555555555555,0.13170015698587126,196.0736331569665,254.55908289241623,0.012413184333353337,0.9999999999999999,1.0,0.9999999999999999,22,8,2.2435959819056452,0,2.2435959819056452,False,False,False,True,0,445,7,0.4,0.3,0.3,balanced
1781376190115.2761,0.4,0.3,0.3,655.2087912087912,688.7777777777778,0.13104175824175826,2198.670634920635,2240.902410346855,0.14600871480457872,0.9960192868356132,0.9960317460317459,0.9960192868356132,23,8,2.202586468312607,0,2.202586468312607,False,False,False,True,0,446,7,0.4,0.3,0.3,balanced
1781376193032.4111,0.4,0.3,0.3,657.9387755102041,692.1111111111111,0.13158775510204082,260.1332361054583,353.30563469452363,0.016686673522712362,0.99587185301471,0.9958847736625516,0.99587185301471,22,8,2.241120451806783,1,2.241120451806783,False,False,False,True,0,447,7,0.4,0.3,0.3,balanced
1781376195945.61,0.4,0.3,0.3,670.469387755102,708.4444444444445,0.1340938775510204,202.97053769275993,256.7153936598381,0.01287328470265243,0.9940694226408512,0.9958847736625513,0.9940694226408512,20,8,2.2407212903610514,1,2.2407212903610514,False,False,False,True,0,448,7,0.4,0.3,0.3,balanced
1781376202437.355,0.4,0.3,0.3,657.8367346938776,692.2222222222222,0.13156734693877553,223.10151268484603,273.53005019671684,0.014216245008995732,0.9960192868356134,0.9960317460317462,0.9960192868356134,22,8,2.241913973772475,0,2.241913973772475,False,False,False,True,0,449,7,0.4,0.3,0.3,balanced
1781376205363.476,0.4,0.3,0.3,657.2778649921506,691.8888888888889,0.13145557299843014,216.16000768778545,270.87821643377197,0.013753169292047061,0.9960192868356132,0.9960317460317459,0.9960192868356132,22,8,2.2420976060636977,2,2.2420976060636977,False,False,False,True,0,450,7,0.4,0.3,0.3,balanced
1781376208682.951,0.4,0.3,0.3,526.5588697017268,519.7777777777778,0.10531177394034537,165.10830999066295,230.20354808590102,0.010347452300911471,0.8304552590266875,0.7777777777777778,0.8304552590266875,23,8,2.2039076324415947,0,2.2039076324415947,False,False,False,True,0,451,7,0.4,0.3,0.3,balanced
1781376211496.012,0.4,0.3,0.3,645.0141287284143,675.5555555555555,0.12900282574568286,241.85185185185185,319.8765432098765,0.015467101524473106,0.9999999999999999,1.0,0.9999999999999999,25,8,2.243758739244385,0,2.243758739244385,False,False,False,True,0,452,7,0.4,0.3,0.3,balanced
1781376214419.3079,0.4,0.3,0.3,652.4301412872841,685.4444444444445,0.1304860282574568,345.515873015873,448.8888888888889,0.0223826466321463,0.9999999999999999,1.0,0.9999999999999999,23,8,2.2410907947073735,1,2.2410907947073735,False,False,False,True,0,453,7,0.4,0.3,0.3,balanced
1781376217243.53,0.4,0.3,0.3,643.9717425431711,674.4444444444445,0.12879434850863422,247.43047076380412,319.86388097499207,0.01583925755595758,0.9940694226408512,0.9958847736625513,0.9940694226408512,25,8,2.2419513101220145,0,2.2419513101220145,False,False,False,True,0,454,7,0.4,0.3,0.3,balanced
1781376220068.023,0.4,0.3,0.3,640.3673469387755,669.7777777777778,0.1280734693877551,261.91358024691357,342.05761316872423,0.016805442311335128,0.9999999999999999,1.0,0.9999999999999999,26,8,2.243728979551497,0,2.243728979551497,False,False,False,True,0,455,7,0.4,0.3,0.3,balanced
1781376222892.119,0.4,0.3,0.3,630.4725274725274,657.8888888888889,0.1260945054945055,304.90667254556143,389.67813051146385,0.019673560543399696,0.9999999999999999,1.0,0.9999999999999999,28,8,2.243660129639178,0,2.243660129639178,False,False,False,True,0,456,7,0.4,0.3,0.3,balanced
1781376225715.836,0.4,0.3,0.3,629.2888540031397,655.7777777777778,0.12585777080062793,294.6994415049971,381.0214579659024,0.01899262451667759,0.9999999999999999,1.0,0.9999999999999999,29,8,2.2439591043247455,0,2.2439591043247455,False,False,False,True,0,457,7,0.4,0.3,0.3,balanced
1781376228732.208,0.4,0.3,0.3,532.3987441130298,584.6666666666666,0.10647974882260595,318.1065188172043,395.97894265232975,0.020554137346044315,0.836734693877551,0.8888888888888888,0.836734693877551,32,8,2.2022622674304095,0,2.2022622674304095,False,False,False,True,0,458,7,0.4,0.3,0.3,balanced
1781376231648.597,0.4,0.3,0.3,615.9984301412871,639.0,0.12319968602825743,409.7417949258556,547.5755850727387,0.026667231149156475,0.9358600583090378,0.9563492063492064,0.9358600583090378,34,8,2.2234779737366615,0,2.2234779737366615,False,False,False,True,0,459,7,0.4,0.3,0.3,balanced
1781376237964.8892,0.4,0.3,0.3,614.4270015698587,636.5555555555555,0.12288540031397174,368.53909465020575,491.4814814814815,0.02391855201135462,0.9999999999999999,1.0,0.9999999999999999,35,8,2.243670274271005,0,2.243670274271005,False,False,False,True,0,460,7,0.4,0.3,0.3,balanced
1781376240681.494,0.4,0.3,0.3,611.7943485086341,631.7777777777778,0.12235886970172682,371.872427983539,483.48618459729573,0.024140922480556305,0.9999999999999999,1.0,0.9999999999999999,37,8,2.2438141753751424,0,2.2438141753751424,False,False,False,True,0,461,7,0.4,0.3,0.3,balanced
1781376243403.61,0.4,0.3,0.3,609.4034536891679,629.4444444444445,0.12188069073783359,375.4570840681952,478.4185773074662,0.02438005897719781,0.9999999999999999,1.0,0.9999999999999999,38,8,2.243933706011707,0,2.243933706011707,False,False,False,True,0,462,7,0.4,0.3,0.3,balanced
1781376246129.552,0.4,0.3,0.3,610.4081632653061,631.2222222222222,0.12208163265306123,370.16754850088176,482.38536155202814,0.024027188025409058,0.9999999999999999,1.0,0.9999999999999999,38,8,2.243959190531153,2,2.243959190531153,False,False,False,True,0,463,7,0.4,0.3,0.3,balanced
1781376248852.78,0.4,0.3,0.3,611.4819466248038,632.4444444444445,0.12229638932496074,367.84905937683715,493.92857142857144,0.02387251897110321,0.9942812289751065,0.9960317460317462,0.9942812289751065,37,8,2.2422040572712167,1,2.2422040572712167,False,False,False,True,0,464,7,0.4,0.3,0.3,balanced
1781376251574.514,0.4,0.3,0.3,610.2904238618523,630.6666666666666,0.12205808477237047,388.7962962962962,509.6942974720753,0.025269933041780934,0.9999999999999999,1.0,0.9999999999999999,38,8,2.2435957861785174,0,2.2435957861785174,False,False,False,True,0,465,7,0.4,0.3,0.3,balanced
1781376254300.425,0.4,0.3,0.3,607.375196232339,626.3333333333334,0.1214750392464678,388.96090534979425,517.8027630805408,0.025280914299519296,0.9999999999999999,1.0,0.9999999999999999,40,8,2.243825710011557,0,2.243825710011557,False,False,False,True,0,466,7,0.4,0.3,0.3,balanced
1781376257023.1172,0.4,0.3,0.3,602.3751962323391,621.6666666666666,0.12047503924646782,414.4937055281883,542.5492610837439,0.02698423652623004,0.9999999999999999,1.0,0.9999999999999999,41,8,2.243714713343544,0,2.243714713343544,False,False,False,True,0,467,7,0.4,0.3,0.3,balanced
1781376259742.307,0.4,0.3,0.3,601.9340659340659,619.5555555555555,0.12038681318681317,396.60235358511216,533.7534209085934,0.025790684028359715,0.9999999999999999,1.0,0.9999999999999999,43,8,2.244108069516767,0,2.244108069516767,False,False,False,True,0,468,7,0.4,0.3,0.3,balanced
1781376262459.157,0.4,0.3,0.3,604.563579277865,622.7777777777778,0.12091271585557299,343.233392122281,452.8483245149912,0.022230379727970713,0.9999999999999999,1.0,0.9999999999999999,41,8,2.2449657997393797,1,2.2449657997393797,False,False,False,True,0,469,7,0.4,0.3,0.3,balanced
1781376265184.309,0.4,0.3,0.3,601.2464678178964,619.6666666666666,0.12024929356357927,410.0095025238703,536.0952989113908,0.026685090228410296,0.9999999999999999,1.0,0.9999999999999999,43,8,2.2438947555060453,0,2.2438947555060453,False,False,False,True,0,470,7,0.4,0.3,0.3,balanced
1781376267904.649,0.4,0.3,0.3,599.4913657770801,616.6666666666666,0.11989827315541601,497.44121105232216,629.3503821281598,0.03251775924298347,0.9884503251850191,0.9920634920634921,0.9884503251850191,44,8,2.2388204605204445,0,2.2388204605204445,False,False,False,True,0,471,7,0.4,0.3,0.3,balanced
1781376274211.965,0.4,0.3,0.3,598.6985871271585,615.2222222222222,0.1197397174254317,503.08360700602077,628.8970990695129,0.03289416991367717,0.9999999999999999,1.0,0.9999999999999999,46,8,2.242235862055724,0,2.242235862055724,False,False,False,True,0,472,7,0.4,0.3,0.3,balanced
1781376277137.186,0.4,0.3,0.3,600.7378335949763,618.1111111111111,0.12014756671899526,521.8773946360153,581.0440613026819,0.03414792492568481,0.8292398845394237,0.8817204301075269,0.8292398845394237,44,8,2.1904685611965236,1,2.1904685611965236,False,False,False,True,0,473,7,0.4,0.3,0.3,balanced
1781376279854.5588,0.4,0.3,0.3,598.0894819466248,614.8888888888889,0.11961789638932496,473.86357416529825,610.2764094143405,0.030944868189813093,0.9999999999999999,1.0,0.9999999999999999,46,8,2.242869380987326,0,2.242869380987326,False,False,False,True,0,474,7,0.4,0.3,0.3,balanced
1781376282582.217,0.4,0.3,0.3,601.8430141287283,619.2222222222222,0.12036860282574567,464.8219607127653,591.4268989843703,0.030341691842079074,0.9942812289751065,0.9960317460317462,0.9942812289751065,44,8,2.24103442000961,1,2.24103442000961,False,False,False,True,0,475,7,0.4,0.3,0.3,balanced
1781376285305.733,0.4,0.3,0.3,601.7127158555729,619.4444444444445,0.12034254317111459,434.6222810111699,582.1413874191652,0.028327036758583717,0.9999999999999999,1.0,0.9999999999999999,43,8,2.243364871703979,1,2.243364871703979,False,False,False,True,0,476,7,0.4,0.3,0.3,balanced
1781376288020.053,0.4,0.3,0.3,600.2857142857143,618.1111111111111,0.12005714285714286,465.0985221674878,597.4370552818829,0.030360141572213995,0.9999999999999999,1.0,0.9999999999999999,44,8,2.2428691003854784,0,2.2428691003854784,False,False,False,True,0,477,7,0.4,0.3,0.3,balanced
1781376290742.207,0.4,0.3,0.3,598.6059654631083,615.2222222222222,0.11972119309262166,455.55555555555554,603.2539682539681,0.029723519383292565,0.9999999999999999,1.0,0.9999999999999999,46,8,2.2431944669479633,0,2.2431944669479633,False,False,False,True,0,478,7,0.4,0.3,0.3,balanced
1781376293460.489,0.4,0.3,0.3,600.9701726844584,618.1111111111111,0.12019403453689168,436.67282430213464,570.1628352490421,0.028463830840702777,0.9999999999999999,1.0,0.9999999999999999,44,8,2.2433832369330324,1,2.2433832369330324,False,False,False,True,0,479,7,0.4,0.3,0.3,balanced
1781376296184.9639,0.4,0.3,0.3,596.4097331240188,613.6666666666666,0.11928194662480375,463.631636562671,601.1029009304871,0.0302622839601515,0.9999999999999999,1.0,0.9999999999999999,46,8,2.243208536162033,0,2.243208536162033,False,False,False,True,0,480,7,0.4,0.3,0.3,balanced
1781376298904.419,0.4,0.3,0.3,597.1758241758241,613.3333333333334,0.11943516483516482,724.6271969835187,839.6155405542379,0.047673595529254084,0.9999999999999999,1.0,0.9999999999999999,47,8,2.237923855407158,0,2.237923855407158,False,False,False,True,0,481,7,0.4,0.3,0.3,balanced
1781376302224.177,0.4,0.3,0.3,335.342229199372,433.1111111111111,0.0670684458398744,316.34010840108397,276.74525745257455,0.020436298092133688,0.5164835164835164,0.6666666666666666,0.5164835164835164,46,8,2.121986787181465,1,2.121986787181465,False,False,False,True,0,482,7,0.4,0.3,0.3,balanced
1781376308525.947,0.4,0.3,0.3,596.4034536891679,612.7777777777778,0.11928069073783358,496.38888888888886,627.063492063492,0.032447557631013264,0.9999999999999999,1.0,0.9999999999999999,47,8,2.2425534564155627,0,2.2425534564155627,False,False,False,True,0,483,7,0.4,0.3,0.3,balanced
1781376311238.969,0.4,0.3,0.3,598.0376766091051,615.4444444444445,0.11960753532182103,503.7821565407772,641.7884510125889,0.03294077095001849,0.9999999999999999,1.0,0.9999999999999999,46,8,2.242274754586266,1,2.242274754586266,False,False,False,True,0,484,7,0.4,0.3,0.3,balanced
1781376313962.196,0.4,0.3,0.3,594.7346938775511,611.1111111111111,0.11894693877551021,489.26039956212367,603.3798576902025,0.03197200797612566,0.9999999999999999,1.0,0.9999999999999999,47,8,2.2428296220969584,0,2.2428296220969584,False,False,False,True,0,485,7,0.4,0.3,0.3,balanced
1781376316578.7139,0.4,0.3,0.3,594.3328100470957,609.5555555555555,0.11886656200941914,472.78964862298193,581.3406141183918,0.030873225391793324,0.9999999999999999,1.0,0.9999999999999999,49,8,2.2431914075786943,0,2.2431914075786943,False,False,False,True,0,486,7,0.4,0.3,0.3,balanced
1781376319302.207,0.4,0.3,0.3,591.9293563579278,607.2222222222222,0.11838587127158555,442.30432402846196,561.7665571975917,0.028839514611638556,0.9999999999999999,1.0,0.9999999999999999,50,8,2.243993797107874,0,2.243993797107874,False,False,False,True,0,487,7,0.4,0.3,0.3,balanced
1781376321927.043,0.4,0.3,0.3,591.2511773940345,606.4444444444445,0.11825023547880689,530.2693551304662,671.9702211368879,0.03470776218348674,0.9942812289751065,0.9960317460317462,0.9942812289751065,52,8,2.240571945845963,0,2.240571945845963,False,False,False,True,0,488,7,0.4,0.3,0.3,balanced
1781376324547.312,0.4,0.3,0.3,592.1569858712716,607.6666666666666,0.11843139717425431,545.6584362139918,709.0946502057612,0.035734385337824665,0.9999999999999999,1.0,0.9999999999999999,50,8,2.2419071255289507,1,2.2419071255289507,False,False,False,True,0,489,7,0.4,0.3,0.3,balanced
1781376327161.293,0.4,0.3,0.3,591.4960753532182,606.2222222222222,0.11829921507064364,530.8215755437978,675.5526161081717,0.03474460143721133,0.9999999999999999,1.0,0.9999999999999999,52,8,2.2422569335405793,0,2.2422569335405793,False,False,False,True,0,490,7,0.4,0.3,0.3,balanced
1781376329786.555,0.4,0.3,0.3,590.2653061224489,605.1111111111111,0.11805306122448979,523.0085243974132,644.9882422104645,0.034223383882415824,0.9999999999999999,1.0,0.9999999999999999,53,8,2.2425117603454794,0,2.2425117603454794,False,False,False,True,0,491,7,0.4,0.3,0.3,balanced
1781376332408.548,0.4,0.3,0.3,589.4850863422291,603.2222222222222,0.11789701726844583,601.1096413874192,758.5464432686654,0.03943359849148894,0.9999999999999999,1.0,0.9999999999999999,55,8,2.241011113545175,0,2.241011113545175,False,False,False,True,0,492,7,0.4,0.3,0.3,balanced
1781376335031.527,0.4,0.3,0.3,589.3736263736264,603.2222222222222,0.11787472527472528,589.5561434450323,748.6272780717226,0.03866285146397814,0.9999999999999999,1.0,0.9999999999999999,56,8,2.2412512544509164,0,2.2412512544509164,False,False,False,True,0,493,7,0.4,0.3,0.3,balanced
1781376337657.839,0.4,0.3,0.3,589.0455259026688,602.4444444444445,0.11780910518053377,588.1194885361551,757.231040564374,0.03856701057612776,0.9999999999999999,1.0,0.9999999999999999,55,8,2.241306254754948,1,2.241306254754948,False,False,False,True,0,494,7,0.4,0.3,0.3,balanced
1781376343867.1328,0.4,0.3,0.3,587.6075353218209,601.0,0.11752150706436419,572.2876249265138,732.0120517342741,0.037510848894363825,0.9999999999999999,1.0,0.9999999999999999,56,8,2.241738142505945,0,2.241738142505945,False,False,False,True,0,495,7,0.4,0.3,0.3,balanced
1781376346491.03,0.4,0.3,0.3,588.1978021978022,603.4444444444445,0.11763956043956043,588.2348618459729,743.9829512051734,0.038574707261239016,0.9999999999999999,1.0,0.9999999999999999,55,8,2.241371763645804,1,2.241371763645804,False,False,False,True,0,496,7,0.4,0.3,0.3,balanced
1781376349112.251,0.4,0.3,0.3,586.3124018838305,600.7777777777778,0.11726248037676609,568.7970311581423,711.9400352733687,0.037277987402144254,0.9999999999999999,1.0,0.9999999999999999,56,8,2.2419116116286504,0,2.2419116116286504,False,False,False,True,0,497,7,0.4,0.3,0.3,balanced
1781376351728.863,0.4,0.3,0.3,585.960753532182,599.5555555555555,0.1171921507064364,538.1591710758378,696.5828924162257,0.035234100805592916,0.9999999999999999,1.0,0.9999999999999999,58,8,2.2425529094757475,0,2.2425529094757475,False,False,False,True,0,498,7,0.4,0.3,0.3,balanced
1781376354351.3948,0.4,0.3,0.3,586.2778649921506,599.5555555555555,0.11725557299843012,538.5677542621987,678.4053497942386,0.03526135785605061,0.9999999999999999,1.0,0.9999999999999999,59,8,2.2425193634438125,0,2.2425193634438125,False,False,False,True,0,499,7,0.4,0.3,0.3,balanced
1781376356974.318,0.4,0.3,0.3,585.1114599686027,597.8888888888889,0.11702229199372055,612.1729611384784,761.7665571975917,0.04017164517268035,0.9999999999999999,1.0,0.9999999999999999,61,8,2.241139589650708,0,2.241139589650708,False,False,False,True,0,500,7,0.4,0.3,0.3,balanced
1781376359597.5571,0.4,0.3,0.3,581.2291993720564,593.0,0.11624583987441128,640.6514423564231,817.5262016258184,0.04207147714185611,0.9942812289751065,0.9960317460317462,0.9942812289751065,64,8,2.2391645896002106,0,2.2391645896002106,False,False,False,True,0,501,7,0.4,0.3,0.3,balanced
1781376362219.383,0.4,0.3,0.3,582.5682888540032,594.4444444444445,0.11651365777080064,703.1746031746031,919.2063492063493,0.046242468523989534,0.9999999999999999,1.0,0.9999999999999999,65,8,2.2395217963344827,0,2.2395217963344827,False,False,False,True,0,502,7,0.4,0.3,0.3,balanced
1781376364845.247,0.4,0.3,0.3,580.8210361067504,593.1111111111111,0.11616420722135008,775.9318555008209,985.9537493158182,0.051096187825271575,0.9999999999999999,1.0,0.9999999999999999,67,8,2.2382054607638784,0,2.2382054607638784,False,False,False,True,0,503,7,0.4,0.3,0.3,balanced
1781376367469.254,0.4,0.3,0.3,581.7802197802198,593.1111111111111,0.11635604395604396,783.7171592775042,984.5388615216202,0.0516155543213812,0.9999999999999999,1.0,0.9999999999999999,68,8,2.237972916121168,0,2.237972916121168,False,False,False,True,0,504,7,0.4,0.3,0.3,balanced
1781376370086.085,0.4,0.3,0.3,580.8634222919937,592.5555555555555,0.11617268445839875,709.6558565955116,886.9718117131911,0.04667484033325628,0.9999999999999999,1.0,0.9999999999999999,67,8,2.2395284741166637,1,2.2395284741166637,False,False,False,True,0,505,7,0.4,0.3,0.3,balanced
1781376372708.4219,0.4,0.3,0.3,581.2904238618523,593.5555555555555,0.11625808477237047,645.6907701352145,815.407113462669,0.042407656446645396,0.9999999999999999,1.0,0.9999999999999999,65,8,2.240774469157058,1,2.240774469157058,False,False,False,True,0,506,7,0.4,0.3,0.3,balanced
1781376375326.781,0.4,0.3,0.3,584.6232339089481,596.5555555555555,0.11692464678178963,669.4701646090534,862.2134038800706,0.04399400697858929,0.9901883830455259,0.9920634920634921,0.9901883830455259,64,8,2.237088454107365,1,2.237088454107365,False,False,False,True,0,507,7,0.4,0.3,0.3,balanced
1781376381540.8672,0.4,0.3,0.3,584.6483516483515,597.0,0.1169296703296703,656.765873015873,844.3650793650794,0.0431464891938541,0.9999999999999999,1.0,0.9999999999999999,61,8,2.2402841851099757,1,2.2402841851099757,False,False,False,True,0,508,7,0.4,0.3,0.3,balanced
1781376384154.4631,0.4,0.3,0.3,586.1334379905808,599.2222222222222,0.11722668759811615,659.5171957671957,847.4897119341563,0.04333003307319518,0.9999999999999999,1.0,0.9999999999999999,59,8,2.240110315038795,1,2.240110315038795,False,False,False,True,0,509,7,0.4,0.3,0.3,balanced
1781376386779.084,0.4,0.3,0.3,587.309262166405,600.8888888888889,0.117461852433281,626.4609053497942,794.1651969429747,0.041124810230139704,0.9999999999999999,1.0,0.9999999999999999,58,8,2.2406778159576457,1,2.2406778159576457,False,False,False,True,0,510,7,0.4,0.3,0.3,balanced
1781376389498.6091,0.4,0.3,0.3,586.6452119309262,600.6666666666666,0.11732904238618523,569.8159551176792,729.4321291735085,0.03734596098183317,0.9999999999999999,1.0,0.9999999999999999,56,8,2.241864594750976,1,2.241864594750976,False,False,False,True,0,511,7,0.4,0.3,0.3,balanced
1781376392121.836,0.4,0.3,0.3,588.9843014128728,602.6666666666666,0.11779686028257456,567.610229276896,717.770429159318,0.037198814494789595,0.9999999999999999,1.0,0.9999999999999999,55,8,2.241721611538533,1,2.241721611538533,False,False,False,True,0,512,7,0.4,0.3,0.3,balanced
1781376394739.77,0.4,0.3,0.3,588.9952904238619,602.8888888888889,0.11779905808477238,544.3276014109347,705.6261022927689,0.03564560382994895,0.9999999999999999,1.0,0.9999999999999999,56,8,2.2421866956171064,0,2.2421866956171064,False,False,False,True,0,513,7,0.4,0.3,0.3,balanced
1781376397365.3281,0.4,0.3,0.3,587.1428571428571,600.5555555555555,0.11742857142857142,563.2400058788947,726.5373309817754,0.03690727190653067,0.9999999999999999,1.0,0.9999999999999999,56,8,2.241956389856612,2,2.241956389856612,False,False,False,True,0,514,7,0.4,0.3,0.3,balanced
1781376399989.719,0.4,0.3,0.3,589.0219780219779,603.4444444444445,0.11780439560439558,558.1738683127571,710.0720164609053,0.03656930409024397,0.9999999999999999,1.0,0.9999999999999999,55,8,2.2419074505311687,1,2.2419074505311687,False,False,False,True,0,515,7,0.4,0.3,0.3,balanced
1781376406317.4082,0.4,0.3,0.3,592.4756671899528,610.8888888888889,0.11849513343799056,5108.395898134787,6154.977836566726,0.3401198064132613,0.30262642743889673,0.31260693183395183,0.30262642743889673,53,8,1.9413539329324945,1,1.9413539329324945,False,False,False,True,0,516,7,0.4,0.3,0.3,balanced
1781376408930.541,0.4,0.3,0.3,588.5965463108321,602.6666666666666,0.11771930926216642,543.3539094650206,702.3456790123457,0.0355806477294877,0.9999999999999999,1.0,0.9999999999999999,55,8,2.242238081976287,0,2.242238081976287,False,False,False,True,0,517,7,0.4,0.3,0.3,balanced
1781376415133.535,0.4,0.3,0.3,589.1585557299842,603.6666666666666,0.11783171114599683,633.2716049382717,780.2057613168723,0.04157915976906416,0.9999999999999999,1.0,0.9999999999999999,53,8,2.240393567610882,1,2.240393567610882,False,False,False,True,0,518,7,0.4,0.3,0.3,balanced
1781376417745.452,0.4,0.3,0.3,586.9136577708006,601.5555555555555,0.11738273155416011,562.9820693709582,741.5005878894767,0.03689006466784244,0.9999999999999999,1.0,0.9999999999999999,55,8,2.2419798879779833,0,2.2419798879779833,False,False,False,True,0,519,7,0.4,0.3,0.3,balanced
1781376420366.7878,0.4,0.3,0.3,589.4552590266876,604.3333333333334,0.11789105180533752,576.0890652557318,710.5482069370959,0.037764447315258964,0.9999999999999999,1.0,0.9999999999999999,53,8,2.2415142450832874,1,2.2415142450832874,False,False,False,True,0,520,7,0.4,0.3,0.3,balanced
1781376422989.333,0.4,0.3,0.3,589.9387755102041,604.2222222222222,0.11798775510204082,527.7792475014697,682.910052910053,0.034541644262939944,0.9999999999999999,1.0,0.9999999999999999,53,8,2.2424424046803018,2,2.2424424046803018,False,False,False,True,0,521,7,0.4,0.3,0.3,balanced
1781376425610.413,0.4,0.3,0.3,591.2229199372057,607.0,0.11824458398744114,512.3868312757202,644.8148148148148,0.03351479861745965,0.9999999999999999,1.0,0.9999999999999999,52,8,2.2426477268197855,1,2.2426477268197855,False,False,False,True,0,522,7,0.4,0.3,0.3,balanced
1781376428229.3389,0.4,0.3,0.3,591.8351648351648,606.5555555555555,0.11836703296703296,1955.0083570750237,2084.950237416904,0.12975372628919438,0.977704268520595,0.9795708406819519,0.977704268520595,53,8,2.207038349482607,0,2.207038349482607,False,False,False,True,0,523,7,0.4,0.3,0.3,balanced
1781376430853.635,0.4,0.3,0.3,591.7158555729984,607.1111111111111,0.11834317111459969,512.213516935739,644.6992719214942,0.03350323662012935,0.9999999999999999,1.0,0.9999999999999999,52,8,2.242611760568121,1,2.242611760568121,False,False,False,True,0,524,7,0.4,0.3,0.3,balanced
1781376433478.4,0.4,0.3,0.3,593.8335949764521,609.5555555555555,0.11876671899529043,483.4567901234567,623.7448559670781,0.03158484256994374,0.9999999999999999,1.0,0.9999999999999999,50,8,2.2430178596309007,1,2.2430178596309007,False,False,False,True,0,525,7,0.4,0.3,0.3,balanced
1781376436098.939,0.4,0.3,0.3,594.9686028257456,611.0,0.11899372056514912,443.4567901234567,576.4609053497942,0.028916396939523463,0.9999999999999999,1.0,0.9999999999999999,49,8,2.243727592692083,1,2.243727592692083,False,False,False,True,0,526,7,0.4,0.3,0.3,balanced
1781376438924.0469,0.4,0.3,0.3,595.8932496075353,612.3333333333334,0.11917864992150705,494.35364396654717,657.9784946236558,0.03231178412051682,0.893033075299085,0.9272030651340997,0.893033075299085,47,8,2.2105449273849676,1,2.2105449273849676,False,False,False,True,0,527,7,0.4,0.3,0.3,balanced
1781376441649.902,0.4,0.3,0.3,598.9701726844584,615.4444444444445,0.11979403453689168,453.11781609195396,574.7577996715928,0.029560895002798796,0.9999999999999999,1.0,0.9999999999999999,46,8,2.2432141176844036,1,2.2432141176844036,False,False,False,True,0,528,7,0.4,0.3,0.3,balanced
1781376444373.042,0.4,0.3,0.3,598.7943485086342,616.3333333333334,0.11975886970172685,434.5745149911817,548.3245149911817,0.02832385023290071,0.9999999999999999,1.0,0.9999999999999999,44,8,2.243599297049439,1,2.243599297049439,False,False,False,True,0,529,7,0.4,0.3,0.3,balanced
1781376447095.248,0.4,0.3,0.3,597.2166405023547,613.7777777777778,0.11944332810047094,1501.5548409657604,1573.5452776257375,0.09950332494768248,0.9942812289751065,0.9960317460317462,0.9942812289751065,46,8,2.2206560399680386,0,2.2206560399680386,False,False,False,True,0,530,7,0.4,0.3,0.3,balanced
1781376453400.187,0.4,0.3,0.3,599.3328100470958,616.8888888888889,0.11986656200941916,397.46140708305455,494.3025400879807,0.02584799246718176,0.9961565528067989,0.9961685823754789,0.9961565528067989,44,8,2.2431459432981176,1,2.2431459432981176,False,False,False,True,0,531,7,0.4,0.3,0.3,balanced
1781376456125.249,0.4,0.3,0.3,602.1711145996861,620.2222222222222,0.12043422291993722,547.3949147560257,664.075543797766,0.035850227802269895,0.9942812289751065,0.9960317460317462,0.9942812289751065,43,8,2.239355611183876,1,2.239355611183876,False,False,False,True,0,532,7,0.4,0.3,0.3,balanced
1781376458846.688,0.4,0.3,0.3,606.552590266876,625.3333333333334,0.1213105180533752,404.94047619047615,511.94444444444434,0.02634692969916452,0.9999999999999999,1.0,0.9999999999999999,41,8,2.2435717138689006,1,2.2435717138689006,False,False,False,True,0,533,7,0.4,0.3,0.3,balanced
1781376461572.1619,0.4,0.3,0.3,606.6750392464677,625.8888888888889,0.12133500784929353,402.7057613168724,518.9829512051734,0.02619784932067194,0.9999999999999999,1.0,0.9999999999999999,40,8,2.243606642064081,1,2.243606642064081,False,False,False,True,0,534,7,0.4,0.3,0.3,balanced
1781376464297.249,0.4,0.3,0.3,605.0172684458398,624.0,0.12100345368916797,400.5877120963328,516.5955117679256,0.02605655184098284,0.9999999999999999,1.0,0.9999999999999999,41,8,2.243781652972038,0,2.243781652972038,False,False,False,True,0,535,7,0.4,0.3,0.3,balanced
1781376467018.344,0.4,0.3,0.3,607.0486656200942,626.3333333333334,0.12140973312401884,386.9135802469136,497.6190476190476,0.025144334906398506,0.9999999999999999,1.0,0.9999999999999999,40,8,2.2438928062784727,1,2.2438928062784727,False,False,False,True,0,536,7,0.4,0.3,0.3,balanced
1781376469742.0261,0.4,0.3,0.3,611.5604395604395,632.3333333333334,0.12231208791208789,384.8331863609642,480.7304526748971,0.025005549457035637,0.9999999999999999,1.0,0.9999999999999999,38,8,2.243573499998054,1,2.243573499998054,False,False,False,True,0,537,7,0.4,0.3,0.3,balanced
1781376508681.165,0.4,0.3,0.3,612.320251177394,633.1111111111111,0.1224640502354788,345.73994935106043,459.9588477366255,0.022397595020084086,0.9999999999999999,1.0,0.9999999999999999,37,8,2.2442951013997834,1,2.2442951013997834,False,False,False,True,1,538,7,0.4,0.3,0.3,balanced
1781376511407.216,0.4,0.3,0.3,617.4882260596546,638.8888888888889,0.12349764521193092,337.9453262786596,441.14050558495,0.021877606823126058,0.9999999999999999,1.0,0.9999999999999999,35,8,2.24403765986829,1,2.24403765986829,False,False,False,True,0,539,7,0.4,0.3,0.3,balanced
1781376514131.166,0.4,0.3,0.3,617.1742543171115,639.7777777777778,0.1234348508634223,338.5588793922127,446.50522317188984,0.021918537651248345,0.9999999999999999,1.0,0.9999999999999999,34,8,2.2440504983592566,1,2.2440504983592566,False,False,False,True,0,540,7,0.4,0.3,0.3,balanced
1781376516855.572,0.4,0.3,0.3,623.989010989011,647.8888888888889,0.1247978021978022,288.35390946502054,363.8065843621399,0.018569306835558408,0.9999999999999999,1.0,0.9999999999999999,32,8,2.2445100870702115,1,2.2445100870702115,False,False,False,True,0,541,7,0.4,0.3,0.3,balanced
1781376523255.073,0.4,0.3,0.3,631.1758241758241,657.3333333333334,0.12623516483516484,260.7818930041152,344.75602586713694,0.016729946164383936,0.9958510876878223,0.9960317460317462,0.9958510876878223,29,8,2.2432422765229654,1,2.2432422765229654,False,False,False,True,0,542,7,0.4,0.3,0.3,balanced
1781376526281.087,0.4,0.3,0.3,546.4505494505494,600.3333333333334,0.10929010989010987,239.72614247311827,277.8001792114695,0.01532529302689248,0.8398744113029827,0.8888888888888888,0.8398744113029827,28,8,2.203648691526783,1,2.203648691526783,False,False,False,True,0,543,7,0.4,0.3,0.3,balanced
1781376529200.9749,0.4,0.3,0.3,630.7066059225513,668.6666666666666,0.12614132118451024,747.0512170385397,867.2892720306513,0.04916952748756102,0.9949414814232974,0.9961685823754789,0.9949414814232974,26,8,2.233275057706917,1,2.233275057706917,False,False,False,True,0,544,7,0.4,0.3,0.3,balanced
1781376532019.42,0.4,0.3,0.3,642.6122448979592,673.3333333333334,0.12852244897959184,262.3243114909781,338.9189616967394,0.016832842661172655,0.9999999999999999,1.0,0.9999999999999999,25,8,2.2435411676098114,1,2.2435411676098114,False,False,False,True,0,545,7,0.4,0.3,0.3,balanced
1781376534838.841,0.4,0.3,0.3,643.193092621664,673.5555555555555,0.1286386185243328,261.87717632162077,331.76321620766066,0.016803013763950686,0.9999999999999999,1.0,0.9999999999999999,25,8,2.2435036484610817,2,2.2435036484610817,False,False,False,True,0,546,7,0.4,0.3,0.3,balanced
1781376537762.808,0.4,0.3,0.3,653.353218210361,686.3333333333334,0.1306706436420722,283.7639623750735,377.18694885361555,0.018263106229157673,0.9999999999999999,1.0,0.9999999999999999,23,8,2.2422528106744237,1,2.2422528106744237,False,False,False,True,0,547,7,0.4,0.3,0.3,balanced
1781376540889.882,0.4,0.3,0.3,613.7723704866562,607.8888888888889,0.12275447409733124,217.8112305854241,291.0035842293907,0.013863324255198406,0.9419152276295132,0.8888888888888888,0.9419152276295132,22,8,2.229313781373362,1,2.229313781373362,False,False,False,True,0,548,7,0.4,0.3,0.3,balanced
1781376543815.135,0.4,0.3,0.3,667.1130298273155,705.0,0.1334226059654631,199.40329218106996,265.59670781893,0.012635309685194794,0.9999999999999999,1.0,0.9999999999999999,20,8,2.242840364708256,1,2.242840364708256,False,False,False,True,0,549,7,0.4,0.3,0.3,balanced
1781376546840.049,0.4,0.3,0.3,677.3296703296703,716.7777777777778,0.13546593406593407,224.88026819923368,292.57799671592767,0.014334907818494575,0.9999999999999999,1.0,0.9999999999999999,19,8,2.2415131540280777,1,2.2415131540280777,False,False,False,True,0,550,7,0.4,0.3,0.3,balanced
1781376549860.962,0.4,0.3,0.3,691.2605965463108,736.0,0.13825211930926215,175.6972143083254,221.3650341428119,0.011053850187346592,0.9940694226408512,0.9958847736625513,0.9940694226408512,17,8,2.2396038240123466,1,2.2396038240123466,False,False,False,True,0,551,7,0.4,0.3,0.3,balanced
1781376552789.0352,0.4,0.3,0.3,677.7064364207221,717.2222222222222,0.1355412872841444,182.4113643558088,234.34789490345045,0.01150175879625142,0.9999999999999999,1.0,0.9999999999999999,19,8,2.242332957447467,0,2.242332957447467,False,False,False,True,0,552,7,0.4,0.3,0.3,balanced
1781376559398.565,0.4,0.3,0.3,692.2072213500784,736.3333333333334,0.13844144427001567,150.3718400940623,202.21046443268668,0.009364365583326371,0.9999999999999999,1.0,0.9999999999999999,17,8,2.241814112616996,1,2.241814112616996,False,False,False,True,0,553,7,0.4,0.3,0.3,balanced
1781376562421.541,0.4,0.3,0.3,701.7315541601256,749.5555555555555,0.14034631083202512,133.85011079455523,180.95125039569484,0.008262182174419963,0.9999999999999999,1.0,0.9999999999999999,16,8,2.241382821014864,1,2.241382821014864,False,False,False,True,0,554,7,0.4,0.3,0.3,balanced
1781376565442.981,0.4,0.3,0.3,692.723704866562,737.0,0.1385447409733124,158.77425044091711,210.7466196355085,0.009924899962702943,0.9999999999999999,1.0,0.9999999999999999,17,8,2.241604633621864,0,2.241604633621864,False,False,False,True,0,555,7,0.4,0.3,0.3,balanced
1781376568566.578,0.4,0.3,0.3,701.8257456828884,749.0,0.1403651491365777,176.5189594356261,234.6634332745444,0.011108669742203208,0.9903005158107198,0.9920634920634921,0.9903005158107198,16,8,2.237611494165924,1,2.237611494165924,False,False,False,True,0,556,7,0.4,0.3,0.3,balanced
1781376571780.866,0.4,0.3,0.3,724.8712715855571,778.8888888888889,0.14497425431711142,212.7073070607553,255.53366174055827,0.013522835694513364,0.9999999999999999,1.0,0.9999999999999999,14,8,2.2379534475648013,1,2.2379534475648013,False,False,False,True,0,557,7,0.4,0.3,0.3,balanced
1781376575005.083,0.4,0.3,0.3,740.2009419152276,798.0,0.14804018838304553,181.74970605526158,236.51822457378012,0.011457618816228258,0.9999999999999999,1.0,0.9999999999999999,13,8,2.237346639001913,1,2.237346639001913,False,False,False,True,0,558,7,0.4,0.3,0.3,balanced
1781376578419.259,0.4,0.3,0.3,772.9748822605964,840.8888888888889,0.15459497645211928,129.4914756025867,172.22957084068196,0.00797141264860485,0.9960192868356134,0.9960317460317462,0.9960192868356134,11,8,2.2345763716752547,1,2.2345763716752547,False,False,False,True,0,559,7,0.4,0.3,0.3,balanced
1781376581641.3071,0.4,0.3,0.3,739.6609105180532,797.8888888888889,0.14793218210361064,168.67651381540267,217.51175778953555,0.010585491248525862,0.9942812289751065,0.9960317460317462,0.9942812289751065,13,8,2.23593584847653,0,2.23593584847653,False,False,False,True,0,560,7,0.4,0.3,0.3,balanced
1781376585061.338,0.4,0.3,0.3,777.0298273155415,844.8888888888889,0.1554059654631083,285.03968253968253,414.59582598471485,0.018348210976629923,0.9958510876878223,0.9960317460317462,0.9958510876878223,11,8,2.2310884768281145,1,2.2310884768281145,False,False,False,True,0,561,7,0.4,0.3,0.3,balanced
1781376624603.436,0.4,0.3,0.3,799.7739403453689,874.3333333333334,0.1599547880690738,71.16255144032921,99.45620223398001,0.004080223578407553,0.9999999999999999,1.0,0.9999999999999999,10,8,2.234794017698848,1,2.234794017698848,False,False,False,True,1,562,7,0.4,0.3,0.3,balanced
1781376631596.633,0.4,0.3,0.3,774.182103610675,842.0,0.154836420722135,96.2441211052322,124.5164609053498,0.005753443702817358,0.9999999999999999,1.0,0.9999999999999999,11,8,2.236339398600301,0,2.236339398600301,False,False,False,True,0,563,7,0.4,0.3,0.3,balanced
1781376634920.493,0.4,0.3,0.3,738.1946624803768,795.6666666666666,0.14763893249607535,105.13154027042916,138.91240446796002,0.00634633357374444,0.9999999999999999,1.0,0.9999999999999999,13,8,2.2390405269294464,0,2.2390405269294464,False,False,False,True,0,564,7,0.4,0.3,0.3,balanced
1781376638143.9631,0.4,0.3,0.3,728.4835164835165,782.2222222222222,0.1456967032967033,115.08230452674897,150.0411522633745,0.007010160408722413,0.9999999999999999,1.0,0.9999999999999999,14,8,2.2396182705587018,0,2.2396182705587018,False,False,False,True,0,565,7,0.4,0.3,0.3,balanced
1781376641267.283,0.4,0.3,0.3,701.629513343799,748.2222222222222,0.1403259026687598,147.26557907113462,191.84891240446797,0.009157143366986966,0.9999999999999999,1.0,0.9999999999999999,16,8,2.2411224959224,0,2.2411224959224,False,False,False,True,0,566,7,0.4,0.3,0.3,balanced
1781376644285.941,0.4,0.3,0.3,695.3893249607535,739.2222222222222,0.1390778649921507,148.41122868900646,196.9091710758377,0.009233570959907036,0.9999999999999999,1.0,0.9999999999999999,17,8,2.2415987827151675,0,2.2415987827151675,False,False,False,True,0,567,7,0.4,0.3,0.3,balanced
1781376647301.166,0.4,0.3,0.3,678.5416012558869,718.1111111111111,0.13570832025117738,189.92063492063488,247.22663139329805,0.012002710801910265,0.9999999999999999,1.0,0.9999999999999999,19,8,2.242115858658956,0,2.242115858658956,False,False,False,True,0,568,7,0.4,0.3,0.3,balanced
1781376650327.169,0.4,0.3,0.3,693.3940345368917,737.3333333333334,0.13867880690737833,151.46090534979422,197.03703703703707,0.00943701836889888,0.9999999999999999,1.0,0.9999999999999999,17,8,2.241697371726379,1,2.241697371726379,False,False,False,True,0,569,7,0.4,0.3,0.3,balanced
1781376653341.862,0.4,0.3,0.3,676.8477237048664,716.3333333333334,0.1353695447409733,192.82627865961197,251.168430335097,0.012196549610381052,0.9999999999999999,1.0,0.9999999999999999,19,8,2.242193217220496,0,2.242193217220496,False,False,False,True,0,570,7,0.4,0.3,0.3,balanced
1781376656369.121,0.4,0.3,0.3,670.2684458398744,707.8888888888889,0.1340536891679749,206.01669403393538,279.48823207443894,0.013076497267107096,0.9999999999999999,1.0,0.9999999999999999,20,8,2.242455575152678,0,2.242455575152678,False,False,False,True,0,571,7,0.4,0.3,0.3,balanced
1781376659389.126,0.4,0.3,0.3,677.1554160125588,717.2222222222222,0.13543108320251177,214.84126984126985,289.2857142857143,0.01366519478594195,0.9999999999999999,1.0,0.9999999999999999,19,8,2.2417280082832125,1,2.2417280082832125,False,False,False,True,0,572,7,0.4,0.3,0.3,balanced
1781376666009.45,0.4,0.3,0.3,668.4662480376767,706.2222222222222,0.13369324960753534,798.5860751282207,720.1976018163757,0.052607476659654484,0.9942812289751065,0.9960317460317462,0.9942812289751065,20,8,2.2290248258516216,0,2.2290248258516216,False,False,False,True,0,573,7,0.4,0.3,0.3,balanced
1781376669034.53,0.4,0.3,0.3,674.3469387755102,713.5555555555555,0.13486938775510204,228.8095238095238,289.44444444444446,0.014597032942596651,0.9999999999999999,1.0,0.9999999999999999,19,8,2.24167313501518,1,2.24167313501518,False,False,False,True,0,574,7,0.4,0.3,0.3,balanced
1781376671948.0269,0.4,0.3,0.3,668.0643642072213,705.6666666666666,0.13361287284144424,181.49730927508705,257.25862614751503,0.011440781139098535,0.9999999999999999,1.0,0.9999999999999999,20,8,2.243122616521693,0,2.243122616521693,False,False,False,True,0,575,7,0.4,0.3,0.3,balanced
1781376674871.095,0.4,0.3,0.3,660.2056514913656,695.3333333333334,0.13204113029827313,191.7717519106408,254.29159318048212,0.012126200927994716,0.9999999999999999,1.0,0.9999999999999999,22,8,2.243545687602292,0,2.243545687602292,False,False,False,True,0,576,7,0.4,0.3,0.3,balanced
1781376677785.81,0.4,0.3,0.3,651.0392464678177,684.0,0.13020784929356355,260.2274114774114,331.8231357120246,0.0166929560692069,0.9940694226408512,0.9958847736625513,0.9940694226408512,23,8,2.241129800254068,0,2.241129800254068,False,False,False,True,0,577,7,0.4,0.3,0.3,balanced
1781376680699.648,0.4,0.3,0.3,656.4678178963892,690.6666666666666,0.13129356357927785,215.55702527924748,287.2986478542034,0.013712943647714975,0.9999999999999999,1.0,0.9999999999999999,22,8,2.2433686914739743,1,2.2433686914739743,False,False,False,True,0,578,7,0.4,0.3,0.3,balanced
1781376683622.552,0.4,0.3,0.3,651.6436420722134,684.1111111111111,0.13032872841444268,238.21942974720753,306.0464432686655,0.0152247785021486,0.9999999999999999,1.0,0.9999999999999999,23,8,2.2433010750835782,0,2.2433010750835782,False,False,False,True,0,579,7,0.4,0.3,0.3,balanced
1781376686446.448,0.4,0.3,0.3,643.2637362637363,673.4444444444445,0.12865274725274725,253.95536562203228,318.77492877492875,0.016274540735292345,0.9999999999999999,1.0,0.9999999999999999,25,8,2.243656538878313,0,2.243656538878313,False,False,False,True,0,580,7,0.4,0.3,0.3,balanced
1781376689272.325,0.4,0.3,0.3,641.1695447409734,670.4444444444445,0.12823390894819467,262.57054673721336,353.08348030570255,0.016849269295344454,0.9999999999999999,1.0,0.9999999999999999,26,8,2.2436516556321187,0,2.2436516556321187,False,False,False,True,0,581,7,0.4,0.3,0.3,balanced
1781376692098.756,0.4,0.3,0.3,633.2574568288853,660.7777777777778,0.12665149136577705,323.32157554379774,406.8268665490888,0.02090203972940612,0.9999999999999999,1.0,0.9999999999999999,28,8,2.243068791534867,0,2.243068791534867,False,False,False,True,0,582,7,0.4,0.3,0.3,balanced
1781376694920.523,0.4,0.3,0.3,628.9183673469388,654.5555555555555,0.12578367346938776,296.0346854791299,403.259847148736,0.019081700165385584,0.9942812289751065,0.9960317460317462,0.9942812289751065,29,8,2.242246389255161,0,2.242246389255161,False,False,False,True,0,583,7,0.4,0.3,0.3,balanced
1781376697737.54,0.4,0.3,0.3,623.2935635792778,646.8888888888889,0.12465871271585556,289.9226874657909,383.85331143951834,0.018673961805589785,0.9999999999999999,1.0,0.9999999999999999,32,8,2.244534326371981,0,2.244534326371981,False,False,False,True,0,584,7,0.4,0.3,0.3,balanced
1781376704136.698,0.4,0.3,0.3,619.4175824175824,641.6666666666666,0.12388351648351648,320.17651888341544,424.9589490968802,0.020692229411835586,0.9999999999999999,1.0,0.9999999999999999,34,8,2.2442389245830427,0,2.2442389245830427,False,False,False,True,0,585,7,0.4,0.3,0.3,balanced
1781376706857.255,0.4,0.3,0.3,616.4191522762951,637.4444444444445,0.12328383045525902,344.11206077872737,444.92560937005385,0.022288996716392753,0.9999999999999999,1.0,0.9999999999999999,35,8,2.2439997688029787,0,2.2439997688029787,False,False,False,True,0,586,7,0.4,0.3,0.3,balanced
1781376709581.81,0.4,0.3,0.3,612.8806907378336,633.4444444444445,0.12257613814756671,379.2739564961787,480.8333333333333,0.024634686891005918,0.9999999999999999,1.0,0.9999999999999999,37,8,2.2435791386736716,0,2.2435791386736716,False,False,False,True,0,587,7,0.4,0.3,0.3,balanced
1781376712294.7642,0.4,0.3,0.3,612.0345368916797,632.5555555555555,0.12240690737833596,380.9009406231628,487.67195767195767,0.024743224858116263,0.9999999999999999,1.0,0.9999999999999999,38,8,2.2436142695912307,0,2.2436142695912307,False,False,False,True,0,588,7,0.4,0.3,0.3,balanced
1781376715017.0132,0.4,0.3,0.3,607.8131868131868,627.4444444444445,0.12156263736263737,387.2721928277483,503.38624338624345,0.02516825836075706,0.9999999999999999,1.0,0.9999999999999999,40,8,2.243824467546718,0,2.243824467546718,False,False,False,True,0,589,7,0.4,0.3,0.3,balanced
1781376717744.23,0.4,0.3,0.3,605.916797488226,625.4444444444445,0.12118335949764521,402.55062944718117,532.1455938697318,0.02618750029667653,0.9999999999999999,1.0,0.9999999999999999,41,8,2.243670406111939,0,2.243670406111939,False,False,False,True,0,590,7,0.4,0.3,0.3,balanced
1781376720467.97,0.4,0.3,0.3,601.2103610675039,619.3333333333334,0.12024207221350078,441.79529282977563,564.2788724685277,0.028805556559691504,0.9999999999999999,1.0,0.9999999999999999,43,8,2.2432615041466923,0,2.2432615041466923,False,False,False,True,0,591,7,0.4,0.3,0.3,balanced
1781376723190.562,0.4,0.3,0.3,602.6938775510204,620.1111111111111,0.12053877551020407,447.1678424456202,583.6787184009406,0.029163965473356916,0.9999999999999999,1.0,0.9999999999999999,44,8,2.2430353001539114,0,2.2430353001539114,False,False,False,True,0,592,7,0.4,0.3,0.3,balanced
1781376725814.378,0.4,0.3,0.3,598.2291993720565,615.4444444444445,0.11964583987441131,429.8828743273188,548.8952200063311,0.02801086553217604,0.9999999999999999,1.0,0.9999999999999999,46,8,2.243738404390583,0,2.243738404390583,False,False,False,True,0,593,7,0.4,0.3,0.3,balanced
1781376728530.986,0.4,0.3,0.3,599.0172684458398,615.3333333333334,0.11980345368916796,475.41441140100136,608.2289322710778,0.03104832631094072,0.9999999999999999,1.0,0.9999999999999999,47,8,2.2427641206310507,0,2.2427641206310507,False,False,False,True,0,594,7,0.4,0.3,0.3,balanced
1781376731244.7542,0.4,0.3,0.3,594.49136577708,610.1111111111111,0.118898273155416,495.8449644225506,648.9559386973181,0.032411271809376294,0.9999999999999999,1.0,0.9999999999999999,49,8,2.2427173091950205,0,2.2427173091950205,False,False,False,True,0,595,7,0.4,0.3,0.3,balanced
1781376733857.401,0.4,0.3,0.3,595.9058084772371,611.4444444444445,0.11918116169544742,510.08230452674894,668.1069958847736,0.03336106100912268,0.9999999999999999,1.0,0.9999999999999999,50,8,2.242319217019084,0,2.242319217019084,False,False,False,True,0,596,7,0.4,0.3,0.3,balanced
1781376740065.27,0.4,0.3,0.3,593.204081632653,607.8888888888889,0.1186408163265306,493.9168136390358,621.1801881246324,0.03228264267104975,0.9999999999999999,1.0,0.9999999999999999,52,8,2.2428588806680727,0,2.2428588806680727,False,False,False,True,0,597,7,0.4,0.3,0.3,balanced
1781376742681.678,0.4,0.3,0.3,590.5353218210361,605.2222222222222,0.11810706436420722,526.8805114638448,657.8880070546737,0.0344816885566274,0.9999999999999999,1.0,0.9999999999999999,53,8,2.242412667687329,0,2.242412667687329,False,False,False,True,0,598,7,0.4,0.3,0.3,balanced
1781376745305.4758,0.4,0.3,0.3,589.0502354788068,602.7777777777778,0.11781004709576137,554.1512345679012,708.5214579659024,0.036300949604262917,0.9999999999999999,1.0,0.9999999999999999,55,8,2.2419856962804166,0,2.2419856962804166,False,False,False,True,0,599,7,0.4,0.3,0.3,balanced
1781376747925.8372,0.4,0.3,0.3,588.3956043956043,602.2222222222222,0.11767912087912087,533.4536245647356,680.3767014878126,0.03492018842993566,0.9999999999999999,1.0,0.9999999999999999,56,8,2.242452295119371,0,2.242452295119371,False,False,False,True,0,600,7,0.4,0.3,0.3,balanced
1781376750551.32,0.4,0.3,0.3,587.138147566719,600.3333333333334,0.1174276295133438,573.0440804051915,733.9394247727581,0.03756131290228095,0.9940694226408512,0.9958847736625513,0.9940694226408512,58,8,2.2399813811162335,0,2.2399813811162335,False,False,False,True,0,601,7,0.4,0.3,0.3,balanced
1781376753171.477,0.4,0.3,0.3,586.3076923076923,599.6666666666666,0.11726153846153846,580.7929159318047,738.6669606114051,0.03807824655982687,0.9999999999999999,1.0,0.9999999999999999,59,8,2.2416719106474363,0,2.2416719106474363,False,False,False,True,0,602,7,0.4,0.3,0.3,balanced
1781376755787.487,0.4,0.3,0.3,584.0078492935635,597.1111111111111,0.11680156985871269,665.5180776014109,844.8838918283362,0.04373035874592468,0.9999999999999999,1.0,0.9999999999999999,61,8,2.2401602644327374,0,2.2401602644327374,False,False,False,True,0,603,7,0.4,0.3,0.3,balanced
1781376758409.483,0.4,0.3,0.3,586.4788069073783,599.8888888888889,0.11729576138147566,573.8925631981188,745.405643738977,0.03761791615731279,0.9999999999999999,1.0,0.9999999999999999,59,8,2.2417963206002156,1,2.2417963206002156,False,False,False,True,0,604,7,0.4,0.3,0.3,balanced
1781376761034.7969,0.4,0.3,0.3,585.9120879120878,598.3333333333334,0.11718241758241757,646.9407701352145,833.1599059376838,0.04249104537259603,0.9999999999999999,1.0,0.9999999999999999,61,8,2.240379719355254,0,2.240379719355254,False,False,False,True,0,605,7,0.4,0.3,0.3,balanced
1781376763656.2158,0.4,0.3,0.3,582.789638932496,595.2222222222222,0.1165579277864992,662.6748971193415,857.1604938271605,0.043540686932577816,0.9999999999999999,1.0,0.9999999999999999,64,8,2.2403146228056268,0,2.2403146228056268,False,False,False,True,0,606,7,0.4,0.3,0.3,balanced
1781376766279.6619,0.4,0.3,0.3,581.0832025117738,593.3333333333334,0.11621664050235476,670.3373015873015,859.3253968253969,0.04405185467560383,0.9999999999999999,1.0,0.9999999999999999,65,8,2.240297787396377,0,2.240297787396377,False,False,False,True,0,607,7,0.4,0.3,0.3,balanced
1781376769392.96,0.4,0.3,0.3,583.3610675039246,595.5555555555555,0.11667221350078491,1857.4883791931843,2077.471498958914,0.12324805731775745,0.635637721352007,0.7013468013468014,0.635637721352007,67,8,2.107048013809961,0,2.107048013809961,False,False,False,True,0,608,7,0.4,0.3,0.3,balanced
1781376775586.0542,0.4,0.3,0.3,581.5777080062794,592.8888888888889,0.11631554160125589,798.1930760810071,1002.2372742200328,0.05258125924489707,0.9999999999999999,1.0,0.9999999999999999,68,8,2.2376994055860284,0,2.2376994055860284,False,False,False,True,0,609,7,0.4,0.3,0.3,balanced
1781376778200.094,0.4,0.3,0.3,581.828885400314,593.4444444444445,0.1163657770800628,797.9269547325102,982.7718988830101,0.052563505986158124,0.9942812289751065,0.9960317460317462,0.9942812289751065,67,8,2.2359690060646593,1,2.2359690060646593,False,False,False,True,0,610,7,0.4,0.3,0.3,balanced
1781376780823.396,0.4,0.3,0.3,581.2009419152275,593.1111111111111,0.1162401883830455,641.6153393931171,810.4190973635418,0.04213577981274964,0.9939531368102795,0.9958847736625513,0.9939531368102795,65,8,2.239049131746041,1,2.239049131746041,False,False,False,True,0,611,7,0.4,0.3,0.3,balanced
1781376783448.994,0.4,0.3,0.3,582.6624803767661,594.7777777777778,0.11653249607535322,618.8717843459223,801.8007662835248,0.040618531310601884,0.9999999999999999,1.0,0.9999999999999999,64,8,2.241201442176678,1,2.241201442176678,False,False,False,True,0,612,7,0.4,0.3,0.3,balanced
1781376786069.124,0.4,0.3,0.3,585.4631083202511,598.2222222222222,0.11709262166405021,587.93430335097,726.9223985890653,0.03855465666117212,0.9999999999999999,1.0,0.9999999999999999,61,8,2.241596554336028,1,2.241596554336028,False,False,False,True,0,613,7,0.4,0.3,0.3,balanced
1781376788695.6611,0.4,0.3,0.3,583.7849293563579,597.1111111111111,0.11675698587127158,600.188124632569,794.1534391534392,0.039372123057542965,0.9999999999999999,1.0,0.9999999999999999,61,8,2.2414855687342286,2,2.2414855687342286,False,False,False,True,0,614,7,0.4,0.3,0.3,balanced
1781376791321.885,0.4,0.3,0.3,586.5510204081633,600.0,0.11731020408163265,631.5520282186949,822.8674309229865,0.04146444484447598,0.9999999999999999,1.0,0.9999999999999999,59,8,2.240636584914004,1,2.240636584914004,False,False,False,True,0,615,7,0.4,0.3,0.3,balanced
1781376793943.822,0.4,0.3,0.3,588.3908948194662,601.6666666666666,0.11767817896389324,623.7646972369195,792.933568489124,0.0409449431112021,0.9999999999999999,1.0,0.9999999999999999,58,8,2.240645245481082,1,2.240645245481082,False,False,False,True,0,616,7,0.4,0.3,0.3,balanced
1781376796566.794,0.4,0.3,0.3,585.8178963893249,598.6666666666666,0.11716357927786498,630.5256523312079,811.4069777958666,0.04139597413817264,0.9900887094764645,0.9919165196942975,0.9900887094764645,59,8,2.2377423888903416,0,2.2377423888903416,False,False,False,True,0,617,7,0.4,0.3,0.3,balanced
1781376799190.5151,0.4,0.3,0.3,585.9591836734694,599.3333333333334,0.11719183673469388,591.0515873015873,737.1884185773074,0.03876261422959222,0.9999999999999999,1.0,0.9999999999999999,58,8,2.2414944810372446,1,2.2414944810372446,False,False,False,True,0,618,7,0.4,0.3,0.3,balanced
1781376801813.1968,0.4,0.3,0.3,586.767660910518,600.5555555555555,0.11735353218210359,598.4749920861032,743.4520417853752,0.039257838031094276,0.9999999999999999,1.0,0.9999999999999999,56,8,2.24128123571783,1,2.24128123571783,False,False,False,True,0,619,7,0.4,0.3,0.3,balanced
1781376804436.6318,0.4,0.3,0.3,590.1067503924646,604.6666666666666,0.11802135007849292,604.8067313345091,747.6513815402704,0.03968023557935351,0.9999999999999999,1.0,0.9999999999999999,55,8,2.2408873892947967,1,2.2408873892947967,False,False,False,True,0,620,7,0.4,0.3,0.3,balanced
1781376810646.345,0.4,0.3,0.3,588.6483516483515,603.5555555555555,0.11772967032967031,561.3962375073486,733.7007642563199,0.03678427201516668,0.9999999999999999,1.0,0.9999999999999999,53,8,2.2418728502635816,1,2.2418728502635816,False,False,False,True,0,621,7,0.4,0.3,0.3,balanced
1781376813273.0688,0.4,0.3,0.3,591.3594976452118,606.3333333333334,0.11827189952904237,535.8847736625514,681.0288065843621,0.03508237315960983,0.9999999999999999,1.0,0.9999999999999999,52,8,2.2421665282405,1,2.2421665282405,False,False,False,True,0,622,7,0.4,0.3,0.3,balanced
1781376815990.984,0.4,0.3,0.3,593.34693877551,608.4444444444445,0.118669387755102,453.7931034482759,590.7758620689655,0.02960594419268018,0.9999999999999999,1.0,0.9999999999999999,50,8,2.243650461640155,1,2.243650461640155,False,False,False,True,0,623,7,0.4,0.3,0.3,balanced
1781376818607.49,0.4,0.3,0.3,594.0062794348509,609.5555555555555,0.11880125588697017,506.11111111111114,657.5720164609054,0.03309613816618487,0.9999999999999999,1.0,0.9999999999999999,49,8,2.2425506561953563,1,2.2425506561953563,False,False,False,True,0,624,7,0.4,0.3,0.3,balanced
1781376821327.508,0.4,0.3,0.3,599.6907378335949,615.6666666666666,0.11993814756671897,461.3799945265462,583.7821565407772,0.030112074351337306,0.9999999999999999,1.0,0.9999999999999999,47,8,2.242991118667911,1,2.242991118667911,False,False,False,True,0,625,7,0.4,0.3,0.3,balanced
1781376823940.927,0.4,0.3,0.3,597.7441130298272,614.8888888888889,0.11954882260596544,455.9765748654637,578.0310224754669,0.02975160606173874,0.9999999999999999,1.0,0.9999999999999999,46,8,2.2432549891390923,1,2.2432549891390923,False,False,False,True,0,626,7,0.4,0.3,0.3,balanced
1781376826565.877,0.4,0.3,0.3,596.7551020408163,613.3333333333334,0.11935102040816326,491.1111111111111,626.4197530864199,0.03209547105477726,0.9999999999999999,1.0,0.9999999999999999,47,8,2.2426309505203013,0,2.2426309505203013,False,False,False,True,0,627,7,0.4,0.3,0.3,balanced
1781376829190.9932,0.4,0.3,0.3,596.8979591836735,614.0,0.1193795918367347,442.24912947135164,568.9616967394745,0.028835832519769955,0.9999999999999999,1.0,0.9999999999999999,46,8,2.243597413509375,1,2.243597413509375,False,False,False,True,0,628,7,0.4,0.3,0.3,balanced
1781376831815.943,0.4,0.3,0.3,596.3375196232338,612.8888888888889,0.11926750392464676,655.59670781893,787.119341563786,0.043068492849828555,0.9939531368102795,0.9958847736625513,0.9939531368102795,47,8,2.2375583916182764,0,2.2375583916182764,False,False,False,True,0,629,7,0.4,0.3,0.3,balanced
1781376834433.46,0.4,0.3,0.3,597.2967032967033,614.0,0.11945934065934066,500.1646090534979,619.9588477366256,0.03269944023038678,0.9999999999999999,1.0,0.9999999999999999,46,8,2.2424064316671477,1,2.2424064316671477,False,False,False,True,0,630,7,0.4,0.3,0.3,balanced
1781376837260.132,0.4,0.3,0.3,528.1287284144427,546.4444444444445,0.10562574568288853,378.01732377538826,503.17204301075265,0.02455085548868501,0.8833746898263026,0.8853046594982079,0.8833746898263026,44,8,2.21539685202813,1,2.21539685202813,False,False,False,True,0,631,7,0.4,0.3,0.3,balanced
1781376839985.492,0.4,0.3,0.3,596.9968602825745,614.3333333333334,0.11939937205651491,428.69868637110017,564.5333880678709,0.02793186700274184,0.9999999999999999,1.0,0.9999999999999999,46,8,2.2438606910765713,0,2.2438606910765713,False,False,False,True,0,632,7,0.4,0.3,0.3,balanced
1781376846290.9949,0.4,0.3,0.3,599.2401883830455,617.2222222222222,0.1198480376766091,410.58839627805145,533.1171319102353,0.026723708891130852,0.9999999999999999,1.0,0.9999999999999999,44,8,2.244043672262017,1,2.244043672262017,False,False,False,True,0,633,7,0.4,0.3,0.3,balanced
1781376849110.384,0.4,0.3,0.3,561.4332810047096,545.0,0.11228665620094191,431.3512132822477,575.0549169859515,0.028108820098882437,0.9381998953427524,0.8851851851851852,0.9381998953427524,43,8,2.2281126600927843,1,2.2281126600927843,False,False,False,True,0,634,7,0.4,0.3,0.3,balanced
1781376852029.232,0.4,0.3,0.3,531.8649921507064,550.7777777777778,0.10637299843014128,346.783714157706,469.1935483870968,0.022467225761021083,0.8885400313971742,0.8888888888888888,0.8885400313971742,41,8,2.2172726423187896,1,2.2172726423187896,False,False,False,True,0,635,7,0.4,0.3,0.3,balanced
1781376854755.6401,0.4,0.3,0.3,601.6671899529041,620.2222222222222,0.12033343799058081,442.43753674309227,539.3224573780129,0.02884840138379535,0.9999999999999999,1.0,0.9999999999999999,43,8,2.243212104388629,0,2.243212104388629,False,False,False,True,0,636,7,0.4,0.3,0.3,balanced
1781376857472.884,0.4,0.3,0.3,599.756671899529,618.2222222222222,0.11995133437990581,443.88067870826484,565.6595511767924,0.02894467503057137,0.9999999999999999,1.0,0.9999999999999999,44,8,2.243336063738866,0,2.243336063738866,False,False,False,True,0,637,7,0.4,0.3,0.3,balanced
1781376860194.4211,0.4,0.3,0.3,601.6671899529042,619.4444444444445,0.12033343799058084,380.98453749315814,495.3653530377668,0.024748801700677663,0.9999999999999999,1.0,0.9999999999999999,43,8,2.244441984293564,1,2.244441984293564,False,False,False,True,0,638,7,0.4,0.3,0.3,balanced
1781376862917.127,0.4,0.3,0.3,603.2291993720565,622.6666666666666,0.12064583987441131,413.2378012933568,515.8201058201058,0.026900453722038482,0.9999999999999999,1.0,0.9999999999999999,41,8,2.243671527933624,1,2.243671527933624,False,False,False,True,0,639,7,0.4,0.3,0.3,balanced
1781376865636.7239,0.4,0.3,0.3,605.9073783359498,625.0,0.12118147566718997,414.11963550852437,519.6781305114638,0.026959281888493954,0.9999999999999999,1.0,0.9999999999999999,40,8,2.243439625166576,1,2.243439625166576,False,False,False,True,0,640,7,0.4,0.3,0.3,balanced
1781376868361.85,0.4,0.3,0.3,607.1805337519623,627.5555555555555,0.12143610675039247,396.2955614344503,502.20458553791894,0.025770217574012693,0.9999999999999999,1.0,0.9999999999999999,38,8,2.243694492027639,1,2.243694492027639,False,False,False,True,0,641,7,0.4,0.3,0.3,balanced
1781376871084.27,0.4,0.3,0.3,610.3971742543171,631.4444444444445,0.12207943485086341,365.1658526658527,457.68552435219107,0.023693519190517192,0.9978487121344263,0.9958847736625513,0.9978487121344263,37,8,2.2434147839428276,1,2.2434147839428276,False,False,False,True,0,642,7,0.4,0.3,0.3,balanced
1781376873807.3088,0.4,0.3,0.3,615.6357927786498,637.2222222222222,0.12312715855572996,327.3500881834215,417.78659611992947,0.021170786403163545,0.9999999999999999,1.0,0.9999999999999999,35,8,2.2443979006567587,1,2.2443979006567587,False,False,False,True,0,643,7,0.4,0.3,0.3,balanced
1781376876531.862,0.4,0.3,0.3,616.6106750392464,638.4444444444445,0.12332213500784929,348.6103197214308,446.79012345679007,0.022589080701896653,0.9999999999999999,1.0,0.9999999999999999,34,8,2.2438944217862913,1,2.2438944217862913,False,False,False,True,0,644,7,0.4,0.3,0.3,balanced
1781376882827.861,0.4,0.3,0.3,611.9890109890109,634.0,0.12239780219780218,397.2008547008547,520.2310857866413,0.025830610720537335,0.9999999999999999,1.0,0.9999999999999999,35,8,2.243291695904718,0,2.243291695904718,False,False,False,True,0,645,7,0.4,0.3,0.3,balanced
1781376885551.699,0.4,0.3,0.3,617.9073783359498,640.5555555555555,0.12358147566718997,350.47325102880654,439.9588477366255,0.02271335897457015,0.9999999999999999,1.0,0.9999999999999999,34,8,2.243753402040753,1,2.243753402040753,False,False,False,True,0,646,7,0.4,0.3,0.3,balanced
1781376888271.3262,0.4,0.3,0.3,625.2197802197802,649.0,0.12504395604395604,323.3966445077556,410.1661918328585,0.020907047665627457,0.9999999999999999,1.0,0.9999999999999999,32,8,2.2437103032827292,1,2.2437103032827292,False,False,False,True,0,647,7,0.4,0.3,0.3,balanced
1781376891095.99,0.4,0.3,0.3,630.193092621664,656.7777777777778,0.12603861852433282,298.82936507936506,404.2063492063492,0.01926813642957739,0.9999999999999999,1.0,0.9999999999999999,29,8,2.243804111661394,1,2.243804111661394,False,False,False,True,0,648,7,0.4,0.3,0.3,balanced
1781376893921.198,0.4,0.3,0.3,624.6326530612245,648.8888888888889,0.12492653061224489,306.0987958401751,399.89874110563767,0.019753088448310547,0.9999999999999999,1.0,0.9999999999999999,32,8,2.2441034612206088,0,2.2441034612206088,False,False,False,True,0,649,7,0.4,0.3,0.3,balanced
1781376896740.292,0.4,0.3,0.3,629.7080062794347,656.3333333333334,0.12594160125588694,267.66557197591675,323.26765188834156,0.01718916424122193,0.9999999999999999,1.0,0.9999999999999999,29,8,2.2444666102252784,1,2.2444666102252784,False,False,False,True,0,650,7,0.4,0.3,0.3,balanced
1781376899561.0818,0.4,0.3,0.3,633.1899529042386,660.5555555555555,0.1266379905808477,256.3793356848912,330.19400352733686,0.016436246543354984,0.9999999999999999,1.0,0.9999999999999999,28,8,2.2444139298046544,1,2.2444139298046544,False,False,False,True,0,651,7,0.4,0.3,0.3,balanced
1781376902386.436,0.4,0.3,0.3,640.9089481946625,670.2222222222222,0.12818178963893248,234.3812463256908,302.98206937095824,0.014968728907651154,0.9999999999999999,1.0,0.9999999999999999,26,8,2.2442366654721315,1,2.2442366654721315,False,False,False,True,0,652,7,0.4,0.3,0.3,balanced
1781376905208.923,0.4,0.3,0.3,645.5886970172684,676.0,0.12911773940345367,215.2722380500158,286.5875276986388,0.013693945166778906,0.9999999999999999,1.0,0.9999999999999999,25,8,2.244244720688585,1,2.244244720688585,False,False,False,True,0,653,7,0.4,0.3,0.3,balanced
1781376908130.589,0.4,0.3,0.3,654.8791208791208,688.2222222222222,0.13097582417582415,201.46384479717815,266.95620223398,0.012772771500812418,0.9999999999999999,1.0,0.9999999999999999,23,8,2.2437778388794265,1,2.2437778388794265,False,False,False,True,0,654,7,0.4,0.3,0.3,balanced
1781376910942.934,0.4,0.3,0.3,645.3924646781788,675.7777777777778,0.12907849293563578,228.68550174105727,293.0515986071542,0.01458875928892977,0.9999999999999999,1.0,0.9999999999999999,25,8,2.2439919750390667,0,2.2439919750390667,False,False,False,True,0,655,7,0.4,0.3,0.3,balanced
1781376917445.7751,0.4,0.3,0.3,655.4772370486656,689.0,0.13109544740973314,204.24382716049382,261.70487948265725,0.012958227295563297,0.9999999999999999,1.0,0.9999999999999999,23,8,2.243674352847438,1,2.243674352847438,False,False,False,True,0,656,7,0.4,0.3,0.3,balanced
1781376920369.2761,0.4,0.3,0.3,658.1255886970173,692.6666666666666,0.13162511773940347,194.2056143445032,254.54732510288068,0.012288566667411821,0.9999999999999999,1.0,0.9999999999999999,22,8,2.243663382904015,1,2.243663382904015,False,False,False,True,0,657,7,0.4,0.3,0.3,balanced
1781376923291.72,0.4,0.3,0.3,669.2700156985871,707.1111111111111,0.13385400313971743,179.53624564735674,257.86957898069005,0.011309956347388708,0.9999999999999999,1.0,0.9999999999999999,20,8,2.2430654118398965,1,2.2430654118398965,False,False,False,True,0,658,7,0.4,0.3,0.3,balanced
1781376927819.303,0.4,0.3,0.3,672.3657770800627,714.1111111111111,0.13447315541601254,942.5426411270731,991.1084500176793,0.06221098339740314,0.5737862586164764,0.5996564181228048,0.5737862586164764,19,8,2.099683320399317,1,2.099683320399317,False,False,False,True,0,659,7,0.4,0.3,0.3,balanced
1781376930837.6511,0.4,0.3,0.3,671.1538461538461,709.0,0.1342307692307692,191.72824302134646,261.5489874110564,0.012123298400356669,0.9999999999999999,1.0,0.9999999999999999,20,8,2.2426707027875854,0,2.2426707027875854,False,False,False,True,0,660,7,0.4,0.3,0.3,balanced
1781376933862.8071,0.4,0.3,0.3,676.5698587127158,716.3333333333334,0.13531397174254317,214.30555555555554,287.46031746031747,0.01362945667482025,0.9999999999999999,1.0,0.9999999999999999,19,8,2.2417855743005366,1,2.2417855743005366,False,False,False,True,0,661,7,0.4,0.3,0.3,balanced
1781376936883.993,0.4,0.3,0.3,689.1648351648352,733.8888888888889,0.13783296703296702,202.89648622981957,263.74010762899655,0.012868344645084694,0.9999999999999999,1.0,0.9999999999999999,17,8,2.2410063097932875,1,2.2410063097932875,False,False,False,True,0,662,7,0.4,0.3,0.3,balanced
1781376940207.397,0.4,0.3,0.3,613.8037676609105,689.6666666666666,0.12276075353218209,125.85909498207884,155.44690860215053,0.007729092393734412,0.836734693877551,0.8888888888888888,0.836734693877551,16,8,2.199597379032272,1,2.199597379032272,False,False,False,True,0,663,7,0.4,0.3,0.3,balanced
1781376943225.883,0.4,0.3,0.3,691.6452119309262,736.8888888888889,0.13832904238618524,143.99176954732508,187.119341563786,0.008938743799021018,0.9999999999999999,1.0,0.9999999999999999,17,8,2.2419867599058194,0,2.2419867599058194,False,False,False,True,0,664,7,0.4,0.3,0.3,balanced
1781376946252.123,0.4,0.3,0.3,692.2637362637362,736.2222222222222,0.13845274725274723,173.52801519468184,217.12883823994937,0.010909140439938748,0.9999999999999999,1.0,0.9999999999999999,17,8,2.2413461589669192,2,2.2413461589669192,False,False,False,True,0,665,7,0.4,0.3,0.3,balanced
1781376952953.896,0.4,0.3,0.3,702.2888540031396,750.2222222222222,0.1404577708006279,140.55041152263374,181.28306878306879,0.008709166879428534,0.9999999999999999,1.0,0.9999999999999999,16,8,2.24120414161592,1,2.24120414161592,False,False,False,True,0,666,7,0.4,0.3,0.3,balanced
1781376956282.968,0.4,0.3,0.3,726.7221350078493,779.8888888888889,0.14534442700156985,1380.9897419523857,1300.0473547312627,0.09146028965659678,0.9748822605965464,0.9804324028461959,0.9748822605965464,14,8,2.206888820481357,1,2.206888820481357,False,False,False,True,0,667,7,0.4,0.3,0.3,balanced
1781376959505.271,0.4,0.3,0.3,739.0957613814757,796.8888888888889,0.14781915227629513,102.85861258083482,137.64550264550263,0.006194703974705458,0.9999999999999999,1.0,0.9999999999999999,13,8,2.23901392789707,1,2.23901392789707,False,False,False,True,0,668,7,0.4,0.3,0.3,balanced
1781376962722.5461,0.4,0.3,0.3,727.1569858712716,781.3333333333334,0.14543139717425432,132.4162257495591,178.95061728395063,0.008166526067348839,0.9999999999999999,1.0,0.9999999999999999,14,8,2.2393774833100935,0,2.2393774833100935,False,False,False,True,0,669,7,0.4,0.3,0.3,balanced
1781376965943.013,0.4,0.3,0.3,739.1334379905809,796.5555555555555,0.14782668759811618,109.44444444444443,155.63786008230454,0.006634052331183751,0.9999999999999999,1.0,0.9999999999999999,13,8,2.2388791092613984,1,2.2388791092613984,False,False,False,True,0,670,7,0.4,0.3,0.3,balanced
1781376969358.396,0.4,0.3,0.3,774.9026687598116,843.7777777777778,0.15498053375196233,97.53968253968254,126.39623750734862,0.005839872084034859,0.9999999999999999,1.0,0.9999999999999999,11,8,2.2362558248740045,1,2.2362558248740045,False,False,False,True,0,671,7,0.4,0.3,0.3,balanced
1781376972571.51,0.4,0.3,0.3,740.0204081632652,798.5555555555555,0.14800408163265305,116.76321620766065,153.62139917695472,0.007122295944473693,0.9999999999999999,1.0,0.9999999999999999,13,8,2.2386616785635964,0,2.2386616785635964,False,False,False,True,0,672,7,0.4,0.3,0.3,balanced
1781376975991.041,0.4,0.3,0.3,636.1412872841444,717.3333333333334,0.12722825745682886,155.21027479091995,181.05973715651137,0.009687143081448963,0.8398744113029827,0.8888888888888888,0.8398744113029827,14,8,2.1981648774837286,0,2.1981648774837286,False,False,False,True,0,673,7,0.4,0.3,0.3,balanced
1781376979210.9639,0.4,0.3,0.3,737.5180533751962,795.5555555555555,0.14750361067503925,154.05349794238683,205.96707818930042,0.009609973178277973,0.9999999999999999,1.0,0.9999999999999999,13,8,2.2381155637765007,1,2.2381155637765007,False,False,False,True,0,674,7,0.4,0.3,0.3,balanced
1781376982633.2058,0.4,0.3,0.3,773.0627943485085,841.6666666666666,0.1546125588697017,160.53350970017635,211.71369782480895,0.01004226215478161,0.9942812289751065,0.9960317460317462,0.9942812289751065,11,8,2.2334266664982168,1,2.2334266664982168,False,False,False,True,0,675,7,0.4,0.3,0.3,balanced
1781376989734.8918,0.4,0.3,0.3,798.004709576138,873.1111111111111,0.1596009419152276,149.28718400940622,195.25867136978246,0.009292006938586138,0.9999999999999999,1.0,0.9999999999999999,10,8,2.233372021152333,1,2.233372021152333,False,False,False,True,0,676,7,0.4,0.3,0.3,balanced
1781376993147.897,0.4,0.3,0.3,774.5337519623233,843.1111111111111,0.15490675039246465,131.29335684891242,164.75014697236918,0.008091618202062204,0.9960192868356132,0.9960317460317459,0.9960192868356132,11,8,2.2344156004330795,0,2.2344156004330795,False,False,False,True,0,677,7,0.4,0.3,0.3,balanced
1781376996474.9128,0.4,0.3,0.3,740.2244897959182,797.7777777777778,0.14804489795918363,185.20114942528735,253.01176792556103,0.011687868540712966,0.9512661251791686,0.966183574879227,0.9512661251791686,13,8,2.2226555178078633,0,2.2226555178078633,False,False,False,True,0,678,7,0.4,0.3,0.3,balanced
1781376999696.412,0.4,0.3,0.3,724.2291993720564,777.3333333333334,0.1448458398744113,151.9312169312169,200.2336860670194,0.009468393391008465,0.9999999999999999,1.0,0.9999999999999999,14,8,2.239221146032933,0,2.239221146032933,False,False,False,True,0,679,7,0.4,0.3,0.3,balanced
1781377002913.815,0.4,0.3,0.3,738.5714285714286,797.0,0.14771428571428571,140.9468977524533,188.04651110206666,0.008735616928115631,0.9999999999999999,1.0,0.9999999999999999,13,8,2.238293600635851,1,2.238293600635851,False,False,False,True,0,680,7,0.4,0.3,0.3,balanced
1781377006338.694,0.4,0.3,0.3,776.0345368916797,844.5555555555555,0.15520690737833595,92.21266901822457,125.06907701352146,0.005484500935171752,0.9999999999999999,1.0,0.9999999999999999,11,8,2.236271886768114,1,2.236271886768114,False,False,False,True,0,681,7,0.4,0.3,0.3,balanced
1781377009564.076,0.4,0.3,0.3,739.9858712715854,798.0,0.14799717425431708,106.9753086419753,141.4814814814815,0.006469333465108426,0.9999999999999999,1.0,0.9999999999999999,13,8,2.2388603302587406,0,2.2388603302587406,False,False,False,True,0,682,7,0.4,0.3,0.3,balanced
1781377012987.209,0.4,0.3,0.3,773.7535321821035,842.4444444444445,0.1547507064364207,109.4532627865961,151.4344503233392,0.006634640612848306,0.9999999999999999,1.0,0.9999999999999999,11,8,2.236109325241577,1,2.236109325241577,False,False,False,True,0,683,7,0.4,0.3,0.3,balanced
1781377052220.349,0.4,0.3,0.3,738.0800627943485,795.1111111111111,0.1476160125588697,167.9423868312757,213.82716049382714,0.010536516799951682,0.9999999999999999,1.0,0.9999999999999999,13,8,2.2377926399364667,0,2.2377926399364667,False,False,False,True,1,684,7,0.4,0.3,0.3,balanced
1781377055448.595,0.4,0.3,0.3,722.49136577708,776.5555555555555,0.144498273155416,139.34597295708406,187.40152851263963,0.008628817408744768,0.9999999999999999,1.0,0.9999999999999999,14,8,2.23961204551521,0,2.23961204551521,False,False,False,True,0,685,7,0.4,0.3,0.3,balanced
1781377062054.472,0.4,0.3,0.3,702.789638932496,750.7777777777778,0.1405579277864992,188.82716049382717,242.46913580246917,0.011929763875505482,0.9999999999999999,1.0,0.9999999999999999,16,8,2.2401978997227485,0,2.2401978997227485,False,False,False,True,0,686,7,0.4,0.3,0.3,balanced
1781377065167.825,0.4,0.3,0.3,691.5949764521192,736.2222222222222,0.13831899529042385,215.4100529100529,271.6887125220459,0.013703138953305731,0.9999999999999999,1.0,0.9999999999999999,17,8,2.2405614601978385,0,2.2405614601978385,False,False,False,True,0,687,7,0.4,0.3,0.3,balanced
1781377068287.055,0.4,0.3,0.3,586.8697017268446,626.6666666666666,0.11737394034536892,179.85603345280765,261.3082437275986,0.011331289756691638,0.8833746898263027,0.8853046594982079,0.8833746898263027,19,8,2.2146634438827357,0,2.2146634438827357,False,False,False,True,0,688,7,0.4,0.3,0.3,balanced
1781377071312.871,0.4,0.3,0.3,671.822605965463,711.1111111111111,0.1343645211930926,172.45443856554968,234.9882422104644,0.010837520918315522,0.9942812289751065,0.9960317460317462,0.9942812289751065,20,8,2.2412873039398002,0,2.2412873039398002,False,False,False,True,0,689,7,0.4,0.3,0.3,balanced
1781377074236.271,0.4,0.3,0.3,659.5698587127157,694.3333333333334,0.13191397174254313,205.49309229864787,284.42533803644915,0.013041567198041885,0.9999999999999999,1.0,0.9999999999999999,22,8,2.24332194114357,0,2.24332194114357,False,False,False,True,0,690,7,0.4,0.3,0.3,balanced
1781377077848.416,0.4,0.3,0.3,390.55259026687594,482.3333333333333,0.07811051805337518,127.07317073170731,144.52574525745257,0.007810084771961795,0.5604395604395604,0.6666666666666666,0.5604395604395604,23,8,2.1345446354789295,0,2.1345446354789295,False,False,False,True,0,691,7,0.4,0.3,0.3,balanced
1781377080770.934,0.4,0.3,0.3,661.359497645212,696.4444444444445,0.1322718995290424,207.7226631393298,276.3800705467372,0.01319030441223014,0.9999999999999999,1.0,0.9999999999999999,22,8,2.243134148864714,1,2.243134148864714,False,False,False,True,0,692,7,0.4,0.3,0.3,balanced
1781377083595.799,0.4,0.3,0.3,652.978021978022,685.5555555555555,0.1305956043956044,223.90155112377332,300.4368471035138,0.014269616485908828,0.9999999999999999,1.0,0.9999999999999999,23,8,2.2434808732959857,0,2.2434808732959857,False,False,False,True,0,693,7,0.4,0.3,0.3,balanced
1781377086615.487,0.4,0.3,0.3,646.7519623233908,675.8888888888889,0.12935039246467817,274.00063856960406,390.20561941251594,0.01761178376048059,0.8932496075353218,0.9259259259259258,0.8932496075353218,25,8,2.2109511901465813,0,2.2109511901465813,False,False,False,True,0,694,7,0.4,0.3,0.3,balanced
1781377089540.4612,0.4,0.3,0.3,655.2386185243328,688.1111111111111,0.13104772370486656,219.0079365079365,287.30158730158723,0.013943157872444063,0.9999999999999999,1.0,0.9999999999999999,23,8,2.24339796315632,1,2.24339796315632,False,False,False,True,0,695,7,0.4,0.3,0.3,balanced
1781377096043.718,0.4,0.3,0.3,643.7080062794348,673.5555555555555,0.12874160125588696,218.86904761904762,285.79365079365084,0.013933892436227327,0.9999999999999999,1.0,0.9999999999999999,25,8,2.2443231917667767,0,2.2443231917667767,False,False,False,True,0,696,7,0.4,0.3,0.3,balanced
1781377098865.0752,0.4,0.3,0.3,638.7817896389324,667.8888888888889,0.12775635792778647,249.96817482928594,319.00951928729705,0.016008550689078447,0.9903005158107199,0.9920634920634921,0.9903005158107199,26,8,2.241185046365378,0,2.241185046365378,False,False,False,True,0,697,7,0.4,0.3,0.3,balanced
1781377101689.6912,0.4,0.3,0.3,633.2417582417582,660.3333333333334,0.12664835164835164,262.37654320987656,348.9197530864197,0.016836327098724253,0.9999999999999999,1.0,0.9999999999999999,28,8,2.244289761211042,0,2.244289761211042,False,False,False,True,0,698,7,0.4,0.3,0.3,balanced
1781377104505.757,0.4,0.3,0.3,640.2841444270015,668.8888888888889,0.1280568288854003,304.65371048704384,374.8453398453399,0.01965668515590686,0.9999999999999999,1.0,0.9999999999999999,26,8,2.242880262899068,1,2.242880262899068,False,False,False,True,0,699,7,0.4,0.3,0.3,balanced
1781377107332.896,0.4,0.3,0.3,632.8854003139717,659.7777777777778,0.12657708006279433,254.3062904174015,327.07378012933566,0.016297951328712576,0.9999999999999999,1.0,0.9999999999999999,28,8,2.2444797825762683,0,2.2444797825762683,False,False,False,True,0,700,7,0.4,0.3,0.3,balanced
1781377110157.5798,0.4,0.3,0.3,629.8634222919936,656.1111111111111,0.12597268445839874,280.6378600823045,355.4394473838918,0.018054560379073013,0.9999999999999999,1.0,0.9999999999999999,29,8,2.2441945581029183,0,2.2441945581029183,False,False,False,True,0,701,7,0.4,0.3,0.3,balanced
1781377112982.327,0.4,0.3,0.3,623.2087912087911,646.8888888888889,0.12464175824175823,274.81185002736726,350.3872468527641,0.01766590060222597,0.9999999999999999,1.0,0.9999999999999999,32,8,2.244843526522629,0,2.244843526522629,False,False,False,True,0,702,7,0.4,0.3,0.3,balanced
1781377115702.835,0.4,0.3,0.3,619.002985074627,638.1111111111111,0.12380059701492539,317.5850511144629,389.59164292497627,0.020519349640724674,1.0,1.0,1.0,34,8,2.2443239563018125,0,2.2443239563018125,False,False,False,True,0,703,7,0.4,0.3,0.3,balanced
1781377118416.569,0.4,0.3,0.3,615.4536891679747,637.0,0.12309073783359495,328.15476190476187,431.58730158730157,0.02122446710505416,0.9999999999999999,1.0,0.9999999999999999,35,8,2.244396364735046,0,2.244396364735046,False,False,False,True,0,704,7,0.4,0.3,0.3,balanced
1781377121130.134,0.4,0.3,0.3,618.585557299843,641.6666666666666,0.1237171114599686,343.3127572016461,447.86008230452677,0.022235674262951706,0.9999999999999999,1.0,0.9999999999999999,34,8,2.243842453137127,1,2.243842453137127,False,False,False,True,0,705,7,0.4,0.3,0.3,balanced
1781377123849.5332,0.4,0.3,0.3,617.1240188383046,639.5555555555555,0.1234248037676609,338.1158142269253,437.5631981187537,0.02188898026864078,0.9999999999999999,1.0,0.9999999999999999,35,8,2.2440633844123434,0,2.2440633844123434,False,False,False,True,0,706,7,0.4,0.3,0.3,balanced
1781377126574.625,0.4,0.3,0.3,613.2056514913658,633.4444444444445,0.12264113029827316,355.2910052910052,460.15138154027045,0.023034756857305216,0.9999999999999999,1.0,0.9999999999999999,37,8,2.244033120823499,0,2.244033120823499,False,False,False,True,0,707,7,0.4,0.3,0.3,balanced
1781377133076.0159,0.4,0.3,0.3,523.7378335949763,570.7777777777778,0.10474756671899527,345.6401209677419,428.4845430107527,0.022390935354752627,0.8398744113029827,0.8888888888888888,0.8398744113029827,38,8,2.2033460160968708,0,2.2033460160968708,False,False,False,True,0,708,7,0.4,0.3,0.3,balanced
1781377135800.055,0.4,0.3,0.3,608.3343799058084,628.0,0.12166687598116169,390.297619047619,510.3571428571429,0.02537008799517138,0.9999999999999999,1.0,0.9999999999999999,40,8,2.2437222232089837,0,2.2437222232089837,False,False,False,True,0,709,7,0.4,0.3,0.3,balanced
1781377139222.686,0.4,0.3,0.3,406.3218210361067,417.22222222222223,0.08126436420722134,248.9159891598916,329.48057813911475,0.015938358182781293,0.6703296703296703,0.6666666666666666,0.6703296703296703,41,8,2.163811647961178,0,2.163811647961178,False,False,False,True,0,710,7,0.4,0.3,0.3,balanced
1781377141835.19,0.4,0.3,0.3,603.2197802197802,621.5555555555555,0.12064395604395604,421.56378600823047,563.4567901234568,0.027455889660322245,0.9999999999999999,1.0,0.9999999999999999,43,8,2.243505650684321,0,2.243505650684321,False,False,False,True,0,711,7,0.4,0.3,0.3,balanced
1781377144454.854,0.4,0.3,0.3,600.5117739403453,617.6666666666666,0.12010235478806905,485.6995884773662,622.5102880658436,0.03173446220662883,0.9999999999999999,1.0,0.9999999999999999,44,8,2.2424387194227835,0,2.2424387194227835,False,False,False,True,0,712,7,0.4,0.3,0.3,balanced
1781377147271.8,0.4,0.3,0.3,600.3720565149137,617.4444444444445,0.12007441130298273,479.3621399176954,628.2716049382717,0.03131168378370216,0.9999999999999999,1.0,0.9999999999999999,46,8,2.2425767303436963,0,2.2425767303436963,False,False,False,True,0,713,7,0.4,0.3,0.3,balanced
1781377149889.054,0.4,0.3,0.3,598.8995290423861,615.0,0.11977990580847722,531.2345679012345,672.4279835390947,0.0347721526285013,0.9999999999999999,1.0,0.9999999999999999,47,8,2.2416563918880588,0,2.2416563918880588,False,False,False,True,0,714,7,0.4,0.3,0.3,balanced
1781377152512.495,0.4,0.3,0.3,594.8021978021978,610.4444444444445,0.11896043956043957,514.835390946502,663.0864197530864,0.03367814482631768,0.9999999999999999,1.0,0.9999999999999999,49,8,2.242312380727929,0,2.242312380727929,False,False,False,True,0,715,7,0.4,0.3,0.3,balanced
1781377155129.7861,0.4,0.3,0.3,594.6860282574568,610.2222222222222,0.11893720565149135,512.0950911228689,666.3433274544385,0.0334953362990573,0.9999999999999999,1.0,0.9999999999999999,50,8,2.2423765168496863,0,2.2423765168496863,False,False,False,True,0,716,7,0.4,0.3,0.3,balanced
1781377157745.566,0.4,0.3,0.3,594.839874411303,610.8888888888889,0.11896797488226059,510.5618866729978,672.2902817347262,0.03339305448118731,0.9999999999999999,1.0,0.9999999999999999,49,8,2.2423948937027394,1,2.2423948937027394,False,False,False,True,0,717,7,0.4,0.3,0.3,balanced
1781377160359.624,0.4,0.3,0.3,595.5792778649922,611.1111111111111,0.11911585557299843,537.3717948717948,692.9724596391263,0.035181574040813526,0.9999999999999999,1.0,0.9999999999999999,50,8,2.2417991855585564,0,2.2417991855585564,False,False,False,True,0,718,7,0.4,0.3,0.3,balanced
1781377162977.0999,0.4,0.3,0.3,594.0392464678179,610.5555555555555,0.11880784929356357,526.871693121693,681.3300999412111,0.034481100274962845,0.9999999999999999,1.0,0.9999999999999999,49,8,2.242132530200086,1,2.242132530200086,False,False,False,True,0,719,7,0.4,0.3,0.3,balanced
1781377169187.0078,0.4,0.3,0.3,595.4442700156985,611.4444444444445,0.1190888540031397,483.47736625514403,611.9389047166825,0.03158621522716104,0.9999999999999999,1.0,0.9999999999999999,50,8,2.2428885938305956,0,2.2428885938305956,False,False,False,True,0,720,7,0.4,0.3,0.3,balanced
1781377172608.7551,0.4,0.3,0.3,594.2056514913656,610.8888888888889,0.11884113029827313,488.2341269841269,653.8888888888889,0.03190354416171627,0.9999999999999999,1.0,0.9999999999999999,49,8,2.2428924846321756,1,2.2428924846321756,False,False,False,True,0,721,7,0.4,0.3,0.3,balanced
1781377175232.1082,0.4,0.3,0.3,594.2417582417582,610.4444444444445,0.11884835164835165,493.125367430923,638.2363315696649,0.03222984439165597,0.9999999999999999,1.0,0.9999999999999999,50,8,2.2427917060231626,0,2.2427917060231626,False,False,False,True,0,722,7,0.4,0.3,0.3,balanced
1781377177851.858,0.4,0.3,0.3,592.7315541601255,607.6666666666666,0.1185463108320251,489.56055261610817,627.8630217519107,0.03199203152875972,0.9999999999999999,1.0,0.9999999999999999,52,8,2.242983866208562,0,2.242983866208562,False,False,False,True,0,723,7,0.4,0.3,0.3,balanced
1781377180476.3179,0.4,0.3,0.3,589.7425431711146,605.1111111111111,0.11794850863422292,591.2970311581423,758.2980599647267,0.03877898806925566,0.9941690962099125,0.9960317460317462,0.9941690962099125,53,8,2.239437628988508,0,2.239437628988508,False,False,False,True,0,724,7,0.4,0.3,0.3,balanced
1781377184002.052,0.4,0.3,0.3,593.7362637362638,607.7777777777778,0.11874725274725277,1284.329725829726,1927.681898348565,0.08501198971512515,0.48633107393684794,0.6185019215865701,0.48633107393684794,55,8,2.0728968241676156,0,2.0728968241676156,False,False,False,True,0,725,7,0.4,0.3,0.3,balanced
1781377186623.1958,0.4,0.3,0.3,587.4819466248036,601.4444444444445,0.11749638932496073,533.450911228689,687.1575543797767,0.03492000742019273,0.9941690962099125,0.9960317460317462,0.9941690962099125,56,8,2.2407761709069316,0,2.2407761709069316,False,False,False,True,0,726,7,0.4,0.3,0.3,balanced
1781377189344.1948,0.4,0.3,0.3,587.0094191522762,601.0,0.11740188383045524,933.817301875378,974.8820326678766,0.06162890606240013,0.9813298945952006,0.9642857142857143,0.9813298945952006,58,8,2.228949543027658,0,2.228949543027658,False,False,False,True,0,727,7,0.4,0.3,0.3,balanced
1781377191968.983,0.4,0.3,0.3,584.2119309262166,597.3333333333334,0.11684238618524333,555.4027042915931,717.1942974720753,0.03638443657715764,0.9999999999999999,1.0,0.9999999999999999,59,8,2.2423477145527553,0,2.2423477145527553,False,False,False,True,0,728,7,0.4,0.3,0.3,balanced
1781377194594.004,0.4,0.3,0.3,583.7032967032967,596.5555555555555,0.11674065934065934,586.9608648056924,761.8979200875752,0.0384897174653564,0.9999999999999999,1.0,0.9999999999999999,61,8,2.241756821024129,0,2.241756821024129,False,False,False,True,0,729,7,0.4,0.3,0.3,balanced
1781377197216.0188,0.4,0.3,0.3,582.3265306122448,594.5555555555555,0.11646530612244896,682.5992063492064,853.2142857142858,0.044869860330167204,0.9999999999999999,1.0,0.9999999999999999,64,8,2.2399529194519703,0,2.2399529194519703,False,False,False,True,0,730,7,0.4,0.3,0.3,balanced
1781377199828.54,0.4,0.3,0.3,582.4427001569859,594.2222222222222,0.11648854003139718,580.840681951793,774.7383891828335,0.038081433085509875,0.9999999999999999,1.0,0.9999999999999999,65,8,2.241980154061788,0,2.241980154061788,False,False,False,True,0,731,7,0.4,0.3,0.3,balanced
1781377242052.326,0.4,0.3,0.3,578.1978021978022,589.7777777777778,0.11563956043956043,664.6656378600823,851.7813051146385,0.04367349151835105,0.9999999999999999,1.0,0.9999999999999999,67,8,2.2406421283686706,0,2.2406421283686706,False,False,False,True,1,732,7,0.4,0.3,0.3,balanced
1781377244674.376,0.4,0.3,0.3,581.1742543171114,592.5555555555555,0.11623485086342228,766.3095238095237,964.0079365079366,0.050454271101369165,0.9999999999999999,1.0,0.9999999999999999,68,8,2.2383697783242202,0,2.2383697783242202,False,False,False,True,0,733,7,0.4,0.3,0.3,balanced
1781377247297.637,0.4,0.3,0.3,581.3108320251176,593.0,0.11626216640502353,676.0365353037768,885.1464148877942,0.04443205705829065,0.9999999999999999,1.0,0.9999999999999999,67,8,2.2401655163205034,1,2.2401655163205034,False,False,False,True,0,734,7,0.4,0.3,0.3,balanced
1781377249924.3281,0.4,0.3,0.3,583.0784929356357,595.1111111111111,0.11661569858712714,730.4607583774251,911.3300999412111,0.04806275906453803,0.9999999999999999,1.0,0.9999999999999999,65,8,2.2389348928457875,1,2.2389348928457875,False,False,False,True,0,735,7,0.4,0.3,0.3,balanced
1781377252546.164,0.4,0.3,0.3,581.7613814756671,594.2222222222222,0.11635227629513342,624.5943562610229,780.5790711346266,0.041000290611142284,0.9999999999999999,1.0,0.9999999999999999,64,8,2.2411590022986037,1,2.2411590022986037,False,False,False,True,0,736,7,0.4,0.3,0.3,balanced
1781377255164.1792,0.4,0.3,0.3,584.7456828885399,597.6666666666666,0.11694913657770799,601.577748383304,767.1531452087007,0.03946482644318239,0.9999999999999999,1.0,0.9999999999999999,61,8,2.241380897435962,1,2.241380897435962,False,False,False,True,0,737,7,0.4,0.3,0.3,balanced
1781377257789.659,0.4,0.3,0.3,586.098901098901,599.2222222222222,0.1172197802197802,672.037037037037,844.6502057613169,0.04416524596644676,0.9999999999999999,1.0,0.9999999999999999,59,8,2.2398625141221538,1,2.2398625141221538,False,False,False,True,0,738,7,0.4,0.3,0.3,balanced
1781377260412.0432,0.4,0.3,0.3,586.2087912087911,599.6666666666666,0.11724175824175823,544.8691380635825,691.1492108714332,0.035681730357810706,0.9999999999999999,1.0,0.9999999999999999,58,8,2.2423987775959535,1,2.2423987775959535,False,False,False,True,0,739,7,0.4,0.3,0.3,balanced
1781377263034.751,0.4,0.3,0.3,584.8602825745683,597.7777777777778,0.11697205651491366,553.9991181657848,694.4900058788949,0.036290801745549356,0.9999999999999999,1.0,0.9999999999999999,59,8,2.2423239368703696,0,2.2423239368703696,False,False,False,True,0,740,7,0.4,0.3,0.3,balanced
1781377265653.0918,0.4,0.3,0.3,585.7629513343799,599.4444444444445,0.11715259026687597,644.9525166191833,781.2377334599556,0.0423584067124205,0.9999999999999999,1.0,0.9999999999999999,58,8,2.2404314418795233,1,2.2404314418795233,False,False,False,True,0,741,7,0.4,0.3,0.3,balanced
1781377268273.0251,0.4,0.3,0.3,587.6122448979592,601.5555555555555,0.11752244897959183,573.1621105232216,724.8339212228102,0.03756918682609884,0.9999999999999999,1.0,0.9999999999999999,56,8,2.2417202643603336,1,2.2417202643603336,False,False,False,True,0,742,7,0.4,0.3,0.3,balanced
1781377270894.4558,0.4,0.3,0.3,588.9623233908948,603.1111111111111,0.11779246467817896,573.0832541943654,732.7097182652738,0.037563926230444654,0.9940694226408512,0.9958847736625513,0.9940694226408512,55,8,2.2398346630518504,1,2.2398346630518504,False,False,False,True,0,743,7,0.4,0.3,0.3,balanced
1781377277087.991,0.4,0.3,0.3,588.938775510204,602.4444444444445,0.1177877551020408,578.7323633156966,730.2307466196355,0.03794078474420925,0.9999999999999999,1.0,0.9999999999999999,56,8,2.241502662535921,0,2.241502662535921,False,False,False,True,0,744,7,0.4,0.3,0.3,balanced
1781377279710.746,0.4,0.3,0.3,589.6891679748823,603.5555555555555,0.11793783359497645,576.6901822457377,742.6793062904175,0.03780454851539277,0.9999999999999999,1.0,0.9999999999999999,55,8,2.2414835020073913,1,2.2414835020073913,False,False,False,True,0,745,7,0.4,0.3,0.3,balanced
1781377282335.354,0.4,0.3,0.3,594.2417582417582,609.2222222222222,0.11884835164835165,514.4396961063628,680.607787274454,0.03365174757213895,0.9999999999999999,1.0,0.9999999999999999,53,8,2.2423651350690177,1,2.2423651350690177,False,False,False,True,0,746,7,0.4,0.3,0.3,balanced
1781377284959.025,0.4,0.3,0.3,592.8037676609105,607.4444444444445,0.1185607535321821,519.4238683127571,682.0987654320987,0.033984247385774324,0.9999999999999999,1.0,0.9999999999999999,52,8,2.2423804243713947,1,2.2423804243713947,False,False,False,True,0,747,7,0.4,0.3,0.3,balanced
1781377287578.0588,0.4,0.3,0.3,594.4254317111458,609.6666666666666,0.11888508634222916,506.8930041152263,658.1893004115227,0.033148299140442046,0.9999999999999999,1.0,0.9999999999999999,50,8,2.242501475720976,1,2.242501475720976,False,False,False,True,0,748,7,0.4,0.3,0.3,balanced
1781377290191.3591,0.4,0.3,0.3,596.3186813186812,613.6666666666666,0.11926373626373625,558.7108262108261,693.448876226654,0.03660512516416452,0.9940694226408512,0.9958847736625513,0.9940694226408512,49,8,2.2395337947375116,1,2.2395337947375116,False,False,False,True,0,749,7,0.4,0.3,0.3,balanced
1781377292916.189,0.4,0.3,0.3,597.4615384615386,614.0,0.11949230769230772,477.23864258347015,620.9989053092501,0.0311700228541341,0.9999999999999999,1.0,0.9999999999999999,47,8,2.242852070066837,1,2.242852070066837,False,False,False,True,0,750,7,0.4,0.3,0.3,balanced
1781377295737.312,0.4,0.3,0.3,510.8414442700157,553.5555555555555,0.10216828885400314,552.1810035842293,755.0931899641578,0.03616951324778048,0.8730038434471931,0.9118773946360155,0.8730038434471931,46,8,2.2101829835182225,1,2.2101829835182225,False,False,False,True,0,751,7,0.4,0.3,0.3,balanced
1781377298460.815,0.4,0.3,0.3,601.0784929356357,618.4444444444445,0.12021569858712715,407.2383891828336,528.4273956496178,0.026500226096253077,0.9999999999999999,1.0,0.9999999999999999,44,8,2.243963652736273,1,2.243963652736273,False,False,False,True,0,752,7,0.4,0.3,0.3,balanced
1781377301174.953,0.4,0.3,0.3,602.1350078492934,620.2222222222222,0.12042700156985868,436.28874495732725,566.7988911188145,0.02843820846946813,0.9829287531609839,0.9882320744389711,0.9829287531609839,43,8,2.2381763627795115,1,2.2381763627795115,False,False,False,True,0,753,7,0.4,0.3,0.3,balanced
1781377303795.2322,0.4,0.3,0.3,602.1773940345369,619.6666666666666,0.12043547880690737,529.6090534979425,658.1481481481483,0.03466371270833506,0.9999999999999999,1.0,0.9999999999999999,44,8,2.2414266946647365,0,2.2414266946647365,False,False,False,True,0,754,7,0.4,0.3,0.3,balanced
1781377306412.394,0.4,0.3,0.3,602.6138147566719,620.4444444444445,0.12052276295133438,531.3960113960113,675.8325419436529,0.034782922708206224,0.9999999999999999,1.0,0.9999999999999999,43,8,2.2413560180070045,1,2.2413560180070045,False,False,False,True,0,755,7,0.4,0.3,0.3,balanced
1781377312728.2778,0.4,0.3,0.3,605.6310832025117,624.4444444444445,0.12112621664050234,455.7297178130511,578.6067019400352,0.029735137946167518,0.9958510876878223,0.9960317460317462,0.9958510876878223,41,8,2.2413842982662953,1,2.2413842982662953,False,False,False,True,0,756,7,0.4,0.3,0.3,balanced
1781377315447.8828,0.4,0.3,0.3,607.1397174254317,626.5555555555555,0.12142794348508634,433.070252792475,560.2189888301,0.028223499185622083,0.9999999999999999,1.0,0.9999999999999999,40,8,2.2429617728502786,1,2.2429617728502786,False,False,False,True,0,757,7,0.4,0.3,0.3,balanced
1781377318172.6912,0.4,0.3,0.3,603.7362637362636,622.4444444444445,0.12074725274725272,419.69964422550623,544.7988505747126,0.027331530635457388,0.9999999999999999,1.0,0.9999999999999999,41,8,2.2435016397104617,0,2.2435016397104617,False,False,False,True,0,758,7,0.4,0.3,0.3,balanced
1781377320897.5989,0.4,0.3,0.3,606.3139717425431,625.4444444444445,0.12126279434850862,499.1115520282187,640.1675485008818,0.03262918959494454,0.9999999999999999,1.0,0.9999999999999999,40,8,2.2417061253821133,1,2.2417061253821133,False,False,False,True,0,759,7,0.4,0.3,0.3,balanced
1781377323624.035,0.4,0.3,0.3,609.4442700156986,629.6666666666666,0.12188885400313973,383.06069958847735,487.7498530276308,0.02488730484246013,0.9999999999999999,1.0,0.9999999999999999,38,8,2.243778266946006,1,2.243778266946006,False,False,False,True,0,760,7,0.4,0.3,0.3,balanced
1781377326347.7932,0.4,0.3,0.3,611.4631083202512,632.6666666666666,0.12229262166405024,382.1031746031745,479.56202233980014,0.02482342725838389,0.9999999999999999,1.0,0.9999999999999999,37,8,2.2436359231568646,1,2.2436359231568646,False,False,False,True,0,761,7,0.4,0.3,0.3,balanced
1781377331970.264,0.4,0.3,0.3,616.193092621664,641.3333333333334,0.12323861852433281,2689.37904972449,2725.28560143043,0.17874443293692394,0.39353370794478454,0.3850594129805858,0.39353370794478454,35,8,2.015141335092625,1,2.015141335092625,False,False,False,True,0,762,7,0.4,0.3,0.3,balanced
1781377334681.6968,0.4,0.3,0.3,618.1915227629513,640.4444444444445,0.12363830455259026,368.40060145615695,472.8094333649889,0.023909312972392058,0.9940694226408512,0.9958847736625513,0.9940694226408512,34,8,2.2415927110795018,1,2.2415927110795018,False,False,False,True,0,763,7,0.4,0.3,0.3,balanced
1781377337403.193,0.4,0.3,0.3,621.5400313971742,645.5555555555555,0.12430800627943484,336.7283950617284,434.40329218107,0.021796423953417507,0.9999999999999999,1.0,0.9999999999999999,32,8,2.243737870302201,1,2.243737870302201,False,False,False,True,0,764,7,0.4,0.3,0.3,balanced
1781377340223.345,0.4,0.3,0.3,628.8806907378336,655.2222222222222,0.12577613814756672,283.4354791299236,371.2948265726043,0.01824119273715301,0.9999999999999999,1.0,0.9999999999999999,29,8,2.2442171869198275,1,2.2442171869198275,False,False,False,True,0,765,7,0.4,0.3,0.3,balanced
1781377343044.6191,0.4,0.3,0.3,621.9984301412874,645.8888888888889,0.12439968602825748,365.9035759897829,485.67526201625816,0.023742733555022207,0.9903005158107199,0.9920634920634921,0.9903005158107199,32,8,2.240207460265406,0,2.240207460265406,False,False,False,True,0,766,7,0.4,0.3,0.3,balanced
1781377349844.113,0.4,0.3,0.3,459.8744113029827,518.1111111111111,0.09197488226059654,182.00573192239858,217.81657848324517,0.011474698593889165,0.7205651491365777,0.7777777777777778,0.7205651491365777,29,8,2.175937182258568,1,2.175937182258568,False,False,False,True,0,767,7,0.4,0.3,0.3,balanced
1781377352662.6738,0.4,0.3,0.3,633.9324960753534,661.0,0.12678649921507068,270.45340975896534,350.09700176366846,0.017375144079984344,0.9999999999999999,1.0,0.9999999999999999,28,8,2.2440728570899764,1,2.2440728570899764,False,False,False,True,0,768,7,0.4,0.3,0.3,balanced
1781377355485.891,0.4,0.3,0.3,640.0722135007848,668.8888888888889,0.12801444270015694,216.81940487496044,281.5558721114277,0.013797158430617774,0.9999999999999999,1.0,0.9999999999999999,26,8,2.2446550753907517,1,2.2446550753907517,False,False,False,True,0,769,7,0.4,0.3,0.3,balanced
1781377358309.667,0.4,0.3,0.3,635.7268445839874,662.6666666666666,0.12714536891679748,254.03953556731332,318.38183421516754,0.016280155808359793,0.9999999999999999,1.0,0.9999999999999999,28,8,2.244257805690773,0,2.244257805690773,False,False,False,True,0,770,7,0.4,0.3,0.3,balanced
1781377361133.772,0.4,0.3,0.3,641.7770800627943,670.7777777777778,0.12835541601255887,380.55555555555554,412.05761316872423,0.02472018382625454,0.9901883830455259,0.9920634920634921,0.9901883830455259,26,8,2.238298293360758,1,2.238298293360758,False,False,False,True,0,771,7,0.4,0.3,0.3,balanced
1781377363949.7012,0.4,0.3,0.3,644.1177394034537,674.5555555555555,0.12882354788069075,230.98765432098764,318.06584362139915,0.014742338513741671,0.9999999999999999,1.0,0.9999999999999999,25,8,2.244047879293601,1,2.244047879293601,False,False,False,True,0,772,7,0.4,0.3,0.3,balanced
1781377366761.3489,0.4,0.3,0.3,641.098901098901,669.8888888888889,0.1282197802197802,255.027189888301,349.156378600823,0.016346043354789928,0.9999999999999999,1.0,0.9999999999999999,26,8,2.2438082749056507,0,2.2438082749056507,False,False,False,True,0,773,7,0.4,0.3,0.3,balanced
1781377369577.043,0.4,0.3,0.3,646.3076923076923,676.3333333333334,0.12926153846153846,227.5925925925926,305.8024691358025,0.014515850072888099,0.9999999999999999,1.0,0.9999999999999999,25,8,2.243940629593518,1,2.243940629593518,False,False,False,True,0,774,7,0.4,0.3,0.3,balanced
1781377372794.8289,0.4,0.3,0.3,570.938775510204,603.7777777777778,0.1141877551020408,226.82828282828282,336.9348102877514,0.014464862096616599,0.7796964939822083,0.8148148148148148,0.7796964939822083,23,8,2.183894387524861,1,2.183894387524861,False,False,False,True,0,775,7,0.4,0.3,0.3,balanced
1781377375717.0342,0.4,0.3,0.3,658.8351648351648,693.0,0.13176703296703296,223.82099895988787,287.306900918012,0.014264242759165302,0.9942812289751065,0.9960317460317462,0.9942812289751065,22,8,2.241298282677969,1,2.241298282677969,False,False,False,True,0,776,7,0.4,0.3,0.3,balanced
1781377378639.842,0.4,0.3,0.3,671.4034536891679,709.4444444444445,0.13428069073783358,194.52601410934744,260.4512051734274,0.01230994090122398,0.9999999999999999,1.0,0.9999999999999999,20,8,2.242594741434499,1,2.242594741434499,False,False,False,True,0,777,7,0.4,0.3,0.3,balanced
1781377385240.635,0.4,0.3,0.3,677.5714285714286,716.3333333333334,0.1355142857142857,271.4047055603851,304.3085740043143,0.017438606108097738,0.977180982283023,0.9563492063492064,0.977180982283023,19,8,2.2337169985667633,1,2.2337169985667633,False,False,False,True,0,778,7,0.4,0.3,0.3,balanced
1781377388259.667,0.4,0.3,0.3,690.138147566719,734.6666666666666,0.1380276295133438,160.53023108578662,211.3327002215891,0.010042043434675558,0.9999999999999999,1.0,0.9999999999999999,17,8,2.2417763351642597,1,2.2417763351642597,False,False,False,True,0,779,7,0.4,0.3,0.3,balanced
1781377391276.0378,0.4,0.3,0.3,704.1051805337519,750.3333333333334,0.14082103610675037,169.5599873377651,220.72491294713512,0.010644428775034364,0.9999999999999999,1.0,0.9999999999999999,16,8,2.2404782569247894,1,2.2404782569247894,False,False,False,True,0,780,7,0.4,0.3,0.3,balanced
1781377394297.441,0.4,0.3,0.3,692.4364207221349,736.4444444444445,0.138487284144427,184.7773368606702,234.35185185185185,0.011659595521058719,0.9999999999999999,1.0,0.9999999999999999,17,8,2.2411072076859115,0,2.2411072076859115,False,False,False,True,0,781,7,0.4,0.3,0.3,balanced
1781377397311.0261,0.4,0.3,0.3,701.960753532182,749.2222222222222,0.1403921507064364,154.89078822412154,219.46185501741058,0.009665829768120183,0.9999999999999999,1.0,0.9999999999999999,16,8,2.240943390786989,1,2.240943390786989,False,False,False,True,0,782,7,0.4,0.3,0.3,balanced
1781377400528.234,0.4,0.3,0.3,724.6106750392464,778.2222222222222,0.14492213500784928,142.48015873015873,199.12698412698413,0.00883790251702193,0.9999999999999999,1.0,0.9999999999999999,14,8,2.2393797752417535,1,2.2393797752417535,False,False,False,True,0,783,7,0.4,0.3,0.3,balanced
1781377403551.2422,0.4,0.3,0.3,702.2967032967032,749.8888888888889,0.14045934065934063,148.1212408990187,196.9974675530231,0.009214225543630333,0.9999999999999999,1.0,0.9999999999999999,16,8,2.2410519960731747,0,2.2410519960731747,False,False,False,True,0,784,7,0.4,0.3,0.3,balanced
1781377406773.01,0.4,0.3,0.3,724.1726844583986,778.5555555555555,0.14483453689167972,138.8232074438971,192.01970443349754,0.008593943125009813,0.9999999999999999,1.0,0.9999999999999999,14,8,2.239488002305825,1,2.239488002305825,False,False,False,True,0,785,7,0.4,0.3,0.3,balanced
1781377409997.937,0.4,0.3,0.3,738.9748822605966,797.0,0.1477949764521193,122.418430335097,162.02087007642564,0.007499561730159907,0.9999999999999999,1.0,0.9999999999999999,13,8,2.2386321409001044,1,2.2386321409001044,False,False,False,True,0,786,7,0.4,0.3,0.3,balanced
1781377413124.622,0.4,0.3,0.3,726.2433281004709,780.1111111111111,0.14524866562009417,137.20006331117443,188.57233301677746,0.00848566132829716,0.9999999999999999,1.0,0.9999999999999999,14,8,2.239354835353473,0,2.239354835353473,False,False,False,True,0,787,7,0.4,0.3,0.3,balanced
1781377419822.222,0.4,0.3,0.3,702.7864992150705,749.1111111111111,0.1405572998430141,157.4638904092927,208.08733199537798,0.009837484350186304,0.9942812289751065,0.9960317460317462,0.9942812289751065,16,8,2.2391102034502706,0,2.2391102034502706,False,False,False,True,0,788,7,0.4,0.3,0.3,balanced
1781377423046.514,0.4,0.3,0.3,724.6043956043956,778.7777777777778,0.14492087912087911,127.74470899470899,175.33068783068785,0.007854883855550967,0.9999999999999999,1.0,0.9999999999999999,14,8,2.239675183194983,1,2.239675183194983,False,False,False,True,0,789,7,0.4,0.3,0.3,balanced
1781377426167.763,0.4,0.3,0.3,702.5525902668759,749.6666666666666,0.14051051805337517,153.9094650205761,204.5032333921223,0.009600364577756912,0.9999999999999999,1.0,0.9999999999999999,16,8,2.2409156834053228,0,2.2409156834053228,False,False,False,True,0,790,7,0.4,0.3,0.3,balanced
1781377429395.155,0.4,0.3,0.3,731.955223880597,777.2222222222222,0.14639104477611942,137.4766573295985,172.67636684303352,0.008504113230793763,1.0,1.0,1.0,14,8,2.2388923481203142,1,2.2388923481203142,False,False,False,True,0,791,7,0.4,0.3,0.3,balanced
1781377432617.373,0.4,0.3,0.3,724.1648351648352,777.7777777777778,0.14483296703296702,120.93253968253968,161.54761904761907,0.007400436269682434,0.9999999999999999,1.0,0.9999999999999999,14,8,2.239846682305908,2,2.239846682305908,False,False,False,True,0,792,7,0.4,0.3,0.3,balanced
1781377435839.084,0.4,0.3,0.3,739.4662480376765,797.5555555555555,0.14789324960753528,126.44666033554923,175.74707185818295,0.007768289548735772,0.9999999999999999,1.0,0.9999999999999999,13,8,2.238512213292365,1,2.238512213292365,False,False,False,True,0,793,7,0.4,0.3,0.3,balanced
1781377439259.1602,0.4,0.3,0.3,774.6954474097331,842.5555555555555,0.15493908948194662,121.40064667842445,157.6278659611993,0.0074316642213758805,0.9999999999999999,1.0,0.9999999999999999,11,8,2.2357948649408086,1,2.2357948649408086,False,False,False,True,0,794,7,0.4,0.3,0.3,balanced
1781377442678.8481,0.4,0.3,0.3,796.8602825745681,871.6666666666666,0.15937205651491362,115.67268122823678,154.7958214624881,0.00704954511195709,0.9999999999999999,1.0,0.9999999999999999,10,8,2.2341363138604473,1,2.2341363138604473,False,False,False,True,0,795,7,0.4,0.3,0.3,balanced
1781377446099.2898,0.4,0.3,0.3,773.690737833595,842.1111111111111,0.154738147566719,214.973544973545,264.56349206349205,0.013674019010910273,0.9999999999999999,1.0,0.9999999999999999,11,8,2.2340025352700392,0,2.2340025352700392,False,False,False,True,0,796,7,0.4,0.3,0.3,balanced
1781377449320.513,0.4,0.3,0.3,737.2982731554159,795.2222222222222,0.14745965463108318,164.46027223804998,214.47610003165556,0.010304220963178784,0.9999999999999999,1.0,0.9999999999999999,13,8,2.237924871858613,0,2.237924871858613,False,False,False,True,0,797,7,0.4,0.3,0.3,balanced
1781377456125.663,0.4,0.3,0.3,723.1632653061224,776.7777777777778,0.14463265306122447,145.43062904174013,202.47648442092884,0.009034731757287534,0.9999999999999999,1.0,0.9999999999999999,14,8,2.239436519248324,0,2.239436519248324,False,False,False,True,0,798,7,0.4,0.3,0.3,balanced
1781377459239.6208,0.4,0.3,0.3,701.1773940345369,748.2222222222222,0.14023547880690737,187.91005291005288,226.23015873015873,0.011868582582391787,0.9999999999999999,1.0,0.9999999999999999,16,8,2.2403452337025196,0,2.2403452337025196,False,False,False,True,0,799,7,0.4,0.3,0.3,balanced
1781377462260.5,0.4,0.3,0.3,692.0565149136577,735.8888888888889,0.13841130298273155,173.3127572016461,228.80658436213994,0.010894780333665517,0.9999999999999999,1.0,0.9999999999999999,17,8,2.2413670447068075,0,2.2413670447068075,False,False,False,True,0,800,7,0.4,0.3,0.3,balanced
1781377465285.1208,0.4,0.3,0.3,676.0596546310832,715.8888888888889,0.13521193092621664,191.01116990005877,242.2530864197531,0.01207546163442687,0.9999999999999999,1.0,0.9999999999999999,19,8,2.2422925891391854,0,2.2422925891391854,False,False,False,True,0,801,7,0.4,0.3,0.3,balanced
1781377468199.085,0.4,0.3,0.3,668.7833594976453,706.5555555555555,0.13375667189952906,202.1810699588477,257.90123456790127,0.012820618409529532,0.9999999999999999,1.0,0.9999999999999999,20,8,2.2426511457173293,0,2.2426511457173293,False,False,False,True,0,802,7,0.4,0.3,0.3,balanced
1781377471216.168,0.4,0.3,0.3,675.4772370486655,714.8888888888889,0.13509544740973312,208.53982951205168,263.51998824221045,0.013244818513145542,0.9999999999999999,1.0,0.9999999999999999,19,8,2.241988375482163,1,2.241988375482163,False,False,False,True,0,803,7,0.4,0.3,0.3,balanced
1781377474138.9429,0.4,0.3,0.3,669.5070643642072,707.0,0.13390141287284144,199.3415637860082,263.1687242798353,0.012631191713542909,0.9999999999999999,1.0,0.9999999999999999,20,8,2.2426500773368003,0,2.2426500773368003,False,False,False,True,0,804,7,0.4,0.3,0.3,balanced
1781377477057.832,0.4,0.3,0.3,658.4866562009419,693.1111111111111,0.13169733124018837,241.87095825984713,303.367136978248,0.015468376134746307,0.9999999999999999,1.0,0.9999999999999999,22,8,2.242680554663501,0,2.242680554663501,False,False,False,True,0,805,7,0.4,0.3,0.3,balanced
1781377479981.2961,0.4,0.3,0.3,650.8226059654631,683.7777777777778,0.13016452119309263,239.81407995296883,322.21046443268665,0.015331159436488915,0.9999999999999999,1.0,0.9999999999999999,23,8,2.2433348436918163,0,2.2433348436918163,False,False,False,True,0,806,7,0.4,0.3,0.3,balanced
1781377482806.046,0.4,0.3,0.3,643.585557299843,674.1111111111111,0.12871711145996861,325.6569664902998,396.1713697824809,0.021057836323569033,0.9999999999999999,1.0,0.9999999999999999,25,8,2.242195804518942,0,2.242195804518942,False,False,False,True,0,807,7,0.4,0.3,0.3,balanced
1781377485729.856,0.4,0.3,0.3,639.7959183673469,668.7777777777778,0.12795918367346937,271.95470717022437,339.7304324028462,0.017475297342910232,0.9999999999999999,1.0,0.9999999999999999,26,8,2.243573737327739,0,2.243573737327739,False,False,False,True,0,808,7,0.4,0.3,0.3,balanced
1781377492133.838,0.4,0.3,0.3,632.065934065934,659.7777777777778,0.1264131868131868,246.57627865961197,314.68694885361555,0.015782273426258302,0.9999999999999999,1.0,0.9999999999999999,28,8,2.244700043246848,0,2.244700043246848,False,False,False,True,0,809,7,0.4,0.3,0.3,balanced
1781377494957.757,0.4,0.3,0.3,629.3547880690737,655.8888888888889,0.12587095761381475,277.8740446796002,364.3988830099941,0.017870183100707152,0.9999999999999999,1.0,0.9999999999999999,29,8,2.2442905620242617,0,2.2442905620242617,False,False,False,True,0,810,7,0.4,0.3,0.3,balanced
1781377497677.55,0.4,0.3,0.3,621.6609105180534,645.1111111111111,0.12433218210361068,297.98512187401076,392.51345362456476,0.019211816002268896,0.9940694226408512,0.9958847736625513,0.9940694226408512,32,8,2.2427244091501306,0,2.2427244091501306,False,False,False,True,0,811,7,0.4,0.3,0.3,balanced
1781377500400.835,0.4,0.3,0.3,617.8383045525902,640.4444444444445,0.12356766091051805,317.7358906525573,419.4753086419753,0.020529412318382744,0.9999999999999999,1.0,0.9999999999999999,34,8,2.244414111940278,0,2.244414111940278,False,False,False,True,0,812,7,0.4,0.3,0.3,balanced
1781377503225.269,0.4,0.3,0.3,617.6043956043956,639.6666666666666,0.12352087912087911,1626.0180640347307,1791.6016958350292,0.10780640854134295,0.9632392464634114,0.964517673329934,0.9632392464634114,34,8,2.207221499728269,2,2.207221499728269,False,False,False,True,0,813,7,0.4,0.3,0.3,balanced
1781377506148.0178,0.4,0.3,0.3,618.5164835164834,640.0,0.12370329670329668,1625.71004378763,1882.3383506659366,0.10778586015928152,0.9171864729218706,0.9344280240831966,0.9171864729218706,35,8,2.193338865147458,0,2.193338865147458,False,False,False,True,0,814,7,0.4,0.3,0.3,balanced
1781377508869.416,0.4,0.3,0.3,610.8414442700157,631.4444444444445,0.12216828885400315,372.5102880658436,473.0643738977072,0.024183474854292435,0.9999999999999999,1.0,0.9999999999999999,37,8,2.243877642002111,0,2.243877642002111,False,False,False,True,0,815,7,0.4,0.3,0.3,balanced
1781377511593.114,0.4,0.3,0.3,609.5949764521192,629.4444444444445,0.12191899529042384,388.3803644914756,483.6463844797178,0.025242185756602774,0.9999999999999999,1.0,0.9999999999999999,38,8,2.2436597461568497,0,2.2436597461568497,False,False,False,True,0,816,7,0.4,0.3,0.3,balanced
1781377514308.84,0.4,0.3,0.3,607.3893249607535,626.7777777777778,0.1214778649921507,448.7151067323481,566.4778325123153,0.02926718523898253,0.9999999999999999,1.0,0.9999999999999999,40,8,2.242628698431445,0,2.242628698431445,False,False,False,True,0,817,7,0.4,0.3,0.3,balanced
1781377517035.4768,0.4,0.3,0.3,608.4050235478807,628.8888888888889,0.12168100470957613,412.4345972957084,531.1419753086419,0.026846871067091955,0.9999999999999999,1.0,0.9999999999999999,38,8,2.2432735367960417,1,2.2432735367960417,False,False,False,True,0,818,7,0.4,0.3,0.3,balanced
1781377519758.738,0.4,0.3,0.3,607.2464678178964,626.6666666666666,0.12144929356357927,469.3972359058566,616.3574165298304,0.03064691366950344,0.9999999999999999,1.0,0.9999999999999999,40,8,2.242226208473717,0,2.242226208473717,False,False,False,True,0,819,7,0.4,0.3,0.3,balanced
1781377526064.748,0.4,0.3,0.3,604.7456828885399,623.3333333333334,0.12094913657770799,447.2119594964422,568.1554460864805,0.029166908572144244,0.9999999999999999,1.0,0.9999999999999999,41,8,2.2428702727972736,0,2.2428702727972736,False,False,False,True,0,820,7,0.4,0.3,0.3,balanced
1781377528789.123,0.4,0.3,0.3,601.4097331240189,619.3333333333334,0.12028194662480378,433.2047071702244,546.5120415982485,0.02823246879054199,0.9999999999999999,1.0,0.9999999999999999,43,8,2.2434174807129157,0,2.2434174807129157,False,False,False,True,0,821,7,0.4,0.3,0.3,balanced
1781377531503.0662,0.4,0.3,0.3,602.4756671899528,620.3333333333334,0.12049513343799055,480.72523262178436,606.6871921182266,0.03140261725295426,0.9999999999999999,1.0,0.9999999999999999,44,8,2.2423811614489173,0,2.2423811614489173,False,False,False,True,0,822,7,0.4,0.3,0.3,balanced
1781377534121.336,0.4,0.3,0.3,598.4050235478807,615.4444444444445,0.11968100470957613,494.6976891421335,608.3823994935105,0.032334735766653334,0.9999999999999999,1.0,0.9999999999999999,46,8,2.2424271773861735,0,2.2424271773861735,False,False,False,True,0,823,7,0.4,0.3,0.3,balanced
1781377537041.403,0.4,0.3,0.3,563.0627943485085,546.4444444444445,0.1126125588697017,397.3179883512545,534.6090949820788,0.02583842483997695,0.9419152276295132,0.8888888888888888,0.9419152276295132,44,8,2.22977801728898,1,2.22977801728898,False,False,False,True,0,824,7,0.4,0.3,0.3,balanced
1781377539759.51,0.4,0.3,0.3,603.3061224489795,621.3333333333334,0.12066122448979591,465.73549534756427,589.3281335522715,0.030402634779690744,0.9999999999999999,1.0,0.9999999999999999,43,8,2.2426147197701742,1,2.2426147197701742,False,False,False,True,0,825,7,0.4,0.3,0.3,balanced
1781377542481.672,0.4,0.3,0.3,601.4395604395604,618.4444444444445,0.12028791208791208,421.47304324028465,547.6573617952928,0.027449836106756813,0.9999999999999999,1.0,0.9999999999999999,44,8,2.243649884332808,0,2.243649884332808,False,False,False,True,0,826,7,0.4,0.3,0.3,balanced
1781377545103.2952,0.4,0.3,0.3,596.8916797488225,613.4444444444445,0.1193783359497645,461.88034188034186,614.181703070592,0.030145453094085513,0.9999999999999999,1.0,0.9999999999999999,46,8,2.2432050296918686,0,2.2432050296918686,False,False,False,True,0,827,7,0.4,0.3,0.3,balanced
1781377547727.53,0.4,0.3,0.3,596.4631083202511,612.5555555555555,0.11929262166405022,481.35655496766606,616.4050558495003,0.03144473348683563,0.9999999999999999,1.0,0.9999999999999999,47,8,2.242849531288329,0,2.242849531288329,False,False,False,True,0,828,7,0.4,0.3,0.3,balanced
1781377550351.905,0.4,0.3,0.3,595.1569858712716,611.2222222222222,0.11903139717425432,469.6232985121874,612.3076923076923,0.03066199456385506,0.9999999999999999,1.0,0.9999999999999999,49,8,2.2431888427611417,0,2.2431888427611417,False,False,False,True,0,829,7,0.4,0.3,0.3,balanced
1781377553169.908,0.4,0.3,0.3,508.61695447409727,550.5555555555555,0.10172339089481945,497.0427867383512,588.898820191159,0.03249117990249174,0.8398744113029827,0.8888888888888888,0.8398744113029827,50,8,2.2015256130622194,0,2.2015256130622194,False,False,False,True,0,830,7,0.4,0.3,0.3,balanced
1781377555993.341,0.4,0.3,0.3,591.7613814756671,605.8888888888889,0.11835227629513342,680.6850765721733,907.9484088193766,0.044742166549177675,0.900874635568513,0.9325396825396824,0.900874635568513,52,8,2.2094988301877474,0,2.2094988301877474,False,False,False,True,0,831,7,0.4,0.3,0.3,balanced
1781377562203.547,0.4,0.3,0.3,591.574568288854,606.0,0.1183149136577708,569.9522339800117,735.542328042328,0.03735505230020091,0.9999999999999999,1.0,0.9999999999999999,53,8,2.2414675188468314,0,2.2414675188468314,False,False,False,True,0,832,7,0.4,0.3,0.3,balanced
1781377564828.844,0.4,0.3,0.3,588.7676609105181,602.3333333333334,0.11775353218210362,615.3659611992945,775.0984714873604,0.040384653849185756,0.9999999999999999,1.0,0.9999999999999999,55,8,2.2407831909724027,0,2.2407831909724027,False,False,False,True,0,833,7,0.4,0.3,0.3,balanced
1781377567448.762,0.4,0.3,0.3,586.8634222919936,600.6666666666666,0.11737268445839873,600.6062610229277,767.6660787771899,0.03940001741313727,0.9999999999999999,1.0,0.9999999999999999,56,8,2.2412309209926993,0,2.2412309209926993,False,False,False,True,0,834,7,0.4,0.3,0.3,balanced
1781377570069.629,0.4,0.3,0.3,587.131868131868,600.6666666666666,0.1174263736263736,608.9469429747207,792.3794826572604,0.039956433820861954,0.9999999999999999,1.0,0.9999999999999999,58,8,2.241042520403192,0,2.241042520403192,False,False,False,True,0,835,7,0.4,0.3,0.3,balanced
1781377572686.347,0.4,0.3,0.3,585.2448979591836,599.0,0.11704897959183673,689.5811287477954,864.8853615520283,0.04533563233807841,0.9999999999999999,1.0,0.9999999999999999,59,8,2.2395797184618416,0,2.2395797184618416,False,False,False,True,0,836,7,0.4,0.3,0.3,balanced
1781377575309.166,0.4,0.3,0.3,583.7394034536891,596.7777777777778,0.11674788069073781,627.3442092886537,812.8542034097591,0.04118373644353927,0.9999999999999999,1.0,0.9999999999999999,61,8,2.240945726790643,0,2.240945726790643,False,False,False,True,0,837,7,0.4,0.3,0.3,balanced
1781377577932.218,0.4,0.3,0.3,582.9623233908948,595.0,0.11659246467817895,703.6838624338624,901.7592592592591,0.04627644179011757,0.9999999999999999,1.0,0.9999999999999999,64,8,2.239480081591693,0,2.239480081591693,False,False,False,True,0,838,7,0.4,0.3,0.3,balanced
1781377580554.857,0.4,0.3,0.3,581.4740973312402,592.7777777777778,0.11629481946624803,709.8317166372722,926.8371546149325,0.046686572157256315,0.9999999999999999,1.0,0.9999999999999999,65,8,2.239476100566324,0,2.239476100566324,False,False,False,True,0,839,7,0.4,0.3,0.3,balanced
1781377583176.7769,0.4,0.3,0.3,581.9167974882259,593.2222222222222,0.1163833594976452,682.3780129335684,873.7522045855379,0.044855104265081276,0.9999999999999999,1.0,0.9999999999999999,67,8,2.2399901249214174,0,2.2399901249214174,False,False,False,True,0,840,7,0.4,0.3,0.3,balanced
1781377585797.2568,0.4,0.3,0.3,579.8053375196232,590.8888888888889,0.11596106750392464,765.4542966611931,951.2041598248494,0.05039721792269467,0.9999999999999999,1.0,0.9999999999999999,68,8,2.238496407621622,0,2.238496407621622,False,False,False,True,0,841,7,0.4,0.3,0.3,balanced
1781377588520.0789,0.4,0.3,0.3,493.0235478806907,531.6666666666666,0.09860470957613815,839.9540229885056,1147.2132822477652,0.055367179652335265,0.8665620094191523,0.9074074074074076,0.8665620094191523,67,8,2.2039165650995898,1,2.2039165650995898,False,False,False,True,0,842,7,0.4,0.3,0.3,balanced
1781377591140.896,0.4,0.3,0.3,582.7629513343799,595.0,0.11655259026687598,721.3234861845973,911.2095825984715,0.04745320121311523,0.9999999999999999,1.0,0.9999999999999999,65,8,2.239143003529315,1,2.239143003529315,False,False,False,True,0,843,7,0.4,0.3,0.3,balanced
1781377593760.1572,0.4,0.3,0.3,584.0125588697017,596.5555555555555,0.11680251177394034,680.4960317460317,893.1349206349206,0.04472955515317089,0.9999999999999999,1.0,0.9999999999999999,64,8,2.2398601287444726,1,2.2398601287444726,False,False,False,True,0,844,7,0.4,0.3,0.3,balanced
1781377600167.1292,0.4,0.3,0.3,496.88540031397173,538.5555555555555,0.09937708006279435,541.3793682795698,619.6964605734767,0.03544892383452767,0.836734693877551,0.8888888888888888,0.836734693877551,61,8,2.200634898987789,1,2.200634898987789,False,False,False,True,0,845,7,0.4,0.3,0.3,balanced
1781377602794.049,0.4,0.3,0.3,580.8178963893249,593.4444444444445,0.11616357927786498,700.0014697236919,904.2871840094062,0.04603078517169392,0.9999999999999999,1.0,0.9999999999999999,64,8,2.2397253327373456,0,2.2397253327373456,False,False,False,True,0,846,7,0.4,0.3,0.3,balanced
1781377605419.668,0.4,0.3,0.3,583.5007849293563,596.3333333333334,0.11670015698587126,745.9722222222221,940.7539682539682,0.0490975465124898,0.9999999999999999,1.0,0.9999999999999999,61,8,2.2385906732519043,1,2.2385906732519043,False,False,False,True,0,847,7,0.4,0.3,0.3,balanced
1781377608036.4138,0.4,0.3,0.3,587.4740973312402,600.6666666666666,0.11749481946624803,655.895796590241,836.8180482069371,0.04308844540295137,0.9999999999999999,1.0,0.9999999999999999,59,8,2.2400755385926154,1,2.2400755385926154,False,False,False,True,0,848,7,0.4,0.3,0.3,balanced
1781377610650.776,0.4,0.3,0.3,586.3642072213501,599.6666666666666,0.11727284144427001,616.6894473838918,801.3609641387419,0.040472945122341016,0.9999999999999999,1.0,0.9999999999999999,58,8,2.2409489798855895,1,2.2409489798855895,False,False,False,True,0,849,7,0.4,0.3,0.3,balanced
1781377613272.9841,0.4,0.3,0.3,585.4662480376767,598.7777777777778,0.11709324960753534,604.4591416813639,763.7433862433861,0.039657047477075644,0.9999999999999999,1.0,0.9999999999999999,59,8,2.241265585913863,0,2.241265585913863,False,False,False,True,0,850,7,0.4,0.3,0.3,balanced
1781377616097.3762,0.4,0.3,0.3,585.5604395604396,598.7777777777778,0.11711208791208792,725.6660692951016,1017.9629629629629,0.04774289988626428,0.8693877551020407,0.911111111111111,0.8693877551020407,58,8,2.1996486213998976,1,2.1996486213998976,False,False,False,True,0,851,7,0.4,0.3,0.3,balanced
1781377618716.1292,0.4,0.3,0.3,587.4803767660911,600.7777777777778,0.11749607535321822,555.4512051734273,712.8909465020577,0.03638767212631269,0.9999999999999999,1.0,0.9999999999999999,56,8,2.2420852682208188,1,2.2420852682208188,False,False,False,True,0,852,7,0.4,0.3,0.3,balanced
1781377621341.264,0.4,0.3,0.3,588.8697017268445,603.1111111111111,0.1177739403453689,619.1887125220458,779.9353321575543,0.04063967395077023,0.9999999999999999,1.0,0.9999999999999999,55,8,2.240698521676621,1,2.240698521676621,False,False,False,True,0,853,7,0.4,0.3,0.3,balanced
1781377623957.272,0.4,0.3,0.3,591.3626373626373,606.7777777777778,0.11827252747252746,677.0943562610229,848.4053497942386,0.044502625501068906,0.9999999999999999,1.0,0.9999999999999999,53,8,2.2393402013606685,1,2.2393402013606685,False,False,False,True,0,854,7,0.4,0.3,0.3,balanced
1781377626576.821,0.4,0.3,0.3,592.0062794348507,606.8888888888889,0.11840125588697015,507.8490593768372,648.9726631393298,0.0332120786775742,0.9999999999999999,1.0,0.9999999999999999,52,8,2.2426758740419395,1,2.2426758740419395,False,False,False,True,0,855,7,0.4,0.3,0.3,balanced
1781377629200.395,0.4,0.3,0.3,593.5588697017268,609.1111111111111,0.11871177394034536,444.8607154162709,577.9455523899969,0.02901005439734963,0.9999999999999999,1.0,0.9999999999999999,50,8,2.243812274104657,1,2.243812274104657,False,False,False,True,0,856,7,0.4,0.3,0.3,balanced
1781377635413.931,0.4,0.3,0.3,595.4474097331239,611.0,0.11908948194662478,837.4279835390947,1004.5267489711935,0.05519866467905902,0.9999999999999999,1.0,0.9999999999999999,49,8,2.235804607817632,1,2.235804607817632,False,False,False,True,0,857,7,0.4,0.3,0.3,balanced
1781377638134.754,0.4,0.3,0.3,597.5525902668759,614.0,0.11951051805337518,519.5087575259988,652.6176792556103,0.03398991044202794,0.9999999999999999,1.0,0.9999999999999999,47,8,2.2419988196460414,1,2.2419988196460414,False,False,False,True,0,858,7,0.4,0.3,0.3,balanced
1781377640856.642,0.4,0.3,0.3,598.6279434850863,614.8888888888889,0.11972558869701727,486.62972085385877,623.7821565407771,0.031796512398522936,0.9999999999999999,1.0,0.9999999999999999,46,8,2.2425708108016362,1,2.2425708108016362,False,False,False,True,0,859,7,0.4,0.3,0.3,balanced
1781377644182.368,0.4,0.3,0.3,337.96703296703294,436.6666666666667,0.06759340659340658,274.1588753387534,238.83943089430898,0.017622339915860798,0.5164835164835164,0.6666666666666666,0.5164835164835164,44,8,2.1226209903329343,1,2.1226209903329343,False,False,False,True,0,860,7,0.4,0.3,0.3,balanced
1781377646900.1638,0.4,0.3,0.3,601.4379905808477,619.2222222222222,0.12028759811616953,426.01190476190476,570.9920634920635,0.027752628736618063,0.9999999999999999,1.0,0.9999999999999999,43,8,2.2435591721325467,1,2.2435591721325467,False,False,False,True,0,861,7,0.4,0.3,0.3,balanced
1781377649615.531,0.4,0.3,0.3,603.1459968602825,620.0,0.12062919937205649,461.0584291187739,608.1335522714834,0.0300906223561557,0.9999999999999999,1.0,0.9999999999999999,44,8,2.2427211335443307,0,2.2427211335443307,False,False,False,True,0,862,7,0.4,0.3,0.3,balanced
1781377652340.121,0.4,0.3,0.3,600.5196232339089,617.8888888888889,0.12010392464678177,465.0287356321839,600.7279693486589,0.03035548603283415,0.9999999999999999,1.0,0.9999999999999999,44,8,2.242851784331437,2,2.242851784331437,False,False,False,True,0,863,7,0.4,0.3,0.3,balanced
1781377655152.3672,0.4,0.3,0.3,601.9858712715854,619.2222222222222,0.12039717425431709,412.6559037670148,551.2029123140234,0.026861634674250488,0.9059420054493946,0.9063856960408684,0.9059420054493946,43,8,2.2155652415308165,1,2.2155652415308165,False,False,False,True,0,864,7,0.4,0.3,0.3,balanced
1781377657872.978,0.4,0.3,0.3,603.6200941915226,622.5555555555555,0.12072401883830453,404.1865079365079,517.936507936508,0.02629663161684509,0.9999999999999999,1.0,0.9999999999999999,41,8,2.2438214029796244,1,2.2438214029796244,False,False,False,True,0,865,7,0.4,0.3,0.3,balanced
1781377660596.981,0.4,0.3,0.3,605.530612244898,624.5555555555555,0.12110612244897959,410.05291005291,522.741034685479,0.026687985994190127,0.9999999999999999,1.0,0.9999999999999999,40,8,2.243551155222151,1,2.243551155222151,False,False,False,True,0,866,7,0.4,0.3,0.3,balanced
1781377663317.102,0.4,0.3,0.3,608.032967032967,628.0,0.1216065934065934,353.0482069370958,463.8198118753674,0.022885137220620133,0.9999999999999999,1.0,0.9999999999999999,38,8,2.2444918214711764,1,2.2444918214711764,False,False,False,True,0,867,7,0.4,0.3,0.3,balanced
1781377669623.949,0.4,0.3,0.3,611.8084772370487,632.4444444444445,0.12236169544740974,310.62536743092295,400.7466196355085,0.02005506120286344,0.9999999999999999,1.0,0.9999999999999999,37,8,2.245038803460177,1,2.245038803460177,False,False,False,True,0,868,7,0.4,0.3,0.3,balanced
1781377672349.36,0.4,0.3,0.3,614.3516483516484,636.6666666666666,0.12287032967032967,327.0223398001176,421.93709582598467,0.02114892193463093,0.9999999999999999,1.0,0.9999999999999999,35,8,2.2445071915514787,1,2.2445071915514787,False,False,False,True,0,869,7,0.4,0.3,0.3,balanced
1781377675064.48,0.4,0.3,0.3,617.9293563579278,640.3333333333334,0.12358587127158555,344.6259553203997,422.3530276308054,0.022323279207498315,0.9999999999999999,1.0,0.9999999999999999,34,8,2.2438686677291164,1,2.2438686677291164,False,False,False,True,0,870,7,0.4,0.3,0.3,balanced
1781377677784.2058,0.4,0.3,0.3,620.9576138147565,645.0,0.12419152276295131,334.30041152263374,414.3621399176955,0.021634450401776768,0.9999999999999999,1.0,0.9999999999999999,32,8,2.2438330557742865,1,2.2438330557742865,False,False,False,True,0,871,7,0.4,0.3,0.3,balanced
1781377680510.7131,0.4,0.3,0.3,617.6483516483515,640.0,0.12352967032967031,357.5973409306742,466.36277302943967,0.023188615138804148,0.9999999999999999,1.0,0.9999999999999999,34,8,2.2436315473264905,0,2.2436315473264905,False,False,False,True,0,872,7,0.4,0.3,0.3,balanced
1781377683338.372,0.4,0.3,0.3,621.8147566718995,645.7777777777778,0.12436295133437991,331.1022927689594,415.0161669606114,0.02142110025143158,0.9999999999999999,1.0,0.9999999999999999,32,8,2.2438284893908187,1,2.2438284893908187,False,False,False,True,0,873,7,0.4,0.3,0.3,balanced
1781377686162.067,0.4,0.3,0.3,629.1742543171114,655.7777777777778,0.12583485086342228,278.6111111111111,370.0,0.01791935364316952,0.9999999999999999,1.0,0.9999999999999999,29,8,2.24429025356168,1,2.24429025356168,False,False,False,True,0,874,7,0.4,0.3,0.3,balanced
1781377688973.643,0.4,0.3,0.3,633.993720565149,661.7777777777778,0.1267987441130298,298.8813141590919,379.9216524216524,0.019271602011947424,0.9940694226408512,0.9958847736625513,0.9940694226408512,28,8,2.2417198485434593,1,2.2417198485434593,False,False,False,True,0,875,7,0.4,0.3,0.3,balanced
1781377691790.688,0.4,0.3,0.3,642.4207221350077,671.5555555555555,0.12848414442700154,231.85479129923573,304.87948265726044,0.01480018621075622,0.9999999999999999,1.0,0.9999999999999999,26,8,2.2441662863659726,1,2.2441662863659726,False,False,False,True,0,876,7,0.4,0.3,0.3,balanced
1781377694615.18,0.4,0.3,0.3,645.2291993720564,675.3333333333334,0.1290458398744113,243.74485596707817,320.6995884773662,0.015593385988464187,0.9999999999999999,1.0,0.9999999999999999,25,8,2.243703648253696,1,2.243703648253696,False,False,False,True,0,877,7,0.4,0.3,0.3,balanced
1781377697537.544,0.4,0.3,0.3,653.6718995290423,686.5555555555555,0.13073437990580847,218.09592227695674,283.89025725232625,0.013882316362705586,0.9999999999999999,1.0,0.9999999999999999,23,8,2.243541553128865,1,2.243541553128865,False,False,False,True,0,878,7,0.4,0.3,0.3,balanced
1781377700463.4622,0.4,0.3,0.3,656.3956043956043,691.2222222222222,0.13127912087912086,196.28233392122277,270.0940623162845,0.012427106999414461,0.9999999999999999,1.0,0.9999999999999999,22,8,2.2437602195485273,1,2.2437602195485273,False,False,False,True,0,879,7,0.4,0.3,0.3,balanced
1781377706968.232,0.4,0.3,0.3,653.3846153846155,686.3333333333334,0.1306769230769231,208.24882422104642,278.88741916519695,0.013225405218215238,0.9999999999999999,1.0,0.9999999999999999,23,8,2.243761609203766,0,2.243761609203766,False,False,False,True,0,880,7,0.4,0.3,0.3,balanced
1781377709993.847,0.4,0.3,0.3,648.9105180533751,677.7777777777778,0.12978210361067502,242.81829604910806,351.4473283071726,0.01553157411935344,0.8944946678936826,0.9278416347381864,0.8944946678936826,25,8,2.2117760866880287,0,2.2117760866880287,False,False,False,True,0,881,7,0.4,0.3,0.3,balanced
1781377712913.572,0.4,0.3,0.3,653.2354788069073,685.6666666666666,0.13064709576138145,210.47413793103448,285.07115489874116,0.013373858434358538,0.9999999999999999,1.0,0.9999999999999999,23,8,2.24372900416514,1,2.24372900416514,False,False,False,True,0,882,7,0.4,0.3,0.3,balanced
1781377715839.072,0.4,0.3,0.3,659.4364207221349,693.3333333333334,0.131887284144427,258.1577013521458,328.775720164609,0.01655488334570686,0.9942812289751065,0.9960317460317462,0.9942812289751065,22,8,2.240562990031049,1,2.240562990031049,False,False,False,True,0,883,7,0.4,0.3,0.3,balanced
1781377718762.4731,0.4,0.3,0.3,669.0863422291992,707.6666666666666,0.13381726844583985,186.63433274544386,251.40505584950026,0.011783477834919537,0.9999999999999999,1.0,0.9999999999999999,20,8,2.242938049271188,1,2.242938049271188,False,False,False,True,0,884,7,0.4,0.3,0.3,balanced
1781377721789.86,0.4,0.3,0.3,677.2386185243327,717.0,0.13544772370486652,233.07692307692307,306.7094017094017,0.014881716015805409,0.9999999999999999,1.0,0.9999999999999999,19,8,2.2413563957133116,1,2.2413563957133116,False,False,False,True,0,885,7,0.4,0.3,0.3,balanced
1781377724815.263,0.4,0.3,0.3,693.6138147566718,738.3333333333334,0.13872276295133434,145.28252611585944,194.3795504906616,0.009024851642152065,0.9999999999999999,1.0,0.9999999999999999,17,8,2.2418034393268207,1,2.2418034393268207,False,False,False,True,0,886,7,0.4,0.3,0.3,balanced
1781377727938.207,0.4,0.3,0.3,702.0926216640502,748.7777777777778,0.14041852433281005,140.108759553204,193.80217519106407,0.008679703772728753,0.9999999999999999,1.0,0.9999999999999999,16,8,2.241228679135057,1,2.241228679135057,False,False,False,True,0,887,7,0.4,0.3,0.3,balanced
1781377730958.68,0.4,0.3,0.3,693.0062794348507,737.5555555555555,0.13860125588697014,185.4605887939221,252.06552706552708,0.011705176036952775,0.9956974242688528,0.9958847736625513,0.9956974242688528,17,8,2.239757172114782,0,2.239757172114782,False,False,False,True,0,888,7,0.4,0.3,0.3,balanced
1781377734081.4631,0.4,0.3,0.3,699.7080062794349,747.1111111111111,0.13994160125588698,191.35830733052953,277.52702030479804,0.012098619568414244,0.9940694226408512,0.9958847736625513,0.9940694226408512,16,8,2.238614600419376,1,2.238614600419376,False,False,False,True,0,889,7,0.4,0.3,0.3,balanced
1781377737205.144,0.4,0.3,0.3,691.833594976452,736.3333333333334,0.1383667189952904,163.76396237507348,223.0834803057025,0.01025776933789683,0.9999999999999999,1.0,0.9999999999999999,17,8,2.2415759816005147,0,2.2415759816005147,False,False,False,True,0,890,7,0.4,0.3,0.3,balanced
1781377743817.406,0.4,0.3,0.3,677.9576138147567,717.5555555555555,0.13559152276295133,195.70620223398,259.80158730158723,0.01238867259733022,0.9999999999999999,1.0,0.9999999999999999,19,8,2.24204678911562,0,2.24204678911562,False,False,False,True,0,891,7,0.4,0.3,0.3,balanced
1781377746841.5488,0.4,0.3,0.3,692.302982731554,736.7777777777778,0.13846059654631082,146.70465337132003,200.36403925292814,0.009119723373670448,0.9999999999999999,1.0,0.9999999999999999,17,8,2.2418798443693744,1,2.2418798443693744,False,False,False,True,0,892,7,0.4,0.3,0.3,balanced
1781377749967.078,0.4,0.3,0.3,703.8445839874412,751.2222222222222,0.14076891679748824,149.4642857142857,194.3650793650794,0.009303821595349279,0.9999999999999999,1.0,0.9999999999999999,16,8,2.2409012868023996,1,2.2409012868023996,False,False,False,True,0,893,7,0.4,0.3,0.3,balanced
1781377753987.863,0.4,0.3,0.3,444.2244897959183,557.8888888888889,0.08884489795918367,61.09485094850948,65.2459349593496,0.0034085957937631407,0.5604395604395604,0.6666666666666666,0.5604395604395604,14,8,2.1315713302100656,1,2.1315713302100656,False,False,False,True,0,894,7,0.4,0.3,0.3,balanced
1781377757102.635,0.4,0.3,0.3,702.1224489795918,748.6666666666666,0.14042448979591837,148.18121693121694,194.7530864197531,0.009218226613156567,0.9999999999999999,1.0,0.9999999999999999,16,8,2.2410647360976856,0,2.2410647360976856,False,False,False,True,0,895,7,0.4,0.3,0.3,balanced
1781377760124.523,0.4,0.3,0.3,690.9058084772371,735.6666666666666,0.13818116169544742,158.62139917695472,208.51851851851853,0.009914703080517326,0.9999999999999999,1.0,0.9999999999999999,17,8,2.2417531243976656,0,2.2417531243976656,False,False,False,True,0,896,7,0.4,0.3,0.3,balanced
1781377763248.878,0.4,0.3,0.3,701.425431711146,748.5555555555555,0.1402850863422292,162.38916256157634,212.5561029009305,0.010166054874021103,0.9999999999999999,1.0,0.9999999999999999,16,8,2.240836149000902,1,2.240836149000902,False,False,False,True,0,897,7,0.4,0.3,0.3,balanced
1781377766469.29,0.4,0.3,0.3,723.6530612244898,778.0,0.14473061224489794,171.59883326549993,216.24372541039207,0.010780442512708467,0.9999999999999999,1.0,0.9999999999999999,14,8,2.2388736223482284,1,2.2388736223482284,False,False,False,True,0,898,7,0.4,0.3,0.3,balanced
1781377769586.111,0.4,0.3,0.3,700.0627943485085,747.1111111111111,0.1400125588697017,169.80107855107852,219.85788902455567,0.010660512244901835,0.9940694226408512,0.9958847736625513,0.9940694226408512,16,8,2.239017649570904,0,2.239017649570904,False,False,False,True,0,899,7,0.4,0.3,0.3,balanced
1781377772607.019,0.4,0.3,0.3,691.756671899529,736.7777777777778,0.1383513343799058,203.93795504906612,272.44697689142134,0.01293782221808313,0.9999999999999999,1.0,0.9999999999999999,17,8,2.240778119582613,0,2.240778119582613,False,False,False,True,0,900,7,0.4,0.3,0.3,balanced
1781377779314.099,0.4,0.3,0.3,702.8178963893249,749.5555555555555,0.14056357927786498,162.28321575543796,201.43004115226336,0.01015898704172368,0.9920385736712267,0.9920634920634921,0.9920385736712267,16,8,2.238338444277705,1,2.238338444277705,False,False,False,True,0,901,7,0.4,0.3,0.3,balanced
1781377782539.4968,0.4,0.3,0.3,725.2370486656199,779.1111111111111,0.145047409733124,146.37526568082123,208.5412427079094,0.009097749545084806,0.988338192419825,0.9920634920634921,0.988338192419825,14,8,2.2357531689691723,1,2.2357531689691723,False,False,False,True,0,902,7,0.4,0.3,0.3,balanced
1781377785762.605,0.4,0.3,0.3,739.2668759811617,796.6666666666666,0.14785337519623235,124.9103468547913,163.89476778365668,0.007665800323868666,0.9999999999999999,1.0,0.9999999999999999,13,8,2.2385589098243464,1,2.2385589098243464,False,False,False,True,0,903,7,0.4,0.3,0.3,balanced
1781377789185.939,0.4,0.3,0.3,775.3893249607535,843.7777777777778,0.1550778649921507,95.56804820693709,132.3339212228101,0.0057083421085348295,0.9960192868356134,0.9960317460317462,0.9960192868356134,11,8,2.2350621374212634,1,2.2350621374212634,False,False,False,True,0,904,7,0.4,0.3,0.3,balanced
1781377792405.936,0.4,0.3,0.3,739.5620094191522,797.4444444444445,0.14791240188383045,104.8853615520282,137.67783656672543,0.006329910710608953,0.9999999999999999,1.0,0.9999999999999999,13,8,2.238936066033285,0,2.238936066033285,False,False,False,True,0,905,7,0.4,0.3,0.3,balanced
1781377795821.654,0.4,0.3,0.3,774.4505494505495,842.3333333333334,0.1548901098901099,295.23621399176955,356.317519106408,0.019028433221599035,0.9938413235116531,0.9957264957264957,0.9938413235116531,11,8,2.2304878231309724,1,2.2304878231309724,False,False,False,True,0,906,7,0.4,0.3,0.3,balanced
1781377799342.427,0.4,0.3,0.3,800.9858712715854,875.3333333333334,0.1601971742543171,94.26564495530012,146.67852581645687,0.005621457301887933,0.9637188208616779,0.9753086419753088,0.9637188208616779,10,8,2.22335033936621,1,2.22335033936621,False,False,False,True,0,907,7,0.4,0.3,0.3,balanced
1781377802665.7551,0.4,0.3,0.3,776.2684458398743,843.3333333333334,0.15525368916797486,150.1582779360557,186.26938904716678,0.009350118608142475,0.9999999999999999,1.0,0.9999999999999999,11,8,2.2350934887503673,0,2.2350934887503673,False,False,False,True,0,908,7,0.4,0.3,0.3,balanced
1781377805879.6812,0.4,0.3,0.3,738.1412872841444,795.7777777777778,0.14762825745682887,141.79673721340387,177.93062904174016,0.008792310688018938,0.9999999999999999,1.0,0.9999999999999999,13,8,2.2383110038108627,0,2.2383110038108627,False,False,False,True,0,909,7,0.4,0.3,0.3,balanced
1781377812686.461,0.4,0.3,0.3,724.7833594976453,778.6666666666666,0.14495667189952904,149.13359788359787,191.7724867724868,0.009281761032928477,0.9999999999999999,1.0,0.9999999999999999,14,8,2.2392328029303097,0,2.2392328029303097,False,False,False,True,0,910,7,0.4,0.3,0.3,balanced
1781377815704.232,0.4,0.3,0.3,703.2951334379904,749.6666666666666,0.14065902668759808,157.16663501107945,211.64729344729344,0.00981765410347428,0.9938413235116531,0.9957264957264957,0.9938413235116531,16,8,2.2389434901474146,0,2.2389434901474146,False,False,False,True,0,911,7,0.4,0.3,0.3,balanced
1781377819832.043,0.4,0.3,0.3,327.81632653061223,431.0,0.06556326530612244,76.19212962962963,86.71296296296298,0.004415752476959949,0.4489795918367347,0.5555555555555556,0.4489795918367347,17,8,2.1071438456854836,0,2.1071438456854836,False,False,False,True,0,912,7,0.4,0.3,0.3,balanced
1781377822848.794,0.4,0.3,0.3,675.756671899529,715.3333333333334,0.1351513343799058,198.11850027367265,260.22167487684726,0.012549599751412451,0.9999999999999999,1.0,0.9999999999999999,19,8,2.242174586322614,0,2.242174586322614,False,False,False,True,0,913,7,0.4,0.3,0.3,balanced
1781377825975.3699,0.4,0.3,0.3,692.9434850863422,737.1111111111111,0.13858869701726845,177.15448823207444,236.42036124794745,0.01115106659320043,0.9999999999999999,1.0,0.9999999999999999,17,8,2.2412192012151326,1,2.2412192012151326,False,False,False,True,0,914,7,0.4,0.3,0.3,balanced
1781377829087.867,0.4,0.3,0.3,677.7378335949763,717.2222222222222,0.13554756671899526,208.87307201100305,303.2263483642794,0.01326704950040047,0.9116548476154386,0.9386973180076628,0.9116548476154386,19,8,2.2152973127469133,0,2.2152973127469133,False,False,False,True,0,915,7,0.4,0.3,0.3,balanced
1781377832101.784,0.4,0.3,0.3,691.8131868131868,736.3333333333334,0.13836263736263735,182.88540677429566,232.76194998417225,0.011533382706757548,0.9999999999999999,1.0,0.9999999999999999,17,8,2.2411949302429175,1,2.2411949302429175,False,False,False,True,0,916,7,0.4,0.3,0.3,balanced
1781377835126.457,0.4,0.3,0.3,677.7064364207221,717.6666666666666,0.1355412872841444,205.24323927101702,283.59200470311583,0.013024899217546165,0.988562457950213,0.9920634920634921,0.988562457950213,19,8,2.238444752706142,0,2.238444752706142,False,False,False,True,0,917,7,0.4,0.3,0.3,balanced
1781377838049.8928,0.4,0.3,0.3,673.0408163265306,710.2222222222222,0.1346081632653061,170.54922443811333,236.59860715416275,0.010710421910481209,0.9999999999999999,1.0,0.9999999999999999,20,8,2.2429436081207332,0,2.2429436081207332,False,False,False,True,0,918,7,0.4,0.3,0.3,balanced
1781377840976.5142,0.4,0.3,0.3,659.2496075353217,694.1111111111111,0.13184992150706434,207.03409758965313,277.8174603174603,0.013144369418922823,0.9999999999999999,1.0,0.9999999999999999,22,8,2.2433167205714972,0,2.2433167205714972,False,False,False,True,0,919,7,0.4,0.3,0.3,balanced
1781377843903.9731,0.4,0.3,0.3,655.7676609105181,688.8888888888889,0.13115353218210363,217.98721340388008,285.41887125220455,0.013875064269771854,0.9999999999999999,1.0,0.9999999999999999,23,8,2.243376067846227,0,2.243376067846227,False,False,False,True,0,920,7,0.4,0.3,0.3,balanced
1781377850305.125,0.4,0.3,0.3,644.2574568288852,674.4444444444445,0.12885149136577703,215.94650205761317,290.78189300411526,0.013738926087899478,0.9999999999999999,1.0,0.9999999999999999,25,8,2.2443377256273194,0,2.2443377256273194,False,False,False,True,0,921,7,0.4,0.3,0.3,balanced
1781377853224.834,0.4,0.3,0.3,653.2056514913658,686.4444444444445,0.13064113029827315,213.723544973545,282.8292181069959,0.01359063008495964,0.9999999999999999,1.0,0.9999999999999999,23,8,2.2436663588552026,1,2.2436663588552026,False,False,False,True,0,922,7,0.4,0.3,0.3,balanced
1781377856149.23,0.4,0.3,0.3,654.6891679748823,687.3333333333334,0.13093783359497646,358.3037692759915,412.4954777732555,0.023235741779585824,0.9999999999999999,1.0,0.9999999999999999,23,8,2.2406541440281336,2,2.2406541440281336,False,False,False,True,0,923,7,0.4,0.3,0.3,balanced
1781377858974.8508,0.4,0.3,0.3,646.1664050235478,676.3333333333334,0.12923328100470954,257.875118708452,333.1513137068693,0.016536031935186928,0.9999999999999999,1.0,0.9999999999999999,25,8,2.24334587801756,0,2.24334587801756,False,False,False,True,0,924,7,0.4,0.3,0.3,balanced
1781377861895.704,0.4,0.3,0.3,653.8916797488225,686.8888888888889,0.1307783359497645,242.59626690182245,307.93062904174013,0.015516762301655935,0.9999999999999999,1.0,0.9999999999999999,23,8,2.2430336369295976,1,2.2430336369295976,False,False,False,True,0,925,7,0.4,0.3,0.3,balanced
1781377864714.729,0.4,0.3,0.3,644.1287284144428,674.2222222222222,0.12882574568288854,242.65352959797403,318.2288698955365,0.015520582361439227,0.9999999999999999,1.0,0.9999999999999999,25,8,2.2438135270184127,0,2.2438135270184127,False,False,False,True,0,926,7,0.4,0.3,0.3,balanced
1781377867535.106,0.4,0.3,0.3,641.9811616954474,671.4444444444445,0.12839623233908948,242.57201646090536,322.5514403292181,0.01551514452707841,0.9999999999999999,1.0,0.9999999999999999,26,8,2.2439869637062406,0,2.2439869637062406,False,False,False,True,0,927,7,0.4,0.3,0.3,balanced
1781377870354.835,0.4,0.3,0.3,633.2762951334378,660.3333333333334,0.12665525902668756,276.9268077601411,354.76190476190476,0.017806991845239567,0.9999999999999999,1.0,0.9999999999999999,28,8,2.243995798835753,0,2.243995798835753,False,False,False,True,0,928,7,0.4,0.3,0.3,balanced
1781377873174.612,0.4,0.3,0.3,640.5337519623234,669.5555555555555,0.1281067503924647,274.32681002125446,348.30823497490167,0.0176335430301037,0.9939531368102795,0.9958847736625513,0.9939531368102795,26,8,2.2416531779770668,1,2.2416531779770668,False,False,False,True,0,929,7,0.4,0.3,0.3,balanced
1781377875988.366,0.4,0.3,0.3,632.0423861852433,659.4444444444445,0.12640847723704868,283.3722810111699,359.7927689594356,0.018236976718557032,0.9999999999999999,1.0,0.9999999999999999,28,8,2.2439655160896135,0,2.2439655160896135,False,False,False,True,0,930,7,0.4,0.3,0.3,balanced
1781377879011.966,0.4,0.3,0.3,588.3014128728413,576.5555555555555,0.11766028257456826,7444.377291640918,8036.432002636675,0.4959557899693741,0.9365777080062793,0.8851851851851852,0.9365777080062793,29,8,2.085122462381244,0,2.085122462381244,False,False,False,True,0,931,7,0.4,0.3,0.3,balanced
1781377885414.109,0.4,0.3,0.3,621.5792778649922,645.1111111111111,0.12431585557299843,257.77367268746576,331.72413793103453,0.016529264355401318,0.9999999999999999,1.0,0.9999999999999999,32,8,2.24531487846418,0,2.24531487846418,False,False,False,True,0,932,7,0.4,0.3,0.3,balanced
1781377888138.148,0.4,0.3,0.3,618.0094191522763,640.4444444444445,0.12360188383045527,307.20164609053495,382.22222222222223,0.019826660846600064,0.9999999999999999,1.0,0.9999999999999999,34,8,2.244611248213838,0,2.244611248213838,False,False,False,True,0,933,7,0.4,0.3,0.3,balanced
1781377890865.093,0.4,0.3,0.3,614.2025117739404,635.7777777777778,0.12284050235478808,345.7684393795505,428.36815447926557,0.022399495622384958,0.9999999999999999,1.0,0.9999999999999999,35,8,2.2441439503713694,0,2.2441439503713694,False,False,False,True,0,934,7,0.4,0.3,0.3,balanced
1781377893587.093,0.4,0.3,0.3,615.4003139717424,638.0,0.1230800627943485,298.28584995251657,378.2589427033871,0.019231877915444735,0.9999999999999999,1.0,0.9999999999999999,34,8,2.244998411507627,1,2.244998411507627,False,False,False,True,0,935,7,0.4,0.3,0.3,balanced
1781377896306.632,0.4,0.3,0.3,621.1962323390895,645.0,0.12423924646781791,325.062519784742,412.8759100981323,0.021018180105719948,0.9940694226408512,0.9958847736625513,0.9940694226408512,32,8,2.242219674173412,1,2.242219674173412,False,False,False,True,0,936,7,0.4,0.3,0.3,balanced
1781377899126.718,0.4,0.3,0.3,617.3437990580848,639.6666666666666,0.12346875981161695,324.1078270388615,425.8470169677066,0.02095449146356648,0.9999999999999999,1.0,0.9999999999999999,34,8,2.2443261486362833,0,2.2443261486362833,False,False,False,True,0,937,7,0.4,0.3,0.3,balanced
1781377901849.951,0.4,0.3,0.3,614.1805337519622,636.4444444444445,0.12283610675039244,308.68239271017046,405.27483833039395,0.019925443142773214,0.9999999999999999,1.0,0.9999999999999999,35,8,2.244887924357011,0,2.244887924357011,False,False,False,True,0,938,7,0.4,0.3,0.3,balanced
1781377906564.411,0.4,0.3,0.3,620.6671899529042,643.2222222222222,0.12413343799058084,1295.7183225973547,1543.6834888528438,0.08577173599715508,0.38829884119197616,0.4578616382996781,0.38829884119197616,37,8,2.041104756362214,0,2.041104756362214,False,False,False,True,0,939,7,0.4,0.3,0.3,balanced
1781377909279.05,0.4,0.3,0.3,611.6028257456828,631.8888888888889,0.12232056514913657,414.60023515579064,521.8577307466197,0.026991343239212186,0.9999999999999999,1.0,0.9999999999999999,38,8,2.2429743709685814,0,2.2429743709685814,False,False,False,True,0,940,7,0.4,0.3,0.3,balanced
1781377911996.4832,0.4,0.3,0.3,606.1287284144427,625.5555555555555,0.12122574568288853,417.5440917107583,544.7354497354498,0.027187731268229376,0.9999999999999999,1.0,0.9999999999999999,40,8,2.243353382346376,0,2.243353382346376,False,False,False,True,0,941,7,0.4,0.3,0.3,balanced
1781377914721.927,0.4,0.3,0.3,605.894819466248,624.4444444444445,0.1211789638932496,456.82539682539675,586.3888888888889,0.029808231942988442,0.9999999999999999,1.0,0.9999999999999999,41,8,2.242585944859804,0,2.242585944859804,False,False,False,True,0,942,7,0.4,0.3,0.3,balanced
1781377921021.128,0.4,0.3,0.3,602.8194662480377,621.6666666666666,0.12056389324960753,456.38888888888886,579.563492063492,0.029779112000592987,0.9999999999999999,1.0,0.9999999999999999,43,8,2.242840709099979,0,2.242840709099979,False,False,False,True,0,943,7,0.4,0.3,0.3,balanced
1781377923745.843,0.4,0.3,0.3,604.4207221350077,623.3333333333334,0.12088414442700154,421.05158730158723,543.6111111111112,0.02742172030030602,0.9999999999999999,1.0,0.9999999999999999,41,8,2.2434198261391076,1,2.2434198261391076,False,False,False,True,0,944,7,0.4,0.3,0.3,balanced
1781377926471.095,0.4,0.3,0.3,603.0973312401883,621.1111111111111,0.12061946624803765,464.6565407772305,591.4764641488779,0.030330656489475014,0.9999999999999999,1.0,0.9999999999999999,43,8,2.2426530165539424,0,2.2426530165539424,False,False,False,True,0,945,7,0.4,0.3,0.3,balanced
1781377929192.909,0.4,0.3,0.3,601.563579277865,619.4444444444445,0.12031271585557299,459.8241652983032,597.5547345374931,0.030008283208692678,0.9999999999999999,1.0,0.9999999999999999,44,8,2.242872428695163,0,2.242872428695163,False,False,False,True,0,946,7,0.4,0.3,0.3,balanced
1781377931810.008,0.4,0.3,0.3,598.2276295133437,614.5555555555555,0.11964552590266873,461.13643558087995,612.5973409306742,0.03009582625622948,0.9999999999999999,1.0,0.9999999999999999,46,8,2.2431130417620637,0,2.2431130417620637,False,False,False,True,0,947,7,0.4,0.3,0.3,balanced
1781377934428.684,0.4,0.3,0.3,596.8524332810046,613.7777777777778,0.11937048665620091,527.8600823045267,655.679012345679,0.03454703684486502,0.9999999999999999,1.0,0.9999999999999999,47,8,2.24188769428406,0,2.24188769428406,False,False,False,True,0,948,7,0.4,0.3,0.3,balanced
1781377937050.241,0.4,0.3,0.3,595.8257456828884,612.0,0.11916514913657768,529.8749604305159,682.3805001582779,0.034681451663143154,0.9999999999999999,1.0,0.9999999999999999,49,8,2.241929504846426,0,2.241929504846426,False,False,False,True,0,949,7,0.4,0.3,0.3,balanced
1781377939673.863,0.4,0.3,0.3,595.171114599686,610.3333333333334,0.1190342229199372,503.491611269389,650.9544159544159,0.03292138834352162,0.9999999999999999,1.0,0.9999999999999999,50,8,2.2425098943289687,0,2.2425098943289687,False,False,False,True,0,950,7,0.4,0.3,0.3,balanced
1781377942396.029,0.4,0.3,0.3,591.2700156985871,605.8888888888889,0.11825400313971743,646.2573435504469,881.3652618135378,0.042445453205500125,0.8953024996981039,0.9273504273504274,0.8953024996981039,52,8,2.2085555126918943,0,2.2085555126918943,False,False,False,True,0,951,7,0.4,0.3,0.3,balanced
1781377945011.759,0.4,0.3,0.3,590.392464678179,604.8888888888889,0.11807849293563578,566.7624248179803,699.7562519784741,0.037142256492193486,0.9999999999999999,1.0,0.9999999999999999,53,8,2.2416259258780875,0,2.2416259258780875,False,False,False,True,0,952,7,0.4,0.3,0.3,balanced
1781377948036.17,0.4,0.3,0.3,431.43485086342224,472.0,0.08628697017268445,491.5630511463844,585.1984126984128,0.03212562049008568,0.728414442700157,0.7777777777777778,0.728414442700157,55,8,2.1743718585939478,0,2.1743718585939478,False,False,False,True,0,953,7,0.4,0.3,0.3,balanced
1781377952262.533,0.4,0.3,0.3,182.29356357927784,280.55555555555554,0.03645871271585557,237.98800850030358,190.01669702489374,0.01520934012677142,0.28885400313971743,0.4444444444444444,0.28885400313971743,56,8,2.0675099138175415,0,2.0675099138175415,False,False,False,True,0,954,7,0.4,0.3,0.3,balanced
1781377958459.258,0.4,0.3,0.3,588.5839874411301,602.6666666666666,0.11771679748822603,589.8309817754262,748.5949441504996,0.038681186242523424,0.9999999999999999,1.0,0.9999999999999999,55,8,2.2413089251319525,1,2.2413089251319525,False,False,False,True,0,955,7,0.4,0.3,0.3,balanced
1781377961081.219,0.4,0.3,0.3,588.7472527472528,602.3333333333334,0.11774945054945056,565.6944444444443,705.3086419753085,0.037071010303165064,0.9999999999999999,1.0,0.9999999999999999,56,8,2.2417789166892703,0,2.2417789166892703,False,False,False,True,0,956,7,0.4,0.3,0.3,balanced
1781377963705.342,0.4,0.3,0.3,588.0518053375195,601.8888888888889,0.11761036106750389,648.2436801881245,813.3833039388596,0.04257796398853399,0.9999999999999999,1.0,0.9999999999999999,58,8,2.2401824663764383,0,2.2401824663764383,False,False,False,True,0,957,7,0.4,0.3,0.3,balanced
1781377966329.248,0.4,0.3,0.3,586.7849293563579,600.0,0.11735698587127158,669.3555261610816,835.5761316872428,0.04398635931695007,0.9999999999999999,1.0,0.9999999999999999,58,8,2.239861297856406,2,2.239861297856406,False,False,False,True,0,958,7,0.4,0.3,0.3,balanced
1781377968950.896,0.4,0.3,0.3,587.4709576138147,600.2222222222222,0.11749419152276294,590.9817754262198,748.8212815990594,0.038757956999747815,0.9999999999999999,1.0,0.9999999999999999,56,8,2.2413749362909705,1,2.2413749362909705,False,False,False,True,0,959,7,0.4,0.3,0.3,balanced
1781377971767.1968,0.4,0.3,0.3,517.87284144427,531.5555555555555,0.10357456828885399,574.8118279569892,754.7110215053764,0.03767924135803797,0.8885400313971742,0.8888888888888888,0.8885400313971742,58,8,2.213828409696199,0,2.213828409696199,False,False,False,True,0,960,7,0.4,0.3,0.3,balanced
1781377974390.9658,0.4,0.3,0.3,585.5588697017268,598.7777777777778,0.11711177394034537,637.2619047619046,824.9603174603176,0.041845357222275156,0.9999999999999999,1.0,0.9999999999999999,59,8,2.240601683257179,0,2.240601683257179,False,False,False,True,0,961,7,0.4,0.3,0.3,balanced
1781377977014.364,0.4,0.3,0.3,583.1397174254317,596.0,0.11662794348508634,738.9285714285713,936.1111111111111,0.04862765653292671,0.9999999999999999,1.0,0.9999999999999999,61,8,2.238760525646087,0,2.238760525646087,False,False,False,True,0,962,7,0.4,0.3,0.3,balanced
1781377979633.5671,0.4,0.3,0.3,580.4709576138147,592.8888888888889,0.11609419152276293,669.5833333333333,840.515873015873,0.044001556593284405,0.9999999999999999,1.0,0.9999999999999999,64,8,2.2403618564129095,0,2.2403618564129095,False,False,False,True,0,963,7,0.4,0.3,0.3,balanced
1781377982254.507,0.4,0.3,0.3,581.2904238618524,593.3333333333334,0.11625808477237048,751.8363437328954,933.5331143951834,0.049488748748025044,0.9999999999999999,1.0,0.9999999999999999,65,8,2.2386501414666444,0,2.2386501414666444,False,False,False,True,0,964,7,0.4,0.3,0.3,balanced
1781377992871.319,0.4,0.3,0.3,90.4375,136.88888888888889,0.0180875,199.5206611570248,147.5390266299357,0.012643139503470633,0.1467391304347826,0.2222222222222222,0.1467391304347826,65,8,2.0329937972793934,2,2.0329937972793934,False,False,False,True,0,965,7,0.4,0.3,0.3,balanced
1781377995496.351,0.4,0.3,0.3,584.9701726844584,596.6666666666666,0.11699403453689167,657.3686371100165,847.408319649699,0.043186700274183885,0.9999999999999999,1.0,0.9999999999999999,64,8,2.2402463761029883,1,2.2402463761029883,False,False,False,True,0,966,7,0.4,0.3,0.3,balanced
1781377998110.361,0.4,0.3,0.3,583.6295133437991,595.7777777777778,0.11672590266875982,765.5244886375154,960.3370228466015,0.050401900509507366,0.9999999999999999,1.0,0.9999999999999999,65,8,2.238189068779644,0,2.238189068779644,False,False,False,True,0,967,7,0.4,0.3,0.3,balanced
1781378000736.215,0.4,0.3,0.3,581.5353218210361,592.4444444444445,0.11630706436420721,737.911877394636,929.4991789819376,0.04855983171411848,0.9944784279759648,0.9961685823754789,0.9944784279759648,67,8,2.237252753132871,0,2.237252753132871,False,False,False,True,0,968,7,0.4,0.3,0.3,balanced
1781378003356.852,0.4,0.3,0.3,582.1742543171114,593.8888888888889,0.11643485086342227,720.8100711548987,894.4211822660099,0.04741895071080044,0.9999999999999999,1.0,0.9999999999999999,65,8,2.239200374441391,1,2.239200374441391,False,False,False,True,0,969,7,0.4,0.3,0.3,balanced
1781378005980.309,0.4,0.3,0.3,582.2087912087911,593.6666666666666,0.11644175824175823,662.6313628899835,869.4417077175698,0.04353778271447522,0.9999999999999999,1.0,0.9999999999999999,67,8,2.240361961888954,0,2.240361961888954,False,False,False,True,0,970,7,0.4,0.3,0.3,balanced
1781378008904.9312,0.4,0.3,0.3,425.3720565149136,463.77777777777777,0.08507441130298272,603.984126984127,751.6507936507937,0.03962535870474496,0.728414442700157,0.7777777777777778,0.728414442700157,68,8,2.1726069606774305,0,2.1726069606774305,False,False,False,True,0,971,7,0.4,0.3,0.3,balanced
1781378011526.653,0.4,0.3,0.3,580.668759811617,592.2222222222222,0.1161337519623234,777.1449096880131,954.0818281335523,0.051177112053903476,0.9999999999999999,1.0,0.9999999999999999,67,8,2.2381933655988995,1,2.2381933655988995,False,False,False,True,0,972,7,0.4,0.3,0.3,balanced
1781378014247.812,0.4,0.3,0.3,493.83202511773936,532.1111111111111,0.09876640502354787,820.449522102748,1160.1129032258066,0.05406601214828206,0.8627494954025566,0.9047619047619047,0.8627494954025566,65,8,2.203098482966863,1,2.203098482966863,False,False,False,True,0,973,7,0.4,0.3,0.3,balanced
1781378016865.1782,0.4,0.3,0.3,582.3375196232339,594.4444444444445,0.11646750392464678,722.9488232074439,904.1570881226054,0.04756162930002961,0.9999999999999999,1.0,0.9999999999999999,64,8,2.2391445096401323,1,2.2391445096401323,False,False,False,True,0,974,7,0.4,0.3,0.3,balanced
1781378043499.374,0.4,0.3,0.3,581.1397174254316,593.5555555555555,0.11622794348508632,737.0489078822412,905.4241848686293,0.048502262033505085,0.9999999999999999,1.0,0.9999999999999999,65,8,2.238958143995914,0,2.238958143995914,False,False,False,True,0,975,7,0.4,0.3,0.3,balanced
1781378069922.6748,0.4,0.3,0.3,581.7331240188382,593.7777777777778,0.11634662480376765,656.9072491294713,833.2399493510605,0.04315592055566853,0.9999999999999999,1.0,0.9999999999999999,64,8,2.2405145739117924,1,2.2405145739117924,False,False,False,True,0,976,7,0.4,0.3,0.3,balanced
1781378092754.424,0.4,0.3,0.3,582.12715855573,594.3333333333334,0.11642543171114601,745.4534662867995,921.8961696739475,0.04906293971226148,0.9999999999999999,1.0,0.9999999999999999,65,8,2.238710945401863,0,2.238710945401863,False,False,False,True,0,977,7,0.4,0.3,0.3,balanced
1781378121783.062,0.4,0.3,0.3,583.1946624803767,595.2222222222222,0.11663893249607533,982.1439974457215,1095.2151979565772,0.0648528350530835,0.957404500261643,0.9185185185185184,0.957404500261643,64,8,2.2211099265641376,1,2.2211099265641376,False,False,False,True,0,978,7,0.4,0.3,0.3,balanced
1781378148207.319,0.4,0.3,0.3,584.9654631083201,597.3333333333334,0.11699309262166403,647.6289965178854,820.667932890155,0.04253695773968549,0.9999999999999999,1.0,0.9999999999999999,61,8,2.2404416756294285,1,2.2404416756294285,False,False,False,True,0,979,7,0.4,0.3,0.3,balanced
1781378174723.757,0.4,0.3,0.3,587.6938775510203,600.6666666666666,0.11753877551020404,657.4382716049381,824.7261791706236,0.04319134567077639,0.9999999999999999,1.0,0.9999999999999999,59,8,2.2400270860946856,1,2.2400270860946856,False,False,False,True,0,980,7,0.4,0.3,0.3,balanced
1781378207260.8098,0.4,0.3,0.3,429.32025117739397,470.1111111111111,0.0858640502354788,534.3085901027077,631.8048552754434,0.03497722415628471,0.728414442700157,0.7777777777777778,0.728414442700157,58,8,2.1736855454689703,1,2.1736855454689703,False,False,False,True,0,981,7,0.4,0.3,0.3,balanced
1781378230198.596,0.4,0.3,0.3,586.1962323390894,599.4444444444445,0.11723924646781789,661.8621399176955,825.3956948401393,0.04348646697249469,0.9999999999999999,1.0,0.9999999999999999,59,8,2.2400583613211245,0,2.2400583613211245,False,False,False,True,0,982,7,0.4,0.3,0.3,balanced
1781378256807.2769,0.4,0.3,0.3,586.2621664050235,599.8888888888889,0.11725243328100471,609.6375435264324,781.0446343779677,0.04000250457147648,0.9999999999999999,1.0,0.9999999999999999,58,8,2.2410982753161552,1,2.2410982753161552,False,False,False,True,0,983,7,0.4,0.3,0.3,balanced
1781378283625.415,0.4,0.3,0.3,587.1899529042387,600.0,0.11743799058084774,656.8937955049065,818.8936372269704,0.04315502304902645,0.9999999999999999,1.0,0.9999999999999999,59,8,2.240078296852953,0,2.240078296852953,False,False,False,True,0,984,7,0.4,0.3,0.3,balanced
1781378306964.812,0.4,0.3,0.3,586.0392464678179,599.8888888888889,0.11720784929356358,671.2163659385882,812.9645457423236,0.04411049806128006,0.9999999999999999,1.0,0.9999999999999999,58,8,2.2398837108641905,1,2.2398837108641905,False,False,False,True,0,985,7,0.4,0.3,0.3,balanced
1781378333575.98,0.4,0.3,0.3,590.7158555729984,604.0,0.11814317111459968,1020.59670781893,1227.1604938271605,0.0674180592274136,0.9999999999999999,1.0,0.9999999999999999,56,8,2.232517313785936,1,2.232517313785936,False,False,False,True,0,986,7,0.4,0.3,0.3,balanced
1781378360404.84,0.4,0.3,0.3,589.9858712715854,604.6666666666666,0.11799717425431709,600.679012345679,765.7613168724279,0.039404870736869844,0.9999999999999999,1.0,0.9999999999999999,55,8,2.240979669077212,1,2.240979669077212,False,False,False,True,0,987,7,0.4,0.3,0.3,balanced
1781378387013.449,0.4,0.3,0.3,588.1726844583987,602.0,0.11763453689167976,586.7932890155112,757.2079772079773,0.038478538293229565,0.9999999999999999,1.0,0.9999999999999999,56,8,2.2414026237553593,0,2.2414026237553593,False,False,False,True,0,988,7,0.4,0.3,0.3,balanced
1781378409848.721,0.4,0.3,0.3,590.3956043956044,604.1111111111111,0.11807912087912088,572.1581196581196,736.3801836024057,0.03750220945017476,0.9999999999999999,1.0,0.9999999999999999,55,8,2.2415176888132993,1,2.2415176888132993,False,False,False,True,0,989,7,0.4,0.3,0.3,balanced
1781378436685.185,0.4,0.3,0.3,591.0219780219779,605.4444444444445,0.11820439560439558,535.0443178220955,687.9249762583095,0.035026305391734194,0.9999999999999999,1.0,0.9999999999999999,53,8,2.2422103501407213,1,2.2422103501407213,False,False,False,True,0,990,7,0.4,0.3,0.3,balanced
1781378463512.824,0.4,0.3,0.3,591.7739403453689,606.6666666666666,0.11835478806907379,576.1926242481798,733.94903450459,0.03777135585378117,0.9999999999999999,1.0,0.9999999999999999,52,8,2.241326678016236,1,2.241326678016236,False,False,False,True,0,991,7,0.4,0.3,0.3,balanced
1781378487047.935,0.4,0.3,0.3,593.6405023547879,609.2222222222222,0.11872810047095758,563.8743612354723,668.4012797901686,0.036949590476015495,0.9881388452817024,0.9917695473251028,0.9881388452817024,50,8,2.237865536253323,1,2.237865536253323,False,False,False,True,0,992,7,0.4,0.3,0.3,balanced
1781378513957.989,0.4,0.3,0.3,593.839874411303,609.1111111111111,0.1187679748822606,474.1073124406457,578.8065843621399,0.03096112824820852,0.9999999999999999,1.0,0.9999999999999999,49,8,2.243204471572633,1,2.243204471572633,False,False,False,True,0,993,7,0.4,0.3,0.3,balanced
1781378540783.214,0.4,0.3,0.3,594.6656200941915,611.6666666666666,0.1189331240188383,465.6172839506173,571.9341563786008,0.030394748762549523,0.9999999999999999,1.0,0.9999999999999999,47,8,2.2433083257637,1,2.2433083257637,False,False,False,True,0,994,7,0.4,0.3,0.3,balanced
1781378567597.919,0.4,0.3,0.3,597.6593406593406,614.3333333333334,0.11953186813186813,450.8816081038303,561.5194681861349,0.029411715016933307,0.9999999999999999,1.0,0.9999999999999999,46,8,2.2433637382421727,1,2.2433637382421727,False,False,False,True,0,995,7,0.4,0.3,0.3,balanced
1781378591026.659,0.4,0.3,0.3,599.7566718995291,617.0,0.11995133437990582,411.4268755935422,524.8955365622032,0.026779644802771327,0.9999999999999999,1.0,0.9999999999999999,44,8,2.243985572807206,1,2.243985572807206,False,False,False,True,0,996,7,0.4,0.3,0.3,balanced
1781378617634.311,0.4,0.3,0.3,600.3437990580848,618.2222222222222,0.12006875981161695,375.78189300411515,473.2304526748971,0.024401727351842237,0.9999999999999999,1.0,0.9999999999999999,43,8,2.2446519778698004,1,2.2446519778698004,False,False,False,True,0,997,7,0.4,0.3,0.3,balanced
1781378644257.323,0.4,0.3,0.3,603.320251177394,621.3333333333334,0.1206640502354788,371.6096866096866,477.4596391263058,0.02412339470378163,0.9999999999999999,1.0,0.9999999999999999,41,8,2.244497361494674,1,2.244497361494674,False,False,False,True,0,998,7,0.4,0.3,0.3,balanced
1781378667292.9849,0.4,0.3,0.3,604.7802197802198,623.7777777777778,0.12095604395604397,371.00823045267487,468.42196897752456,0.024083270877429945,0.9999999999999999,1.0,0.9999999999999999,40,8,2.2443926011543534,1,2.2443926011543534,False,False,False,True,0,999,7,0.4,0.3,0.3,balanced
1781378693811.003,0.4,0.3,0.3,608.5510204081633,629.0,0.12171020408163265,369.02500791389684,441.9768914213359,0.023950967839486113,0.9999999999999999,1.0,0.9999999999999999,38,8,2.244130628015501,1,2.244130628015501,False,False,False,True,0,1000,7,0.4,0.3,0.3,balanced
1781378720218.38,0.4,0.3,0.3,610.171114599686,630.6666666666666,0.12203422291993721,443.21937321937315,535.542893320671,0.02890055858701622,0.9999999999999999,1.0,0.9999999999999999,37,8,2.24251614325592,1,2.24251614325592,False,False,False,True,0,1001,7,0.4,0.3,0.3,balanced
1781378746842.115,0.4,0.3,0.3,615.0737833594976,636.6666666666666,0.12301475667189953,340.1123773345995,445.94175371953156,0.02202217327115407,0.9999999999999999,1.0,0.9999999999999999,35,8,2.244187445349894,1,2.244187445349894,False,False,False,True,0,1002,7,0.4,0.3,0.3,balanced
1781378769972.439,0.4,0.3,0.3,617.5981161695447,640.1111111111111,0.12351962323390894,303.8817663817664,387.1921494143716,0.019605187884040455,0.9999999999999999,1.0,0.9999999999999999,34,8,2.244710594341224,1,2.244710594341224,False,False,False,True,0,1003,7,0.4,0.3,0.3,balanced
1781378796878.8071,0.4,0.3,0.3,621.2621664050235,645.2222222222222,0.12425243328100471,310.2769863880975,386.744222855334,0.020031820306077218,0.9999999999999999,1.0,0.9999999999999999,32,8,2.244289480595775,1,2.244289480595775,False,False,False,True,0,1004,7,0.4,0.3,0.3,balanced
1781378823609.235,0.4,0.3,0.3,615.447409733124,637.8888888888889,0.1230894819466248,289.18724279835385,367.68281101614434,0.01862489945285883,0.9999999999999999,1.0,0.9999999999999999,34,8,2.2451767373854925,0,2.2451767373854925,False,False,False,True,0,1005,7,0.4,0.3,0.3,balanced
1781378882848.85,0.4,0.3,0.3,621.9105180533752,645.7777777777778,0.12438210361067505,292.58151313706867,385.9765748654638,0.018851335099204048,0.9999999999999999,1.0,0.9999999999999999,32,8,2.244591758025969,1,2.244591758025969,False,False,False,True,1,1006,7,0.4,0.3,0.3,balanced
1781378909955.622,0.4,0.3,0.3,629.1852433281003,655.1111111111111,0.12583704866562007,293.7685976574865,367.17632162076603,0.018930526861740262,0.9999999999999999,1.0,0.9999999999999999,29,8,2.2439860224752297,1,2.2439860224752297,False,False,False,True,0,1007,7,0.4,0.3,0.3,balanced
1781378936677.677,0.4,0.3,0.3,633.5353218210361,660.6666666666666,0.1267070643642072,280.2279202279202,366.9056663501108,0.018027212823743845,0.9999999999999999,1.0,0.9999999999999999,28,8,2.2439090104071937,1,2.2439090104071937,False,False,False,True,0,1008,7,0.4,0.3,0.3,balanced
1781378963497.7642,0.4,0.3,0.3,639.1868131868131,668.8888888888889,0.12783736263736262,249.67078189300412,322.769863880975,0.015988711267044972,0.9999999999999999,1.0,0.9999999999999999,26,8,2.2440684415649415,1,2.2440684415649415,False,False,False,True,0,1009,7,0.4,0.3,0.3,balanced
1781378986633.087,0.4,0.3,0.3,642.5431711145997,672.4444444444445,0.12850863422291994,217.4264007597341,283.0246913580247,0.013837651818527958,0.9999999999999999,1.0,0.9999999999999999,25,8,2.2444452507652737,1,2.2444452507652737,False,False,False,True,0,1010,7,0.4,0.3,0.3,balanced
1781379013448.3481,0.4,0.3,0.3,653.563579277865,686.5555555555555,0.13071271585557298,224.30199430199428,289.15004748338083,0.014296330507137711,0.9999999999999999,1.0,0.9999999999999999,23,8,2.2434260145056295,1,2.2434260145056295,False,False,False,True,0,1011,7,0.4,0.3,0.3,balanced
1781379040172.962,0.4,0.3,0.3,658.8916797488225,693.4444444444445,0.1317783359497645,195.97974042418485,256.6033554922444,0.01240692064204035,0.9999999999999999,1.0,0.9999999999999999,22,8,2.243566589427482,1,2.243566589427482,False,False,False,True,0,1012,7,0.4,0.3,0.3,balanced
1781379067097.019,0.4,0.3,0.3,651.7660910518052,684.6666666666666,0.13035321821036105,197.6242481798037,257.730294396961,0.012516627630407184,0.9940694226408512,0.9958847736625513,0.9940694226408512,23,8,2.2423245512189887,0,2.2423245512189887,False,False,False,True,0,1013,7,0.4,0.3,0.3,balanced
1781379090336.7742,0.4,0.3,0.3,658.1365777080063,692.7777777777778,0.13162731554160126,210.3434631212409,279.88920544476105,0.013365140968728545,0.9999999999999999,1.0,0.9999999999999999,22,8,2.2433395314927407,1,2.2433395314927407,False,False,False,True,0,1014,7,0.4,0.3,0.3,balanced
1781379119554.483,0.4,0.3,0.3,669.7409733124018,707.3333333333334,0.13394819466248037,216.1744222855334,286.63659385881607,0.01375413090630643,0.8972265829408687,0.90242656449553,0.8972265829408687,20,8,2.2114624577453763,1,2.2114624577453763,False,False,False,True,0,1015,7,0.4,0.3,0.3,balanced
1781379146583.3882,0.4,0.3,0.3,671.2527472527472,708.5555555555555,0.13425054945054946,192.1003482114593,265.82462804685025,0.012148121962072001,0.9999999999999999,1.0,0.9999999999999999,20,8,2.2426553436311587,2,2.2426553436311587,False,False,False,True,0,1016,7,0.4,0.3,0.3,balanced
1781379169826.557,0.4,0.3,0.3,675.8273155416013,715.2222222222222,0.13516546310832026,186.58911047799936,241.98797087685978,0.011780461005870537,0.9999999999999999,1.0,0.9999999999999999,19,8,2.2423996764549106,1,2.2423996764549106,False,False,False,True,0,1017,7,0.4,0.3,0.3,balanced
1781379196737.802,0.4,0.3,0.3,691.8430141287284,736.0,0.1383686028257457,192.31560620449505,249.3178220955999,0.012162482068345234,0.9999999999999999,1.0,0.9999999999999999,17,8,2.241003814249198,1,2.241003814249198,False,False,False,True,0,1018,7,0.4,0.3,0.3,balanced
1781379223557.069,0.4,0.3,0.3,703.6781789638932,750.6666666666666,0.14073563579277865,145.9924026590693,195.40835707502373,0.00907220831614872,0.9999999999999999,1.0,0.9999999999999999,16,8,2.2409840831880437,1,2.2409840831880437,False,False,False,True,0,1019,7,0.4,0.3,0.3,balanced
1781379251381.7861,0.4,0.3,0.3,722.557299843014,775.8888888888889,0.1445114599686028,200.09816849816846,271.3344322344322,0.012681665676995895,0.9803061639796333,0.9838330393885949,0.9803061639796333,14,8,2.23248276550335,1,2.23248276550335,False,False,False,True,0,1020,7,0.4,0.3,0.3,balanced
1781379274921.927,0.4,0.3,0.3,738.921507064364,796.5555555555555,0.1477843014128728,105.54922443811333,140.1994301994302,0.006374197761048254,0.9999999999999999,1.0,0.9999999999999999,13,8,2.2389740201065362,1,2.2389740201065362,False,False,False,True,0,1021,7,0.4,0.3,0.3,balanced
1781379304851.263,0.4,0.3,0.3,688.6483516483516,783.1111111111111,0.13772967032967032,84.55619412515964,101.04980842911877,0.0049737287608512095,0.8398744113029827,0.8888888888888888,0.8398744113029827,11,8,2.195378336630771,1,2.195378336630771,False,False,False,True,0,1022,7,0.4,0.3,0.3,balanced
1781379333162.811,0.4,0.3,0.3,742.3987441130297,799.3333333333334,0.14847974882260595,125.0509715380405,177.17364532019707,0.007675181556907305,0.9313747477012783,0.9523809523809523,0.9313747477012783,13,8,2.217717970314269,0,2.217717970314269,False,False,False,True,0,1023,7,0.4,0.3,0.3,balanced
1781379360284.74,0.4,0.3,0.3,776.0015698587127,844.0,0.15520031397174255,95.72253877809433,126.06995884773661,0.005718648350773471,0.9999999999999999,1.0,0.9999999999999999,11,8,2.236204279906071,1,2.236204279906071,False,False,False,True,0,1024,7,0.4,0.3,0.3,balanced
1781379383825.866,0.4,0.3,0.3,741.1459968602825,798.8888888888889,0.1482291993720565,111.57407407407406,145.110794555239,0.00677612235317372,0.9999999999999999,1.0,0.9999999999999999,13,8,2.2386754835452254,0,2.2386754835452254,False,False,False,True,0,1025,7,0.4,0.3,0.3,balanced
1781379411051.26,0.4,0.3,0.3,775.0486656200942,842.5555555555555,0.15500973312401883,204.8150997150997,210.67217473884142,0.012996337539366224,0.9957130781306603,0.9957264957264957,0.9957130781306603,11,8,2.2328111289277808,1,2.2328111289277808,False,False,False,True,0,1026,7,0.4,0.3,0.3,balanced
1781379449182.831,0.4,0.3,0.3,535.9419152276295,582.8888888888889,0.10718838304552589,52.791666666666664,72.91666666666667,0.0028546808983766956,0.6703296703296703,0.6666666666666666,0.6703296703296703,10,8,2.157367143611178,1,2.157367143611178,False,False,False,True,0,1027,7,0.4,0.3,0.3,balanced
1781379476405.0469,0.4,0.3,0.3,775.1475667189953,843.1111111111111,0.15502951334379908,90.95837290281735,121.14434947768281,0.005400825410461464,0.9999999999999999,1.0,0.9999999999999999,11,8,2.236367947039342,0,2.236367947039342,False,False,False,True,0,1028,7,0.4,0.3,0.3,balanced
1781379503410.182,0.4,0.3,0.3,738.8759811616953,797.0,0.14777519623233906,127.87242798353908,157.34979423868313,0.007863404134992601,0.9938413235116531,0.9957264957264957,0.9938413235116531,13,8,2.2366832973200625,0,2.2366832973200625,False,False,False,True,0,1029,7,0.4,0.3,0.3,balanced
1781379526844.356,0.4,0.3,0.3,725.7032967032967,779.1111111111111,0.14514065934065934,141.69040835707503,180.1946818613485,0.00878521736871748,0.9999999999999999,1.0,0.9999999999999999,14,8,2.239308171053121,0,2.239308171053121,False,False,False,True,0,1030,7,0.4,0.3,0.3,balanced
1781379553866.647,0.4,0.3,0.3,740.1805337519622,798.0,0.14803610675039244,174.67394745172524,226.81386514719847,0.010985586888040376,0.9999999999999999,1.0,0.9999999999999999,13,8,2.2374898812334307,1,2.2374898812334307,False,False,False,True,0,1031,7,0.4,0.3,0.3,balanced
1781379581297.242,0.4,0.3,0.3,773.2260596546311,841.0,0.1546452119309262,139.0872427983539,183.07160493827163,0.008611557224706731,0.9999999999999999,1.0,0.9999999999999999,11,8,2.2355584480602175,1,2.2355584480602175,False,False,False,True,0,1032,7,0.4,0.3,0.3,balanced
1781379608320.421,0.4,0.3,0.3,798.1491365777078,873.1111111111111,0.15962982731554157,73.940329218107,106.7363089585312,0.004265532302742295,0.9999999999999999,1.0,0.9999999999999999,10,8,2.2348684093829605,1,2.2348684093829605,False,False,False,True,0,1033,7,0.4,0.3,0.3,balanced
1781379631658.762,0.4,0.3,0.3,775.3249607535321,843.1111111111111,0.1550649921507064,154.49271921494142,196.87084520417855,0.009639274130416372,0.9978487121344263,0.9958847736625513,0.9978487121344263,11,8,2.2344368345409205,0,2.2344368345409205,False,False,False,True,0,1034,7,0.4,0.3,0.3,balanced
1781379658972.085,0.4,0.3,0.3,738.3249607535321,795.3333333333334,0.14766499215070641,337.3804368471035,380.5475150364039,0.021839922404743396,0.9895924181638466,0.9916112693890473,0.9895924181638466,13,8,2.2312597518674484,0,2.2312597518674484,False,False,False,True,0,1035,7,0.4,0.3,0.3,balanced
1781379685989.023,0.4,0.3,0.3,723.9921507064364,777.6666666666666,0.1447984301412873,176.01456157011714,227.95979740424184,0.011075020785197941,0.9999999999999999,1.0,0.9999999999999999,14,8,2.2387581217079258,0,2.2387581217079258,False,False,False,True,0,1036,7,0.4,0.3,0.3,balanced
1781379712919.221,0.4,0.3,0.3,701.9356357927786,749.2222222222222,0.14038712715855572,193.35153529597972,249.25451092117763,0.01223159007978517,0.9999999999999999,1.0,0.9999999999999999,16,8,2.2401756721126422,0,2.2401756721126422,False,False,False,True,0,1037,7,0.4,0.3,0.3,balanced
1781379736550.562,0.4,0.3,0.3,693.0015698587127,737.5555555555555,0.13860031397174255,171.4648622981956,215.0696422918645,0.010771505156650808,0.9999999999999999,1.0,0.9999999999999999,17,8,2.241328422864308,0,2.241328422864308,False,False,False,True,0,1038,7,0.4,0.3,0.3,balanced
1781379763564.842,0.4,0.3,0.3,675.0062794348509,714.4444444444445,0.13500125588697018,246.6911997467553,292.798353909465,0.015789939943079073,0.9999999999999999,1.0,0.9999999999999999,19,8,2.2412625156622883,0,2.2412625156622883,False,False,False,True,0,1039,7,0.4,0.3,0.3,balanced
1781379793095.766,0.4,0.3,0.3,623.0313971742543,619.8888888888889,0.12460627943485085,204.57407407407408,267.7037037037037,0.012980258443900872,0.9419152276295132,0.8888888888888888,0.9419152276295132,20,8,2.228837978981743,0,2.228837978981743,False,False,False,True,0,1040,7,0.4,0.3,0.3,balanced
1781379820207.0688,0.4,0.3,0.3,658.668759811617,693.1111111111111,0.1317337519623234,214.29170623615065,277.9313073757519,0.013628532770923992,0.9999999999999999,1.0,0.9999999999999999,22,8,2.2432179393837934,0,2.2432179393837934,False,False,False,True,0,1041,7,0.4,0.3,0.3,balanced
1781379843543.463,0.4,0.3,0.3,653.6342229199372,686.4444444444445,0.13072684458398745,204.06695156695156,253.19879708768596,0.012946427722945401,0.9999999999999999,1.0,0.9999999999999999,23,8,2.2438253338495215,0,2.2438253338495215,False,False,False,True,0,1042,7,0.4,0.3,0.3,balanced
1781379870558.404,0.4,0.3,0.3,644.5824175824175,675.6666666666666,0.1289164835164835,224.085153529598,293.2019626464071,0.014281864811847764,0.9999999999999999,1.0,0.9999999999999999,25,8,2.244148847149852,0,2.244148847149852,False,False,False,True,0,1043,7,0.4,0.3,0.3,balanced
1781379897372.905,0.4,0.3,0.3,653.6640502354787,686.8888888888889,0.13073281004709575,184.70481164925607,242.41373852484963,0.011654757281471386,0.9999999999999999,1.0,0.9999999999999999,23,8,2.24421044879672,1,2.24421044879672,False,False,False,True,0,1044,7,0.4,0.3,0.3,balanced
1781379921011.464,0.4,0.3,0.3,658.767660910518,693.4444444444445,0.1317535321821036,398.41880341880335,452.2285533396644,0.02591186146889949,0.9940694226408512,0.9958847736625513,0.9940694226408512,22,8,2.237745855478744,1,2.237745855478744,False,False,False,True,0,1045,7,0.4,0.3,0.3,balanced
1781379947948.763,0.4,0.3,0.3,653.043956043956,685.8888888888889,0.1306087912087912,242.3262108262108,305.97879075656857,0.015498746552782576,0.9916900356460795,0.9916112693890473,0.9916900356460795,23,8,2.2406138702444727,0,2.2406138702444727,False,False,False,True,0,1046,7,0.4,0.3,0.3,balanced
1781379974959.434,0.4,0.3,0.3,645.2888540031397,676.2222222222222,0.12905777080062794,272.56331117442227,361.39284583729034,0.017515898010301685,0.9999999999999999,1.0,0.9999999999999999,25,8,2.243122122276658,0,2.243122122276658,False,False,False,True,0,1047,7,0.4,0.3,0.3,balanced
1781380002093.503,0.4,0.3,0.3,641.4332810047096,671.3333333333334,0.1282866562009419,242.1106362773029,315.4843304843305,0.015484365328705996,0.9999999999999999,1.0,0.9999999999999999,26,8,2.2440400279210113,0,2.2440400279210113,False,False,False,True,0,1048,7,0.4,0.3,0.3,balanced
1781380025128.405,0.4,0.3,0.3,634.8759811616954,661.3333333333334,0.12697519623233908,236.04621715732824,308.8746438746438,0.015079801011162658,0.9999999999999999,1.0,0.9999999999999999,28,8,2.2446859812037157,0,2.2446859812037157,False,False,False,True,0,1049,7,0.4,0.3,0.3,balanced
1781380052141.523,0.4,0.3,0.3,640.7315541601255,669.6666666666666,0.1281463108320251,273.2122507122507,352.51503640392525,0.017559189507154817,0.9999999999999999,1.0,0.9999999999999999,26,8,2.2434737188150433,1,2.2434737188150433,False,False,False,True,0,1050,7,0.4,0.3,0.3,balanced
1781380079053.526,0.4,0.3,0.3,633.9560439560439,661.6666666666666,0.12679120879120878,269.4207027540361,356.1253561253561,0.017306251017614148,0.9999999999999999,1.0,0.9999999999999999,28,8,2.2440916411782323,0,2.2440916411782323,False,False,False,True,0,1051,7,0.4,0.3,0.3,balanced
1781380102187.205,0.4,0.3,0.3,640.441130298273,669.2222222222222,0.12808822605965461,277.67489711934155,364.09465020576135,0.017856897739782624,0.9999999999999999,1.0,0.9999999999999999,26,8,2.2434076402542034,1,2.2434076402542034,False,False,False,True,0,1052,7,0.4,0.3,0.3,balanced
1781380128813.8672,0.4,0.3,0.3,633.3390894819465,660.2222222222222,0.1266678178963893,273.5533396644508,349.5868945868946,0.01758194394025689,0.9999999999999999,1.0,0.9999999999999999,28,8,2.244058289659367,0,2.244058289659367,False,False,False,True,0,1053,7,0.4,0.3,0.3,balanced
1781380155846.652,0.4,0.3,0.3,632.9937205651491,659.7777777777778,0.12659874411302982,295.0023741690408,375.610952833175,0.01901283350026957,0.9999999999999999,1.0,0.9999999999999999,28,8,2.2436566523047072,2,2.2436566523047072,False,False,False,True,0,1054,7,0.4,0.3,0.3,balanced
1781380182463.055,0.4,0.3,0.3,630.4364207221348,656.7777777777778,0.12608728414442696,307.64165875276984,390.4273504273504,0.01985601459324682,0.9999999999999999,1.0,0.9999999999999999,29,8,2.243608281964255,0,2.243608281964255,False,False,False,True,0,1055,7,0.4,0.3,0.3,balanced
1781380205399.334,0.4,0.3,0.3,621.8806907378336,646.4444444444445,0.1243761381475667,348.3206710984488,436.5052231718899,0.022569757911837813,0.9999999999999999,1.0,0.9999999999999999,32,8,2.2434786173674217,0,2.2434786173674217,False,False,False,True,0,1056,7,0.4,0.3,0.3,balanced
1781380232314.488,0.4,0.3,0.3,617.8901098901098,640.6666666666666,0.12357802197802195,336.28679962013297,431.94523583412473,0.021766964617754035,0.9999999999999999,1.0,0.9999999999999999,34,8,2.244038701823465,0,2.244038701823465,False,False,False,True,0,1057,7,0.4,0.3,0.3,balanced
1781380259138.637,0.4,0.3,0.3,615.6734693877551,637.1111111111111,0.12313469387755101,351.9468186134853,459.0471668249446,0.022811662349131772,0.9999999999999999,1.0,0.9999999999999999,35,8,2.24390262374424,0,2.24390262374424,False,False,False,True,0,1058,7,0.4,0.3,0.3,balanced
1781380285749.375,0.4,0.3,0.3,618.9638932496075,641.8888888888889,0.1237927786499215,352.00063311174415,442.9724596391263,0.022815252375700076,0.9999999999999999,1.0,0.9999999999999999,34,8,2.243638312827321,1,2.243638312827321,False,False,False,True,0,1059,7,0.4,0.3,0.3,balanced
1781380308982.516,0.4,0.3,0.3,617.9167974882259,639.8888888888889,0.12358335949764519,326.5732826843938,428.727445394112,0.02111896482217437,0.9999999999999999,1.0,0.9999999999999999,35,8,2.2442309667542895,0,2.2442309667542895,False,False,False,True,0,1060,7,0.4,0.3,0.3,balanced
1781380335798.95,0.4,0.3,0.3,613.7268445839874,634.3333333333334,0.12274536891679748,350.1432415321304,452.76828110161443,0.022691343664585084,0.9999999999999999,1.0,0.9999999999999999,37,8,2.2440944493339052,0,2.2440944493339052,False,False,False,True,0,1061,7,0.4,0.3,0.3,balanced
1781380362825.37,0.4,0.3,0.3,611.5918367346937,631.5555555555555,0.12231836734693875,387.832383665717,493.98702120924344,0.025205629330601532,0.9999999999999999,1.0,0.9999999999999999,38,8,2.243510964262044,0,2.243510964262044,False,False,False,True,0,1062,7,0.4,0.3,0.3,balanced
1781380386761.6938,0.4,0.3,0.3,604.9795918367347,624.6666666666666,0.12099591836734694,650.534188034188,770.4099398543844,0.042730766379865774,0.9956974242688528,0.9958847736625513,0.9956974242688528,40,8,2.237491630019757,0,2.237491630019757,False,False,False,True,0,1063,7,0.4,0.3,0.3,balanced
1781380413887.314,0.4,0.3,0.3,603.8775510204081,623.0,0.12077551020408162,378.29534662867997,501.20924343146567,0.024569402710385588,0.9999999999999999,1.0,0.9999999999999999,41,8,2.2443189751052515,0,2.2443189751052515,False,False,False,True,0,1064,7,0.4,0.3,0.3,balanced
1781380441105.255,0.4,0.3,0.3,601.5541601255886,619.7777777777778,0.12031083202511772,404.5061728395061,534.8971193415638,0.0263179568271852,0.9999999999999999,1.0,0.9999999999999999,43,8,2.2439802801417974,0,2.2439802801417974,False,False,False,True,0,1065,7,0.4,0.3,0.3,balanced
1781380468622.175,0.4,0.3,0.3,600.6891679748823,618.7777777777778,0.12013783359497646,497.29614027947355,620.0542169764392,0.03250808140623573,0.9881388452817024,0.9917695473251028,0.9881388452817024,44,8,2.2386340957246493,0,2.2386340957246493,False,False,False,True,0,1066,7,0.4,0.3,0.3,balanced
1781380492457.215,0.4,0.3,0.3,598.3076923076922,615.2222222222222,0.11966153846153843,484.9762583095916,641.3754352643241,0.0316862080259901,0.9999999999999999,1.0,0.9999999999999999,46,8,2.2426295222075874,0,2.2426295222075874,False,False,False,True,0,1067,7,0.4,0.3,0.3,balanced
1781380519078.4111,0.4,0.3,0.3,594.9481946624804,612.2222222222222,0.11898963893249609,476.8740107628997,620.250079138968,0.031145697849426262,0.9999999999999999,1.0,0.9999999999999999,47,8,2.2430604350721737,0,2.2430604350721737,False,False,False,True,0,1068,7,0.4,0.3,0.3,balanced
1781380545698.494,0.4,0.3,0.3,593.1067503924646,608.8888888888889,0.11862135007849292,483.4298828743273,617.3282684393795,0.03158304755665959,0.99587185301471,0.9958847736625516,0.99587185301471,49,8,2.241838101606018,0,2.241838101606018,False,False,False,True,0,1069,7,0.4,0.3,0.3,balanced
1781380575313.854,0.4,0.3,0.3,522.1114599686028,538.2222222222222,0.10442229199372056,668.0312899106002,802.1443167305238,0.043898018006044044,0.9061389738081467,0.9064327485380116,0.9061389738081467,50,8,2.2169033699431426,0,2.2169033699431426,False,False,False,True,0,1070,7,0.4,0.3,0.3,balanced
1781380598551.055,0.4,0.3,0.3,591.6153846153845,607.2222222222222,0.1183230769230769,579.1801202912313,725.5729661285217,0.03797065512283064,0.9999999999999999,1.0,0.9999999999999999,52,8,2.24127957269392,0,2.24127957269392,False,False,False,True,0,1071,7,0.4,0.3,0.3,balanced
1781380625268.2322,0.4,0.3,0.3,589.6891679748823,604.1111111111111,0.11793783359497645,481.63184552073443,630.2532446976891,0.031463098433671406,0.9999999999999999,1.0,0.9999999999999999,53,8,2.243385937031908,0,2.243385937031908,False,False,False,True,0,1072,7,0.4,0.3,0.3,balanced
1781380682492.768,0.4,0.3,0.3,184.04238618524332,283.6666666666667,0.036808477237048665,169.32407407407408,122.74074074074075,0.010628690732093,0.28885400313971743,0.4444444444444444,0.28885400313971743,52,8,2.068744202827468,1,2.068744202827468,False,False,False,True,0,1073,7,0.4,0.3,0.3,balanced
1781380708230.86,0.4,0.3,0.3,503.480376766091,544.7777777777778,0.1006960753532182,441.5555555555555,528.8148148148148,0.028789563412645464,0.8398744113029827,0.8888888888888888,0.8398744113029827,53,8,2.203047024225814,0,2.203047024225814,False,False,False,True,0,1074,7,0.4,0.3,0.3,balanced
1781380735346.968,0.4,0.3,0.3,591.2511773940345,606.4444444444445,0.11825023547880689,617.6582779360557,766.6524216524217,0.0405375769136795,0.9901530819898167,0.9919165196942975,0.9901530819898167,52,8,2.2375845573313184,1,2.2375845573313184,False,False,False,True,0,1075,7,0.4,0.3,0.3,balanced
1781380762176.775,0.4,0.3,0.3,590.3971742543172,605.5555555555555,0.11807943485086343,560.1282051282051,676.286799620133,0.03669968012863276,0.9999999999999999,1.0,0.9999999999999999,53,8,2.241758322021065,0,2.241758322021065,False,False,False,True,0,1076,7,0.4,0.3,0.3,balanced
1781380788990.337,0.4,0.3,0.3,589.3642072213501,604.0,0.11787284144427002,515.7114593225705,655.1012978790757,0.03373658834706941,0.9999999999999999,1.0,0.9999999999999999,55,8,2.242729886918171,0,2.242729886918171,False,False,False,True,0,1077,7,0.4,0.3,0.3,balanced
1781380812225.995,0.4,0.3,0.3,591.9874411302983,607.1111111111111,0.11839748822605965,522.9669199113644,663.6799620132955,0.03422060839969075,0.9999999999999999,1.0,0.9999999999999999,53,8,2.2423748221896687,1,2.2423748221896687,False,False,False,True,0,1078,7,0.4,0.3,0.3,balanced
1781380838847.7012,0.4,0.3,0.3,589.2244897959183,603.3333333333334,0.11784489795918367,511.4189616967395,645.8167141500476,0.03345023093373846,0.9999999999999999,1.0,0.9999999999999999,55,8,2.242826971536205,0,2.242826971536205,False,False,False,True,0,1079,7,0.4,0.3,0.3,balanced
1781380865160.1492,0.4,0.3,0.3,588.8194662480377,604.1111111111111,0.11776389324960754,487.7904400126622,647.8664134219689,0.03187394529770929,0.9999999999999999,1.0,0.9999999999999999,53,8,2.243332259110844,1,2.243332259110844,False,False,False,True,0,1080,7,0.4,0.3,0.3,balanced
1781380888294.841,0.4,0.3,0.3,588.1004709576138,602.3333333333334,0.11762009419152275,517.5063311174423,660.1725229503007,0.03385632629202417,0.9999999999999999,1.0,0.9999999999999999,55,8,2.2427950644357835,0,2.2427950644357835,False,False,False,True,0,1081,7,0.4,0.3,0.3,balanced
1781380915218.811,0.4,0.3,0.3,589.1664050235479,603.0,0.11783328100470958,542.0378284267173,711.1126938904716,0.035492850462089214,0.9999999999999999,1.0,0.9999999999999999,56,8,2.242218832459489,0,2.242218832459489,False,False,False,True,0,1082,7,0.4,0.3,0.3,balanced
1781380942237.662,0.4,0.3,0.3,589.679748822606,603.2222222222222,0.11793594976452121,538.866729977841,717.8157644824311,0.0352813028671008,0.9999999999999999,1.0,0.9999999999999999,55,8,2.242241229234061,1,2.242241229234061,False,False,False,True,0,1083,7,0.4,0.3,0.3,balanced
1781380969258.046,0.4,0.3,0.3,591.1946624803767,605.4444444444445,0.11823893249607534,550.4360557138334,712.3092750870528,0.036053105784778744,0.9999999999999999,1.0,0.9999999999999999,53,8,2.241888495266136,1,2.241888495266136,False,False,False,True,0,1084,7,0.4,0.3,0.3,balanced
1781380992391.252,0.4,0.3,0.3,588.9120879120878,603.7777777777778,0.11778241758241756,576.19341563786,745.1155428933206,0.037771408648289526,0.9999999999999999,1.0,0.9999999999999999,55,8,2.2415556103725462,0,2.2415556103725462,False,False,False,True,0,1085,7,0.4,0.3,0.3,balanced
1781381019402.236,0.4,0.3,0.3,590.3328100470958,603.5555555555555,0.11806656200941916,581.9048749604304,755.3387147831593,0.038152426615105435,0.9999999999999999,1.0,0.9999999999999999,56,8,2.2413276472117007,0,2.2413276472117007,False,False,False,True,0,1086,7,0.4,0.3,0.3,balanced
1781381046126.2988,0.4,0.3,0.3,589.9183673469388,604.1111111111111,0.11798367346938776,565.278569167458,724.9493510604622,0.03704326678902322,0.9999999999999999,1.0,0.9999999999999999,55,8,2.2416935505755378,1,2.2416935505755378,False,False,False,True,0,1087,7,0.4,0.3,0.3,balanced
1781381069062.15,0.4,0.3,0.3,588.6091051805337,602.6666666666666,0.11772182103610673,608.4536245647356,780.593542260209,0.03992352398697369,0.9999999999999999,1.0,0.9999999999999999,56,8,2.240934214389465,0,2.240934214389465,False,False,False,True,0,1088,7,0.4,0.3,0.3,balanced
1781381096086.3608,0.4,0.3,0.3,586.8854003139718,600.3333333333334,0.11737708006279436,571.8344412788857,754.4191199746755,0.03748061649625655,0.9999999999999999,1.0,0.9999999999999999,58,8,2.241804983026005,0,2.241804983026005,False,False,False,True,0,1089,7,0.4,0.3,0.3,balanced
1781381122800.432,0.4,0.3,0.3,585.6106750392464,598.6666666666666,0.11712213500784928,616.2733459955682,803.0151946818613,0.04044518652405392,0.9999999999999999,1.0,0.9999999999999999,59,8,2.241017590039644,0,2.241017590039644,False,False,False,True,0,1090,7,0.4,0.3,0.3,balanced
1781381149411.271,0.4,0.3,0.3,584.9309262166405,597.3333333333334,0.1169861852433281,651.9199113643557,823.2003798670465,0.042823209563999716,0.9999999999999999,1.0,0.9999999999999999,59,8,2.240358563033469,2,2.240358563033469,False,False,False,True,0,1091,7,0.4,0.3,0.3,balanced
1781381172741.463,0.4,0.3,0.3,586.7864992150706,600.1111111111111,0.11735729984301413,624.8662551440328,802.8727445394112,0.04101842929579939,0.9999999999999999,1.0,0.9999999999999999,58,8,2.2407515512740543,1,2.2407515512740543,False,False,False,True,0,1092,7,0.4,0.3,0.3,balanced
1781381199566.222,0.4,0.3,0.3,583.2731554160125,597.4444444444445,0.11665463108320251,624.8345995568217,793.8603988603988,0.04101631751546509,0.9999999999999999,1.0,0.9999999999999999,59,8,2.2410332523120795,0,2.2410332523120795,False,False,False,True,0,1093,7,0.4,0.3,0.3,balanced
1781381226205.055,0.4,0.3,0.3,583.1381475667189,595.5555555555555,0.11662762951334378,587.8933206710985,740.3292181069959,0.038551922659846465,0.9999999999999999,1.0,0.9999999999999999,61,8,2.2417833713967084,0,2.2417833713967084,False,False,False,True,0,1094,7,0.4,0.3,0.3,balanced
1781381252924.4622,0.4,0.3,0.3,585.3594976452118,598.8888888888889,0.11707189952904237,616.781418170307,774.9366888255778,0.04047908059841941,0.9999999999999999,1.0,0.9999999999999999,59,8,2.2410275160088573,1,2.2410275160088573,False,False,False,True,0,1095,7,0.4,0.3,0.3,balanced
1781381276262.092,0.4,0.3,0.3,583.3045525902668,596.1111111111111,0.11666091051805336,583.8809749920861,724.0218423551757,0.03828425450247405,0.9999999999999999,1.0,0.9999999999999999,61,8,2.2418503594420365,0,2.2418503594420365,False,False,False,True,0,1096,7,0.4,0.3,0.3,balanced
1781381302879.6301,0.4,0.3,0.3,581.0941915227629,593.3333333333334,0.11621883830455258,626.8178220955999,798.9553656220323,0.041148620553408934,0.9999999999999999,1.0,0.9999999999999999,64,8,2.2411678785121563,0,2.2411678785121563,False,False,False,True,0,1097,7,0.4,0.3,0.3,balanced
1781381329701.884,0.4,0.3,0.3,579.9293563579278,592.0,0.11598587127158555,658.2344096232985,827.4153213042102,0.04324445694618402,0.9999999999999999,1.0,0.9999999999999999,65,8,2.2406323144075104,0,2.2406323144075104,False,False,False,True,0,1098,7,0.4,0.3,0.3,balanced
1781381352836.668,0.4,0.3,0.3,578.8445839874411,590.3333333333334,0.11576891679748821,636.318455207344,807.9265590376701,0.04178241862624042,0.9999999999999999,1.0,0.9999999999999999,67,8,2.2411577076931324,0,2.2411577076931324,False,False,False,True,0,1099,7,0.4,0.3,0.3,balanced
1781381379556.685,0.4,0.3,0.3,580.861852433281,592.7777777777778,0.1161723704866562,647.5767647989869,822.8236783792339,0.04253347330213388,0.9999999999999999,1.0,0.9999999999999999,65,8,2.240771009814697,1,2.240771009814697,False,False,False,True,0,1100,7,0.4,0.3,0.3,balanced
1781381406277.3809,0.4,0.3,0.3,579.0973312401883,590.3333333333334,0.11581946624803766,730.7605254827477,906.3137068692623,0.048082756870096575,0.9999999999999999,1.0,0.9999999999999999,67,8,2.239247386439756,0,2.239247386439756,False,False,False,True,0,1101,7,0.4,0.3,0.3,balanced
1781381432891.143,0.4,0.3,0.3,579.502354788069,591.4444444444445,0.11590047095761381,779.9121557454889,947.2333016777461,0.051361718195162706,0.9999999999999999,1.0,0.9999999999999999,68,8,2.2382312961584057,0,2.2382312961584057,False,False,False,True,0,1102,7,0.4,0.3,0.3,balanced
1781381456130.76,0.4,0.3,0.3,579.1632653061224,590.5555555555555,0.11583265306122448,707.2190566635012,860.9037670148782,0.04651227862998674,0.9999999999999999,1.0,0.9999999999999999,67,8,2.239713255186514,1,2.239713255186514,False,False,False,True,0,1103,7,0.4,0.3,0.3,balanced
1781381482956.541,0.4,0.3,0.3,580.1381475667189,592.1111111111111,0.11602762951334378,639.5314973092751,792.1525799303577,0.041996764330171785,0.9978487121344263,0.9958847736625513,0.9978487121344263,65,8,2.240344532535939,1,2.240344532535939,False,False,False,True,0,1104,7,0.4,0.3,0.3,balanced
1781381509572.28,0.4,0.3,0.3,580.5353218210361,593.1111111111111,0.11610706436420722,672.3876226654004,840.1994301994303,0.04418863393364913,0.9999999999999999,1.0,0.9999999999999999,64,8,2.2403005840742223,1,2.2403005840742223,False,False,False,True,0,1105,7,0.4,0.3,0.3,balanced
1781381542186.791,0.4,0.3,0.3,408.2401883830455,475.8888888888889,0.0816480376766091,486.4005602240896,485.12511671335204,0.031781224831493635,0.6766091051805337,0.7777777777777778,0.6766091051805337,61,8,2.1607891490340685,1,2.1607891490340685,False,False,False,True,0,1106,7,0.4,0.3,0.3,balanced
1781381565326.02,0.4,0.3,0.3,585.1883830455259,599.0,0.11703767660910519,574.3819246597023,713.4504590060146,0.03765056201865926,0.9999999999999999,1.0,0.9999999999999999,59,8,2.24188976075076,1,2.24188976075076,False,False,False,True,0,1107,7,0.4,0.3,0.3,balanced
1781381592150.722,0.4,0.3,0.3,583.502354788069,596.3333333333334,0.11670047095761381,576.1380183602405,730.1092117758785,0.0377677130327045,0.9999999999999999,1.0,0.9999999999999999,61,8,2.2419894977071433,0,2.2419894977071433,False,False,False,True,0,1108,7,0.4,0.3,0.3,balanced
1781381618963.836,0.4,0.3,0.3,584.7959183673469,598.2222222222222,0.11695918367346937,660.6758467869579,818.1798037353593,0.04340732800446684,0.99587185301471,0.9958847736625513,0.99587185301471,59,8,2.238955684033685,1,2.238955684033685,False,False,False,True,0,1109,7,0.4,0.3,0.3,balanced
1781381642200.282,0.4,0.3,0.3,584.5729984301413,598.2222222222222,0.11691459968602826,574.4317822095599,752.2538778094334,0.03765388807268578,0.9999999999999999,1.0,0.9999999999999999,58,8,2.241937993703783,1,2.241937993703783,False,False,False,True,0,1110,7,0.4,0.3,0.3,balanced
1781381668818.5762,0.4,0.3,0.3,587.2307692307693,601.1111111111111,0.11744615384615385,552.7809433364989,700.3735359290916,0.036209535913041956,0.9999999999999999,1.0,0.9999999999999999,56,8,2.242158677687626,1,2.242158677687626,False,False,False,True,0,1111,7,0.4,0.3,0.3,balanced
1781381695439.1028,0.4,0.3,0.3,588.9576138147567,603.7777777777778,0.11779152276295134,558.4370053814498,709.1911997467553,0.03658685826427283,0.9999999999999999,1.0,0.9999999999999999,55,8,2.2419073334155377,1,2.2419073334155377,False,False,False,True,0,1112,7,0.4,0.3,0.3,balanced
1781381721960.217,0.4,0.3,0.3,586.3877551020408,599.7777777777778,0.11727755102040817,601.5471668249446,735.332383665717,0.039462786312538,0.9999999999999999,1.0,0.9999999999999999,56,8,2.241250143698075,0,2.241250143698075,False,False,False,True,0,1113,7,0.4,0.3,0.3,balanced
1781381745099.774,0.4,0.3,0.3,585.7189952904238,599.3333333333334,0.11714379905808475,574.6296296296296,713.1149097815764,0.03766708669977516,0.9999999999999999,1.0,0.9999999999999999,58,8,2.2418423543668333,0,2.2418423543668333,False,False,False,True,0,1114,7,0.4,0.3,0.3,balanced
1781381771721.968,0.4,0.3,0.3,585.6797488226059,599.4444444444445,0.11713594976452119,573.3816081038302,714.7182652738207,0.03758382976009541,0.9999999999999999,1.0,0.9999999999999999,58,8,2.241870471166163,2,2.241870471166163,False,False,False,True,0,1115,7,0.4,0.3,0.3,balanced
1781381798343.888,0.4,0.3,0.3,587.4191522762952,601.2222222222222,0.11748383045525905,603.0302310857866,756.7553023108579,0.039561723221199906,0.9999999999999999,1.0,0.9999999999999999,56,8,2.2411379508515363,1,2.2411379508515363,False,False,False,True,0,1116,7,0.4,0.3,0.3,balanced
1781381821578.174,0.4,0.3,0.3,587.342229199372,601.6666666666666,0.1174684458398744,531.3999683444129,673.5691674580562,0.03478318668074802,0.9999999999999999,1.0,0.9999999999999999,55,8,2.2425776656598257,1,2.2425776656598257,False,False,False,True,0,1117,7,0.4,0.3,0.3,balanced
1781381848295.458,0.4,0.3,0.3,591.425431711146,605.8888888888889,0.11828508634222919,592.3440962329851,723.8461538461539,0.03884883897484891,0.9999999999999999,1.0,0.9999999999999999,53,8,2.2410313137706535,1,2.2410313137706535,False,False,False,True,0,1118,7,0.4,0.3,0.3,balanced
1781381874919.813,0.4,0.3,0.3,591.2291993720565,606.5555555555555,0.11824583987441131,509.97230136119026,634.5504906616018,0.03335372257246099,0.9999999999999999,1.0,0.9999999999999999,52,8,2.242695547278497,1,2.242695547278497,False,False,False,True,0,1119,7,0.4,0.3,0.3,balanced
1781381901435.038,0.4,0.3,0.3,592.4929356357927,607.7777777777778,0.11849858712715855,494.73330167774606,626.218740107629,0.03233711151952942,0.9999999999999999,1.0,0.9999999999999999,50,8,2.2428994316932775,1,2.2428994316932775,False,False,False,True,0,1120,7,0.4,0.3,0.3,balanced
1781381924675.086,0.4,0.3,0.3,595.7032967032966,610.7777777777778,0.11914065934065932,514.3217790440012,633.184552073441,0.03364388119039368,0.9999999999999999,1.0,0.9999999999999999,49,8,2.242250571906618,1,2.242250571906618,False,False,False,True,0,1121,7,0.4,0.3,0.3,balanced
1781381951189.9568,0.4,0.3,0.3,595.7974882260596,612.8888888888889,0.11915949764521193,472.7564102564102,592.8379233934788,0.03087100802244231,0.9999999999999999,1.0,0.9999999999999999,47,8,2.2430748985351823,1,2.2430748985351823,False,False,False,True,0,1122,7,0.4,0.3,0.3,balanced
1781381977709.19,0.4,0.3,0.3,598.0470957613815,614.5555555555555,0.1196094191522763,424.2426400759734,534.8733776511555,0.0276345990711123,0.9999999999999999,1.0,0.9999999999999999,46,8,2.2438658526177555,1,2.2438658526177555,False,False,False,True,0,1123,7,0.4,0.3,0.3,balanced
1781382000742.9658,0.4,0.3,0.3,600.1240188383046,617.8888888888889,0.1200248037676609,388.8168724279835,497.6543209876543,0.025271305698998235,0.9999999999999999,1.0,0.9999999999999999,44,8,2.244408686783236,1,2.244408686783236,False,False,False,True,0,1124,7,0.4,0.3,0.3,balanced
1781382027562.595,0.4,0.3,0.3,601.3045525902669,619.8888888888889,0.12026091051805338,422.18027856916746,534.9984172206395,0.02749701658233272,0.9999999999999999,1.0,0.9999999999999999,43,8,2.243646530818079,1,2.243646530818079,False,False,False,True,0,1125,7,0.4,0.3,0.3,balanced
1781382054379.2031,0.4,0.3,0.3,599.3861852433281,617.2222222222222,0.11987723704866562,421.5186767964546,544.2719214941437,0.02745288037334587,0.9999999999999999,1.0,0.9999999999999999,44,8,2.24381324106853,0,2.24381324106853,False,False,False,True,0,1126,7,0.4,0.3,0.3,balanced
1781382081096.7358,0.4,0.3,0.3,601.2998430141287,619.5555555555555,0.12025996860282573,358.41722063944286,479.46660335549234,0.0232433102494625,0.9999999999999999,1.0,0.9999999999999999,43,8,2.244923019484031,1,2.244923019484031,False,False,False,True,0,1127,7,0.4,0.3,0.3,balanced
1781382104335.027,0.4,0.3,0.3,606.9230769230769,625.8888888888889,0.12138461538461538,365.4740424184868,487.7413738524849,0.02371407888048611,0.9999999999999999,1.0,0.9999999999999999,41,8,2.2443319301820077,1,2.2443319301820077,False,False,False,True,0,1128,7,0.4,0.3,0.3,balanced
1781382131254.026,0.4,0.3,0.3,605.9481946624804,625.7777777777778,0.12118963893249608,356.41263057929723,469.5014245014245,0.02310958175979301,0.9999999999999999,1.0,0.9999999999999999,40,8,2.2445912698990638,1,2.2445912698990638,False,False,False,True,0,1129,7,0.4,0.3,0.3,balanced
1781382157980.629,0.4,0.3,0.3,609.6938775510205,630.0,0.1219387755102041,352.909148464704,467.47230136119026,0.022875860471294463,0.9999999999999999,1.0,0.9999999999999999,38,8,2.24436173165453,1,2.24436173165453,False,False,False,True,0,1130,7,0.4,0.3,0.3,balanced
1781382184492.799,0.4,0.3,0.3,611.5290423861852,632.3333333333334,0.12230580847723704,353.12994618550164,456.0446343779678,0.022890590139126192,0.9940694226408512,0.9958847736625513,0.9940694226408512,37,8,2.2424313263596227,1,2.2424313263596227,False,False,False,True,0,1131,7,0.4,0.3,0.3,balanced
1781382207523.918,0.4,0.3,0.3,614.7111459968603,636.8888888888889,0.12294222919937206,313.29455523899964,412.9392212725547,0.02023312576644427,0.9999999999999999,1.0,0.9999999999999999,35,8,2.2447531705903176,1,2.2447531705903176,False,False,False,True,0,1132,7,0.4,0.3,0.3,balanced
1781382234247.185,0.4,0.3,0.3,616.0800627943485,638.6666666666666,0.12321601255886969,326.4197530864197,413.3333333333333,0.021108722687553014,0.9999999999999999,1.0,0.9999999999999999,34,8,2.2443809781701862,1,2.2443809781701862,False,False,False,True,0,1133,7,0.4,0.3,0.3,balanced
1781382260858.464,0.4,0.3,0.3,620.9701726844584,644.1111111111111,0.12419403453689168,303.2352010129788,401.23773345995573,0.019562054770712396,0.9999999999999999,1.0,0.9999999999999999,32,8,2.2444537697540294,1,2.2444537697540294,False,False,False,True,0,1134,7,0.4,0.3,0.3,balanced
1781382283989.034,0.4,0.3,0.3,630.2715855572998,656.3333333333334,0.12605431711145995,302.8062678062678,391.2219056663501,0.01953344014718264,0.9999999999999999,1.0,0.9999999999999999,29,8,2.243718241111261,1,2.243718241111261,False,False,False,True,0,1135,7,0.4,0.3,0.3,balanced
1781382310605.213,0.4,0.3,0.3,633.7629513343799,661.0,0.12675259026687596,300.5009496676163,394.87970876859765,0.01937964974433731,0.9999999999999999,1.0,0.9999999999999999,28,8,2.243485068969948,1,2.243485068969948,False,False,False,True,0,1136,7,0.4,0.3,0.3,balanced
1781382337421.174,0.4,0.3,0.3,629.5007849293563,655.4444444444445,0.12590015698587126,290.9552073440962,374.3289015511238,0.018742842384529435,0.9999999999999999,1.0,0.9999999999999999,29,8,2.2440170844902925,0,2.2440170844902925,False,False,False,True,0,1137,7,0.4,0.3,0.3,balanced
1781382364237.135,0.4,0.3,0.3,620.8806907378334,644.1111111111111,0.12417613814756669,286.4609053497942,385.57771446660337,0.018443022371567325,0.9999999999999999,1.0,0.9999999999999999,32,8,2.244796638029503,0,2.244796638029503,False,False,False,True,0,1138,7,0.4,0.3,0.3,balanced
1781382387467.4722,0.4,0.3,0.3,627.4913657770801,653.6666666666666,0.125498273155416,305.3133903133903,392.30927508705287,0.019700693149659127,0.9999999999999999,1.0,0.9999999999999999,29,8,2.243890482792936,1,2.243890482792936,False,False,False,True,0,1139,7,0.4,0.3,0.3,balanced
1781382414375.144,0.4,0.3,0.3,632.5023547880692,659.7777777777778,0.12650047095761383,290.2975625197847,371.86451408673634,0.01869897014808437,0.9999999999999999,1.0,0.9999999999999999,28,8,2.243790120572529,1,2.243790120572529,False,False,False,True,0,1140,7,0.4,0.3,0.3,balanced
1781382441183.345,0.4,0.3,0.3,640.3830455259026,668.8888888888889,0.1280766091051805,275.2619499841722,358.7923393478949,0.01769592728380068,0.9999999999999999,1.0,0.9999999999999999,26,8,2.2434605781727877,1,2.2434605781727877,False,False,False,True,0,1141,7,0.4,0.3,0.3,balanced
1781382464514.1611,0.4,0.3,0.3,631.204081632653,658.8888888888889,0.1262408163265306,291.76400759734094,371.1570117125673,0.018796798372070777,0.99587185301471,0.9958847736625516,0.99587185301471,28,8,2.2426261898621793,0,2.2426261898621793,False,False,False,True,0,1142,7,0.4,0.3,0.3,balanced
1781382491228.096,0.4,0.3,0.3,638.5447409733124,667.8888888888889,0.12770894819466247,258.47657486546376,335.18993352326686,0.01657615576153861,0.9999999999999999,1.0,0.9999999999999999,26,8,2.2439435739936733,1,2.2439435739936733,False,False,False,True,0,1143,7,0.4,0.3,0.3,balanced
1781382520544.72,0.4,0.3,0.3,600.4709576138148,591.8888888888889,0.12009419152276296,251.20370370370367,339.4074074074074,0.0160909742297334,0.9419152276295132,0.8888888888888888,0.9419152276295132,25,8,2.2297095994108287,1,2.2297095994108287,False,False,False,True,0,1144,7,0.4,0.3,0.3,balanced
1781382547157.315,0.4,0.3,0.3,652.3343799058084,685.2222222222222,0.1304668759811617,242.167616334283,307.3251028806584,0.015488166533307738,0.9999999999999999,1.0,0.9999999999999999,23,8,2.243166799647543,1,2.243166799647543,False,False,False,True,0,1145,7,0.4,0.3,0.3,balanced
1781382570286.0242,0.4,0.3,0.3,657.579277864992,691.6666666666666,0.1315158555729984,230.59449192782526,292.1671415004748,0.014716110201989678,0.9940694226408512,0.9958847736625513,0.9940694226408512,22,8,2.241199651502459,1,2.241199651502459,False,False,False,True,0,1146,7,0.4,0.3,0.3,balanced
1781382597105.333,0.4,0.3,0.3,658.7064364207222,694.2222222222222,0.13174128728414444,189.68106995884773,251.10952833175054,0.011986729150023197,0.9999999999999999,1.0,0.9999999999999999,22,8,2.243707466341335,2,2.243707466341335,False,False,False,True,0,1147,7,0.4,0.3,0.3,balanced
1781382624205.4592,0.4,0.3,0.3,670.6138147566718,708.4444444444445,0.13412276295133435,177.01566951566952,239.1088952200063,0.011141805838270147,0.9999999999999999,1.0,0.9999999999999999,20,8,2.243008353067985,1,2.243008353067985,False,False,False,True,0,1148,7,0.4,0.3,0.3,balanced
1781382651036.549,0.4,0.3,0.3,658.6169544740973,693.1111111111111,0.13172339089481946,188.77651155428933,248.96169673947452,0.011926385026970602,0.9999999999999999,1.0,0.9999999999999999,22,8,2.243732728133981,0,2.243732728133981,False,False,False,True,0,1149,7,0.4,0.3,0.3,balanced
1781382674061.676,0.4,0.3,0.3,654.6200941915228,687.3333333333334,0.13092401883830454,217.04415954415956,286.06679328901555,0.013812152070991297,0.9999999999999999,1.0,0.9999999999999999,23,8,2.243486746843381,0,2.243486746843381,False,False,False,True,0,1150,7,0.4,0.3,0.3,balanced
1781382700477.498,0.4,0.3,0.3,646.7692307692307,676.6666666666666,0.12935384615384615,240.0957581513137,309.9667616334283,0.015349950510427866,0.9999999999999999,1.0,0.9999999999999999,25,8,2.243653476385333,0,2.243653476385333,False,False,False,True,0,1151,7,0.4,0.3,0.3,balanced
1781382727294.2432,0.4,0.3,0.3,653.182103610675,686.2222222222222,0.130636420722135,210.97894903450458,278.4029756251979,0.013407534958939598,0.9999999999999999,1.0,0.9999999999999999,23,8,2.243723171223464,1,2.243723171223464,False,False,False,True,0,1152,7,0.4,0.3,0.3,balanced
1781382750424.853,0.4,0.3,0.3,660.2260596546311,693.8888888888889,0.13204521193092622,205.72649572649573,271.2820512820513,0.01305713780697103,0.9999999999999999,1.0,0.9999999999999999,22,8,2.2432647738855382,1,2.2432647738855382,False,False,False,True,0,1153,7,0.4,0.3,0.3,balanced
1781382777238.239,0.4,0.3,0.3,673.0816326530612,711.1111111111111,0.13461632653061223,155.96312124089903,213.62456473567588,0.009737366326944564,0.9999999999999999,1.0,0.9999999999999999,20,8,2.243232259489672,1,2.243232259489672,False,False,False,True,0,1154,7,0.4,0.3,0.3,balanced
1781382804054.512,0.4,0.3,0.3,675.5117739403453,716.3333333333334,0.13510235478806906,162.20560303893637,209.07090851535295,0.010153809408868337,0.9999999999999999,1.0,0.9999999999999999,19,8,2.242912915262112,1,2.242912915262112,False,False,False,True,0,1155,7,0.4,0.3,0.3,balanced
1781382830872.8389,0.4,0.3,0.3,692.0800627943485,736.6666666666666,0.1384160125588697,144.98733776511554,187.33143399810066,0.009005159290534725,0.9999999999999999,1.0,0.9999999999999999,17,8,2.241932047189292,1,2.241932047189292,False,False,False,True,0,1156,7,0.4,0.3,0.3,balanced
1781382854515.737,0.4,0.3,0.3,677.8021978021978,717.6666666666666,0.13556043956043956,174.31069958847738,225.9559987337765,0.010961354208704295,0.9999999999999999,1.0,0.9999999999999999,19,8,2.242487417913213,0,2.242487417913213,False,False,False,True,0,1157,7,0.4,0.3,0.3,balanced
1781382881537.3708,0.4,0.3,0.3,693.6122448979592,738.1111111111111,0.13872244897959182,140.34108895220004,184.87179487179486,0.008695202731967982,0.9999999999999999,1.0,0.9999999999999999,17,8,2.241902459588573,1,2.241902459588573,False,False,False,True,0,1158,7,0.4,0.3,0.3,balanced
1781382956076.505,0.4,0.3,0.3,140.08828996282529,284.6666666666667,0.028017657992565056,29.64,20.583333333333332,0.0013102068045363576,0.16403345724907062,0.3333333333333333,0.16403345724907062,16,8,2.0376099119363342,1,2.0376099119363342,False,False,False,True,0,1159,7,0.4,0.3,0.3,balanced
1781382983296.7898,0.4,0.3,0.3,724.9576138147567,778.8888888888889,0.14499152276295132,143.77429566318455,184.7454890788224,0.008924235868124386,0.9881388452817024,0.9917695473251028,0.9881388452817024,14,8,2.235767773718893,1,2.235767773718893,False,False,False,True,0,1160,7,0.4,0.3,0.3,balanced
1781383010212.843,0.4,0.3,0.3,739.1601255886969,797.3333333333334,0.14783202511773938,113.91025641025641,152.8505856283634,0.00693197174184499,0.9999999999999999,1.0,0.9999999999999999,13,8,2.238787598430351,1,2.238787598430351,False,False,False,True,0,1161,7,0.4,0.3,0.3,balanced
1781383033742.1318,0.4,0.3,0.3,774.6028257456828,842.7777777777778,0.15492056514913657,99.45235834124722,129.2054447610003,0.005967468868662256,0.9999999999999999,1.0,0.9999999999999999,11,8,2.2362415332797467,1,2.2362415332797467,False,False,False,True,0,1162,7,0.4,0.3,0.3,balanced
1781383060759.562,0.4,0.3,0.3,738.1381475667189,795.8888888888889,0.14762762951334377,127.37654320987653,166.5131370686926,0.007830323096055806,0.9999999999999999,1.0,0.9999999999999999,13,8,2.2385998512658456,0,2.2385998512658456,False,False,False,True,0,1163,7,0.4,0.3,0.3,balanced
1781383090674.98,0.4,0.3,0.3,717.3312401883829,732.7777777777778,0.14346624803767657,101.03703703703704,137.96296296296293,0.0060731845921972675,0.9419152276295132,0.8888888888888888,0.9419152276295132,11,8,2.223366113696124,1,2.223366113696124,False,False,False,True,0,1164,7,0.4,0.3,0.3,balanced
1781383117592.102,0.4,0.3,0.3,799.4882260596546,874.4444444444445,0.15989764521193092,89.77049699271922,119.23868312757203,0.005321580853416892,0.9999999999999999,1.0,0.9999999999999999,10,8,2.2344444676592023,1,2.2344444676592023,False,False,False,True,0,1165,7,0.4,0.3,0.3,balanced
1781383141723.4622,0.4,0.3,0.3,793.6116642958748,841.1111111111111,0.15872233285917495,867.4791412291413,838.131642020531,0.05720341168973591,0.994626205152521,0.9958847736625513,0.994626205152521,11,8,2.2177379048951655,0,2.2177379048951655,False,False,False,True,0,1166,7,0.4,0.3,0.3,balanced
1781383168942.7869,0.4,0.3,0.3,797.662480376766,872.7777777777778,0.1595324960753532,146.17283950617283,193.03418803418802,0.009084245464054225,0.9999999999999999,1.0,0.9999999999999999,10,8,2.2334617279306426,1,2.2334617279306426,False,False,False,True,0,1167,7,0.4,0.3,0.3,balanced
1781383195666.241,0.4,0.3,0.3,773.7205651491365,841.0,0.1547441130298273,140.36641342196896,188.88097499208607,0.00869689215623542,0.9999999999999999,1.0,0.9999999999999999,11,8,2.2354932871411983,0,2.2354932871411983,False,False,False,True,0,1168,7,0.4,0.3,0.3,balanced
1781383218899.981,0.4,0.3,0.3,737.806907378336,795.3333333333334,0.1475613814756672,173.30484330484327,232.8616650838873,0.01089425238858194,0.9978487121344263,0.9958847736625513,0.9978487121344263,13,8,2.2370617853334864,0,2.2370617853334864,False,False,False,True,0,1169,7,0.4,0.3,0.3,balanced
1781383246014.001,0.4,0.3,0.3,724.657770800628,777.7777777777778,0.1449315541601256,682.9898702120923,699.9715099715099,0.044895921962114234,0.9839899329695247,0.9878012933568487,0.9839899329695247,14,8,2.223755581638173,0,2.223755581638173,False,False,False,True,0,1170,7,0.4,0.3,0.3,balanced
1781383272623.111,0.4,0.3,0.3,702.6248037676608,749.2222222222222,0.14052496075353216,146.99192782526114,193.08483697372583,0.009138887780204212,0.9999999999999999,1.0,0.9999999999999999,16,8,2.241048349364526,0,2.241048349364526,False,False,False,True,0,1171,7,0.4,0.3,0.3,balanced
1781383299649.097,0.4,0.3,0.3,724.8320251177392,778.1111111111111,0.14496640502354785,117.07818930041152,154.6090534979424,0.007143308158799968,0.9999999999999999,1.0,0.9999999999999999,14,8,2.239870445542941,1,2.239870445542941,False,False,False,True,0,1172,7,0.4,0.3,0.3,balanced
1781383322878.905,0.4,0.3,0.3,703.1067503924646,749.8888888888889,0.1406213500784929,146.946027223805,190.76131687242798,0.00913582569871948,0.9999999999999999,1.0,0.9999999999999999,16,8,2.241010712258987,0,2.241010712258987,False,False,False,True,0,1173,7,0.4,0.3,0.3,balanced
1781383349796.8298,0.4,0.3,0.3,690.7315541601256,735.2222222222222,0.1381463108320251,149.43494776828112,198.94903450459006,0.009301864427503744,0.9999999999999999,1.0,0.9999999999999999,17,8,2.2419509163389386,0,2.2419509163389386,False,False,False,True,0,1174,7,0.4,0.3,0.3,balanced
1781383376723.881,0.4,0.3,0.3,676.7519623233908,715.8888888888889,0.13535039246467817,162.8426717315606,216.5764482431149,0.010196308988096104,0.9999999999999999,1.0,0.9999999999999999,19,8,2.2428009503177,0,2.2428009503177,False,False,False,True,0,1175,7,0.4,0.3,0.3,balanced
1781383403639.583,0.4,0.3,0.3,691.6043956043954,736.0,0.1383208791208791,156.0675846786958,209.0360873694207,0.009744335202047752,0.9999999999999999,1.0,0.9999999999999999,17,8,2.241748347791034,1,2.241748347791034,False,False,False,True,0,1176,7,0.4,0.3,0.3,balanced
1781383426469.467,0.4,0.3,0.3,675.8414442700156,715.7777777777778,0.13516828885400312,161.87480215257992,214.55998733776516,0.01013174130437491,0.9999999999999999,1.0,0.9999999999999999,19,8,2.2428931620670864,0,2.2428931620670864,False,False,False,True,0,1177,7,0.4,0.3,0.3,balanced
1781383453002.777,0.4,0.3,0.3,670.6718995290423,707.8888888888889,0.13413437990580845,167.0496992719215,222.29186451408674,0.010476964594524449,0.9999999999999999,1.0,0.9999999999999999,20,8,2.2432031586593193,0,2.2432031586593193,False,False,False,True,0,1178,7,0.4,0.3,0.3,balanced
1781383479825.371,0.4,0.3,0.3,659.2307692307692,692.8888888888889,0.13184615384615384,204.25530231085787,267.31718898385566,0.01295899281593448,0.9999999999999999,1.0,0.9999999999999999,22,8,2.243373840616758,0,2.243373840616758,False,False,False,True,0,1179,7,0.4,0.3,0.3,balanced
1781383502861.632,0.4,0.3,0.3,654.3610675039245,687.8888888888889,0.1308722135007849,205.17173156062043,270.4036087369421,0.013020128856612436,0.9999999999999999,1.0,0.9999999999999999,23,8,2.2437450759427024,0,2.2437450759427024,False,False,False,True,0,1180,7,0.4,0.3,0.3,balanced
1781383529591.406,0.4,0.3,0.3,644.8571428571428,674.8888888888889,0.12897142857142854,241.2226970560304,308.77809433364985,0.015425129890328912,0.9999999999999999,1.0,0.9999999999999999,25,8,2.24378388960433,0,2.24378388960433,False,False,False,True,0,1181,7,0.4,0.3,0.3,balanced
1781383556407.719,0.4,0.3,0.3,640.967032967033,669.8888888888889,0.1281934065934066,236.10319721430832,308.17347261791707,0.015083602215764397,0.9999999999999999,1.0,0.9999999999999999,26,8,2.244197556697908,0,2.244197556697908,False,False,False,True,0,1182,7,0.4,0.3,0.3,balanced
1781383583027.063,0.4,0.3,0.3,635.1459968602825,662.5555555555555,0.1270291993720565,249.47293447293447,334.97784108895223,0.015975512639955603,0.9999999999999999,1.0,0.9999999999999999,28,8,2.244395666459191,0,2.244395666459191,False,False,False,True,0,1183,7,0.4,0.3,0.3,balanced
1781383606080.169,0.4,0.3,0.3,632.4144427001569,658.8888888888889,0.12648288854003137,296.6437163659386,374.4396961063628,0.019122329310602974,0.9999999999999999,1.0,0.9999999999999999,29,8,2.2436701457908064,0,2.2436701457908064,False,False,False,True,0,1184,7,0.4,0.3,0.3,balanced
1781383632804.1648,0.4,0.3,0.3,634.1962323390894,661.2222222222222,0.12683924646781788,256.70148781259894,337.7239632795188,0.016457737679292792,0.9999999999999999,1.0,0.9999999999999999,28,8,2.244326980109085,1,2.244326980109085,False,False,False,True,0,1185,7,0.4,0.3,0.3,balanced
1781383659525.93,0.4,0.3,0.3,642.701726844584,671.5555555555555,0.1285403453689168,249.18091168091166,327.4564735675847,0.015956031466371694,0.9999999999999999,1.0,0.9999999999999999,26,8,2.2437970524125217,1,2.2437970524125217,False,False,False,True,0,1186,7,0.4,0.3,0.3,balanced
1781383682559.375,0.4,0.3,0.3,644.8932496075354,674.6666666666666,0.12897864992150707,238.76622348844572,309.49984172206393,0.015261255736387307,0.9999999999999999,1.0,0.9999999999999999,25,8,2.2438301633104807,1,2.2438301633104807,False,False,False,True,0,1187,7,0.4,0.3,0.3,balanced
1781383709179.541,0.4,0.3,0.3,641.3689167974882,670.6666666666666,0.12827378335949763,208.54146881924655,267.576764798987,0.013244927873198569,0.9999999999999999,1.0,0.9999999999999999,26,8,2.2447170082942414,0,2.2447170082942414,False,False,False,True,0,1188,7,0.4,0.3,0.3,balanced
1781383735694.5332,0.4,0.3,0.3,633.1036106750391,660.3333333333334,0.12662072213500783,224.55603038936374,294.05033238366576,0.014313277544320463,0.9999999999999999,1.0,0.9999999999999999,28,8,2.245057727882701,0,2.245057727882701,False,False,False,True,0,1189,7,0.4,0.3,0.3,balanced
1781383763725.689,0.4,0.3,0.3,631.6248037676609,657.2222222222222,0.12632496075353217,306.92969652739765,435.68205315331744,0.01980851878101385,0.9428122897510652,0.9603174603174602,0.9428122897510652,29,8,2.2263711469896026,0,2.2263711469896026,False,False,False,True,0,1190,7,0.4,0.3,0.3,balanced
1781383786764.403,0.4,0.3,0.3,621.0235478806907,644.8888888888889,0.12420470957613813,283.25577714466607,361.49097815764475,0.01822920461271955,0.9999999999999999,1.0,0.9999999999999999,32,8,2.2448493547857287,0,2.2448493547857287,False,False,False,True,0,1191,7,0.4,0.3,0.3,balanced
1781383813586.3198,0.4,0.3,0.3,630.5478806907378,657.0,0.12610957613814755,269.4159544159544,364.60113960113955,0.017305934250564002,0.99587185301471,0.9958847736625513,0.99587185301471,29,8,2.243125945173985,1,2.243125945173985,False,False,False,True,0,1192,7,0.4,0.3,0.3,balanced
1781383840204.99,0.4,0.3,0.3,632.1883830455259,659.1111111111111,0.12643767660910518,269.0693257359924,337.1794871794871,0.017282810255903426,0.9999999999999999,1.0,0.9999999999999999,28,8,2.2442400862795866,1,2.2442400862795866,False,False,False,True,0,1193,7,0.4,0.3,0.3,balanced
1781383863142.7231,0.4,0.3,0.3,631.2857142857142,657.5555555555555,0.12625714285714285,237.1644507755619,312.8790756568535,0.015154399651471775,0.9999999999999999,1.0,0.9999999999999999,29,8,2.2449508229617012,0,2.2449508229617012,False,False,False,True,0,1194,7,0.4,0.3,0.3,balanced
1781383889864.2458,0.4,0.3,0.3,622.1585557299842,646.0,0.12443171114599684,276.61443494776825,365.400443178221,0.017786153098583606,0.9999999999999999,1.0,0.9999999999999999,32,8,2.244891469612026,0,2.244891469612026,False,False,False,True,0,1195,7,0.4,0.3,0.3,balanced
1781383916394.744,0.4,0.3,0.3,615.574568288854,637.8888888888889,0.1231149136577708,312.43431465653686,398.03418803418805,0.020175738135859697,0.9999999999999999,1.0,0.9999999999999999,34,8,2.2447013130961335,0,2.2447013130961335,False,False,False,True,0,1196,7,0.4,0.3,0.3,balanced
1781383943216.253,0.4,0.3,0.3,615.1083202511774,637.4444444444445,0.12302166405023547,343.9284583729028,443.6578031022475,0.022276748390453825,0.99587185301471,0.9958847736625513,0.99587185301471,35,8,2.2428698657671826,0,2.2428698657671826,False,False,False,True,0,1197,7,0.4,0.3,0.3,balanced
1781383966453.866,0.4,0.3,0.3,611.1193092621663,632.2222222222222,0.12222386185243327,352.832383665717,450.4067742956632,0.02287073940398379,0.9999999999999999,1.0,0.9999999999999999,37,8,2.2442492334378317,0,2.2442492334378317,False,False,False,True,0,1198,7,0.4,0.3,0.3,balanced
1781383993371.8518,0.4,0.3,0.3,608.5777080062794,629.0,0.12171554160125587,1158.4354226020894,1213.357075023742,0.07661343713156034,0.9899412756555613,0.9917695473251028,0.9899412756555613,38,8,2.225312134916698,0,2.225312134916698,False,False,False,True,0,1199,7,0.4,0.3,0.3,balanced
1781384020295.551,0.4,0.3,0.3,611.3893249607535,632.2222222222222,0.1222778649921507,364.0384615384615,457.21272554605883,0.023618309642325648,0.9999999999999999,1.0,0.9999999999999999,37,8,2.244003361110442,1,2.244003361110442,False,True,False,True,0,1200,7,0.4,0.3,0.3,balanced
