timestamp,alpha,beta,delta,power_wam,power_mean,power_normalized,delay_wam,delay_mean,delay_normalized,pdr_wam,pdr_mean,pdr_normalized,current_sf_len,last_ts_in_schedule,reward,episode_index,episode_initial_sf_len,episode_profile,action,applied_action,requested_sf_len,applied_sf_len,action_overridden,action_override_reason,returned_reward,terminated,truncated,wait_timeout,valid_cycle,wait_attempts,cycle_idx,seed,reset_count,step_exception_count,profile
1784679521169.6191,0.4,0.3,0.3,773.912087912088,842.1111111111111,0.15478241758241762,103.62139917695472,138.43621399176953,0.006245590338689442,1.0000000000000002,1.0,1.0,11,8,2.2362133558654262,1,10,balanced,0,0,11,11,False,,2.2362133558654262,False,False,False,True,0,1,43,1,0,balanced
1784679524584.449,0.4,0.3,0.3,739.0737833594977,796.3333333333334,0.14781475667189956,127.96296296296298,167.39124044679602,0.007869443826748698,0.9942812289751068,0.9960317460317462,0.9942812289751068,13,8,2.2367976328757475,1,10,balanced,0,0,13,13,False,,2.2367976328757475,False,False,False,True,0,2,43,1,0,balanced
1784679530832.283,0.4,0.3,0.3,725.6750392464679,779.7777777777778,0.1451350078492936,115.13888888888889,156.2698412698413,0.0070139352160699725,1.0000000000000002,1.0,1.0,14,8,2.2398418162954616,1,10,balanced,0,0,14,14,False,,2.2398418162954616,False,False,False,True,0,3,43,1,0,balanced
1784679534050.947,0.4,0.3,0.3,700.7927786499216,748.1111111111111,0.1401585557299843,146.0728982951205,202.1105232216343,0.009077578271855936,1.0000000000000002,1.0,1.0,16,8,2.2412133042264495,1,10,balanced,0,0,16,16,False,,2.2412133042264495,False,False,False,True,0,4,43,1,0,balanced
1784679537378.301,0.4,0.3,0.3,644.111459968603,644.2222222222222,0.12882229199372058,143.56093189964156,200.1720430107527,0.008910002128061478,0.9419152276295135,0.8888888888888888,0.9419152276295135,17,8,2.2283726508529473,1,10,balanced,0,0,17,17,False,,2.2283726508529473,False,False,False,True,0,5,43,1,0,balanced
1784679540405.466,0.4,0.3,0.3,677.0565149136579,716.2222222222222,0.13541130298273157,187.97398589065253,249.86772486772486,0.011872847624459809,1.0000000000000002,1.0,1.0,19,8,2.2422736245195694,1,10,balanced,0,0,19,19,False,,2.2422736245195694,False,False,False,True,0,6,43,1,0,balanced
1784679543432.2761,0.4,0.3,0.3,670.729984301413,709.2222222222222,0.13414599686028258,204.75088183421516,270.8009994121105,0.012992053491275194,1.0000000000000002,1.0,1.0,20,8,2.2424439852085043,1,10,balanced,0,0,20,20,False,,2.2424439852085043,False,False,False,True,0,7,43,1,0,balanced
1784679546463.0671,0.4,0.3,0.3,659.160125588697,693.4444444444445,0.13183202511773942,257.79761904761904,363.41269841269843,0.016530861844404204,1.0000000000000002,1.0,1.0,22,8,2.242307931399583,1,10,balanced,0,0,22,22,False,,2.242307931399583,False,False,False,True,0,8,43,1,0,balanced
1784679549693.018,0.4,0.3,0.3,653.4160125588699,686.8888888888889,0.13068320251177398,195.66150986939513,260.2436152722891,0.012385691118705478,0.9419152276295135,0.8888888888888888,0.9419152276295135,23,8,2.226585579948533,1,10,balanced,0,0,23,23,False,,2.226585579948533,False,False,False,True,0,9,43,1,0,balanced
1784679552625.614,0.4,0.3,0.3,646.3312401883832,676.8888888888889,0.12926624803767664,208.41416813639034,265.02351557907116,0.01323643549942564,1.0000000000000002,1.0,1.0,25,8,2.2443225701351017,1,10,balanced,0,0,25,25,False,,2.2443225701351017,False,False,False,True,0,10,43,1,0,balanced
1784679555556.927,0.4,0.3,0.3,640.5761381475669,669.8888888888889,0.12811522762951338,209.42460317460316,269.6825396825397,0.013303842773489203,1.0000000000000002,1.0,1.0,26,8,2.244762756116148,1,10,balanced,0,0,26,26,False,,2.244762756116148,False,False,False,True,0,11,43,1,0,balanced
1784679558483.36,0.4,0.3,0.3,635.3029827315543,662.0,0.12706059654631086,254.14682539682536,323.21428571428567,0.016287313235278544,1.0000000000000002,1.0,1.0,28,8,2.2442895674108922,1,10,balanced,0,0,28,28,False,,2.2442895674108922,False,False,False,True,0,12,43,1,0,balanced
1784679561709.259,0.4,0.3,0.3,463.7394034536892,516.8888888888889,0.09274788069073783,210.5723622782446,256.09523809523813,0.013380411092611382,0.7284144427001572,0.7777777777777778,0.7284144427001572,29,8,2.1774110572059686,1,10,balanced,0,0,29,29,False,,2.1774110572059686,False,False,False,True,0,13,43,1,0,balanced
1784679567600.156,0.4,0.3,0.3,634.4442700156987,661.2222222222222,0.12688885400313976,236.89594356261023,303.73750734861846,0.015136487228993344,1.0000000000000002,1.0,1.0,28,8,2.2447035122300463,1,10,balanced,1,1,28,28,False,,2.2447035122300463,False,False,False,True,0,14,43,1,0,balanced
1784679570518.534,0.4,0.3,0.3,632.1444270015699,658.6666666666666,0.12642888540031397,257.634479717813,326.82098765432096,0.01651997863360994,0.9958510876878226,0.9960317460317462,0.9958510876878226,29,8,2.2432277785561383,1,10,balanced,0,0,29,29,False,,2.2432277785561383,False,False,False,True,0,15,43,1,0,balanced
1784679573336.9902,0.4,0.3,0.3,623.3799058084774,647.0,0.12467598116169547,283.7191358024691,366.91504997060554,0.01826011579736285,1.0000000000000002,1.0,1.0,32,8,2.244651572796113,1,10,balanced,0,0,32,32,False,,2.244651572796113,False,False,False,True,0,16,43,1,0,balanced
1784679576160.223,0.4,0.3,0.3,631.2637362637363,657.0,0.12625274725274727,247.05286483064265,320.20101297879074,0.01581406703339844,1.0000000000000002,1.0,1.0,29,8,2.2447546809888816,1,10,balanced,1,1,29,29,False,,2.2447546809888816,False,False,False,True,0,17,43,1,0,balanced
1784679579088.5872,0.4,0.3,0.3,622.1554160125589,645.6666666666666,0.12443108320251178,282.98856794546447,366.0838682390406,0.01821137878221911,0.9656873738506393,0.976190476190476,0.9656873738506393,32,8,2.2344703652395213,1,10,balanced,0,0,32,32,False,,2.2344703652395213,False,False,False,True,0,18,43,1,0,balanced
1784679582008.538,0.4,0.3,0.3,630.0345368916799,656.1111111111111,0.12600690737833597,273.8668430335097,335.72016460905354,0.017602858107639074,1.0000000000000002,1.0,1.0,29,8,2.244316379616374,1,10,balanced,1,1,29,29,False,,2.244316379616374,False,False,False,True,0,19,43,1,0,balanced
1784679584933.9148,0.4,0.3,0.3,623.1726844583987,646.8888888888889,0.12463453689167975,275.33593322386423,350.3311439518336,0.017700862790117695,1.0000000000000002,1.0,1.0,32,8,2.2448359264062927,1,10,balanced,0,0,32,32,False,,2.2448359264062927,False,False,False,True,0,20,43,1,0,balanced
1784679587865.5132,0.4,0.3,0.3,630.4897959183673,656.6666666666666,0.12609795918367347,298.08274544385654,376.5814226925338,0.01921832858197842,1.0000000000000002,1.0,1.0,29,8,2.243795317751937,1,10,balanced,1,1,29,29,False,,2.243795317751937,False,False,False,True,0,21,43,1,0,balanced
1784679590692.345,0.4,0.3,0.3,619.1946624803769,643.6666666666666,0.12383893249607539,336.97457378012933,417.00911228689006,0.021812846816552992,0.9960192868356135,0.9960317460317462,0.9960192868356135,32,8,2.242726359007288,1,10,balanced,0,0,32,32,False,,2.242726359007288,False,False,False,True,0,22,43,1,0,balanced
1784679593623.819,0.4,0.3,0.3,629.901098901099,655.7777777777778,0.12598021978021978,270.65476190476187,337.61904761904765,0.01738857651132501,1.0000000000000002,1.0,1.0,29,8,2.2443913391345145,1,10,balanced,1,1,29,29,False,,2.2443913391345145,False,False,False,True,0,23,43,1,0,balanced
1784679597251.465,0.4,0.3,0.3,366.3485086342229,448.55555555555554,0.07326970172684459,165.4810298102981,169.95934959349594,0.010372316865263383,0.5604395604395604,0.6666666666666666,0.5604395604395604,32,8,2.1357122923815512,1,10,balanced,0,0,32,32,False,,2.1357122923815512,False,False,False,True,0,24,43,1,0,balanced
1784679603135.339,0.4,0.3,0.3,632.8445839874412,658.8888888888889,0.12656891679748825,275.0191570881226,349.5894909688013,0.017679730292736666,1.0000000000000002,1.0,1.0,29,8,2.2440685141931835,1,10,balanced,1,1,29,29,False,,2.2440685141931835,False,False,False,True,0,25,43,1,0,balanced
1784679605962.431,0.4,0.3,0.3,622.5871271585559,646.3333333333334,0.12451742543171117,292.77777777777777,380.04115226337444,0.018864428137276703,1.0000000000000002,1.0,1.0,32,8,2.2445337013861324,1,10,balanced,0,0,32,32,False,,2.2445337013861324,False,False,False,True,0,26,43,1,0,balanced
1784679610783.947,0.4,0.3,0.3,538.1821036106751,590.8888888888889,0.10763642072213501,1938.9036368573004,1875.3276658384416,0.12867936203184124,0.5034385515838533,0.5213092597393868,0.5034385515838533,29,8,2.0693731885767495,1,10,balanced,1,1,29,29,False,,2.0693731885767495,False,False,False,True,0,27,43,1,0,balanced
1784679613704.056,0.4,0.3,0.3,633.5824175824175,660.2222222222222,0.1267164835164835,270.9714873603762,363.21281599059375,0.017409705627776932,1.0000000000000002,1.0,1.0,28,8,2.2440904949050733,1,10,balanced,1,1,28,28,False,,2.2440904949050733,False,False,False,True,0,28,43,1,0,balanced
1784679616538.816,0.4,0.3,0.3,628.6028257456829,655.1111111111111,0.1257205651491366,263.8975941753719,338.16239316239324,0.01693779814378732,1.0000000000000002,1.0,1.0,29,8,2.2446304344972092,1,10,balanced,0,0,29,29,False,,2.2446304344972092,False,False,False,True,0,29,43,1,0,balanced
1784679619372.189,0.4,0.3,0.3,621.1616954474098,645.0,0.12423233908948196,307.3251028806584,392.8395061728395,0.019834896789903828,1.0000000000000002,1.0,1.0,32,8,2.244356595327236,1,10,balanced,0,0,32,32,False,,2.244356595327236,False,False,False,True,0,30,43,1,0,balanced
1784679622301.593,0.4,0.3,0.3,629.8979591836736,656.4444444444445,0.1259795918367347,293.44576719576713,371.62698412698415,0.01890899047336672,1.0000000000000002,1.0,1.0,29,8,2.243935466123296,1,10,balanced,1,1,29,29,False,,2.243935466123296,False,False,False,True,0,31,43,1,0,balanced
1784679625128.021,0.4,0.3,0.3,622.2872841444271,646.1111111111111,0.12445745682888541,317.7418260751594,399.2572242572242,0.020529808277195423,0.9940694226408515,0.9958847736625513,0.9940694226408515,32,8,2.2422789015775426,1,10,balanced,0,0,32,32,False,,2.2422789015775426,False,False,False,True,0,32,43,1,0,balanced
1784679628051.473,0.4,0.3,0.3,630.1507064364208,656.2222222222222,0.12603014128728415,318.42151675485013,401.0008818342152,0.020575151217801877,1.0000000000000002,1.0,1.0,29,8,2.2434153981197458,1,10,balanced,1,1,29,29,False,,2.2434153981197458,False,False,False,True,0,33,43,1,0,balanced
1784679630882.333,0.4,0.3,0.3,621.9042386185243,645.6666666666666,0.12438084772370486,305.3023108578664,375.71383349161124,0.01969995402654212,1.0000000000000002,1.0,1.0,32,8,2.2443376747025554,1,10,balanced,0,0,32,32,False,,2.2443376747025554,False,False,False,True,0,34,43,1,0,balanced
1784679636744.591,0.4,0.3,0.3,630.4756671899529,656.4444444444445,0.1260951334379906,263.1855247420381,329.4676559427517,0.016890295179588934,1.0000000000000002,1.0,1.0,29,8,2.244494858070927,1,10,balanced,1,1,29,29,False,,2.244494858070927,False,False,False,True,0,35,43,1,0,balanced
1784679639661.9712,0.4,0.3,0.3,621.1569858712717,645.0,0.12423139717425434,298.72468527640933,388.5385878489327,0.019261153120507628,1.0000000000000002,1.0,1.0,32,8,2.244529095194146,1,10,balanced,0,0,32,32,False,,2.244529095194146,False,False,False,True,0,36,43,1,0,balanced
1784679642581.1812,0.4,0.3,0.3,630.624803767661,656.1111111111111,0.1261249607535322,280.734126984127,358.94179894179894,0.01806098245391107,1.0000000000000002,1.0,1.0,29,8,2.2441317209624136,1,10,balanced,1,1,29,29,False,,2.2441317209624136,False,False,False,True,0,37,43,1,0,balanced
1784679645414.184,0.4,0.3,0.3,622.0141287284146,645.8888888888889,0.12440282574568291,277.98059964726633,347.08700764256315,0.017877291504153858,1.0000000000000002,1.0,1.0,32,8,2.2448756822504805,1,10,balanced,0,0,32,32,False,,2.2448756822504805,False,False,False,True,0,38,43,1,0,balanced
1784679648245.912,0.4,0.3,0.3,629.2919937205652,655.7777777777778,0.12585839874411303,289.3376068376068,372.0291231402342,0.018634930409446752,1.0000000000000002,1.0,1.0,29,8,2.2440661613795205,1,10,balanced,1,1,29,29,False,,2.2440661613795205,False,False,False,True,0,39,43,1,0,balanced
1784679651065.6199,0.4,0.3,0.3,621.686028257457,645.4444444444445,0.1243372056514914,326.05746619635505,408.49647266313934,0.021084554115834226,1.0000000000000002,1.0,1.0,32,8,2.2439397515046533,1,10,balanced,0,0,32,32,False,,2.2439397515046533,False,False,False,True,0,40,43,1,0,balanced
1784679653994.997,0.4,0.3,0.3,629.6059654631084,655.6666666666666,0.12592119309262167,279.8412698412699,356.8650793650793,0.018001418935374908,1.0000000000000002,1.0,1.0,29,8,2.2442310970823387,1,10,balanced,1,1,29,29,False,,2.2442310970823387,False,False,False,True,0,41,43,1,0,balanced
1784679657022.9531,0.4,0.3,0.3,535.3171114599687,585.8888888888889,0.10706342229199374,271.58781362007164,326.39426523297493,0.01745082145564187,0.839874411302983,0.8888888888888888,0.839874411302983,32,8,2.203901708037405,1,10,balanced,0,0,32,32,False,,2.203901708037405,False,False,False,True,0,42,43,1,0,balanced
1784679659856.09,0.4,0.3,0.3,630.0627943485088,656.2222222222222,0.12601255886970175,290.26675485008815,368.9021164021164,0.01869691493329474,1.0000000000000002,1.0,1.0,29,8,2.2439859019721307,1,10,balanced,1,1,29,29,False,,2.2439859019721307,False,False,False,True,0,43,43,1,0,balanced
1784679662684.666,0.4,0.3,0.3,621.0753532182105,645.2222222222222,0.1242150706436421,267.3324514991182,352.56613756613757,0.017166941394204015,1.0000000000000002,1.0,1.0,32,8,2.245163889324282,1,10,balanced,0,0,32,32,False,,2.245163889324282,False,False,False,True,0,44,43,1,0,balanced
1784679666014.676,0.4,0.3,0.3,458.8414442700157,516.4444444444445,0.09176828885400314,189.31216931216932,225.30070546737215,0.011962119367055992,0.7205651491365777,0.7777777777777778,0.7205651491365777,29,8,2.1758735933892552,1,10,balanced,1,1,29,29,False,,2.1758735933892552,False,False,False,True,0,45,43,1,0,balanced
1784679671994.828,0.4,0.3,0.3,634.2810047095762,661.0,0.12685620094191524,355.05555555555554,496.8518518518519,0.02301904973686161,0.8708664607282122,0.9103942652329748,0.8708664607282122,28,8,2.203611742920639,1,10,balanced,1,1,28,28,False,,2.203611742920639,False,False,False,True,0,46,43,1,0,balanced
1784679674914.501,0.4,0.3,0.3,630.4489795918369,657.1111111111111,0.12608979591836736,309.49644225506296,369.7865353037767,0.019979749316548563,1.0000000000000002,1.0,1.0,29,8,2.2435701568376887,1,10,balanced,0,0,29,29,False,,2.2435701568376887,False,False,False,True,0,47,43,1,0,balanced
1784679677836.524,0.4,0.3,0.3,620.9309262166406,644.7777777777778,0.12418618524332813,325.05415171602914,420.1095704352409,0.02101762186231015,1.0000000000000002,1.0,1.0,32,8,2.2440202393439757,1,10,balanced,0,0,32,32,False,,2.2440202393439757,False,False,False,True,0,48,43,1,0,balanced
1784679680663.136,0.4,0.3,0.3,627.7802197802198,654.4444444444445,0.12555604395604397,268.9292497625831,348.02310857866416,0.017273465627924155,0.9940694226408515,0.9958847736625513,0.9940694226408515,29,8,2.2428163695214605,1,10,balanced,1,1,29,29,False,,2.2428163695214605,False,False,False,True,0,49,43,1,0,balanced
1784679683492.418,0.4,0.3,0.3,621.050235478807,645.2222222222222,0.12421004709576142,322.94165196942976,403.2260435038213,0.020876694594358224,1.0000000000000002,1.0,1.0,32,8,2.244052972783388,1,10,balanced,0,0,32,32,False,,2.244052972783388,False,False,False,True,0,50,43,1,0,balanced
1784679686424.215,0.4,0.3,0.3,630.1554160125588,656.7777777777778,0.12603108320251177,245.77928297755878,316.91570881226056,0.015729104935127337,1.0000000000000002,1.0,1.0,29,8,2.244868835238457,1,10,balanced,1,1,29,29,False,,2.244868835238457,False,False,False,True,0,51,43,1,0,balanced
1784679689249.4531,0.4,0.3,0.3,620.4317111459969,645.1111111111111,0.12408634222919938,296.71075837742507,378.6463844797179,0.019126801759668115,1.0000000000000002,1.0,1.0,32,8,2.24462742258042,1,10,balanced,0,0,32,32,False,,2.24462742258042,False,False,False,True,0,52,43,1,0,balanced
1784679692076.8672,0.4,0.3,0.3,629.5667189952904,655.8888888888889,0.12591334379905808,262.4691358024691,337.24279835390945,0.016842504056202075,1.0000000000000002,1.0,1.0,29,8,2.2445819112635164,1,10,balanced,1,1,29,29,False,,2.2445819112635164,False,False,False,True,0,53,43,1,0,balanced
1784679694907.7139,0.4,0.3,0.3,620.4599686028258,644.6666666666666,0.12409199372056516,282.57201646090533,364.2798353909465,0.018183590157498687,1.0000000000000002,1.0,1.0,32,8,2.2449081254645242,1,10,balanced,0,0,32,32,False,,2.2449081254645242,False,False,False,True,0,54,43,1,0,balanced
1784679697830.997,0.4,0.3,0.3,630.6059654631084,656.8888888888889,0.12612119309262168,256.6269841269841,333.28407224958954,0.016452767453434564,1.0000000000000002,1.0,1.0,29,8,2.2446156925269207,1,10,balanced,1,1,29,29,False,,2.2446156925269207,False,False,False,True,0,55,43,1,0,balanced
1784679700657.368,0.4,0.3,0.3,621.2291993720565,644.7777777777778,0.1242458398744113,260.8722810111699,343.9697236919459,0.01673597605144562,0.9960192868356137,0.9960317460317459,0.9960192868356137,32,8,2.244086657285486,1,10,balanced,0,0,32,32,False,,2.244086657285486,False,False,False,True,0,56,43,1,0,balanced
1784679703590.157,0.4,0.3,0.3,630.4505494505495,657.1111111111111,0.1260901098901099,275.4317186644773,378.98330596606456,0.017707252746129238,1.0000000000000002,1.0,1.0,29,8,2.244251780220117,1,10,balanced,1,1,29,29,False,,2.244251780220117,False,False,False,True,0,57,43,1,0,balanced
1784679709366.576,0.4,0.3,0.3,622.5133437990581,646.6666666666666,0.12450266875981163,291.05673133450915,382.33392122281015,0.01874961516574444,1.0000000000000002,1.0,1.0,32,8,2.244574047946352,1,10,balanced,0,0,32,32,False,,2.244574047946352,False,False,False,True,0,58,43,1,0,balanced
1784679712288.239,0.4,0.3,0.3,629.9544740973313,656.1111111111111,0.12599089481946626,277.4641438099292,355.35891666159864,0.017842838146092676,0.9960192868356137,0.9960317460317459,0.9960192868356137,29,8,2.24305657667907,1,10,balanced,1,1,29,29,False,,2.24305657667907,False,False,False,True,0,59,43,1,0,balanced
1784679715218.7659,0.4,0.3,0.3,621.1067503924647,645.1111111111111,0.12422135007849294,316.52557319223985,410.0382128159906,0.020448670659922605,1.0000000000000002,1.0,1.0,32,8,2.244176858770626,1,10,balanced,0,0,32,32,False,,2.244176858770626,False,False,False,True,0,60,43,1,0,balanced
1784679718151.9011,0.4,0.3,0.3,628.7503924646782,655.8888888888889,0.12575007849293562,302.44594964422555,392.2482211275315,0.019509402911556076,1.0000000000000002,1.0,1.0,29,8,2.243847147729359,1,10,balanced,1,1,29,29,False,,2.243847147729359,False,False,False,True,0,61,43,1,0,balanced
1784679721179.859,0.4,0.3,0.3,623.1569858712717,647.7777777777778,0.12463139717425434,320.8274544385655,415.3057025279247,0.02073565406528122,1.0000000000000002,1.0,1.0,32,8,2.2439267449107136,1,10,balanced,0,0,32,32,False,,2.2439267449107136,False,False,False,True,0,62,43,1,0,balanced
1784679724000.895,0.4,0.3,0.3,629.6844583987441,656.1111111111111,0.12593689167974884,315.83412472301364,397.53402975625204,0.02040254334376342,0.9940694226408515,0.9958847736625513,0.9940694226408515,29,8,2.241725307117227,1,10,balanced,1,1,29,29,False,,2.241725307117227,False,False,False,True,0,63,43,1,0,balanced
1784679727530.631,0.4,0.3,0.3,627.6562009419152,651.2222222222222,0.12553124018838305,784.5337203407379,1151.6239387642897,0.05167002804141013,0.6599753707908711,0.7459119038066406,0.6599753707908711,32,8,2.1322791067494853,1,10,balanced,0,0,32,32,False,,2.1322791067494853,False,False,False,True,0,64,43,1,0,balanced
1784679730658.121,0.4,0.3,0.3,542.7032967032967,596.2222222222222,0.10854065934065935,261.1571087216248,302.26642771804063,0.016754977232930273,0.839874411302983,0.8888888888888888,0.839874411302983,29,8,2.203519566484752,1,10,balanced,1,1,29,29,False,,2.203519566484752,False,False,False,True,0,65,43,1,0,balanced
1784679733580.7969,0.4,0.3,0.3,629.8602825745683,656.8888888888889,0.12597205651491364,279.54714772243506,353.48263698838406,0.01798179771330454,0.9887596569510717,0.9922003284072249,0.9887596569510717,29,8,2.2408445351653645,1,10,balanced,2,2,29,29,False,,2.2408445351653645,False,False,False,True,0,66,43,1,0,balanced
1784679736503.405,0.4,0.3,0.3,622.078492935636,646.2222222222222,0.12441569858712719,323.1577013521458,420.2013521457966,0.020891107495139814,1.0000000000000002,1.0,1.0,32,8,2.243966388316607,1,10,balanced,0,0,32,32,False,,2.243966388316607,False,False,False,True,0,67,43,1,0,balanced
1784679742411.5469,0.4,0.3,0.3,630.4599686028259,657.7777777777778,0.12609199372056518,266.6954022988505,346.16858237547893,0.01712444311533359,1.0000000000000002,1.0,1.0,29,8,2.244425869577174,1,10,balanced,1,1,29,29,False,,2.244425869577174,False,False,False,True,0,68,43,1,0,balanced
1784679745338.9011,0.4,0.3,0.3,621.1695447409735,645.0,0.1242339089481947,317.0950911228689,425.6628453850676,0.02048666385075843,1.0000000000000002,1.0,1.0,32,8,2.2441604372654944,1,10,balanced,0,0,32,32,False,,2.2441604372654944,False,False,False,True,0,69,43,1,0,balanced
1784679748256.8801,0.4,0.3,0.3,632.4175824175825,658.4444444444445,0.1264835164835165,255.74661963550852,327.8453850676073,0.016394037333923184,1.0000000000000002,1.0,1.0,29,8,2.2444883822064163,1,10,balanced,1,1,29,29,False,,2.2444883822064163,False,False,False,True,0,70,43,1,0,balanced
1784679751085.323,0.4,0.3,0.3,620.6907378335951,643.6666666666666,0.12413814756671902,319.5157260435038,409.0432098765432,0.020648147167678703,1.0000000000000002,1.0,1.0,32,8,2.2441502968230087,1,10,balanced,0,0,32,32,False,,2.2441502968230087,False,False,False,True,0,71,43,1,0,balanced
1784679754013.9001,0.4,0.3,0.3,629.0565149136579,655.8888888888889,0.12581130298273158,306.872427983539,400.69958847736626,0.01980469833112335,1.0000000000000002,1.0,1.0,29,8,2.2437340693075702,1,10,balanced,1,1,29,29,False,,2.2437340693075702,False,False,False,True,0,72,43,1,0,balanced
1784679756845.745,0.4,0.3,0.3,620.8916797488226,645.0,0.12417833594976453,292.7674897119341,380.4144620811287,0.018863741808668053,1.0000000000000002,1.0,1.0,32,8,2.2446695430774937,1,10,balanced,0,0,32,32,False,,2.2446695430774937,False,False,False,True,0,73,43,1,0,balanced
1784679759875.675,0.4,0.3,0.3,628.9042386185243,655.0,0.12578084772370487,514.5785440613026,534.2145593869733,0.03366101027760524,0.977967844962919,0.9578544061302681,0.977967844962919,29,8,2.232979711316112,1,10,balanced,1,1,29,29,False,,2.232979711316112,False,False,False,True,0,74,43,1,0,balanced
1784679762809.16,0.4,0.3,0.3,628.0,654.4444444444445,0.1256,284.077366255144,365.8913580246914,0.018284013759515945,0.9940694226408515,0.9958847736625513,0.9940694226408515,29,8,2.242495622664401,1,10,balanced,2,2,29,29,False,,2.242495622664401,False,False,False,True,0,75,43,1,0,balanced
1784679765640.5288,0.4,0.3,0.3,622.3799058084774,646.0,0.12447598116169548,292.9453262786596,394.3180482069371,0.01887560548890324,1.0000000000000002,1.0,1.0,32,8,2.244546925888651,1,10,balanced,0,0,32,32,False,,2.244546925888651,False,False,False,True,0,76,43,1,0,balanced
1784679768565.9248,0.4,0.3,0.3,631.094191522763,657.2222222222222,0.1262188383045526,296.6269841269841,391.30952380952385,0.019121213083854845,1.0000000000000002,1.0,1.0,29,8,2.2437761007530224,1,10,balanced,1,1,29,29,False,,2.2437761007530224,False,False,False,True,0,77,43,1,0,balanced
1784679771385.204,0.4,0.3,0.3,622.8053375196233,647.1111111111111,0.12456106750392466,314.9588477366255,417.9423868312757,0.020344152617520046,1.0000000000000002,1.0,1.0,32,8,2.244072327213174,1,10,balanced,0,0,32,32,False,,2.244072327213174,False,False,False,True,0,78,43,1,0,balanced
1784679774309.019,0.4,0.3,0.3,629.4270015698588,656.0,0.12588540031397177,294.265873015873,383.1878306878307,0.018963700668170314,1.0000000000000002,1.0,1.0,29,8,2.24395672967396,1,10,balanced,1,1,29,29,False,,2.24395672967396,False,False,False,True,0,79,43,1,0,balanced
1784679780063.752,0.4,0.3,0.3,621.0188383045527,645.4444444444445,0.12420376766091054,300.26432415321307,386.7537195314973,0.01936386418633843,1.0000000000000002,1.0,1.0,32,8,2.2445093336797344,1,10,balanced,0,0,32,32,False,,2.2445093336797344,False,False,False,True,0,80,43,1,0,balanced
1784679782889.05,0.4,0.3,0.3,629.8477237048667,656.3333333333334,0.12596954474097333,284.0740740740741,373.61031972143087,0.018283794134361177,0.9880225594511312,0.9917695473251028,0.9880225594511312,29,8,2.2405338116986417,1,10,balanced,1,1,29,29,False,,2.2405338116986417,False,False,False,True,0,81,43,1,0,balanced
1784679785718.003,0.4,0.3,0.3,621.9686028257457,645.1111111111111,0.12439372056514915,309.25925925925924,394.9794238683128,0.0199639265683295,1.0000000000000002,1.0,1.0,32,8,2.2442533338034414,1,10,balanced,0,0,32,32,False,,2.2442533338034414,False,False,False,True,0,82,43,1,0,balanced
1784679788648.1099,0.4,0.3,0.3,630.6970172684458,656.6666666666666,0.12613940345368918,271.85960591133005,331.2712096332786,0.017468953029441632,1.0000000000000002,1.0,1.0,29,8,2.2443035527096917,1,10,balanced,1,1,29,29,False,,2.2443035527096917,False,False,False,True,0,83,43,1,0,balanced
1784679791477.678,0.4,0.3,0.3,622.072213500785,645.1111111111111,0.124414442700157,317.5940623162845,399.05643738977074,0.02051995078827782,1.0000000000000002,1.0,1.0,32,8,2.244078237683454,1,10,balanced,0,0,32,32,False,,2.244078237683454,False,False,False,True,0,84,43,1,0,balanced
1784679794398.597,0.4,0.3,0.3,628.9324960753534,655.1111111111111,0.12578649921507068,285.271164021164,352.28835978835974,0.018363653370324483,1.0000000000000002,1.0,1.0,29,8,2.2441763043028744,1,10,balanced,1,1,29,29,False,,2.2441763043028744,False,False,False,True,0,85,43,1,0,balanced
1784679797230.9402,0.4,0.3,0.3,622.4897959183675,645.6666666666666,0.1244979591836735,334.7472075249853,427.3251028806584,0.021664256672780872,1.0000000000000002,1.0,1.0,32,8,2.243701539324696,1,10,balanced,0,0,32,32,False,,2.243701539324696,False,False,False,True,0,86,43,1,0,balanced
1784679800150.5771,0.4,0.3,0.3,630.3689167974883,656.0,0.12607378335949765,309.509847148736,383.4259259259259,0.019980643572297264,1.0000000000000002,1.0,1.0,29,8,2.243576293584512,1,10,balanced,1,1,29,29,False,,2.243576293584512,False,False,False,True,0,87,43,1,0,balanced
1784679802977.043,0.4,0.3,0.3,621.3751962323392,645.7777777777778,0.12427503924646785,283.95932257043364,374.1911997467553,0.018276138930649343,1.0000000000000002,1.0,1.0,32,8,2.244807142622218,1,10,balanced,0,0,32,32,False,,2.244807142622218,False,False,False,True,0,88,43,1,0,balanced
1784679805910.9858,0.4,0.3,0.3,629.7048665620094,656.5555555555555,0.1259409733124019,274.9787903667214,352.6778872468528,0.01767703738270323,1.0000000000000002,1.0,1.0,29,8,2.2443204994602284,1,10,balanced,1,1,29,29,False,,2.2443204994602284,False,False,False,True,0,89,43,1,0,balanced
1784679808743.9312,0.4,0.3,0.3,623.6656200941916,647.4444444444445,0.12473312401883832,331.75530231085787,429.0392529281418,0.021464663262899124,0.9958718530147105,0.9958847736625516,0.9958718530147105,32,8,2.242428907318008,1,10,balanced,0,0,32,32,False,,2.242428907318008,False,False,False,True,0,90,43,1,0,balanced
1784679814517.968,0.4,0.3,0.3,629.9042386185245,656.0,0.12598084772370488,297.0576131687243,384.3621399176955,0.019149940838473937,1.0000000000000002,1.0,1.0,29,8,2.2438626786589757,1,10,balanced,1,1,29,29,False,,2.2438626786589757,False,False,False,True,0,91,43,1,0,balanced
1784679817346.262,0.4,0.3,0.3,621.7833594976453,645.4444444444445,0.12435667189952905,322.119341563786,423.4156378600823,0.020821837329138494,1.0000000000000002,1.0,1.0,32,8,2.244010780041447,1,10,balanced,0,0,32,32,False,,2.244010780041447,False,False,False,True,0,92,43,1,0,balanced
1784679820277.701,0.4,0.3,0.3,629.3076923076924,655.2222222222222,0.12586153846153847,319.38051146384475,397.74691358024694,0.020639126848822197,1.0000000000000002,1.0,1.0,29,8,2.243463646560738,1,10,balanced,1,1,29,29,False,,2.243463646560738,False,False,False,True,0,93,43,1,0,balanced
1784679823110.105,0.4,0.3,0.3,624.3657770800628,647.8888888888889,0.12487315541601256,341.2801293356848,434.74132863021754,0.022100075339271837,1.0000000000000002,1.0,1.0,32,8,2.2434207152318133,1,10,balanced,0,0,32,32,False,,2.2434207152318133,False,False,False,True,0,94,43,1,0,balanced
1784679825943.414,0.4,0.3,0.3,631.2009419152278,657.5555555555555,0.12624018838304554,360.062519784742,466.0683760683761,0.02335307003233769,1.0000000000000002,1.0,1.0,29,8,2.2424980036370803,1,10,balanced,1,1,29,29,False,,2.2424980036370803,False,False,False,True,0,95,43,1,0,balanced
1784679828971.636,0.4,0.3,0.3,624.9497645211932,649.1111111111111,0.12498995290423863,421.2166715787405,573.7296394537774,0.027432733260756535,0.9199372056514916,0.9444444444444444,0.9199372056514916,32,8,2.217755360555525,1,10,balanced,0,0,32,32,False,,2.217755360555525,False,False,False,True,0,96,43,1,0,balanced
1784679831797.886,0.4,0.3,0.3,630.0816326530613,656.2222222222222,0.12601632653061226,351.2986704653371,438.9347894903451,0.022768423646787,1.0000000000000002,1.0,1.0,29,8,2.242762942293719,1,10,balanced,1,1,29,29,False,,2.242762942293719,False,False,False,True,0,97,43,1,0,balanced
1784679834729.4668,0.4,0.3,0.3,621.6075353218212,645.7777777777778,0.12432150706436423,301.38888888888886,387.85714285714283,0.0194388851827144,1.0000000000000002,1.0,1.0,32,8,2.24443973161944,1,10,balanced,0,0,32,32,False,,2.24443973161944,False,False,False,True,0,98,43,1,0,balanced
1784679837753.14,0.4,0.3,0.3,630.5180533751962,656.4444444444445,0.12610361067503925,402.676245210728,433.4648786717752,0.02619588026756024,0.9719590754073515,0.946360153256705,0.9719590754073515,29,8,2.2332875142719217,1,10,balanced,1,1,29,29,False,,2.2332875142719217,False,False,False,True,0,99,43,1,0,balanced
1784679840578.791,0.4,0.3,0.3,631.6483516483518,657.5555555555555,0.12632967032967035,292.81209243431465,370.8853434631212,0.01886671730715908,0.9938413235116534,0.9957264957264957,0.9938413235116534,29,8,2.24196051372948,1,10,balanced,2,2,29,29,False,,2.24196051372948,False,False,False,True,0,100,43,1,0,balanced
1784679843515.552,0.4,0.3,0.3,620.6043956043958,645.1111111111111,0.12412087912087916,351.59588477366253,425.03209876543207,0.022788251152345732,0.9957130781306608,0.9957264957264957,0.9957130781306608,32,8,2.242229096445143,1,10,balanced,0,0,32,32,False,,2.242229096445143,False,False,False,True,0,101,43,1,0,balanced
1784679849305.706,0.4,0.3,0.3,629.8210361067505,656.0,0.1259642072213501,358.7014991181657,458.96972369194594,0.023262274791071763,1.0000000000000002,1.0,1.0,29,8,2.2426356346741385,1,10,balanced,1,1,29,29,False,,2.2426356346741385,False,False,False,True,0,102,43,1,0,balanced
1784679852129.2168,0.4,0.3,0.3,622.3359497645213,645.8888888888889,0.12446718995290426,7672.094921539365,8334.444444444445,0.5111470928311784,0.9958718530147104,0.9958847736625513,0.9958718530147104,32,8,2.095630552073898,1,10,balanced,0,0,32,32,False,,2.095630552073898,False,False,False,True,0,103,43,1,0,balanced
1784679855049.621,0.4,0.3,0.3,630.0,656.7777777777778,0.126,268.9324153213042,340.41310541310537,0.017273676805957584,1.0000000000000002,1.0,1.0,29,8,2.244417896958213,1,10,balanced,1,1,29,29,False,,2.244417896958213,False,False,False,True,0,104,43,1,0,balanced
1784679857880.6182,0.4,0.3,0.3,622.5902668759812,646.7777777777778,0.12451805337519625,286.5432098765432,359.6707818930041,0.018448513000436505,1.0000000000000002,1.0,1.0,32,8,2.2446582247497906,1,10,balanced,0,0,32,32,False,,2.2446582247497906,False,False,False,True,0,105,43,1,0,balanced
1784679860811.472,0.4,0.3,0.3,630.5494505494506,657.2222222222222,0.12610989010989013,272.7821869488536,346.05232216343325,0.017530499462898842,1.0000000000000002,1.0,1.0,29,8,2.2442968941171744,1,10,balanced,1,1,29,29,False,,2.2442968941171744,False,False,False,True,0,106,43,1,0,balanced
1784679863743.053,0.4,0.3,0.3,621.2339089481948,645.7777777777778,0.12424678178963895,11872.805476416586,12137.98353909465,0.7913812859517403,0.9898249898249901,0.9917695473251028,0.9898249898249901,32,8,2.0098343984461193,1,10,balanced,0,0,32,32,False,,2.0098343984461193,False,False,False,True,0,107,43,1,0,balanced
1784679866564.163,0.4,0.3,0.3,628.9544740973313,655.4444444444445,0.12579089481946626,272.23912404467956,363.5229276895944,0.017494271117056676,1.0000000000000002,1.0,1.0,29,8,2.2444353607370964,1,10,balanced,1,1,29,29,False,,2.2444353607370964,False,False,False,True,0,108,43,1,0,balanced
1784679869396.189,0.4,0.3,0.3,619.2354788069075,642.6666666666666,0.1238470957613815,332.1275946275946,427.93243793243795,0.021489499308045,1.0000000000000002,1.0,1.0,32,8,2.244014311903034,1,10,balanced,0,0,32,32,False,,2.244014311903034,False,False,False,True,0,109,43,1,0,balanced
1784679872321.22,0.4,0.3,0.3,629.6075353218212,656.6666666666666,0.12592150706436422,326.55496766607877,404.97648442092884,0.021117743006409524,1.0000000000000002,1.0,1.0,29,8,2.2432960742723314,1,10,balanced,1,1,29,29,False,,2.2432960742723314,False,False,False,True,0,110,43,1,0,balanced
1784679875243.4958,0.4,0.3,0.3,622.105180533752,646.6666666666666,0.1244210361067504,317.6238368910783,407.4767378215654,0.020521937084127972,1.0000000000000002,1.0,1.0,32,8,2.2440750044320614,1,10,balanced,0,0,32,32,False,,2.2440750044320614,False,False,False,True,0,111,43,1,0,balanced
1784679878270.3809,0.4,0.3,0.3,630.3218210361068,657.0,0.12606436420722136,330.1851851851851,421.02880658436214,0.021359918958317885,1.0000000000000002,1.0,1.0,29,8,2.2431662786296163,1,10,balanced,1,1,29,29,False,,2.2431662786296163,False,False,False,True,0,112,43,1,0,balanced
1784679884063.932,0.4,0.3,0.3,621.3422291993721,645.3333333333334,0.12426844583987443,352.63447971781295,439.8427395649618,0.022857537005858103,1.0000000000000002,1.0,1.0,32,8,2.2434353605622928,1,10,balanced,0,0,32,32,False,,2.2434353605622928,False,False,False,True,0,113,43,1,0,balanced
1784679886994.0032,0.4,0.3,0.3,632.0361067503925,658.0,0.1264072213500785,317.61390358612573,395.50117577895355,0.020521274422023065,1.0000000000000002,1.0,1.0,29,8,2.2432807291333616,1,10,balanced,1,1,29,29,False,,2.2432807291333616,False,False,False,True,0,114,43,1,0,balanced
1784679889921.979,0.4,0.3,0.3,623.3343799058085,646.8888888888889,0.1246668759811617,273.939594356261,347.79982363315696,0.01760771143137165,1.0000000000000002,1.0,1.0,32,8,2.244850936178124,1,10,balanced,0,0,32,32,False,,2.244850936178124,False,False,False,True,0,115,43,1,0,balanced
1784679892850.452,0.4,0.3,0.3,630.6075353218212,657.1111111111111,0.12612150706436423,265.9879215434771,337.6004756560312,0.017077246267076525,0.9703471132042563,0.9794238683127572,0.9703471132042563,29,8,2.2355323572554084,1,10,balanced,1,1,29,29,False,,2.2355323572554084,False,False,False,True,0,116,43,1,0,balanced
1784679895675.831,0.4,0.3,0.3,621.8885400313972,645.3333333333334,0.12437770800627942,308.1687242798354,399.38271604938274,0.0198911757358129,1.0000000000000002,1.0,1.0,32,8,2.2442815640767444,1,10,balanced,0,0,32,32,False,,2.2442815640767444,False,False,False,True,0,117,43,1,0,balanced
1784679898604.829,0.4,0.3,0.3,631.2605965463109,656.8888888888889,0.1262521193092622,255.5379188712522,327.4368018812463,0.016380114667862055,1.0000000000000002,1.0,1.0,29,8,2.2445851178759364,1,10,balanced,1,1,29,29,False,,2.2445851178759364,False,False,False,True,0,118,43,1,0,balanced
1784679901440.125,0.4,0.3,0.3,622.4191522762953,646.4444444444445,0.12448383045525907,300.8998100664767,375.3387147831592,0.01940625817654948,1.0000000000000002,1.0,1.0,32,8,2.2443845903649313,1,10,balanced,0,0,32,32,False,,2.2443845903649313,False,False,False,True,0,119,43,1,0,balanced
1784679904370.377,0.4,0.3,0.3,630.5651491365778,656.1111111111111,0.12611302982731556,251.63727219282777,320.61875367430923,0.01611989807824068,1.0000000000000002,1.0,1.0,29,8,2.2447188186456017,1,10,balanced,1,1,29,29,False,,2.2447188186456017,False,False,False,True,0,120,43,1,0,balanced
1784679907204.124,0.4,0.3,0.3,622.4568288854003,646.7777777777778,0.12449136577708007,285.7355967078189,360.94797178130506,0.0183946362046577,1.0000000000000002,1.0,1.0,32,8,2.2446850628277706,1,10,balanced,0,0,32,32,False,,2.2446850628277706,False,False,False,True,0,121,43,1,0,balanced
1784679910830.087,0.4,0.3,0.3,422.657770800628,437.8888888888889,0.0845315541601256,175.2261582139631,216.6686024003097,0.011022425497929492,0.6703296703296704,0.6666666666666666,0.6703296703296704,29,8,2.163979551785472,1,10,balanced,1,1,29,29,False,,2.163979551785472,False,False,False,True,0,122,43,1,0,balanced
1784679913647.53,0.4,0.3,0.3,634.6671899529042,661.7777777777778,0.12693343799058085,226.32241215574547,286.49730927508705,0.014431114886974348,1.0000000000000002,1.0,1.0,28,8,2.244897290337675,1,10,balanced,1,1,28,28,False,,2.244897290337675,False,False,False,True,0,123,43,1,0,balanced
1784679919505.5498,0.4,0.3,0.3,631.6310832025118,657.2222222222222,0.12632621664050236,254.4964422550629,323.1075533661741,0.016310636574720674,1.0000000000000002,1.0,1.0,29,8,2.244576322371383,1,10,balanced,0,0,29,29,False,,2.244576322371383,False,False,False,True,0,124,43,1,0,balanced
1784679922327.312,0.4,0.3,0.3,623.751962323391,647.3333333333334,0.1247503924646782,249.9919165196943,341.2272192827748,0.016010134524329173,1.0000000000000002,1.0,1.0,32,8,2.24529680265683,1,10,balanced,0,0,32,32,False,,2.24529680265683,False,False,False,True,0,125,43,1,0,balanced
1784679925260.4402,0.4,0.3,0.3,629.7205651491367,656.2222222222222,0.12594411302982736,263.06510875955314,352.5014697236919,0.016882262092031565,1.0000000000000002,1.0,1.0,29,8,2.2445576761604595,1,10,balanced,1,1,29,29,False,,2.2445576761604595,False,False,False,True,0,126,43,1,0,balanced
1784679928089.504,0.4,0.3,0.3,620.409733124019,644.7777777777778,0.1240819466248038,299.9635960747072,399.7150997150997,0.019343802273162587,1.0000000000000002,1.0,1.0,32,8,2.2445640806681295,1,10,balanced,0,0,32,32,False,,2.2445640806681295,False,False,False,True,0,127,43,1,0,balanced
1784679931023.456,0.4,0.3,0.3,629.6703296703297,655.4444444444445,0.12593406593406595,287.9989711934156,371.984126984127,0.018545628498560084,1.0000000000000002,1.0,1.0,29,8,2.2440626850768055,1,10,balanced,1,1,29,29,False,,2.2440626850768055,False,False,False,True,0,128,43,1,0,balanced
1784679933857.6292,0.4,0.3,0.3,622.8744113029828,647.3333333333334,0.12457488226059657,300.98251028806584,389.13139329805995,0.01941177520267284,1.0000000000000002,1.0,1.0,32,8,2.2443465145349597,1,10,balanced,0,0,32,32,False,,2.2443465145349597,False,False,False,True,0,129,43,1,0,balanced
1784679936785.939,0.4,0.3,0.3,629.1507064364208,655.5555555555555,0.12583014128728418,253.5119047619048,330.1587301587302,0.016244956955430608,1.0000000000000002,1.0,1.0,29,8,2.244794456398457,1,10,balanced,1,1,29,29,False,,2.244794456398457,False,False,False,True,0,130,43,1,0,balanced
1784679939708.058,0.4,0.3,0.3,623.8540031397174,647.5555555555555,0.12477080062794348,290.5153155344726,379.45620223398004,0.01871349670009824,0.9944784279759651,0.9961685823754789,0.9944784279759651,32,8,2.2428211591315828,1,10,balanced,0,0,32,32,False,,2.2428211591315828,False,False,False,True,0,131,43,1,0,balanced
1784679942639.044,0.4,0.3,0.3,630.2386185243329,656.5555555555555,0.12604772370486658,235.6102900930487,306.5708812260537,0.01505071981941619,1.0000000000000002,1.0,1.0,29,8,2.2450656945722285,1,10,balanced,1,1,29,29,False,,2.2450656945722285,False,False,False,True,0,132,43,1,0,balanced
1784679947369.3481,0.4,0.3,0.3,245.0957613814757,292.6666666666667,0.04901915227629514,105.21711028850108,117.68964098948234,0.006352042047264915,0.3877551020408163,0.4444444444444444,0.3877551020408163,32,8,2.0948132570875475,1,10,balanced,0,0,32,32,False,,2.0948132570875475,False,False,False,True,0,133,43,1,0,balanced
1784679950301.978,0.4,0.3,0.3,630.8304552590268,656.5555555555555,0.12616609105180537,250.1908866995074,320.17104542966615,0.016023408052001826,1.0000000000000002,1.0,1.0,29,8,2.2447265411636774,1,10,balanced,1,1,29,29,False,,2.2447265411636774,False,False,False,True,0,134,43,1,0,balanced
1784679956185.512,0.4,0.3,0.3,622.1130298273157,645.8888888888889,0.12442260596546315,321.66050903119867,404.92063492063494,0.02079122808747156,1.0000000000000002,1.0,1.0,32,8,2.243993589187573,1,10,balanced,0,0,32,32,False,,2.243993589187573,False,False,False,True,0,135,43,1,0,balanced
1784679959013.1199,0.4,0.3,0.3,630.7786499215072,656.8888888888889,0.12615572998430144,266.5345045900601,339.83380816714157,0.01711370944563443,1.0000000000000002,1.0,1.0,29,8,2.244403595172589,1,10,balanced,1,1,29,29,False,,2.244403595172589,False,False,False,True,0,136,43,1,0,balanced
1784679961847.488,0.4,0.3,0.3,621.5133437990581,645.3333333333334,0.12430266875981162,297.37066431510874,377.81305114638445,0.019170824837565627,1.0000000000000002,1.0,1.0,32,8,2.2445276850448055,1,10,balanced,0,0,32,32,False,,2.2445276850448055,False,False,False,True,0,137,43,1,0,balanced
1784679966681.987,0.4,0.3,0.3,209.4646781789639,317.3333333333333,0.04189293563579278,2582.095599036371,1945.6472178153829,0.17158743155679593,0.2916898769433332,0.44265232974910396,0.2916898769433332,29,8,2.019273559361644,1,10,balanced,1,1,29,29,False,,2.019273559361644,False,False,False,True,0,138,43,1,0,balanced
1784679969609.199,0.4,0.3,0.3,633.2511773940346,660.2222222222222,0.1266502354788069,265.5313051146384,348.0878894767784,0.01704678486421871,1.0000000000000002,1.0,1.0,28,8,2.2442258703492115,1,10,balanced,1,1,28,28,False,,2.2442258703492115,False,False,False,True,0,139,43,1,0,balanced
1784679972633.071,0.4,0.3,0.3,551.3563579277866,577.8888888888889,0.11027127158555732,231.74014336917563,305.03584229390685,0.014792537916556079,0.8885400313971745,0.8888888888888888,0.8885400313971745,29,8,2.2180157394099624,1,10,balanced,0,0,29,29,False,,2.2180157394099624,False,False,False,True,0,140,43,1,0,balanced
1784679975464.4622,0.4,0.3,0.3,630.8021978021978,657.0,0.12616043956043957,257.1264640709085,344.7499208610319,0.016486088330280757,1.0000000000000002,1.0,1.0,29,8,2.24458999767674,1,10,balanced,2,2,29,29,False,,2.24458999767674,False,False,False,True,0,141,43,1,0,balanced
1784679978297.6602,0.4,0.3,0.3,621.4850863422294,645.6666666666666,0.12429701726844587,326.19341563786,413.62139917695475,0.021093623458162777,1.0000000000000002,1.0,1.0,32,8,2.243953106055173,1,10,balanced,0,0,32,32,False,,2.243953106055173,False,False,False,True,0,142,43,1,0,balanced
1784679981225.447,0.4,0.3,0.3,630.50863422292,656.7777777777778,0.126101726844584,331.4289008493989,430.5356889456507,0.021442888649059296,1.0000000000000002,1.0,1.0,29,8,2.2431264426674487,1,10,balanced,1,1,29,29,False,,2.2431264426674487,False,False,False,True,0,143,43,1,0,balanced
1784679984057.239,0.4,0.3,0.3,622.5054945054947,646.2222222222222,0.12450109890109894,298.3833039388595,372.13991769547323,0.01923837918204533,1.0000000000000002,1.0,1.0,32,8,2.2444280466849467,1,10,balanced,0,0,32,32,False,,2.2444280466849467,False,False,False,True,0,144,43,1,0,balanced
1784679989949.565,0.4,0.3,0.3,631.6734693877551,657.6666666666666,0.126334693877551,273.57515940849277,340.3138425360648,0.017583399560273032,1.0000000000000002,1.0,1.0,29,8,2.244191102580898,1,10,balanced,1,1,29,29,False,,2.244191102580898,False,False,False,True,0,145,43,1,0,balanced
1784679994671.702,0.4,0.3,0.3,634.8979591836736,665.5555555555555,0.1269795918367347,1540.5999644442213,1682.6436102071245,0.10210806967606546,0.5170497147368235,0.5245024009423215,0.5170497147368235,32,8,2.0736906567835334,1,10,balanced,0,0,32,32,False,,2.0736906567835334,False,False,False,True,0,146,43,1,0,balanced
1784679997496.1592,0.4,0.3,0.3,629.1177394034537,656.1111111111111,0.12582354788069075,303.4662867996201,386.79962013295346,0.019577470767152775,1.0000000000000002,1.0,1.0,29,8,2.243797339617578,1,10,balanced,1,1,29,29,False,,2.243797339617578,False,False,False,True,0,147,43,1,0,balanced
1784680000328.916,0.4,0.3,0.3,621.3406593406594,645.4444444444445,0.12426813186813188,316.05017410572964,419.54257676479904,0.020416956244545006,1.0000000000000002,1.0,1.0,32,8,2.2441676603793836,1,10,balanced,0,0,32,32,False,,2.2441676603793836,False,False,False,True,0,148,43,1,0,balanced
1784680003256.718,0.4,0.3,0.3,630.1789638932497,656.5555555555555,0.12603579277864993,266.05706075533664,338.16502463054184,0.017081858622770955,1.0000000000000002,1.0,1.0,29,8,2.244461125301709,1,10,balanced,1,1,29,29,False,,2.244461125301709,False,False,False,True,0,149,43,1,0,balanced
1784680006082.123,0.4,0.3,0.3,622.2276295133439,645.8888888888889,0.12444552590266879,287.5301293356849,368.5964138741917,0.018514351523394586,1.0000000000000002,1.0,1.0,32,8,2.244667484181914,1,10,balanced,0,0,32,32,False,,2.244667484181914,False,False,False,True,0,150,43,1,0,balanced
1784680008915.896,0.4,0.3,0.3,630.3579277864992,656.5555555555555,0.12607158555729983,258.15843621399176,331.2709718265274,0.016554932369178904,1.0000000000000002,1.0,1.0,29,8,2.2446048860663264,1,10,balanced,1,1,29,29,False,,2.2446048860663264,False,False,False,True,0,151,43,1,0,balanced
1784680012041.823,0.4,0.3,0.3,626.8854003139719,650.6666666666666,0.12537708006279438,546.6811544936544,662.5376359751359,0.035802612040937584,0.8563405200789995,0.8802643369175627,0.8563405200789995,32,8,2.196010540386301,1,10,balanced,0,0,32,32,False,,2.196010540386301,False,False,False,True,0,152,43,1,0,balanced
1784680014859.588,0.4,0.3,0.3,629.9167974882262,656.8888888888889,0.12598335949764522,271.87796771130104,337.048116492561,0.01747017796606411,1.0000000000000002,1.0,1.0,29,8,2.2443656028111225,1,10,balanced,1,1,29,29,False,,2.2443656028111225,False,False,False,True,0,153,43,1,0,balanced
1784680017686.79,0.4,0.3,0.3,623.9136577708008,648.1111111111111,0.12478273155416016,280.74514991181655,353.6302175191064,0.018061717805991764,1.0000000000000002,1.0,1.0,32,8,2.2446683920365382,1,10,balanced,0,0,32,32,False,,2.2446683920365382,False,False,False,True,0,154,43,1,0,balanced
1784680020513.3,0.4,0.3,0.3,631.094191522763,657.4444444444445,0.1262188383045526,268.14023425134536,327.6258309591643,0.017220829503091752,1.0000000000000002,1.0,1.0,29,8,2.2443462158272514,1,10,balanced,1,1,29,29,False,,2.2443462158272514,False,False,False,True,0,155,43,1,0,balanced
1784680026270.283,0.4,0.3,0.3,623.7441130298274,647.0,0.12474882260596548,266.6372721928277,341.92533803644915,0.01712056518964828,1.0000000000000002,1.0,1.0,32,8,2.2449643014007195,1,10,balanced,0,0,32,32,False,,2.2449643014007195,False,False,False,True,0,156,43,1,0,balanced
1784680029197.9922,0.4,0.3,0.3,631.8116169544741,658.3333333333334,0.12636232339089482,237.20136734983478,301.6961118206329,0.015156862398254489,0.9942812289751068,0.9960317460317462,0.9942812289751068,29,8,2.243192380616698,1,10,balanced,1,1,29,29,False,,2.243192380616698,False,False,False,True,0,157,43,1,0,balanced
1784680032130.466,0.4,0.3,0.3,622.304552590267,646.3333333333334,0.1244609105180534,309.7437612763283,393.1961422287093,0.019996248250588947,1.0000000000000002,1.0,1.0,32,8,2.244216761317602,1,10,balanced,0,0,32,32,False,,2.244216761317602,False,False,False,True,0,158,43,1,0,balanced
1784680035065.465,0.4,0.3,0.3,630.14442700157,656.5555555555555,0.12602888540031398,254.83906525573192,329.89271017048793,0.016333493345946092,1.0000000000000002,1.0,1.0,29,8,2.2446883978360908,1,10,balanced,1,1,29,29,False,,2.2446883978360908,False,False,False,True,0,159,43,1,0,balanced
1784680037893.3562,0.4,0.3,0.3,623.3500784929357,646.6666666666666,0.12467001569858714,272.74544385655497,358.7125220458554,0.01752804828929653,1.0000000000000002,1.0,1.0,32,8,2.244873579233776,1,10,balanced,0,0,32,32,False,,2.244873579233776,False,False,False,True,0,160,43,1,0,balanced
1784680040724.88,0.4,0.3,0.3,629.989010989011,656.7777777777778,0.1259978021978022,257.4216524216524,326.4466603355492,0.016505780681898095,1.0000000000000002,1.0,1.0,29,8,2.2446491449163095,1,10,balanced,1,1,29,29,False,,2.2446491449163095,False,False,False,True,0,161,43,1,0,balanced
1784680043546.585,0.4,0.3,0.3,622.8257456828886,646.4444444444445,0.12456514913657772,304.30776014109347,381.39329805996476,0.01963360641368202,1.0000000000000002,1.0,1.0,32,8,2.244283858421264,1,10,balanced,0,0,32,32,False,,2.244283858421264,False,False,False,True,0,162,43,1,0,balanced
1784680046577.765,0.4,0.3,0.3,632.8241758241759,658.5555555555555,0.1265648351648352,288.8300206364722,396.90257412838054,0.018601068754934773,0.8985871271585559,0.9296296296296297,0.8985871271585559,29,8,2.2133698834551523,1,10,balanced,1,1,29,29,False,,2.2133698834551523,False,False,False,True,0,163,43,1,0,balanced
1784680049502.459,0.4,0.3,0.3,631.541601255887,657.5555555555555,0.12630832025117741,247.99603174603175,321.455938697318,0.015876986774251617,1.0000000000000002,1.0,1.0,29,8,2.2447135758672534,1,10,balanced,2,2,29,29,False,,2.2447135758672534,False,False,False,True,0,164,43,1,0,balanced
1784680053136.238,0.4,0.3,0.3,410.61852433281007,431.44444444444446,0.08212370486656201,165.7090108401084,211.66192411924118,0.010387525739833783,0.6593406593406594,0.6666666666666666,0.6593406593406594,32,8,2.1618364581336227,1,10,balanced,0,0,32,32,False,,2.1618364581336227,False,False,False,True,0,165,43,1,0,balanced
1784680055969.1702,0.4,0.3,0.3,628.9984301412874,655.5555555555555,0.12579968602825747,288.19879708768593,356.79962013295346,0.01855895911192034,1.0000000000000002,1.0,1.0,29,8,2.244112437855121,1,10,balanced,1,1,29,29,False,,2.244112437855121,False,False,False,True,0,166,43,1,0,balanced
1784680061757.905,0.4,0.3,0.3,623.4505494505495,647.3333333333334,0.1246901098901099,317.3324514991182,389.7266313932981,0.020502498432229364,1.0000000000000002,1.0,1.0,32,8,2.243973206514287,1,10,balanced,0,0,32,32,False,,2.243973206514287,False,False,False,True,0,167,43,1,0,balanced
1784680064589.732,0.4,0.3,0.3,630.0580847723705,655.8888888888889,0.1260116169544741,277.88065843621393,340.7818930041152,0.017870624311955567,1.0000000000000002,1.0,1.0,29,8,2.244234165924624,1,10,balanced,1,1,29,29,False,,2.244234165924624,False,False,False,True,0,168,43,1,0,balanced
1784680067414.1409,0.4,0.3,0.3,622.2244897959183,645.5555555555555,0.12444489795918366,307.87992357436804,372.80276308054084,0.019871909511298736,1.0000000000000002,1.0,1.0,32,8,2.244260467962937,1,10,balanced,0,0,32,32,False,,2.244260467962937,False,False,False,True,0,169,43,1,0,balanced
1784680070245.7969,0.4,0.3,0.3,630.1302982731555,656.4444444444445,0.1260260596546311,264.1732804232804,331.8445032333921,0.016956189487877277,1.0000000000000002,1.0,1.0,29,8,2.244502719291784,1,10,balanced,1,1,29,29,False,,2.244502719291784,False,False,False,True,0,170,43,1,0,balanced
1784680073177.939,0.4,0.3,0.3,622.054945054945,645.5555555555555,0.12441098901098901,331.1507936507936,401.38888888888886,0.02142433580058663,1.0000000000000002,1.0,1.0,32,8,2.2438083036554284,1,10,balanced,0,0,32,32,False,,2.2438083036554284,False,False,False,True,0,171,43,1,0,balanced
1784680075998.599,0.4,0.3,0.3,631.4191522762952,658.0,0.12628383045525904,252.48971193415636,319.4238683127572,0.0161767653058143,1.0000000000000002,1.0,1.0,29,8,2.244633438226152,1,10,balanced,1,1,29,29,False,,2.244633438226152,False,False,False,True,0,172,43,1,0,balanced
1784680079121.968,0.4,0.3,0.3,626.0361067503926,649.1111111111111,0.12520722135007853,416.75879791504786,528.2845765345766,0.02713534342328538,0.8204252544690334,0.8587589605734767,0.8204252544690334,32,8,2.187904084773693,1,10,balanced,0,0,32,32,False,,2.187904084773693,False,False,False,True,0,173,43,1,0,balanced
1784680082051.0918,0.4,0.3,0.3,631.690737833595,658.0,0.126338147566719,243.1547619047619,309.76190476190476,0.015554020140411066,0.9961565528067994,0.9961685823754789,0.9961565528067994,29,8,2.243645500773229,1,10,balanced,1,1,29,29,False,,2.243645500773229,False,False,False,True,0,174,43,1,0,balanced
1784680084882.156,0.4,0.3,0.3,623.9089481946626,647.7777777777778,0.12478178963893251,290.2041785375119,369.91452991452996,0.018692740396098192,1.0000000000000002,1.0,1.0,32,8,2.2444794620255974,1,10,balanced,0,0,32,32,False,,2.2444794620255974,False,False,False,True,0,175,43,1,0,balanced
1784680087814.33,0.4,0.3,0.3,630.5039246467818,656.4444444444445,0.12610078492935636,275.6995884773662,343.4567901234568,0.017725122646922362,1.0000000000000002,1.0,1.0,29,8,2.244242149234181,1,10,balanced,1,1,29,29,False,,2.244242149234181,False,False,False,True,0,176,43,1,0,balanced
1784680090647.79,0.4,0.3,0.3,622.0659340659341,646.2222222222222,0.12441318681318683,316.7766698322253,380.7866413421969,0.020465421603217165,1.0000000000000002,1.0,1.0,32,8,2.24409509879376,1,10,balanced,0,0,32,32,False,,2.24409509879376,False,False,False,True,0,177,43,1,0,balanced
1784680096397.171,0.4,0.3,0.3,630.2040816326531,656.3333333333334,0.12604081632653064,257.81893004115227,327.81893004115227,0.016532283525093547,1.0000000000000002,1.0,1.0,29,8,2.2446239884118597,1,10,balanced,1,1,29,29,False,,2.2446239884118597,False,False,False,True,0,178,43,1,0,balanced
1784680099217.883,0.4,0.3,0.3,622.2464678178966,646.5555555555555,0.12444929356357931,318.50823045267487,389.27983539094646,0.020580935987503327,1.0000000000000002,1.0,1.0,32,8,2.244046001778317,1,10,balanced,0,0,32,32,False,,2.244046001778317,False,False,False,True,0,179,43,1,0,balanced
1784680102144.6619,0.4,0.3,0.3,630.8665620094192,657.0,0.12617331240188384,305.25352733686066,397.2457378012934,0.019696699622205514,0.9901323166629292,0.9920634920634921,0.9901323166629292,29,8,2.2406613601514636,1,10,balanced,1,1,29,29,False,,2.2406613601514636,False,False,False,True,0,180,43,1,0,balanced
1784680104965.145,0.4,0.3,0.3,622.613814756672,646.4444444444445,0.12452276295133441,301.7133586578031,383.4742006964229,0.019460530931140967,1.0000000000000002,1.0,1.0,32,8,2.244352735540124,1,10,balanced,0,0,32,32,False,,2.244352735540124,False,False,False,True,0,181,43,1,0,balanced
1784680107896.847,0.4,0.3,0.3,630.9466248037678,656.8888888888889,0.12618932496075355,269.5950911228689,356.2022339800118,0.01731788466463435,1.0000000000000002,1.0,1.0,29,8,2.2443289046163084,1,10,balanced,1,1,29,29,False,,2.2443289046163084,False,False,False,True,0,182,43,1,0,balanced
1784680110730.823,0.4,0.3,0.3,621.9434850863422,646.1111111111111,0.12438869701726844,289.9485596707819,379.4096232985122,0.018675687769898724,1.0000000000000002,1.0,1.0,32,8,2.244641814862123,1,10,balanced,0,0,32,32,False,,2.244641814862123,False,False,False,True,0,183,43,1,0,balanced
1784680113667.346,0.4,0.3,0.3,630.7111459968603,657.2222222222222,0.12614222919937207,291.64829512051733,369.4179894179894,0.01878907906074165,1.0000000000000002,1.0,1.0,29,8,2.243906384602029,1,10,balanced,1,1,29,29,False,,2.243906384602029,False,False,False,True,0,184,43,1,0,balanced
1784680116499.429,0.4,0.3,0.3,621.2417582417584,645.4444444444445,0.12424835164835167,337.54335684891237,435.4423868312758,0.02185079098391677,1.0000000000000002,1.0,1.0,32,8,2.2437454220454844,1,10,balanced,0,0,32,32,False,,2.2437454220454844,False,False,False,True,0,185,43,1,0,balanced
1784680119433.5598,0.4,0.3,0.3,630.5431711145998,657.0,0.12610863422291996,301.40064667842444,379.4429747207525,0.01943966955826714,0.9941690962099128,0.9960317460317462,0.9941690962099128,29,8,2.2419753743063255,1,10,balanced,1,1,29,29,False,,2.2419753743063255,False,False,False,True,0,186,43,1,0,balanced
1784680122258.273,0.4,0.3,0.3,619.6546310832026,643.8888888888889,0.12393092621664052,332.83215755437976,406.51234567901236,0.021536501504628405,1.0000000000000002,1.0,1.0,32,8,2.2439666790619555,1,10,balanced,0,0,32,32,False,,2.2439666790619555,False,False,False,True,0,187,43,1,0,balanced
1784680125186.6208,0.4,0.3,0.3,630.9497645211932,656.7777777777778,0.12618995290423862,252.2489053092501,324.06677613574163,0.016160700821164116,0.9944784279759651,0.9961685823754789,0.9944784279759651,29,8,2.243019336984745,1,10,balanced,1,1,29,29,False,,2.243019336984745,False,False,False,True,0,188,43,1,0,balanced
1784680131062.205,0.4,0.3,0.3,621.7158555729985,646.0,0.12434317111459971,297.96113847837984,386.0577449370553,0.019210216042587047,1.0000000000000002,1.0,1.0,32,8,2.244499666741384,1,10,balanced,0,0,32,32,False,,2.244499666741384,False,False,False,True,0,189,43,1,0,balanced
1784680133988.417,0.4,0.3,0.3,631.0486656200942,657.1111111111111,0.12620973312401884,264.8317166372722,353.4729570840682,0.0170001145188307,0.9886475241858776,0.9922003284072249,0.9886475241858776,29,8,2.2410103296505066,1,10,balanced,1,1,29,29,False,,2.2410103296505066,False,False,False,True,0,190,43,1,0,balanced
1784680136816.188,0.4,0.3,0.3,623.2778649921507,646.8888888888889,0.12465557299843015,288.4420928865373,359.0711346266902,0.018575189652203956,1.0000000000000002,1.0,1.0,32,8,2.2445652139049668,1,10,balanced,0,0,32,32,False,,2.2445652139049668,False,False,False,True,0,191,43,1,0,balanced
1784680139749.261,0.4,0.3,0.3,631.1758241758242,657.4444444444445,0.12623516483516484,269.29802955665025,342.3139025725233,0.0172980673486758,1.0000000000000002,1.0,1.0,29,8,2.2443165138613312,1,10,balanced,1,1,29,29,False,,2.2443165138613312,False,False,False,True,0,192,43,1,0,balanced
1784680142576.8499,0.4,0.3,0.3,622.2935635792779,646.2222222222222,0.12445871271585558,310.19032921810697,391.9650205761317,0.020026039307412074,1.0000000000000002,1.0,1.0,32,8,2.244208703121434,1,10,balanced,0,0,32,32,False,,2.244208703121434,False,False,False,True,0,193,43,1,0,balanced
1784680145501.7952,0.4,0.3,0.3,631.1428571428572,657.5555555555555,0.12622857142857144,295.2380952380952,397.42063492063494,0.01902855872168747,1.0000000000000002,1.0,1.0,29,8,2.243800003812065,1,10,balanced,1,1,29,29,False,,2.243800003812065,False,False,False,True,0,194,43,1,0,balanced
1784680148333.225,0.4,0.3,0.3,622.2135007849295,646.0,0.1244427001569859,317.4485596707819,408.06584362139915,0.020510244140812667,1.0000000000000002,1.0,1.0,32,8,2.244069846694962,1,10,balanced,0,0,32,32,False,,2.244069846694962,False,False,False,True,0,195,43,1,0,balanced
1784680151267.237,0.4,0.3,0.3,629.1930926216642,654.8888888888889,0.12583861852433284,313.4722222222222,402.5396825396826,0.020244978133570526,1.0000000000000002,1.0,1.0,29,8,2.2435910591501957,1,10,balanced,1,1,29,29,False,,2.2435910591501957,False,False,False,True,0,196,43,1,0,balanced
1784680154095.981,0.4,0.3,0.3,621.4505494505496,645.3333333333334,0.12429010989010993,312.0164609053498,411.81069958847735,0.02014786263544695,1.0000000000000002,1.0,1.0,32,8,2.244239597253322,1,10,balanced,0,0,32,32,False,,2.244239597253322,False,False,False,True,0,197,43,1,0,balanced
1784680156926.5298,0.4,0.3,0.3,629.8979591836735,656.5555555555555,0.1259795918367347,311.5527065527065,378.5485913263691,0.020116925053549468,1.0000000000000002,1.0,1.0,29,8,2.243573085749241,1,10,balanced,1,1,29,29,False,,2.243573085749241,False,False,False,True,0,198,43,1,0,balanced
1784680159748.363,0.4,0.3,0.3,622.9340659340661,647.0,0.12458681318681322,331.0479129923574,424.68988830099937,0.02141747251450016,1.0000000000000002,1.0,1.0,32,8,2.2437400329709245,1,10,balanced,0,0,32,32,False,,2.2437400329709245,False,False,False,True,0,199,43,1,0,balanced
1784680162569.234,0.4,0.3,0.3,629.8006279434852,656.4444444444445,0.12596012558869704,304.1999050332384,373.3127572016461,0.01962641127640016,1.0000000000000002,1.0,1.0,29,8,2.2437280263816013,1,10,balanced,1,1,29,29,False,,2.2437280263816013,False,False,False,True,0,200,43,1,0,balanced
1784680168365.798,0.4,0.3,0.3,623.1695447409735,647.5555555555555,0.1246339089481947,327.071066793289,413.4425451092118,0.02115217256793122,1.0000000000000002,1.0,1.0,32,8,2.2438007846503427,1,10,balanced,0,0,32,32,False,,2.2438007846503427,False,False,False,True,0,201,43,1,0,balanced
1784680171191.8271,0.4,0.3,0.3,629.4740973312403,655.8888888888889,0.12589481946624806,296.3042101930991,372.6416587527699,0.019099680466517617,1.0000000000000002,1.0,1.0,29,8,2.2439121680735457,1,10,balanced,1,1,29,29,False,,2.2439121680735457,False,False,False,True,0,202,43,1,0,balanced
1784680174012.97,0.4,0.3,0.3,621.6766091051807,645.5555555555555,0.12433532182103613,347.6582214082214,452.8421064532175,0.022525565137306296,1.0000000000000002,1.0,1.0,32,8,2.2435082017303936,1,10,balanced,0,0,32,32,False,,2.2435082017303936,False,False,False,True,0,203,43,1,0,balanced
1784680176945.516,0.4,0.3,0.3,630.6200941915228,657.1111111111111,0.12612401883830454,276.77836566725455,350.41887125220455,0.017797089103886228,0.9885624579502132,0.9920634920634921,0.9885624579502132,29,8,2.240780003118576,1,10,balanced,1,1,29,29,False,,2.240780003118576,False,False,False,True,0,204,43,1,0,balanced
1784680179773.853,0.4,0.3,0.3,621.9215070643643,645.6666666666666,0.12438430141287285,323.91992266992264,404.5109211775878,0.020941956148760682,0.9958510876878226,0.9960317460317462,0.9958510876878226,32,8,2.2427190188965693,1,10,balanced,0,0,32,32,False,,2.2427190188965693,False,False,False,True,0,205,43,1,0,balanced
1784680182609.25,0.4,0.3,0.3,631.7252747252749,657.7777777777778,0.12634505494505496,275.76058201058197,341.5975896531452,0.0177291915951022,1.0000000000000002,1.0,1.0,29,8,2.2441432205434473,1,10,balanced,1,1,29,29,False,,2.2441432205434473,False,False,False,True,0,206,43,1,0,balanced
1784680185443.4941,0.4,0.3,0.3,623.4442700156986,647.2222222222222,0.12468885400313973,307.31922398589063,395.33509700176364,0.019834504602127462,1.0000000000000002,1.0,1.0,32,8,2.244174107018106,1,10,balanced,0,0,32,32,False,,2.244174107018106,False,False,False,True,0,207,43,1,0,balanced
1784680188276.896,0.4,0.3,0.3,630.5337519623234,656.7777777777778,0.1261067503924647,283.3206710984488,374.2576764798987,0.018233533762404858,1.0000000000000002,1.0,1.0,29,8,2.244087239714293,1,10,balanced,1,1,29,29,False,,2.244087239714293,False,False,False,True,0,208,43,1,0,balanced
1784680191107.0671,0.4,0.3,0.3,621.7660910518053,645.2222222222222,0.12435321821036106,306.9032921810699,390.6378600823045,0.019806757316949294,1.0000000000000002,1.0,1.0,32,8,2.244316685520771,1,10,balanced,0,0,32,32,False,,2.244316685520771,False,False,False,True,0,209,43,1,0,balanced
1784680194031.6821,0.4,0.3,0.3,631.5824175824176,658.0,0.12631648351648353,246.43678160919538,321.42446633825944,0.015772967418892288,1.0000000000000002,1.0,1.0,29,8,2.244741516367739,1,10,balanced,1,1,29,29,False,,2.244741516367739,False,False,False,True,0,210,43,1,0,balanced
1784680196858.5151,0.4,0.3,0.3,623.4018838304554,647.2222222222222,0.12468037676609108,301.0721634332745,381.29041740152854,0.019417756066262476,1.0000000000000002,1.0,1.0,32,8,2.244302522473685,1,10,balanced,0,0,32,32,False,,2.244302522473685,False,False,False,True,0,211,43,1,0,balanced
1784680202607.668,0.4,0.3,0.3,629.5886970172685,656.3333333333334,0.1259177394034537,260.4922443811333,342.5830959164293,0.016710623374325103,1.0000000000000002,1.0,1.0,29,8,2.244619717226321,1,10,balanced,1,1,29,29,False,,2.244619717226321,False,False,False,True,0,212,43,1,0,balanced
1784680205440.054,0.4,0.3,0.3,623.5463108320253,647.4444444444445,0.12470926216640506,299.2519106407995,387.65285126396236,0.01929632492600397,1.0000000000000002,1.0,1.0,32,8,2.2443273976556366,1,10,balanced,0,0,32,32,False,,2.2443273976556366,False,False,False,True,0,213,43,1,0,balanced
1784680208263.677,0.4,0.3,0.3,628.9183673469389,656.1111111111111,0.1257836734693878,253.86831275720166,333.3333333333333,0.016268733339373027,1.0000000000000002,1.0,1.0,29,8,2.2448059106104328,1,10,balanced,1,1,29,29,False,,2.2448059106104328,False,False,False,True,0,214,43,1,0,balanced
1784680211091.176,0.4,0.3,0.3,623.1758241758243,646.8888888888889,0.12463516483516487,413.33847736625506,522.5205761316872,0.02690716993770881,1.0000000000000002,1.0,1.0,32,8,2.2420737830846216,1,10,balanced,0,0,32,32,False,,2.2420737830846216,False,False,False,True,0,215,43,1,0,balanced
1784680213919.173,0.4,0.3,0.3,630.5965463108321,657.3333333333334,0.1261193092621664,245.93768371546147,321.74603174603175,0.01573967202905013,1.0000000000000002,1.0,1.0,29,8,2.244830374686418,1,10,balanced,1,1,29,29,False,,2.244830374686418,False,False,False,True,0,216,43,1,0,balanced
1784680216740.96,0.4,0.3,0.3,623.006279434851,646.6666666666666,0.1246012558869702,278.1547619047619,359.5238095238095,0.017888910067028814,1.0000000000000002,1.0,1.0,32,8,2.244792824625103,1,10,balanced,0,0,32,32,False,,2.244792824625103,False,False,False,True,0,217,43,1,0,balanced
1784680219566.0579,0.4,0.3,0.3,630.7268445839875,656.6666666666666,0.1261453689167975,245.05223171889838,316.9927192149414,0.01568060251627074,1.0000000000000002,1.0,1.0,29,8,2.2448376716783995,1,10,balanced,1,1,29,29,False,,2.2448376716783995,False,False,False,True,0,218,43,1,0,balanced
1784680222397.44,0.4,0.3,0.3,623.370486656201,647.3333333333334,0.1246740973312402,291.56672545561435,379.0593768371546,0.018783637455344518,1.0000000000000002,1.0,1.0,32,8,2.2444952698309004,1,10,balanced,0,0,32,32,False,,2.2444952698309004,False,False,False,True,0,219,43,1,0,balanced
1784680225222.779,0.4,0.3,0.3,630.973312401884,657.1111111111111,0.12619466248037678,261.1807534029756,340.110794555239,0.016756554596596102,0.9958718530147104,0.9958847736625513,0.9958718530147104,29,8,2.2432567245332837,1,10,balanced,1,1,29,29,False,,2.2432567245332837,False,False,False,True,0,220,43,1,0,balanced
1784680228049.578,0.4,0.3,0.3,621.6138147566721,645.3333333333334,0.12432276295133443,288.98442092886535,368.20105820105823,0.018611368974574074,1.0000000000000002,1.0,1.0,32,8,2.244687484127094,1,10,balanced,0,0,32,32,False,,2.244687484127094,False,False,False,True,0,221,43,1,0,balanced
1784680230882.16,0.4,0.3,0.3,631.2715855572999,657.2222222222222,0.12625431711145998,235.5583819472708,314.32076154298375,0.015047256967796584,0.9940694226408515,0.9958847736625513,0.9940694226408515,29,8,2.2432049228573323,1,10,balanced,1,1,29,29,False,,2.2432049228573323,False,False,False,True,0,222,43,1,0,balanced
1784680233708.301,0.4,0.3,0.3,623.1083202511776,647.3333333333334,0.12462166405023552,341.4748677248677,423.858024691358,0.02211306655936409,1.0000000000000002,1.0,1.0,32,8,2.2435174144120964,1,10,balanced,0,0,32,32,False,,2.2435174144120964,False,False,False,True,0,223,43,1,0,balanced
1784680239523.7852,0.4,0.3,0.3,628.0408163265306,654.6666666666666,0.12560816326530613,286.7711301044634,370.7834757834758,0.018463717818843456,1.0000000000000002,1.0,1.0,29,8,2.2442176193482246,1,10,balanced,1,1,29,29,False,,2.2442176193482246,False,False,False,True,0,224,43,1,0,balanced
1784680242346.3381,0.4,0.3,0.3,622.1004709576139,645.3333333333334,0.12442009419152278,317.308201058201,396.8694885361552,0.020500880657651835,1.0000000000000002,1.0,1.0,32,8,2.244081698126095,1,10,balanced,0,0,32,32,False,,2.244081698126095,False,False,False,True,0,225,43,1,0,balanced
1784680245179.992,0.4,0.3,0.3,632.2386185243329,658.4444444444445,0.12644772370486657,260.8024691358024,327.20164609053495,0.01673131882160123,1.0000000000000002,1.0,1.0,29,8,2.244401514871573,1,10,balanced,1,1,29,29,False,,2.244401514871573,False,False,False,True,0,226,43,1,0,balanced
1784680248001.981,0.4,0.3,0.3,622.4788069073785,646.4444444444445,0.1244957613814757,311.0515873015873,394.36507936507934,0.02008349481665025,1.0000000000000002,1.0,1.0,32,8,2.2441766470024147,1,10,balanced,0,0,32,32,False,,2.2441766470024147,False,False,False,True,0,227,43,1,0,balanced
1784680250922.22,0.4,0.3,0.3,630.9968602825745,657.3333333333334,0.1261993720565149,258.9285714285714,328.8095238095238,0.016606308967883347,1.0000000000000002,1.0,1.0,29,8,2.244538358487029,1,10,balanced,1,1,29,29,False,,2.244538358487029,False,False,False,True,0,228,43,1,0,balanced
1784680253849.432,0.4,0.3,0.3,621.7833594976453,645.4444444444445,0.12435667189952905,301.1583196496989,388.9750957854406,0.019423503645743755,1.0000000000000002,1.0,1.0,32,8,2.244430280146465,1,10,balanced,0,0,32,32,False,,2.244430280146465,False,False,False,True,0,229,43,1,0,balanced
1784680256785.333,0.4,0.3,0.3,632.4992150706437,658.5555555555555,0.12649984301412873,289.7039637317415,364.1653099986433,0.018659370495779953,1.0000000000000002,1.0,1.0,29,8,2.2438022516456146,1,10,balanced,1,1,29,29,False,,2.2438022516456146,False,False,False,True,0,230,43,1,0,balanced
1784680259717.0962,0.4,0.3,0.3,620.3453689167976,644.3333333333334,0.12406907378335952,317.722359058566,399.82621784345923,0.020528509610311274,1.0000000000000002,1.0,1.0,32,8,2.244213817603563,1,10,balanced,0,0,32,32,False,,2.244213817603563,False,False,False,True,0,231,43,1,0,balanced
1784680262639.728,0.4,0.3,0.3,628.9372056514915,655.3333333333334,0.1257874411302983,284.781746031746,375.31746031746036,0.018331003737941696,1.0000000000000002,1.0,1.0,29,8,2.244185722426498,1,10,balanced,1,1,29,29,False,,2.244185722426498,False,False,False,True,0,232,43,1,0,balanced
1784680265462.868,0.4,0.3,0.3,621.8163265306123,645.4444444444445,0.12436326530612246,295.6995884773662,382.4691358024691,0.0190593454621325,1.0000000000000002,1.0,1.0,32,8,2.244536890238911,1,10,balanced,0,0,32,32,False,,2.244536890238911,False,False,False,True,0,233,43,1,0,balanced
1784680268396.015,0.4,0.3,0.3,631.558869701727,658.0,0.1263117739403454,275.90585659551175,354.7016967706623,0.017738883028386374,1.0000000000000002,1.0,1.0,29,8,2.244153625515346,1,10,balanced,1,1,29,29,False,,2.244153625515346,False,False,False,True,0,234,43,1,0,balanced
1784680274177.6929,0.4,0.3,0.3,622.1805337519625,646.3333333333334,0.12443610675039249,312.98574368018814,396.67254556143445,0.020212524595075925,1.0000000000000002,1.0,1.0,32,8,2.2441617999213204,1,10,balanced,0,0,32,32,False,,2.2441617999213204,False,False,False,True,0,235,43,1,0,balanced
1784680276999.048,0.4,0.3,0.3,631.0879120879123,657.1111111111111,0.12621758241758246,262.042576764799,329.2766698322254,0.016814047816197396,1.0000000000000002,1.0,1.0,29,8,2.2444687526881077,1,10,balanced,1,1,29,29,False,,2.2444687526881077,False,False,False,True,0,236,43,1,0,balanced
1784680279829.425,0.4,0.3,0.3,623.6342229199373,647.8888888888889,0.12472684458398746,312.77619499841717,397.7334599556822,0.020198545363470124,1.0000000000000002,1.0,1.0,32,8,2.244049698557364,1,10,balanced,0,0,32,32,False,,2.244049698557364,False,False,False,True,0,237,43,1,0,balanced
1784680282954.791,0.4,0.3,0.3,545.0533751962323,598.4444444444445,0.10901067503924647,243.4352598566308,295.08176523297493,0.015572732478761227,0.839874411302983,0.8888888888888888,0.839874411302983,29,8,2.203686233631568,1,10,balanced,1,1,29,29,False,,2.203686233631568,False,False,False,True,0,238,43,1,0,balanced
1784680285894.426,0.4,0.3,0.3,630.7864992150706,657.7777777777778,0.12615729984301413,301.57840722495894,382.2468527640941,0.01945152816710867,1.0000000000000002,1.0,1.0,29,8,2.2437016216126615,1,10,balanced,2,2,29,29,False,,2.2437016216126615,False,False,False,True,0,239,43,1,0,balanced
1784680288716.978,0.4,0.3,0.3,619.7064364207223,644.7777777777778,0.12394128728414446,294.8493533215755,375.9391534391534,0.019002625304975016,1.0000000000000002,1.0,1.0,32,8,2.2447226974948498,1,10,balanced,0,0,32,32,False,,2.2447226974948498,False,False,False,True,0,240,43,1,0,balanced
1784680291545.264,0.4,0.3,0.3,629.6891679748823,656.2222222222222,0.12593783359497646,297.7382082937638,391.9088319088319,0.019195344115661362,1.0000000000000002,1.0,1.0,29,8,2.2438662633273108,1,10,balanced,1,1,29,29,False,,2.2438662633273108,False,False,False,True,0,241,43,1,0,balanced
1784680296177.0488,0.4,0.3,0.3,638.4113029827316,670.4444444444445,0.12768226059654633,1314.6201963755354,1354.1100913793905,0.08703270155940863,0.5429770235907496,0.5405281107587186,0.5429770235907496,32,8,2.0857103923707836,1,10,balanced,0,0,32,32,False,,2.0857103923707836,False,False,False,True,0,242,43,1,0,balanced
1784680299001.7358,0.4,0.3,0.3,632.3233908948196,659.2222222222222,0.12646467817896392,247.82526115859451,322.701804368471,0.015865594473555338,1.0000000000000002,1.0,1.0,29,8,2.244654450386348,1,10,balanced,1,1,29,29,False,,2.244654450386348,False,False,False,True,0,243,43,1,0,balanced
1784680301823.8909,0.4,0.3,0.3,623.3485086342231,646.8888888888889,0.12466970172684462,303.8271604938272,375.0925925925926,0.01960154506296379,1.0000000000000002,1.0,1.0,32,8,2.244251655790373,1,10,balanced,0,0,32,32,False,,2.244251655790373,False,False,False,True,0,244,43,1,0,balanced
1784680304763.104,0.4,0.3,0.3,631.6844583987441,658.4444444444445,0.12633689167974882,267.95634920634916,329.60317460317464,0.01720856232197126,1.0000000000000002,1.0,1.0,29,8,2.244302674631509,1,10,balanced,1,1,29,29,False,,2.244302674631509,False,False,False,True,0,245,43,1,0,balanced
1784680310558.462,0.4,0.3,0.3,624.2025117739405,648.2222222222222,0.1248405023547881,270.00220458553787,348.152557319224,0.017345043668147958,1.0000000000000002,1.0,1.0,32,8,2.2448602859576403,1,10,balanced,0,0,32,32,False,,2.2448602859576403,False,False,False,True,0,246,43,1,0,balanced
1784680313692.122,0.4,0.3,0.3,545.7252747252749,599.2222222222222,0.10914505494505497,220.87365591397847,262.1998207885305,0.014067622142360138,0.839874411302983,0.8888888888888888,0.839874411302983,29,8,2.204084014770165,1,10,balanced,1,1,29,29,False,,2.204084014770165,False,False,False,True,0,247,43,1,0,balanced
1784680316613.6528,0.4,0.3,0.3,632.3673469387755,658.8888888888889,0.1264734693877551,252.41255144032922,325.975896531452,0.016171617841249448,0.9941690962099128,0.9960317460317462,0.9941690962099128,29,8,2.242809855755497,1,10,balanced,2,2,29,29,False,,2.242809855755497,False,False,False,True,0,248,43,1,0,balanced
1784680319438.194,0.4,0.3,0.3,623.5777080062795,647.5555555555555,0.1247155416012559,290.6165490887713,371.0949441504997,0.018720250105988746,1.0000000000000002,1.0,1.0,32,8,2.244497708327701,1,10,balanced,0,0,32,32,False,,2.244497708327701,False,False,False,True,0,249,43,1,0,balanced
1784680322368.42,0.4,0.3,0.3,630.409733124019,656.7777777777778,0.1260819466248038,266.7460317460317,342.38095238095235,0.01712782066351112,1.0000000000000002,1.0,1.0,29,8,2.244428875151025,1,10,balanced,1,1,29,29,False,,2.244428875151025,False,False,False,True,0,250,43,1,0,balanced
1784680325268.966,0.4,0.3,0.3,623.9843014128729,648.0,0.12479686028257458,279.71193415637856,360.0,0.017992790804294768,1.0000000000000002,1.0,1.0,32,8,2.244683418645682,1,10,balanced,0,0,32,32,False,,2.244683418645682,False,False,False,True,0,251,43,1,0,balanced
1784680328101.0598,0.4,0.3,0.3,629.5541601255887,656.1111111111111,0.12591083202511774,254.12947135169355,321.6334283000949,0.01628615552713099,1.0000000000000002,1.0,1.0,29,8,2.2447498205318137,1,10,balanced,1,1,29,29,False,,2.2447498205318137,False,False,False,True,0,252,43,1,0,balanced
1784680331231.245,0.4,0.3,0.3,627.5824175824176,651.8888888888889,0.12551648351648353,470.34572879330943,593.868354241338,0.030710188712028647,0.8145702511773942,0.8534722222222223,0.8145702511773942,32,8,2.1849514253330162,1,10,balanced,0,0,32,32,False,,2.1849514253330162,False,False,False,True,0,253,43,1,0,balanced
1784680334161.316,0.4,0.3,0.3,629.828885400314,656.1111111111111,0.1259657770800628,253.80356889456505,324.4980133390095,0.016264414202439296,1.0000000000000002,1.0,1.0,29,8,2.2447343649072433,1,10,balanced,1,1,29,29,False,,2.2447343649072433,False,False,False,True,0,254,43,1,0,balanced
1784680336994.2478,0.4,0.3,0.3,620.9419152276297,644.6666666666666,0.12418838304552594,309.42166372721925,371.6725455614344,0.01997476075565172,1.0000000000000002,1.0,1.0,32,8,2.244332218555094,1,10,balanced,0,0,32,32,False,,2.244332218555094,False,False,False,True,0,255,43,1,0,balanced
1784680339813.756,0.4,0.3,0.3,630.4882260596547,656.4444444444445,0.12609764521193095,297.74058246280464,378.3206710984489,0.019195502499186435,0.9940694226408515,0.9958847736625513,0.9940694226408515,29,8,2.2420231179577272,1,10,balanced,1,1,29,29,False,,2.2420231179577272,False,False,False,True,0,256,43,1,0,balanced
1784680345565.54,0.4,0.3,0.3,621.1726844583989,645.0,0.12423453689167978,344.1975308641975,441.2345679012346,0.022294698523295364,1.0000000000000002,1.0,1.0,32,8,2.2436177756863396,1,10,balanced,0,0,32,32,False,,2.2436177756863396,False,False,False,True,0,257,43,1,0,balanced
1784680348388.237,0.4,0.3,0.3,631.0737833594977,656.8888888888889,0.12621475667189955,269.73251028806584,366.37860082304525,0.017327052053906992,1.0000000000000002,1.0,1.0,29,8,2.244315981715068,1,10,balanced,1,1,29,29,False,,2.244315981715068,False,False,False,True,0,258,43,1,0,balanced
1784680351213.237,0.4,0.3,0.3,620.1852433281006,644.3333333333334,0.12403704866562011,306.58436213991763,397.44855967078195,0.01978548113008123,1.0000000000000002,1.0,1.0,32,8,2.2444495361947276,1,10,balanced,0,0,32,32,False,,2.2444495361947276,False,False,False,True,0,259,43,1,0,balanced
1784680354044.3152,0.4,0.3,0.3,627.5384615384617,653.7777777777778,0.12550769230769232,274.47236919459135,355.4467960023516,0.01764325344860516,1.0000000000000002,1.0,1.0,29,8,2.2445039470423414,1,10,balanced,1,1,29,29,False,,2.2445039470423414,False,False,False,True,0,260,43,1,0,balanced
1784680392477.803,0.4,0.3,0.3,581.5839874411304,569.2222222222222,0.11631679748822607,254.86335125448028,343.31093189964156,0.016335113492627104,0.9419152276295135,0.8888888888888888,0.9419152276295135,32,8,2.2311473152457753,1,10,balanced,0,0,32,32,False,,2.2311473152457753,False,False,False,True,1,261,43,1,0,balanced
1784680395309.4758,0.4,0.3,0.3,629.3956043956044,655.5555555555555,0.1258791208791209,249.65020576131684,328.97119341563786,0.015987338609827675,1.0000000000000002,1.0,1.0,29,8,2.2448521500654035,1,10,balanced,1,1,29,29,False,,2.2448521500654035,False,False,False,True,0,262,43,1,0,balanced
1784680398145.148,0.4,0.3,0.3,621.7425431711147,646.0,0.12434850863422293,284.19459141681364,362.76895943562613,0.018291833983776762,1.0000000000000002,1.0,1.0,32,8,2.244773046351178,1,10,balanced,0,0,32,32,False,,2.244773046351178,False,False,False,True,0,263,43,1,0,balanced
1784680401180.547,0.4,0.3,0.3,626.7362637362638,653.4444444444445,0.12534725274725275,451.0987958401751,478.55500821018063,0.029426203858584063,0.9473557164801406,0.9225806451612902,0.9473557164801406,29,8,2.225239952687566,1,10,balanced,1,1,29,29,False,,2.225239952687566,False,False,False,True,0,264,43,1,0,balanced
1784680404312.543,0.4,0.3,0.3,633.3134328358209,655.6666666666666,0.12666268656716417,288.39829035062303,366.09469074986316,0.018572267535064912,1.0,1.0,1.0,29,8,2.243763245112615,1,10,balanced,2,2,29,29,False,,2.243763245112615,False,False,False,True,0,265,43,1,0,balanced
1784680407132.697,0.4,0.3,0.3,621.7158555729984,645.5555555555555,0.12434317111459968,349.8713991769547,439.0520282186949,0.02267320875096429,1.0000000000000002,1.0,1.0,32,8,2.243460768928871,1,10,balanced,0,0,32,32,False,,2.243460768928871,False,False,False,True,0,266,43,1,0,balanced
1784680410058.4841,0.4,0.3,0.3,628.4819466248038,654.5555555555555,0.12569638932496074,319.51793062904176,416.70047031158146,0.020648294238094847,0.9960192868356135,0.9960317460317462,0.9960192868356135,29,8,2.242332742049271,1,10,balanced,1,1,29,29,False,,2.242332742049271,False,False,False,True,0,267,43,1,0,balanced
1784680415841.1602,0.4,0.3,0.3,623.5777080062795,647.6666666666666,0.1247155416012559,356.45960747071854,505.89762583095916,0.02311271564180911,0.9897668469097043,0.9917695473251028,0.9897668469097043,32,8,2.240110022739866,1,10,balanced,0,0,32,32,False,,2.240110022739866,False,False,False,True,0,268,43,1,0,balanced
1784680418773.257,0.4,0.3,0.3,629.3547880690738,655.0,0.12587095761381475,264.2167386324474,345.22795921263355,0.016959088634586218,1.0000000000000002,1.0,1.0,29,8,2.2445638903640983,1,10,balanced,1,1,29,29,False,,2.2445638903640983,False,False,False,True,0,269,43,1,0,balanced
1784680421606.5781,0.4,0.3,0.3,621.9387755102042,645.5555555555555,0.12438775510204084,305.5188124632569,395.8450911228689,0.019714397095614202,1.0000000000000002,1.0,1.0,32,8,2.2443305788304992,1,10,balanced,0,0,32,32,False,,2.2443305788304992,False,False,False,True,0,270,43,1,0,balanced
1784680424433.206,0.4,0.3,0.3,630.3014128728416,656.8888888888889,0.12606028257456833,284.7435897435897,382.91547958214625,0.018328458288431604,1.0000000000000002,1.0,1.0,29,8,2.2440773494836432,1,10,balanced,1,1,29,29,False,,2.2440773494836432,False,False,False,True,0,271,43,1,0,balanced
1784680427255.623,0.4,0.3,0.3,623.0423861852435,647.0,0.1246084772370487,306.7364785420341,397.38536155202826,0.019795628988794802,1.0000000000000002,1.0,1.0,32,8,2.244217920408542,1,10,balanced,0,0,32,32,False,,2.244217920408542,False,False,False,True,0,272,43,1,0,balanced
1784680430089.7688,0.4,0.3,0.3,629.0376766091052,655.4444444444445,0.12580753532182104,309.5473251028806,405.34979423868316,0.019983143769371624,1.0000000000000002,1.0,1.0,29,8,2.2436820427404602,1,10,balanced,1,1,29,29,False,,2.2436820427404602,False,False,False,True,0,273,43,1,0,balanced
1784680432915.3809,0.4,0.3,0.3,619.7645211930926,643.7777777777778,0.12395290423861852,327.7182539682539,427.6322751322752,0.0211953471626587,1.0000000000000002,1.0,1.0,32,8,2.244060234155755,1,10,balanced,0,0,32,32,False,,2.244060234155755,False,False,False,True,0,274,43,1,0,balanced
1784680471119.451,0.4,0.3,0.3,630.177394034537,656.5555555555555,0.1260354788069074,321.14039252928137,389.72459639126305,0.020756530522300292,0.9940694226408515,0.9958847736625513,0.9940694226408515,29,8,2.2415796761128024,1,10,balanced,1,1,29,29,False,,2.2415796761128024,False,False,False,True,1,275,43,1,0,balanced
1784680473942.693,0.4,0.3,0.3,620.475667189953,644.5555555555555,0.1240951334379906,290.9789490345046,385.08547008547015,0.018744426219780157,0.9940694226408515,0.9958847736625513,0.9940694226408515,32,8,2.2429594455511253,1,10,balanced,0,0,32,32,False,,2.2429594455511253,False,False,False,True,0,276,43,1,0,balanced
1784680476874.94,0.4,0.3,0.3,631.4160125588699,657.8888888888889,0.12628320251177397,262.91666666666663,356.23015873015873,0.016872359350678226,1.0000000000000002,1.0,1.0,29,8,2.2444250111900867,1,10,balanced,1,1,29,29,False,,2.2444250111900867,False,False,False,True,0,277,43,1,0,balanced
1784680479706.491,0.4,0.3,0.3,622.9905808477238,646.5555555555555,0.12459811616954476,309.09832451499113,400.92445620223396,0.019953190427951375,1.0000000000000002,1.0,1.0,32,8,2.244174796403797,1,10,balanced,0,0,32,32,False,,2.244174796403797,False,False,False,True,0,278,43,1,0,balanced
1784680485494.469,0.4,0.3,0.3,631.4317111459968,657.3333333333334,0.12628634222919935,256.02880658436214,323.99176954732513,0.016412862347188934,1.0000000000000002,1.0,1.0,29,8,2.2445616044041636,1,10,balanced,1,1,29,29,False,,2.2445616044041636,False,False,False,True,0,279,43,1,0,balanced
1784680488324.7249,0.4,0.3,0.3,621.7770800627944,645.7777777777778,0.12435541601255888,668.1158142269253,687.2486772486772,0.043903656719608095,1.0000000000000002,1.0,1.0,32,8,2.237086736579094,1,10,balanced,0,0,32,32,False,,2.237086736579094,False,False,False,True,0,280,43,1,0,balanced
1784680491156.989,0.4,0.3,0.3,628.9811616954476,655.2222222222222,0.12579623233908951,285.3012933568489,356.712228101117,0.01836566333267838,1.0000000000000002,1.0,1.0,29,8,2.2441718080645607,1,10,balanced,1,1,29,29,False,,2.2441718080645607,False,False,False,True,0,281,43,1,0,balanced
1784680494004.7961,0.4,0.3,0.3,622.5698587127158,647.0,0.12451397174254317,324.9985302763081,411.059670781893,0.021013911292615615,1.0000000000000002,1.0,1.0,32,8,2.243890237915198,1,10,balanced,0,0,32,32,False,,2.243890237915198,False,False,False,True,0,282,43,1,0,balanced
1784680497231.564,0.4,0.3,0.3,463.81946624803777,516.7777777777778,0.09276389324960756,236.281045751634,288.4341736694678,0.015095466694571982,0.7284144427001572,0.7777777777777778,0.7284144427001572,29,8,2.1768901355018326,1,10,balanced,1,1,29,29,False,,2.1768901355018326,False,False,False,True,0,283,43,1,0,balanced
1784680500167.651,0.4,0.3,0.3,631.5243328100471,659.3333333333334,0.12630486656200943,269.91696061140505,368.0011757789536,0.017339356945390596,1.0000000000000002,1.0,1.0,28,8,2.244276246291579,1,10,balanced,1,1,28,28,False,,2.244276246291579,False,False,False,True,0,284,43,1,0,balanced
1784680502998.8452,0.4,0.3,0.3,628.0643642072214,653.5555555555555,0.1256128728414443,268.88255777144667,350.789806900918,0.017270350751931066,1.0000000000000002,1.0,1.0,29,8,2.244573745637843,1,10,balanced,0,0,29,29,False,,2.244573745637843,False,False,False,True,0,285,43,1,0,balanced
1784680505834.172,0.4,0.3,0.3,621.6624803767661,645.1111111111111,0.12433249607535322,303.1092004703115,395.29835390946505,0.019553649130774616,1.0000000000000002,1.0,1.0,32,8,2.2444009068306263,1,10,balanced,0,0,32,32,False,,2.2444009068306263,False,False,False,True,0,286,43,1,0,balanced
1784680508667.948,0.4,0.3,0.3,630.4301412872842,657.2222222222222,0.12608602825745685,282.79982363315696,358.8815402704292,0.01819878743383302,1.0000000000000002,1.0,1.0,29,8,2.2441059524668674,1,10,balanced,1,1,29,29,False,,2.2441059524668674,False,False,False,True,0,287,43,1,0,balanced
1784680511499.1382,0.4,0.3,0.3,622.8602825745684,647.1111111111111,0.12457205651491367,477.64957264957263,539.3543390765612,0.031197436467616586,0.9940694226408515,0.9958847736625513,0.9940694226408515,32,8,2.239032773246005,1,10,balanced,0,0,32,32,False,,2.239032773246005,False,False,False,True,0,288,43,1,0,balanced
1784680514329.0369,0.4,0.3,0.3,631.0816326530613,657.1111111111111,0.12621632653061227,264.18062904174013,340.7039976484421,0.01695667972259774,1.0000000000000002,1.0,1.0,29,8,2.244426465470976,1,10,balanced,1,1,29,29,False,,2.244426465470976,False,False,False,True,0,289,43,1,0,balanced
1784680517159.1338,0.4,0.3,0.3,621.6577708006281,645.4444444444445,0.12433155416012562,395.9905937683716,487.933568489124,0.025749872833113516,1.0000000000000002,1.0,1.0,32,8,2.2425424164860157,1,10,balanced,0,0,32,32,False,,2.2425424164860157,False,False,False,True,0,290,43,1,0,balanced
1784680522942.535,0.4,0.3,0.3,631.0926216640504,657.3333333333334,0.12621852433281008,292.0441595441595,380.346628679962,0.018815487628029322,1.0000000000000002,1.0,1.0,29,8,2.2438679439784672,1,10,balanced,1,1,29,29,False,,2.2438679439784672,False,False,False,True,0,291,43,1,0,balanced
1784680525776.07,0.4,0.3,0.3,622.956043956044,646.8888888888889,0.1245912087912088,280.7495590828924,358.3245149911817,0.018062011946824042,1.0000000000000002,1.0,1.0,32,8,2.244744912899469,1,10,balanced,0,0,32,32,False,,2.244744912899469,False,False,False,True,0,292,43,1,0,balanced
1784680528708.824,0.4,0.3,0.3,632.7974882260597,658.8888888888889,0.12655949764521193,293.667695473251,370.0073486184598,0.018923795561924684,1.0000000000000002,1.0,1.0,29,8,2.243699062273338,1,10,balanced,1,1,29,29,False,,2.243699062273338,False,False,False,True,0,293,43,1,0,balanced
1784680531544.05,0.4,0.3,0.3,624.2590266875982,648.1111111111111,0.12485180533751963,293.8477366255144,378.4362139917696,0.018935806312576013,1.0000000000000002,1.0,1.0,32,8,2.244378535971219,1,10,balanced,0,0,32,32,False,,2.244378535971219,False,False,False,True,0,294,43,1,0,balanced
1784680534475.591,0.4,0.3,0.3,632.2448979591837,658.4444444444445,0.12644897959183674,247.84209085933225,322.0949644225506,0.015866717202090208,1.0000000000000002,1.0,1.0,29,8,2.244660393002638,1,10,balanced,1,1,29,29,False,,2.244660393002638,False,False,False,True,0,295,43,1,0,balanced
1784680537319.398,0.4,0.3,0.3,622.3626373626374,646.5555555555555,0.12447252747252749,281.3991769547325,361.52263374485597,0.01810534869611291,1.0000000000000002,1.0,1.0,32,8,2.2447793844021553,1,10,balanced,0,0,32,32,False,,2.2447793844021553,False,False,False,True,0,296,43,1,0,balanced
1784680540154.902,0.4,0.3,0.3,629.6860282574569,656.4444444444445,0.12593720565149139,270.2674897119341,352.38683127572017,0.017362741141556646,1.0000000000000002,1.0,1.0,29,8,2.2444162953969364,1,10,balanced,1,1,29,29,False,,2.2444162953969364,False,False,False,True,0,297,43,1,0,balanced
1784680542990.308,0.4,0.3,0.3,622.6938775510205,646.7777777777778,0.12453877551020409,278.04526748971193,361.11111111111114,0.017881605569693926,1.0000000000000002,1.0,1.0,32,8,2.2448200081250103,1,10,balanced,0,0,32,32,False,,2.2448200081250103,False,False,False,True,0,298,43,1,0,balanced
1784680545815.339,0.4,0.3,0.3,630.6185243328101,657.0,0.12612370486656202,272.0892687559354,356.7394745172523,0.01748427409979556,0.9958718530147105,0.9958847736625516,0.9958718530147105,29,8,2.2430667917278497,1,10,balanced,1,1,29,29,False,,2.2430667917278497,False,False,False,True,0,299,43,1,0,balanced
1784680548652.133,0.4,0.3,0.3,623.3343799058085,646.8888888888889,0.1246668759811617,303.02469135802465,387.98353909465027,0.019548011431489303,1.0000000000000002,1.0,1.0,32,8,2.2442688461780884,1,10,balanced,0,0,32,32,False,,2.2442688461780884,False,False,False,True,0,300,43,1,0,balanced
1784680551485.771,0.1,0.8,0.1,628.5274725274727,655.2222222222222,0.12570549450549454,265.55555555555554,341.9753086419753,0.017048402638796235,1.0000000000000002,1.0,1.0,29,8,2.0737907284384134,1,10,balanced,1,1,29,29,False,,2.0737907284384134,False,False,False,True,0,301,43,1,0,delay
1784680557378.632,0.1,0.8,0.1,634.6923076923077,662.3333333333334,0.12693846153846156,272.796884185773,359.1093474426808,0.01753147993233976,1.0000000000000002,1.0,1.0,28,8,2.073280969900282,1,10,balanced,1,1,28,28,False,,2.073280969900282,False,False,False,True,0,302,43,1,0,delay
1784680560315.051,0.1,0.8,0.1,640.934065934066,669.8888888888889,0.1281868131868132,239.14168136390356,317.7322163433275,0.015286302959566615,1.0000000000000002,1.0,1.0,26,8,2.0749522763136654,1,10,balanced,1,1,26,26,False,,2.0749522763136654,False,False,False,True,0,303,43,1,0,delay
1784680563245.258,0.1,0.8,0.1,645.6593406593408,676.3333333333334,0.12913186813186817,227.16049382716045,300.98765432098764,0.014487024271324913,1.0000000000000002,1.0,1.0,25,8,2.075497193769753,1,10,balanced,1,1,25,25,False,,2.075497193769753,False,False,False,True,0,304,43,1,0,delay
1784680566171.1099,0.1,0.8,0.1,652.5290423861853,685.5555555555555,0.13050580847723706,202.7579930357708,267.8205128205129,0.012859105606122134,0.9940694226408515,0.9958847736625513,0.9940694226408515,23,8,2.076069076931464,1,10,balanced,1,1,23,23,False,,2.076069076931464,False,False,False,True,0,305,43,1,0,delay
1784680571108.347,0.1,0.8,0.1,221.84301412872844,341.55555555555554,0.04436860282574569,75.68379458252541,61.06909924202361,0.00438184086607908,0.28885400313971743,0.4444444444444444,0.28885400313971743,22,8,2.020943067338534,1,10,balanced,1,1,22,22,False,,2.020943067338534,False,False,False,True,0,306,43,1,0,delay
1784680574137.5972,0.1,0.8,0.1,668.6436420722135,706.3333333333334,0.13372872841444272,181.8312757201646,244.32098765432096,0.01146306042162539,1.0000000000000002,1.0,1.0,20,8,2.0774566788212554,1,10,balanced,1,1,20,20,False,,2.0774566788212554,False,False,False,True,0,307,43,1,0,delay
1784680577173.106,0.1,0.8,0.1,676.7048665620094,716.6666666666666,0.13534097331240189,215.1028806584362,264.0329218106996,0.013682647141990406,1.0000000000000002,1.0,1.0,19,8,2.0755197849551674,1,10,balanced,1,1,19,19,False,,2.0755197849551674,False,False,False,True,0,308,43,1,0,delay
1784680580314.146,0.1,0.8,0.1,691.7284144427003,735.7777777777778,0.13834568288854007,154.46061140505583,201.6960611405056,0.009637132181791583,1.0000000000000002,1.0,1.0,17,8,2.078455725965713,1,10,balanced,1,1,17,17,False,,2.078455725965713,False,False,False,True,0,309,43,1,0,delay
1784680583446.528,0.1,0.8,0.1,702.4646781789639,749.5555555555555,0.1404929356357928,167.20164609053498,214.97942386831278,0.010487101140129084,1.0000000000000002,1.0,1.0,16,8,2.0775610255243175,1,10,balanced,1,1,16,16,False,,2.0775610255243175,False,False,False,True,0,310,43,1,0,delay
1784680586776.7798,0.1,0.8,0.1,724.0800627943486,777.6666666666666,0.14481601255886972,136.031746031746,178.92857142857142,0.008407721549816278,1.0000000000000002,1.0,1.0,14,8,2.0787922215042602,1,10,balanced,1,1,14,14,False,,2.0787922215042602,False,False,False,True,0,311,43,1,0,delay
1784680593033.685,0.1,0.8,0.1,738.3516483516485,796.0,0.1476703296703297,144.17695473251027,194.23868312757202,0.00895109771397667,1.0000000000000002,1.0,1.0,13,8,2.0780720888617856,1,10,balanced,1,1,13,13,False,,2.0780720888617856,False,False,False,True,0,312,43,1,0,delay
1784680596559.0752,0.1,0.8,0.1,775.984301412873,844.4444444444445,0.1551968602825746,149.0351263962375,198.14961787184012,0.009275191887674283,0.9942812289751068,0.9960317460317462,0.9942812289751068,11,8,2.076488283359114,1,10,balanced,1,1,11,11,False,,2.076488283359114,False,False,False,True,0,313,43,1,0,delay
1784680600089.104,0.1,0.8,0.1,797.3233908948196,872.2222222222222,0.15946467817896393,88.06584362139917,123.37448559670783,0.005207861482414888,1.0000000000000002,1.0,1.0,10,8,2.079887242996172,1,10,balanced,1,1,10,10,False,,2.079887242996172,False,False,False,True,0,314,43,1,0,delay
1784680603620.506,0.1,0.8,0.1,798.7221350078494,873.5555555555555,0.15974442700156988,104.73912404467958,140.34832451499116,0.006320155039671754,1.0000000000000002,1.0,1.0,10,8,2.0789694332681057,1,10,balanced,1,2,8,10,True,requested_slotframe_below_minimum (8 < 10),2.0789694332681057,False,False,False,True,0,315,43,1,0,delay
1784680607148.794,0.1,0.8,0.1,797.4222919937207,872.3333333333334,0.15948445839874414,119.38492063492062,181.22134038800704,0.0072971928375530765,1.0000000000000002,1.0,1.0,10,8,2.078213799890083,1,10,balanced,1,2,8,10,True,requested_slotframe_below_minimum (8 < 10),2.078213799890083,False,False,False,True,0,316,43,1,0,delay
1784680610685.2031,0.1,0.8,0.1,798.6499215070645,873.6666666666666,0.15972998430141291,89.96014787681453,138.78860851083073,0.005334232680241129,0.9882343657853865,0.9919165196942975,0.9882343657853865,10,8,2.0785830520042046,1,10,balanced,1,2,8,10,True,requested_slotframe_below_minimum (8 < 10),2.0785830520042046,False,False,False,True,0,317,43,1,0,delay
1784680614220.7998,0.1,0.8,0.1,798.6703296703298,873.5555555555555,0.15973406593406597,90.159069325736,123.25894270338715,0.005347502957020414,1.0000000000000002,1.0,1.0,10,8,2.079748591040977,1,10,balanced,1,2,8,10,True,requested_slotframe_below_minimum (8 < 10),2.079748591040977,False,False,False,True,0,318,43,1,0,delay
1784680617752.296,0.1,0.8,0.1,797.4144427001572,872.4444444444445,0.15948288854003145,104.26875593542259,149.63912630579296,0.006288776246525856,1.0000000000000002,1.0,1.0,10,8,2.079020690148776,1,10,balanced,1,2,8,10,True,requested_slotframe_below_minimum (8 < 10),2.079020690148776,False,False,False,True,0,319,43,1,0,delay
1784680621288.209,0.1,0.8,0.1,799.282574568289,874.0,0.1598565149136578,89.3474992086103,121.61601772712882,0.00529336218869982,1.0000000000000002,1.0,1.0,10,8,2.0797796587576745,1,10,balanced,1,2,8,10,True,requested_slotframe_below_minimum (8 < 10),2.0797796587576745,False,False,False,True,0,320,43,1,0,delay
1784680627790.281,0.1,0.8,0.1,796.4803767660911,870.6666666666666,0.1592960753532182,80.92592592592592,110.49382716049382,0.004731549428013737,1.0000000000000002,1.0,1.0,10,8,2.0802851529222672,1,10,balanced,1,2,8,10,True,requested_slotframe_below_minimum (8 < 10),2.0802851529222672,False,False,False,True,0,321,43,1,0,delay
1784680631315.1829,0.1,0.8,0.1,799.1585557299843,873.6666666666666,0.15983171114599687,107.84583729028172,135.30705919594809,0.006527407424301649,0.9940694226408515,0.9958847736625513,0.9940694226408515,10,8,2.078201845210044,1,10,balanced,1,2,8,10,True,requested_slotframe_below_minimum (8 < 10),2.078201845210044,False,False,False,True,0,322,43,1,0,delay
1784680634841.28,0.1,0.8,0.1,798.0989010989011,873.1111111111111,0.15961978021978024,64.8559670781893,85.39094650205762,0.0036595041413068244,1.0000000000000002,1.0,1.0,10,8,2.0811104186649767,1,10,balanced,1,2,8,10,True,requested_slotframe_below_minimum (8 < 10),2.0811104186649767,False,False,False,True,0,323,43,1,0,delay
1784680638376.847,0.1,0.8,0.1,798.8053375196233,873.5555555555555,0.15976106750392466,62.032627865961196,82.68518518518519,0.0034711559617052164,1.0000000000000002,1.0,1.0,10,8,2.0812469684802433,1,10,balanced,1,2,8,10,True,requested_slotframe_below_minimum (8 < 10),2.0812469684802433,False,False,False,True,0,324,43,1,0,delay
1784680641908.613,0.1,0.8,0.1,797.3689167974883,872.1111111111111,0.15947378335949766,66.37860082304526,96.29629629629629,0.0037610807753866086,1.0000000000000002,1.0,1.0,10,8,2.081043757043741,1,10,balanced,1,2,8,10,True,requested_slotframe_below_minimum (8 < 10),2.081043757043741,False,False,False,True,0,325,43,1,0,delay
1784680645437.337,0.1,0.8,0.1,799.2590266875982,873.8888888888889,0.15985180533751964,77.38683127572017,104.77366255144034,0.004495452386639104,1.0000000000000002,1.0,1.0,10,8,2.0804184575569367,1,10,balanced,1,2,8,10,True,requested_slotframe_below_minimum (8 < 10),2.0804184575569367,False,False,False,True,0,326,43,1,0,delay
1784680648961.8809,0.1,0.8,0.1,797.5949764521195,872.5555555555555,0.1595189952904239,85.68771763216208,112.95821462488128,0.005049213984800672,1.0000000000000002,1.0,1.0,10,8,2.080008729283117,1,10,balanced,1,2,8,10,True,requested_slotframe_below_minimum (8 < 10),2.080008729283117,False,False,False,True,0,327,43,1,0,delay
1784680652496.174,0.1,0.8,0.1,798.2370486656201,873.2222222222222,0.15964740973312402,82.07818930041151,108.51851851851852,0.004808418232182222,1.0000000000000002,1.0,1.0,10,8,2.080188524440942,1,10,balanced,1,2,8,10,True,requested_slotframe_below_minimum (8 < 10),2.080188524440942,False,False,False,True,0,328,43,1,0,delay
1784680656028.689,0.1,0.8,0.1,796.2433281004711,870.8888888888889,0.1592486656200942,101.27718988830098,139.74279835390948,0.006089205462861973,1.0000000000000002,1.0,1.0,10,8,2.079203769067701,1,10,balanced,1,2,8,10,True,requested_slotframe_below_minimum (8 < 10),2.079203769067701,False,False,False,True,0,329,43,1,0,delay
1784680662491.119,0.1,0.8,0.1,796.8116169544742,872.1111111111111,0.15936232339089484,114.54732510288065,176.17283950617286,0.006974471321072758,1.0000000000000002,1.0,1.0,10,8,2.078484190604052,1,10,balanced,1,2,8,10,True,requested_slotframe_below_minimum (8 < 10),2.078484190604052,False,False,False,True,0,330,43,1,0,delay
1784680666013.145,0.1,0.8,0.1,796.4599686028259,871.1111111111111,0.15929199372056518,129.15637860082302,187.32510288065842,0.00794905794535177,1.0000000000000002,1.0,1.0,10,8,2.077711554271662,1,10,balanced,1,2,8,10,True,requested_slotframe_below_minimum (8 < 10),2.077711554271662,False,False,False,True,0,331,43,1,0,delay
1784680669836.5122,0.1,0.8,0.1,711.0800627943486,812.3333333333334,0.1422160125588697,101.33119103530673,133.023194495942,0.0060928079409811025,0.8345368916797491,0.8851851851851852,0.8345368916797491,10,8,2.064357841559303,1,10,balanced,1,2,8,10,True,requested_slotframe_below_minimum (8 < 10),2.064357841559303,False,False,False,True,0,332,43,1,0,delay
1784680673366.799,0.1,0.8,0.1,798.3626373626375,873.1111111111111,0.1596725274725275,150.02057613168722,217.119341563786,0.009340932363688274,1.0000000000000002,1.0,1.0,10,8,2.0765600013617966,1,10,balanced,1,2,8,10,True,requested_slotframe_below_minimum (8 < 10),2.0765600013617966,False,False,False,True,0,333,43,1,0,delay
1784680676891.19,0.1,0.8,0.1,796.3908948194664,871.0,0.1592781789638933,106.9973544973545,165.31452087007642,0.006470804169269813,1.0000000000000002,1.0,1.0,10,8,2.0788955387681947,1,10,balanced,1,2,8,10,True,requested_slotframe_below_minimum (8 < 10),2.0788955387681947,False,False,False,True,0,334,43,1,0,delay
1784680680422.643,0.1,0.8,0.1,798.3626373626375,873.2222222222222,0.1596725274725275,94.8148148148148,141.85185185185185,0.005658093049687445,1.0000000000000002,1.0,1.0,10,8,2.0795062728129974,1,10,balanced,1,2,8,10,True,requested_slotframe_below_minimum (8 < 10),2.0795062728129974,False,False,False,True,0,335,43,1,0,delay
1784680683955.107,0.1,0.8,0.1,797.1946624803768,871.8888888888889,0.15943893249607535,102.14800117577893,143.6845972957084,0.006147298277236753,1.0000000000000002,1.0,1.0,10,8,2.0791382681286033,1,10,balanced,1,2,8,10,True,requested_slotframe_below_minimum (8 < 10),2.0791382681286033,False,False,False,True,0,336,43,1,0,delay
1784680687489.36,0.1,0.8,0.1,799.1664050235479,874.1111111111111,0.1598332810047096,80.74074074074072,109.13580246913581,0.004719195513058086,1.0000000000000002,1.0,1.0,10,8,2.0802413154890824,1,10,balanced,1,2,8,10,True,requested_slotframe_below_minimum (8 < 10),2.0802413154890824,False,False,False,True,0,337,43,1,0,delay
1784680691318.947,0.1,0.8,0.1,711.2574568288856,812.5555555555555,0.1422514913657771,68.07885304659499,87.59856630824373,0.003874506540800199,0.839874411302983,0.8888888888888888,0.839874411302983,10,8,2.0666626867610804,1,10,balanced,1,2,8,10,True,requested_slotframe_below_minimum (8 < 10),2.0666626867610804,False,False,False,True,0,338,43,1,0,delay
1784680697913.427,0.1,0.8,0.1,796.2747252747254,871.0,0.15925494505494509,120.92739564961786,176.10964138741915,0.00740009310537811,1.0000000000000002,1.0,1.0,10,8,2.078154431010203,1,10,balanced,1,2,8,10,True,requested_slotframe_below_minimum (8 < 10),2.078154431010203,False,False,False,True,0,339,43,1,0,delay
1784680701546.626,0.1,0.8,0.1,796.2087912087914,871.1111111111111,0.15924175824175826,378.968253968254,531.4873603762493,0.024614293126634688,0.9863198026463335,0.988095238095238,0.9863198026463335,10,8,2.0630163699391497,1,10,balanced,1,2,8,10,True,requested_slotframe_below_minimum (8 < 10),2.0630163699391497,False,False,False,True,0,340,43,1,0,delay
1784680705079.427,0.1,0.8,0.1,796.0204081632653,870.2222222222222,0.15920408163265307,135.80405191516303,198.82716049382714,0.008392531815554572,0.9880225594511312,0.9917695473251028,0.9880225594511312,10,8,2.076167822329404,1,10,balanced,1,2,8,10,True,requested_slotframe_below_minimum (8 < 10),2.076167822329404,False,False,False,True,0,341,43,1,0,delay
1784680708604.2358,0.1,0.8,0.1,796.6656200941917,871.1111111111111,0.15933312401883834,140.57613168724282,196.79012345679016,0.008710882700950155,1.0000000000000002,1.0,1.0,10,8,2.077097981437356,1,10,balanced,1,2,8,10,True,requested_slotframe_below_minimum (8 < 10),2.077097981437356,False,False,False,True,0,342,43,1,0,delay
1784680712131.495,0.1,0.8,0.1,797.0690737833595,872.0,0.1594138147566719,113.76249265138154,155.83480305702528,0.006922114252927387,1.0000000000000002,1.0,1.0,10,8,2.078520927121991,1,10,balanced,1,2,8,10,True,requested_slotframe_below_minimum (8 < 10),2.078520927121991,False,False,False,True,0,343,43,1,0,delay
1784680715669.738,0.1,0.8,0.1,797.9246467817896,872.6666666666666,0.15958492935635793,142.4074074074074,195.63786008230457,0.008833049193289352,1.0000000000000002,1.0,1.0,10,8,2.076975067709733,1,10,balanced,1,2,8,10,True,requested_slotframe_below_minimum (8 < 10),2.076975067709733,False,False,False,True,0,344,43,1,0,delay
1784680719398.811,0.1,0.8,0.1,738.0533751962324,757.6666666666666,0.1476106750392465,98.06451612903226,133.9784946236559,0.00587488433148981,0.9419152276295135,0.8888888888888888,0.9419152276295135,10,8,2.074730547793835,1,10,balanced,1,2,8,10,True,requested_slotframe_below_minimum (8 < 10),2.074730547793835,False,False,False,True,0,345,43,1,0,delay
1784680722920.0571,0.1,0.8,0.1,797.0423861852436,872.3333333333334,0.1594084772370487,123.22253877809432,162.5324469768914,0.007553204721687413,1.0000000000000002,1.0,1.0,10,8,2.078016588498945,1,10,balanced,1,2,8,10,True,requested_slotframe_below_minimum (8 < 10),2.078016588498945,False,False,False,True,0,346,43,1,0,delay
1784680726441.216,0.1,0.8,0.1,794.9105180533753,870.5555555555555,0.15898210361067505,116.57774838330394,159.04908877131098,0.007109923174336487,1.0000000000000002,1.0,1.0,10,8,2.078413851099463,1,10,balanced,1,2,8,10,True,requested_slotframe_below_minimum (8 < 10),2.078413851099463,False,False,False,True,0,347,43,1,0,delay
1784680732910.719,0.1,0.8,0.1,799.160125588697,873.5555555555555,0.15983202511773942,255.346628679962,237.30136119025008,0.01636735348098479,0.995697424268853,0.9958847736625513,0.995697424268853,10,8,2.0704926571303237,1,10,balanced,1,2,8,10,True,requested_slotframe_below_minimum (8 < 10),2.0704926571303237,False,False,False,True,0,348,43,1,0,delay
1784680736537.164,0.1,0.8,0.1,796.492935635793,871.2222222222222,0.15929858712715858,140.93768371546147,192.2986478542034,0.008735002249196896,1.0000000000000002,1.0,1.0,10,8,2.0770821394879264,1,10,balanced,1,2,8,10,True,requested_slotframe_below_minimum (8 < 10),2.0770821394879264,False,False,False,True,0,349,43,1,0,delay
1784680740068.481,0.1,0.8,0.1,797.0737833594977,871.7777777777778,0.15941475667189955,103.42739564961785,143.19223985890656,0.006232648142069236,1.0000000000000002,1.0,1.0,10,8,2.0790724058191548,1,10,balanced,1,2,8,10,True,requested_slotframe_below_minimum (8 < 10),2.0790724058191548,False,False,False,True,0,350,43,1,0,delay
1784680743597.261,0.1,0.8,0.1,797.587127158556,872.4444444444445,0.15951742543171119,105.28071722516167,155.82304526748968,0.006356285338569825,1.0000000000000002,1.0,1.0,10,8,2.078963229185973,1,10,balanced,1,2,8,10,True,requested_slotframe_below_minimum (8 < 10),2.078963229185973,False,False,False,True,0,351,43,1,0,delay
1784680747127.712,0.1,0.8,0.1,796.7472527472528,872.0,0.15934945054945054,111.92827748383303,153.342151675485,0.006799751666700002,1.0000000000000002,1.0,1.0,10,8,2.078625253611695,1,10,balanced,1,2,8,10,True,requested_slotframe_below_minimum (8 < 10),2.078625253611695,False,False,False,True,0,352,43,1,0,delay
1784680750750.3728,0.1,0.8,0.1,796.7189952904238,871.2222222222222,0.15934379905808477,121.10551485551484,163.0087505087505,0.007411975640794852,0.9899412756555617,0.9917695473251028,0.9899412756555617,10,8,2.0771301671471116,1,10,balanced,1,2,8,10,True,requested_slotframe_below_minimum (8 < 10),2.0771301671471116,False,False,False,True,0,353,43,1,0,delay
1784680754384.735,0.1,0.8,0.1,796.5274725274725,871.3333333333334,0.1593054945054945,130.82524985302763,171.76954732510285,0.008060390250368754,1.0000000000000002,1.0,1.0,10,8,2.0776211383491554,1,10,balanced,1,2,8,10,True,requested_slotframe_below_minimum (8 < 10),2.0776211383491554,False,False,False,True,0,354,43,1,0,delay
1784680757918.721,0.1,0.8,0.1,797.2119309262167,871.4444444444445,0.15944238618524334,122.4074074074074,170.98765432098764,0.007498826378079213,1.0000000000000002,1.0,1.0,10,8,2.0780567002790122,1,10,balanced,1,2,8,10,True,requested_slotframe_below_minimum (8 < 10),2.0780567002790122,False,False,False,True,0,355,43,1,0,delay
1784680761522.66,0.1,0.8,0.1,798.3014128728416,873.1111111111111,0.15966028257456832,93.58024691358025,130.6172839506173,0.005575733616649784,1.0000000000000002,1.0,1.0,10,8,2.0795733848492235,1,10,balanced,1,2,8,10,True,requested_slotframe_below_minimum (8 < 10),2.0795733848492235,False,False,False,True,0,356,43,1,0,delay
1784680767987.588,0.1,0.8,0.1,797.5102040816327,872.3333333333334,0.15950204081632652,83.30405191516304,119.41278885723328,0.004890196925627955,0.9940694226408515,0.9958847736625513,0.9940694226408515,10,8,2.07954458064195,1,10,balanced,1,2,8,10,True,requested_slotframe_below_minimum (8 < 10),2.07954458064195,False,False,False,True,0,357,43,1,0,delay
1784680771534.491,0.1,0.8,0.1,796.9105180533751,872.0,0.159382103610675,109.26321620766066,160.318138651472,0.006621962388769891,1.0000000000000002,1.0,1.0,10,8,2.0787642197279164,1,10,balanced,1,2,8,10,True,requested_slotframe_below_minimum (8 < 10),2.0787642197279164,False,False,False,True,0,358,43,1,0,delay
1784680775064.518,0.1,0.8,0.1,798.0251177394036,872.8888888888889,0.15960502354788073,90.81716637272193,132.93650793650795,0.005391405361755966,1.0000000000000002,1.0,1.0,10,8,2.079726373355807,1,10,balanced,1,2,8,10,True,requested_slotframe_below_minimum (8 < 10),2.079726373355807,False,False,False,True,0,359,43,1,0,delay
1784680778597.749,0.1,0.8,0.1,798.5463108320253,873.5555555555555,0.15970926216640505,132.56099353321574,207.11199294532628,0.008176183691341944,1.0000000000000002,1.0,1.0,10,8,2.077488126830286,1,10,balanced,1,2,8,10,True,requested_slotframe_below_minimum (8 < 10),2.077488126830286,False,False,False,True,0,360,43,1,0,delay
1784680782127.2422,0.1,0.8,0.1,795.9042386185243,870.4444444444445,0.15918084772370486,101.3880974992086,148.3634061411839,0.006096604236104643,0.9958718530147104,0.9958847736625513,0.9958718530147104,10,8,2.0787918171402167,1,10,balanced,1,2,8,10,True,requested_slotframe_below_minimum (8 < 10),2.0787918171402167,False,False,False,True,0,361,43,1,0,delay
1784680785663.679,0.1,0.8,0.1,799.7032967032968,874.5555555555555,0.15994065934065937,96.53450459006014,140.00791389680276,0.005772815516348242,1.0000000000000002,1.0,1.0,10,8,2.0793876816528556,1,10,balanced,1,2,8,10,True,requested_slotframe_below_minimum (8 < 10),2.0793876816528556,False,False,False,True,0,362,43,1,0,delay
1784680789198.157,0.1,0.8,0.1,795.3720565149137,870.4444444444445,0.15907441130298272,143.86243386243385,211.5108759553204,0.008930115667940884,1.0000000000000002,1.0,1.0,10,8,2.076948466335349,1,10,balanced,1,2,8,10,True,requested_slotframe_below_minimum (8 < 10),2.076948466335349,False,False,False,True,0,363,43,1,0,delay
1784680792732.43,0.1,0.8,0.1,797.9026687598116,872.8888888888889,0.15958053375196232,101.36610817166371,148.83891828336272,0.006095137302979567,1.0000000000000002,1.0,1.0,10,8,2.07916583678242,1,10,balanced,1,2,8,10,True,requested_slotframe_below_minimum (8 < 10),2.07916583678242,False,False,False,True,0,364,43,1,0,delay
1784680796263.002,0.1,0.8,0.1,796.795918367347,871.6666666666666,0.1593591836734694,80.63271604938271,124.45473251028807,0.004711989062667292,1.0000000000000002,1.0,1.0,10,8,2.0802944903825193,1,10,balanced,1,2,8,10,True,requested_slotframe_below_minimum (8 < 10),2.0802944903825193,False,False,False,True,0,365,43,1,0,delay
1784680802715.145,0.1,0.8,0.1,798.6185243328101,873.3333333333334,0.15972370486656204,60.74469768914214,83.53118075340298,0.003385236670389736,0.9939531368102799,0.9958847736625513,0.9939531368102799,10,8,2.08071475385806,1,10,balanced,1,2,8,10,True,requested_slotframe_below_minimum (8 < 10),2.08071475385806,False,False,False,True,0,366,43,1,0,delay
1784680806241.7942,0.1,0.8,0.1,799.846153846154,874.0,0.1599692307692308,60.120517342739554,82.56172839506172,0.003343596887440931,1.0000000000000002,1.0,1.0,10,8,2.0813281994131243,1,10,balanced,1,2,8,10,True,requested_slotframe_below_minimum (8 < 10),2.0813281994131243,False,False,False,True,0,367,43,1,0,delay
1784680809877.096,0.1,0.8,0.1,798.4725274725275,873.4444444444445,0.1596945054945055,61.512345679012334,83.14814814814814,0.0034364473434964865,1.0000000000000002,1.0,1.0,10,8,2.0812813915757524,1,10,balanced,1,2,8,10,True,requested_slotframe_below_minimum (8 < 10),2.0812813915757524,False,False,False,True,0,368,43,1,0,delay
1784680813508.447,0.1,0.8,0.1,799.4285714285714,874.2222222222222,0.1598857142857143,60.47692533803644,83.95208700764256,0.0033673732713833514,1.0000000000000002,1.0,1.0,10,8,2.081317529954322,1,10,balanced,1,2,8,10,True,requested_slotframe_below_minimum (8 < 10),2.081317529954322,False,False,False,True,0,369,43,1,0,delay
1784680817135.8281,0.1,0.8,0.1,798.2291993720565,873.0,0.1596458398744113,72.93209876543209,107.45443856554967,0.004198272099094869,1.0000000000000002,1.0,1.0,10,8,2.080676798333283,1,10,balanced,1,2,8,10,True,requested_slotframe_below_minimum (8 < 10),2.080676798333283,False,False,False,True,0,370,43,1,0,delay
1784680820674.298,0.1,0.8,0.1,798.9419152276297,874.0,0.15978838304552595,60.437977660199884,82.4235743680188,0.0033647750273649024,1.0000000000000002,1.0,1.0,10,8,2.0813293416735554,1,10,balanced,1,2,8,10,True,requested_slotframe_below_minimum (8 < 10),2.0813293416735554,False,False,False,True,0,371,43,1,0,delay
1784680824811.528,0.1,0.8,0.1,588.912087912088,696.7777777777778,0.11778241758241761,44.216153127917835,58.228758169934636,0.0022825986075995885,0.7205651491365777,0.7777777777777778,0.7205651491365777,10,8,2.058452194269336,1,10,balanced,1,2,8,10,True,requested_slotframe_below_minimum (8 < 10),2.058452194269336,False,False,False,True,0,372,43,1,0,delay
1784680828332.4758,0.1,0.8,0.1,796.8712715855573,872.5555555555555,0.15937425431711147,59.49825894270338,83.06742640075974,0.0033020853197267097,1.0000000000000002,1.0,1.0,10,8,2.0814209063125073,1,10,balanced,1,2,8,10,True,requested_slotframe_below_minimum (8 < 10),2.0814209063125073,False,False,False,True,0,373,43,1,0,delay
1784680831888.5242,0.1,0.8,0.1,798.4599686028258,873.4444444444445,0.15969199372056517,85.26748971193415,116.2962962962963,0.005021180100862852,1.0000000000000002,1.0,1.0,10,8,2.0800138565472532,1,10,balanced,1,2,8,10,True,requested_slotframe_below_minimum (8 < 10),2.0800138565472532,False,False,False,True,0,374,43,1,0,delay
1784680838382.621,0.1,0.8,0.1,796.4489795918367,871.7777777777778,0.15928979591836734,92.38389182833626,126.07583774250442,0.005495923404158523,1.0000000000000002,1.0,1.0,10,8,2.0796742816848366,1,10,balanced,1,2,8,10,True,requested_slotframe_below_minimum (8 < 10),2.0796742816848366,False,False,False,True,0,375,43,1,0,delay
1784680841909.503,0.1,0.8,0.1,798.7723704866562,873.3333333333334,0.15975447409733123,129.83539094650203,160.08230452674897,0.007994355633522484,1.0000000000000002,1.0,1.0,10,8,2.077629068083449,1,10,balanced,1,2,8,10,True,requested_slotframe_below_minimum (8 < 10),2.077629068083449,False,False,False,True,0,376,43,1,0,delay
1784680845434.8071,0.1,0.8,0.1,796.2778649921509,870.5555555555555,0.15925557299843018,90.30864197530863,123.37448559670783,0.005357481119099975,1.0000000000000002,1.0,1.0,10,8,2.079788457804877,1,10,balanced,1,2,8,10,True,requested_slotframe_below_minimum (8 < 10),2.079788457804877,False,False,False,True,0,377,43,1,0,delay
1784680849460.685,0.1,0.8,0.1,595.1067503924647,696.4444444444445,0.11902135007849295,51.36269322543831,67.53397655358441,0.002759352449995885,0.7284144427001572,0.7777777777777778,0.7284144427001572,10,8,2.0587318273021697,1,10,balanced,1,2,8,10,True,requested_slotframe_below_minimum (8 < 10),2.0587318273021697,False,False,False,True,0,378,43,1,0,delay
1784680852996.0,0.1,0.8,0.1,798.1946624803768,872.8888888888889,0.15963893249607536,87.93577307466197,117.4559082892416,0.0051991843278627065,1.0000000000000002,1.0,1.0,10,8,2.0798767592881022,1,10,balanced,1,2,8,10,True,requested_slotframe_below_minimum (8 < 10),2.0798767592881022,False,False,False,True,0,379,43,1,0,delay
1784680856633.82,0.1,0.8,0.1,799.4301412872842,874.3333333333334,0.15988602825745685,90.50411522633745,126.56378600823047,0.005370521362664272,0.9941690962099128,0.9960317460317462,0.9941690962099128,10,8,2.0791318897051143,1,10,balanced,1,2,8,10,True,requested_slotframe_below_minimum (8 < 10),2.0791318897051143,False,False,False,True,0,380,43,1,0,delay
1784680860175.812,0.1,0.8,0.1,798.2072213500786,873.0,0.15964144427001573,98.72823678379234,132.0164609053498,0.005919161893515166,1.0000000000000002,1.0,1.0,10,8,2.0793005260581863,1,10,balanced,1,2,8,10,True,requested_slotframe_below_minimum (8 < 10),2.0793005260581863,False,False,False,True,0,381,43,1,0,delay
1784680863710.2302,0.1,0.8,0.1,799.9764521193092,875.2222222222222,0.15999529042386185,112.14387464387464,142.1494143716366,0.006814134399191103,1.0000000000000002,1.0,1.0,10,8,2.078549163438261,1,10,balanced,1,2,8,10,True,requested_slotframe_below_minimum (8 < 10),2.078549163438261,False,False,False,True,0,382,43,1,0,delay
1784680867246.153,0.1,0.8,0.1,798.453689167975,873.1111111111111,0.159690737833595,86.62551440329217,120.5761316872428,0.005111775477204281,0.9880225594511312,0.9917695473251028,0.9880225594511312,10,8,2.07874376177999,1,10,balanced,1,2,8,10,True,requested_slotframe_below_minimum (8 < 10),2.07874376177999,False,False,False,True,0,383,43,1,0,delay
1784680873700.626,0.1,0.8,0.1,797.6562009419152,872.1111111111111,0.15953124018838305,78.88962375073486,105.94209288653732,0.004595705386973639,1.0000000000000002,1.0,1.0,10,8,2.0803703116715826,1,10,balanced,1,2,8,10,True,requested_slotframe_below_minimum (8 < 10),2.0803703116715826,False,False,False,True,0,384,43,1,0,delay
1784680877225.454,0.1,0.8,0.1,797.23704866562,872.4444444444445,0.15944740973312402,66.00896531452086,88.1496178718401,0.0037364219689473557,1.0000000000000002,1.0,1.0,10,8,2.0810661214515296,1,10,balanced,1,2,8,10,True,requested_slotframe_below_minimum (8 < 10),2.0810661214515296,False,False,False,True,0,385,43,1,0,delay
1784680880750.654,0.1,0.8,0.1,798.6499215070645,873.3333333333334,0.15972998430141291,92.59338398227285,125.77872744539413,0.005509898864728009,0.9874411302982733,0.9876543209876544,0.9874411302982733,10,8,2.0783631955079036,1,10,balanced,1,2,8,10,True,requested_slotframe_below_minimum (8 < 10),2.0783631955079036,False,False,False,True,0,386,43,1,0,delay
1784680884284.501,0.1,0.8,0.1,798.3751962323391,872.6666666666666,0.15967503924646784,70.43944738389182,100.11463844797179,0.004031984481914064,1.0000000000000002,1.0,1.0,10,8,2.080806908489822,1,10,balanced,1,2,8,10,True,requested_slotframe_below_minimum (8 < 10),2.080806908489822,False,False,False,True,0,387,43,1,0,delay
1784680888012.24,0.1,0.8,0.1,849.8579277864992,874.3333333333334,0.16997158555729985,1998.9046402724562,2125.0306513409964,0.13268209741644138,0.9971580143993939,0.9961685823754789,0.9971580143993939,10,8,1.9765729649510564,1,10,balanced,1,2,8,10,True,requested_slotframe_below_minimum (8 < 10),1.9765729649510564,False,False,False,True,0,388,43,1,0,delay
1784680891539.1099,0.1,0.8,0.1,796.5996860282577,871.6666666666666,0.15931993720565155,89.75896531452086,129.47677836566723,0.005320811562009397,1.0000000000000002,1.0,1.0,10,8,2.0798113570298273,1,10,balanced,1,2,8,10,True,requested_slotframe_below_minimum (8 < 10),2.0798113570298273,False,False,False,True,0,389,43,1,0,delay
1784680895059.638,0.1,0.8,0.1,796.5039246467818,871.7777777777778,0.15930078492935637,115.32921810699587,153.3744855967078,0.007026632295329944,1.0000000000000002,1.0,1.0,10,8,2.0784486156708004,1,10,balanced,1,2,8,10,True,requested_slotframe_below_minimum (8 < 10),2.0784486156708004,False,False,False,True,0,390,43,1,0,delay
1784680898592.031,0.1,0.8,0.1,797.5557299843015,871.7777777777778,0.1595111459968603,100.12566137566137,130.90975896531452,0.006012385682165534,1.0000000000000002,1.0,1.0,10,8,2.0792389768545814,1,10,balanced,1,2,8,10,True,requested_slotframe_below_minimum (8 < 10),2.0792389768545814,False,False,False,True,0,391,43,1,0,delay
1784680902122.4028,0.1,0.8,0.1,796.3328100470958,871.8888888888889,0.15926656200941916,118.0620562565007,155.89935784380228,0.007208943045797244,0.9958718530147104,0.9958847736625513,0.9958718530147104,10,8,2.0778933746638915,1,10,balanced,1,2,8,10,True,requested_slotframe_below_minimum (8 < 10),2.0778933746638915,False,False,False,True,0,392,43,1,0,delay
1784680908593.069,0.1,0.8,0.1,796.2621664050235,870.8888888888889,0.15925243328100472,116.52630805408585,171.2698412698413,0.007106491531293252,1.0000000000000002,1.0,1.0,10,8,2.0783895634468648,1,10,balanced,1,2,8,10,True,requested_slotframe_below_minimum (8 < 10),2.0783895634468648,False,False,False,True,0,393,43,1,0,delay
1784680912320.0222,0.1,0.8,0.1,709.5054945054945,810.8888888888889,0.14190109890109892,104.03703703703702,135.03703703703707,0.006273318014478787,0.839874411302983,0.8888888888888888,0.839874411302983,10,8,2.064778676828605,1,10,balanced,1,2,8,10,True,requested_slotframe_below_minimum (8 < 10),2.064778676828605,False,False,False,True,0,394,43,1,0,delay
1784680915868.628,0.1,0.8,0.1,788.0745250852414,872.3333333333334,0.15761490501704828,111.8925518925519,144.29159318048207,0.006797368371751294,1.0000000000000002,1.0,1.0,10,8,2.078800614800894,1,10,balanced,1,2,8,10,True,requested_slotframe_below_minimum (8 < 10),2.078800614800894,False,False,False,True,0,395,43,1,0,delay
1784680919615.0278,0.1,0.8,0.1,794.5431711145999,869.7777777777778,0.15890863422291998,125.32186948853615,174.46061140505586,0.007693253468214553,1.0000000000000002,1.0,1.0,10,8,2.0779545338031364,1,10,balanced,1,2,8,10,True,requested_slotframe_below_minimum (8 < 10),2.0779545338031364,False,False,False,True,0,396,43,1,0,delay
1784680923147.492,0.1,0.8,0.1,798.1193092621666,873.3333333333334,0.15962386185243332,107.65432098765432,155.18518518518516,0.00651463115327914,1.0000000000000002,1.0,1.0,10,8,2.0788259088921333,1,10,balanced,1,2,8,10,True,requested_slotframe_below_minimum (8 < 10),2.0788259088921333,False,False,False,True,0,397,43,1,0,delay
1784680926671.9119,0.1,0.8,0.1,795.4317111459968,869.8888888888889,0.15908634222919937,126.21399176954732,171.39917695473252,0.007752767963278674,1.0000000000000002,1.0,1.0,10,8,2.077889151406457,1,10,balanced,1,2,8,10,True,requested_slotframe_below_minimum (8 < 10),2.077889151406457,False,False,False,True,0,398,43,1,0,delay
1784680930204.845,0.1,0.8,0.1,798.0518053375197,874.0,0.15961036106750393,156.99588477366254,208.2304526748971,0.00980626316035107,1.0000000000000002,1.0,1.0,10,8,2.0761939533649687,1,10,balanced,1,2,8,10,True,requested_slotframe_below_minimum (8 < 10),2.0761939533649687,False,False,False,True,0,399,43,1,0,delay
1784680933732.875,0.1,0.8,0.1,796.5714285714286,871.0,0.1593142857142857,106.35728982951204,145.3586125808348,0.006428104725117548,1.0000000000000002,1.0,1.0,10,8,2.0789260876484774,1,10,balanced,1,2,8,10,True,requested_slotframe_below_minimum (8 < 10),2.0789260876484774,False,False,False,True,0,400,43,1,0,delay
1784680937268.189,0.1,0.8,0.1,798.199372056515,872.6666666666666,0.159639874411303,171.69040835707503,214.9335232668566,0.010786551591532691,1.0000000000000002,1.0,1.0,10,8,2.0754067712856434,1,10,balanced,1,2,8,10,True,requested_slotframe_below_minimum (8 < 10),2.0754067712856434,False,False,False,True,0,401,43,1,0,delay
1784680943738.3772,0.1,0.8,0.1,797.802197802198,872.6666666666666,0.15956043956043958,122.90711346266902,160.80834803057024,0.0075321623390706485,1.0000000000000002,1.0,1.0,10,8,2.0780182261726994,1,10,balanced,1,2,8,10,True,requested_slotframe_below_minimum (8 < 10),2.0780182261726994,False,False,False,True,0,402,43,1,0,delay
1784680947269.796,0.1,0.8,0.1,797.0722135007851,872.1111111111111,0.15941444270015703,105.34583729028172,145.0126622348845,0.006360629572400382,1.0000000000000002,1.0,1.0,10,8,2.078970052072064,1,10,balanced,1,2,8,10,True,requested_slotframe_below_minimum (8 < 10),2.078970052072064,False,False,False,True,0,403,43,1,0,delay
1784680950808.386,0.1,0.8,0.1,796.8257456828885,871.3333333333334,0.1593651491365777,88.53909465020574,123.66255144032922,0.0052394325984126576,1.0000000000000002,1.0,1.0,10,8,2.079871939007612,1,10,balanced,1,2,8,10,True,requested_slotframe_below_minimum (8 < 10),2.079871939007612,False,False,False,True,0,404,43,1,0,delay
1784680954335.221,0.1,0.8,0.1,797.1208791208792,871.6666666666666,0.15942417582417584,124.47689142133586,170.207344096233,0.0076368840174340135,1.0000000000000002,1.0,1.0,10,8,2.077948075203635,1,10,balanced,1,2,8,10,True,requested_slotframe_below_minimum (8 < 10),2.077948075203635,False,False,False,True,0,405,43,1,0,delay
1784680957865.584,0.1,0.8,0.1,796.0376766091051,871.0,0.15920753532182103,200.02057613168722,245.92592592592595,0.012676489401713623,1.0000000000000002,1.0,1.0,10,8,2.073938054946447,1,10,balanced,1,2,8,10,True,requested_slotframe_below_minimum (8 < 10),2.073938054946447,False,False,False,True,0,406,43,1,0,delay
1784680961395.165,0.1,0.8,0.1,796.1805337519625,871.0,0.1592361067503925,128.52733686067018,168.60670194003526,0.007907093853280199,1.0000000000000002,1.0,1.0,10,8,2.0777507142423364,1,10,balanced,1,2,8,10,True,requested_slotframe_below_minimum (8 < 10),2.0777507142423364,False,False,False,True,0,407,43,1,0,delay
1784680964930.384,0.1,0.8,0.1,797.3657770800629,872.2222222222222,0.1594731554160126,105.31497309275086,141.3232035454258,0.00635857058657444,1.0000000000000002,1.0,1.0,10,8,2.078965827989139,1,10,balanced,1,2,8,10,True,requested_slotframe_below_minimum (8 < 10),2.078965827989139,False,False,False,True,0,408,43,1,0,delay
1784680968553.032,0.1,0.8,0.1,796.657770800628,872.1111111111111,0.1593315541601256,117.75058788947676,158.30540858318636,0.007188164635722266,1.0000000000000002,1.0,1.0,10,8,2.0783163128754096,1,10,balanced,1,2,8,10,True,requested_slotframe_below_minimum (8 < 10),2.0783163128754096,False,False,False,True,0,409,43,1,0,delay
1784680972083.02,0.1,0.8,0.1,798.2919937205653,872.8888888888889,0.15965839874411306,86.36610817166374,127.63521457965902,0.005094470191571964,1.0000000000000002,1.0,1.0,10,8,2.0799585839723314,1,10,balanced,1,2,8,10,True,requested_slotframe_below_minimum (8 < 10),2.0799585839723314,False,False,False,True,0,410,43,1,0,delay
1784680975618.063,0.1,0.8,0.1,798.3171114599686,873.0,0.1596634222919937,66.17917062361506,96.94048749604305,0.0037477765592805246,1.0000000000000002,1.0,1.0,10,8,2.081035436523376,1,10,balanced,1,2,8,10,True,requested_slotframe_below_minimum (8 < 10),2.081035436523376,False,False,False,True,0,411,43,1,0,delay
1784680982373.675,0.1,0.8,0.1,710.5682888540031,812.5555555555555,0.14211365777080062,60.10692951015532,72.5400238948626,0.0033426904276287737,0.839874411302983,0.8888888888888888,0.839874411302983,10,8,2.067101923011115,1,10,balanced,1,2,8,10,True,requested_slotframe_below_minimum (8 < 10),2.067101923011115,False,False,False,True,0,412,43,1,0,delay
1784680985903.285,0.1,0.8,0.1,797.5211930926218,872.4444444444445,0.15950423861852436,84.52674897119341,114.97942386831275,0.004971764441040255,1.0000000000000002,1.0,1.0,10,8,2.0800721645853155,1,10,balanced,1,2,8,10,True,requested_slotframe_below_minimum (8 < 10),2.0800721645853155,False,False,False,True,0,413,43,1,0,delay
1784680989437.5042,0.1,0.8,0.1,797.4395604395605,872.2222222222222,0.1594879120879121,113.83665716999049,167.29028173472616,0.006927061852567745,0.9940694226408515,0.9958847736625513,0.9940694226408515,10,8,2.07791650157324,1,10,balanced,1,2,8,10,True,requested_slotframe_below_minimum (8 < 10),2.07791650157324,False,False,False,True,0,414,43,1,0,delay
1784680992970.9302,0.1,0.8,0.1,797.1083202511775,871.5555555555555,0.1594216640502355,115.96470402025957,152.53402975625198,0.007069026285540999,1.0000000000000002,1.0,1.0,10,8,2.078402612566544,1,10,balanced,1,2,8,10,True,requested_slotframe_below_minimum (8 < 10),2.078402612566544,False,False,False,True,0,415,43,1,0,delay
1784680996499.0771,0.1,0.8,0.1,797.0266875981163,871.8888888888889,0.15940533751962324,138.49794238683128,178.64197530864197,0.008572244322003422,1.0000000000000002,1.0,1.0,10,8,2.077201670790435,1,10,balanced,1,2,8,10,True,requested_slotframe_below_minimum (8 < 10),2.077201670790435,False,False,False,True,0,416,43,1,0,delay
1784681000123.056,0.1,0.8,0.1,798.0329670329671,872.5555555555555,0.15960659340659342,529.0020576131686,546.468253968254,0.03462321932042486,0.9786116417010157,0.9802955665024631,0.9786116417010157,10,8,2.0542019293731024,1,10,balanced,1,2,8,10,True,requested_slotframe_below_minimum (8 < 10),2.0542019293731024,False,False,False,True,0,417,43,1,0,delay
1784681003655.4749,0.1,0.8,0.1,797.5855572998431,872.5555555555555,0.15951711145996864,79.52279202279203,113.77809433364989,0.004637944764695933,1.0000000000000002,1.0,1.0,10,8,2.0803379330422462,1,10,balanced,1,2,8,10,True,requested_slotframe_below_minimum (8 < 10),2.0803379330422462,False,False,False,True,0,418,43,1,0,delay
1784681007188.139,0.1,0.8,0.1,799.5918367346939,874.4444444444445,0.15991836734693876,64.1710758377425,86.31981187536744,0.00361381426535974,1.0000000000000002,1.0,1.0,10,8,2.0811171118530183,1,10,balanced,1,2,8,10,True,requested_slotframe_below_minimum (8 < 10),2.0811171118530183,False,False,False,True,0,419,43,1,0,delay
1784681010823.8872,0.1,0.8,0.1,797.8006279434852,873.2222222222222,0.15956012558869703,107.6660027569989,145.18072533398202,0.006515410457438219,0.9942812289751068,0.9960317460317462,0.9942812289751068,10,8,2.0782597819726902,1,10,balanced,1,2,8,10,True,requested_slotframe_below_minimum (8 < 10),2.0782597819726902,False,False,False,True,0,420,43,1,0,delay
1784681017414.981,0.1,0.8,0.1,801.9952904238619,877.0,0.16039905808477237,64.52821869488535,88.62286890064667,0.0036376396727742064,0.9942812289751068,0.9960317460317462,0.9942812289751068,10,8,2.080478105350814,1,10,balanced,1,2,8,10,True,requested_slotframe_below_minimum (8 < 10),2.080478105350814,False,False,False,True,0,421,43,1,0,delay
1784681020938.856,0.1,0.8,0.1,799.0643642072215,874.4444444444445,0.1598128728414443,62.67048794826573,85.07789535567312,0.003513708335441343,1.0000000000000002,1.0,1.0,10,8,2.0812077460475025,1,10,balanced,1,2,8,10,True,requested_slotframe_below_minimum (8 < 10),2.0812077460475025,False,False,False,True,0,422,43,1,0,delay
1784681024465.3462,0.1,0.8,0.1,799.6875981161696,874.4444444444445,0.15993751962323394,64.5708406819518,90.63198118753674,0.0036404830341528883,1.0000000000000002,1.0,1.0,10,8,2.0810938616103543,1,10,balanced,1,2,8,10,True,requested_slotframe_below_minimum (8 < 10),2.0810938616103543,False,False,False,True,0,423,43,1,0,delay
1784681027988.354,0.1,0.8,0.1,797.4678178963894,872.1111111111111,0.15949356357927788,65.83729028173472,87.5039569484014,0.003724969331670095,1.0000000000000002,1.0,1.0,10,8,2.081070668176736,1,10,balanced,1,2,8,10,True,requested_slotframe_below_minimum (8 < 10),2.081070668176736,False,False,False,True,0,424,43,1,0,delay
1784681031519.4111,0.1,0.8,0.1,801.6169544740973,876.6666666666666,0.16032339089481945,58.31433998100665,80.76289965178854,0.0032231047352239257,1.0000000000000002,1.0,1.0,10,8,2.0813891771223387,1,10,balanced,1,2,8,10,True,requested_slotframe_below_minimum (8 < 10),2.0813891771223387,False,False,False,True,0,425,43,1,0,delay
1784681035056.235,0.1,0.8,0.1,798.315541601256,873.3333333333334,0.15966310832025118,69.63409532853977,96.95190611857278,0.00397825852758771,0.9940694226408515,0.9958847736625513,0.9940694226408515,10,8,2.0802580246099898,1,10,balanced,1,2,8,10,True,requested_slotframe_below_minimum (8 < 10),2.0802580246099898,False,False,False,True,0,426,43,1,0,delay
1784681038582.204,0.1,0.8,0.1,798.6295133437992,873.6666666666666,0.15972590266875983,88.95061728395062,116.50205761316872,0.005266885742758547,1.0000000000000002,1.0,1.0,10,8,2.079813901138917,1,10,balanced,1,2,8,10,True,requested_slotframe_below_minimum (8 < 10),2.079813901138917,False,False,False,True,0,427,43,1,0,delay
1784681042116.589,0.1,0.8,0.1,797.835164835165,872.7777777777778,0.15956703296703298,98.08008863564419,125.89901867679646,0.005875923191170393,1.0000000000000002,1.0,1.0,10,8,2.07934255815036,1,10,balanced,1,2,8,10,True,requested_slotframe_below_minimum (8 < 10),2.07934255815036,False,False,False,True,0,428,43,1,0,delay
1784681045639.466,0.1,0.8,0.1,798.2119309262167,872.8888888888889,0.15964238618524335,68.78600823045267,99.05349794238683,0.003921681669810051,1.0000000000000002,1.0,1.0,10,8,2.0808984160456276,1,10,balanced,1,2,8,10,True,requested_slotframe_below_minimum (8 < 10),2.0808984160456276,False,False,False,True,0,429,43,1,0,delay
1784681052138.648,0.1,0.8,0.1,796.8759811616954,872.1111111111111,0.1593751962323391,69.38271604938271,102.79835390946502,0.003961488729111588,1.0000000000000002,1.0,1.0,10,8,2.080893289393477,1,10,balanced,1,2,8,10,True,requested_slotframe_below_minimum (8 < 10),2.080893289393477,False,False,False,True,0,430,43,1,0,delay
1784681055662.484,0.1,0.8,0.1,797.6279434850865,872.2222222222222,0.1595255886970173,97.3890358612581,138.98295120517344,0.005829822272265383,1.0000000000000002,1.0,1.0,10,8,2.079383583312486,1,10,balanced,1,2,8,10,True,requested_slotframe_below_minimum (8 < 10),2.079383583312486,False,False,False,True,0,431,43,1,0,delay
1784681059193.49,0.1,0.8,0.1,798.1507064364208,873.1111111111111,0.15963014128728417,102.13991769547324,134.19753086419755,0.006146759019044246,0.9915692772835631,0.9917695473251028,0.9915692772835631,10,8,2.0782765063843924,1,10,balanced,1,2,8,10,True,requested_slotframe_below_minimum (8 < 10),2.0782765063843924,False,False,False,True,0,432,43,1,0,delay
1784681062727.74,0.1,0.8,0.1,798.6310832025118,874.2222222222222,0.15972621664050238,77.61237733459954,105.10129787907566,0.004510498821520983,1.0000000000000002,1.0,1.0,10,8,2.080418979278733,1,10,balanced,1,2,8,10,True,requested_slotframe_below_minimum (8 < 10),2.080418979278733,False,False,False,True,0,433,43,1,0,delay
1784681066255.3699,0.1,0.8,0.1,798.9403453689168,874.2222222222222,0.15978806907378337,61.298218242662685,84.60543571654682,0.0034221626579494786,1.0000000000000002,1.0,1.0,10,8,2.081283462966262,1,10,balanced,1,2,8,10,True,requested_slotframe_below_minimum (8 < 10),2.081283462966262,False,False,False,True,0,434,43,1,0,delay
1784681069786.4521,0.1,0.8,0.1,798.6938775510204,873.4444444444445,0.15973877551020407,63.52959797404241,85.7423235201013,0.0035710205452996937,1.0000000000000002,1.0,1.0,10,8,2.0811693060127396,1,10,balanced,1,2,8,10,True,requested_slotframe_below_minimum (8 < 10),2.0811693060127396,False,False,False,True,0,435,43,1,0,delay
1784681073318.393,0.1,0.8,0.1,798.5384615384615,873.5555555555555,0.1597076923076923,58.73456790123457,80.93033509700177,0.003251138619161746,1.0000000000000002,1.0,1.0,10,8,2.0814283198739014,1,10,balanced,1,2,8,10,True,requested_slotframe_below_minimum (8 < 10),2.0814283198739014,False,False,False,True,0,436,43,1,0,delay
1784681076840.989,0.1,0.8,0.1,798.8697017268446,874.5555555555555,0.15977394034536893,63.46928277483833,85.69370958259849,0.0035669968495555923,1.0000000000000002,1.0,1.0,10,8,2.0811690084858188,1,10,balanced,1,2,8,10,True,requested_slotframe_below_minimum (8 < 10),2.0811690084858188,False,False,False,True,0,437,43,1,0,delay
1784681080378.102,0.1,0.8,0.1,798.7346938775511,873.7777777777778,0.15974693877551022,61.44032921810698,83.00411522633743,0.003431643043235956,1.0000000000000002,1.0,1.0,10,8,2.08127999168786,1,10,balanced,1,2,8,10,True,requested_slotframe_below_minimum (8 < 10),2.08127999168786,False,False,False,True,0,438,43,1,0,delay
1784681086840.6738,0.1,0.8,0.1,798.5572998430142,874.0,0.15971145996860284,65.29439696106363,88.99018676796454,0.003688752298936866,0.9978487121344266,0.9958847736625513,0.9978487121344266,10,8,2.080862723377433,1,10,balanced,1,2,8,10,True,requested_slotframe_below_minimum (8 < 10),2.080862723377433,False,False,False,True,0,439,43,1,0,delay
1784681090374.809,0.1,0.8,0.1,797.8257456828886,872.4444444444445,0.1595651491365777,87.99823633156966,115.54379776602,0.005203351322986635,1.0000000000000002,1.0,1.0,10,8,2.079880804027953,1,10,balanced,1,2,8,10,True,requested_slotframe_below_minimum (8 < 10),2.079880804027953,False,False,False,True,0,440,43,1,0,delay
1784681093902.623,0.1,0.8,0.1,797.4646781789639,872.4444444444445,0.15949293563579278,86.1522633744856,120.20576131687244,0.005080204361206511,1.0000000000000002,1.0,1.0,10,8,2.0799865429474553,1,10,balanced,1,2,8,10,True,requested_slotframe_below_minimum (8 < 10),2.0799865429474553,False,False,False,True,0,441,43,1,0,delay
1784681097433.086,0.1,0.8,0.1,799.1742543171117,874.2222222222222,0.15983485086342233,87.8094333649889,121.49730927508705,0.005190756061707065,1.0000000000000002,1.0,1.0,10,8,2.079863910064292,1,10,balanced,1,2,8,10,True,requested_slotframe_below_minimum (8 < 10),2.079863910064292,False,False,False,True,0,442,43,1,0,delay
1784681101071.99,0.1,0.8,0.1,796.7896389324962,871.8888888888889,0.15935792778649924,95.20576131687241,121.5917107583774,0.0056841735368160385,1.0000000000000002,1.0,1.0,10,8,2.0795168683918974,1,10,balanced,1,2,8,10,True,requested_slotframe_below_minimum (8 < 10),2.0795168683918974,False,False,False,True,0,443,43,1,0,delay
1784681104609.162,0.1,0.8,0.1,797.2197802197803,872.7777777777778,0.15944395604395606,123.77651155428931,169.5679012345679,0.007590160877537646,1.0000000000000002,1.0,1.0,10,8,2.0779834756935744,1,10,balanced,1,2,8,10,True,requested_slotframe_below_minimum (8 < 10),2.0779834756935744,False,False,False,True,0,444,43,1,0,delay
1784681108231.975,0.1,0.8,0.1,798.3124018838305,872.7777777777778,0.15966248037676609,121.44637769637768,170.20112603445938,0.00743471498975168,0.991878680654191,0.9919165196942975,0.991878680654191,10,8,2.077273848035941,1,10,balanced,1,2,8,10,True,requested_slotframe_below_minimum (8 < 10),2.077273848035941,False,False,False,True,0,445,43,1,0,delay
1784681111775.708,0.1,0.8,0.1,796.1930926216643,871.6666666666666,0.15923861852433285,87.68224573780128,116.34479717813052,0.005182271230006756,1.0000000000000002,1.0,1.0,10,8,2.079930321163561,1,10,balanced,1,2,8,10,True,requested_slotframe_below_minimum (8 < 10),2.079930321163561,False,False,False,True,0,446,43,1,0,delay
1784681115306.326,0.1,0.8,0.1,797.6593406593406,872.3333333333334,0.15953186813186812,84.68547912992356,116.42122281011171,0.004982353511002239,1.0000000000000002,1.0,1.0,10,8,2.0800609303780115,1,10,balanced,1,2,8,10,True,requested_slotframe_below_minimum (8 < 10),2.0800609303780115,False,False,False,True,0,447,43,1,0,delay
1784681121758.7258,0.1,0.8,0.1,796.7723704866563,871.6666666666666,0.15935447409733125,91.44993894993895,133.98159453715007,0.005433618342224079,0.9940694226408515,0.9958847736625513,0.9940694226408515,10,8,2.079124600180573,1,10,balanced,1,2,8,10,True,requested_slotframe_below_minimum (8 < 10),2.079124600180573,False,False,False,True,0,448,43,1,0,delay
1784681125397.305,0.1,0.8,0.1,797.3940345368917,871.8888888888889,0.15947880690737834,109.77954144620811,162.4779541446208,0.006656407034436832,1.0000000000000002,1.0,1.0,10,8,2.0787269936817125,1,10,balanced,1,2,8,10,True,requested_slotframe_below_minimum (8 < 10),2.0787269936817125,False,False,False,True,0,449,43,1,0,delay
1784681129028.827,0.1,0.8,0.1,798.1193092621664,873.0,0.1596238618524333,89.0512933568489,141.83274544385657,0.005273601958428879,1.0000000000000002,1.0,1.0,10,8,2.0798187322480137,1,10,balanced,1,2,8,10,True,requested_slotframe_below_minimum (8 < 10),2.0798187322480137,False,False,False,True,0,450,43,1,0,delay
1784681132562.163,0.1,0.8,0.1,799.6970172684458,874.2222222222222,0.15993940345368918,85.96741735630624,128.96599285488176,0.005067873072468729,0.9940694226408515,0.9958847736625513,0.9940694226408515,10,8,2.0793587034607413,1,10,balanced,1,2,8,10,True,requested_slotframe_below_minimum (8 < 10),2.0793587034607413,False,False,False,True,0,451,43,1,0,delay
1784681138796.746,0.1,0.8,0.1,351.87284144427,461.44444444444446,0.07037456828885401,48.77573760200878,47.56277463904583,0.0025867736892600923,0.3390894819466248,0.4444444444444444,0.3390894819466248,10,8,2.024802072414369,1,10,balanced,1,2,8,10,True,requested_slotframe_below_minimum (8 < 10),2.024802072414369,False,False,False,True,0,452,43,1,0,delay
1784681142620.426,0.1,0.8,0.1,710.199372056515,813.1111111111111,0.142039874411303,85.86021505376344,126.47072879330943,0.005060721484573945,0.8367346938775513,0.8888888888888888,0.8367346938775513,10,8,2.0654209047589656,1,10,balanced,1,2,8,10,True,requested_slotframe_below_minimum (8 < 10),2.0654209047589656,False,False,False,True,0,453,43,1,0,delay
1784681146154.4731,0.1,0.8,0.1,797.7613814756672,873.2222222222222,0.15955227629513344,84.48559670781894,119.05349794238684,0.004969019126605667,1.0000000000000002,1.0,1.0,10,8,2.0800695570692023,1,10,balanced,1,2,8,10,True,requested_slotframe_below_minimum (8 < 10),2.0800695570692023,False,False,False,True,0,454,43,1,0,delay
1784681149687.9421,0.1,0.8,0.1,798.9529042386187,874.2222222222222,0.15979058084772374,90.10288065843619,133.62139917695472,0.005343754546927031,1.0000000000000002,1.0,1.0,10,8,2.079745938277686,1,10,balanced,1,2,8,10,True,requested_slotframe_below_minimum (8 < 10),2.079745938277686,False,False,False,True,0,455,43,1,0,delay
1784681156173.2659,0.1,0.8,0.1,795.3861852433282,871.4444444444445,0.15907723704866564,105.4613801836024,143.4330484330484,0.006368337570620574,0.9940694226408515,0.9958847736625513,0.9940694226408515,10,8,2.0784045485027223,1,10,balanced,1,2,8,10,True,requested_slotframe_below_minimum (8 < 10),2.0784045485027223,False,False,False,True,0,456,43,1,0,delay
1784681159702.2122,0.1,0.8,0.1,797.4646781789639,872.7777777777778,0.15949293563579278,116.28996517885406,159.7372586261475,0.007090724828475921,1.0000000000000002,1.0,1.0,10,8,2.07837812657364,1,10,balanced,1,2,8,10,True,requested_slotframe_below_minimum (8 < 10),2.07837812657364,False,False,False,True,0,457,43,1,0,delay
1784681163331.713,0.1,0.8,0.1,797.2166405023548,872.5555555555555,0.15944332810047096,109.43268665490886,151.6137566137566,0.006633267955631012,1.0000000000000002,1.0,1.0,10,8,2.078749052825448,1,10,balanced,1,2,8,10,True,requested_slotframe_below_minimum (8 < 10),2.078749052825448,False,False,False,True,0,458,43,1,0,delay
1784681166859.77,0.1,0.8,0.1,797.2339089481948,872.3333333333334,0.15944678178963895,126.65954415954415,156.98163975941753,0.007782491271483933,1.0000000000000002,1.0,1.0,10,8,2.077829328803849,1,10,balanced,1,2,8,10,True,requested_slotframe_below_minimum (8 < 10),2.077829328803849,False,False,False,True,0,459,43,1,0,delay
1784681170390.083,0.1,0.8,0.1,796.0926216640503,871.4444444444445,0.15921852433281006,105.73915796138017,141.9468186134853,0.006386868443054048,1.0000000000000002,1.0,1.0,10,8,2.078968652812276,1,10,balanced,1,2,8,10,True,requested_slotframe_below_minimum (8 < 10),2.078968652812276,False,False,False,True,0,460,43,1,0,delay
1784681173921.617,0.1,0.8,0.1,798.3296703296704,873.2222222222222,0.15966593406593407,152.20164609053498,195.84362139917695,0.00948643402872148,1.0000000000000002,1.0,1.0,10,8,2.0764442593704295,1,10,balanced,1,2,8,10,True,requested_slotframe_below_minimum (8 < 10),2.0764442593704295,False,False,False,True,0,461,43,1,0,delay
1784681177448.982,0.1,0.8,0.1,797.2872841444271,872.2222222222222,0.1594574568288854,110.11000316555871,149.8084836973726,0.006678452512712389,1.0000000000000002,1.0,1.0,10,8,2.0787114923069416,1,10,balanced,1,2,8,10,True,requested_slotframe_below_minimum (8 < 10),2.0787114923069416,False,False,False,True,0,462,43,1,0,delay
1784681181083.811,0.1,0.8,0.1,798.5714285714288,873.3333333333334,0.15971428571428575,61.18680188124633,83.71399176954732,0.0034147299453800087,1.0000000000000002,1.0,1.0,10,8,2.0812967874722674,1,10,balanced,1,2,8,10,True,requested_slotframe_below_minimum (8 < 10),2.0812967874722674,False,False,False,True,0,463,43,1,0,delay
1784681184608.419,0.1,0.8,0.1,799.9309262166406,875.7777777777778,0.1599861852433281,73.47024374802152,108.24311490978158,0.004234172364777953,1.0000000000000002,1.0,1.0,10,8,2.0806140435838447,1,10,balanced,1,2,8,10,True,requested_slotframe_below_minimum (8 < 10),2.0806140435838447,False,False,False,True,0,464,43,1,0,delay
1784681191111.5762,0.1,0.8,0.1,798.3689167974883,873.4444444444445,0.15967378335949767,61.73868312757202,83.50110794555239,0.0034515465728867257,1.0000000000000002,1.0,1.0,10,8,2.0812713844057407,1,10,balanced,1,2,8,10,True,requested_slotframe_below_minimum (8 < 10),2.0812713844057407,False,False,False,True,0,465,43,1,0,delay
1784681194646.039,0.1,0.8,0.1,797.7786499215072,872.8888888888889,0.15955572998430143,76.0446343779677,100.221589110478,0.004405912900464823,0.9958718530147104,0.9958847736625513,0.9958718530147104,10,8,2.080106881982669,1,10,balanced,1,2,8,10,True,requested_slotframe_below_minimum (8 < 10),2.080106881982669,False,False,False,True,0,466,43,1,0,delay
1784681198176.2869,0.1,0.8,0.1,796.1868131868132,871.4444444444445,0.15923736263736263,83.35786641342197,125.92592592592594,0.004893786952196263,1.0000000000000002,1.0,1.0,10,8,2.080161234174507,1,10,balanced,1,2,8,10,True,requested_slotframe_below_minimum (8 < 10),2.080161234174507,False,False,False,True,0,467,43,1,0,delay
1784681201705.93,0.1,0.8,0.1,796.7205651491366,871.6666666666666,0.15934411302982732,103.29218106995883,151.52263374485597,0.00622362782321273,1.0000000000000002,1.0,1.0,10,8,2.079086686438447,1,10,balanced,1,2,8,10,True,requested_slotframe_below_minimum (8 < 10),2.079086686438447,False,False,False,True,0,468,43,1,0,delay
1784681205231.437,0.1,0.8,0.1,797.2464678178964,872.4444444444445,0.15944929356357926,90.86419753086419,133.25102880658437,0.005394542863966924,1.0000000000000002,1.0,1.0,10,8,2.0797394363524684,1,10,balanced,1,2,8,10,True,requested_slotframe_below_minimum (8 < 10),2.0797394363524684,False,False,False,True,0,469,43,1,0,delay
1784681208756.375,0.1,0.8,0.1,798.7174254317111,873.4444444444445,0.15974348508634223,120.63786008230451,175.88477366255142,0.007380777857391895,1.0000000000000002,1.0,1.0,10,8,2.078121029205452,1,10,balanced,1,2,8,10,True,requested_slotframe_below_minimum (8 < 10),2.078121029205452,False,False,False,True,0,470,43,1,0,delay
1784681212379.622,0.1,0.8,0.1,796.9481946624804,872.3333333333334,0.15938963893249608,94.22262922262921,124.00669289558179,0.005618587673290808,0.9942812289751068,0.9960317460317462,0.9942812289751068,10,8,2.0789942888656285,1,10,balanced,1,2,8,10,True,requested_slotframe_below_minimum (8 < 10),2.0789942888656285,False,False,False,True,0,471,43,1,0,delay
1784681215914.4968,0.1,0.8,0.1,797.995290423862,872.8888888888889,0.1595990580847724,89.84013928458373,118.56916745805636,0.00532622677015235,0.9880225594511312,0.9917695473251028,0.9880225594511312,10,8,2.078581368720514,1,10,balanced,1,2,8,10,True,requested_slotframe_below_minimum (8 < 10),2.078581368720514,False,False,False,True,0,472,43,1,0,delay
1784681219452.696,0.1,0.8,0.1,797.923076923077,872.7777777777778,0.1595846153846154,92.57201646090533,131.75688509021842,0.005508473413002357,1.0000000000000002,1.0,1.0,10,8,2.0796347597311367,1,10,balanced,1,2,8,10,True,requested_slotframe_below_minimum (8 < 10),2.0796347597311367,False,False,False,True,0,473,43,1,0,delay
1784681222991.303,0.1,0.8,0.1,798.1868131868132,873.4444444444445,0.15963736263736264,95.31813865147198,138.58024691358025,0.005691670357002801,1.0000000000000002,1.0,1.0,10,8,2.0794829274506617,1,10,balanced,1,2,8,10,True,requested_slotframe_below_minimum (8 < 10),2.0794829274506617,False,False,False,True,0,474,43,1,0,delay
1784681229450.342,0.1,0.8,0.1,798.8477237048667,873.8888888888889,0.15976954474097332,92.54556143445032,129.36507936507937,0.005506708568008694,1.0000000000000002,1.0,1.0,10,8,2.0796176786714957,1,10,balanced,1,2,8,10,True,requested_slotframe_below_minimum (8 < 10),2.0796176786714957,False,False,False,True,0,475,43,1,0,delay
1784681232985.064,0.1,0.8,0.1,799.0769230769232,874.4444444444445,0.15981538461538464,80.74074074074073,109.95884773662551,0.004719195513058088,1.0000000000000002,1.0,1.0,10,8,2.080243105128015,1,10,balanced,1,2,8,10,True,requested_slotframe_below_minimum (8 < 10),2.080243105128015,False,False,False,True,0,476,43,1,0,delay
1784681237613.068,0.1,0.8,0.1,502.773940345369,638.2222222222222,0.1005547880690738,36.728302411229244,42.95728232923355,0.0017830755444449128,0.5564364207221351,0.6638888888888889,0.5564364207221351,10,8,2.0441617028297503,1,10,balanced,1,2,8,10,True,requested_slotframe_below_minimum (8 < 10),2.0441617028297503,False,False,False,True,0,477,43,1,0,delay
1784681241146.017,0.1,0.8,0.1,799.5007849293564,873.8888888888889,0.1599001569858713,72.84900284900284,101.42924976258308,0.004192728675717334,1.0000000000000002,1.0,1.0,10,8,2.080655801360839,1,10,balanced,1,2,8,10,True,requested_slotframe_below_minimum (8 < 10),2.080655801360839,False,False,False,True,0,478,43,1,0,delay
1784681244679.5808,0.1,0.8,0.1,798.0204081632654,873.1111111111111,0.15960408163265308,74.38124632569077,109.53262786596119,0.004294946385970031,1.0000000000000002,1.0,1.0,10,8,2.0806036347279586,1,10,balanced,1,2,8,10,True,requested_slotframe_below_minimum (8 < 10),2.0806036347279586,False,False,False,True,0,479,43,1,0,delay
1784681248310.139,0.1,0.8,0.1,798.9356357927786,874.4444444444445,0.15978712715855573,80.52248677248676,125.94650205761316,0.004704635541860357,1.0000000000000002,1.0,1.0,10,8,2.0802575788506563,1,10,balanced,1,2,8,10,True,requested_slotframe_below_minimum (8 < 10),2.0802575788506563,False,False,False,True,0,480,43,1,0,delay
1784681251838.1692,0.1,0.8,0.1,799.3437990580849,874.6666666666666,0.15986875981161697,71.5843621399177,102.67489711934157,0.0041083630513620885,1.0000000000000002,1.0,1.0,10,8,2.0807264335777487,1,10,balanced,1,2,8,10,True,requested_slotframe_below_minimum (8 < 10),2.0807264335777487,False,False,False,True,0,481,43,1,0,delay
1784681255369.442,0.1,0.8,0.1,798.8948194662481,873.4444444444445,0.15977896389324964,81.03276353276352,124.90503323836657,0.0047386766866419966,1.0000000000000002,1.0,1.0,10,8,2.0802311622613616,1,10,balanced,1,2,8,10,True,requested_slotframe_below_minimum (8 < 10),2.0802311622613616,False,False,False,True,0,482,43,1,0,delay
1784681261869.2341,0.1,0.8,0.1,796.7645211930927,872.4444444444445,0.15935290423861853,105.23504273504273,134.2719214941437,0.006353238341230335,1.0000000000000002,1.0,1.0,10,8,2.078982118903154,1,10,balanced,1,2,8,10,True,requested_slotframe_below_minimum (8 < 10),2.078982118903154,False,False,False,True,0,483,43,1,0,delay
1784681265498.137,0.1,0.8,0.1,795.8037676609105,870.8888888888889,0.1591607535321821,84.81995884773663,117.49559082892418,0.0049913248063867,1.0000000000000002,1.0,1.0,10,8,2.0800908648016723,1,10,balanced,1,2,8,10,True,requested_slotframe_below_minimum (8 < 10),2.0800908648016723,False,False,False,True,0,484,43,1,0,delay
1784681269032.8792,0.1,0.8,0.1,796.6436420722135,871.5555555555555,0.1593287284144427,96.26396237507349,129.56055261610817,0.005754767336562608,1.0000000000000002,1.0,1.0,10,8,2.0794633132893057,1,10,balanced,1,2,8,10,True,requested_slotframe_below_minimum (8 < 10),2.0794633132893057,False,False,False,True,0,485,43,1,0,delay
1784681307958.627,0.1,0.8,0.1,796.348508634223,871.8888888888889,0.1592697017268446,99.95049066160178,139.91725229503007,0.006000699844002787,1.0000000000000002,1.0,1.0,10,8,2.0792724699521132,1,10,balanced,1,2,8,10,True,requested_slotframe_below_minimum (8 < 10),2.0792724699521132,False,False,False,True,1,486,43,1,0,delay
1784681311592.508,0.1,0.8,0.1,799.2464678178965,874.1111111111111,0.1598492935635793,110.3193822638267,147.95165739610184,0.0066924204312092525,1.0000000000000002,1.0,1.0,10,8,2.0786611342986747,1,10,balanced,1,2,8,10,True,requested_slotframe_below_minimum (8 < 10),2.0786611342986747,False,False,False,True,0,487,43,1,0,delay
1784681315120.053,0.1,0.8,0.1,798.4897959183673,874.2222222222222,0.15969795918367347,79.3394722561389,106.70940170940169,0.004625715293938553,1.0000000000000002,1.0,1.0,10,8,2.0803296318464817,1,10,balanced,1,2,8,10,True,requested_slotframe_below_minimum (8 < 10),2.0803296318464817,False,False,False,True,0,488,43,1,0,delay
1784681318756.46,0.1,0.8,0.1,798.078492935636,873.3333333333334,0.15961569858712718,1937.3611111111109,1919.6825396825395,0.1285764583796605,1.0000000000000002,1.0,1.0,10,8,1.9811772634375588,1,10,balanced,1,2,8,10,True,requested_slotframe_below_minimum (8 < 10),1.9811772634375588,False,False,False,True,0,489,43,1,0,delay
1784681322282.412,0.1,0.8,0.1,797.3155416012559,872.7777777777778,0.15946310832025118,64.36213991769547,86.50205761316872,0.0036265603680917594,1.0000000000000002,1.0,1.0,10,8,2.0811524408735016,1,10,balanced,1,2,8,10,True,requested_slotframe_below_minimum (8 < 10),2.0811524408735016,False,False,False,True,0,490,43,1,0,delay
1784681325812.9622,0.1,0.8,0.1,798.0047095761381,873.0,0.1596009419152276,59.769705603038936,81.3738524849636,0.0033201938360933247,1.0000000000000002,1.0,1.0,10,8,2.0813837507396027,1,10,balanced,1,2,8,10,True,requested_slotframe_below_minimum (8 < 10),2.0813837507396027,False,False,False,True,0,491,43,1,0,delay
1784681329340.178,0.1,0.8,0.1,798.3296703296704,873.3333333333334,0.15966593406593407,62.903767014878134,84.09370053814499,0.0035292706480906026,1.0000000000000002,1.0,1.0,10,8,2.081209990074934,1,10,balanced,1,2,8,10,True,requested_slotframe_below_minimum (8 < 10),2.081209990074934,False,False,False,True,0,492,43,1,0,delay
1784681335830.369,0.1,0.8,0.1,797.3689167974884,872.2222222222222,0.1594737833594977,66.97530864197532,87.48971193415638,0.0038008878346881465,1.0000000000000002,1.0,1.0,10,8,2.0810119113963,1,10,balanced,1,2,8,10,True,requested_slotframe_below_minimum (8 < 10),2.0810119113963,False,False,False,True,0,493,43,1,0,delay
1784681339361.181,0.1,0.8,0.1,798.0078492935637,873.0,0.15960156985871274,54.094650205761326,75.96707818930041,0.002941604416661863,1.0000000000000002,1.0,1.0,10,8,2.0816865594807994,1,10,balanced,1,2,8,10,True,requested_slotframe_below_minimum (8 < 10),2.0816865594807994,False,False,False,True,0,494,43,1,0,delay
1784681342889.97,0.1,0.8,0.1,797.5698587127158,873.1111111111111,0.15951397174254317,66.329534662868,90.01266223488444,0.0037578075158684458,1.0000000000000002,1.0,1.0,10,8,2.0810423568130507,1,10,balanced,1,2,8,10,True,requested_slotframe_below_minimum (8 < 10),2.0810423568130507,False,False,False,True,0,495,43,1,0,delay
1784681346427.573,0.1,0.8,0.1,799.5007849293564,874.3333333333334,0.1599001569858713,61.90250079138968,82.95188350743905,0.003462475036116723,1.0000000000000002,1.0,1.0,10,8,2.0812400042725194,1,10,balanced,1,2,8,10,True,requested_slotframe_below_minimum (8 < 10),2.0812400042725194,False,False,False,True,0,496,43,1,0,delay
1784681349957.501,0.1,0.8,0.1,796.7205651491367,871.8888888888889,0.15934411302982734,71.1111111111111,95.02057613168725,0.004076791935364316,1.0000000000000002,1.0,1.0,10,8,2.080804155148726,1,10,balanced,1,2,8,10,True,requested_slotframe_below_minimum (8 < 10),2.080804155148726,False,False,False,True,0,497,43,1,0,delay
1784681353483.479,0.1,0.8,0.1,798.6530612244899,873.4444444444445,0.15973061224489798,64.20572740017184,85.87324198435311,0.003616125910618535,1.0000000000000002,1.0,1.0,10,8,2.0811340380470154,1,10,balanced,1,2,8,10,True,requested_slotframe_below_minimum (8 < 10),2.0811340380470154,False,False,False,True,0,498,43,1,0,delay
1784681357311.0918,0.1,0.8,0.1,709.475667189953,813.1111111111111,0.1418951334379906,72.81899641577061,95.78136200716845,0.0041907269123262585,0.8367346938775513,0.8888888888888888,0.8367346938775513,10,8,2.0661313745140952,1,10,balanced,1,2,8,10,True,requested_slotframe_below_minimum (8 < 10),2.0661313745140952,False,False,False,True,0,499,43,1,0,delay
1784681360844.83,0.1,0.8,0.1,797.100470957614,871.7777777777778,0.1594200941915228,91.7465970243748,125.92117758784427,0.00545340874078551,1.0000000000000002,1.0,1.0,10,8,2.0796952635882193,1,10,balanced,1,2,8,10,True,requested_slotframe_below_minimum (8 < 10),2.0796952635882193,False,False,False,True,0,500,43,1,0,delay
1784681364374.082,0.1,0.8,0.1,796.7708006279436,872.1111111111111,0.1593541601255887,76.84710351377018,116.4925609370054,0.004459446531939305,1.0000000000000002,1.0,1.0,10,8,2.08049702676189,1,10,balanced,1,2,8,10,True,requested_slotframe_below_minimum (8 < 10),2.08049702676189,False,False,False,True,0,501,43,1,0,delay
1784681406242.296,0.1,0.8,0.1,797.0706436420722,872.6666666666666,0.15941412872841446,190.36562203228868,228.14498258942706,0.012032396399752414,1.0000000000000002,1.0,1.0,10,8,2.0744326700073565,1,10,balanced,1,2,8,10,True,requested_slotframe_below_minimum (8 < 10),2.0744326700073565,False,False,False,True,1,502,43,1,0,delay
1784681409779.777,0.1,0.8,0.1,797.4128728414444,872.2222222222222,0.15948257456828888,125.37907565685342,171.25830959164293,0.007697069756961535,1.0000000000000002,1.0,1.0,10,8,2.0778940867376017,1,10,balanced,1,2,8,10,True,requested_slotframe_below_minimum (8 < 10),2.0778940867376017,False,False,False,True,0,503,43,1,0,delay
1784681413310.92,0.1,0.8,0.1,797.4599686028258,872.1111111111111,0.15949199372056516,103.9917695473251,140.69958847736626,0.006270298168600741,1.0000000000000002,1.0,1.0,10,8,2.079034562093063,1,10,balanced,1,2,8,10,True,requested_slotframe_below_minimum (8 < 10),2.079034562093063,False,False,False,True,0,504,43,1,0,delay
1784681416839.326,0.1,0.8,0.1,798.2715855572999,873.2222222222222,0.15965431711145997,88.02469135802468,120.3292181069959,0.005205116167980299,1.0000000000000002,1.0,1.0,10,8,2.0798704753544697,1,10,balanced,1,2,8,10,True,requested_slotframe_below_minimum (8 < 10),2.0798704753544697,False,False,False,True,0,505,43,1,0,delay
1784681420376.4739,0.1,0.8,0.1,796.5541601255887,871.1111111111111,0.15931083202511775,92.68151087595531,127.4588477366255,0.005515777910337245,1.0000000000000002,1.0,1.0,10,8,2.0796562944692183,1,10,balanced,1,2,8,10,True,requested_slotframe_below_minimum (8 < 10),2.0796562944692183,False,False,False,True,0,506,43,1,0,delay
1784681423902.11,0.1,0.8,0.1,799.2715855572999,873.7777777777778,0.15985431711145998,131.62517523628634,196.5178854067743,0.008113754185209229,1.0000000000000002,1.0,1.0,10,8,2.0775235649406865,1,10,balanced,1,2,8,10,True,requested_slotframe_below_minimum (8 < 10),2.0775235649406865,False,False,False,True,0,507,43,1,0,delay
1784681427427.9858,0.1,0.8,0.1,799.3893249607536,873.8888888888889,0.1598778649921507,95.44159544159544,129.06299461855016,0.005699906300306567,1.0000000000000002,1.0,1.0,10,8,2.0794522884605398,1,10,balanced,1,2,8,10,True,requested_slotframe_below_minimum (8 < 10),2.0794522884605398,False,False,False,True,0,508,43,1,0,delay
1784681431059.0469,0.1,0.8,0.1,796.8587127158555,871.7777777777778,0.1593717425431711,93.88357527246416,125.24363496585718,0.005595968997495941,0.9940694226408515,0.9958847736625513,0.9940694226408515,10,8,2.0789929928117714,1,10,balanced,1,2,8,10,True,requested_slotframe_below_minimum (8 < 10),2.0789929928117714,False,False,False,True,0,509,43,1,0,delay
1784681434583.835,0.1,0.8,0.1,797.6279434850863,872.6666666666666,0.15952558869701727,71.18533215755438,96.13903586125807,0.0040817433060409865,1.0000000000000002,1.0,1.0,10,8,2.0807820464854654,1,10,balanced,1,2,8,10,True,requested_slotframe_below_minimum (8 < 10),2.0807820464854654,False,False,False,True,0,510,43,1,0,delay
1784681441049.345,0.1,0.8,0.1,797.0455259026688,871.8888888888889,0.15940910518053378,1567.3338081671413,1483.4963596074708,0.10389151488773458,1.0000000000000002,1.0,1.0,10,8,2.000945877571759,1,10,balanced,1,2,8,10,True,requested_slotframe_below_minimum (8 < 10),2.000945877571759,False,False,False,True,0,511,43,1,0,delay
1784681444581.7412,0.1,0.8,0.1,796.6467817896391,871.5555555555555,0.15932935635792783,451.7742956631845,448.86672997784103,0.02947126722236054,1.0000000000000002,1.0,1.0,10,8,2.060490050586319,1,10,balanced,1,2,8,10,True,requested_slotframe_below_minimum (8 < 10),2.060490050586319,False,False,False,True,0,512,43,1,0,delay
1784681448120.331,0.1,0.8,0.1,798.8901098901099,874.4444444444445,0.159778021978022,80.87081128747795,109.05790711346266,0.00472787266761027,1.0000000000000002,1.0,1.0,10,8,2.0802398996681095,1,10,balanced,1,2,8,10,True,requested_slotframe_below_minimum (8 < 10),2.0802398996681095,False,False,False,True,0,513,43,1,0,delay
1784681451648.4312,0.1,0.8,0.1,798.4599686028259,873.3333333333334,0.1596919937205652,71.09053497942386,93.78600823045268,0.004075419278147022,1.0000000000000002,1.0,1.0,10,8,2.080770465205426,1,10,balanced,1,2,8,10,True,requested_slotframe_below_minimum (8 < 10),2.080770465205426,False,False,False,True,0,514,43,1,0,delay
1784681455174.0771,0.1,0.8,0.1,796.3265306122449,871.4444444444445,0.159265306122449,72.71604938271604,106.91358024691357,0.004183859198313278,1.0000000000000002,1.0,1.0,10,8,2.0807263820291046,1,10,balanced,1,2,8,10,True,requested_slotframe_below_minimum (8 < 10),2.0807263820291046,False,False,False,True,0,515,43,1,0,delay
1784681459198.189,0.1,0.8,0.1,595.6985871271586,697.7777777777778,0.11913971742543172,66.3468720821662,89.67226890756302,0.003758964114887672,0.7284144427001572,0.7777777777777778,0.7284144427001572,10,8,2.0579203012355625,1,10,balanced,1,2,8,10,True,requested_slotframe_below_minimum (8 < 10),2.0579203012355625,False,False,False,True,0,516,43,1,0,delay
1784681462733.804,0.1,0.8,0.1,796.6295133437992,872.0,0.15932590266875984,88.30761316872427,128.30246913580248,0.005223990204718097,1.0000000000000002,1.0,1.0,10,8,2.0798882175693496,1,10,balanced,1,2,8,10,True,requested_slotframe_below_minimum (8 < 10),2.0798882175693496,False,False,False,True,0,517,43,1,0,delay
1784681466256.839,0.1,0.8,0.1,797.9623233908949,873.0,0.15959246467817897,79.29962013295346,109.42228553339663,0.004623056713339123,1.0000000000000002,1.0,1.0,10,8,2.080342308161511,1,10,balanced,1,2,8,10,True,requested_slotframe_below_minimum (8 < 10),2.080342308161511,False,False,False,True,0,518,43,1,0,delay
1784681469787.202,0.1,0.8,0.1,797.5541601255889,872.6666666666666,0.15951083202511776,87.76014109347442,120.84362139917695,0.005187467718043657,1.0000000000000002,1.0,1.0,10,8,2.0798989426230534,1,10,balanced,1,2,8,10,True,requested_slotframe_below_minimum (8 < 10),2.0798989426230534,False,False,False,True,0,519,43,1,0,delay
1784681476244.931,0.1,0.8,0.1,798.5321821036107,873.2222222222222,0.15970643642072213,95.94503233392123,121.40211640211639,0.005733491149694545,0.9942812289751068,0.9960317460317462,0.9942812289751068,10,8,2.0788706863356827,1,10,balanced,1,2,8,10,True,requested_slotframe_below_minimum (8 < 10),2.0788706863356827,False,False,False,True,0,520,43,1,0,delay
1784681479779.649,0.1,0.8,0.1,797.9356357927787,872.4444444444445,0.15958712715855575,86.70544476100032,117.48812915479581,0.005117107722548387,1.0000000000000002,1.0,1.0,10,8,2.0799476011061055,1,10,balanced,1,2,8,10,True,requested_slotframe_below_minimum (8 < 10),2.0799476011061055,False,False,False,True,0,521,43,1,0,delay
1784681483408.571,0.1,0.8,0.1,797.4599686028258,872.1111111111111,0.15949199372056516,83.84185773074663,107.99529688418576,0.00492607456509317,1.0000000000000002,1.0,1.0,10,8,2.080109940975869,1,10,balanced,1,2,8,10,True,requested_slotframe_below_minimum (8 < 10),2.080109940975869,False,False,False,True,0,522,43,1,0,delay
1784681487047.366,0.1,0.8,0.1,798.083202511774,873.8888888888889,0.1596166405023548,99.96472663139328,131.46090534979422,0.00600164954178741,1.0000000000000002,1.0,1.0,10,8,2.0792370163163345,1,10,balanced,1,2,8,10,True,requested_slotframe_below_minimum (8 < 10),2.0792370163163345,False,False,False,True,0,523,43,1,0,delay
1784681490588.041,0.1,0.8,0.1,797.8963893249608,872.6666666666666,0.15957927786499215,78.4267173156062,113.26210826210827,0.004564824370620827,1.0000000000000002,1.0,1.0,10,8,2.080390212717004,1,10,balanced,1,2,8,10,True,requested_slotframe_below_minimum (8 < 10),2.080390212717004,False,False,False,True,0,524,43,1,0,delay
1784681494127.6008,0.1,0.8,0.1,797.7755102040818,872.4444444444445,0.15955510204081635,76.73789173789174,101.79962013295346,0.004452160889785973,1.0000000000000002,1.0,1.0,10,8,2.0804827610840895,1,10,balanced,1,2,8,10,True,requested_slotframe_below_minimum (8 < 10),2.0804827610840895,False,False,False,True,0,525,43,1,0,delay
1784681497764.541,0.1,0.8,0.1,797.580847723705,872.5555555555555,0.159516169544741,83.86463844797179,111.8151087595532,0.004927594292726604,1.0000000000000002,1.0,1.0,10,8,2.0801063076113446,1,10,balanced,1,2,8,10,True,requested_slotframe_below_minimum (8 < 10),2.0801063076113446,False,False,False,True,0,526,43,1,0,delay
1784681501297.67,0.1,0.8,0.1,798.2103610675039,872.5555555555555,0.15964207221350077,78.87939221272556,102.97404241848687,0.004595022829401305,1.0000000000000002,1.0,1.0,10,8,2.080359774515129,1,10,balanced,1,2,8,10,True,requested_slotframe_below_minimum (8 < 10),2.080359774515129,False,False,False,True,0,527,43,1,0,delay
1784681504832.735,0.1,0.8,0.1,796.2919937205652,872.1111111111111,0.15925839874411304,73.00411522633746,99.1769547325103,0.004203076399355401,1.0000000000000002,1.0,1.0,10,8,2.0807116990061045,1,10,balanced,1,2,8,10,True,requested_slotframe_below_minimum (8 < 10),2.0807116990061045,False,False,False,True,0,528,43,1,0,delay
1784681511320.406,0.1,0.8,0.1,799.3296703296705,874.1111111111111,0.1598659340659341,71.08318636096413,95.71281599059377,0.00407492904342656,1.0000000000000002,1.0,1.0,10,8,2.0807534633586653,1,10,balanced,1,2,8,10,True,requested_slotframe_below_minimum (8 < 10),2.0807534633586653,False,False,False,True,0,529,43,1,0,delay
1784681514855.615,0.1,0.8,0.1,798.1946624803769,872.5555555555555,0.1596389324960754,84.81481481481481,110.45267489711935,0.004990981642082375,1.0000000000000002,1.0,1.0,10,8,2.0800433214367264,1,10,balanced,1,2,8,10,True,requested_slotframe_below_minimum (8 < 10),2.0800433214367264,False,False,False,True,0,530,43,1,0,delay
1784681518393.429,0.1,0.8,0.1,797.6232339089484,872.6666666666666,0.15952464678178968,81.05085243974132,107.10023515579071,0.004739883418261596,1.0000000000000002,1.0,1.0,10,8,2.080255628587212,1,10,balanced,1,2,8,10,True,requested_slotframe_below_minimum (8 < 10),2.080255628587212,False,False,False,True,0,531,43,1,0,delay
1784681521942.307,0.1,0.8,0.1,797.4003139717427,872.6666666666666,0.15948006279434854,85.49235743680187,120.1308054085832,0.005036181283308998,1.0000000000000002,1.0,1.0,10,8,2.080023048693918,1,10,balanced,1,2,8,10,True,requested_slotframe_below_minimum (8 < 10),2.080023048693918,False,False,False,True,0,532,43,1,0,delay
1784681525474.678,0.1,0.8,0.1,798.835164835165,873.8888888888889,0.15976703296703298,83.8234861845973,121.83568489124046,0.004924848978292015,1.0000000000000002,1.0,1.0,10,8,2.080083417520663,1,10,balanced,1,2,8,10,True,requested_slotframe_below_minimum (8 < 10),2.080083417520663,False,False,False,True,0,533,43,1,0,delay
1784681529001.405,0.1,0.8,0.1,798.1868131868133,873.2222222222222,0.15963736263736267,85.18665490887712,114.49735449735448,0.005015787518937766,1.0000000000000002,1.0,1.0,10,8,2.0800236337211135,1,10,balanced,1,2,8,10,True,requested_slotframe_below_minimum (8 < 10),2.0800236337211135,False,False,False,True,0,534,43,1,0,delay
1784681532536.151,0.1,0.8,0.1,797.4317111459969,872.5555555555555,0.15948634222919938,111.30387102609325,144.67519106407994,0.006758096799605953,0.9899412756555617,0.9917695473251028,0.9899412756555617,10,8,2.0776390159029514,1,10,balanced,1,2,8,10,True,requested_slotframe_below_minimum (8 < 10),2.0776390159029514,False,False,False,True,0,535,43,1,0,delay
1784681536062.412,0.1,0.8,0.1,796.1664050235479,871.1111111111111,0.15923328100470957,107.553644914756,158.85802469135803,0.006507914937608807,1.0000000000000002,1.0,1.0,10,8,2.078870339949442,1,10,balanced,1,2,8,10,True,requested_slotframe_below_minimum (8 < 10),2.078870339949442,False,False,False,True,0,536,43,1,0,delay
1784681539587.019,0.1,0.8,0.1,797.2135007849295,871.5555555555555,0.1594427001569859,119.03292181069959,172.0576131687243,0.007273710594442935,1.0000000000000002,1.0,1.0,10,8,2.078236761508747,1,10,balanced,1,2,8,10,True,requested_slotframe_below_minimum (8 < 10),2.078236761508747,False,False,False,True,0,537,43,1,0,delay
1784681546080.7769,0.1,0.8,0.1,796.2276295133439,871.5555555555555,0.15924552590266877,107.45149911816577,142.1634332745444,0.006501100674994381,1.0000000000000002,1.0,1.0,10,8,2.0788745668697377,1,10,balanced,1,2,8,10,True,requested_slotframe_below_minimum (8 < 10),2.0788745668697377,False,False,False,True,0,538,43,1,0,delay
1784681549610.569,0.1,0.8,0.1,799.2166405023547,874.2222222222222,0.15984332810047094,134.2465970243748,197.92022792022794,0.008288632223107058,1.0000000000000002,1.0,1.0,10,8,2.077384761411467,1,10,balanced,1,2,8,10,True,requested_slotframe_below_minimum (8 < 10),2.077384761411467,False,False,False,True,0,539,43,1,0,delay
1784681553147.782,0.1,0.8,0.1,795.8901098901099,872.0,0.15917802197802197,96.3880974992086,134.4855967078189,0.0057630485323021076,0.9940694226408515,0.9958847736625513,0.9940694226408515,10,8,2.0788787012404413,1,10,balanced,1,2,8,10,True,requested_slotframe_below_minimum (8 < 10),2.0788787012404413,False,False,False,True,0,540,43,1,0,delay
1784681592088.198,0.1,0.8,0.1,798.2040816326531,873.1111111111111,0.15964081632653063,72.97166824944603,101.68882557771447,0.0042009118245127436,0.9939531368102799,0.9958847736625513,0.9939531368102799,10,8,2.080070502588765,1,10,balanced,1,2,8,10,True,requested_slotframe_below_minimum (8 < 10),2.080070502588765,False,False,False,True,1,541,43,1,0,delay
1784681595615.8281,0.1,0.8,0.1,798.8712715855575,874.0,0.15977425431711148,94.27101704879483,124.12698412698413,0.005621815680373237,1.0000000000000002,1.0,1.0,10,8,2.0795251220239903,1,10,balanced,1,2,8,10,True,requested_slotframe_below_minimum (8 < 10),2.0795251220239903,False,False,False,True,0,542,43,1,0,delay
1784681599254.3672,0.1,0.8,0.1,798.2794348508637,872.7777777777778,0.15965588697017274,15676.207830235608,15942.331999276445,1.0,0.9776938858571513,0.9797178130511465,0.9776938858571513,10,8,1.281803799888698,1,10,balanced,1,2,8,10,True,requested_slotframe_below_minimum (8 < 10),1.281803799888698,False,False,False,True,0,543,43,1,0,delay
1784681603390.1392,0.1,0.8,0.1,648.5180533751962,696.6666666666666,0.12970361067503924,83.20308123249299,116.30532212885153,0.004883461056203669,0.7786499215070646,0.7777777777777778,0.7786499215070646,10,8,2.06098786223824,1,10,balanced,1,2,8,10,True,requested_slotframe_below_minimum (8 < 10),2.06098786223824,False,False,False,True,0,544,43,1,0,delay
1784681607526.604,0.1,0.8,0.1,594.7472527472528,696.7777777777778,0.11894945054945055,66.32166199813258,86.42483660130718,0.003757282321423121,0.7284144427001571,0.7777777777777778,0.7284144427001571,10,8,2.057940673357932,1,10,balanced,1,2,8,10,True,requested_slotframe_below_minimum (8 < 10),2.057940673357932,False,False,False,True,0,545,43,1,0,delay
1784681611067.547,0.1,0.8,0.1,798.337519623234,873.1111111111111,0.1596675039246468,137.63544069099623,193.26742187853299,0.008514705849966393,0.9958718530147104,0.9958847736625513,0.9958718530147104,10,8,2.0768086702290334,1,10,balanced,1,2,8,10,True,requested_slotframe_below_minimum (8 < 10),2.0768086702290334,False,False,False,True,0,546,43,1,0,delay
1784681617532.012,0.1,0.8,0.1,796.2448979591837,871.3333333333334,0.15924897959183676,111.29867046533712,163.96802785691673,0.0067577498642653186,1.0000000000000002,1.0,1.0,10,8,2.078668902149404,1,10,balanced,1,2,8,10,True,requested_slotframe_below_minimum (8 < 10),2.078668902149404,False,False,False,True,0,547,43,1,0,delay
1784681621072.82,0.1,0.8,0.1,798.7864992150708,873.7777777777778,0.15975729984301415,128.2961380183602,181.73630895853117,0.007891670314767191,1.0000000000000002,1.0,1.0,10,8,2.077710933763885,1,10,balanced,1,2,8,10,True,requested_slotframe_below_minimum (8 < 10),2.077710933763885,False,False,False,True,0,548,43,1,0,delay
1784681624613.441,0.1,0.8,0.1,797.1585557299844,872.5555555555555,0.15943171114599688,131.65637860082305,177.08553791887124,0.008115835797253038,1.0000000000000002,1.0,1.0,10,8,2.077564160247598,1,10,balanced,1,2,8,10,True,requested_slotframe_below_minimum (8 < 10),2.077564160247598,False,False,False,True,0,549,43,1,0,delay
1784681628140.0781,0.1,0.8,0.1,799.3657770800629,874.5555555555555,0.15987315541601257,111.41975308641975,157.57201646090536,0.006765827424044012,1.0000000000000002,1.0,1.0,10,8,2.0786000225191636,1,10,balanced,1,2,8,10,True,requested_slotframe_below_minimum (8 < 10),2.0786000225191636,False,False,False,True,0,550,43,1,0,delay
1784681631765.6301,0.1,0.8,0.1,797.5447409733124,872.2222222222222,0.1595089481946625,97.21487360376248,139.56643151087596,0.005818203709390426,0.9903005158107201,0.9920634920634921,0.9903005158107201,10,8,2.0784245937940935,1,10,balanced,1,2,8,10,True,requested_slotframe_below_minimum (8 < 10),2.0784245937940935,False,False,False,True,0,551,43,1,0,delay
1784681635392.986,0.1,0.8,0.1,798.9701726844586,873.6666666666666,0.15979403453689173,141.72766019988245,192.35302763080543,0.008787702481646594,1.0000000000000002,1.0,1.0,10,8,2.0769904345609937,1,10,balanced,1,2,8,10,True,requested_slotframe_below_minimum (8 < 10),2.0769904345609937,False,False,False,True,0,552,43,1,0,delay
1784681638931.453,0.1,0.8,0.1,798.4489795918367,873.1111111111111,0.15968979591836735,70.8088002532447,98.77809433364989,0.004056624433171761,1.0000000000000002,1.0,1.0,10,8,2.080785720861626,1,10,balanced,1,2,8,10,True,requested_slotframe_below_minimum (8 < 10),2.080785720861626,False,False,False,True,0,553,43,1,0,delay
1784681642467.3618,0.1,0.8,0.1,798.4348508634225,873.0,0.15968697017268452,72.28395061728394,103.95061728395062,0.004155033396750096,1.0000000000000002,1.0,1.0,10,8,2.0807072762653314,1,10,balanced,1,2,8,10,True,requested_slotframe_below_minimum (8 < 10),2.0807072762653314,False,False,False,True,0,554,43,1,0,delay
1784681646010.5269,0.1,0.8,0.1,796.9309262166406,872.1111111111111,0.15938618524332812,72.05761316872427,103.1275720164609,0.004139934167359858,1.0000000000000002,1.0,1.0,10,8,2.0807494341417794,1,10,balanced,1,2,8,10,True,requested_slotframe_below_minimum (8 < 10),2.0807494341417794,False,False,False,True,0,555,43,1,0,delay
1784681652570.9119,0.1,0.8,0.1,800.171114599686,874.7777777777778,0.1600342229199372,68.47883597883597,96.39623750734863,0.003901189858494728,1.0000000000000002,1.0,1.0,10,8,2.0808756258212107,1,10,balanced,1,2,8,10,True,requested_slotframe_below_minimum (8 < 10),2.0808756258212107,False,False,False,True,0,556,43,1,0,delay
1784681656106.731,0.1,0.8,0.1,800.8932496075354,875.7777777777778,0.16017864992150707,66.11427666983222,93.26685660018994,0.0037434474095952115,1.0000000000000002,1.0,1.0,10,8,2.0809873770801732,1,10,balanced,1,2,8,10,True,requested_slotframe_below_minimum (8 < 10),2.0809873770801732,False,False,False,True,0,557,43,1,0,delay
1784681659638.4338,0.1,0.8,0.1,796.2496075353218,871.8888888888889,0.15924992150706438,80.5278569167458,123.27793605571385,0.004704993790309927,0.9940694226408515,0.9958847736625513,0.9940694226408515,10,8,2.0797179550811307,1,10,balanced,1,2,8,10,True,requested_slotframe_below_minimum (8 < 10),2.0797179550811307,False,False,False,True,0,558,43,1,0,delay
1784681663167.081,0.1,0.8,0.1,796.8477237048667,872.0,0.15936954474097334,111.15068059512504,168.77176321620766,0.006747877291202471,1.0000000000000002,1.0,1.0,10,8,2.078664743692941,1,10,balanced,1,2,8,10,True,requested_slotframe_below_minimum (8 < 10),2.078664743692941,False,False,False,True,0,559,43,1,0,delay
1784681666705.46,0.1,0.8,0.1,799.3343799058086,874.6666666666666,0.15986687598116173,88.23045267489711,123.37448559670783,0.005218842740153243,1.0000000000000002,1.0,1.0,10,8,2.0798382382097613,1,10,balanced,1,2,8,10,True,requested_slotframe_below_minimum (8 < 10),2.0798382382097613,False,False,False,True,0,560,43,1,0,delay
1784681670238.2131,0.1,0.8,0.1,798.3626373626373,873.4444444444445,0.15967252747252747,95.92818703929814,136.14570614570616,0.005732367380873792,1.0000000000000002,1.0,1.0,10,8,2.079446853348048,1,10,balanced,1,2,8,10,True,requested_slotframe_below_minimum (8 < 10),2.079446853348048,False,False,False,True,0,561,43,1,0,delay
1784681673871.3281,0.1,0.8,0.1,796.0219780219782,871.2222222222222,0.15920439560439564,98.15549676660788,129.02998236331572,0.005880953753609599,1.0000000000000002,1.0,1.0,10,8,2.0793747974366728,1,10,balanced,1,2,8,10,True,requested_slotframe_below_minimum (8 < 10),2.0793747974366728,False,False,False,True,0,562,43,1,0,delay
1784681677411.616,0.1,0.8,0.1,780.1107061503418,873.4444444444445,0.15602214123006836,95.10097201273672,121.07312440645774,0.005677182922797647,1.0,1.0,1.0,10,8,2.079856039538755,1,10,balanced,1,2,8,10,True,requested_slotframe_below_minimum (8 < 10),2.079856039538755,False,False,False,True,0,563,43,1,0,delay
1784681680948.104,0.1,0.8,0.1,797.547880690738,872.3333333333334,0.1595095761381476,104.49825894270336,144.88129154795823,0.006304086653949523,1.0000000000000002,1.0,1.0,10,8,2.0790057730630256,1,10,balanced,1,2,8,10,True,requested_slotframe_below_minimum (8 < 10),2.0790057730630256,False,False,False,True,0,564,43,1,0,delay
1784681687450.043,0.1,0.8,0.1,797.5227629513345,872.7777777777778,0.15950455259026688,122.0417853751187,161.11585944919278,0.007474435315218059,1.0000000000000002,1.0,1.0,10,8,2.0780699964887988,1,10,balanced,1,2,8,10,True,requested_slotframe_below_minimum (8 < 10),2.0780699964887988,False,False,False,True,0,565,43,1,0,delay
1784681691086.71,0.1,0.8,0.1,797.0627943485088,871.7777777777778,0.15941255886970176,118.06069958847736,155.0881834215168,0.007208852540925775,0.9942812289751068,0.9960317460317462,0.9942812289751068,10,8,2.0777197849777997,1,10,balanced,1,2,8,10,True,requested_slotframe_below_minimum (8 < 10),2.0777197849777997,False,False,False,True,0,566,43,1,0,delay
1784681694722.27,0.1,0.8,0.1,795.9309262166406,871.4444444444445,0.15918618524332812,116.58877131099352,158.3171663727219,0.0071106585264171795,1.0000000000000002,1.0,1.0,10,8,2.0783928546545334,1,10,balanced,1,2,8,10,True,requested_slotframe_below_minimum (8 < 10),2.0783928546545334,False,False,False,True,0,567,43,1,0,delay
1784681698251.7258,0.1,0.8,0.1,798.14442700157,873.4444444444445,0.159628885400314,141.75044091710757,202.73515579071133,0.008789222209280025,0.9960192868356135,0.9960317460317462,0.9960192868356135,10,8,2.076607662376106,1,10,balanced,1,2,8,10,True,requested_slotframe_below_minimum (8 < 10),2.076607662376106,False,False,False,True,0,568,43,1,0,delay
1784681701789.235,0.1,0.8,0.1,795.5133437990582,870.6666666666666,0.15910266875981166,158.86831275720164,211.27572016460906,0.009931174967124859,1.0000000000000002,1.0,1.0,10,8,2.076144793150319,1,10,balanced,1,2,8,10,True,requested_slotframe_below_minimum (8 < 10),2.076144793150319,False,False,False,True,0,569,43,1,0,delay
1784681705326.067,0.1,0.8,0.1,796.1742543171116,871.5555555555555,0.15923485086342232,155.51440329218104,208.64197530864197,0.009707431840705874,1.0000000000000002,1.0,1.0,10,8,2.0763105694410933,1,10,balanced,1,2,8,10,True,requested_slotframe_below_minimum (8 < 10),2.0763105694410933,False,False,False,True,0,570,43,1,0,delay
1784681708852.468,0.1,0.8,0.1,796.5996860282576,871.3333333333334,0.15931993720565152,115.06331117442228,161.2852168407724,0.007008893340521833,1.0000000000000002,1.0,1.0,10,8,2.0784608916070173,1,10,balanced,1,2,8,10,True,requested_slotframe_below_minimum (8 < 10),2.0784608916070173,False,False,False,True,0,571,43,1,0,delay
1784681712391.7551,0.1,0.8,0.1,797.9921507064365,872.8888888888889,0.1595984301412873,124.89050558495003,188.63756613756613,0.0076644766901234175,1.0000000000000002,1.0,1.0,10,8,2.0779085756337725,1,10,balanced,1,2,8,10,True,requested_slotframe_below_minimum (8 < 10),2.0779085756337725,False,False,False,True,0,572,43,1,0,delay
1784681715927.084,0.1,0.8,0.1,796.9623233908948,871.7777777777778,0.15939246467817894,127.9835390946502,183.0864197530864,0.00787081648396599,1.0000000000000002,1.0,1.0,10,8,2.0777641003450094,1,10,balanced,1,2,8,10,True,requested_slotframe_below_minimum (8 < 10),2.0777641003450094,False,False,False,True,0,573,43,1,0,delay
1784681722478.2988,0.1,0.8,0.1,797.193092621664,871.5555555555555,0.1594386185243328,119.07480893592003,172.68812463256907,0.007276504932349569,1.0000000000000002,1.0,1.0,10,8,2.0782349342016873,1,10,balanced,1,2,8,10,True,requested_slotframe_below_minimum (8 < 10),2.0782349342016873,False,False,False,True,0,574,43,1,0,delay
1784681726007.487,0.1,0.8,0.1,797.1758241758242,871.8888888888889,0.15943516483516484,129.8591326369104,165.61728395061726,0.007995939468773208,1.0000000000000002,1.0,1.0,10,8,2.077659731941465,1,10,balanced,1,2,8,10,True,requested_slotframe_below_minimum (8 < 10),2.077659731941465,False,False,False,True,0,575,43,1,0,delay
1784681729547.496,0.1,0.8,0.1,795.497645211931,870.1111111111111,0.1590995290423862,141.18459729570841,200.55849500293942,0.00875147413580443,1.0000000000000002,1.0,1.0,10,8,2.077088867787118,1,10,balanced,1,2,8,10,True,requested_slotframe_below_minimum (8 < 10),2.077088867787118,False,False,False,True,0,576,43,1,0,delay
1784681733073.245,0.1,0.8,0.1,795.7001569858714,870.8888888888889,0.15914003139717428,162.21634332745444,211.09347442680777,0.010154525905767474,1.0000000000000002,1.0,1.0,10,8,2.0759623761356685,1,10,balanced,1,2,8,10,True,requested_slotframe_below_minimum (8 < 10),2.0759623761356685,False,False,False,True,0,577,43,1,0,delay
1784681736609.841,0.1,0.8,0.1,798.6342229199373,873.6666666666666,0.15972684458398748,111.8787591009813,150.67109844887625,0.006796448238891348,1.0000000000000002,1.0,1.0,10,8,2.0785901569504883,1,10,balanced,1,2,8,10,True,requested_slotframe_below_minimum (8 < 10),2.0785901569504883,False,False,False,True,0,578,43,1,0,delay
1784681740136.718,0.1,0.8,0.1,796.171114599686,871.1111111111111,0.1592342229199372,119.89785420340976,170.08524397413285,0.007331411221041345,1.0000000000000002,1.0,1.0,10,8,2.078211448731173,1,10,balanced,1,2,8,10,True,requested_slotframe_below_minimum (8 < 10),2.078211448731173,False,False,False,True,0,579,43,1,0,delay
1784681743671.3582,0.1,0.8,0.1,796.1507064364208,871.3333333333334,0.15923014128728416,98.57911635689412,137.43996743996746,0.005909213899726092,1.0000000000000002,1.0,1.0,10,8,2.0793496147514907,1,10,balanced,1,2,8,10,True,requested_slotframe_below_minimum (8 < 10),2.0793496147514907,False,False,False,True,0,580,43,1,0,delay
1784681747197.303,0.1,0.8,0.1,799.1695447409734,874.4444444444445,0.1598339089481947,108.14876995432549,151.85750463528245,0.006547616407893629,1.0000000000000002,1.0,1.0,10,8,2.0787785159788656,1,10,balanced,1,2,8,10,True,requested_slotframe_below_minimum (8 < 10),2.0787785159788656,False,False,False,True,0,581,43,1,0,delay
1784681750735.2358,0.1,0.8,0.1,798.188383045526,872.7777777777778,0.15963767660910522,109.01392845837289,143.63564419119973,0.006605332118637284,1.0000000000000002,1.0,1.0,10,8,2.07875196664418,1,10,balanced,1,2,8,10,True,requested_slotframe_below_minimum (8 < 10),2.07875196664418,False,False,False,True,0,582,43,1,0,delay
1784681757238.5261,0.1,0.8,0.1,796.5494505494506,870.7777777777778,0.15930989010989013,141.0636277302944,192.33934789490345,0.008743404118098359,1.0000000000000002,1.0,1.0,10,8,2.0770742876945323,1,10,balanced,1,2,8,10,True,requested_slotframe_below_minimum (8 < 10),2.0770742876945323,False,False,False,True,0,583,43,1,0,delay
1784681760766.2139,0.1,0.8,0.1,794.5839874411304,869.5555555555555,0.15891679748822607,97.67489711934157,131.23456790123456,0.005848892402891365,1.0000000000000002,1.0,1.0,10,8,2.0794292063288644,1,10,balanced,1,2,8,10,True,requested_slotframe_below_minimum (8 < 10),2.0794292063288644,False,False,False,True,0,584,43,1,0,delay
1784681764301.927,0.1,0.8,0.1,798.5839874411304,873.1111111111111,0.15971679748822606,129.50617283950615,201.02880658436217,0.007972393118045774,1.0000000000000002,1.0,1.0,10,8,2.077650405756741,1,10,balanced,1,2,8,10,True,requested_slotframe_below_minimum (8 < 10),2.077650405756741,False,False,False,True,0,585,43,1,0,delay
1784681767837.25,0.1,0.8,0.1,798.9937205651493,873.7777777777778,0.15979874411302986,92.96296296296296,127.53086419753087,0.005534553900130952,1.0000000000000002,1.0,1.0,10,8,2.079592482468592,1,10,balanced,1,2,8,10,True,requested_slotframe_below_minimum (8 < 10),2.079592482468592,False,False,False,True,0,586,43,1,0,delay
1784681771465.425,0.1,0.8,0.1,797.0125588697019,871.5555555555555,0.15940251177394038,83.48748473748473,122.93345543345546,0.004902433938457954,0.9978487121344266,0.9958847736625513,0.9978487121344266,10,8,2.0799226728852824,1,10,balanced,1,2,8,10,True,requested_slotframe_below_minimum (8 < 10),2.0799226728852824,False,False,False,True,0,587,43,1,0,delay
1784681775000.134,0.1,0.8,0.1,796.9199372056516,871.6666666666666,0.15938398744113033,97.92181069958846,134.07407407407408,0.005865364289498897,1.0000000000000002,1.0,1.0,10,8,2.079369309824288,1,10,balanced,1,2,8,10,True,requested_slotframe_below_minimum (8 < 10),2.079369309824288,False,False,False,True,0,588,43,1,0,delay
1784681778530.408,0.1,0.8,0.1,798.409733124019,873.4444444444445,0.1596819466248038,98.30761316872427,132.4485596707819,0.005891101612323167,1.0000000000000002,1.0,1.0,10,8,2.0793189240476613,1,10,balanced,1,2,8,10,True,requested_slotframe_below_minimum (8 < 10),2.0793189240476613,False,False,False,True,0,589,43,1,0,delay
1784681782167.562,0.1,0.8,0.1,798.243328100471,873.4444444444445,0.1596486656200942,81.42783656672546,109.00646678424457,0.0047650324594213115,0.9942812289751068,0.9960317460317462,0.9942812289751068,10,8,2.0796512303679644,1,10,balanced,1,2,8,10,True,requested_slotframe_below_minimum (8 < 10),2.0796512303679644,False,False,False,True,0,590,43,1,0,delay
1784681785700.909,0.1,0.8,0.1,798.8901098901099,873.7777777777778,0.159778021978022,62.08768597657486,87.23646723646725,0.0034748289510723725,1.0000000000000002,1.0,1.0,10,8,2.08124233464134,1,10,balanced,1,2,8,10,True,requested_slotframe_below_minimum (8 < 10),2.08124233464134,False,False,False,True,0,591,43,1,0,delay
1784681792151.602,0.1,0.8,0.1,798.3846153846156,873.2222222222222,0.1596769230769231,68.20987654320987,98.67996201329534,0.003883247267725809,1.0000000000000002,1.0,1.0,10,8,2.080925709878127,1,10,balanced,1,2,8,10,True,requested_slotframe_below_minimum (8 < 10),2.080925709878127,False,False,False,True,0,592,43,1,0,delay
1784681795680.979,0.1,0.8,0.1,798.9215070643644,873.3333333333334,0.15978430141287286,82.5664767331434,124.18645140867362,0.004840992443838786,1.0000000000000002,1.0,1.0,10,8,2.0801487759036417,1,10,balanced,1,2,8,10,True,requested_slotframe_below_minimum (8 < 10),2.0801487759036417,False,False,False,True,0,593,43,1,0,delay
1784681799222.358,0.1,0.8,0.1,799.5400313971743,874.4444444444445,0.15990800627943486,68.71252204585538,97.00470311581424,0.003916779322605429,1.0000000000000002,1.0,1.0,10,8,2.080875775913972,1,10,balanced,1,2,8,10,True,requested_slotframe_below_minimum (8 < 10),2.080875775913972,False,False,False,True,0,594,43,1,0,delay
1784681802759.5068,0.1,0.8,0.1,799.5886970172685,874.3333333333334,0.1599177394034537,71.22286663953331,100.22645050422828,0.0040842472741516546,1.0000000000000002,1.0,1.0,10,8,2.0807408282403332,1,10,balanced,1,2,8,10,True,requested_slotframe_below_minimum (8 < 10),2.0807408282403332,False,False,False,True,0,595,43,1,0,delay
1784681806293.281,0.1,0.8,0.1,797.3029827315542,872.4444444444445,0.15946059654631084,61.703409758965314,83.65961199294533,0.0034491934462285065,1.0000000000000002,1.0,1.0,10,8,2.081294585588386,1,10,balanced,1,2,8,10,True,requested_slotframe_below_minimum (8 < 10),2.081294585588386,False,False,False,True,0,596,43,1,0,delay
1784681809824.361,0.1,0.8,0.1,799.7346938775511,874.5555555555555,0.15994693877551022,66.14514086736308,91.76479898702122,0.003745506395421153,1.0000000000000002,1.0,1.0,10,8,2.081008901006112,1,10,balanced,1,2,8,10,True,requested_slotframe_below_minimum (8 < 10),2.081008901006112,False,False,False,True,0,597,43,1,0,delay
1784681813364.0781,0.1,0.8,0.1,798.7503924646782,873.3333333333334,0.15975007849293563,69.83934789490345,92.22697056030391,0.0039919511604338525,1.0000000000000002,1.0,1.0,10,8,2.0808314312223595,1,10,balanced,1,2,8,10,True,requested_slotframe_below_minimum (8 < 10),2.0808314312223595,False,False,False,True,0,598,43,1,0,delay
1784681816903.666,0.1,0.8,0.1,800.2386185243328,875.1111111111111,0.16004772370486656,59.43856554967666,81.26984126984127,0.0032981031053820322,1.0000000000000002,1.0,1.0,10,8,2.0813567451452077,1,10,balanced,1,2,8,10,True,requested_slotframe_below_minimum (8 < 10),2.0813567451452077,False,False,False,True,0,599,43,1,0,delay
1784681820440.9011,0.1,0.8,0.1,799.9952904238619,875.4444444444445,0.15999905808477238,70.28145208700764,97.79688418577308,0.0040214444354241255,1.0000000000000002,1.0,1.0,10,8,2.0807829386431833,1,10,balanced,1,2,8,10,True,requested_slotframe_below_minimum (8 < 10),2.0807829386431833,False,False,False,True,0,600,43,1,0,delay
1784681823972.423,0.8,0.1,0.1,797.6546310832026,872.3333333333334,0.15953092621664053,73.80805408583186,110.99206349206348,0.004256708077773973,1.0000000000000002,1.0,1.0,10,8,1.9719495882189102,1,10,balanced,1,2,8,10,True,requested_slotframe_below_minimum (8 < 10),1.9719495882189102,False,False,False,True,0,601,43,1,0,energy
1784681830364.995,0.8,0.1,0.1,775.6028257456828,843.6666666666666,0.15512056514913655,133.53909465020575,168.68312757201647,0.008241433932635473,1.0000000000000002,1.0,1.0,11,8,1.9750794044874271,1,10,balanced,0,0,11,11,False,,1.9750794044874271,False,False,False,True,0,602,43,1,0,energy
1784681833701.3718,0.8,0.1,0.1,738.8288854003141,796.8888888888889,0.14776577708006283,133.10773074661964,173.14814814814815,0.008212657154544339,1.0000000000000002,1.0,1.0,13,8,1.9809661126204954,1,10,balanced,0,0,13,13,False,,1.9809661126204954,False,False,False,True,0,603,43,1,0,energy
1784681836938.694,0.8,0.1,0.1,723.7613814756673,777.5555555555555,0.14475227629513346,133.76543209876542,173.89770723104056,0.008256533162025712,1.0000000000000002,1.0,1.0,14,8,1.9833725256476906,1,10,balanced,0,0,14,14,False,,1.9833725256476906,False,False,False,True,0,604,43,1,0,energy
1784681840065.002,0.8,0.1,0.1,701.7331240188382,749.2222222222222,0.14034662480376764,152.9012345679012,208.477366255144,0.009533104374109487,1.0000000000000002,1.0,1.0,16,8,1.9867693897195748,1,10,balanced,0,0,16,16,False,,1.9867693897195748,False,False,False,True,0,605,43,1,0,energy
1784681843199.016,0.8,0.1,0.1,693.1491365777081,737.2222222222222,0.1386298273155416,148.07833627278072,192.81452087007642,0.009211363327070095,1.0000000000000002,1.0,1.0,17,8,1.9881750018148596,1,10,balanced,0,0,17,17,False,,1.9881750018148596,False,False,False,True,0,606,43,1,0,energy
1784681846227.953,0.8,0.1,0.1,676.1255886970173,716.3333333333334,0.13522511773940346,171.79803735359286,229.40340523673856,0.010793731644669303,0.9958718530147105,0.9958847736625516,0.9958718530147105,19,8,1.9903277179454812,1,10,balanced,0,0,19,19,False,,1.9903277179454812,False,False,False,True,0,607,43,1,0,energy
1784681849269.357,0.8,0.1,0.1,669.52590266876,707.8888888888889,0.133905180533752,221.5623162845385,297.8468547912993,0.01411356346127675,1.0000000000000002,1.0,1.0,20,8,1.9914644992268706,1,10,balanced,0,0,20,20,False,,1.9914644992268706,False,False,False,True,0,608,43,1,0,energy
1784681852196.6829,0.8,0.1,0.1,657.6106750392465,691.4444444444445,0.13152213500784932,218.74327318771765,290.04273504273505,0.0139255018804348,0.9940694226408515,0.9958847736625513,0.9940694226408515,22,8,1.9927966840697622,1,10,balanced,0,0,22,22,False,,1.9927966840697622,False,False,False,True,0,609,43,1,0,energy
1784681855134.288,0.8,0.1,0.1,652.2857142857143,685.6666666666666,0.13045714285714285,218.63434405101071,283.6938678605345,0.013918235093463023,0.9958718530147105,0.9958847736625516,0.9958718530147105,23,8,1.9938296475064106,1,10,balanced,0,0,23,23,False,,1.9938296475064106,False,False,False,True,0,610,43,1,0,energy
1784681858069.592,0.8,0.1,0.1,645.0659340659341,675.7777777777778,0.12901318681318683,200.76719576719574,260.5878894767783,0.01272629724931259,1.0000000000000002,1.0,1.0,25,8,1.9955168208245193,1,10,balanced,0,0,25,25,False,,1.9955168208245193,False,False,False,True,0,611,43,1,0,energy
1784681863974.212,0.8,0.1,0.1,642.6185243328101,671.1111111111111,0.12852370486656203,236.602733686067,289.6384479717813,0.015116926863646898,1.0000000000000002,1.0,1.0,26,8,1.9956693434203856,1,10,balanced,0,0,26,26,False,,1.9956693434203856,False,False,False,True,0,612,43,1,0,energy
1784681866904.122,0.8,0.1,0.1,633.1193092621666,660.1111111111111,0.12662386185243332,235.14641488779418,306.6023535851122,0.015019774175303147,1.0000000000000002,1.0,1.0,28,8,1.997198933100523,1,10,balanced,0,0,28,28,False,,1.997198933100523,False,False,False,True,0,613,43,1,0,energy
1784681869743.784,0.8,0.1,0.1,630.1397174254319,656.2222222222222,0.12602794348508636,262.90123456790127,330.4938271604939,0.016871329857765262,1.0000000000000002,1.0,1.0,29,8,1.9974905122261544,1,10,balanced,0,0,29,29,False,,1.9974905122261544,False,False,False,True,0,614,43,1,0,energy
1784681872578.511,0.8,0.1,0.1,621.973312401884,645.7777777777778,0.1243946624803768,290.1587301587302,366.2433862433862,0.01868970848290395,1.0000000000000002,1.0,1.0,32,8,1.9986152991674082,1,10,balanced,0,0,32,32,False,,1.9986152991674082,False,False,False,True,0,615,43,1,0,energy
1784681875415.25,0.8,0.1,0.1,616.0753532182105,638.4444444444445,0.1232150706436421,316.2889983579639,393.8875205254516,0.02043288848285283,1.0000000000000002,1.0,1.0,34,8,1.999384654636801,1,10,balanced,0,0,34,34,False,,1.999384654636801,False,False,False,True,0,616,43,1,0,energy
1784681878249.733,0.8,0.1,0.1,614.7331240188383,637.1111111111111,0.12294662480376767,345.76940035273367,445.08818342151676,0.022399559730002246,1.0000000000000002,1.0,1.0,35,8,1.9994027441839857,1,10,balanced,0,0,35,35,False,,1.9994027441839857,False,False,False,True,0,617,43,1,0,energy
1784681881090.1958,0.8,0.1,0.1,609.2731554160126,630.5555555555555,0.12185463108320252,349.429012345679,440.0808348030571,0.02264369662079246,1.0000000000000002,1.0,1.0,37,8,2.0002519254713587,1,10,balanced,0,0,37,37,False,,2.0002519254713587,False,False,False,True,0,618,43,1,0,energy
1784681883923.596,0.8,0.1,0.1,608.8775510204082,629.3333333333334,0.12177551020408164,361.3168724279836,471.4124044679601,0.023436749328084296,1.0000000000000002,1.0,1.0,38,8,2.000235916903926,1,10,balanced,0,0,38,38,False,,2.000235916903926,False,False,False,True,0,619,43,1,0,energy
1784681886765.837,0.8,0.1,0.1,604.8241758241759,624.6666666666666,0.12096483516483518,352.83730158730157,459.80158730158723,0.022871067484142867,0.9905267146646459,0.9923371647509579,0.9905267146646459,40,8,1.9999936965861822,1,10,balanced,0,0,40,40,False,,1.9999936965861822,False,False,False,True,0,620,43,1,0,energy
1784681889501.883,0.8,0.1,0.1,602.3924646781791,621.7777777777778,0.12047849293563581,412.4058246280468,525.9892371003483,0.026844951609609525,0.9940694226408515,0.9958847736625513,0.9940694226408515,41,8,2.0003396527546156,1,10,balanced,0,0,41,41,False,,2.0003396527546156,False,False,False,True,0,621,43,1,0,energy
1784681892240.8928,0.8,0.1,0.1,604.5353218210362,622.4444444444445,0.12090706436420724,431.8959435626102,559.9808935920048,0.02814515967729221,1.0000000000000002,1.0,1.0,43,8,2.000459832540905,1,10,balanced,0,0,43,43,False,,2.000459832540905,False,False,False,True,0,622,43,1,0,energy
1784681897905.293,0.8,0.1,0.1,600.8210361067504,618.5555555555555,0.12016420722135009,434.59322570433676,561.9848053181386,0.02832509844591973,1.0000000000000002,1.0,1.0,44,8,2.001036124378328,1,10,balanced,0,0,44,44,False,,2.001036124378328,False,False,False,True,0,623,43,1,0,energy
1784681900638.736,0.8,0.1,0.1,597.697017268446,614.4444444444445,0.11953940345368919,443.5802469135802,558.724279835391,0.02892463288282723,1.0000000000000002,1.0,1.0,46,8,2.001476013948766,1,10,balanced,0,0,46,46,False,,2.001476013948766,False,False,False,True,0,624,43,1,0,energy
1784681903380.249,0.8,0.1,0.1,597.7551020408164,614.4444444444445,0.11955102040816327,456.57113462669014,574.4841269841269,0.02979126982166045,1.0000000000000002,1.0,1.0,47,8,2.0013800566913034,1,10,balanced,0,0,47,47,False,,2.0013800566913034,False,False,False,True,0,625,43,1,0,energy
1784681906118.182,0.8,0.1,0.1,595.6750392464678,611.1111111111111,0.11913500784929357,513.8058495002938,627.9129923574368,0.03360946294198091,1.0000000000000002,1.0,1.0,49,8,2.0013310474263672,1,10,balanced,0,0,49,49,False,,2.0013310474263672,False,False,False,True,0,626,43,1,0,energy
1784681908854.781,0.8,0.1,0.1,592.3908948194663,608.2222222222222,0.11847817896389326,546.668035030104,658.3004926108374,0.03580173682655797,1.0000000000000002,1.0,1.0,50,8,2.0016372831462297,1,10,balanced,0,0,50,50,False,,2.0016372831462297,False,False,False,True,0,627,43,1,0,energy
1784681911596.078,0.8,0.1,0.1,591.9544740973314,607.4444444444445,0.11839089481946628,557.4521072796935,699.6839080459771,0.03652115458837181,1.0000000000000002,1.0,1.0,52,8,2.0016351686855898,1,10,balanced,0,0,52,52,False,,2.0016351686855898,False,False,False,True,0,628,43,1,0,energy
1784681914337.302,0.8,0.1,0.1,590.3265306122449,604.6666666666666,0.11806530612244899,550.7576425631981,702.1325690770135,0.03607455921035344,1.0000000000000002,1.0,1.0,53,8,2.0019402991810056,1,10,balanced,0,0,53,53,False,,2.0019402991810056,False,False,False,True,0,629,43,1,0,energy
1784681917075.42,0.8,0.1,0.1,587.6624803767661,601.8888888888889,0.11753249607535322,592.0171957671957,744.7751322751323,0.03882703107186096,1.0000000000000002,1.0,1.0,55,8,2.0020913000325313,1,10,balanced,0,0,55,55,False,,2.0020913000325313,False,False,False,True,0,630,43,1,0,energy
1784681919813.588,0.8,0.1,0.1,589.3202511773941,603.5555555555555,0.11786405023547881,595.9126984126983,741.6269841269841,0.039086904497178006,1.0000000000000002,1.0,1.0,56,8,2.001800069361899,1,10,balanced,0,0,56,56,False,,2.001800069361899,False,False,False,True,0,631,43,1,0,energy
1784681922552.368,0.8,0.1,0.1,586.2825745682889,600.1111111111111,0.11725651491365777,1958.7556527834306,2271.6723194500973,0.13000371266066915,0.9880578605068403,0.988095238095238,0.9880578605068403,58,8,1.992000202853691,1,10,balanced,0,0,58,58,False,,1.992000202853691,False,False,False,True,0,632,43,1,0,energy
1784681925291.62,0.8,0.1,0.1,584.8257456828886,598.3333333333334,0.11696514913657773,580.2546676397251,726.6777656145473,0.03804233940224984,1.0000000000000002,1.0,1.0,59,8,2.002623646750513,1,10,balanced,0,0,59,59,False,,2.002623646750513,False,False,False,True,0,633,43,1,0,energy
1784681927928.329,0.8,0.1,0.1,583.3233908948196,597.0,0.11666467817896391,667.7833175055396,833.9664450775563,0.04388147548402532,1.0000000000000002,1.0,1.0,61,8,2.002280109908426,1,10,balanced,0,0,61,61,False,,2.002280109908426,False,False,False,True,0,634,43,1,0,energy
1784681933635.247,0.8,0.1,0.1,579.8916797488226,592.2222222222222,0.11597833594976453,624.2857142857142,783.5714285714286,0.04097970075288287,1.0000000000000002,1.0,1.0,64,8,2.0031193611649,1,10,balanced,0,0,64,64,False,,2.0031193611649,False,False,False,True,0,635,43,1,0,energy
1784681936370.74,0.8,0.1,0.1,580.6216640502356,592.3333333333334,0.11612433281004712,645.031599059377,821.3212815990594,0.042363682392219944,1.0000000000000002,1.0,1.0,65,8,2.00286416551274,1,10,balanced,0,0,65,65,False,,2.00286416551274,False,False,False,True,0,636,43,1,0,energy
1784681939009.532,0.8,0.1,0.1,580.3076923076924,591.7777777777778,0.11606153846153848,735.8918961696739,915.0047483380816,0.04842507646228646,1.0000000000000002,1.0,1.0,67,8,2.0023082615845404,1,10,balanced,0,0,67,67,False,,2.0023082615845404,False,False,False,True,0,637,43,1,0,energy
1784681941646.186,0.8,0.1,0.1,578.38147566719,590.1111111111111,0.115676295133438,720.4226020892687,880.6663501107946,0.04739310220742286,1.0000000000000002,1.0,1.0,68,8,2.002719653672507,1,10,balanced,0,0,68,68,False,,2.002719653672507,False,False,False,True,0,638,43,1,0,energy
1784681944285.5251,0.8,0.1,0.1,577.0533751962323,588.6666666666666,0.11541067503924646,698.4401709401709,883.5058562836341,0.045926629148777244,1.0000000000000002,1.0,1.0,68,8,2.003078797053725,1,10,balanced,0,2,70,68,True,requested_slotframe_above_max (70 > 68),2.003078797053725,False,False,False,True,0,639,43,1,0,energy
1784681946913.755,0.8,0.1,0.1,579.3736263736264,590.6666666666666,0.11587472527472528,633.0318138651472,818.5802469135801,0.041563163033031834,1.0000000000000002,1.0,1.0,68,8,2.0031439034769165,1,10,balanced,0,2,70,68,True,requested_slotframe_above_max (70 > 68),2.0031439034769165,False,False,False,True,0,640,43,1,0,energy
1784681949654.4321,0.8,0.1,0.1,577.839874411303,589.8888888888889,0.11556797488226059,669.2364532019704,841.0919540229884,0.04397841582401404,1.0000000000000002,1.0,1.0,68,8,2.00314777851179,1,10,balanced,0,2,70,68,True,requested_slotframe_above_max (70 > 68),2.00314777851179,False,False,False,True,0,641,43,1,0,energy
1784681952392.72,0.8,0.1,0.1,580.6483516483516,592.4444444444445,0.11612967032967032,654.796113847838,841.0618500273673,0.043015084312731024,1.0000000000000002,1.0,1.0,68,8,2.0027947553049907,1,10,balanced,0,2,70,68,True,requested_slotframe_above_max (70 > 68),2.0027947553049907,False,False,False,True,0,642,43,1,0,energy
1784681955029.024,0.8,0.1,0.1,578.4866562009419,591.1111111111111,0.11569733124018837,735.9647040202595,927.4992086103198,0.04842993355705534,1.0000000000000002,1.0,1.0,68,8,2.002599141652144,1,10,balanced,0,2,70,68,True,requested_slotframe_above_max (70 > 68),2.002599141652144,False,False,False,True,0,643,43,1,0,energy
1784681957764.61,0.8,0.1,0.1,580.0251177394035,591.5555555555555,0.11600502354788071,732.9041740152851,918.1951793062904,0.048225762109091734,1.0000000000000002,1.0,1.0,68,8,2.002373404950786,1,10,balanced,0,2,70,68,True,requested_slotframe_above_max (70 > 68),2.002373404950786,False,False,False,True,0,644,43,1,0,energy
1784681960491.387,0.8,0.1,0.1,579.6514913657772,591.3333333333334,0.11593029827315544,660.1278659611993,857.1987066431511,0.0433707715784656,1.0000000000000002,1.0,1.0,68,8,2.002918684223629,1,10,balanced,0,2,70,68,True,requested_slotframe_above_max (70 > 68),2.002918684223629,False,False,False,True,0,645,43,1,0,energy
1784681963122.869,0.8,0.1,0.1,578.945054945055,590.4444444444445,0.115789010989011,737.1454574232353,919.1658752769864,0.0485087029635247,1.0000000000000002,1.0,1.0,68,8,2.002517920912439,1,10,balanced,0,2,70,68,True,requested_slotframe_above_max (70 > 68),2.002517920912439,False,False,False,True,0,646,43,1,0,energy
1784681968783.867,0.8,0.1,0.1,579.4819466248038,591.2222222222222,0.11589638932496076,674.2884510125889,865.3434592227696,0.04431544036107998,1.0000000000000002,1.0,1.0,68,8,2.0028513445039233,1,10,balanced,0,2,70,68,True,requested_slotframe_above_max (70 > 68),2.0028513445039233,False,False,False,True,0,647,43,1,0,energy
1784681971426.532,0.8,0.1,0.1,579.2825745682889,590.3333333333334,0.11585651491365777,727.6970560303893,883.1782209559988,0.04787838932824478,1.0000000000000002,1.0,1.0,68,8,2.002526949136249,1,10,balanced,0,2,70,68,True,requested_slotframe_above_max (70 > 68),2.002526949136249,False,False,False,True,0,648,43,1,0,energy
1784681974061.885,0.8,0.1,0.1,578.2276295133439,590.2222222222222,0.11564552590266879,607.6867679645458,789.267173156062,0.0398723661083753,1.0000000000000002,1.0,1.0,68,8,2.0034963426670274,1,10,balanced,0,2,70,68,True,requested_slotframe_above_max (70 > 68),2.0034963426670274,False,False,False,True,0,649,43,1,0,energy
1784681976800.081,0.8,0.1,0.1,579.2040816326531,590.7777777777778,0.11584081632653062,719.8227969348658,894.5457033388069,0.04735308852133861,1.0000000000000002,1.0,1.0,68,8,2.0025920380866418,1,10,balanced,0,2,70,68,True,requested_slotframe_above_max (70 > 68),2.0025920380866418,False,False,False,True,0,650,43,1,0,energy
1784681979428.9639,0.8,0.1,0.1,578.3971742543171,589.8888888888889,0.11567943485086342,646.19341563786,816.6666666666666,0.042441188501525014,1.0000000000000002,1.0,1.0,68,8,2.0032123332691567,1,10,balanced,0,2,70,68,True,requested_slotframe_above_max (70 > 68),2.0032123332691567,False,False,False,True,0,651,43,1,0,energy
1784681982167.919,0.8,0.1,0.1,579.9136577708007,590.8888888888889,0.11598273155416014,695.3940886699507,866.647509578544,0.045723421525680506,1.0000000000000002,1.0,1.0,68,8,2.002641472604104,1,10,balanced,0,2,70,68,True,requested_slotframe_above_max (70 > 68),2.002641472604104,False,False,False,True,0,652,43,1,0,energy
1784681984908.9192,0.8,0.1,0.1,578.2637362637364,590.0,0.11565274725274728,710.0607654726429,874.5262928500476,0.04670185226635376,0.9942812289751068,0.9960317460317462,0.9942812289751068,68,8,2.0022357398686776,1,10,balanced,0,2,70,68,True,requested_slotframe_above_max (70 > 68),2.0022357398686776,False,False,False,True,0,653,43,1,0,energy
1784681987647.421,0.8,0.1,0.1,578.116169544741,590.3333333333334,0.11562323390894819,705.9934318555008,885.0643130815545,0.04643051580090066,1.0000000000000002,1.0,1.0,68,8,2.0028583612927515,1,10,balanced,0,2,70,68,True,requested_slotframe_above_max (70 > 68),2.0028583612927515,False,False,False,True,0,654,43,1,0,energy
1784681990374.74,0.8,0.1,0.1,577.6938775510205,588.7777777777778,0.1155387755102041,733.8765482778892,913.836840398143,0.048290630305396216,1.0000000000000002,1.0,1.0,68,8,2.002739916561297,1,10,balanced,0,2,70,68,True,requested_slotframe_above_max (70 > 68),2.002739916561297,False,False,False,True,0,655,43,1,0,energy
1784681993014.8809,0.8,0.1,0.1,578.5886970172686,590.7777777777778,0.11571773940345371,728.4979423868313,901.5637860082304,0.047931817370702554,1.0000000000000002,1.0,1.0,68,8,2.0026326267401666,1,10,balanced,0,2,70,68,True,requested_slotframe_above_max (70 > 68),2.0026326267401666,False,False,False,True,0,656,43,1,0,energy
1784681995651.66,0.8,0.1,0.1,579.1318681318681,590.8888888888889,0.11582637362637363,689.7150997150998,857.6369104146883,0.045344569694136076,1.0000000000000002,1.0,1.0,68,8,2.0028044441294877,1,10,balanced,0,2,70,68,True,requested_slotframe_above_max (70 > 68),2.0028044441294877,False,False,False,True,0,657,43,1,0,energy
1784681998290.0989,0.8,0.1,0.1,578.8084772370487,590.6666666666666,0.11576169544740973,672.4537037037037,860.2469135802469,0.044193042275096975,1.0000000000000002,1.0,1.0,68,8,2.0029713394145627,1,10,balanced,0,2,70,68,True,requested_slotframe_above_max (70 > 68),2.0029713394145627,False,False,False,True,0,658,43,1,0,energy
1784682003885.742,0.8,0.1,0.1,579.7755102040817,591.5555555555555,0.11595510204081634,710.6014561570117,854.710351377018,0.046737922358706586,0.9899412756555617,0.9917695473251028,0.9899412756555617,68,8,2.0015562536970326,1,10,balanced,0,2,70,68,True,requested_slotframe_above_max (70 > 68),2.0015562536970326,False,False,False,True,0,659,43,1,0,energy
1784682006524.385,0.8,0.1,0.1,578.1130298273156,590.2222222222222,0.11562260596546312,674.6296296296296,861.5637860082304,0.044338200775825856,1.0000000000000002,1.0,1.0,68,8,2.003068095150047,1,10,balanced,0,2,70,68,True,requested_slotframe_above_max (70 > 68),2.003068095150047,False,False,False,True,0,660,43,1,0,energy
1784682009370.846,0.8,0.1,0.1,544.3453689167975,522.8888888888889,0.1088690737833595,646.9444444444445,856.9737156511351,0.04249129048995627,0.9419152276295135,0.8888888888888888,0.9419152276295135,68,8,2.002847134687268,1,10,balanced,0,2,70,68,True,requested_slotframe_above_max (70 > 68),2.002847134687268,False,False,False,True,0,661,43,1,0,energy
1784682012110.482,0.8,0.1,0.1,579.8838304552592,591.5555555555555,0.11597676609105183,726.222075249853,929.8265726043505,0.047779991677775385,0.9942812289751068,0.9960317460317462,0.9942812289751068,68,8,2.0018687108568916,1,10,balanced,0,2,70,68,True,requested_slotframe_above_max (70 > 68),2.0018687108568916,False,False,False,True,0,662,43,1,0,energy
1784682014846.626,0.8,0.1,0.1,579.8273155416014,591.6666666666666,0.11596546310832027,693.9807466196355,870.3453850676074,0.04562913586521918,1.0000000000000002,1.0,1.0,68,8,2.002664715926822,1,10,balanced,0,2,70,68,True,requested_slotframe_above_max (70 > 68),2.002664715926822,False,False,False,True,0,663,43,1,0,energy
1784682017489.0771,0.8,0.1,0.1,578.9387755102041,591.0,0.11578775510204081,705.633903133903,879.3083254194366,0.046406531229746695,1.0000000000000002,1.0,1.0,68,8,2.002729142795393,1,10,balanced,0,2,70,68,True,requested_slotframe_above_max (70 > 68),2.002729142795393,False,False,False,True,0,664,43,1,0,energy
1784682020126.632,0.8,0.1,0.1,579.956043956044,591.6666666666666,0.1159912087912088,721.2258626147515,897.1430832541944,0.047446688633405704,1.0000000000000002,1.0,1.0,68,8,2.0024623641036925,1,10,balanced,0,2,70,68,True,requested_slotframe_above_max (70 > 68),2.0024623641036925,False,False,False,True,0,665,43,1,0,energy
1784682022762.722,0.8,0.1,0.1,580.3092621664051,592.1111111111111,0.11606185243328103,690.0867136978247,862.6984126984128,0.045369360486846214,1.0000000000000002,1.0,1.0,68,8,2.0026135820046904,1,10,balanced,0,2,70,68,True,requested_slotframe_above_max (70 > 68),2.0026135820046904,False,False,False,True,0,666,43,1,0,energy
1784682025396.7568,0.8,0.1,0.1,579.0784929356358,591.4444444444445,0.11581569858712716,685.787037037037,862.5778953556731,0.04508252415190373,1.0000000000000002,1.0,1.0,68,8,2.002839188715108,1,10,balanced,0,2,70,68,True,requested_slotframe_above_max (70 > 68),2.002839188715108,False,False,False,True,0,667,43,1,0,energy
1784682028136.624,0.8,0.1,0.1,584.1597682119206,587.1111111111111,0.1168319536423841,4344.428920480088,4371.737006784901,0.2891546978305596,0.9662792273004243,0.9726225952279592,0.9662792273004243,68,8,1.9742468900330792,1,10,balanced,0,2,70,68,True,requested_slotframe_above_max (70 > 68),1.9742468900330792,False,False,False,True,0,668,43,1,0,energy
1784682030877.9668,0.8,0.1,0.1,580.6671899529043,592.6666666666666,0.11613343799058086,667.8769841269841,827.2619047619048,0.04388772409119307,1.0000000000000002,1.0,1.0,68,8,2.002704477198416,1,10,balanced,2,2,68,68,False,,2.002704477198416,False,False,False,True,0,669,43,1,0,energy
1784682033511.492,0.8,0.1,0.1,581.243328100471,592.3333333333334,0.1162486656200942,620.5908289241622,787.0664315108759,0.04073321073543444,1.0000000000000002,1.0,1.0,68,8,2.002927746430381,1,10,balanced,0,2,70,68,True,requested_slotframe_above_max (70 > 68),2.002927746430381,False,False,False,True,0,670,43,1,0,energy
1784682036151.072,0.8,0.1,0.1,579.5949764521193,590.8888888888889,0.11591899529042386,605.5555555555555,794.1152263374486,0.03973019049736862,1.0000000000000002,1.0,1.0,68,8,2.003291784717924,1,10,balanced,0,2,70,68,True,requested_slotframe_above_max (70 > 68),2.003291784717924,False,False,False,True,0,671,43,1,0,energy
1784682041860.043,0.8,0.1,0.1,580.5996860282576,592.7777777777778,0.11611993720565152,679.6079638752052,843.6206896551724,0.0446703111324353,1.0000000000000002,1.0,1.0,68,8,2.0026370191222354,1,10,balanced,0,2,70,68,True,requested_slotframe_above_max (70 > 68),2.0026370191222354,False,False,False,True,0,672,43,1,0,energy
1784682044897.9102,0.8,0.1,0.1,424.09733124018845,462.3333333333333,0.08481946624803768,483.5502645502645,587.7848324514991,0.031591078355588026,0.7284144427001571,0.7777777777777778,0.7284144427001571,68,8,2.0018267634360267,1,10,balanced,0,2,70,68,True,requested_slotframe_above_max (70 > 68),2.0018267634360267,False,False,False,True,0,673,43,1,0,energy
1784682047539.716,0.8,0.1,0.1,579.337519623234,590.7777777777778,0.1158675039246468,678.0215257993035,842.6258309591643,0.044564478038646,1.0000000000000002,1.0,1.0,68,8,2.002849549056418,1,10,balanced,0,2,70,68,True,requested_slotframe_above_max (70 > 68),2.002849549056418,False,False,False,True,0,674,43,1,0,energy
1784682050280.626,0.8,0.1,0.1,580.5039246467818,591.7777777777778,0.11610078492935635,748.9703065134099,921.3368910782704,0.049297552135651096,1.0000000000000002,1.0,1.0,68,8,2.0021896168429496,1,10,balanced,0,2,70,68,True,requested_slotframe_above_max (70 > 68),2.0021896168429496,False,False,False,True,0,675,43,1,0,energy
1784682088425.017,0.8,0.1,0.1,576.9843014128729,588.7777777777778,0.11539686028257458,737.9438565549677,910.7245737801293,0.048561965080384774,0.980488898856246,0.9841269841269842,0.980488898856246,68,8,2.0008752051515266,1,10,balanced,0,2,70,68,True,requested_slotframe_above_max (70 > 68),2.0008752051515266,False,False,False,True,1,676,43,1,0,energy
1784682091163.379,0.8,0.1,0.1,578.5227629513345,589.5555555555555,0.1157045525902669,683.8362068965517,856.2192118226601,0.044952382047801984,1.0000000000000002,1.0,1.0,68,8,2.0029411197230065,1,10,balanced,0,2,70,68,True,requested_slotframe_above_max (70 > 68),2.0029411197230065,False,False,False,True,0,677,43,1,0,energy
1784682093902.3162,0.8,0.1,0.1,577.4882260596547,588.8888888888889,0.11549764521193094,710.2182539682539,892.047071702244,0.046712358503552626,1.0000000000000002,1.0,1.0,68,8,2.0029306479801,1,10,balanced,0,2,70,68,True,requested_slotframe_above_max (70 > 68),2.0029306479801,False,False,False,True,0,678,43,1,0,energy
1784682096539.682,0.8,0.1,0.1,577.475667189953,589.1111111111111,0.1154951334379906,738.9917695473251,907.2839506172838,0.04863187255152269,1.0000000000000002,1.0,1.0,68,8,2.002740705994455,1,10,balanced,0,2,70,68,True,requested_slotframe_above_max (70 > 68),2.002740705994455,False,False,False,True,0,679,43,1,0,energy
1784682099181.072,0.8,0.1,0.1,579.5259026687598,591.2222222222222,0.11590518053375197,666.1855017410572,831.301044634378,0.043774883371651585,1.0000000000000002,1.0,1.0,68,8,2.0028983672358334,1,10,balanced,0,2,70,68,True,requested_slotframe_above_max (70 > 68),2.0028983672358334,False,False,False,True,0,680,43,1,0,energy
1784682101915.262,0.8,0.1,0.1,578.2590266875982,590.2222222222222,0.11565180533751963,720.1984126984127,902.063492063492,0.04737814627741245,1.0000000000000002,1.0,1.0,68,8,2.002740741102243,1,10,balanced,0,2,70,68,True,requested_slotframe_above_max (70 > 68),2.002740741102243,False,False,False,True,0,681,43,1,0,energy
1784682104654.124,0.8,0.1,0.1,580.2731554160126,591.7777777777778,0.11605463108320252,719.1235632183907,882.3125342090859,0.04730644184245435,1.0000000000000002,1.0,1.0,68,8,2.0024256509491924,1,10,balanced,0,2,70,68,True,requested_slotframe_above_max (70 > 68),2.0024256509491924,False,False,False,True,0,682,43,1,0,energy
1784682110347.369,0.8,0.1,0.1,580.6106750392465,592.0,0.1161221350078493,670.2093596059112,834.4526546250685,0.044043319520074134,1.0000000000000002,1.0,1.0,68,8,2.002697960041713,1,10,balanced,0,2,70,68,True,requested_slotframe_above_max (70 > 68),2.002697960041713,False,False,False,True,0,683,43,1,0,energy
1784682113385.665,0.8,0.1,0.1,425.1365777080063,463.44444444444446,0.08502731554160126,584.2894491129786,675.7703081232493,0.038311504277049935,0.7284144427001571,0.7777777777777778,0.7284144427001571,68,8,2.0009884414090298,1,10,balanced,0,2,70,68,True,requested_slotframe_above_max (70 > 68),2.0009884414090298,False,False,False,True,0,684,43,1,0,energy
1784682116024.086,0.8,0.1,0.1,580.5384615384615,591.6666666666666,0.11610769230769231,693.6585944919278,850.7296612852167,0.045607644729281374,1.0000000000000002,1.0,1.0,68,8,2.002553081680918,1,10,balanced,0,2,70,68,True,requested_slotframe_above_max (70 > 68),2.002553081680918,False,False,False,True,0,685,43,1,0,energy
1784682119362.955,0.8,0.1,0.1,333.0612244897959,402.3333333333333,0.06661224489795918,463.6036324786325,462.53418803418805,0.03026041577575934,0.5604395604395604,0.6666666666666666,0.5604395604395604,68,8,1.9997281185480127,1,10,balanced,0,2,70,68,True,requested_slotframe_above_max (70 > 68),1.9997281185480127,False,False,False,True,0,686,43,1,0,energy
1784682122106.62,0.8,0.1,0.1,578.6169544740974,589.8888888888889,0.11572339089481948,721.7159277504105,878.3032293377122,0.04747938143765247,1.0000000000000002,1.0,1.0,68,8,2.002673349140379,1,10,balanced,0,2,70,68,True,requested_slotframe_above_max (70 > 68),2.002673349140379,False,False,False,True,0,687,43,1,0,energy
1784682124848.987,0.8,0.1,0.1,580.541601255887,591.6666666666666,0.1161083202511774,757.9365079365078,913.8888888888889,0.04989569766087444,1.0000000000000002,1.0,1.0,68,8,2.0021237740329707,1,10,balanced,0,2,70,68,True,requested_slotframe_above_max (70 > 68),2.0021237740329707,False,False,False,True,0,688,43,1,0,energy
1784682127593.055,0.8,0.1,0.1,580.2291993720567,592.2222222222222,0.11604583987441133,774.5853858784893,965.1806239737275,0.051006363300766466,1.0000000000000002,1.0,1.0,68,8,2.0020626917703943,1,10,balanced,0,2,70,68,True,requested_slotframe_above_max (70 > 68),2.0020626917703943,False,False,False,True,0,689,43,1,0,energy
1784682130326.65,0.8,0.1,0.1,581.5384615384615,592.4444444444445,0.1163076923076923,695.079365079365,850.008210180624,0.04570242595592828,1.0000000000000002,1.0,1.0,68,8,2.002383603558253,1,10,balanced,0,2,70,68,True,requested_slotframe_above_max (70 > 68),2.002383603558253,False,False,False,True,0,690,43,1,0,energy
1784682132956.475,0.8,0.1,0.1,579.6310832025117,591.7777777777778,0.11592621664050234,681.7410572966128,845.7027540360873,0.04481261222792614,1.0000000000000002,1.0,1.0,68,8,2.0027777654648053,1,10,balanced,0,2,70,68,True,requested_slotframe_above_max (70 > 68),2.0027777654648053,False,False,False,True,0,691,43,1,0,energy
1784682135692.875,0.8,0.1,0.1,579.7331240188383,591.4444444444445,0.11594662480376766,816.7239858906524,972.3824221046442,0.053817477377628584,1.0000000000000002,1.0,1.0,68,8,2.0018609524192232,1,10,balanced,0,2,70,68,True,requested_slotframe_above_max (70 > 68),2.0018609524192232,False,False,False,True,0,692,43,1,0,energy
1784682138319.448,0.8,0.1,0.1,580.287284144427,591.1111111111111,0.1160574568288854,725.8768597657487,896.8027856916747,0.04775696195902259,1.0000000000000002,1.0,1.0,68,8,2.002378338340989,1,10,balanced,0,2,70,68,True,requested_slotframe_above_max (70 > 68),2.002378338340989,False,False,False,True,0,693,43,1,0,energy
1784682140953.283,0.8,0.1,0.1,581.1208791208792,592.3333333333334,0.11622417582417584,761.170465337132,912.8759100981323,0.05011143864824096,0.9940694226408515,0.9958847736625513,0.9940694226408515,68,8,2.0014164577399205,1,10,balanced,0,2,70,68,True,requested_slotframe_above_max (70 > 68),2.0014164577399205,False,False,False,True,0,694,43,1,0,energy
1784682146662.185,0.8,0.1,0.1,580.0675039246469,591.6666666666666,0.11601350078492938,631.0741652983031,807.2673782156542,0.04143256606392949,1.0000000000000002,1.0,1.0,68,8,2.0030459427656635,1,10,balanced,0,2,70,68,True,requested_slotframe_above_max (70 > 68),2.0030459427656635,False,False,False,True,0,695,43,1,0,energy
1784682149401.019,0.8,0.1,0.1,579.5400313971743,591.0,0.11590800627943486,703.0275041050902,874.467706622879,0.04623265537725752,1.0000000000000002,1.0,1.0,68,8,2.0026503294387266,1,10,balanced,0,2,70,68,True,requested_slotframe_above_max (70 > 68),2.0026503294387266,False,False,False,True,0,696,43,1,0,energy
1784682152139.076,0.8,0.1,0.1,580.5494505494506,592.3333333333334,0.11610989010989013,657.3824221046443,832.6396237507347,0.04318761988690089,1.0000000000000002,1.0,1.0,68,8,2.0027933259233976,1,10,balanced,0,2,70,68,True,requested_slotframe_above_max (70 > 68),2.0027933259233976,False,False,False,True,0,697,43,1,0,energy
1784682154776.0042,0.8,0.1,0.1,581.1177394034537,592.3333333333334,0.11622354788069074,643.6901370234704,818.5736896848008,0.0422741919295177,0.9940694226408515,0.9958847736625513,0.9940694226408515,68,8,2.002200684766581,1,10,balanced,0,2,70,68,True,requested_slotframe_above_max (70 > 68),2.002200684766581,False,False,False,True,0,698,43,1,0,energy
1784682157416.514,0.8,0.1,0.1,579.7048665620094,591.3333333333334,0.11594097331240188,659.5855379188712,846.413874191652,0.043334592256095476,1.0000000000000002,1.0,1.0,68,8,2.002913762124469,1,10,balanced,0,2,70,68,True,requested_slotframe_above_max (70 > 68),2.002913762124469,False,False,False,True,0,699,43,1,0,energy
1784682160153.434,0.8,0.1,0.1,580.1601255886972,592.1111111111111,0.11603202511773943,671.5811439518336,826.505199781062,0.04413483281866802,1.0000000000000002,1.0,1.0,68,8,2.0027608966239416,1,10,balanced,0,2,70,68,True,requested_slotframe_above_max (70 > 68),2.0027608966239416,False,False,False,True,0,700,43,1,0,energy
1784682162909.043,0.8,0.1,0.1,579.3673469387755,591.3333333333334,0.11587346938775511,767.8174603174602,954.0079365079366,0.050554867266008024,1.0000000000000002,1.0,1.0,68,8,2.0022457377631953,1,10,balanced,0,2,70,68,True,requested_slotframe_above_max (70 > 68),2.0022457377631953,False,False,False,True,0,701,43,1,0,energy
1784682165640.9048,0.8,0.1,0.1,579.4379905808478,590.2222222222222,0.11588759811616955,781.7302955665025,937.5410509031198,0.051483008376684625,1.0000000000000002,1.0,1.0,68,8,2.002141620669396,1,10,balanced,0,2,70,68,True,requested_slotframe_above_max (70 > 68),2.002141620669396,False,False,False,True,0,702,43,1,0,energy
1784682168279.3901,0.8,0.1,0.1,578.4709576138148,590.1111111111111,0.11569419152276296,703.1069958847736,879.7942386831276,0.04623795836456128,1.0000000000000002,1.0,1.0,68,8,2.0028208509453336,1,10,balanced,0,2,70,68,True,requested_slotframe_above_max (70 > 68),2.0028208509453336,False,False,False,True,0,703,43,1,0,energy
1784682170923.341,0.8,0.1,0.1,581.1083202511775,592.3333333333334,0.1162216640502355,694.7119341563786,841.6460905349794,0.04567791421990518,1.0000000000000002,1.0,1.0,68,8,2.0024548773378212,1,10,balanced,0,2,70,68,True,requested_slotframe_above_max (70 > 68),2.0024548773378212,False,False,False,True,0,704,43,1,0,energy
1784682173563.256,0.8,0.1,0.1,580.1695447409735,592.4444444444445,0.1160339089481947,685.867136978248,851.463844797178,0.04508786771035677,1.0000000000000002,1.0,1.0,68,8,2.0026640860704084,1,10,balanced,0,2,70,68,True,requested_slotframe_above_max (70 > 68),2.0026640860704084,False,False,False,True,0,705,43,1,0,energy
1784682176206.542,0.8,0.1,0.1,580.9199372056516,592.0,0.11618398744113033,704.275878442545,861.479898702121,0.04631593585340527,1.0000000000000002,1.0,1.0,68,8,2.002421216461755,1,10,balanced,0,2,70,68,True,requested_slotframe_above_max (70 > 68),2.002421216461755,False,False,False,True,0,706,43,1,0,energy
1784682181876.7131,0.8,0.1,0.1,579.835164835165,591.3333333333334,0.11596703296703299,699.2063492063492,852.142857142857,0.045977741774939906,1.0000000000000002,1.0,1.0,68,8,2.0026285994488795,1,10,balanced,0,2,70,68,True,requested_slotframe_above_max (70 > 68),2.0026285994488795,False,False,False,True,0,707,43,1,0,energy
1784682184614.596,0.8,0.1,0.1,579.3751962323391,591.2222222222222,0.11587503924646783,747.063492063492,941.2698412698412,0.04917034636847845,1.0000000000000002,1.0,1.0,68,8,2.0023829339659778,1,10,balanced,0,2,70,68,True,requested_slotframe_above_max (70 > 68),2.0023829339659778,False,False,False,True,0,708,43,1,0,energy
1784682187254.536,0.8,0.1,0.1,577.7252747252747,590.0,0.11554505494505495,805.7288698955366,980.9670781893005,0.05308398064680031,1.0000000000000002,1.0,1.0,68,8,2.002255557979276,1,10,balanced,0,2,70,68,True,requested_slotframe_above_max (70 > 68),2.002255557979276,False,False,False,True,0,709,43,1,0,energy
1784682189989.42,0.8,0.1,0.1,579.4458398744114,591.8888888888889,0.11588916797488227,722.2564313081555,917.5492610837438,0.04751543904657475,1.0000000000000002,1.0,1.0,68,8,2.0025371217154366,1,10,balanced,0,2,70,68,True,requested_slotframe_above_max (70 > 68),2.0025371217154366,False,False,False,True,0,710,43,1,0,energy
1784682192720.948,0.8,0.1,0.1,580.0518053375197,592.0,0.11601036106750394,691.8018812463257,854.1725455614345,0.04548378127060212,1.0000000000000002,1.0,1.0,68,8,2.002643333018937,1,10,balanced,0,2,70,68,True,requested_slotframe_above_max (70 > 68),2.002643333018937,False,False,False,True,0,711,43,1,0,energy
1784682195459.758,0.8,0.1,0.1,579.0266875981163,591.5555555555555,0.11580533751962326,682.9426655719758,897.1866447728517,0.044892772886722866,1.0000000000000002,1.0,1.0,68,8,2.002866452695629,1,10,balanced,0,2,70,68,True,requested_slotframe_above_max (70 > 68),2.002866452695629,False,False,False,True,0,712,43,1,0,energy
1784682198194.033,0.8,0.1,0.1,580.2056514913659,592.1111111111111,0.11604113029827318,747.3638478379856,913.4852216748768,0.04919038344482893,1.0000000000000002,1.0,1.0,68,8,2.0022480574168986,1,10,balanced,0,2,70,68,True,requested_slotframe_above_max (70 > 68),2.0022480574168986,False,False,False,True,0,713,43,1,0,energy
1784682200936.166,0.8,0.1,0.1,579.5400313971743,592.2222222222222,0.11590800627943486,719.1023535851122,887.9720853858785,0.04730502692362323,1.0000000000000002,1.0,1.0,68,8,2.00254309228409,1,10,balanced,0,2,70,68,True,requested_slotframe_above_max (70 > 68),2.00254309228409,False,False,False,True,0,714,43,1,0,energy
1784682203576.7551,0.8,0.1,0.1,580.1114599686028,592.3333333333334,0.11602229199372056,727.693099081988,891.2456473567585,0.047878125355702995,1.0000000000000002,1.0,1.0,68,8,2.002394353869453,1,10,balanced,0,2,70,68,True,requested_slotframe_above_max (70 > 68),2.002394353869453,False,False,False,True,0,715,43,1,0,energy
1784682206311.2458,0.8,0.1,0.1,579.6263736263737,591.6666666666666,0.11592527472527474,618.529541446208,805.4335684891241,0.04059569989634476,1.0000000000000002,1.0,1.0,68,8,2.003200210230146,1,10,balanced,0,2,70,68,True,requested_slotframe_above_max (70 > 68),2.003200210230146,False,False,False,True,0,716,43,1,0,energy
1784682209051.2239,0.8,0.1,0.1,579.8492935635793,592.0,0.11596985871271585,706.7857142857143,896.468253968254,0.04648336986562471,1.0000000000000002,1.0,1.0,68,8,2.002575776043265,1,10,balanced,0,2,70,68,True,requested_slotframe_above_max (70 > 68),2.002575776043265,False,False,False,True,0,717,43,1,0,energy
1784682211679.971,0.8,0.1,0.1,580.1459968602826,591.8888888888889,0.11602919937205652,676.7940804051915,846.3833491611268,0.044482593756183554,1.0000000000000002,1.0,1.0,68,8,2.0027283811267362,1,10,balanced,0,2,70,68,True,requested_slotframe_above_max (70 > 68),2.0027283811267362,False,False,False,True,0,718,43,1,0,energy
1784682217386.6438,0.8,0.1,0.1,579.0094191522763,591.3333333333334,0.11580188383045527,717.2146962233169,885.4378762999453,0.04717909914765289,1.0000000000000002,1.0,1.0,68,8,2.0026405830208707,1,10,balanced,0,2,70,68,True,requested_slotframe_above_max (70 > 68),2.0026405830208707,False,False,False,True,0,719,43,1,0,energy
1784682220123.066,0.8,0.1,0.1,579.8084772370488,591.8888888888889,0.11596169544740977,722.797619047619,879.4047619047619,0.04755154229803996,1.0000000000000002,1.0,1.0,68,8,2.002475489412268,1,10,balanced,0,2,70,68,True,requested_slotframe_above_max (70 > 68),2.002475489412268,False,False,False,True,0,720,43,1,0,energy
1784682222858.3691,0.8,0.1,0.1,579.1036106750392,591.0,0.11582072213500785,620.8757525998905,787.6053639846742,0.04075221831887194,1.0000000000000002,1.0,1.0,68,8,2.0032682004601066,1,10,balanced,0,2,70,68,True,requested_slotframe_above_max (70 > 68),2.0032682004601066,False,False,False,True,0,721,43,1,0,energy
1784682225591.1301,0.8,0.1,0.1,580.8084772370487,592.0,0.11616169544740974,646.2852733686066,833.668430335097,0.04244731643553079,0.9942812289751068,0.9960317460317462,0.9942812289751068,68,8,2.00225403489603,1,10,balanced,0,2,70,68,True,requested_slotframe_above_max (70 > 68),2.00225403489603,False,False,False,True,0,722,43,1,0,energy
1784682228329.4011,0.8,0.1,0.1,579.4144427001571,590.8888888888889,0.11588288854003143,676.8650793650793,870.9058565955118,0.04448733017779048,1.0000000000000002,1.0,1.0,68,8,2.002844956150196,1,10,balanced,0,2,70,68,True,requested_slotframe_above_max (70 > 68),2.002844956150196,False,False,False,True,0,723,43,1,0,energy
1784682231072.0378,0.8,0.1,0.1,578.5400313971743,590.3333333333334,0.11570800627943485,734.7742200328406,917.5547345374931,0.048350515012197504,1.0000000000000002,1.0,1.0,68,8,2.0025985434752323,1,10,balanced,0,2,70,68,True,requested_slotframe_above_max (70 > 68),2.0025985434752323,False,False,False,True,0,724,43,1,0,energy
1784682233815.25,0.8,0.1,0.1,579.1318681318681,590.7777777777778,0.11582637362637363,686.3827312534208,852.8708264915161,0.04512226359262314,1.0000000000000002,1.0,1.0,68,8,2.0028266747396386,1,10,balanced,0,2,70,68,True,requested_slotframe_above_max (70 > 68),2.0028266747396386,False,False,False,True,0,725,43,1,0,energy
1784682236457.6199,0.8,0.1,0.1,577.7378335949766,589.7777777777778,0.11554756671899531,697.0980305702527,879.5605526161082,0.04583709343363927,1.0000000000000002,1.0,1.0,68,8,2.00297823728144,1,10,balanced,0,2,70,68,True,requested_slotframe_above_max (70 > 68),2.00297823728144,False,False,False,True,0,726,43,1,0,energy
1784682239139.0022,0.8,0.1,0.1,580.1444270015699,592.0,0.11602888540031397,688.5927395649617,864.672251616696,0.04526969576817623,1.0000000000000002,1.0,1.0,68,8,2.0026499221029312,1,10,balanced,0,2,70,68,True,requested_slotframe_above_max (70 > 68),2.0026499221029312,False,False,False,True,0,727,43,1,0,energy
1784682241779.1072,0.8,0.1,0.1,580.6923076923077,592.6666666666666,0.11613846153846155,604.5061728395061,779.7530864197531,0.0396601849792866,1.0000000000000002,1.0,1.0,68,8,2.0031232122713023,1,10,balanced,0,2,70,68,True,requested_slotframe_above_max (70 > 68),2.0031232122713023,False,False,False,True,0,728,43,1,0,energy
1784682244417.752,0.8,0.1,0.1,580.9183673469389,592.5555555555555,0.11618367346938778,717.9059829059829,898.6942070275404,0.04722521567084609,1.0000000000000002,1.0,1.0,68,8,2.002330539657405,1,10,balanced,0,2,70,68,True,requested_slotframe_above_max (70 > 68),2.002330539657405,False,False,False,True,0,729,43,1,0,energy
1784682247046.5952,0.8,0.1,0.1,579.469387755102,591.4444444444445,0.11589387755102042,739.1409465020577,917.176660787772,0.04864182431634807,1.0000000000000002,1.0,1.0,68,8,2.002420715527549,1,10,balanced,0,2,70,68,True,requested_slotframe_above_max (70 > 68),2.002420715527549,False,False,False,True,0,730,43,1,0,energy
1784682252634.227,0.8,0.1,0.1,578.282574568289,590.3333333333334,0.11565651491365779,653.3314113869669,849.0849274182607,0.04291737234069159,0.9940694226408515,0.9958847736625513,0.9940694226408515,68,8,2.0025899930990896,1,10,balanced,0,2,70,68,True,requested_slotframe_above_max (70 > 68),2.0025899930990896,False,False,False,True,0,731,43,1,0,energy
1784682255275.249,0.8,0.1,0.1,579.8524332810048,591.7777777777778,0.11597048665620095,693.7654320987654,866.1316872427984,0.04561477198790963,1.0000000000000002,1.0,1.0,68,8,2.002662133476248,1,10,balanced,0,2,70,68,True,requested_slotframe_above_max (70 > 68),2.002662133476248,False,False,False,True,0,732,43,1,0,energy
1784682257909.92,0.8,0.1,0.1,578.6766091051807,591.3333333333334,0.11573532182103613,668.7419165196941,858.0364491475602,0.04394542471779147,1.0000000000000002,1.0,1.0,68,8,2.003017200071392,1,10,balanced,0,2,70,68,True,requested_slotframe_above_max (70 > 68),2.003017200071392,False,False,False,True,0,733,43,1,0,energy
1784682260652.082,0.8,0.1,0.1,580.6828885400314,592.2222222222222,0.11613657770800628,641.7495540148797,798.5222688479394,0.04214473342327416,0.9848678766694251,0.9883689107827038,0.9848678766694251,68,8,2.00136305215821,1,10,balanced,0,2,70,68,True,requested_slotframe_above_max (70 > 68),2.00136305215821,False,False,False,True,0,734,43,1,0,energy
1784682263291.1738,0.8,0.1,0.1,580.8885400313972,592.6666666666666,0.11617770800627943,708.9300411522634,880.0411522633744,0.046626420357055595,1.0000000000000002,1.0,1.0,68,8,2.002395191559271,1,10,balanced,0,2,70,68,True,requested_slotframe_above_max (70 > 68),2.002395191559271,False,False,False,True,0,735,43,1,0,energy
1784682266028.137,0.8,0.1,0.1,581.0565149136578,593.2222222222222,0.11621130298273157,687.6258894362343,842.7285166940339,0.045205196093144384,1.0000000000000002,1.0,1.0,68,8,2.0025104380045002,1,10,balanced,0,2,70,68,True,requested_slotframe_above_max (70 > 68),2.0025104380045002,False,False,False,True,0,736,43,1,0,energy
1784682268661.002,0.8,0.1,0.1,582.1946624803768,594.1111111111111,0.11643893249607536,711.7511757789536,873.4729570840682,0.04681462146624107,1.0000000000000002,1.0,1.0,68,8,2.0021673918565157,1,10,balanced,0,2,70,68,True,requested_slotframe_above_max (70 > 68),2.0021673918565157,False,False,False,True,0,737,43,1,0,energy
1784682271305.874,0.8,0.1,0.1,579.5054945054947,591.5555555555555,0.11590109890109893,691.2551440329217,852.7572016460904,0.045447307807399716,1.0000000000000002,1.0,1.0,68,8,2.002734390098381,1,10,balanced,0,2,70,68,True,requested_slotframe_above_max (70 > 68),2.002734390098381,False,False,False,True,0,738,43,1,0,energy
1784682274045.1182,0.8,0.1,0.1,578.7409733124019,590.2222222222222,0.11574819466248039,613.9080459770114,799.0147783251231,0.040287394661575146,1.0000000000000002,1.0,1.0,68,8,2.003372704803858,1,10,balanced,0,2,70,68,True,requested_slotframe_above_max (70 > 68),2.003372704803858,False,False,False,True,0,739,43,1,0,energy
1784682276687.229,0.8,0.1,0.1,580.3594976452121,592.4444444444445,0.11607189952904241,742.1185501741058,915.7312440645775,0.048840463654043084,0.9978487121344266,0.9958847736625513,0.9978487121344266,68,8,2.0020433052248046,1,10,balanced,0,2,70,68,True,requested_slotframe_above_max (70 > 68),2.0020433052248046,False,False,False,True,0,740,43,1,0,energy
1784682279320.3262,0.8,0.1,0.1,581.2668759811618,593.5555555555555,0.11625337519623236,679.8838918283361,843.2422104644328,0.04468871860095638,1.0000000000000002,1.0,1.0,68,8,2.0025284279829183,1,10,balanced,0,2,70,68,True,requested_slotframe_above_max (70 > 68),2.0025284279829183,False,False,False,True,0,741,43,1,0,energy
1784682281958.007,0.8,0.1,0.1,579.640502354788,592.0,0.11592810047095761,758.6847103513768,958.2177904400128,0.049945611097490114,1.0000000000000002,1.0,1.0,68,8,2.002262958513485,1,10,balanced,0,2,70,68,True,requested_slotframe_above_max (70 > 68),2.002262958513485,False,False,False,True,0,742,43,1,0,energy
1784682287526.675,0.8,0.1,0.1,580.8885400313973,592.8888888888889,0.11617770800627945,693.9094650205761,865.4732510288065,0.0456243805884307,1.0000000000000002,1.0,1.0,68,8,2.0024953955361333,1,10,balanced,0,2,70,68,True,requested_slotframe_above_max (70 > 68),2.0024953955361333,False,False,False,True,0,743,43,1,0,energy
1784682290258.8242,0.8,0.1,0.1,582.2480376766092,594.2222222222222,0.11644960753532184,660.0704707170224,849.3363437328954,0.04336694267625233,1.0000000000000002,1.0,1.0,68,8,2.0025036197041173,1,10,balanced,0,2,70,68,True,requested_slotframe_above_max (70 > 68),2.0025036197041173,False,False,False,True,0,744,43,1,0,energy
1784682292898.8599,0.8,0.1,0.1,580.0926216640503,591.4444444444445,0.11601852433281006,675.4985754985755,836.0952833175056,0.04439616914600237,1.0000000000000002,1.0,1.0,68,8,2.002745563619152,1,10,balanced,0,2,70,68,True,requested_slotframe_above_max (70 > 68),2.002745563619152,False,False,False,True,0,745,43,1,0,energy
1784682295542.371,0.8,0.1,0.1,579.6923076923077,591.4444444444445,0.11593846153846155,675.9758965314521,863.750734861846,0.044428011776614554,1.0000000000000002,1.0,1.0,68,8,2.0028064295915695,1,10,balanced,0,2,70,68,True,requested_slotframe_above_max (70 > 68),2.0028064295915695,False,False,False,True,0,746,43,1,0,energy
1784682298186.1328,0.8,0.1,0.1,580.3108320251177,592.1111111111111,0.11606216640502355,663.1718898385565,833.4172206394428,0.04357384188382631,1.0000000000000002,1.0,1.0,68,8,2.0027928826875985,1,10,balanced,0,2,70,68,True,requested_slotframe_above_max (70 > 68),2.0027928826875985,False,False,False,True,0,747,43,1,0,energy
1784682301025.847,0.8,0.1,0.1,576.8995290423862,588.2222222222222,0.11537990580847725,648.1277493969063,828.3993695392163,0.04257023011320256,1.0000000000000002,1.0,1.0,68,8,2.003439052341898,1,10,balanced,0,2,70,68,True,requested_slotframe_above_max (70 > 68),2.003439052341898,False,False,False,True,0,748,43,1,0,energy
1784682303778.97,0.8,0.1,0.1,581.4254317111461,593.0,0.11628508634222921,711.2164750957855,858.5235358511222,0.0467789509737015,1.0000000000000002,1.0,1.0,68,8,2.0022940358288466,1,10,balanced,0,2,70,68,True,requested_slotframe_above_max (70 > 68),2.0022940358288466,False,False,False,True,0,749,43,1,0,energy
1784682306414.387,0.8,0.1,0.1,579.8492935635793,591.5555555555555,0.11596985871271585,676.1633428300095,831.5859449192783,0.044440516533022646,1.0000000000000002,1.0,1.0,68,8,2.002780061376525,1,10,balanced,0,2,70,68,True,requested_slotframe_above_max (70 > 68),2.002780061376525,False,False,False,True,0,750,43,1,0,energy
1784682309155.344,0.8,0.1,0.1,580.1679748822606,591.6666666666666,0.11603359497645213,646.5079365079365,832.936507936508,0.04246217054756081,1.0000000000000002,1.0,1.0,68,8,2.002926906964082,1,10,balanced,0,2,70,68,True,requested_slotframe_above_max (70 > 68),2.002926906964082,False,False,False,True,0,751,43,1,0,energy
1784682311899.279,0.8,0.1,0.1,578.054945054945,590.0,0.11561098901098901,662.3467432950192,848.7287903667215,0.043518795416612355,1.0000000000000002,1.0,1.0,68,8,2.0031593292495478,1,10,balanced,0,2,70,68,True,requested_slotframe_above_max (70 > 68),2.0031593292495478,False,False,False,True,0,752,43,1,0,energy
1784682314628.5989,0.8,0.1,0.1,580.0031397174255,592.4444444444445,0.11600062794348509,635.3270388615216,830.3475643130815,0.041716280110842004,1.0000000000000002,1.0,1.0,68,8,2.0030278696341277,1,10,balanced,0,2,70,68,True,requested_slotframe_above_max (70 > 68),2.0030278696341277,False,False,False,True,0,753,43,1,0,energy
1784682317369.57,0.8,0.1,0.1,581.0518053375197,592.7777777777778,0.11621036106750393,654.8412698412698,839.6031746031746,0.04301809672056503,1.0000000000000002,1.0,1.0,68,8,2.0027299014739404,1,10,balanced,0,2,70,68,True,requested_slotframe_above_max (70 > 68),2.0027299014739404,False,False,False,True,0,754,43,1,0,energy
1784682323064.49,0.8,0.1,0.1,580.0706436420722,592.3333333333334,0.11601412872841445,631.9116037219485,823.1814449917897,0.04148843253648756,1.0000000000000002,1.0,1.0,68,8,2.0030398537636196,1,10,balanced,0,2,70,68,True,requested_slotframe_above_max (70 > 68),2.0030398537636196,False,False,False,True,0,755,43,1,0,energy
1784682325694.774,0.8,0.1,0.1,581.8932496075354,593.5555555555555,0.11637864992150708,690.9765748654637,890.0569800569799,0.045428724140457885,1.0000000000000002,1.0,1.0,68,8,2.0023542076487484,1,10,balanced,0,2,70,68,True,requested_slotframe_above_max (70 > 68),2.0023542076487484,False,False,False,True,0,756,43,1,0,energy
1784682328437.389,0.8,0.1,0.1,580.0235478806907,591.0,0.11600470957613813,670.7279693486589,846.1343732895458,0.04407791656762234,0.9944784279759651,0.9961685823754789,0.9944784279759651,68,8,2.002236283479924,1,10,balanced,0,2,70,68,True,requested_slotframe_above_max (70 > 68),2.002236283479924,False,False,False,True,0,757,43,1,0,energy
1784682331078.071,0.8,0.1,0.1,579.4270015698588,590.7777777777778,0.11588540031397176,692.5498575498575,864.6327951883508,0.045533679623072545,1.0000000000000002,1.0,1.0,68,8,2.002738311786515,1,10,balanced,0,2,70,68,True,requested_slotframe_above_max (70 > 68),2.002738311786515,False,False,False,True,0,758,43,1,0,energy
1784682333716.999,0.8,0.1,0.1,579.3453689167976,591.4444444444445,0.11586907378335952,684.4871794871793,857.4105729661285,0.044995809171926575,1.0000000000000002,1.0,1.0,68,8,2.00280516005612,1,10,balanced,0,2,70,68,True,requested_slotframe_above_max (70 > 68),2.00280516005612,False,False,False,True,0,759,43,1,0,energy
1784682336457.825,0.8,0.1,0.1,581.624803767661,593.3333333333334,0.1163249607535322,688.8485221674877,841.7008757525998,0.045286759317377426,1.0000000000000002,1.0,1.0,68,8,2.0024113554654366,1,10,balanced,0,2,70,68,True,requested_slotframe_above_max (70 > 68),2.0024113554654366,False,False,False,True,0,760,43,1,0,energy
1784682339099.0369,0.8,0.1,0.1,580.3783359497645,591.6666666666666,0.1160756671899529,673.5375118708453,864.5172522950301,0.044265344354292545,1.0000000000000002,1.0,1.0,68,8,2.0027129318126082,1,10,balanced,0,2,70,68,True,requested_slotframe_above_max (70 > 68),2.0027129318126082,False,False,False,True,0,761,43,1,0,energy
1784682341844.5662,0.8,0.1,0.1,578.2543171114601,590.4444444444445,0.11565086342229201,742.779146141215,908.6781609195402,0.04888453276459073,1.0000000000000002,1.0,1.0,68,8,2.0025908559857073,1,10,balanced,0,2,70,68,True,requested_slotframe_above_max (70 > 68),2.0025908559857073,False,False,False,True,0,762,43,1,0,energy
1784682344487.228,0.8,0.1,0.1,580.967032967033,592.4444444444445,0.1161934065934066,668.1775426219871,840.5555555555555,0.043907774691259976,1.0000000000000002,1.0,1.0,68,8,2.002654497256149,1,10,balanced,0,2,70,68,True,requested_slotframe_above_max (70 > 68),2.002654497256149,False,False,False,True,0,763,43,1,0,energy
1784682347121.541,0.8,0.1,0.1,580.541601255887,592.1111111111111,0.1161083202511774,675.4415954415953,835.8942703387147,0.04439236794140062,1.0000000000000002,1.0,1.0,68,8,2.002674107004918,1,10,balanced,0,2,70,68,True,requested_slotframe_above_max (70 > 68),2.002674107004918,False,False,False,True,0,764,43,1,0,energy
1784682349764.09,0.8,0.1,0.1,580.1428571428572,591.4444444444445,0.11602857142857144,637.9463437796771,801.4292497625831,0.04189101692993177,1.0000000000000002,1.0,1.0,68,8,2.0029880411641496,1,10,balanced,0,2,70,68,True,requested_slotframe_above_max (70 > 68),2.0029880411641496,False,False,False,True,0,765,43,1,0,energy
1784682352504.67,0.8,0.1,0.1,579.1240188383047,591.1111111111111,0.11582480376766094,4468.898442092887,4542.1707818930045,0.297458201607264,0.9942812289751068,0.9960317460317462,0.9942812289751068,68,8,1.9770224597226556,1,10,balanced,0,2,70,68,True,requested_slotframe_above_max (70 > 68),1.9770224597226556,False,False,False,True,0,766,43,1,0,energy
1784682358207.4028,0.8,0.1,0.1,577.9576138147568,589.7777777777778,0.11559152276295136,620.9994121105233,787.8248089359201,0.040760467785892145,0.9960192868356137,0.9960317460317459,0.9960192868356137,68,8,2.003052663694611,1,10,balanced,2,2,68,68,False,,2.003052663694611,False,False,False,True,0,767,43,1,0,energy
1784682360948.3389,0.8,0.1,0.1,580.359497645212,592.1111111111111,0.11607189952904239,683.105500821018,872.5246305418718,0.0449036358119425,1.0000000000000002,1.0,1.0,68,8,2.0026521167955718,1,10,balanced,0,2,70,68,True,requested_slotframe_above_max (70 > 68),2.0026521167955718,False,False,False,True,0,768,43,1,0,energy
1784682363579.021,0.8,0.1,0.1,580.4097331240189,591.8888888888889,0.11608194662480378,756.2622665400442,936.1459322570435,0.04978400710740788,1.0000000000000002,1.0,1.0,68,8,2.002156041989416,1,10,balanced,0,2,70,68,True,requested_slotframe_above_max (70 > 68),2.002156041989416,False,False,False,True,0,769,43,1,0,energy
1784682366221.99,0.8,0.1,0.1,580.7582417582418,592.2222222222222,0.11615164835164835,683.8683127572016,864.0329218106997,0.04495452386639103,1.0000000000000002,1.0,1.0,68,8,2.002583228932042,1,10,balanced,0,2,70,68,True,requested_slotframe_above_max (70 > 68),2.002583228932042,False,False,False,True,0,770,43,1,0,energy
1784682368963.613,0.8,0.1,0.1,581.2700156985873,593.0,0.11625400313971745,744.1146688560482,914.8960043787629,0.04897362700840882,1.0000000000000002,1.0,1.0,68,8,2.002099434787385,1,10,balanced,0,2,70,68,True,requested_slotframe_above_max (70 > 68),2.002099434787385,False,False,False,True,0,771,43,1,0,energy
1784682371603.501,0.8,0.1,0.1,581.2904238618526,592.7777777777778,0.11625808477237051,720.0,886.2551440329219,0.047364909939959975,1.0000000000000002,1.0,1.0,68,8,2.0022570411881078,1,10,balanced,0,2,70,68,True,requested_slotframe_above_max (70 > 68),2.0022570411881078,False,False,False,True,0,772,43,1,0,energy
1784682374241.906,0.8,0.1,0.1,580.5792778649923,592.3333333333334,0.11611585557299846,679.9588477366254,842.880658436214,0.0446937189951051,1.0000000000000002,1.0,1.0,68,8,2.0026379436420907,1,10,balanced,0,2,70,68,True,requested_slotframe_above_max (70 > 68),2.0026379436420907,False,False,False,True,0,773,43,1,0,energy
1784682376989.323,0.8,0.1,0.1,581.8241758241758,593.1111111111111,0.11636483516483516,707.2222222222222,880.5925013683634,0.046512489808020155,1.0000000000000002,1.0,1.0,68,8,2.00225688288733,1,10,balanced,0,2,70,68,True,requested_slotframe_above_max (70 > 68),2.00225688288733,False,False,False,True,0,774,43,1,0,energy
1784682379730.4521,0.8,0.1,0.1,580.6452119309263,592.5555555555555,0.11612904238618525,736.7768199233716,891.6940339354134,0.0484841107353817,1.0000000000000002,1.0,1.0,68,8,2.0022483550175134,1,10,balanced,0,2,70,68,True,requested_slotframe_above_max (70 > 68),2.0022483550175134,False,False,False,True,0,775,43,1,0,energy
1784682382373.548,0.8,0.1,0.1,580.9230769230769,592.5555555555555,0.11618461538461539,652.7255460588794,858.903133903134,0.042876954373507636,1.0000000000000002,1.0,1.0,68,8,2.002764612254957,1,10,balanced,0,2,70,68,True,requested_slotframe_above_max (70 > 68),2.002764612254957,False,False,False,True,0,776,43,1,0,energy
1784682385109.088,0.8,0.1,0.1,580.3908948194662,592.5555555555555,0.11607817896389325,709.484126984127,868.8095238095239,0.046663384054978455,1.0000000000000002,1.0,1.0,68,8,2.0024711184233874,1,10,balanced,0,2,70,68,True,requested_slotframe_above_max (70 > 68),2.0024711184233874,False,False,False,True,0,777,43,1,0,energy
1784682387847.479,0.8,0.1,0.1,580.5211930926217,591.7777777777778,0.11610423861852434,660.6356048166392,828.0938697318007,0.04340464341672043,1.0000000000000002,1.0,1.0,68,8,2.0027761447635086,1,10,balanced,0,2,70,68,True,requested_slotframe_above_max (70 > 68),2.0027761447635086,False,False,False,True,0,778,43,1,0,energy
1784682393512.725,0.8,0.1,0.1,581.2087912087914,592.5555555555555,0.11624175824175827,737.5396825396825,912.6587301587302,0.048535002170759345,1.0000000000000002,1.0,1.0,68,8,2.0021530931895173,1,10,balanced,0,2,70,68,True,requested_slotframe_above_max (70 > 68),2.0021530931895173,False,False,False,True,0,779,43,1,0,energy
1784682396255.449,0.8,0.1,0.1,578.8791208791209,590.5555555555555,0.11577582417582419,742.6115216201423,898.1937602627257,0.04887335034157053,1.0000000000000002,1.0,1.0,68,8,2.0024920056251836,1,10,balanced,0,2,70,68,True,requested_slotframe_above_max (70 > 68),2.0024920056251836,False,False,False,True,0,780,43,1,0,energy
1784682398989.1602,0.8,0.1,0.1,581.5400313971742,592.7777777777778,0.11630800627943484,734.1502463054187,897.4972632731254,0.04830888901303661,1.0000000000000002,1.0,1.0,68,8,2.0021227060751485,1,10,balanced,0,2,70,68,True,requested_slotframe_above_max (70 > 68),2.0021227060751485,False,False,False,True,0,781,43,1,0,energy
1784682401731.4229,0.8,0.1,0.1,580.0879120879121,591.6666666666666,0.11601758241758241,685.4617466399075,845.0717630602687,0.04506082365843279,0.9960192868356137,0.9960317460317459,0.9960192868356137,68,8,2.0022817803836523,1,10,balanced,0,2,70,68,True,requested_slotframe_above_max (70 > 68),2.0022817803836523,False,False,False,True,0,782,43,1,0,energy
1784682404469.392,0.8,0.1,0.1,582.0753532182105,593.4444444444445,0.1164150706436421,797.379584017515,972.8530377668309,0.052526990261341895,1.0000000000000002,1.0,1.0,68,8,2.0016152444589523,1,10,balanced,0,2,70,68,True,requested_slotframe_above_max (70 > 68),2.0016152444589523,False,False,False,True,0,783,43,1,0,energy
1784682407110.555,0.8,0.1,0.1,581.453689167975,593.1111111111111,0.11629073783359499,687.366255144033,870.7818930041153,0.04518787559333108,1.0000000000000002,1.0,1.0,68,8,2.002448622173791,1,10,balanced,0,2,70,68,True,requested_slotframe_above_max (70 > 68),2.002448622173791,False,False,False,True,0,784,43,1,0,energy
1784682409746.831,0.8,0.1,0.1,579.6452119309263,590.8888888888889,0.11592904238618526,760.4115226337448,914.4444444444445,0.05006080871472614,1.0000000000000002,1.0,1.0,68,8,2.0022506852195794,1,10,balanced,0,2,70,68,True,requested_slotframe_above_max (70 > 68),2.0022506852195794,False,False,False,True,0,785,43,1,0,energy
1784682412488.1338,0.8,0.1,0.1,578.8006279434852,590.6666666666666,0.11576012558869704,1164.9541598248495,1338.586480569239,0.07704830952800865,1.0000000000000002,1.0,1.0,68,8,1.9996870685762416,1,10,balanced,0,2,70,68,True,requested_slotframe_above_max (70 > 68),1.9996870685762416,False,False,False,True,0,786,43,1,0,energy
1784682415128.914,0.8,0.1,0.1,579.9199372056515,591.7777777777778,0.11598398744113031,733.938124632569,944.2989417989417,0.04829473813426078,1.0000000000000002,1.0,1.0,68,8,2.00238333623367,1,10,balanced,0,2,70,68,True,requested_slotframe_above_max (70 > 68),2.00238333623367,False,False,False,True,0,787,43,1,0,energy
1784682417769.01,0.8,0.1,0.1,579.6609105180535,591.7777777777778,0.1159321821036107,645.3988603988604,825.8515352959797,0.042388182815134116,1.0000000000000002,1.0,1.0,68,8,2.003015436035598,1,10,balanced,0,2,70,68,True,requested_slotframe_above_max (70 > 68),2.003015436035598,False,False,False,True,0,788,43,1,0,energy
1784682420411.6099,0.8,0.1,0.1,578.8351648351648,590.5555555555555,0.11576703296703297,722.7366255144033,882.3868312757202,0.04754747334986013,1.0000000000000002,1.0,1.0,68,8,2.0026316262913877,1,10,balanced,0,2,70,68,True,requested_slotframe_above_max (70 > 68),2.0026316262913877,False,False,False,True,0,789,43,1,0,energy
1784682423051.368,0.8,0.1,0.1,579.8932496075354,591.6666666666666,0.11597864992150708,675.8627278071722,830.5746619635509,0.04442046216191942,1.0000000000000002,1.0,1.0,68,8,2.0027750338466026,1,10,balanced,0,2,70,68,True,requested_slotframe_above_max (70 > 68),2.0027750338466026,False,False,False,True,0,790,43,1,0,energy
1784682428817.627,0.8,0.1,0.1,544.9356357927786,523.7777777777778,0.10898712715855573,629.1983273596177,809.8709677419355,0.04130742677515795,0.9419152276295135,0.8888888888888888,0.9419152276295135,68,8,2.002871078358591,1,10,balanced,0,2,70,68,True,requested_slotframe_above_max (70 > 68),2.002871078358591,False,False,False,True,0,791,43,1,0,energy
1784682431559.019,0.8,0.1,0.1,580.7142857142858,592.6666666666666,0.11614285714285716,700.3071975916804,867.736726874658,0.046051180626529714,1.0000000000000002,1.0,1.0,68,8,2.0024805962230614,1,10,balanced,0,2,70,68,True,requested_slotframe_above_max (70 > 68),2.0024805962230614,False,False,False,True,0,792,43,1,0,energy
1784682434295.5588,0.8,0.1,0.1,578.6828885400315,590.7777777777778,0.1157365777080063,696.7439792008756,885.4980842911878,0.045813474262900306,1.0000000000000002,1.0,1.0,68,8,2.002829390407305,1,10,balanced,0,2,70,68,True,requested_slotframe_above_max (70 > 68),2.002829390407305,False,False,False,True,0,793,43,1,0,energy
1784682437041.935,0.8,0.1,0.1,579.3076923076924,590.6666666666666,0.11586153846153847,711.431308155446,886.830870279146,0.04679328273218452,1.0000000000000002,1.0,1.0,68,8,2.002631440957551,1,10,balanced,0,2,70,68,True,requested_slotframe_above_max (70 > 68),2.002631440957551,False,False,False,True,0,794,43,1,0,energy
1784682439683.285,0.8,0.1,0.1,580.712715855573,592.4444444444445,0.11614254317111461,688.4979423868313,858.7654320987655,0.04526337174028227,1.0000000000000002,1.0,1.0,68,8,2.00255962828908,1,10,balanced,0,2,70,68,True,requested_slotframe_above_max (70 > 68),2.00255962828908,False,False,False,True,0,795,43,1,0,energy
1784682442424.5168,0.8,0.1,0.1,578.7331240188383,590.2222222222222,0.11574662480376767,814.6284893267651,987.8557744937056,0.05367768441139194,1.0000000000000002,1.0,1.0,68,8,2.002034931715847,1,10,balanced,0,2,70,68,True,requested_slotframe_above_max (70 > 68),2.002034931715847,False,False,False,True,0,796,43,1,0,energy
1784682445170.351,0.8,0.1,0.1,581.3186813186815,592.6666666666666,0.11626373626373629,666.383009994121,830.8274544385655,0.043788059372523086,1.0000000000000002,1.0,1.0,68,8,2.0026102050517585,1,10,balanced,0,2,70,68,True,requested_slotframe_above_max (70 > 68),2.0026102050517585,False,False,False,True,0,797,43,1,0,energy
1784682447913.103,0.8,0.1,0.1,579.9434850863423,591.4444444444445,0.11598869701726847,644.1221948549535,829.8015873015873,0.04230301500033045,1.0000000000000002,1.0,1.0,68,8,2.002978740886152,1,10,balanced,0,2,70,68,True,requested_slotframe_above_max (70 > 68),2.002978740886152,False,False,False,True,0,798,43,1,0,energy
1784682450555.347,0.8,0.1,0.1,581.5981161695447,593.1111111111111,0.11631962323390894,649.8736037624926,803.6493239271017,0.04268669804953253,1.0000000000000002,1.0,1.0,68,8,2.0026756316079197,1,10,balanced,0,2,70,68,True,requested_slotframe_above_max (70 > 68),2.0026756316079197,False,False,False,True,0,799,43,1,0,energy
1784682453199.496,0.8,0.1,0.1,578.6043956043958,590.3333333333334,0.11572087912087915,616.6468253968254,773.3333333333335,0.040470101760962336,1.0000000000000002,1.0,1.0,68,8,2.0033762865272005,1,10,balanced,0,2,70,68,True,requested_slotframe_above_max (70 > 68),2.0033762865272005,False,False,False,True,0,800,43,1,0,energy
1784682455830.42,0.8,0.1,0.1,579.1616954474098,590.6666666666666,0.11583233908948196,621.6071428571428,792.8850676072899,0.04080101019727437,1.0000000000000002,1.0,1.0,68,8,2.003254027708687,1,10,balanced,0,2,70,68,True,requested_slotframe_above_max (70 > 68),2.003254027708687,False,False,False,True,0,801,43,1,0,energy
1784682458470.1519,0.8,0.1,0.1,581.4097331240189,592.7777777777778,0.11628194662480378,631.1169900058788,805.188124632569,0.04143542294902461,0.9940694226408515,0.9958847736625513,0.9940694226408515,68,8,2.0022378426693397,1,10,balanced,0,2,70,68,True,requested_slotframe_above_max (70 > 68),2.0022378426693397,False,False,False,True,0,802,43,1,0,energy
1784682464065.395,0.8,0.1,0.1,581.5368916797488,592.4444444444445,0.11630737833594976,629.0534979423868,792.6748971193415,0.0412977650395188,1.0000000000000002,1.0,1.0,68,8,2.0028243208272882,1,10,balanced,0,2,70,68,True,requested_slotframe_above_max (70 > 68),2.0028243208272882,False,False,False,True,0,803,43,1,0,energy
1784682466805.206,0.8,0.1,0.1,583.0251177394034,594.3333333333334,0.11660502354788069,669.3199233716475,837.9926108374384,0.04398398421425267,0.9944784279759651,0.9961685823754789,0.9944784279759651,68,8,2.0017654255378665,1,10,balanced,0,2,70,68,True,requested_slotframe_above_max (70 > 68),2.0017654255378665,False,False,False,True,0,804,43,1,0,energy
1784682469455.816,0.8,0.1,0.1,579.6923076923077,591.3333333333334,0.11593846153846155,695.8776511554289,834.8575498575498,0.045755680530715735,1.0000000000000002,1.0,1.0,68,8,2.002673662716159,1,10,balanced,0,2,70,68,True,requested_slotframe_above_max (70 > 68),2.002673662716159,False,False,False,True,0,805,43,1,0,energy
1784682472088.0251,0.8,0.1,0.1,579.8461538461539,591.2222222222222,0.11596923076923078,686.170465337132,841.8787591009814,0.04510810309120294,1.0000000000000002,1.0,1.0,68,8,2.002713805075495,1,10,balanced,0,2,70,68,True,requested_slotframe_above_max (70 > 68),2.002713805075495,False,False,False,True,0,806,43,1,0,energy
1784682474731.3918,0.8,0.1,0.1,579.624803767661,591.3333333333334,0.1159249607535322,711.3888888888889,902.6242481798039,0.04679045289452228,1.0000000000000002,1.0,1.0,68,8,2.002580986107722,1,10,balanced,0,2,70,68,True,requested_slotframe_above_max (70 > 68),2.002580986107722,False,False,False,True,0,807,43,1,0,energy
1784682477477.839,0.8,0.1,0.1,579.6985871271586,591.5555555555555,0.11593971742543172,634.143404488232,792.5738916256157,0.041637318511556505,1.0000000000000002,1.0,1.0,68,8,2.003084494208499,1,10,balanced,0,2,70,68,True,requested_slotframe_above_max (70 > 68),2.003084494208499,False,False,False,True,0,808,43,1,0,energy
1784682480221.8909,0.8,0.1,0.1,579.5761381475667,590.4444444444445,0.11591522762951334,658.6179529282977,849.5977011494252,0.04327004355759157,1.0000000000000002,1.0,1.0,68,8,2.00294081354063,1,10,balanced,0,2,70,68,True,requested_slotframe_above_max (70 > 68),2.00294081354063,False,False,False,True,0,809,43,1,0,energy
1784682482863.938,0.8,0.1,0.1,579.2888540031398,590.6666666666666,0.11585777080062797,766.1997467553023,925.2532446976891,0.05044694774885272,1.0000000000000002,1.0,1.0,68,8,2.002269088584612,1,10,balanced,0,2,70,68,True,requested_slotframe_above_max (70 > 68),2.002269088584612,False,False,False,True,0,810,43,1,0,energy
1784682485506.8901,0.8,0.1,0.1,577.9324960753534,589.8888888888889,0.11558649921507066,734.7560258671369,925.5805408583187,0.048349301258648225,1.0000000000000002,1.0,1.0,68,8,2.0026958705020785,1,10,balanced,0,2,70,68,True,requested_slotframe_above_max (70 > 68),2.0026958705020785,False,False,False,True,0,811,43,1,0,energy
1784682488149.373,0.8,0.1,0.1,578.76295133438,590.3333333333334,0.115752590266876,695.3672048116492,882.9059829059829,0.04572162807282516,1.0000000000000002,1.0,1.0,68,8,2.0028257649792165,1,10,balanced,0,2,70,68,True,requested_slotframe_above_max (70 > 68),2.0028257649792165,False,False,False,True,0,812,43,1,0,energy
1784682490789.43,0.8,0.1,0.1,579.6373626373627,591.2222222222222,0.11592747252747254,657.2040202595758,822.6717315606204,0.04317571849630259,1.0000000000000002,1.0,1.0,68,8,2.0029404501283916,1,10,balanced,0,2,70,68,True,requested_slotframe_above_max (70 > 68),2.0029404501283916,False,False,False,True,0,813,43,1,0,energy
1784682493428.4648,0.8,0.1,0.1,580.4568288854003,592.1111111111111,0.11609136577708007,616.0074390629945,790.039569484014,0.0404274475692458,1.0000000000000002,1.0,1.0,68,8,2.0030841626214113,1,10,balanced,0,2,70,68,True,requested_slotframe_above_max (70 > 68),2.0030841626214113,False,False,False,True,0,814,43,1,0,energy
1784682499124.01,0.8,0.1,0.1,579.1287284144428,590.5555555555555,0.11582574568288856,674.049671592775,863.3059660645868,0.044299511113594064,1.0000000000000002,1.0,1.0,68,8,2.0029094523423296,1,10,balanced,0,2,70,68,True,requested_slotframe_above_max (70 > 68),2.0029094523423296,False,False,False,True,0,815,43,1,0,energy
1784682501768.431,0.8,0.1,0.1,578.6043956043958,590.7777777777778,0.11572087912087915,687.9914529914529,884.2861665083888,0.04522958325493348,1.0000000000000002,1.0,1.0,68,8,2.0029003383778035,1,10,balanced,0,2,70,68,True,requested_slotframe_above_max (70 > 68),2.0029003383778035,False,False,False,True,0,816,43,1,0,energy
1784682504810.547,0.8,0.1,0.1,511.6656200941916,523.1111111111111,0.10233312401883832,13124.886963432326,13321.391139699608,0.8749090702756721,0.8285282644526343,0.828357100415924,0.8285282644526343,68,8,1.9134954202026255,1,10,balanced,0,2,70,68,True,requested_slotframe_above_max (70 > 68),1.9134954202026255,False,False,False,True,0,817,43,1,0,energy
1784682507445.921,0.8,0.1,0.1,581.9544740973313,593.3333333333334,0.11639089481946625,664.3813593813594,860.260254149143,0.04365452697674179,1.0000000000000002,1.0,1.0,67,8,2.002521831446753,1,10,balanced,1,1,67,67,False,,2.002521831446753,False,False,False,True,0,818,43,1,0,energy
1784682510087.686,0.8,0.1,0.1,579.5463108320253,590.4444444444445,0.11590926216640506,659.2313345091123,831.8033509700176,0.043310962942569205,1.0000000000000002,1.0,1.0,68,8,2.002941493972619,1,10,balanced,0,0,68,68,False,,2.002941493972619,False,False,False,True,0,819,43,1,0,energy
1784682512724.4338,0.8,0.1,0.1,579.7095761381476,591.4444444444445,0.1159419152276295,601.9135802469135,780.9876543209876,0.0394872301699075,1.0000000000000002,1.0,1.0,68,8,2.0032977448009057,1,10,balanced,0,2,70,68,True,requested_slotframe_above_max (70 > 68),2.0032977448009057,False,False,False,True,0,820,43,1,0,energy
1784682515357.436,0.8,0.1,0.1,580.1365777080064,591.7777777777778,0.11602731554160127,747.38683127572,911.3991769547324,0.04919191669617879,1.0000000000000002,1.0,1.0,68,8,2.002258955897101,1,10,balanced,0,2,70,68,True,requested_slotframe_above_max (70 > 68),2.002258955897101,False,False,False,True,0,821,43,1,0,energy
1784682518100.7979,0.8,0.1,0.1,580.5227629513344,592.3333333333334,0.11610455259026688,713.5288065843622,879.9970605526162,0.04693320924512089,1.0000000000000002,1.0,1.0,68,8,2.0024230370032745,1,10,balanced,0,2,70,68,True,requested_slotframe_above_max (70 > 68),2.0024230370032745,False,False,False,True,0,822,43,1,0,energy
1784682520845.86,0.8,0.1,0.1,581.8461538461539,593.3333333333334,0.11636923076923078,676.874632569077,845.6628453850676,0.044487967482927084,1.0000000000000002,1.0,1.0,68,8,2.0024558186363226,1,10,balanced,0,2,70,68,True,requested_slotframe_above_max (70 > 68),2.0024558186363226,False,False,False,True,0,823,43,1,0,energy
1784682523589.998,0.8,0.1,0.1,577.6389324960754,589.7777777777778,0.11552778649921508,1067.663874191652,1251.6622574955911,0.07055796358850247,0.9885624579502132,0.9920634920634921,0.9885624579502132,68,8,1.9993782202367991,1,10,balanced,0,2,70,68,True,requested_slotframe_above_max (70 > 68),1.9993782202367991,False,False,False,True,0,824,43,1,0,energy
1784682526329.952,0.8,0.1,0.1,578.9576138147567,591.0,0.11579152276295133,2792.6310334691557,3115.2192929108637,0.18563249055831593,0.9960192868356137,0.9960317460317459,0.9960192868356137,68,8,1.9884054614173687,1,10,balanced,0,2,70,68,True,requested_slotframe_above_max (70 > 68),1.9884054614173687,False,False,False,True,0,825,43,1,0,energy
1784682529175.7969,0.8,0.1,0.1,511.2354788069074,523.3333333333334,0.10224709576138148,596.4331317204301,798.6010304659499,0.039121623196826556,0.8885400313971745,0.8888888888888888,0.8885400313971745,68,8,2.0031441642109296,1,10,balanced,0,2,70,68,True,requested_slotframe_above_max (70 > 68),2.0031441642109296,False,False,False,True,0,826,43,1,0,energy
1784682534773.5442,0.8,0.1,0.1,580.6106750392465,592.7777777777778,0.1161221350078493,679.7799936688824,877.4343146565369,0.04468178743621631,1.0000000000000002,1.0,1.0,68,8,2.002634113250099,1,10,balanced,0,2,70,68,True,requested_slotframe_above_max (70 > 68),2.002634113250099,False,False,False,True,0,827,43,1,0,energy
1784682537624.9412,0.8,0.1,0.1,510.74725274725273,522.6666666666666,0.10214945054945054,656.6409796893668,864.9557945041815,0.043138157417569496,0.8885400313971745,0.8888888888888888,0.8885400313971745,68,8,2.0028206269584,1,10,balanced,0,2,70,68,True,requested_slotframe_above_max (70 > 68),2.0028206269584,False,False,False,True,0,828,43,1,0,energy
1784682540370.147,0.8,0.1,0.1,580.9152276295134,592.6666666666666,0.11618304552590268,787.6717296113846,989.8316912972085,0.05187936821957202,1.0000000000000002,1.0,1.0,68,8,2.0018656267573207,1,10,balanced,0,2,70,68,True,requested_slotframe_above_max (70 > 68),2.0018656267573207,False,False,False,True,0,829,43,1,0,energy
1784682543128.042,0.8,0.1,0.1,579.6232339089484,591.3333333333334,0.11592464678178967,717.73056923919,873.7123700054734,0.04721351362502935,1.0000000000000002,1.0,1.0,68,8,2.002538931212065,1,10,balanced,0,2,70,68,True,requested_slotframe_above_max (70 > 68),2.002538931212065,False,False,False,True,0,830,43,1,0,energy
1784682545882.621,0.8,0.1,0.1,579.50863422292,591.0,0.11590172684458401,711.5784072249588,877.2591680350301,0.04680309587891653,1.0000000000000002,1.0,1.0,68,8,2.002598308936441,1,10,balanced,0,2,70,68,True,requested_slotframe_above_max (70 > 68),2.002598308936441,False,False,False,True,0,831,43,1,0,energy
1784682548520.418,0.8,0.1,0.1,579.0989010989011,590.1111111111111,0.11581978021978023,678.9902998236331,847.3927101704879,0.044629106058948174,1.0000000000000002,1.0,1.0,68,8,2.002881265218281,1,10,balanced,0,2,70,68,True,requested_slotframe_above_max (70 > 68),2.002881265218281,False,False,False,True,0,832,43,1,0,energy
1784682551186.947,0.8,0.1,0.1,580.0910518053375,591.5555555555555,0.1160182103610675,737.3816872427983,908.3465608465608,0.0485244621242694,0.9958718530147104,0.9958847736625513,0.9958718530147104,68,8,2.00192017080019,1,10,balanced,0,2,70,68,True,requested_slotframe_above_max (70 > 68),2.00192017080019,False,False,False,True,0,833,43,1,0,energy
1784682553841.793,0.8,0.1,0.1,581.315541601256,592.6666666666666,0.11626310832025119,756.2037037037036,930.4969927192147,0.04978010031378943,1.0000000000000002,1.0,1.0,68,8,2.00201150331242,1,10,balanced,0,2,70,68,True,requested_slotframe_above_max (70 > 68),2.00201150331242,False,False,False,True,0,834,43,1,0,energy
1784682556585.8892,0.8,0.1,0.1,579.160125588697,591.3333333333334,0.1158320251177394,743.7116858237548,932.0580186097427,0.0489467435506174,1.0000000000000002,1.0,1.0,68,8,2.0024397055507466,1,10,balanced,0,2,70,68,True,requested_slotframe_above_max (70 > 68),2.0024397055507466,False,False,False,True,0,835,43,1,0,energy
1784682559340.038,0.8,0.1,0.1,579.3437990580849,591.0,0.11586875981161697,642.0039682539682,810.515873015873,0.04216170568738947,1.0000000000000002,1.0,1.0,68,8,2.0030888215819673,1,10,balanced,0,2,70,68,True,requested_slotframe_above_max (70 > 68),2.0030888215819673,False,False,False,True,0,836,43,1,0,energy
1784682562080.334,0.8,0.1,0.1,580.8430141287286,593.0,0.11616860282574572,763.9559386973178,981.1193212917351,0.05029726075365696,1.0000000000000002,1.0,1.0,68,8,2.002035391664038,1,10,balanced,0,2,70,68,True,requested_slotframe_above_max (70 > 68),2.002035391664038,False,False,False,True,0,837,43,1,0,energy
1784682564722.459,0.8,0.1,0.1,580.2370486656201,592.1111111111111,0.11604740973312402,699.8148148148149,883.7624926513815,0.04601833320979419,1.0000000000000002,1.0,1.0,68,8,2.002560238892521,1,10,balanced,0,2,70,68,True,requested_slotframe_above_max (70 > 68),2.002560238892521,False,False,False,True,0,838,43,1,0,energy
1784682570334.352,0.8,0.1,0.1,580.3642072213502,591.5555555555555,0.11607284144427003,733.3524397413286,903.5787771898882,0.048255666427039934,1.0000000000000002,1.0,1.0,68,8,2.00231616020188,1,10,balanced,0,2,70,68,True,requested_slotframe_above_max (70 > 68),2.00231616020188,False,False,False,True,0,839,43,1,0,energy
1784682572972.0981,0.8,0.1,0.1,580.2307692307693,592.6666666666666,0.11604615384615385,665.679012345679,835.7275132275132,0.0437410948863028,1.0000000000000002,1.0,1.0,68,8,2.0027889674344466,1,10,balanced,0,2,70,68,True,requested_slotframe_above_max (70 > 68),2.0027889674344466,False,False,False,True,0,840,43,1,0,energy
1784682575616.322,0.8,0.1,0.1,579.558869701727,591.4444444444445,0.1159117739403454,680.5413105413104,858.6894586894587,0.0447325757532562,1.0000000000000002,1.0,1.0,68,8,2.002797323272398,1,10,balanced,0,2,70,68,True,requested_slotframe_above_max (70 > 68),2.002797323272398,False,False,False,True,0,841,43,1,0,energy
1784682578256.536,0.8,0.1,0.1,581.1240188383047,593.4444444444445,0.11622480376766094,708.8653167819833,902.3602631935964,0.04662210252047921,0.9940694226408515,0.9958847736625513,0.9940694226408515,68,8,2.0017648889979083,1,10,balanced,0,2,70,68,True,requested_slotframe_above_max (70 > 68),2.0017648889979083,False,False,False,True,0,842,43,1,0,energy
1784682580988.817,0.8,0.1,0.1,579.8430141287284,591.8888888888889,0.11596860282574568,724.2419266557197,888.7260536398467,0.04764789370618543,1.0000000000000002,1.0,1.0,68,8,2.0024603283687847,1,10,balanced,0,2,70,68,True,requested_slotframe_above_max (70 > 68),2.0024603283687847,False,False,False,True,0,843,43,1,0,energy
1784682583630.603,0.8,0.1,0.1,579.2543171114601,591.0,0.11585086342229202,720.9876543209878,891.111111111111,0.04743079748639011,1.0000000000000002,1.0,1.0,68,8,2.002576229513527,1,10,balanced,0,2,70,68,True,requested_slotframe_above_max (70 > 68),2.002576229513527,False,False,False,True,0,844,43,1,0,energy
1784682586274.7012,0.8,0.1,0.1,581.0047095761381,592.5555555555555,0.11620094191522762,670.1851851851851,837.9835390946502,0.04404170681689027,1.0000000000000002,1.0,1.0,68,8,2.002635075786129,1,10,balanced,0,2,70,68,True,requested_slotframe_above_max (70 > 68),2.002635075786129,False,False,False,True,0,845,43,1,0,energy
1784682588913.189,0.8,0.1,0.1,579.6153846153848,591.4444444444445,0.11592307692307695,672.7754036087368,859.9224438113326,0.044214503242744285,1.0000000000000002,1.0,1.0,68,8,2.002840088137264,1,10,balanced,0,2,70,68,True,requested_slotframe_above_max (70 > 68),2.002840088137264,False,False,False,True,0,846,43,1,0,energy
1784682592254.3809,0.8,0.1,0.1,334.09105180533754,403.1111111111111,0.06681821036106751,391.00320512820514,394.33547008547004,0.025417158447512016,0.5604395604395604,0.6666666666666666,0.5604395604395604,68,8,2.000047671910351,1,10,balanced,0,2,70,68,True,requested_slotframe_above_max (70 > 68),2.000047671910351,False,False,False,True,0,847,43,1,0,energy
1784682594993.9202,0.8,0.1,0.1,580.3579277864992,591.6666666666666,0.11607158555729984,664.4793377120961,839.9931581828132,0.04366106322295504,1.0000000000000002,1.0,1.0,68,8,2.002776625231865,1,10,balanced,0,2,70,68,True,requested_slotframe_above_max (70 > 68),2.002776625231865,False,False,False,True,0,848,43,1,0,energy
1784682597633.812,0.8,0.1,0.1,580.4018838304553,592.3333333333334,0.11608037676609106,680.9654954099398,845.0807217473883,0.04476087360973581,1.0000000000000002,1.0,1.0,68,8,2.0026596112261537,1,10,balanced,0,2,70,68,True,requested_slotframe_above_max (70 > 68),2.0026596112261537,False,False,False,True,0,849,43,1,0,energy
1784682600277.396,0.8,0.1,0.1,579.1130298273156,591.0,0.11582260596546312,745.6621105232216,921.4344503233392,0.0490768586072863,1.0000000000000002,1.0,1.0,68,8,2.002434229366901,1,10,balanced,0,2,70,68,True,requested_slotframe_above_max (70 > 68),2.002434229366901,False,False,False,True,0,850,43,1,0,energy
1784682605847.18,0.8,0.1,0.1,581.4411302982733,592.8888888888889,0.11628822605965465,759.7494121105232,913.6728395061727,0.05001663856641249,1.0000000000000002,1.0,1.0,68,8,2.001967755295635,1,10,balanced,0,2,70,68,True,requested_slotframe_above_max (70 > 68),2.001967755295635,False,False,False,True,0,851,43,1,0,energy
1784682608587.582,0.8,0.1,0.1,579.2009419152278,591.0,0.11584018838304555,708.8765736179529,884.2159277504106,0.046622853476848095,1.0000000000000002,1.0,1.0,68,8,2.002665563945879,1,10,balanced,0,2,70,68,True,requested_slotframe_above_max (70 > 68),2.002665563945879,False,False,False,True,0,852,43,1,0,energy
1784682611326.8672,0.8,0.1,0.1,580.2967032967034,591.8888888888889,0.11605934065934068,659.3055555555554,839.3253968253968,0.04331591431324586,1.0000000000000002,1.0,1.0,68,8,2.002820936041203,1,10,balanced,0,2,70,68,True,requested_slotframe_above_max (70 > 68),2.002820936041203,False,False,False,True,0,853,43,1,0,energy
1784682614065.592,0.8,0.1,0.1,579.6326530612246,591.6666666666666,0.11592653061224492,694.2039750373083,854.8570976348753,0.04564402768761229,1.0000000000000002,1.0,1.0,68,8,2.002694372741443,1,10,balanced,0,2,70,68,True,requested_slotframe_above_max (70 > 68),2.002694372741443,False,False,False,True,0,854,43,1,0,energy
1784682616712.6519,0.8,0.1,0.1,579.8775510204083,591.1111111111111,0.11597551020408166,698.6055713833491,860.5998733776512,0.04593766320102396,1.0000000000000002,1.0,1.0,68,8,2.0026258255166325,1,10,balanced,0,2,70,68,True,requested_slotframe_above_max (70 > 68),2.0026258255166325,False,False,False,True,0,855,43,1,0,energy
1784682619442.112,0.8,0.1,0.1,581.9811616954476,593.3333333333334,0.11639623233908951,683.8862535222688,878.4921648523181,0.044955720715294786,0.9959941536296217,0.9961685823754789,0.9959941536296217,68,8,2.001986857420161,1,10,balanced,0,2,70,68,True,requested_slotframe_above_max (70 > 68),2.001986857420161,False,False,False,True,0,856,43,1,0,energy
1784682622484.318,0.8,0.1,0.1,423.3076923076923,461.6666666666667,0.08466153846153847,524.4973544973544,616.5537918871252,0.03432270543678148,0.7284144427001571,0.7777777777777778,0.7284144427001571,68,8,2.001679942957107,1,10,balanced,0,2,70,68,True,requested_slotframe_above_max (70 > 68),2.001679942957107,False,False,False,True,0,857,43,1,0,energy
1784682625122.917,0.8,0.1,0.1,580.469387755102,592.3333333333334,0.11609387755102041,693.3539094650206,842.2633744855967,0.04558731884356375,1.0000000000000002,1.0,1.0,68,8,2.0025661660748275,1,10,balanced,0,2,70,68,True,requested_slotframe_above_max (70 > 68),2.0025661660748275,False,False,False,True,0,858,43,1,0,energy
1784682627759.168,0.8,0.1,0.1,578.5541601255887,589.8888888888889,0.11571083202511774,672.2839506172838,833.4567901234568,0.04418171785305429,1.0000000000000002,1.0,1.0,68,8,2.0030131625946,1,10,balanced,0,2,70,68,True,requested_slotframe_above_max (70 > 68),2.0030131625946,False,False,False,True,0,859,43,1,0,energy
1784682630494.415,0.8,0.1,0.1,579.1145996860283,591.1111111111111,0.11582291993720567,686.8701727178739,851.3658294309636,0.04515478136877077,1.0000000000000002,1.0,1.0,68,8,2.0028261859133583,1,10,balanced,0,2,70,68,True,requested_slotframe_above_max (70 > 68),2.0028261859133583,False,False,False,True,0,860,43,1,0,energy
1784682633239.5562,0.8,0.1,0.1,579.436420722135,590.8888888888889,0.115887284144427,710.2086754241925,867.1127531472359,0.04671171950795147,1.0000000000000002,1.0,1.0,68,8,2.002619000733663,1,10,balanced,0,2,70,68,True,requested_slotframe_above_max (70 > 68),2.002619000733663,False,False,False,True,0,861,43,1,0,energy
1784682635981.615,0.8,0.1,0.1,580.7864992150706,592.2222222222222,0.11615729984301414,643.7773672687465,800.628078817734,0.042280011158688895,1.0000000000000002,1.0,1.0,68,8,2.00284615900972,1,10,balanced,0,2,70,68,True,requested_slotframe_above_max (70 > 68),2.00284615900972,False,False,False,True,0,862,43,1,0,energy
1784682641574.2769,0.8,0.1,0.1,578.6514913657771,590.4444444444445,0.11573029827315542,788.80658436214,917.0370370370371,0.0519550756745924,1.0000000000000002,1.0,1.0,68,8,2.0022202538140164,1,10,balanced,0,2,70,68,True,requested_slotframe_above_max (70 > 68),2.0022202538140164,False,False,False,True,0,863,43,1,0,energy
1784682644217.654,0.8,0.1,0.1,580.6342229199373,592.1111111111111,0.11612684458398746,690.4558404558405,887.9075656853435,0.04539398535395867,1.0000000000000002,1.0,1.0,68,8,2.002559125797414,1,10,balanced,0,2,70,68,True,requested_slotframe_above_max (70 > 68),2.002559125797414,False,False,False,True,0,864,43,1,0,energy
1784682646858.6372,0.8,0.1,0.1,578.5494505494506,590.3333333333334,0.11570989010989012,660.6995884773662,850.8230452674896,0.04340891183971756,1.0000000000000002,1.0,1.0,68,8,2.003091196728116,1,10,balanced,0,2,70,68,True,requested_slotframe_above_max (70 > 68),2.003091196728116,False,False,False,True,0,865,43,1,0,energy
1784682649599.8298,0.8,0.1,0.1,578.916797488226,590.7777777777778,0.1157833594976452,700.6130268199234,895.8429118773946,0.04607158284322371,1.0000000000000002,1.0,1.0,68,8,2.0027661541175616,1,10,balanced,0,2,70,68,True,requested_slotframe_above_max (70 > 68),2.0027661541175616,False,False,False,True,0,866,43,1,0,energy
1784682652342.586,0.8,0.1,0.1,578.6923076923077,590.7777777777778,0.11573846153846155,704.36986863711,874.4389709906951,0.046322206046505006,1.0000000000000002,1.0,1.0,68,8,2.0027770101645803,1,10,balanced,0,2,70,68,True,requested_slotframe_above_max (70 > 68),2.0027770101645803,False,False,False,True,0,867,43,1,0,energy
1784682654985.155,0.8,0.1,0.1,580.0361067503925,591.7777777777778,0.1160072213500785,657.5577714466604,843.4013928458373,0.043199317641538386,1.0000000000000002,1.0,1.0,68,8,2.0028742911557833,1,10,balanced,0,2,70,68,True,requested_slotframe_above_max (70 > 68),2.0028742911557833,False,False,False,True,0,868,43,1,0,energy
1784682657623.417,0.8,0.1,0.1,580.5431711145998,591.7777777777778,0.11610863422291995,675.6995884773663,834.320987654321,0.04440957895112517,1.0000000000000002,1.0,1.0,68,8,2.0026721347265517,1,10,balanced,0,2,70,68,True,requested_slotframe_above_max (70 > 68),2.0026721347265517,False,False,False,True,0,869,43,1,0,energy
1784682660264.7258,0.8,0.1,0.1,580.9434850863422,592.5555555555555,0.11618869701726844,711.6666666666665,868.0658436213992,0.04680898376695574,1.0000000000000002,1.0,1.0,68,8,2.00236814400949,1,10,balanced,0,2,70,68,True,requested_slotframe_above_max (70 > 68),2.00236814400949,False,False,False,True,0,870,43,1,0,energy
1784682663004.3188,0.8,0.1,0.1,580.0266875981162,591.4444444444445,0.11600533751962323,709.0953850676073,867.5161669606115,0.04663745063826599,1.0000000000000002,1.0,1.0,68,8,2.002531984920475,1,10,balanced,0,2,70,68,True,requested_slotframe_above_max (70 > 68),2.002531984920475,False,False,False,True,0,871,43,1,0,energy
1784682665638.622,0.8,0.1,0.1,579.0926216640503,590.3333333333334,0.11581852433281006,718.0864197530864,898.559670781893,0.047237252818751595,1.0000000000000002,1.0,1.0,68,8,2.0026214552518766,1,10,balanced,0,2,70,68,True,requested_slotframe_above_max (70 > 68),2.0026214552518766,False,False,False,True,0,872,43,1,0,energy
1784682668380.962,0.8,0.1,0.1,577.3218210361068,589.1111111111111,0.11546436420722136,711.5623162845385,862.1178718400942,0.046802022433925186,1.0000000000000002,1.0,1.0,68,8,2.0029483063908304,1,10,balanced,0,2,70,68,True,requested_slotframe_above_max (70 > 68),2.0029483063908304,False,False,False,True,0,873,43,1,0,energy
1784682671126.246,0.8,0.1,0.1,578.8712715855573,590.1111111111111,0.11577425431711147,699.7352216748768,869.7112753147235,0.046013023460632206,1.0000000000000002,1.0,1.0,68,8,2.0027792942002476,1,10,balanced,0,2,70,68,True,requested_slotframe_above_max (70 > 68),2.0027792942002476,False,False,False,True,0,874,43,1,0,energy
1784682676837.5771,0.8,0.1,0.1,581.6436420722135,592.7777777777778,0.11632872841444271,713.4964726631392,892.3706643151087,0.046931052212350846,0.9942812289751068,0.9960317460317462,0.9942812289751068,68,8,2.0016720349447215,1,10,balanced,0,2,70,68,True,requested_slotframe_above_max (70 > 68),2.0016720349447215,False,False,False,True,0,875,43,1,0,energy
1784682679582.719,0.8,0.1,0.1,581.0549450549452,593.2222222222222,0.11621098901098903,736.8055555555554,885.2777777777778,0.04848602772218515,1.0000000000000002,1.0,1.0,68,8,2.0021826060189905,1,10,balanced,0,2,70,68,True,requested_slotframe_above_max (70 > 68),2.0021826060189905,False,False,False,True,0,876,43,1,0,energy
1784682682228.2751,0.8,0.1,0.1,581.3406593406595,592.2222222222222,0.1162681318681319,699.5340975896531,869.3077601410935,0.045999606243472525,1.0000000000000002,1.0,1.0,68,8,2.002385533881147,1,10,balanced,0,2,70,68,True,requested_slotframe_above_max (70 > 68),2.002385533881147,False,False,False,True,0,877,43,1,0,energy
1784682684867.593,0.8,0.1,0.1,580.403453689168,592.6666666666666,0.1160806907378336,722.2633744855966,875.5555555555554,0.04751590223386235,1.0000000000000002,1.0,1.0,68,8,2.002383857186347,1,10,balanced,0,2,70,68,True,requested_slotframe_above_max (70 > 68),2.002383857186347,False,False,False,True,0,878,43,1,0,energy
1784682687503.303,0.8,0.1,0.1,580.0627943485088,592.2222222222222,0.11601255886970176,702.9305159860714,895.5413105413105,0.04622618518919756,1.0000000000000002,1.0,1.0,68,8,2.002567334385319,1,10,balanced,0,2,70,68,True,requested_slotframe_above_max (70 > 68),2.002567334385319,False,False,False,True,0,879,43,1,0,energy
1784682690146.8289,0.8,0.1,0.1,580.8477237048667,592.4444444444445,0.11616954474097334,767.5704336815447,957.3852484963596,0.050538387837327864,1.0000000000000002,1.0,1.0,68,8,2.0020105254234886,1,10,balanced,0,2,70,68,True,requested_slotframe_above_max (70 > 68),2.0020105254234886,False,False,False,True,0,880,43,1,0,energy
1784682692888.4348,0.8,0.1,0.1,581.5117739403454,593.0,0.11630235478806908,747.5177887246851,945.9715380405037,0.04920065301699034,1.0000000000000002,1.0,1.0,68,8,2.0020380508678457,1,10,balanced,0,2,70,68,True,requested_slotframe_above_max (70 > 68),2.0020380508678457,False,False,False,True,0,881,43,1,0,energy
1784682695521.931,0.8,0.1,0.1,580.1475667189953,591.8888888888889,0.11602951334379907,767.2459639126305,963.8509021842357,0.0505167420889013,1.0000000000000002,1.0,1.0,68,8,2.0021247151160706,1,10,balanced,0,2,70,68,True,requested_slotframe_above_max (70 > 68),2.0021247151160706,False,False,False,True,0,882,43,1,0,energy
1784682698153.07,0.8,0.1,0.1,580.3218210361068,592.0,0.11606436420722137,788.4038800705467,982.8483245149912,0.051928210811911055,1.0000000000000002,1.0,1.0,68,8,2.001955687553032,1,10,balanced,0,2,70,68,True,requested_slotframe_above_max (70 > 68),2.001955687553032,False,False,False,True,0,883,43,1,0,energy
1784682736267.311,0.8,0.1,0.1,579.0800627943486,591.3333333333334,0.11581601255886971,762.9255610290093,921.2110016420361,0.050228523083989944,1.0000000000000002,1.0,1.0,68,8,2.002324337644505,1,10,balanced,0,2,70,68,True,requested_slotframe_above_max (70 > 68),2.002324337644505,False,False,False,True,1,884,43,1,0,energy
1784682739000.627,0.8,0.1,0.1,578.7048665620094,590.3333333333334,0.11574097331240189,742.5595238095239,933.2539682539684,0.04886988150830713,0.9944784279759651,0.9961685823754789,0.9944784279759651,68,8,2.001968075996844,1,10,balanced,0,2,70,68,True,requested_slotframe_above_max (70 > 68),2.001968075996844,False,False,False,True,0,885,43,1,0,energy
1784682741748.739,0.8,0.1,0.1,580.1036106750394,591.3333333333334,0.11602072213500787,643.3064221857325,827.2746761539864,0.042248593874965476,1.0000000000000002,1.0,1.0,68,8,2.0029585629044973,1,10,balanced,0,2,70,68,True,requested_slotframe_above_max (70 > 68),2.0029585629044973,False,False,False,True,0,886,43,1,0,energy
1784682747418.549,0.8,0.1,0.1,579.6938775510205,590.6666666666666,0.1159387755102041,653.7264844209288,851.0626102292767,0.04294372811347091,1.0000000000000002,1.0,1.0,68,8,2.0029546067804898,1,10,balanced,0,2,70,68,True,requested_slotframe_above_max (70 > 68),2.0029546067804898,False,False,False,True,0,887,43,1,0,energy
1784682750051.241,0.8,0.1,0.1,579.8430141287286,591.3333333333334,0.11596860282574571,653.7860082304527,826.3786008230453,0.04294769901470665,1.0000000000000002,1.0,1.0,68,8,2.002930347837933,1,10,balanced,0,2,70,68,True,requested_slotframe_above_max (70 > 68),2.002930347837933,False,False,False,True,0,888,43,1,0,energy
1784682752892.66,0.8,0.1,0.1,493.9748822605966,532.1111111111111,0.09879497645211932,620.2043010752687,734.7443249701314,0.04070742502169905,0.839874411302983,0.8888888888888888,0.839874411302983,68,8,2.000880717466433,1,10,balanced,0,2,70,68,True,requested_slotframe_above_max (70 > 68),2.000880717466433,False,False,False,True,0,889,43,1,0,energy
1784682755531.363,0.8,0.1,0.1,581.0706436420724,593.0,0.11621412872841447,624.3787591009814,799.4096232985122,0.040985907878651195,1.0000000000000002,1.0,1.0,68,8,2.002930106229403,1,10,balanced,0,2,70,68,True,requested_slotframe_above_max (70 > 68),2.002930106229403,False,False,False,True,0,890,43,1,0,energy
1784682758167.755,0.8,0.1,0.1,582.3846153846155,594.2222222222222,0.11647692307692309,649.9243114909782,849.6349477682811,0.04269008081994518,0.9937205651491368,0.9957264957264957,0.9937205651491368,68,8,2.0019215099713805,1,10,balanced,0,2,70,68,True,requested_slotframe_above_max (70 > 68),2.0019215099713805,False,False,False,True,0,891,43,1,0,energy
1784682760803.715,0.8,0.1,0.1,581.5133437990581,592.3333333333334,0.11630266875981163,710.1361190250078,885.9575815131371,0.046706879187792386,1.0000000000000002,1.0,1.0,68,8,2.0022871770733714,1,10,balanced,0,2,70,68,True,requested_slotframe_above_max (70 > 68),2.0022871770733714,False,False,False,True,0,892,43,1,0,energy
1784682763443.355,0.8,0.1,0.1,580.1240188383046,591.6666666666666,0.11602480376766092,719.1824944602722,898.1861348528015,0.0473103732128267,1.0000000000000002,1.0,1.0,68,8,2.0024491196645884,1,10,balanced,0,2,70,68,True,requested_slotframe_above_max (70 > 68),2.0024491196645884,False,False,False,True,0,893,43,1,0,energy
1784682766077.6628,0.8,0.1,0.1,579.1601255886972,591.0,0.11583202511773943,683.4757834757834,838.4979423868313,0.04492833779024572,1.0000000000000002,1.0,1.0,68,8,2.002841546126784,1,10,balanced,0,2,70,68,True,requested_slotframe_above_max (70 > 68),2.002841546126784,False,False,False,True,0,894,43,1,0,energy
1784682768917.202,0.8,0.1,0.1,493.42700156985876,531.0,0.09868540031397176,678.0961768219832,769.2986857825567,0.0445694580935279,0.8362789284448273,0.8853046594982079,0.8362789284448273,68,8,2.0002226267839527,1,10,balanced,0,2,70,68,True,requested_slotframe_above_max (70 > 68),2.0002226267839527,False,False,False,True,0,895,43,1,0,energy
1784682771648.324,0.8,0.1,0.1,578.4599686028258,589.8888888888889,0.11569199372056517,709.3144499178981,884.671592775041,0.04665206470432942,1.0000000000000002,1.0,1.0,68,8,2.002781198553115,1,10,balanced,0,2,70,68,True,requested_slotframe_above_max (70 > 68),2.002781198553115,False,False,False,True,0,896,43,1,0,energy
1784682774389.902,0.8,0.1,0.1,579.0125588697018,590.6666666666666,0.11580251177394037,683.4112286890064,862.4970605526162,0.044924031266778276,1.0000000000000002,1.0,1.0,68,8,2.00286558745417,1,10,balanced,0,2,70,68,True,requested_slotframe_above_max (70 > 68),2.00286558745417,False,False,False,True,0,897,43,1,0,energy
1784682777033.594,0.8,0.1,0.1,580.9952904238619,592.4444444444445,0.11619905808477238,701.3928458372902,842.9977841088953,0.04612360545945899,1.0000000000000002,1.0,1.0,68,8,2.002428392986236,1,10,balanced,0,2,70,68,True,requested_slotframe_above_max (70 > 68),2.002428392986236,False,False,False,True,0,898,43,1,0,energy
1784682782625.8481,0.8,0.1,0.1,580.0361067503925,590.8888888888889,0.1160072213500785,668.0824628046851,830.9607470718582,0.04390143180818446,1.0000000000000002,1.0,1.0,68,8,2.0028040797391187,1,10,balanced,0,2,70,68,True,requested_slotframe_above_max (70 > 68),2.0028040797391187,False,False,False,True,0,899,43,1,0,energy
1784682785269.839,0.8,0.1,0.1,579.4160125588697,591.6666666666666,0.11588320251177395,756.4814814814814,897.530864197531,0.04979863118622291,1.0000000000000002,1.0,1.0,68,8,2.0023135748719585,1,10,balanced,0,2,70,68,True,requested_slotframe_above_max (70 > 68),2.0023135748719585,False,False,False,True,0,900,43,1,0,energy
1784682787911.7551,0.1,0.1,0.8,580.9089481946626,592.5555555555555,0.11618178963893251,726.6065210509654,919.4919278252613,0.04780563849572818,1.0000000000000002,1.0,1.0,68,8,2.783601257186534,1,10,balanced,0,2,70,68,True,requested_slotframe_above_max (70 > 68),2.783601257186534,False,False,False,True,0,901,43,1,0,reliability
1784682790650.753,0.1,0.1,0.8,581.1962323390895,592.7777777777778,0.1162392464678179,685.2887246852764,864.9685276409414,0.045049281166462736,1.0000000000000002,1.0,1.0,67,8,2.783871147236572,1,10,balanced,1,1,67,67,False,,2.783871147236572,False,False,False,True,0,902,43,1,0,reliability
1784682793296.385,0.1,0.1,0.8,580.5274725274726,592.8888888888889,0.11610549450549451,724.889770723104,902.3736037624926,0.04769111212295557,1.0000000000000002,1.0,1.0,65,8,2.783620339337155,1,10,balanced,1,1,65,65,False,,2.783620339337155,False,False,False,True,0,903,43,1,0,reliability
1784682795938.0989,0.1,0.1,0.8,582.5777080062794,595.2222222222222,0.11651554160125588,687.5767647989868,844.0772396327952,0.04520191893255416,1.0000000000000002,1.0,1.0,64,8,2.783828253946619,1,10,balanced,1,1,64,64,False,,2.783828253946619,False,False,False,True,0,904,43,1,0,reliability
1784682798687.1082,0.1,0.1,0.8,583.3626373626373,596.1111111111111,0.11667252747252746,634.592227695676,792.3563218390805,0.041667260019724886,1.0000000000000002,1.0,1.0,61,8,2.784166021250775,1,10,balanced,1,1,61,61,False,,2.784166021250775,False,False,False,True,0,905,43,1,0,reliability
1784682801425.593,0.1,0.1,0.8,584.8163265306123,598.5555555555555,0.11696326530612246,675.2538314176245,821.4655172413793,0.044379841989167744,1.0000000000000002,1.0,1.0,59,8,2.783865689270471,1,10,balanced,1,1,59,59,False,,2.783865689270471,False,False,False,True,0,906,43,1,0,reliability
1784682804166.115,0.1,0.1,0.8,587.0031397174255,601.2222222222222,0.1174006279434851,626.871921182266,782.6902025177886,0.04115222956519453,1.0000000000000002,1.0,1.0,58,8,2.7841447142491322,1,10,balanced,1,1,58,58,False,,2.7841447142491322,False,False,False,True,0,907,43,1,0,reliability
1784682806903.5781,0.1,0.1,0.8,588.2857142857143,602.1111111111111,0.11765714285714286,602.1702244116037,739.6004378762998,0.03950435119490352,1.0000000000000002,1.0,1.0,56,8,2.7842838505947953,1,10,balanced,1,1,56,56,False,,2.7842838505947953,False,False,False,True,0,908,43,1,0,reliability
1784682809548.6729,0.1,0.1,0.8,589.8084772370488,604.4444444444445,0.11796169544740977,613.2573599240267,778.8050015827794,0.04024398665270358,1.0000000000000002,1.0,1.0,55,8,2.7841794317899886,1,10,balanced,1,1,55,55,False,,2.7841794317899886,False,False,False,True,0,909,43,1,0,reliability
1784682812287.3699,0.1,0.1,0.8,591.0329670329671,605.2222222222222,0.11820659340659342,548.2437055281882,678.2471264367815,0.03590685160294785,1.0000000000000002,1.0,1.0,53,8,2.784588655499046,1,10,balanced,1,1,53,53,False,,2.784588655499046,False,False,False,True,0,910,43,1,0,reliability
1784682817988.779,0.1,0.1,0.8,590.2103610675041,605.7777777777778,0.11804207221350083,549.507642563198,682.6263962375074,0.0359911702844028,0.9942812289751068,0.9960317460317462,0.9942812289751068,52,8,2.780021658930295,1,10,balanced,1,1,52,52,False,,2.780021658930295,False,False,False,True,0,911,43,1,0,reliability
1784682820731.565,0.1,0.1,0.8,595.5259026687598,611.6666666666666,0.11910518053375196,451.15005878894766,581.9135802469136,0.029429623668375426,1.0000000000000002,1.0,1.0,50,8,2.7851465195797873,1,10,balanced,1,1,50,50,False,,2.7851465195797873,False,False,False,True,0,912,43,1,0,reliability
1784682823473.0781,0.1,0.1,0.8,594.1915227629514,610.6666666666666,0.11883830455259028,531.3844797178131,661.3477366255144,0.03478215341679874,1.0000000000000002,1.0,1.0,49,8,2.784637954203061,1,10,balanced,1,1,49,49,False,,2.784637954203061,False,False,False,True,0,913,43,1,0,reliability
1784682826217.539,0.1,0.1,0.8,598.282574568289,615.2222222222222,0.1196565149136578,555.9523809523808,726.0655496766608,0.036421106134248225,1.0000000000000002,1.0,1.0,47,8,2.7843922378952093,1,10,balanced,1,1,47,47,False,,2.7843922378952093,False,False,False,True,0,914,43,1,0,reliability
1784682828962.851,0.1,0.1,0.8,598.7346938775511,616.1111111111111,0.11974693877551022,525.2377560710894,684.4731605842717,0.03437209847038622,0.9940694226408515,0.9958847736625513,0.9940694226408515,46,8,2.7798436343880915,1,10,balanced,1,1,46,46,False,,2.7798436343880915,False,False,False,True,0,915,43,1,0,reliability
1784682831806.353,0.1,0.1,0.8,600.3343799058085,617.7777777777778,0.12006687598116171,429.1468253968253,546.8253968253969,0.027961762868367265,1.0000000000000002,1.0,1.0,44,8,2.7851971361150474,1,10,balanced,1,1,44,44,False,,2.7851971361150474,False,False,False,True,0,916,43,1,0,reliability
1784682834653.08,0.1,0.1,0.8,603.7315541601256,621.4444444444445,0.12074631083202512,401.9047619047619,503.07060755336624,0.026144413736141556,1.0000000000000002,1.0,1.0,43,8,2.7853109275431835,1,10,balanced,1,1,43,43,False,,2.7853109275431835,False,False,False,True,0,917,43,1,0,reliability
1784682837390.238,0.1,0.1,0.8,608.243328100471,627.4444444444445,0.1216486656200942,359.62669018224574,467.5161669606114,0.023323995342377966,1.0000000000000002,1.0,1.0,41,8,2.785502733903753,1,10,balanced,1,1,41,41,False,,2.785502733903753,False,False,False,True,0,918,43,1,0,reliability
1784682840127.7512,0.1,0.1,0.8,608.0361067503925,627.0,0.1216072213500785,385.1028806584363,483.7580834803057,0.025023541071276603,1.0000000000000002,1.0,1.0,40,8,2.7853369237578645,1,10,balanced,1,1,40,40,False,,2.7853369237578645,False,False,False,True,0,919,43,1,0,reliability
1784682842869.3882,0.1,0.1,0.8,611.3171114599686,631.0,0.12226342229199372,335.2247546691991,416.09370053814496,0.0216961143875383,1.0000000000000002,1.0,1.0,38,8,2.785604046332047,1,10,balanced,1,1,38,38,False,,2.785604046332047,False,False,False,True,0,920,43,1,0,reliability
1784682845707.846,0.1,0.1,0.8,613.5557299843015,634.3333333333334,0.1227111459968603,318.05555555555554,416.7857142857143,0.02055073752872285,1.0000000000000002,1.0,1.0,37,8,2.7856738116474418,1,10,balanced,1,1,37,37,False,,2.7856738116474418,False,False,False,True,0,921,43,1,0,reliability
1784682848552.836,0.1,0.1,0.8,616.0266875981162,638.4444444444445,0.12320533751962323,337.86302175191065,421.632863021752,0.021872116194256882,1.0000000000000002,1.0,1.0,35,8,2.785492254628612,1,10,balanced,1,1,35,35,False,,2.785492254628612,False,False,False,True,0,922,43,1,0,reliability
1784682854360.376,0.1,0.1,0.8,618.6059654631084,642.0,0.12372119309262168,319.05276308054084,418.8389182833627,0.020617262380289582,1.0000000000000002,1.0,1.0,34,8,2.785566154452709,1,10,balanced,1,1,34,34,False,,2.785566154452709,False,False,False,True,0,923,43,1,0,reliability
1784682857200.2002,0.1,0.1,0.8,622.0376766091053,646.4444444444445,0.12440753532182107,307.7557319223986,397.09435626102294,0.01986362454452292,1.0000000000000002,1.0,1.0,32,8,2.785572884013366,1,10,balanced,1,1,32,32,False,,2.785572884013366,False,False,False,True,0,924,43,1,0,reliability
1784682860137.049,0.1,0.1,0.8,629.8226059654631,656.8888888888889,0.12596452119309262,279.44033935413245,353.99972632731254,0.017974672405212305,1.0000000000000002,1.0,1.0,29,8,2.7856060806401697,1,10,balanced,1,1,29,29,False,,2.7856060806401697,False,False,False,True,0,925,43,1,0,reliability
1784682863072.104,0.1,0.1,0.8,633.4882260596546,660.1111111111111,0.12669764521193091,239.09611992945324,308.1011169900059,0.01528326350429975,1.0000000000000002,1.0,1.0,28,8,2.785801909128377,1,10,balanced,1,1,28,28,False,,2.785801909128377,False,False,False,True,0,926,43,1,0,reliability
1784682866012.65,0.1,0.1,0.8,641.0957613814758,670.5555555555555,0.12821915227629516,235.32842671731558,298.22886989553655,0.015031916392082427,1.0000000000000002,1.0,1.0,26,8,2.7856748931331623,1,10,balanced,1,1,26,26,False,,2.7856748931331623,False,False,False,True,0,927,43,1,0,reliability
1784682868956.103,0.1,0.1,0.8,643.9136577708007,673.8888888888889,0.12878273155416015,243.0452674897119,307.94238683127577,0.015546715643076178,1.0000000000000002,1.0,1.0,25,8,2.7855670552802763,1,10,balanced,1,1,25,25,False,,2.7855670552802763,False,False,False,True,0,928,43,1,0,reliability
1784682907278.313,0.1,0.1,0.8,652.9811616954474,685.7777777777778,0.13059623233908949,228.92766698322254,314.031339031339,0.01460491440848716,1.0000000000000002,1.0,1.0,23,8,2.7854798853252425,1,10,balanced,1,1,23,23,False,,2.7854798853252425,False,False,False,True,1,929,43,1,0,reliability
1784682910315.959,0.1,0.1,0.8,657.9654631083203,692.6666666666666,0.13159309262166405,203.36713697824808,258.8212815990594,0.012899742293412148,1.0000000000000002,1.0,1.0,22,8,2.7855507165084923,1,10,balanced,1,1,22,22,False,,2.7855507165084923,False,False,False,True,0,930,43,1,0,reliability
1784682913350.324,0.1,0.1,0.8,671.0894819466248,708.8888888888889,0.13421789638932496,161.35191968525302,211.68159001492336,0.010096859218495865,1.0000000000000002,1.0,1.0,20,8,2.785568524439218,1,10,balanced,1,1,20,20,False,,2.785568524439218,False,False,False,True,0,931,43,1,0,reliability
1784682916491.956,0.1,0.1,0.8,678.9199372056515,719.1111111111111,0.1357839874411303,158.10920047031155,198.042328042328,0.009880533720501104,1.0000000000000002,1.0,1.0,19,8,2.785433547883837,1,10,balanced,1,1,19,19,False,,2.785433547883837,False,False,False,True,0,932,43,1,0,reliability
1784682919634.598,0.1,0.1,0.8,693.7362637362637,738.5555555555555,0.13874725274725275,132.98721340388008,169.25925925925924,0.008204617305128758,1.0000000000000002,1.0,1.0,17,8,2.7853048129947617,1,10,balanced,1,1,17,17,False,,2.7853048129947617,False,False,False,True,0,933,43,1,0,reliability
1784682925715.605,0.1,0.1,0.8,703.138147566719,750.0,0.1406276295133438,128.43621399176953,162.3868312757202,0.007901014942746467,1.0000000000000002,1.0,1.0,16,8,2.785147135554391,1,10,balanced,1,1,16,16,False,,2.785147135554391,False,False,False,True,0,934,43,1,0,reliability
1784682928955.037,0.1,0.1,0.8,723.9215070643643,777.7777777777778,0.14478430141287285,107.6410934744268,136.9620811287478,0.006513748730782308,1.0000000000000002,1.0,1.0,14,8,2.7848701949856345,1,10,balanced,1,1,14,14,False,,2.7848701949856345,False,False,False,True,0,935,43,1,0,reliability
1784682932302.734,0.1,0.1,0.8,738.6562009419152,795.8888888888889,0.14773124018838305,2144.4172545561437,2232.4206349206347,0.14238940991034982,0.9960192868356137,0.9960317460317459,0.9960192868356137,13,8,2.7678033644586177,1,10,balanced,1,1,13,13,False,,2.7678033644586177,False,False,False,True,0,936,43,1,0,reliability
1784682935743.464,0.1,0.1,0.8,773.1381475667191,841.5555555555555,0.15462762951334383,109.1317324650658,139.81368425812872,0.006613190958309926,1.0000000000000002,1.0,1.0,11,8,2.7838759179528347,1,10,balanced,1,1,11,11,False,,2.7838759179528347,False,False,False,True,0,937,43,1,0,reliability
1784682939285.533,0.1,0.1,0.8,799.072213500785,874.2222222222222,0.159814442700157,59.41798941798942,81.94885361552028,0.003296730448164738,1.0000000000000002,1.0,1.0,10,8,2.783688882685168,1,10,balanced,1,1,10,10,False,,2.783688882685168,False,False,False,True,0,938,43,1,0,reliability
1784682942818.886,0.1,0.1,0.8,796.9544740973315,871.6666666666666,0.1593908948194663,58.39110477999367,79.70402025957581,0.0032282258025346008,1.0000000000000002,1.0,1.0,10,8,2.7837380879377998,1,10,balanced,1,2,8,10,True,requested_slotframe_below_minimum (8 < 10),2.7837380879377998,False,False,False,True,0,939,43,1,0,reliability
1784682946363.302,0.1,0.1,0.8,799.4599686028257,875.0,0.15989199372056515,62.880658436213984,85.92592592592594,0.0035277290484465634,1.0000000000000002,1.0,1.0,10,8,2.783658027723099,1,10,balanced,1,2,8,10,True,requested_slotframe_below_minimum (8 < 10),2.783658027723099,False,False,False,True,0,940,43,1,0,reliability
1784682949904.9338,0.1,0.1,0.8,798.9748822605966,873.6666666666666,0.15979497645211932,66.51187084520417,85.14783159227603,0.0037699713705940073,0.9938413235116534,0.9957264957264957,0.9938413235116534,10,8,2.7787165640270515,1,10,balanced,1,2,8,10,True,requested_slotframe_below_minimum (8 < 10),2.7787165640270515,False,False,False,True,0,941,43,1,0,reliability
1784682953452.568,0.1,0.1,0.8,800.3799058084774,875.1111111111111,0.16007598116169547,66.66033554922443,95.77872744539413,0.0037798756203618698,1.0000000000000002,1.0,1.0,10,8,2.7836144143217942,1,10,balanced,1,2,8,10,True,requested_slotframe_below_minimum (8 < 10),2.7836144143217942,False,False,False,True,0,942,43,1,0,reliability
1784682960008.698,0.1,0.1,0.8,799.5949764521195,874.5555555555555,0.1599189952904239,65.28659611992946,94.47971781305115,0.0036882318959259143,1.0000000000000002,1.0,1.0,10,8,2.783639277281365,1,10,balanced,1,2,8,10,True,requested_slotframe_below_minimum (8 < 10),2.783639277281365,False,False,False,True,0,943,43,1,0,reliability
1784682963554.399,0.1,0.1,0.8,797.3108320251179,872.4444444444445,0.15946216640502356,64.61696739474516,85.73915796138019,0.0036435601997828657,1.0000000000000002,1.0,1.0,10,8,2.783689427339519,1,10,balanced,1,2,8,10,True,requested_slotframe_below_minimum (8 < 10),2.783689427339519,False,False,False,True,0,944,43,1,0,reliability
1784682967094.141,0.1,0.1,0.8,799.6138147566719,874.7777777777778,0.15992276295133437,60.69958847736625,80.2880658436214,0.0033822273834133586,1.0000000000000002,1.0,1.0,10,8,2.7836695009665253,1,10,balanced,1,2,8,10,True,requested_slotframe_below_minimum (8 < 10),2.7836695009665253,False,False,False,True,0,945,43,1,0,reliability
1784682970640.657,0.1,0.1,0.8,799.2119309262167,875.1111111111111,0.15984238618524335,69.38271604938272,90.24691358024691,0.003961488729111589,1.0000000000000002,1.0,1.0,10,8,2.7836196125085646,1,10,balanced,1,2,8,10,True,requested_slotframe_below_minimum (8 < 10),2.7836196125085646,False,False,False,True,0,946,43,1,0,reliability
1784682974186.7722,0.1,0.1,0.8,799.4003139717427,874.4444444444445,0.15988006279434852,61.62551440329218,82.92181069958849,0.0034439969581916063,1.0000000000000002,1.0,1.0,10,8,2.783667594024746,1,10,balanced,1,2,8,10,True,requested_slotframe_below_minimum (8 < 10),2.783667594024746,False,False,False,True,0,947,43,1,0,reliability
1784682977719.734,0.1,0.1,0.8,798.6232339089482,873.6666666666666,0.15972464678178966,58.34283000949667,81.51946818613486,0.0032250053375247945,1.0000000000000002,1.0,1.0,10,8,2.7837050347880687,1,10,balanced,1,2,8,10,True,requested_slotframe_below_minimum (8 < 10),2.7837050347880687,False,False,False,True,0,948,43,1,0,reliability
1784682981252.6619,0.1,0.1,0.8,798.2433281004709,873.7777777777778,0.15964866562009417,72.22538778094334,102.91864514086735,0.004151126603131643,1.0000000000000002,1.0,1.0,10,8,2.7836200207776773,1,10,balanced,1,2,8,10,True,requested_slotframe_below_minimum (8 < 10),2.7836200207776773,False,False,False,True,0,949,43,1,0,reliability
1784682984900.258,0.1,0.1,0.8,798.2433281004711,873.0,0.15964866562009422,96.85111699000588,147.81599059376833,0.005793937090727543,0.9960192868356137,0.9960317460317459,0.9960192868356137,10,8,2.780271169197409,1,10,balanced,1,2,8,10,True,requested_slotframe_below_minimum (8 < 10),2.780271169197409,False,False,False,True,0,950,43,1,0,reliability
1784682988444.0251,0.1,0.1,0.8,799.6923076923077,874.8888888888889,0.15993846153846156,85.18518518518518,129.4238683127572,0.0050156894719936744,1.0000000000000002,1.0,1.0,10,8,2.7835045848989544,1,10,balanced,1,2,8,10,True,requested_slotframe_below_minimum (8 < 10),2.7835045848989544,False,False,False,True,0,951,43,1,0,reliability
1784682995242.425,0.1,0.1,0.8,726.1507462686567,811.0,0.14523014925373134,72.70230539379266,93.8604210439583,0.004182942321133599,0.84434280211844,0.8853046594982079,0.84434280211844,10,8,2.6605329325372655,1,10,balanced,1,2,8,10,True,requested_slotframe_below_minimum (8 < 10),2.6605329325372655,False,False,False,True,0,952,43,1,0,reliability
1784682998786.101,0.1,0.1,0.8,799.4254317111462,874.4444444444445,0.15988508634222923,86.41681363903587,111.07142857142857,0.0050978528111431535,1.0000000000000002,1.0,1.0,10,8,2.783501706084663,1,10,balanced,1,2,8,10,True,requested_slotframe_below_minimum (8 < 10),2.783501706084663,False,False,False,True,0,953,43,1,0,reliability
1784683002419.384,0.1,0.1,0.8,797.4631083202513,872.0,0.15949262166405026,80.05584950029395,111.76954732510288,0.004673505637111003,0.9941690962099128,0.9960317460317462,0.9941690962099128,10,8,2.778918664237814,1,10,balanced,1,2,8,10,True,requested_slotframe_below_minimum (8 < 10),2.778918664237814,False,False,False,True,0,954,43,1,0,reliability
1784683006055.56,0.1,0.1,0.8,797.6028257456829,872.4444444444445,0.1595205651491366,107.34251345362456,144.93510604621716,0.006493830116986295,1.0000000000000002,1.0,1.0,10,8,2.7833985604733877,1,10,balanced,1,2,8,10,True,requested_slotframe_below_minimum (8 < 10),2.7833985604733877,False,False,False,True,0,955,43,1,0,reliability
1784683010391.6099,0.1,0.1,0.8,622.7943485086344,753.4444444444445,0.12455886970172687,51.99735449735449,66.6410934744268,0.0028016914274419276,0.6766091051805339,0.7777777777777778,0.6766091051805339,10,8,2.5285512280315103,1,10,balanced,1,2,8,10,True,requested_slotframe_below_minimum (8 < 10),2.5285512280315103,False,False,False,True,0,956,43,1,0,reliability
1784683014023.1199,0.1,0.1,0.8,798.4788069073784,873.1111111111111,0.15969576138147568,82.98353909465021,127.98941798941797,0.0048688151497431765,1.0000000000000002,1.0,1.0,10,8,2.7835435423468784,1,10,balanced,1,2,8,10,True,requested_slotframe_below_minimum (8 < 10),2.7835435423468784,False,False,False,True,0,957,43,1,0,reliability
1784683017556.584,0.1,0.1,0.8,799.3296703296704,874.4444444444445,0.15986593406593408,81.76954732510288,123.5501741057297,0.004787828373922807,0.9940694226408515,0.9958847736625513,0.9940694226408515,10,8,2.7787901618686957,1,10,balanced,1,2,8,10,True,requested_slotframe_below_minimum (8 < 10),2.7787901618686957,False,False,False,True,0,958,43,1,0,reliability
1784683021396.021,0.1,0.1,0.8,682.0627943485088,757.7777777777778,0.13641255886970174,65.66308243727599,105.3405017921147,0.0037133477276368237,0.8885400313971745,0.8888888888888888,0.8885400313971745,10,8,2.696819434458006,1,10,balanced,1,2,8,10,True,requested_slotframe_below_minimum (8 < 10),2.696819434458006,False,False,False,True,0,959,43,1,0,reliability
1784683025038.218,0.1,0.1,0.8,798.3359497645213,873.3333333333334,0.15966718995290424,89.002849002849,119.74675530231086,0.00527037018031014,1.0000000000000002,1.0,1.0,10,8,2.7835062439866785,1,10,balanced,1,2,8,10,True,requested_slotframe_below_minimum (8 < 10),2.7835062439866785,False,False,False,True,0,960,43,1,0,reliability
1784683031534.925,0.1,0.1,0.8,798.387755102041,873.1111111111111,0.1596775510204082,66.49250440917108,95.8098177542622,0.003768679413553774,1.0000000000000002,1.0,1.0,10,8,2.7836553769566037,1,10,balanced,1,2,8,10,True,requested_slotframe_below_minimum (8 < 10),2.7836553769566037,False,False,False,True,0,961,43,1,0,reliability
1784683035169.942,0.1,0.1,0.8,797.7660910518053,873.0,0.15955321821036106,64.7339800117578,90.0029394473839,0.003651366244947151,1.0000000000000002,1.0,1.0,10,8,2.783679541554469,1,10,balanced,1,2,8,10,True,requested_slotframe_below_minimum (8 < 10),2.783679541554469,False,False,False,True,0,962,43,1,0,reliability
1784683038699.042,0.1,0.1,0.8,797.9591836734694,873.2222222222222,0.15959183673469388,58.98515579071134,80.57172251616696,0.003267855623129509,1.0000000000000002,1.0,1.0,10,8,2.7837140307642176,1,10,balanced,1,2,8,10,True,requested_slotframe_below_minimum (8 < 10),2.7837140307642176,False,False,False,True,0,963,43,1,0,reliability
1784683042232.808,0.1,0.1,0.8,799.2307692307693,874.0,0.15984615384615386,61.780909419798306,87.75934970379414,0.003454363537011228,0.9940694226408515,0.9958847736625513,0.9940694226408515,10,8,2.778925486374365,1,10,balanced,1,2,8,10,True,requested_slotframe_below_minimum (8 < 10),2.778925486374365,False,False,False,True,0,964,43,1,0,reliability
1784683045784.482,0.1,0.1,0.8,798.337519623234,873.1111111111111,0.1596675039246468,57.572016460905346,81.06995884773663,0.003173583486384613,1.0000000000000002,1.0,1.0,10,8,2.783715891258897,1,10,balanced,1,2,8,10,True,requested_slotframe_below_minimum (8 < 10),2.783715891258897,False,False,False,True,0,965,43,1,0,reliability
1784683049324.956,0.1,0.1,0.8,799.5447409733125,874.6666666666666,0.1599089481946625,64.4892710170488,84.76631393298061,0.003635041428755757,1.0000000000000002,1.0,1.0,10,8,2.7836456010376582,1,10,balanced,1,2,8,10,True,requested_slotframe_below_minimum (8 < 10),2.7836456010376582,False,False,False,True,0,966,43,1,0,reliability
1784683052867.961,0.1,0.1,0.8,799.5353218210363,874.7777777777778,0.15990706436420726,67.22143083254194,88.3934789490345,0.003817306926787321,1.0000000000000002,1.0,1.0,10,8,2.7836275628709006,1,10,balanced,1,2,8,10,True,requested_slotframe_below_minimum (8 < 10),2.7836275628709006,False,False,False,True,0,967,43,1,0,reliability
1784683056403.739,0.1,0.1,0.8,798.2197802197803,873.5555555555555,0.15964395604395606,99.94415049970604,148.82716049382714,0.0060002768845701165,1.0000000000000002,1.0,1.0,10,8,2.7834355767071477,1,10,balanced,1,2,8,10,True,requested_slotframe_below_minimum (8 < 10),2.7834355767071477,False,False,False,True,0,968,43,1,0,reliability
1784683059945.442,0.1,0.1,0.8,796.7095761381477,872.3333333333334,0.15934191522762953,76.00348211459323,104.1468819246597,0.004403167586030235,1.0000000000000002,1.0,1.0,10,8,2.783625491718634,1,10,balanced,1,2,8,10,True,requested_slotframe_below_minimum (8 < 10),2.783625491718634,False,False,False,True,0,969,43,1,0,reliability
1784683066442.1238,0.1,0.1,0.8,797.9576138147567,873.3333333333334,0.15959152276295133,73.70737801293357,103.15843621399176,0.004249991862103641,1.0000000000000002,1.0,1.0,10,8,2.7836158485374947,1,10,balanced,1,2,8,10,True,requested_slotframe_below_minimum (8 < 10),2.7836158485374947,False,False,False,True,0,970,43,1,0,reliability
1784683069987.937,0.1,0.1,0.8,797.4191522762952,872.4444444444445,0.15948383045525905,68.82716049382715,95.51440329218107,0.00392442698424464,1.0000000000000002,1.0,1.0,10,8,2.7836591742560497,1,10,balanced,1,2,8,10,True,requested_slotframe_below_minimum (8 < 10),2.7836591742560497,False,False,False,True,0,971,43,1,0,reliability
1784683073524.517,0.1,0.1,0.8,798.2527472527474,873.3333333333334,0.1596505494505495,70.40564373897706,101.83421516754849,0.0040297294021999375,1.0000000000000002,1.0,1.0,10,8,2.7836319721147254,1,10,balanced,1,2,8,10,True,requested_slotframe_below_minimum (8 < 10),2.7836319721147254,False,False,False,True,0,972,43,1,0,reliability
1784683077169.145,0.1,0.1,0.8,797.9372056514914,873.5555555555555,0.15958744113029827,81.72104644326866,123.64050558495003,0.004784592824767756,0.9942812289751068,0.9960317460317462,0.9942812289751068,10,8,2.778987779784579,1,10,balanced,1,2,8,10,True,requested_slotframe_below_minimum (8 < 10),2.778987779784579,False,False,False,True,0,973,43,1,0,reliability
1784683081308.413,0.1,0.1,0.8,595.9686028257457,697.7777777777778,0.11919372056514915,76.7442680776014,107.87477954144622,0.004452586262681881,0.7284144427001572,0.7777777777777778,0.7284144427001572,10,8,2.5703669234773425,1,10,balanced,1,2,8,10,True,requested_slotframe_below_minimum (8 < 10),2.5703669234773425,False,False,False,True,0,974,43,1,0,reliability
1784683084853.432,0.1,0.1,0.8,796.6797488226059,871.5555555555555,0.15933594976452117,113.53835978835977,174.36067019400355,0.006907162093953287,1.0000000000000002,1.0,1.0,10,8,2.7833756888141528,1,10,balanced,1,2,8,10,True,requested_slotframe_below_minimum (8 < 10),2.7833756888141528,False,False,False,True,0,975,43,1,0,reliability
1784683088389.3171,0.1,0.1,0.8,799.122448979592,873.8888888888889,0.1598244897959184,58.53909465020576,81.11111111111111,0.003238098375597449,1.0000000000000002,1.0,1.0,10,8,2.7836937411828484,1,10,balanced,1,2,8,10,True,requested_slotframe_below_minimum (8 < 10),2.7836937411828484,False,False,False,True,0,976,43,1,0,reliability
1784683091920.815,0.1,0.1,0.8,800.12715855573,876.1111111111111,0.160025431711146,63.216207660652096,83.54542576764798,0.0035501139199901333,1.0000000000000002,1.0,1.0,10,8,2.7836424454368864,1,10,balanced,1,2,8,10,True,requested_slotframe_below_minimum (8 < 10),2.7836424454368864,False,False,False,True,0,977,43,1,0,reliability
1784683095464.7368,0.1,0.1,0.8,801.0800627943486,876.2222222222222,0.16021601255886972,63.281836476280915,86.2197576086465,0.0035544920931474926,0.9940694226408515,0.9958847736625513,0.9940694226408515,10,8,2.7788784876474795,1,10,balanced,1,2,8,10,True,requested_slotframe_below_minimum (8 < 10),2.7788784876474795,False,False,False,True,0,978,43,1,0,reliability
1784683101937.4822,0.1,0.1,0.8,797.6373626373628,872.4444444444445,0.15952747252747257,58.080993080993075,78.00208022430245,0.0032075378973310926,1.0000000000000002,1.0,1.0,10,8,2.7837264989575194,1,10,balanced,1,2,8,10,True,requested_slotframe_below_minimum (8 < 10),2.7837264989575194,False,False,False,True,0,979,43,1,0,reliability
1784683105478.116,0.1,0.1,0.8,799.0235478806908,874.6666666666666,0.15980470957613815,66.51946818613486,91.1047799936689,0.00377047819787424,1.0000000000000002,1.0,1.0,10,8,2.783642481222599,1,10,balanced,1,2,8,10,True,requested_slotframe_below_minimum (8 < 10),2.783642481222599,False,False,False,True,0,980,43,1,0,reliability
1784683109020.901,0.1,0.1,0.8,798.0973312401884,873.3333333333334,0.1596194662480377,66.41975308641976,88.76543209876543,0.0037638260898211983,1.0000000000000002,1.0,1.0,10,8,2.783661670766214,1,10,balanced,1,2,8,10,True,requested_slotframe_below_minimum (8 < 10),2.783661670766214,False,False,False,True,0,981,43,1,0,reliability
1784683112661.947,0.1,0.1,0.8,799.2543171114601,873.8888888888889,0.15985086342229202,58.58612580834803,80.7583774250441,0.0032412358778084074,1.0000000000000002,1.0,1.0,10,8,2.78369079006999,1,10,balanced,1,2,8,10,True,requested_slotframe_below_minimum (8 < 10),2.78369079006999,False,False,False,True,0,982,43,1,0,reliability
1784683116304.11,0.1,0.1,0.8,799.519623233909,874.4444444444445,0.1599039246467818,64.62154614932392,87.71457965902411,0.0036438656537240775,1.0000000000000002,1.0,1.0,10,8,2.7836452209699494,1,10,balanced,1,2,8,10,True,requested_slotframe_below_minimum (8 < 10),2.7836452209699494,False,False,False,True,0,983,43,1,0,reliability
1784683119846.907,0.1,0.1,0.8,799.0612244897961,874.2222222222222,0.15981224489795923,81.91120607787275,129.02975625197848,0.004797278590918796,1.0000000000000002,1.0,1.0,10,8,2.783539047651112,1,10,balanced,1,2,8,10,True,requested_slotframe_below_minimum (8 < 10),2.783539047651112,False,False,False,True,0,984,43,1,0,reliability
1784683123499.371,0.1,0.1,0.8,799.3610675039248,874.3333333333334,0.15987221350078495,79.04083570750237,122.89648622981953,0.004605792909106229,1.0000000000000002,1.0,1.0,10,8,2.783552199359011,1,10,balanced,1,2,8,10,True,requested_slotframe_below_minimum (8 < 10),2.783552199359011,False,False,False,True,0,985,43,1,0,reliability
1784683127138.611,0.1,0.1,0.8,799.1459968602827,874.0,0.15982919937205653,79.73488445710669,111.71889838556505,0.004652093692935736,0.9937205651491368,0.9917695473251028,0.9937205651491368,10,8,2.7785283228128104,1,10,balanced,1,2,8,10,True,requested_slotframe_below_minimum (8 < 10),2.7785283228128104,False,False,False,True,0,986,43,1,0,reliability
1784683130773.4302,0.1,0.1,0.8,798.9984301412874,873.8888888888889,0.15979968602825748,94.1943653054764,146.29313073757518,0.005616702155135183,1.0000000000000002,1.0,1.0,10,8,2.783458361181661,1,10,balanced,1,2,8,10,True,requested_slotframe_below_minimum (8 < 10),2.783458361181661,False,False,False,True,0,987,43,1,0,reliability
1784683137385.456,0.1,0.1,0.8,797.8649921507066,873.4444444444445,0.15957299843014133,81.00144711255822,119.04287070953735,0.004736587532525566,0.9942812289751068,0.9960317460317462,0.9942812289751068,10,8,2.778994024583819,1,10,balanced,1,2,8,10,True,requested_slotframe_below_minimum (8 < 10),2.778994024583819,False,False,False,True,0,988,43,1,0,reliability
1784683141024.978,0.1,0.1,0.8,797.7268445839876,872.8888888888889,0.15954536891679752,103.82642563198118,133.04526748971193,0.006259267887390339,1.0000000000000002,1.0,1.0,10,8,2.783419536319581,1,10,balanced,1,2,8,10,True,requested_slotframe_below_minimum (8 < 10),2.783419536319581,False,False,False,True,0,989,43,1,0,reliability
1784683144669.496,0.1,0.1,0.8,798.6091051805338,874.1111111111111,0.15972182103610677,116.58436213991769,161.19341563786008,0.007110364385584903,1.0000000000000002,1.0,1.0,10,8,2.783316781457831,1,10,balanced,1,2,8,10,True,requested_slotframe_below_minimum (8 < 10),2.783316781457831,False,False,False,True,0,990,43,1,0,reliability
1784683148321.189,0.1,0.1,0.8,800.5886970172686,875.5555555555555,0.16011773940345372,93.90946502057612,127.81893004115227,0.005597696132126492,1.0000000000000002,1.0,1.0,10,8,2.783428456446442,1,10,balanced,1,2,8,10,True,requested_slotframe_below_minimum (8 < 10),2.783428456446442,False,False,False,True,0,991,43,1,0,reliability
1784683151954.243,0.1,0.1,0.8,797.9324960753534,873.0,0.15958649921507068,78.72868900646678,106.93121693121695,0.004584969246595516,1.0000000000000002,1.0,1.0,10,8,2.7835828531538334,1,10,balanced,1,2,8,10,True,requested_slotframe_below_minimum (8 < 10),2.7835828531538334,False,False,False,True,0,992,43,1,0,reliability
1784683155586.952,0.1,0.1,0.8,798.9466248037677,874.2222222222222,0.15978932496075354,117.13918283362729,148.39947089947088,0.007147377106979806,1.0000000000000002,1.0,1.0,10,8,2.7833063297932266,1,10,balanced,1,2,8,10,True,requested_slotframe_below_minimum (8 < 10),2.7833063297932266,False,False,False,True,0,993,43,1,0,reliability
1784683159229.9448,0.1,0.1,0.8,799.1899529042387,874.2222222222222,0.15983799058084774,68.10552616108171,101.05526161081717,0.0038762859346952445,1.0000000000000002,1.0,1.0,10,8,2.7836285723484457,1,10,balanced,1,2,8,10,True,requested_slotframe_below_minimum (8 < 10),2.7836285723484457,False,False,False,True,0,994,43,1,0,reliability
1784683162773.545,0.1,0.1,0.8,798.348508634223,873.1111111111111,0.1596697017268446,65.53277483833038,95.14697236919459,0.0037046547590613996,1.0000000000000002,1.0,1.0,10,8,2.7836625643514097,1,10,balanced,1,2,8,10,True,requested_slotframe_below_minimum (8 < 10),2.7836625643514097,False,False,False,True,0,995,43,1,0,reliability
1784683166312.5342,0.1,0.1,0.8,798.9466248037678,873.5555555555555,0.15978932496075357,63.86978248089359,88.25690770135216,0.0035937146418207866,1.0000000000000002,1.0,1.0,10,8,2.7836616960397427,1,10,balanced,1,2,8,10,True,requested_slotframe_below_minimum (8 < 10),2.7836616960397427,False,False,False,True,0,996,43,1,0,reliability
1784683172787.3398,0.1,0.1,0.8,799.2935635792779,874.6666666666666,0.15985871271585558,65.002035002035,85.38913761135983,0.00366924849913509,1.0000000000000002,1.0,1.0,10,8,2.783647203878501,1,10,balanced,1,2,8,10,True,requested_slotframe_below_minimum (8 < 10),2.783647203878501,False,False,False,True,0,997,43,1,0,reliability
1784683176332.223,0.1,0.1,0.8,798.8320251177395,874.0,0.15976640502354789,95.61801881246325,128.45532039976484,0.005711675704633972,1.0000000000000002,1.0,1.0,10,8,2.7834521919271817,1,10,balanced,1,2,8,10,True,requested_slotframe_below_minimum (8 < 10),2.7834521919271817,False,False,False,True,0,998,43,1,0,reliability
1784683179876.4292,0.1,0.1,0.8,798.1978021978023,873.6666666666666,0.15963956043956046,110.25573192239857,143.7037037037037,0.006688174244322787,1.0000000000000002,1.0,1.0,10,8,2.783367226531612,1,10,balanced,1,2,8,10,True,requested_slotframe_below_minimum (8 < 10),2.783367226531612,False,False,False,True,0,999,43,1,0,reliability
1784683183415.6,0.1,0.1,0.8,797.2919937205651,872.4444444444445,0.15945839874411302,121.91945914168134,155.22633744855966,0.007466274792640517,1.0000000000000002,1.0,1.0,10,8,2.7833075326463246,1,10,balanced,1,2,8,10,True,requested_slotframe_below_minimum (8 < 10),2.7833075326463246,False,False,False,True,0,1000,43,1,0,reliability
1784683187158.7651,0.1,0.1,0.8,711.3579277864992,813.0,0.14227158555729985,54.05555555555554,66.88888888888889,0.002938996367949002,0.839874411302983,0.8888888888888888,0.839874411302983,10,8,2.657378470849862,1,10,balanced,1,2,8,10,True,requested_slotframe_below_minimum (8 < 10),2.657378470849862,False,False,False,True,0,1001,43,1,0,reliability
1784683190711.096,0.1,0.1,0.8,797.9324960753534,872.5555555555555,0.15958649921507068,61.89300411522633,85.3909465020576,0.003461841502016433,1.0000000000000002,1.0,1.0,10,8,2.7836951659282914,1,10,balanced,1,2,8,10,True,requested_slotframe_below_minimum (8 < 10),2.7836951659282914,False,False,False,True,0,1002,43,1,0,reliability
1784683194256.295,0.1,0.1,0.8,799.8414442700157,875.1111111111111,0.15996828885400313,60.216049382716044,83.20987654320987,0.003349969938806941,1.0000000000000002,1.0,1.0,10,8,2.783668174120719,1,10,balanced,1,2,8,10,True,requested_slotframe_below_minimum (8 < 10),2.783668174120719,False,False,False,True,0,1003,43,1,0,reliability
1784683197796.238,0.1,0.1,0.8,800.4583987441131,875.5555555555555,0.16009167974882263,69.60532266087822,95.89494867272646,0.003976339070105284,1.0000000000000002,1.0,1.0,10,8,2.7835931981181075,1,10,balanced,1,2,8,10,True,requested_slotframe_below_minimum (8 < 10),2.7835931981181075,False,False,False,True,0,1004,43,1,0,reliability
1784683225483.225,0.1,0.1,0.8,797.2794348508635,872.1111111111111,0.15945588697017268,87.26100031655587,111.88509021842356,0.005154169467415335,1.0000000000000002,1.0,1.0,10,8,2.783538994356241,1,10,balanced,1,2,8,10,True,requested_slotframe_below_minimum (8 < 10),2.783538994356241,False,False,False,True,0,1005,43,1,0,reliability
1784683253415.699,0.1,0.1,0.8,798.8649921507065,873.6666666666666,0.15977299843014128,77.38683127572017,107.201646090535,0.004495452386639104,1.0000000000000002,1.0,1.0,10,8,2.7835731549183222,1,10,balanced,1,2,8,10,True,requested_slotframe_below_minimum (8 < 10),2.7835731549183222,False,False,False,True,0,1006,43,1,0,reliability
1784683281596.194,0.1,0.1,0.8,796.9968602825746,872.5555555555555,0.15939937205651492,79.9778410889522,109.2165242165242,0.004668301607001481,1.0000000000000002,1.0,1.0,10,8,2.7835932326336486,1,10,balanced,1,2,8,10,True,requested_slotframe_below_minimum (8 < 10),2.7835932326336486,False,False,False,True,0,1007,43,1,0,reliability
1784683306947.946,0.1,0.1,0.8,797.5007849293564,872.4444444444445,0.15950015698587128,134.36530547641658,208.45204178537512,0.00829655139936068,1.0000000000000002,1.0,1.0,10,8,2.7832203291614768,1,10,balanced,1,2,8,10,True,requested_slotframe_below_minimum (8 < 10),2.7832203291614768,False,False,False,True,0,1008,43,1,0,reliability
1784683335062.002,0.1,0.1,0.8,798.1130298273155,873.2222222222222,0.1596226059654631,130.8674264007597,173.3239632795188,0.008063203895981301,0.9938413235116534,0.9957264957264957,0.9938413235116534,10,8,2.7783044778231782,1,10,balanced,1,2,8,10,True,requested_slotframe_below_minimum (8 < 10),2.7783044778231782,False,False,False,True,0,1009,43,1,0,reliability
1784683362857.869,0.1,0.1,0.8,796.3610675039247,871.5555555555555,0.15927221350078494,100.46296296296295,136.00664767331435,0.006034887455834753,1.0000000000000002,1.0,1.0,10,8,2.783469289904338,1,10,balanced,1,2,8,10,True,requested_slotframe_below_minimum (8 < 10),2.783469289904338,False,False,False,True,0,1010,43,1,0,reliability
1784683390438.136,0.1,0.1,0.8,797.6405023547882,872.6666666666666,0.15952810047095764,101.59623298512186,136.14276669832225,0.006110489191802659,1.0000000000000002,1.0,1.0,10,8,2.7834361410337243,1,10,balanced,1,2,8,10,True,requested_slotframe_below_minimum (8 < 10),2.7834361410337243,False,False,False,True,0,1011,43,1,0,reliability
1784683418174.836,0.1,0.1,0.8,798.4552590266877,873.7777777777778,0.15969105180533755,104.47293447293447,141.15859449192783,0.006302397229682086,1.0000000000000002,1.0,1.0,10,8,2.7834006550964983,1,10,balanced,1,2,8,10,True,requested_slotframe_below_minimum (8 < 10),2.7834006550964983,False,False,False,True,0,1012,43,1,0,reliability
1784683443040.095,0.1,0.1,0.8,799.2448979591837,874.7777777777778,0.15984897959183675,96.13960113960114,135.98290598290598,0.005746471056677862,1.0000000000000002,1.0,1.0,10,8,2.783440454935149,1,10,balanced,1,2,8,10,True,requested_slotframe_below_minimum (8 < 10),2.783440454935149,False,False,False,True,0,1013,43,1,0,reliability
1784683477547.6501,0.1,0.1,0.8,595.9026687598116,697.7777777777778,0.11918053375196232,59.57563025210084,83.27450980392157,0.0033072468480387484,0.7284144427001572,0.7777777777777778,0.7284144427001572,10,8,2.5704827761001257,1,10,balanced,1,2,8,10,True,requested_slotframe_below_minimum (8 < 10),2.5704827761001257,False,False,False,True,0,1014,43,1,0,reliability
1784683505339.077,0.1,0.1,0.8,799.5541601255887,874.7777777777778,0.15991083202511774,131.62472301361188,193.78442545109212,0.008113724016918738,1.0000000000000002,1.0,1.0,10,8,2.7831975443957964,1,10,balanced,1,2,8,10,True,requested_slotframe_below_minimum (8 < 10),2.7831975443957964,False,False,False,True,0,1015,43,1,0,reliability
1784683532964.8198,0.1,0.1,0.8,799.4568288854003,874.2222222222222,0.15989136577708007,64.85438429882873,86.22665400443178,0.003659398552290109,1.0000000000000002,1.0,1.0,10,8,2.783644923567063,1,10,balanced,1,2,8,10,True,requested_slotframe_below_minimum (8 < 10),2.783644923567063,False,False,False,True,0,1016,43,1,0,reliability
1784683560792.0671,0.1,0.1,0.8,798.475667189953,874.0,0.1596951334379906,60.540519151630264,83.57866413421968,0.0033716156872335068,1.0000000000000002,1.0,1.0,10,8,2.7836933250874774,1,10,balanced,1,2,8,10,True,requested_slotframe_below_minimum (8 < 10),2.7836933250874774,False,False,False,True,0,1017,43,1,0,reliability
1784683588255.854,0.1,0.1,0.8,711.5259026687598,813.3333333333334,0.14230518053375196,57.66666666666666,75.14814814814814,0.0031798977095841667,0.839874411302983,0.8888888888888888,0.839874411302983,10,8,2.657351021218053,1,10,balanced,1,2,8,10,True,requested_slotframe_below_minimum (8 < 10),2.657351021218053,False,False,False,True,0,1018,43,1,0,reliability
1784683615678.542,0.1,0.1,0.8,796.8775510204083,872.0,0.15937551020408167,77.86641342196897,104.47610003165559,0.004527445858703734,1.0000000000000002,1.0,1.0,10,8,2.7836097043937214,1,10,balanced,1,2,8,10,True,requested_slotframe_below_minimum (8 < 10),2.7836097043937214,False,False,False,True,0,1019,43,1,0,reliability
1784683643080.727,0.1,0.1,0.8,796.8069073783361,871.2222222222222,0.15936138147566722,118.23915796138019,162.0496992719215,0.007220757702560386,1.0000000000000002,1.0,1.0,10,8,2.783341786082177,1,10,balanced,1,2,8,10,True,requested_slotframe_below_minimum (8 < 10),2.783341786082177,False,False,False,True,0,1020,43,1,0,reliability
1784683670664.635,0.1,0.1,0.8,797.1632653061224,872.4444444444445,0.15943265306122448,107.0742323520101,140.69167458056347,0.006475932778653108,1.0000000000000002,1.0,1.0,10,8,2.783409141416012,1,10,balanced,1,2,8,10,True,requested_slotframe_below_minimum (8 < 10),2.783409141416012,False,False,False,True,0,1021,43,1,0,reliability
1784683695418.283,0.1,0.1,0.8,798.3029827315542,872.8888888888889,0.15966059654631082,115.22317188983854,153.74960430515986,0.007019557831210043,1.0000000000000002,1.0,1.0,10,8,2.783331984562248,1,10,balanced,1,2,8,10,True,requested_slotframe_below_minimum (8 < 10),2.783331984562248,False,False,False,True,0,1022,43,1,0,reliability
1784683723238.856,0.1,0.1,0.8,798.078492935636,873.2222222222222,0.15961569858712718,133.7108262108262,178.27318771763217,0.008252890340949047,1.0000000000000002,1.0,1.0,10,8,2.7832131411071925,1,10,balanced,1,2,8,10,True,requested_slotframe_below_minimum (8 < 10),2.7832131411071925,False,False,False,True,0,1023,43,1,0,reliability
1784683751334.186,0.1,0.1,0.8,798.5510204081635,873.6666666666666,0.1597102040816327,120.63786008230453,165.3497942386831,0.007380777857391896,1.0000000000000002,1.0,1.0,10,8,2.7832909018060974,1,10,balanced,1,2,8,10,True,requested_slotframe_below_minimum (8 < 10),2.7832909018060974,False,False,False,True,0,1024,43,1,0,reliability
1784683778497.8398,0.1,0.1,0.8,797.3657770800628,872.7777777777778,0.15947315541601256,138.44051915163027,206.55656853434633,0.008568413552477002,0.9881388452817026,0.9917695473251028,0.9881388452817026,10,8,2.773706919328513,1,10,balanced,1,2,8,10,True,requested_slotframe_below_minimum (8 < 10),2.773706919328513,False,False,False,True,0,1025,43,1,0,reliability
1784683806019.47,0.1,0.1,0.8,797.6232339089481,873.0,0.15952464678178963,93.05951250395695,128.24786324786325,0.005540994830150564,1.0000000000000002,1.0,1.0,10,8,2.783493435838806,1,10,balanced,1,2,8,10,True,requested_slotframe_below_minimum (8 < 10),2.783493435838806,False,False,False,True,0,1026,43,1,0,reliability
1784683831384.929,0.1,0.1,0.8,799.729984301413,874.6666666666666,0.1599459968602826,1332.8462329851218,1203.6870845204178,0.0882485812531769,0.980264633325858,0.9841269841269842,0.980264633325858,10,8,2.7593922488493403,1,10,balanced,1,2,8,10,True,requested_slotframe_below_minimum (8 < 10),2.7593922488493403,False,False,False,True,0,1027,43,1,0,reliability
1784683858881.608,0.1,0.1,0.8,798.6593406593408,874.2222222222222,0.15973186813186818,63.550965495409926,84.75150364039251,0.003572445997025345,1.0000000000000002,1.0,1.0,10,8,2.7836695685871105,1,10,balanced,1,2,8,10,True,requested_slotframe_below_minimum (8 < 10),2.7836695685871105,False,False,False,True,0,1028,43,1,0,reliability
1784683886671.633,0.1,0.1,0.8,796.8963893249609,871.8888888888889,0.15937927786499217,61.085786641342196,85.67426400759733,0.0034079911034918075,1.0000000000000002,1.0,1.0,10,8,2.7837212731031515,1,10,balanced,1,2,8,10,True,requested_slotframe_below_minimum (8 < 10),2.7837212731031515,False,False,False,True,0,1029,43,1,0,reliability
1784683914253.194,0.1,0.1,0.8,798.5620094191524,873.4444444444445,0.15971240188383048,65.35137701804368,89.62329851218739,0.0036925535035386044,1.0000000000000002,1.0,1.0,10,8,2.783659504461263,1,10,balanced,1,2,8,10,True,requested_slotframe_below_minimum (8 < 10),2.783659504461263,False,False,False,True,0,1030,43,1,0,reliability
1784683938910.796,0.1,0.1,0.8,799.0078492935637,873.8888888888889,0.15980156985871274,60.4946185501741,81.69673947451726,0.0033685536057487726,1.0000000000000002,1.0,1.0,10,8,2.783682987653554,1,10,balanced,1,2,8,10,True,requested_slotframe_below_minimum (8 < 10),2.783682987653554,False,False,False,True,0,1031,43,1,0,reliability
1784683966827.862,0.1,0.1,0.8,798.3579277864994,872.7777777777778,0.15967158555729988,106.37860082304526,144.4855967078189,0.006429526405806889,1.0000000000000002,1.0,1.0,10,8,2.7833898888036894,1,10,balanced,1,2,8,10,True,requested_slotframe_below_minimum (8 < 10),2.7833898888036894,False,False,False,True,0,1032,43,1,0,reliability
1784683994749.595,0.1,0.1,0.8,798.2684458398745,872.8888888888889,0.1596536891679749,111.48543842988288,152.58151313706867,0.0067702093682376835,1.0000000000000002,1.0,1.0,10,8,2.783357610146379,1,10,balanced,1,2,8,10,True,requested_slotframe_below_minimum (8 < 10),2.783357610146379,False,False,False,True,0,1033,43,1,0,reliability
1784684022274.741,0.1,0.1,0.8,798.2605965463109,873.2222222222222,0.15965211930926218,59.002849002849,83.02943969610637,0.0032690359574949297,1.0000000000000002,1.0,1.0,10,8,2.7837078844733245,1,10,balanced,1,2,8,10,True,requested_slotframe_below_minimum (8 < 10),2.7837078844733245,False,False,False,True,0,1034,43,1,0,reliability
1784684047028.76,0.1,0.1,0.8,796.6813186813189,871.2222222222222,0.15933626373626378,67.29661285216841,88.448876226654,0.0038223224050812814,1.0000000000000002,1.0,1.0,10,8,2.7836841413858657,1,10,balanced,1,2,8,10,True,requested_slotframe_below_minimum (8 < 10),2.7836841413858657,False,False,False,True,0,1035,43,1,0,reliability
1784684074625.3308,0.1,0.1,0.8,798.5054945054945,873.8888888888889,0.1597010989010989,65.06568534346312,87.94080405191517,0.0036734946860215553,1.0000000000000002,1.0,1.0,10,8,2.783662540641288,1,10,balanced,1,2,8,10,True,requested_slotframe_below_minimum (8 < 10),2.783662540641288,False,False,False,True,0,1036,43,1,0,reliability
1784684109229.117,0.1,0.1,0.8,589.0455259026688,697.7777777777778,0.11780910518053377,37.69701213818861,52.21381886087768,0.0018476992753961715,0.7205651491365777,0.7777777777777778,0.7205651491365777,10,8,2.564486438863669,1,10,balanced,1,2,8,10,True,requested_slotframe_below_minimum (8 < 10),2.564486438863669,False,False,False,True,0,1037,43,1,0,reliability
1784684137110.425,0.1,0.1,0.8,797.9560439560441,872.5555555555555,0.15959120879120883,64.70876859765748,88.54384298828744,0.0036496843627523336,1.0000000000000002,1.0,1.0,10,8,2.783675910684604,1,10,balanced,1,2,8,10,True,requested_slotframe_below_minimum (8 < 10),2.783675910684604,False,False,False,True,0,1038,43,1,0,reliability
1784684164934.25,0.1,0.1,0.8,800.5620094191523,875.5555555555555,0.16011240188383047,66.24881291547958,88.29534662867997,0.0037524224760159823,1.0000000000000002,1.0,1.0,10,8,2.7836135175640155,1,10,balanced,1,2,8,10,True,requested_slotframe_below_minimum (8 < 10),2.7836135175640155,False,False,False,True,0,1039,43,1,0,reliability
1784684189593.847,0.1,0.1,0.8,799.5996860282575,874.0,0.15991993720565148,60.40519151630262,80.89268755935421,0.0033625878263043776,1.0000000000000002,1.0,1.0,10,8,2.7836717474968045,1,10,balanced,1,2,8,10,True,requested_slotframe_below_minimum (8 < 10),2.7836717474968045,False,False,False,True,0,1040,43,1,0,reliability
1784684217184.983,0.1,0.1,0.8,798.3579277864993,873.5555555555555,0.15967158555729985,70.37116176005064,95.00949667616334,0.004027429070050076,1.0000000000000002,1.0,1.0,10,8,2.783630098537265,1,10,balanced,1,2,8,10,True,requested_slotframe_below_minimum (8 < 10),2.783630098537265,False,False,False,True,0,1041,43,1,0,reliability
1784684245270.076,0.1,0.1,0.8,798.52590266876,873.7777777777778,0.159705180533752,65.25561886672998,95.59195948084839,0.00368616536802735,0.9939531368102799,0.9958847736625513,0.9939531368102799,10,8,2.778823374858046,1,10,balanced,1,2,8,10,True,requested_slotframe_below_minimum (8 < 10),2.778823374858046,False,False,False,True,0,1042,43,1,0,reliability
1784684272893.86,0.1,0.1,0.8,797.973312401884,873.1111111111111,0.1595946624803768,67.38129154795823,98.66888255777144,0.0038279714174755323,1.0000000000000002,1.0,1.0,10,8,2.783657736610215,1,10,balanced,1,2,8,10,True,requested_slotframe_below_minimum (8 < 10),2.783657736610215,False,False,False,True,0,1043,43,1,0,reliability
1784684319423.6719,0.1,0.1,0.8,437.99215070643646,520.7777777777778,0.08759843014128729,46.40946892941573,55.84803838793201,0.002428917206765559,0.4958791208791209,0.5532407407407407,0.4958791208791209,10,8,2.3877005619684915,1,10,balanced,1,2,8,10,True,requested_slotframe_below_minimum (8 < 10),2.3877005619684915,False,False,False,True,0,1044,43,1,0,reliability
1784684347251.668,0.1,0.1,0.8,795.3343799058086,870.3333333333334,0.15906687598116173,106.488603988604,147.91547958214625,0.006436864842468579,1.0000000000000002,1.0,1.0,10,8,2.783449625917637,1,10,balanced,1,2,8,10,True,requested_slotframe_below_minimum (8 < 10),2.783449625917637,False,False,False,True,0,1045,43,1,0,reliability
1784684374737.582,0.1,0.1,0.8,796.8995290423862,871.7777777777778,0.15937990580847725,108.56204495093382,167.01012978790754,0.006575186454365165,0.9940694226408515,0.9958847736625513,0.9940694226408515,10,8,2.7786600288863967,1,10,balanced,1,2,8,10,True,requested_slotframe_below_minimum (8 < 10),2.7786600288863967,False,False,False,True,0,1046,43,1,0,reliability
1784684399396.454,0.1,0.1,0.8,795.7503924646782,871.2222222222222,0.15915007849293564,108.25071225071224,162.72364672364674,0.006554417094777334,0.9957130781306608,0.9957264957264957,0.9957130781306608,10,8,2.7800000129457576,1,10,balanced,1,2,8,10,True,requested_slotframe_below_minimum (8 < 10),2.7800000129457576,False,False,False,True,0,1047,43,1,0,reliability
1784684427800.4402,0.1,0.1,0.8,796.6530612244898,871.0,0.15933061224489795,422.3001650612762,404.9541943653055,0.02750501434698307,0.9759288330716904,0.9833808167141501,0.9759288330716904,10,8,2.7620595037981643,1,10,balanced,1,2,8,10,True,requested_slotframe_below_minimum (8 < 10),2.7620595037981643,False,False,False,True,0,1048,43,1,0,reliability
1784684455587.038,0.1,0.1,0.8,797.0816326530614,872.2222222222222,0.15941632653061227,104.22127255460589,142.0829376384932,0.0062856085760244085,1.0000000000000002,1.0,1.0,10,8,2.7834298064893366,1,10,balanced,1,2,8,10,True,requested_slotframe_below_minimum (8 < 10),2.7834298064893366,False,False,False,True,0,1049,43,1,0,reliability
1784684483274.7778,0.1,0.1,0.8,797.6059654631084,872.6666666666666,0.1595211930926217,97.00617283950616,144.93668882557773,0.005804281043329297,1.0000000000000002,1.0,1.0,10,8,2.7834674525864047,1,10,balanced,1,2,8,10,True,requested_slotframe_below_minimum (8 < 10),2.7834674525864047,False,False,False,True,0,1050,43,1,0,reliability
1784684511766.1792,0.1,0.1,0.8,798.2621664050237,873.2222222222222,0.15965243328100473,31038.50240808574,31398.607493329717,1.0,0.9878896613590493,0.988095238095238,0.9878896613590493,10,8,2.674346485759139,1,10,balanced,1,2,8,10,True,requested_slotframe_below_minimum (8 < 10),2.674346485759139,False,False,False,True,0,1051,43,1,0,reliability
1784684536723.9631,0.1,0.1,0.8,797.5934065934068,872.7777777777778,0.15951868131868135,132.05128205128204,197.1763216207661,0.008142180256923419,1.0000000000000002,1.0,1.0,10,8,2.7832339138424396,1,10,balanced,1,2,8,10,True,requested_slotframe_below_minimum (8 < 10),2.7832339138424396,False,False,False,True,0,1052,43,1,0,reliability
1784684564315.841,0.1,0.1,0.8,798.5494505494506,873.3333333333334,0.15970989010989012,1098.0096549540992,1211.527382082938,0.07258236524043357,1.0000000000000002,1.0,1.0,10,8,2.7767707744649677,1,10,balanced,1,2,8,10,True,requested_slotframe_below_minimum (8 < 10),2.7767707744649677,False,False,False,True,0,1053,43,1,0,reliability
1784684592125.8809,0.1,0.1,0.8,799.032967032967,874.3333333333334,0.1598065934065934,119.48638809749922,153.83507439062996,0.007303961847731769,1.0000000000000002,1.0,1.0,10,8,2.7832889444745676,1,10,balanced,1,2,8,10,True,requested_slotframe_below_minimum (8 < 10),2.7832889444745676,False,False,False,True,0,1054,43,1,0,reliability
1784684619943.2869,0.1,0.1,0.8,797.7221350078494,872.2222222222222,0.15954442700156987,97.12329851218739,131.55903767014877,0.005812094630566204,1.0000000000000002,1.0,1.0,10,8,2.7834643478367864,1,10,balanced,1,2,8,10,True,requested_slotframe_below_minimum (8 < 10),2.7834643478367864,False,False,False,True,0,1055,43,1,0,reliability
1784684644606.714,0.1,0.1,0.8,797.6875981161696,872.4444444444445,0.15953751962323393,100.59195948084837,134.70718581829692,0.006043492960697023,1.0000000000000002,1.0,1.0,10,8,2.783441898741607,1,10,balanced,1,2,8,10,True,requested_slotframe_below_minimum (8 < 10),2.783441898741607,False,False,False,True,0,1056,43,1,0,reliability
1784684672284.259,0.1,0.1,0.8,797.4897959183675,872.4444444444445,0.1594979591836735,108.89284583729028,154.5346628679962,0.006597254558858591,1.0000000000000002,1.0,1.0,10,8,2.783390478625747,1,10,balanced,1,2,8,10,True,requested_slotframe_below_minimum (8 < 10),2.783390478625747,False,False,False,True,0,1057,43,1,0,reliability
1784684699904.395,0.1,0.1,0.8,798.3877551020408,873.5555555555555,0.15967755102040818,93.96090534979425,141.05887939221273,0.00560112777516973,1.0000000000000002,1.0,1.0,10,8,2.7834721321204423,1,10,balanced,1,2,8,10,True,requested_slotframe_below_minimum (8 < 10),2.7834721321204423,False,False,False,True,0,1058,43,1,0,reliability
1784684727630.9631,0.1,0.1,0.8,796.5306122448981,871.7777777777778,0.15930612244897963,81.70702754036087,117.67173156062046,0.004783657607762566,1.0000000000000002,1.0,1.0,10,8,2.783591021994326,1,10,balanced,1,2,8,10,True,requested_slotframe_below_minimum (8 < 10),2.783591021994326,False,False,False,True,0,1059,43,1,0,reliability
1784684752876.7878,0.1,0.1,0.8,796.7284144427003,871.8888888888889,0.15934568288854006,7105.89958395514,6923.200153755709,0.4733755559676544,0.9896505610791326,0.9876543209876544,0.9896505610791326,10,8,2.7284483249776867,1,10,balanced,1,2,8,10,True,requested_slotframe_below_minimum (8 < 10),2.7284483249776867,False,False,False,True,0,1060,43,1,0,reliability
1784684780668.315,0.1,0.1,0.8,797.802197802198,873.0,0.15956043956043958,85.58879392212727,115.35295979740424,0.005042614671255988,1.0000000000000002,1.0,1.0,10,8,2.7835396945768305,1,10,balanced,1,2,8,10,True,requested_slotframe_below_minimum (8 < 10),2.7835396945768305,False,False,False,True,0,1061,43,1,0,reliability
1784684808643.9,0.1,0.1,0.8,798.0313971742545,874.0,0.1596062794348509,81.4806900918012,109.42228553339663,0.004768558378372327,1.0000000000000002,1.0,1.0,10,8,2.7835625162186775,1,10,balanced,1,2,8,10,True,requested_slotframe_below_minimum (8 < 10),2.7835625162186775,False,False,False,True,0,1062,43,1,0,reliability
1784684836564.768,0.1,0.1,0.8,798.1899529042387,873.3333333333334,0.15963799058084774,86.03672048116493,124.04558404558404,0.00507249636298632,1.0000000000000002,1.0,1.0,10,8,2.7835289513056165,1,10,balanced,1,2,8,10,True,requested_slotframe_below_minimum (8 < 10),2.7835289513056165,False,False,False,True,0,1063,43,1,0,reliability
1784684864177.269,0.1,0.1,0.8,798.3186813186813,873.6666666666666,0.15966373626373626,93.38002532446977,124.87337765115545,0.005562376606035342,1.0000000000000002,1.0,1.0,10,8,2.783477388713023,1,10,balanced,1,2,8,10,True,requested_slotframe_below_minimum (8 < 10),2.783477388713023,False,False,False,True,0,1064,43,1,0,reliability
1784684888945.679,0.1,0.1,0.8,797.7692307692308,872.6666666666666,0.15955384615384616,83.60715416270972,115.91642924976259,0.004910417222328867,1.0000000000000002,1.0,1.0,10,8,2.7835535736623824,1,10,balanced,1,2,8,10,True,requested_slotframe_below_minimum (8 < 10),2.7835535736623824,False,False,False,True,0,1065,43,1,0,reliability
1784684916234.469,0.1,0.1,0.8,797.4270015698588,872.7777777777778,0.15948540031397176,100.83966445077556,135.38303260525484,0.006060017641812913,1.0000000000000002,1.0,1.0,10,8,2.7834454582044215,1,10,balanced,1,2,8,10,True,requested_slotframe_below_minimum (8 < 10),2.7834454582044215,False,False,False,True,0,1066,43,1,0,reliability
1784684943617.605,0.1,0.1,0.8,797.2872841444271,872.8888888888889,0.1594574568288854,76.04146881924659,100.64577397910732,0.004405701722431394,1.0000000000000002,1.0,1.0,10,8,2.783613684144868,1,10,balanced,1,2,8,10,True,requested_slotframe_below_minimum (8 < 10),2.783613684144868,False,False,False,True,0,1067,43,1,0,reliability
1784684974549.888,0.1,0.1,0.8,709.8822605965463,812.3333333333334,0.14197645211930926,79.88470728793308,112.584229390681,0.004662088544892134,0.839874411302983,0.8888888888888888,0.839874411302983,10,8,2.6572356749759662,1,10,balanced,1,2,8,10,True,requested_slotframe_below_minimum (8 < 10),2.6572356749759662,False,False,False,True,0,1068,43,1,0,reliability
1784684999399.229,0.1,0.1,0.8,798.8084772370488,873.3333333333334,0.15976169544740976,81.37226970560303,106.10003165558722,0.004761325530727354,1.0000000000000002,1.0,1.0,10,8,2.7835476979021863,1,10,balanced,1,2,8,10,True,requested_slotframe_below_minimum (8 < 10),2.7835476979021863,False,False,False,True,0,1069,43,1,0,reliability
1784685027281.871,0.1,0.1,0.8,798.0675039246469,873.0,0.15961350078492936,58.10383032605254,82.42165242165242,0.0032090613960008363,1.0000000000000002,1.0,1.0,10,8,2.783717743781907,1,10,balanced,1,2,8,10,True,requested_slotframe_below_minimum (8 < 10),2.783717743781907,False,False,False,True,0,1070,43,1,0,reliability
1784685054799.679,0.1,0.1,0.8,799.1161695447411,874.2222222222222,0.1598232339089482,76.34140550807217,110.05856283634061,0.004425710841098877,1.0000000000000002,1.0,1.0,10,8,2.7835751055249953,1,10,balanced,1,2,8,10,True,requested_slotframe_below_minimum (8 < 10),2.7835751055249953,False,False,False,True,0,1071,43,1,0,reliability
1784685082332.9712,0.1,0.1,0.8,799.8995290423861,874.6666666666666,0.15997990580847724,63.806584362139915,90.5128205128205,0.0035894986232248107,1.0000000000000002,1.0,1.0,10,8,2.78364305955683,1,10,balanced,1,2,8,10,True,requested_slotframe_below_minimum (8 < 10),2.78364305955683,False,False,False,True,0,1072,43,1,0,reliability
1784685107291.583,0.1,0.1,0.8,798.1130298273156,873.5555555555555,0.15962260596546313,68.93083254194364,96.11111111111111,0.003931343064839469,1.0000000000000002,1.0,1.0,10,8,2.7836446050969696,1,10,balanced,1,2,8,10,True,requested_slotframe_below_minimum (8 < 10),2.7836446050969696,False,False,False,True,0,1073,43,1,0,reliability
1784685135078.361,0.1,0.1,0.8,799.2401883830455,873.7777777777778,0.1598480376766091,64.43653054764165,94.59322570433682,0.0036315230518773616,1.0000000000000002,1.0,1.0,10,8,2.7836520439271513,1,10,balanced,1,2,8,10,True,requested_slotframe_below_minimum (8 < 10),2.7836520439271513,False,False,False,True,0,1074,43,1,0,reliability
1784685163067.2568,0.1,0.1,0.8,798.7613814756672,873.2222222222222,0.15975227629513344,89.80373535929091,130.11712567268123,0.005323798222767906,1.0000000000000002,1.0,1.0,10,8,2.78349239254821,1,10,balanced,1,2,8,10,True,requested_slotframe_below_minimum (8 < 10),2.78349239254821,False,False,False,True,0,1075,43,1,0,reliability
1784685190661.768,0.1,0.1,0.8,798.2605965463108,873.3333333333334,0.15965211930926215,66.3144982589427,87.23488445710669,0.0037568044202096534,1.0000000000000002,1.0,1.0,10,8,2.7836591076270527,1,10,balanced,1,2,8,10,True,requested_slotframe_below_minimum (8 < 10),2.7836591076270527,False,False,False,True,0,1076,43,1,0,reliability
1784685218260.866,0.1,0.1,0.8,798.5902668759812,872.8888888888889,0.15971805337519623,59.68819246597024,83.55175688509023,0.003314756001732504,1.0000000000000002,1.0,1.0,10,8,2.7836967190623074,1,10,balanced,1,2,8,10,True,requested_slotframe_below_minimum (8 < 10),2.7836967190623074,False,False,False,True,0,1077,43,1,0,reliability
1784685242815.843,0.1,0.1,0.8,798.3375196232339,873.2222222222222,0.1596675039246468,60.42655903767015,83.58816081038303,0.0033640132780300303,1.0000000000000002,1.0,1.0,10,8,2.7836968482797326,1,10,balanced,1,2,8,10,True,requested_slotframe_below_minimum (8 < 10),2.7836968482797326,False,False,False,True,0,1078,43,1,0,reliability
1784685270487.835,0.1,0.1,0.8,798.6530612244899,873.6666666666666,0.15973061224489798,58.5557138334916,80.39094650205763,0.0032392070602729555,1.0000000000000002,1.0,1.0,10,8,2.783703018069483,1,10,balanced,1,2,8,10,True,requested_slotframe_below_minimum (8 < 10),2.783703018069483,False,False,False,True,0,1079,43,1,0,reliability
1784685298501.781,0.1,0.1,0.8,796.5635792778651,871.3333333333334,0.15931271585557302,77.17394745172524,115.2627413738525,0.004481250663890943,1.0000000000000002,1.0,1.0,10,8,2.7836206033480537,1,10,balanced,1,2,8,10,True,requested_slotframe_below_minimum (8 < 10),2.7836206033480537,False,False,False,True,0,1080,43,1,0,reliability
1784685326129.883,0.1,0.1,0.8,798.3029827315543,873.4444444444445,0.15966059654631085,68.47578347578347,102.50870528648306,0.003900986222533921,1.0000000000000002,1.0,1.0,10,8,2.7836438417231157,1,10,balanced,1,2,8,10,True,requested_slotframe_below_minimum (8 < 10),2.7836438417231157,False,False,False,True,0,1081,43,1,0,reliability
1784685350580.799,0.1,0.1,0.8,798.6923076923077,873.6666666666666,0.15973846153846155,77.4915163026274,114.40607787274455,0.00450243604420463,1.0000000000000002,1.0,1.0,10,8,2.7835759102417335,1,10,balanced,1,2,8,10,True,requested_slotframe_below_minimum (8 < 10),2.7835759102417335,False,False,False,True,0,1082,43,1,0,reliability
1784685378283.556,0.1,0.1,0.8,798.6546310832026,873.7777777777778,0.15973092621664053,64.75546058879391,87.3298512187401,0.003652799238745424,1.0000000000000002,1.0,1.0,10,8,2.783661627454461,1,10,balanced,1,2,8,10,True,requested_slotframe_below_minimum (8 < 10),2.783661627454461,False,False,False,True,0,1083,43,1,0,reliability
1784685406169.437,0.1,0.1,0.8,799.2700156985871,874.3333333333334,0.15985400313971743,61.653213042101925,83.40139284583728,0.0034458447659841177,1.0000000000000002,1.0,1.0,10,8,2.78367001520943,1,10,balanced,1,2,8,10,True,requested_slotframe_below_minimum (8 < 10),2.78367001520943,False,False,False,True,0,1084,43,1,0,reliability
1784685483256.902,0.1,0.1,0.8,262.60596546310836,290.77777777777777,0.052521193092621675,14.26388888888889,19.694444444444443,0.0002844488918538285,0.3296703296703297,0.3333333333333333,0.3296703296703297,10,8,2.258455699537816,1,10,balanced,1,2,8,10,True,requested_slotframe_below_minimum (8 < 10),2.258455699537816,False,False,False,True,0,1085,43,1,0,reliability
1784685510879.5828,0.1,0.1,0.8,796.883830455259,871.4444444444445,0.1593767660910518,77.0789806900918,102.03387147831592,0.004474915322888045,1.0000000000000002,1.0,1.0,10,8,2.783614831858606,1,10,balanced,1,2,8,10,True,requested_slotframe_below_minimum (8 < 10),2.783614831858606,False,False,False,True,0,1086,43,1,0,reliability
1784685538760.788,0.1,0.1,0.8,797.9623233908949,872.6666666666666,0.15959246467817897,78.32225387780943,111.24723013611901,0.00455785549551764,1.0000000000000002,1.0,1.0,10,8,2.7835849679826303,1,10,balanced,1,2,8,10,True,requested_slotframe_below_minimum (8 < 10),2.7835849679826303,False,False,False,True,0,1087,43,1,0,reliability
1784685563619.446,0.1,0.1,0.8,797.5102040816328,872.0,0.15950204081632655,78.78838239949351,111.7758784425451,0.004588951460940195,1.0000000000000002,1.0,1.0,10,8,2.7835909007722734,1,10,balanced,1,2,8,10,True,requested_slotframe_below_minimum (8 < 10),2.7835909007722734,False,False,False,True,0,1088,43,1,0,reliability
1784685591244.084,0.1,0.1,0.8,799.0879120879121,873.5555555555555,0.1598175824175824,94.91927825261158,129.94618550174107,0.005665061924790632,1.0000000000000002,1.0,1.0,10,8,2.783451735565763,1,10,balanced,1,2,8,10,True,requested_slotframe_below_minimum (8 < 10),2.783451735565763,False,False,False,True,0,1089,43,1,0,reliability
1784685625650.1812,0.1,0.1,0.8,594.4317111459969,696.0,0.11888634222919939,70.9407096171802,94.12698412698414,0.0040654242573168915,0.7284144427001572,0.7777777777777778,0.7284144427001572,10,8,2.570436377511474,1,10,balanced,1,2,8,10,True,requested_slotframe_below_minimum (8 < 10),2.570436377511474,False,False,False,True,0,1090,43,1,0,reliability
1784685653431.875,0.1,0.1,0.8,797.9246467817898,873.0,0.15958492935635796,147.4184868629313,219.74358974358972,0.009167344020208893,0.9958718530147104,0.9958847736625513,0.9958718530147104,10,8,2.7798222550741114,1,10,balanced,1,2,8,10,True,requested_slotframe_below_minimum (8 < 10),2.7798222550741114,False,False,False,True,0,1091,43,1,0,reliability
1784685681146.959,0.1,0.1,0.8,797.0565149136579,872.4444444444445,0.15941130298273157,104.29962013295346,132.72712883823993,0.006290835232351799,0.9898249898249901,0.9917695473251028,0.9898249898249901,10,8,2.7752897780384838,1,10,balanced,1,2,8,10,True,requested_slotframe_below_minimum (8 < 10),2.7752897780384838,False,False,False,True,0,1092,43,1,0,reliability
1784685706007.802,0.1,0.1,0.8,798.6326530612246,873.4444444444445,0.15972653061224493,79.63200379867045,114.69768914213358,0.004645230406849263,1.0000000000000002,1.0,1.0,10,8,2.7835628238980905,1,10,balanced,1,2,8,10,True,requested_slotframe_below_minimum (8 < 10),2.7835628238980905,False,False,False,True,0,1093,43,1,0,reliability
1784685733633.948,0.1,0.1,0.8,798.3029827315543,873.4444444444445,0.15966059654631085,74.16983222538776,100.09654954099398,0.004280842710165962,1.0000000000000002,1.0,1.0,10,8,2.7836058560743524,1,10,balanced,1,2,8,10,True,requested_slotframe_below_minimum (8 < 10),2.7836058560743524,False,False,False,True,0,1094,43,1,0,reliability
1784685761529.629,0.1,0.1,0.8,798.8226059654631,874.0,0.15976452119309262,69.8781259892371,98.4377967711301,0.003994538091343369,0.9958718530147105,0.9958847736625516,0.9958718530147105,10,8,2.780321576483325,1,10,balanced,1,2,8,10,True,requested_slotframe_below_minimum (8 < 10),2.780321576483325,False,False,False,True,0,1095,43,1,0,reliability
1784685789023.573,0.1,0.1,0.8,797.9042386185245,873.0,0.1595808477237049,67.82605254827477,94.40170940170941,0.003857641931172433,1.0000000000000002,1.0,1.0,10,8,2.7836561510345126,1,10,balanced,1,2,8,10,True,requested_slotframe_below_minimum (8 < 10),2.7836561510345126,False,False,False,True,0,1096,43,1,0,reliability
1784685816610.169,0.1,0.1,0.8,798.6405023547882,874.0,0.15972810047095765,70.37828426717314,98.99018676796453,0.004027904220625293,1.0000000000000002,1.0,1.0,10,8,2.783624399530842,1,10,balanced,1,2,8,10,True,requested_slotframe_below_minimum (8 < 10),2.783624399530842,False,False,False,True,0,1097,43,1,0,reliability
1784685841265.1018,0.1,0.1,0.8,798.6970172684458,873.3333333333334,0.15973940345368917,76.62630579297246,113.40930674264008,0.004444716864107569,1.0000000000000002,1.0,1.0,10,8,2.7835815879682206,1,10,balanced,1,2,8,10,True,requested_slotframe_below_minimum (8 < 10),2.7835815879682206,False,False,False,True,0,1098,43,1,0,reliability
1784685868681.139,0.1,0.1,0.8,799.3249607535323,874.3333333333334,0.15986499215070646,69.93114909781576,97.11459322570433,0.00399807532340332,1.0000000000000002,1.0,1.0,10,8,2.783613693252589,1,10,balanced,1,2,8,10,True,requested_slotframe_below_minimum (8 < 10),2.783613693252589,False,False,False,True,0,1099,43,1,0,reliability
1784685895989.99,0.1,0.1,0.8,796.6216640502355,872.1111111111111,0.1593243328100471,75.30785058562836,104.38904716682494,0.004356761213184014,1.0000000000000002,1.0,1.0,10,8,2.783631890597677,1,10,balanced,1,2,8,10,True,requested_slotframe_below_minimum (8 < 10),2.783631890597677,False,False,False,True,0,1100,43,1,0,reliability
1784685923422.4182,0.1,0.1,0.8,798.8037676609107,873.3333333333334,0.15976075353218214,86.32399493510604,133.54384298828745,0.005091660769520083,1.0000000000000002,1.0,1.0,10,8,2.78351475856983,1,10,balanced,1,2,8,10,True,requested_slotframe_below_minimum (8 < 10),2.78351475856983,False,False,False,True,0,1101,43,1,0,reliability
1784685951186.034,0.1,0.1,0.8,683.9340659340661,759.0,0.1367868131868132,52.388888888888886,80.14814814814815,0.002827811133348158,0.8885400313971745,0.8888888888888888,0.8885400313971745,10,8,2.6968705626857234,1,10,balanced,1,2,8,10,True,requested_slotframe_below_minimum (8 < 10),2.6968705626857234,False,False,False,True,0,1102,43,1,0,reliability
1784685979076.333,0.1,0.1,0.8,795.8273155416013,871.0,0.15916546310832025,61.34061411839189,82.24596391263057,0.0034249909351829148,1.0000000000000002,1.0,1.0,10,8,2.7837409545956495,1,10,balanced,1,2,8,10,True,requested_slotframe_below_minimum (8 < 10),2.7837409545956495,False,False,False,True,0,1103,43,1,0,reliability
1784686006970.612,0.1,0.1,0.8,798.1208791208793,872.6666666666666,0.15962417582417585,83.93558088002533,112.52769863880975,0.00493232694329722,1.0000000000000002,1.0,1.0,10,8,2.7835443497232526,1,10,balanced,1,2,8,10,True,requested_slotframe_below_minimum (8 < 10),2.7835443497232526,False,False,False,True,0,1104,43,1,0,reliability
1784686034655.283,0.1,0.1,0.8,796.5714285714287,871.4444444444445,0.15931428571428574,92.8062678062678,134.31465653687874,0.005524100587476171,1.0000000000000002,1.0,1.0,10,8,2.783516161369824,1,10,balanced,1,2,8,10,True,requested_slotframe_below_minimum (8 < 10),2.783516161369824,False,False,False,True,0,1105,43,1,0,reliability
1784686059205.8562,0.1,0.1,0.8,796.4411302982732,872.0,0.15928822605965462,103.36340614118392,156.75530231085787,0.006228379328964904,1.0000000000000002,1.0,1.0,10,8,2.7834483394611382,1,10,balanced,1,2,8,10,True,requested_slotframe_below_minimum (8 < 10),2.7834483394611382,False,False,False,True,0,1106,43,1,0,reliability
1784686086623.914,0.1,0.1,0.8,796.9324960753534,871.8888888888889,0.15938649921507067,110.78031022475466,166.37860082304528,0.006723169461291171,1.0000000000000002,1.0,1.0,10,8,2.783389033132364,1,10,balanced,1,2,8,10,True,requested_slotframe_below_minimum (8 < 10),2.783389033132364,False,False,False,True,0,1107,43,1,0,reliability
1784686114347.2322,0.1,0.1,0.8,796.2527472527473,871.1111111111111,0.15925054945054948,133.1236150680595,194.96517885406774,0.008213716815747799,1.0000000000000002,1.0,1.0,10,8,2.7832535733733703,1,10,balanced,1,2,8,10,True,requested_slotframe_below_minimum (8 < 10),2.7832535733733703,False,False,False,True,0,1108,43,1,0,reliability
1784686142533.541,0.1,0.1,0.8,797.5306122448981,872.3333333333334,0.1595061224489796,129.89711934156378,172.88065843621402,0.007998473605174368,1.0000000000000002,1.0,1.0,10,8,2.7832495403945847,1,10,balanced,1,2,8,10,True,requested_slotframe_below_minimum (8 < 10),2.7832495403945847,False,False,False,True,0,1109,43,1,0,reliability
1784686167091.127,0.1,0.1,0.8,794.4081632653064,869.6666666666666,0.15888163265306127,183.24628046850268,221.3960113960114,0.011557457002568557,1.0000000000000002,1.0,1.0,10,8,2.7829560910344373,1,10,balanced,1,2,8,10,True,requested_slotframe_below_minimum (8 < 10),2.7829560910344373,False,False,False,True,0,1110,43,1,0,reliability
1784686194809.365,0.1,0.1,0.8,797.1773940345371,871.4444444444445,0.15943547880690742,110.18518518518519,153.40930674264007,0.00668346799100635,1.0000000000000002,1.0,1.0,10,8,2.7833881053202085,1,10,balanced,1,2,8,10,True,requested_slotframe_below_minimum (8 < 10),2.7833881053202085,False,False,False,True,0,1111,43,1,0,reliability
1784686222703.789,0.1,0.1,0.8,796.5651491365777,871.5555555555555,0.15931302982731554,107.13421968977525,177.04779993668882,0.006479934602386608,0.9938413235116534,0.9957264957264957,0.9938413235116534,10,8,2.7784937623663524,1,10,balanced,1,2,8,10,True,requested_slotframe_below_minimum (8 < 10),2.7784937623663524,False,False,False,True,0,1112,43,1,0,reliability
1784686250920.6829,0.1,0.1,0.8,797.6326530612246,872.3333333333334,0.15952653061224492,139.951725229503,227.22855333966444,0.008669227833856106,0.9940694226408515,0.9958847736625513,0.9940694226408515,10,8,2.778435962268071,1,10,balanced,1,2,8,10,True,requested_slotframe_below_minimum (8 < 10),2.778435962268071,False,False,False,True,0,1113,43,1,0,reliability
1784686279749.6992,0.1,0.1,0.8,797.4552590266877,872.0,0.15949105180533754,5867.658730158731,6408.253402975625,0.3907710960746318,0.9583040112596765,0.952928297755884,0.9583040112596765,10,8,2.711616994219744,1,10,balanced,1,2,8,10,True,requested_slotframe_below_minimum (8 < 10),2.711616994219744,False,False,False,True,0,1114,43,1,0,reliability
1784686304704.374,0.1,0.1,0.8,797.1098901098902,872.4444444444445,0.15942197802197805,109.81323203545425,147.34409623298512,0.006658654572078335,0.9881388452817026,0.9917695473251028,0.9881388452817026,10,8,2.7739030129659565,1,10,balanced,1,2,8,10,True,requested_slotframe_below_minimum (8 < 10),2.7739030129659565,False,False,False,True,0,1115,43,1,0,reliability
1784686332493.9238,0.1,0.1,0.8,797.3893249607536,872.0,0.15947786499215072,70.20338714783158,98.13232035454259,0.004016236634278291,1.0000000000000002,1.0,1.0,10,8,2.7836505898373574,1,10,balanced,1,2,8,10,True,requested_slotframe_below_minimum (8 < 10),2.7836505898373574,False,False,False,True,0,1116,43,1,0,reliability
1784686360284.089,0.1,0.1,0.8,799.2480376766092,873.6666666666666,0.15984960753532185,547.8046850269072,672.380500158278,0.03587756404449014,0.9899412756555617,0.9917695473251028,0.9899412756555617,10,8,2.772380303366468,1,10,balanced,1,2,8,10,True,requested_slotframe_below_minimum (8 < 10),2.772380303366468,False,False,False,True,0,1117,43,1,0,reliability
1784686388372.462,0.1,0.1,0.8,797.6138147566719,872.3333333333334,0.15952276295133438,335.8647040202596,434.5309275087053,0.02173880613877649,0.9938413235116534,0.9957264957264957,0.9938413235116534,10,8,2.7769469019003115,1,10,balanced,1,2,8,10,True,requested_slotframe_below_minimum (8 < 10),2.7769469019003115,False,False,False,True,0,1118,43,1,0,reliability
1784686413325.928,0.1,0.1,0.8,797.3736263736264,872.1111111111111,0.15947472527472528,77.91310541310541,108.42513453624565,0.004530560734696825,1.0000000000000002,1.0,1.0,10,8,2.7835994713990577,1,10,balanced,1,2,8,10,True,requested_slotframe_below_minimum (8 < 10),2.7835994713990577,False,False,False,True,0,1119,43,1,0,reliability
1784686441311.541,0.1,0.1,0.8,796.4976452119311,870.8888888888889,0.1592995290423862,1969.8923710034821,2073.0547641658754,0.13074665583745712,1.0000000000000002,1.0,1.0,10,8,2.770995381512016,1,10,balanced,1,2,8,10,True,requested_slotframe_below_minimum (8 < 10),2.770995381512016,False,False,False,True,0,1120,43,1,0,reliability
1784686469395.944,0.1,0.1,0.8,798.4568288854005,873.0,0.1596913657770801,107.04495093383983,138.97910731244065,0.006473979381843884,1.0000000000000002,1.0,1.0,10,8,2.783383465484108,1,10,balanced,1,2,8,10,True,requested_slotframe_below_minimum (8 < 10),2.783383465484108,False,False,False,True,0,1121,43,1,0,reliability
1784686497916.657,0.1,0.1,0.8,796.3956043956046,871.1111111111111,0.1592791208791209,94.2355175688509,126.45457423235202,0.0056194474695697725,1.0000000000000002,1.0,1.0,10,8,2.783510143165131,1,10,balanced,1,2,8,10,True,requested_slotframe_below_minimum (8 < 10),2.783510143165131,False,False,False,True,0,1122,43,1,0,reliability
1784686526739.1619,0.1,0.1,0.8,795.1004709576139,870.0,0.15902009419152277,873.1557794057794,1216.9060055171167,0.05758210669818408,0.9797081225652655,0.9835390946502057,0.9797081225652655,10,8,2.762106277963242,1,10,balanced,1,2,8,10,True,requested_slotframe_below_minimum (8 < 10),2.762106277963242,False,False,False,True,0,1123,43,1,0,reliability
1784686552113.6511,0.1,0.1,0.8,796.8241758241759,871.3333333333334,0.15936483516483518,118.19088319088318,165.57138334916112,0.0072175372375505795,1.0000000000000002,1.0,1.0,10,8,2.783341762759761,1,10,balanced,1,2,8,10,True,requested_slotframe_below_minimum (8 < 10),2.783341762759761,False,False,False,True,0,1124,43,1,0,reliability
1784686580002.6802,0.1,0.1,0.8,796.6185243328101,871.5555555555555,0.15932370486656203,99.31544792655902,133.07534029756255,0.005958335418716412,1.0000000000000002,1.0,1.0,10,8,2.7834717959714723,1,10,balanced,1,2,8,10,True,requested_slotframe_below_minimum (8 < 10),2.7834717959714723,False,False,False,True,0,1125,43,1,0,reliability
1784686608314.757,0.1,0.1,0.8,796.0423861852433,870.5555555555555,0.15920847723704867,112.14308325419435,148.14814814814815,0.006814081604682745,0.9958718530147104,0.9958847736625513,0.9958718530147104,10,8,2.780095226527595,1,10,balanced,1,2,8,10,True,requested_slotframe_below_minimum (8 < 10),2.780095226527595,False,False,False,True,0,1126,43,1,0,reliability
1784686636234.273,0.1,0.1,0.8,796.9419152276296,871.5555555555555,0.1593883830455259,109.19119974675529,150.15194681861348,0.006617158088509358,1.0000000000000002,1.0,1.0,10,8,2.7833994458865963,1,10,balanced,1,2,8,10,True,requested_slotframe_below_minimum (8 < 10),2.7833994458865963,False,False,False,True,0,1127,43,1,0,reliability
1784686660990.49,0.1,0.1,0.8,797.2951334379906,872.6666666666666,0.15945902668759812,142.3298512187401,186.05887939221273,0.008827875331470319,1.0000000000000002,1.0,1.0,10,8,2.7831713097980932,1,10,balanced,1,2,8,10,True,requested_slotframe_below_minimum (8 < 10),2.7831713097980932,False,False,False,True,0,1128,43,1,0,reliability
1784686689114.677,0.1,0.1,0.8,795.5274725274726,870.4444444444445,0.15910549450549452,123.95140867363088,163.08800253244695,0.007601828463884648,1.0000000000000002,1.0,1.0,10,8,2.783329267703062,1,10,balanced,1,2,8,10,True,requested_slotframe_below_minimum (8 < 10),2.783329267703062,False,False,False,True,0,1129,43,1,0,reliability
1784686717134.632,0.1,0.1,0.8,795.8445839874413,871.1111111111111,0.15916891679748826,117.44460272238051,161.0683760683761,0.00716775201616948,1.0000000000000002,1.0,1.0,10,8,2.783366333118634,1,10,balanced,1,2,8,10,True,requested_slotframe_below_minimum (8 < 10),2.783366333118634,False,False,False,True,0,1130,43,1,0,reliability
1784686745158.095,0.1,0.1,0.8,797.8963893249608,871.8888888888889,0.15957927786499215,97.5664767331434,132.07502374169042,0.005841659555246391,1.0000000000000002,1.0,1.0,10,8,2.783457906257976,1,10,balanced,1,2,8,10,True,requested_slotframe_below_minimum (8 < 10),2.783457906257976,False,False,False,True,0,1131,43,1,0,reliability
1784686773340.96,0.1,0.1,0.8,796.6750392464678,871.4444444444445,0.15933500784929355,125.76685660018994,181.6999050332384,0.007722939066056701,0.9915692772835633,0.9917695473251028,0.9915692772835633,10,8,2.7765496271353154,1,10,balanced,1,2,8,10,True,requested_slotframe_below_minimum (8 < 10),2.7765496271353154,False,False,False,True,0,1132,43,1,0,reliability
1784686798602.763,0.1,0.1,0.8,795.006279434851,870.2222222222222,0.1590012558869702,94.04874960430516,127.13991769547323,0.005606987965597408,1.0000000000000002,1.0,1.0,10,8,2.7835391756147434,1,10,balanced,1,2,8,10,True,requested_slotframe_below_minimum (8 < 10),2.7835391756147434,False,False,False,True,0,1133,43,1,0,reliability
1784686826824.625,0.1,0.1,0.8,798.0612244897959,872.4444444444445,0.1596122448979592,119.39221272554605,155.50174105729664,0.0072976793012372275,1.0000000000000002,1.0,1.0,10,8,2.7833090075800806,1,10,balanced,1,2,8,10,True,requested_slotframe_below_minimum (8 < 10),2.7833090075800806,False,False,False,True,0,1134,43,1,0,reliability
1784686854751.341,0.1,0.1,0.8,796.5054945054947,871.7777777777778,0.15930109890109892,107.67964545742322,143.1972143083254,0.006516320577546579,1.0000000000000002,1.0,1.0,10,8,2.7834182580521354,1,10,balanced,1,2,8,10,True,requested_slotframe_below_minimum (8 < 10),2.7834182580521354,False,False,False,True,0,1135,43,1,0,reliability
1784686882733.5862,0.1,0.1,0.8,796.3171114599687,871.2222222222222,0.15926342229199375,107.19848053181386,138.89205444761,0.006484221516465234,0.9958718530147104,0.9958847736625513,0.9958718530147104,10,8,2.7801227180309223,1,10,balanced,1,2,8,10,True,requested_slotframe_below_minimum (8 < 10),2.7801227180309223,False,False,False,True,0,1136,43,1,0,reliability
1784686907894.802,0.1,0.1,0.8,797.6436420722135,872.4444444444445,0.1595287284144427,112.52136752136751,150.27856916745804,0.006839317379677619,1.0000000000000002,1.0,1.0,10,8,2.7833631954205877,1,10,balanced,1,2,8,10,True,requested_slotframe_below_minimum (8 < 10),2.7833631954205877,False,False,False,True,0,1137,43,1,0,reliability
1784686935620.5261,0.1,0.1,0.8,796.5337519623235,871.6666666666666,0.1593067503924647,126.60810383032604,166.05887939221273,0.007779059628440697,1.0000000000000002,1.0,1.0,10,8,2.7832914189979094,1,10,balanced,1,2,8,10,True,requested_slotframe_below_minimum (8 < 10),2.7832914189979094,False,False,False,True,0,1138,43,1,0,reliability
1784686963449.689,0.1,0.1,0.8,798.552590266876,873.2222222222222,0.1597105180533752,75.9710351377018,99.75150364039251,0.004401003011187578,1.0000000000000002,1.0,1.0,10,8,2.7835888478935438,1,10,balanced,1,2,8,10,True,requested_slotframe_below_minimum (8 < 10),2.7835888478935438,False,False,False,True,0,1139,43,1,0,reliability
1784686991138.545,0.1,0.1,0.8,798.3940345368917,873.2222222222222,0.15967880690737835,62.80072807850586,85.71541627097184,0.0035223968031024592,1.0000000000000002,1.0,1.0,10,8,2.783679879628952,1,10,balanced,1,2,8,10,True,requested_slotframe_below_minimum (8 < 10),2.783679879628952,False,False,False,True,0,1140,43,1,0,reliability
1784687019129.3599,0.1,0.1,0.8,799.1805337519623,873.7777777777778,0.15983610675039248,65.18518518518518,87.28395061728394,0.0036814666567835342,1.0000000000000002,1.0,1.0,10,8,2.7836482426592823,1,10,balanced,1,2,8,10,True,requested_slotframe_below_minimum (8 < 10),2.7836482426592823,False,False,False,True,0,1141,43,1,0,reliability
1784687043884.819,0.1,0.1,0.8,798.9513343799059,873.7777777777778,0.1597902668759812,65.1923076923077,89.05191516302628,0.003681941807358752,1.0000000000000002,1.0,1.0,10,8,2.783652779131666,1,10,balanced,1,2,8,10,True,requested_slotframe_below_minimum (8 < 10),2.783652779131666,False,False,False,True,0,1142,43,1,0,reliability
1784687071765.025,0.1,0.1,0.8,821.1668215613381,872.1111111111111,0.16423336431226762,91.07806267806268,114.14055080721748,0.005408810051905449,0.9999999999999998,1.0,0.9999999999999998,10,8,2.7830357825635827,1,10,balanced,1,2,8,10,True,requested_slotframe_below_minimum (8 < 10),2.7830357825635827,False,False,False,True,0,1143,43,1,0,reliability
1784687099801.425,0.1,0.1,0.8,796.8806907378336,871.7777777777778,0.1593761381475667,85.59275087052863,128.29534662868,0.005042878643797774,1.0000000000000002,1.0,1.0,10,8,2.7835580983208636,1,10,balanced,1,2,8,10,True,requested_slotframe_below_minimum (8 < 10),2.7835580983208636,False,False,False,True,0,1144,43,1,0,reliability
1784687127991.941,0.1,0.1,0.8,797.5965463108322,872.4444444444445,0.15951930926216643,85.93542260208926,136.0968660968661,0.005065738665916562,1.0000000000000002,1.0,1.0,10,8,2.7835414952071917,1,10,balanced,1,2,8,10,True,requested_slotframe_below_minimum (8 < 10),2.7835414952071917,False,False,False,True,0,1145,43,1,0,reliability
1784687153150.857,0.1,0.1,0.8,796.4505494505496,870.8888888888889,0.15929010989010992,78.28110161443495,114.17220639442861,0.004555110181083052,1.0000000000000002,1.0,1.0,10,8,2.783615477992881,1,10,balanced,1,2,8,10,True,requested_slotframe_below_minimum (8 < 10),2.783615477992881,False,False,False,True,0,1146,43,1,0,reliability
1784687181039.8418,0.1,0.1,0.8,797.607535321821,873.0,0.15952150706436422,77.25466919911365,114.92086103197214,0.004486635703743406,1.0000000000000002,1.0,1.0,10,8,2.7835991857231894,1,10,balanced,1,2,8,10,True,requested_slotframe_below_minimum (8 < 10),2.7835991857231894,False,False,False,True,0,1147,43,1,0,reliability
1784687209152.9,0.1,0.1,0.8,798.7692307692308,873.3333333333334,0.15975384615384616,68.92054447610002,101.45615701171256,0.003930656736230822,1.0000000000000002,1.0,1.0,10,8,2.7836315497109925,1,10,balanced,1,2,8,10,True,requested_slotframe_below_minimum (8 < 10),2.7836315497109925,False,False,False,True,0,1148,43,1,0,reliability
1784687236965.965,0.1,0.1,0.8,796.7488226059656,872.0,0.15934976452119312,70.01899335232667,99.72459639126305,0.004003935513830999,1.0000000000000002,1.0,1.0,10,8,2.7836646299964976,1,10,balanced,1,2,8,10,True,requested_slotframe_below_minimum (8 < 10),2.7836646299964976,False,False,False,True,0,1149,43,1,0,reliability
1784687261928.8572,0.1,0.1,0.8,797.4568288854002,872.6666666666666,0.15949136577708004,81.95226337448558,113.8633744855967,0.00480001757001238,0.9938413235116534,0.9957264957264957,0.9938413235116534,10,8,2.7786439204746136,1,10,balanced,1,2,8,10,True,requested_slotframe_below_minimum (8 < 10),2.7786439204746136,False,False,False,True,0,1150,43,1,0,reliability
1784687289848.24,0.1,0.1,0.8,797.2794348508635,872.0,0.15945588697017268,88.36657169990502,124.25134536245648,0.005227923395590728,1.0000000000000002,1.0,1.0,10,8,2.7835316189634236,1,10,balanced,1,2,8,10,True,requested_slotframe_below_minimum (8 < 10),2.7835316189634236,False,False,False,True,0,1151,43,1,0,reliability
1784687317858.523,0.1,0.1,0.8,797.3108320251177,871.6666666666666,0.15946216640502356,117.39949351060461,160.5571383349161,0.007164742729193103,1.0000000000000002,1.0,1.0,10,8,2.7833373090865785,1,10,balanced,1,2,8,10,True,requested_slotframe_below_minimum (8 < 10),2.7833373090865785,False,False,False,True,0,1152,43,1,0,reliability
1784687345580.638,0.1,0.1,0.8,798.4113029827316,873.3333333333334,0.15968226059654633,98.0175688509022,135.13295346628678,0.005871752425010153,1.0000000000000002,1.0,1.0,10,8,2.7834445986978444,1,10,balanced,1,2,8,10,True,requested_slotframe_below_minimum (8 < 10),2.7834445986978444,False,False,False,True,0,1153,43,1,0,reliability
1784687373388.426,0.1,0.1,0.8,796.7660910518053,871.4444444444445,0.15935321821036108,94.6494143716366,128.39981006647673,0.005647058997440733,1.0000000000000002,1.0,1.0,10,8,2.7834999722792197,1,10,balanced,1,2,8,10,True,requested_slotframe_below_minimum (8 < 10),2.7834999722792197,False,False,False,True,0,1154,43,1,0,reliability
1784687398343.458,0.1,0.1,0.8,795.9811616954474,870.5555555555555,0.1591962323390895,93.32225387780943,132.59892371003482,0.005558522606925246,1.0000000000000002,1.0,1.0,10,8,2.7835245245053986,1,10,balanced,1,2,8,10,True,requested_slotframe_below_minimum (8 < 10),2.7835245245053986,False,False,False,True,0,1155,43,1,0,reliability
1784687426275.964,0.1,0.1,0.8,796.934065934066,871.2222222222222,0.1593868131868132,105.72253877809432,139.50775561886672,0.00638575975837854,1.0000000000000002,1.0,1.0,10,8,2.783422742705481,1,10,balanced,1,2,8,10,True,requested_slotframe_below_minimum (8 < 10),2.783422742705481,False,False,False,True,0,1156,43,1,0,reliability
1784687454364.5278,0.1,0.1,0.8,798.5164835164837,873.4444444444445,0.15970329670329675,210.42452403563513,265.52412607968165,0.013370548634798874,0.9940694226408515,0.9958847736625513,0.9940694226408515,10,8,2.7779481535788717,1,10,balanced,1,2,8,10,True,requested_slotframe_below_minimum (8 < 10),2.7779481535788717,False,False,False,True,0,1157,43,1,0,reliability
1784687479225.554,0.1,0.1,0.8,799.4599686028258,874.1111111111111,0.15989199372056517,61.97056030389364,83.40297562519784,0.0034670153638354665,1.0000000000000002,1.0,1.0,10,8,2.7836640990915598,1,10,balanced,1,2,8,10,True,requested_slotframe_below_minimum (8 < 10),2.7836640990915598,False,False,False,True,0,1158,43,1,0,reliability
1784687511397.24,0.1,0.1,0.8,711.436420722135,814.2222222222222,0.142287284144427,54.09259259259259,66.33333333333333,0.0029414671509401325,0.8367346938775513,0.8888888888888888,0.8367346938775513,10,8,2.6548648799725045,1,10,balanced,1,2,8,10,True,requested_slotframe_below_minimum (8 < 10),2.6548648799725045,False,False,False,True,0,1159,43,1,0,reliability
1784687539308.941,0.1,0.1,0.8,800.0973312401884,875.0,0.16001946624803767,62.003798670465336,83.102247546692,0.00346923273318648,1.0000000000000002,1.0,1.0,10,8,2.7836511301018776,1,10,balanced,1,2,8,10,True,requested_slotframe_below_minimum (8 < 10),2.7836511301018776,False,False,False,True,0,1160,43,1,0,reliability
1784687567339.55,0.1,0.1,0.8,798.6232339089482,873.1111111111111,0.15972464678178966,63.83032605254827,86.91674580563469,0.003591082458475535,1.0000000000000002,1.0,1.0,10,8,2.7836684270759733,1,10,balanced,1,2,8,10,True,requested_slotframe_below_minimum (8 < 10),2.7836684270759733,False,False,False,True,0,1161,43,1,0,reliability
1784687592403.111,0.1,0.1,0.8,799.348508634223,873.2222222222222,0.1598697017268446,68.59132636910414,91.40550807217474,0.003908694220754112,1.0000000000000002,1.0,1.0,10,8,2.78362216040524,1,10,balanced,1,2,8,10,True,requested_slotframe_below_minimum (8 < 10),2.78362216040524,False,False,False,True,0,1162,43,1,0,reliability
1784687620414.248,0.1,0.1,0.8,799.3265306122449,874.4444444444445,0.15986530612244898,58.72032288698956,81.52738208293763,0.0032501883180113115,1.0000000000000002,1.0,1.0,10,8,2.783688450555954,1,10,balanced,1,2,8,10,True,requested_slotframe_below_minimum (8 < 10),2.783688450555954,False,False,False,True,0,1163,43,1,0,reliability
1784687648130.079,0.1,0.1,0.8,799.1224489795919,873.6666666666666,0.15982448979591837,89.55523899968344,128.08167141500476,0.005307220747143658,1.0000000000000002,1.0,1.0,10,8,2.7834868289456938,1,10,balanced,1,2,8,10,True,requested_slotframe_below_minimum (8 < 10),2.7834868289456938,False,False,False,True,0,1164,43,1,0,reliability
1784687675838.821,0.1,0.1,0.8,797.5463108320251,872.3333333333334,0.15950926216640504,73.69895536562203,100.00949667616335,0.004249429977693264,1.0000000000000002,1.0,1.0,10,8,2.78362413078559,1,10,balanced,1,2,8,10,True,requested_slotframe_below_minimum (8 < 10),2.78362413078559,False,False,False,True,0,1165,43,1,0,reliability
1784687700696.46,0.1,0.1,0.8,796.6106750392465,871.5555555555555,0.1593221350078493,86.86055713833491,114.34789490345048,0.005127455446186452,1.0000000000000002,1.0,1.0,10,8,2.7835550409545964,1,10,balanced,1,2,8,10,True,requested_slotframe_below_minimum (8 < 10),2.7835550409545964,False,False,False,True,0,1166,43,1,0,reliability
1784687728417.0078,0.1,0.1,0.8,797.4332810047098,872.4444444444445,0.15948665620094196,73.19563152896485,104.80215257993035,0.0042158526703779085,1.0000000000000002,1.0,1.0,10,8,2.783629749112868,1,10,balanced,1,2,8,10,True,requested_slotframe_below_minimum (8 < 10),2.783629749112868,False,False,False,True,0,1167,43,1,0,reliability
1784687756035.021,0.1,0.1,0.8,797.3390894819468,871.8888888888889,0.15946781789638936,90.06885090218424,123.65147198480528,0.005341484383067661,1.0000000000000002,1.0,1.0,10,8,2.7835190697720544,1,10,balanced,1,2,8,10,True,requested_slotframe_below_minimum (8 < 10),2.7835190697720544,False,False,False,True,0,1168,43,1,0,reliability
1784687783934.151,0.1,0.1,0.8,796.6436420722137,871.6666666666666,0.15932872841444273,77.01329534662868,101.81069958847736,0.004470533378694375,1.0000000000000002,1.0,1.0,10,8,2.7836200738206864,1,10,balanced,1,2,8,10,True,requested_slotframe_below_minimum (8 < 10),2.7836200738206864,False,False,False,True,0,1169,43,1,0,reliability
1784687809192.888,0.1,0.1,0.8,797.7566718995291,872.6666666666666,0.15955133437990582,65.17489711934157,88.0911680911681,0.0036807803281748877,0.9940694226408515,0.9958847736625513,0.9940694226408515,10,8,2.7789323266418733,1,10,balanced,1,2,8,10,True,requested_slotframe_below_minimum (8 < 10),2.7789323266418733,False,False,False,True,0,1170,43,1,0,reliability
1784687836877.668,0.1,0.1,0.8,799.3987441130298,874.3333333333334,0.15987974882260597,61.503640392529284,83.89047166824943,0.0034358666039045554,1.0000000000000002,1.0,1.0,10,8,2.783668438457349,1,10,balanced,1,2,8,10,True,requested_slotframe_below_minimum (8 < 10),2.783668438457349,False,False,False,True,0,1171,43,1,0,reliability
1784687864690.308,0.1,0.1,0.8,796.032967032967,870.4444444444445,0.1592065934065934,72.46913580246913,100.10762899651789,0.004167387311705745,1.0000000000000002,1.0,1.0,10,8,2.78366260192817,1,10,balanced,1,2,8,10,True,requested_slotframe_below_minimum (8 < 10),2.78366260192817,False,False,False,True,0,1172,43,1,0,reliability
1784687892861.5469,0.1,0.1,0.8,797.2527472527472,872.0,0.15945054945054946,99.54415954415954,140.7312440645774,0.005973593031631724,1.0000000000000002,1.0,1.0,10,8,2.783457585751782,1,10,balanced,1,2,8,10,True,requested_slotframe_below_minimum (8 < 10),2.783457585751782,False,False,False,True,0,1173,43,1,0,reliability
1784687920162.73,0.1,0.1,0.8,797.8791208791209,872.6666666666666,0.1595758241758242,139.855175688509,172.75245330800888,0.008662786903836492,0.9940694226408515,0.9958847736625513,0.9940694226408515,10,8,2.7784316770047153,1,10,balanced,1,2,8,10,True,requested_slotframe_below_minimum (8 < 10),2.7784316770047153,False,False,False,True,0,1174,43,1,0,reliability
1784687945025.4978,0.1,0.1,0.8,797.1742543171115,871.6666666666666,0.1594348508634223,90.4756251978474,125.8198797087686,0.005368620760363403,1.0000000000000002,1.0,1.0,10,8,2.7835196528376214,1,10,balanced,1,2,8,10,True,requested_slotframe_below_minimum (8 < 10),2.7835196528376214,False,False,False,True,0,1175,43,1,0,reliability
1784687972943.6929,0.1,0.1,0.8,797.3689167974883,873.0,0.15947378335949766,162.71842355175687,215.92750870528647,0.01018802025028398,0.9940694226408515,0.9958847736625513,0.9940694226408515,10,8,2.778289357751703,1,10,balanced,1,2,8,10,True,requested_slotframe_below_minimum (8 < 10),2.778289357751703,False,False,False,True,0,1176,43,1,0,reliability
1784688001025.6929,0.1,0.1,0.8,796.1538461538462,870.7777777777778,0.15923076923076923,128.9846470402026,165.91168091168092,0.007937601537038198,1.0000000000000002,1.0,1.0,10,8,2.7832831629232193,1,10,balanced,1,2,8,10,True,requested_slotframe_below_minimum (8 < 10),2.7832831629232193,False,False,False,True,0,1177,43,1,0,reliability
1784688029067.043,0.1,0.1,0.8,797.3390894819468,872.5555555555555,0.15946781789638936,134.56869262424817,171.14276669832225,0.008310119588008551,0.9939531368102799,0.9958847736625513,0.9939531368102799,10,8,2.7783847156997843,1,10,balanced,1,2,8,10,True,requested_slotframe_below_minimum (8 < 10),2.7783847156997843,False,False,False,True,0,1178,43,1,0,reliability
1784688054028.384,0.1,0.1,0.8,796.166405023548,871.2222222222222,0.1592332810047096,89.9889205444761,124.18170307059196,0.005336152137723556,1.0000000000000002,1.0,1.0,10,8,2.783543056685757,1,10,balanced,1,2,8,10,True,requested_slotframe_below_minimum (8 < 10),2.783543056685757,False,False,False,True,0,1179,43,1,0,reliability
1784688082228.666,0.1,0.1,0.8,796.5557299843015,871.4444444444445,0.1593111459968603,120.17568850902184,159.2497625830959,0.00734994586451113,1.0000000000000002,1.0,1.0,10,8,2.783333890813863,1,10,balanced,1,2,8,10,True,requested_slotframe_below_minimum (8 < 10),2.783333890813863,False,False,False,True,0,1180,43,1,0,reliability
1784688110324.857,0.1,0.1,0.8,797.2715855572999,871.8888888888889,0.15945431711145996,119.40250079138967,159.1437163659386,0.007298365629845875,1.0000000000000002,1.0,1.0,10,8,2.7833247317258696,1,10,balanced,1,2,8,10,True,requested_slotframe_below_minimum (8 < 10),2.7833247317258696,False,False,False,True,0,1181,43,1,0,reliability
1784688138300.294,0.1,0.1,0.8,796.1978021978024,870.2222222222222,0.15923956043956047,107.23646723646723,146.4102564102564,0.006486755652866393,1.0000000000000002,1.0,1.0,10,8,2.7834273683907576,1,10,balanced,1,2,8,10,True,requested_slotframe_below_minimum (8 < 10),2.7834273683907576,False,False,False,True,0,1182,43,1,0,reliability
1784688166118.114,0.1,0.1,0.8,795.912087912088,870.8888888888889,0.1591824175824176,83.0468502690725,108.99810066476734,0.004873038710411774,1.0000000000000002,1.0,1.0,10,8,2.783594454370717,1,10,balanced,1,2,8,10,True,requested_slotframe_below_minimum (8 < 10),2.783594454370717,False,False,False,True,0,1183,43,1,0,reliability
1784688191172.2742,0.1,0.1,0.8,798.5211930926217,873.4444444444445,0.15970423861852434,78.65384615384615,103.28110161443493,0.004579976394519423,0.9837199837199839,0.9876543209876544,0.9837199837199839,10,8,2.7705475654746827,1,10,balanced,1,2,8,10,True,requested_slotframe_below_minimum (8 < 10),2.7705475654746827,False,False,False,True,0,1184,43,1,0,reliability
1784688219261.044,0.1,0.1,0.8,796.9026687598116,871.7777777777778,0.15938053375196232,79.87337765115542,110.20259575815132,0.0046613327318982935,0.9958718530147104,0.9958847736625513,0.9958718530147104,10,8,2.780293295763382,1,10,balanced,1,2,8,10,True,requested_slotframe_below_minimum (8 < 10),2.780293295763382,False,False,False,True,0,1185,43,1,0,reliability
1784688244126.532,0.1,0.1,0.8,797.1083202511774,872.0,0.15942166405023547,73.00902184235517,97.56821779044002,0.004203403725307216,1.0000000000000002,1.0,1.0,10,8,2.7836374932224457,1,10,balanced,1,2,8,10,True,requested_slotframe_below_minimum (8 < 10),2.7836374932224457,False,False,False,True,0,1186,43,1,0,reliability
1784688274846.952,0.1,0.1,0.8,798.7158555729985,873.2222222222222,0.1597431711145997,100.21525799303578,136.0193099081988,0.006018362774718865,0.9899412756555617,0.9917695473251028,0.9899412756555617,10,8,2.7753768671355177,1,10,balanced,1,2,8,10,True,requested_slotframe_below_minimum (8 < 10),2.7753768671355177,False,False,False,True,0,1187,43,1,0,reliability
1784688302081.754,0.1,0.1,0.8,797.2197802197804,871.6666666666666,0.1594439560439561,84.33444127888572,110.45742323520102,0.004958935375509388,1.0000000000000002,1.0,1.0,10,8,2.7835597108580536,1,10,balanced,1,2,8,10,True,requested_slotframe_below_minimum (8 < 10),2.7835597108580536,False,False,False,True,0,1188,43,1,0,reliability
1784688329963.5388,0.1,0.1,0.8,796.8006279434852,872.3333333333334,0.15936012558869705,90.86736308958531,130.16144349477682,0.0053947540420003545,1.0000000000000002,1.0,1.0,10,8,2.78352451203693,1,10,balanced,1,2,8,10,True,requested_slotframe_below_minimum (8 < 10),2.78352451203693,False,False,False,True,0,1189,43,1,0,reliability
1784688355228.068,0.1,0.1,0.8,797.2260596546312,871.8888888888889,0.15944521193092623,91.05492244381131,124.11997467553026,0.005407266340481075,1.0000000000000002,1.0,1.0,10,8,2.7835147521728594,1,10,balanced,1,2,8,10,True,requested_slotframe_below_minimum (8 < 10),2.7835147521728594,False,False,False,True,0,1190,43,1,0,reliability
1784688385140.981,0.1,0.1,0.8,799.4474097331241,874.2222222222222,0.15988948194662483,82.35596707818931,120.18360240582462,0.004826949104615698,0.9940694226408515,0.9958847736625513,0.9940694226408515,10,8,2.778783895007557,1,10,balanced,1,2,8,10,True,requested_slotframe_below_minimum (8 < 10),2.778783895007557,False,False,False,True,0,1191,43,1,0,reliability
1784688413069.5679,0.1,0.1,0.8,797.7645211930926,872.5555555555555,0.1595529042386185,74.28458372902817,112.26812282367838,0.004288497913877797,1.0000000000000002,1.0,1.0,10,8,2.7836158597847502,1,10,balanced,1,2,8,10,True,requested_slotframe_below_minimum (8 < 10),2.7836158597847502,False,False,False,True,0,1192,43,1,0,reliability
1784688438126.58,0.1,0.1,0.8,796.7927786499215,871.8888888888889,0.1593585557299843,87.65273820829374,133.51377018043684,0.005180302749052284,1.0000000000000002,1.0,1.0,10,8,2.7835461141520965,1,10,balanced,1,2,8,10,True,requested_slotframe_below_minimum (8 < 10),2.7835461141520965,False,False,False,True,0,1193,43,1,0,reliability
1784688466012.443,0.1,0.1,0.8,798.1899529042387,873.0,0.15963799058084774,82.08926875593541,124.6090534979424,0.004809157355299226,1.0000000000000002,1.0,1.0,10,8,2.7835552852063854,1,10,balanced,1,2,8,10,True,requested_slotframe_below_minimum (8 < 10),2.7835552852063854,False,False,False,True,0,1194,43,1,0,reliability
1784688493798.2322,0.1,0.1,0.8,823.2276951672862,873.4444444444445,0.16464553903345724,104.02849002849003,128.77018043684708,0.006272747833788527,0.9999999999999998,1.0,0.9999999999999998,10,8,2.7829081713132755,1,10,balanced,1,2,8,10,True,requested_slotframe_below_minimum (8 < 10),2.7829081713132755,False,False,False,True,0,1195,43,1,0,reliability
1784688521480.4622,0.1,0.1,0.8,797.2009419152278,871.7777777777778,0.15944018838304555,94.62646407090851,141.40234251345362,0.005645527956698366,1.0000000000000002,1.0,1.0,10,8,2.783491428366026,1,10,balanced,1,2,8,10,True,requested_slotframe_below_minimum (8 < 10),2.783491428366026,False,False,False,True,0,1196,43,1,0,reliability
1784688546337.992,0.1,0.1,0.8,795.613814756672,870.8888888888889,0.1591227629513344,108.17980373535929,154.49667616334284,0.0065496867068285045,1.0000000000000002,1.0,1.0,10,8,2.783432755034184,1,10,balanced,1,2,8,10,True,requested_slotframe_below_minimum (8 < 10),2.783432755034184,False,False,False,True,0,1197,43,1,0,reliability
1784688574165.122,0.1,0.1,0.8,798.4615384615386,873.1111111111111,0.15969230769230772,117.15020576131687,177.31718898385566,0.007148112459060499,0.9940694226408515,0.9958847736625513,0.9940694226408515,10,8,2.7785714960975443,1,10,balanced,1,2,8,10,True,requested_slotframe_below_minimum (8 < 10),2.7785714960975443,False,False,False,True,0,1198,43,1,0,reliability
1784688602448.065,0.1,0.1,0.8,798.2464678178964,873.0,0.15964929356357926,139.91927825261158,214.84647040202594,0.008667063259013447,0.9939531368102799,0.9958847736625513,0.9939531368102799,10,8,2.778330873765965,1,10,balanced,1,2,8,10,True,requested_slotframe_below_minimum (8 < 10),2.778330873765965,False,False,False,True,0,1199,43,1,0,reliability
1784688630765.876,0.1,0.1,0.8,796.978021978022,872.3333333333334,0.15939560439560438,132.16049382716048,189.83539094650203,0.00814946589907675,1.0000000000000002,1.0,1.0,10,8,2.783245492970532,1,10,balanced,1,2,8,10,True,requested_slotframe_below_minimum (8 < 10),2.783245492970532,False,False,False,True,0,1200,43,1,0,reliability
