timestamp,alpha,beta,delta,power_wam,power_mean,power_normalized,delay_wam,delay_mean,delay_normalized,pdr_wam,pdr_mean,pdr_normalized,current_sf_len,last_ts_in_schedule,reward,action,returned_reward,terminated,truncated,wait_timeout,valid_cycle,wait_attempts,cycle_idx,seed,alpha_weight,beta_weight,delta_weight,profile
1781347138253.0242,0.4,0.3,0.3,775.4050235478805,844.0,0.15508100470957611,68.47736625514402,85.76131687242798,0.003901091811550635,1.0,1.0,1.0,11,8,2.2367972705727044,0,2.2367972705727044,False,False,False,True,0,1,4,0.4,0.3,0.3,balanced
1781347141468.16,0.4,0.3,0.3,737.0518053375195,794.6666666666666,0.14741036106750388,81.35406774295663,103.4678695789807,0.004760111257035132,1.0,1.0,1.0,13,8,2.2396078221958877,0,2.2396078221958877,False,False,False,True,0,2,4,0.4,0.3,0.3,balanced
1781347144785.2122,0.4,0.3,0.3,725.6122448979592,778.4444444444445,0.14512244897959184,85.0646678424456,108.78012933568488,0.005007649622578092,0.9714332114050622,0.9768746579091407,0.9714332114050622,14,8,2.2318786889429085,0,2.2318786889429085,False,False,False,True,0,3,4,0.4,0.3,0.3,balanced
1781347147899.958,0.4,0.3,0.3,700.9623233908948,747.4444444444445,0.14019246467817895,114.05349794238681,143.3744855967078,0.006941527547857693,1.0,1.0,1.0,16,8,2.2418405558643713,0,2.2418405558643713,False,False,False,True,0,4,4,0.4,0.3,0.3,balanced
1781347150918.7542,0.4,0.3,0.3,692.684458398744,736.7777777777778,0.1385368916797488,133.31275720164606,167.36625514403292,0.008226334703245235,1.0,1.0,1.0,17,8,2.242117342917127,0,2.242117342917127,False,False,False,True,0,5,4,0.4,0.3,0.3,balanced
1781347153933.284,0.4,0.3,0.3,676.7755102040817,716.5555555555555,0.13535510204081633,146.74789716456382,188.37934699045812,0.009122608216448554,0.9940694226408513,0.9958847736625513,0.9940694226408513,19,8,2.241342003510994,0,2.241342003510994,False,False,False,True,0,6,4,0.4,0.3,0.3,balanced
1781347156952.231,0.4,0.3,0.3,670.5243328100471,708.6666666666666,0.13410486656200943,162.6190476190476,206.98412698412696,0.010181390768448805,1.0,1.0,1.0,20,8,2.2433036361446614,0,2.2433036361446614,False,False,False,True,0,7,4,0.4,0.3,0.3,balanced
1781347163449.047,0.4,0.3,0.3,657.6530612244898,692.2222222222222,0.13153061224489795,147.47868900646677,191.0008818342152,0.009171360173880372,1.0,1.0,1.0,22,8,2.2446363470498767,0,2.2446363470498767,False,False,False,True,0,8,4,0.4,0.3,0.3,balanced
1781347166375.215,0.4,0.3,0.3,655.302982731554,687.7777777777778,0.1310605965463108,173.63095238095235,217.34126984126982,0.010916007497061531,1.0,1.0,1.0,23,8,2.244300959132357,0,2.244300959132357,False,False,False,True,0,9,4,0.4,0.3,0.3,balanced
1781347169194.907,0.4,0.3,0.3,645.822605965463,675.4444444444445,0.1291645211930926,214.8187717632162,276.593858816081,0.013663693913490073,1.0,1.0,1.0,25,8,2.244235083348716,0,2.244235083348716,False,False,False,True,0,10,4,0.4,0.3,0.3,balanced
1781347172012.836,0.4,0.3,0.3,640.5070643642072,669.5555555555555,0.12810141287284144,188.20987654320987,241.8106995884774,0.01188858415898665,1.0,1.0,1.0,26,8,2.2451928596031676,0,2.2451928596031676,False,False,False,True,0,11,4,0.4,0.3,0.3,balanced
1781347174827.218,0.4,0.3,0.3,633.6923076923076,660.8888888888889,0.12673846153846152,224.917695473251,275.30864197530866,0.014337404634639827,1.0,1.0,1.0,28,8,2.2450033939942236,0,2.2450033939942236,False,False,False,True,0,12,4,0.4,0.3,0.3,balanced
1781347178064.803,0.4,0.3,0.3,545.7378335949765,598.8888888888889,0.1091475667189953,327.89328304421184,424.2153340868511,0.02120702355198211,0.7652995264039683,0.8239962651727358,0.7652995264039683,29,8,2.1795687241679977,0,2.1795687241679977,False,False,False,True,0,13,4,0.4,0.3,0.3,balanced
1781347180885.202,0.4,0.3,0.3,621.6530612244898,645.4444444444445,0.12433061224489796,270.2314814814815,338.99029982363317,0.017360338991426385,1.0,1.0,1.0,32,8,2.245059653404613,0,2.245059653404613,False,False,False,True,0,14,4,0.4,0.3,0.3,balanced
1781347183607.0781,0.4,0.3,0.3,617.5274725274725,640.2222222222222,0.12350549450549449,291.5432098765432,350.0411522633745,0.018782068704239038,1.0,1.0,1.0,34,8,2.2449631815865305,0,2.2449631815865305,False,False,False,True,0,15,4,0.4,0.3,0.3,balanced
1781347186322.645,0.4,0.3,0.3,615.6122448979592,637.1111111111111,0.12312244897959183,297.51028806584367,363.62139917695475,0.019180139297254414,1.0,1.0,1.0,35,8,2.2449969786189867,0,2.2449969786189867,False,False,False,True,0,16,4,0.4,0.3,0.3,balanced
1781347189034.53,0.4,0.3,0.3,612.7158555729984,633.5555555555555,0.12254317111459968,301.0485913263691,366.21240899018676,0.019416183544120686,1.0,1.0,1.0,37,8,2.245157876490924,0,2.245157876490924,False,False,False,True,0,17,4,0.4,0.3,0.3,balanced
1781347191753.392,0.4,0.3,0.3,610.1711145996859,630.2222222222222,0.12203422291993718,334.19673947451724,423.4836973725862,0.02162753432118194,1.0,1.0,1.0,38,8,2.2446980505356704,0,2.2446980505356704,False,False,False,True,0,18,4,0.4,0.3,0.3,balanced
1781347198165.124,0.4,0.3,0.3,611.7519623233908,632.7777777777778,0.12235039246467816,284.2385057471264,353.7151067323481,0.018294763558847658,1.0,1.0,1.0,37,8,2.2455714139464744,1,2.2455714139464744,False,False,False,True,0,19,4,0.4,0.3,0.3,balanced
1781347200879.488,0.4,0.3,0.3,610.7582417582418,630.4444444444445,0.12215164835164835,301.26102292768957,378.83597883597884,0.019430355098578357,1.0,1.0,1.0,38,8,2.245310234129767,0,2.245310234129767,False,False,False,True,0,20,4,0.4,0.3,0.3,balanced
1781347203797.25,0.4,0.3,0.3,517.4191522762951,563.1111111111111,0.10348383045525902,284.6522177419355,324.2361111111111,0.018322362757967676,0.8398744113029828,0.8888888888888888,0.8398744113029828,40,8,2.2050720823814007,0,2.2050720823814007,False,False,False,True,0,21,4,0.4,0.3,0.3,balanced
1781347206518.965,0.4,0.3,0.3,604.6106750392464,623.2222222222222,0.12092213500784928,381.6762198706643,472.2545561434451,0.024794944621125036,1.0,1.0,1.0,41,8,2.244192662610523,0,2.244192662610523,False,False,False,True,0,22,4,0.4,0.3,0.3,balanced
1781347209238.2268,0.4,0.3,0.3,599.5102040816327,617.7777777777778,0.11990204081632654,418.7698412698412,509.8412698412698,0.027269502419602482,1.0,1.0,1.0,43,8,2.2438583329475885,0,2.2438583329475885,False,False,False,True,0,23,4,0.4,0.3,0.3,balanced
1781347211950.418,0.4,0.3,0.3,600.5368916797488,618.0,0.12010737833594975,407.68665490887713,510.7936507936508,0.026530130414201276,1.0,1.0,1.0,44,8,2.2439980095413596,0,2.2439980095413596,False,False,False,True,0,24,4,0.4,0.3,0.3,balanced
1781347214674.886,0.4,0.3,0.3,597.2448979591836,614.1111111111111,0.11944897959183673,395.497400109469,487.05117679255613,0.025716971321512277,1.0,1.0,1.0,46,8,2.2445053167668116,0,2.2445053167668116,False,False,False,True,0,25,4,0.4,0.3,0.3,balanced
1781347217392.679,0.4,0.3,0.3,593.7817896389325,610.2222222222222,0.11875635792778651,440.8230706075533,538.8984674329502,0.028740698506174337,1.0,1.0,1.0,47,8,2.243875247277033,0,2.243875247277033,False,False,False,True,0,26,4,0.4,0.3,0.3,balanced
1781347220118.213,0.4,0.3,0.3,597.4740973312402,613.6666666666666,0.11949481946624803,369.63109935332153,461.5446796002352,0.023991400890815313,1.0,1.0,1.0,46,8,2.2450046519462563,1,2.2450046519462563,False,False,False,True,0,27,4,0.4,0.3,0.3,balanced
1781347222839.967,0.4,0.3,0.3,596.5180533751962,613.1111111111111,0.11930361067503925,382.6601998824221,466.9077013521458,0.024860587050194935,1.0,1.0,1.0,47,8,2.244820379614926,0,2.244820379614926,False,False,False,True,0,28,4,0.4,0.3,0.3,balanced
1781347225564.423,0.4,0.3,0.3,596.2810047095761,611.7777777777778,0.11925620094191522,406.5917107583774,510.04850088183434,0.026457085440852394,0.9942812289751065,0.9960317460317459,0.9942812289751065,49,8,2.24264476268351,0,2.24264476268351,False,False,False,True,0,29,4,0.4,0.3,0.3,balanced
1781347228288.177,0.4,0.3,0.3,594.2260596546311,609.2222222222222,0.11884521193092622,428.21428571428567,515.7936507936507,0.027899552082340604,1.0,1.0,1.0,50,8,2.2440920496029273,0,2.2440920496029273,False,False,False,True,0,30,4,0.4,0.3,0.3,balanced
1781347234582.179,0.4,0.3,0.3,594.497645211931,610.0,0.1188995290423862,396.6338259441708,498.55227148330596,0.025792783585334943,1.0,1.0,1.0,52,8,2.244702353307445,0,2.244702353307445,False,False,False,True,0,31,4,0.4,0.3,0.3,balanced
1781347237306.145,0.4,0.3,0.3,593.2668759811617,608.5555555555555,0.11865337519623233,395.97974822112747,490.8087027914614,0.025749149314284688,1.0,1.0,1.0,50,8,2.244813905127222,1,2.244813905127222,False,False,False,True,0,32,4,0.4,0.3,0.3,balanced
1781347240029.095,0.4,0.3,0.3,591.574568288854,607.0,0.1183149136577708,401.5305145046524,502.4808429118773,0.026119447265153594,1.0,1.0,1.0,52,8,2.2448382003573455,0,2.2448382003573455,False,False,False,True,0,33,4,0.4,0.3,0.3,balanced
1781347243450.994,0.4,0.3,0.3,397.74568288854005,405.6666666666667,0.07954913657770801,302.53516582784874,368.14363143631437,0.019515354624939876,0.6703296703296703,0.6666666666666666,0.6703296703296703,50,8,2.163424640080336,1,2.163424640080336,False,False,False,True,0,34,4,0.4,0.3,0.3,balanced
1781347246075.4968,0.4,0.3,0.3,591.6326530612245,606.3333333333334,0.11832653061224489,384.7997784108894,493.50902184235514,0.025003320774575677,1.0,1.0,1.0,52,8,2.2451683915227294,0,2.2451683915227294,False,False,False,True,0,35,4,0.4,0.3,0.3,balanced
1781347248798.5352,0.4,0.3,0.3,590.861852433281,604.8888888888889,0.1181723704866562,424.1865079365079,523.3333333333334,0.027630854432055228,1.0,1.0,1.0,53,8,2.244441795475721,0,2.244441795475721,False,False,False,True,0,36,4,0.4,0.3,0.3,balanced
1781347251524.173,0.4,0.3,0.3,585.5447409733124,599.3333333333334,0.11710894819466248,1046.8739737274218,1093.0829228243022,0.06917104561223628,1.0,1.0,1.0,55,8,2.2324051070384643,0,2.2324051070384643,False,False,False,True,0,37,4,0.4,0.3,0.3,balanced
1781347254247.546,0.4,0.3,0.3,589.5180533751962,604.0,0.11790361067503925,484.3931308155446,587.5273672687466,0.03164730692565341,1.0,1.0,1.0,53,8,2.2433443636522883,1,2.2433443636522883,False,False,False,True,0,38,4,0.4,0.3,0.3,balanced
1781347256972.359,0.4,0.3,0.3,585.6609105180534,600.4444444444445,0.11713218210361068,604.5326278659612,712.0737801293357,0.03966194982428027,0.9960192868356135,0.9960317460317462,0.9960192868356135,55,8,2.2400543282619556,0,2.2400543282619556,False,False,False,True,0,39,4,0.4,0.3,0.3,balanced
1781347259594.038,0.4,0.3,0.3,589.1538461538461,602.8888888888889,0.11783076923076921,589.9295663184553,708.048433048433,0.03868776292985025,0.9939531368102796,0.9958847736625513,0.9939531368102796,56,8,2.2394473044718213,0,2.2394473044718213,False,False,False,True,0,40,4,0.4,0.3,0.3,balanced
1781347262407.707,0.4,0.3,0.3,588.1224489795918,601.0,0.11762448979591836,459.00537634408596,563.2915173237755,0.02995366086351474,0.8651286601597161,0.9082125603864735,0.8651286601597161,58,8,2.203502703870493,0,2.203502703870493,False,False,False,True,0,41,4,0.4,0.3,0.3,balanced
1781347265027.958,0.4,0.3,0.3,586.0,599.0,0.1172,482.77483833039383,585.2498530276308,0.03153934878788484,1.0,1.0,1.0,59,8,2.2436581953636345,0,2.2436581953636345,False,False,False,True,0,42,4,0.4,0.3,0.3,balanced
1781347271244.982,0.4,0.3,0.3,584.1868131868132,596.6666666666666,0.11683736263736264,467.36444625333513,575.9237778682223,0.03051130395285758,0.9939531368102796,0.9958847736625513,0.9939531368102796,61,8,2.2422976048022814,0,2.2422976048022814,False,False,False,True,0,43,4,0.4,0.3,0.3,balanced
1781347273864.501,0.4,0.3,0.3,580.7708006279433,593.0,0.11615416012558867,600.6138357527246,712.3385565052231,0.03940052273200298,0.9844343109649233,0.9879482657260434,0.9844343109649233,64,8,2.2370484724196404,0,2.2370484724196404,False,False,False,True,0,44,4,0.4,0.3,0.3,balanced
1781347276488.885,0.4,0.3,0.3,581.6106750392463,593.7777777777778,0.11632213500784926,616.6402116402116,761.8077601410935,0.04046966054971392,1.0,1.0,1.0,65,8,2.241330247831946,0,2.241330247831946,False,False,False,True,0,45,4,0.4,0.3,0.3,balanced
1781347279314.782,0.4,0.3,0.3,494.0737833594976,532.5555555555555,0.09881475667189953,526.7506720430107,601.0517473118279,0.034473026820747876,0.8398744113029827,0.8888888888888888,0.8398744113029827,67,8,2.202094512675911,0,2.202094512675911,False,False,False,True,0,46,4,0.4,0.3,0.3,balanced
1781347281935.865,0.4,0.3,0.3,579.4379905808477,591.8888888888889,0.11588759811616953,556.5873015873016,685.3968253968254,0.03646346241409617,1.0,1.0,1.0,68,8,2.2427059220293035,0,2.2427059220293035,False,False,False,True,0,47,4,0.4,0.3,0.3,balanced
1781347284561.172,0.4,0.3,0.3,579.7880690737834,591.4444444444445,0.11595761381475668,557.5646678424456,699.0579071134626,0.03652866363191765,1.0,1.0,1.0,67,8,2.242658355384522,1,2.242658355384522,False,False,False,True,0,48,4,0.4,0.3,0.3,balanced
1781347287185.4702,0.4,0.3,0.3,580.9152276295132,592.4444444444445,0.11618304552590264,592.2692533803644,751.0390946502058,0.03884384612277281,1.0,1.0,1.0,68,8,2.241873627952807,0,2.241873627952807,False,False,False,True,0,49,4,0.4,0.3,0.3,balanced
1781347289805.388,0.4,0.3,0.3,580.3061224489795,591.7777777777778,0.1160612244897959,576.3653733098176,720.5878894767785,0.03778288014074834,1.0,1.0,1.0,67,8,2.242240646161857,1,2.242240646161857,False,False,False,True,0,50,4,0.4,0.3,0.3,balanced
1781347292422.928,0.4,0.3,0.3,579.9199372056515,591.7777777777778,0.11598398744113031,646.4601704879483,753.8021751910642,0.0424589840218778,1.0,1.0,1.0,65,8,2.2408687098169846,1,2.2408687098169846,False,False,False,True,0,51,4,0.4,0.3,0.3,balanced
1781347295045.797,0.4,0.3,0.3,578.9372056514914,589.6666666666666,0.11578744113029828,605.0881834215168,738.0246913580247,0.039699011569147215,1.0,1.0,1.0,67,8,2.2417753200771364,0,2.2417753200771364,False,False,False,True,0,52,4,0.4,0.3,0.3,balanced
1781347297670.182,0.4,0.3,0.3,581.9215070643642,593.5555555555555,0.11638430141287283,600.1344797178131,751.7960023515578,0.03936854434408359,1.0,1.0,1.0,65,8,2.2416357161316256,1,2.2416357161316256,False,False,False,True,0,53,4,0.4,0.3,0.3,balanced
1781347300291.6528,0.4,0.3,0.3,582.9544740973312,595.7777777777778,0.11659089481946623,570.7870370370371,712.6807760141094,0.03741074296444544,1.0,1.0,1.0,64,8,2.24214041918288,1,2.24214041918288,False,False,False,True,0,54,4,0.4,0.3,0.3,balanced
1781347306499.219,0.4,0.3,0.3,581.0800627943485,593.3333333333334,0.1162160125588697,524.6230158730158,655.1984126984127,0.03433108845050139,1.0,1.0,1.0,65,8,2.2432142684413017,0,2.2432142684413017,False,False,False,True,0,55,4,0.4,0.3,0.3,balanced
1781347309122.086,0.4,0.3,0.3,582.2496075353217,594.3333333333334,0.11644992150706435,516.4462081128747,648.7066431510876,0.03378560427704301,1.0,1.0,1.0,64,8,2.2432843501140614,1,2.2432843501140614,False,False,False,True,0,56,4,0.4,0.3,0.3,balanced
1781347311745.863,0.4,0.3,0.3,585.4646781789639,598.4444444444445,0.11709293563579279,522.0304232804232,657.7968841857731,0.034158133641122294,1.0,1.0,1.0,61,8,2.242915385653346,1,2.242915385653346,False,False,False,True,0,57,4,0.4,0.3,0.3,balanced
1781347314369.528,0.4,0.3,0.3,586.5572998430141,600.1111111111111,0.11731145996860282,504.41725455614335,609.3503821281598,0.032983139063118304,1.0,1.0,1.0,59,8,2.243180474293623,1,2.243180474293623,False,False,False,True,0,58,4,0.4,0.3,0.3,balanced
1781347317185.3708,0.4,0.3,0.3,499.70957613814755,540.1111111111111,0.0999419152276295,506.20239695340496,547.7083333333334,0.03310222794885957,0.8398744113029827,0.8888888888888888,0.8398744113029827,58,8,2.202054888915185,1,2.202054888915185,False,False,False,True,0,59,4,0.4,0.3,0.3,balanced
1781347319808.982,0.4,0.3,0.3,587.3453689167975,601.2222222222222,0.1174690737833595,450.2116402116402,568.7992357436801,0.029367020694572397,1.0,1.0,1.0,56,8,2.2442022642782846,1,2.2442022642782846,False,False,False,True,0,60,4,0.4,0.3,0.3,balanced
1781347322635.292,0.4,0.3,0.3,501.37990580847725,541.1111111111111,0.10027598116169545,418.7696012544803,469.74238351254485,0.027269486407903956,0.8398744113029827,0.8888888888888888,0.8398744113029827,55,8,2.2036710850038457,1,2.2036710850038457,False,False,False,True,0,61,4,0.4,0.3,0.3,balanced
1781347325250.7761,0.4,0.3,0.3,589.9356357927786,604.3333333333334,0.11798712715855572,451.80482069370953,550.8377425044091,0.029473303581968615,1.0,1.0,1.0,53,8,2.243963158061987,1,2.243963158061987,False,False,False,True,0,62,4,0.4,0.3,0.3,balanced
1781347327874.961,0.4,0.3,0.3,590.5070643642072,604.8888888888889,0.11810141287284143,440.5349794238683,540.082304526749,0.028721479614667665,1.0,1.0,1.0,52,8,2.244142990966463,1,2.244142990966463,False,False,False,True,0,63,4,0.4,0.3,0.3,balanced
1781347330498.802,0.4,0.3,0.3,589.2590266875981,603.4444444444445,0.11785180533751961,455.8848867182201,553.7023470356803,0.0297454894408419,1.0,1.0,1.0,53,8,2.2439356310327394,0,2.2439356310327394,False,False,False,True,0,64,4,0.4,0.3,0.3,balanced
1781347333122.732,0.4,0.3,0.3,591.0957613814757,605.5555555555555,0.11821915227629513,441.8930041152263,553.0658436213993,0.02881207499100909,1.0,1.0,1.0,52,8,2.2440687165921793,1,2.2440687165921793,False,False,False,True,0,65,4,0.4,0.3,0.3,balanced
1781347335745.3452,0.4,0.3,0.3,591.9497645211931,606.7777777777778,0.11838995290423861,446.9626464070908,530.2548274770497,0.029150276611547087,1.0,1.0,1.0,50,8,2.2438989358548405,1,2.2438989358548405,False,False,False,True,0,66,4,0.4,0.3,0.3,balanced
1781347341947.567,0.4,0.3,0.3,594.1114599686028,609.4444444444445,0.11882229199372057,414.80294396961057,496.9404874960431,0.02700486617542432,1.0,1.0,1.0,49,8,2.2443696233498844,1,2.2443696233498844,False,False,False,True,0,67,4,0.4,0.3,0.3,balanced
1781347344572.693,0.4,0.3,0.3,596.1177394034537,612.6666666666666,0.11922354788069074,373.5762899651789,471.0477999366888,0.02425458905704996,1.0,1.0,1.0,47,8,2.245034204130609,1,2.245034204130609,False,False,False,True,0,68,4,0.4,0.3,0.3,balanced
1781347347291.743,0.4,0.3,0.3,597.7708006279435,614.7777777777778,0.11955416012558868,377.16247035212547,468.74688317217056,0.024493827241636124,0.9978134110787171,0.9960317460317462,0.9978134110787171,46,8,2.244174211100889,1,2.244174211100889,False,False,False,True,0,69,4,0.4,0.3,0.3,balanced
1781347350011.465,0.4,0.3,0.3,600.1083202511774,617.0,0.12002166405023547,347.83593322386423,436.70224411603715,0.02253742049525445,1.0,1.0,1.0,44,8,2.2452301082313295,1,2.2452301082313295,False,False,False,True,0,70,4,0.4,0.3,0.3,balanced
1781347352726.096,0.4,0.3,0.3,604.6138147566719,622.2222222222222,0.12092276295133438,351.0413245758073,433.8902572523263,0.022751255808926438,1.0,1.0,1.0,43,8,2.244805518076788,1,2.244805518076788,False,False,False,True,0,71,4,0.4,0.3,0.3,balanced
1781347355444.041,0.4,0.3,0.3,606.0737833594976,624.5555555555555,0.12121475667189953,300.34391534391534,371.84303350970015,0.019369173805464667,1.0,1.0,1.0,41,8,2.2457033451896007,1,2.2457033451896007,False,False,False,True,0,72,4,0.4,0.3,0.3,balanced
1781347358164.863,0.4,0.3,0.3,605.5871271585556,624.7777777777778,0.12111742543171113,301.6199181476959,377.80920725365166,0.019454297408118472,0.9940694226408512,0.9958847736625516,0.9940694226408512,40,8,2.2439375673971353,1,2.2439375673971353,False,False,False,True,0,73,4,0.4,0.3,0.3,balanced
1781347360886.453,0.4,0.3,0.3,607.701726844584,627.7777777777778,0.1215403453689168,285.1646090534979,361.16696061140505,0.018356544966877778,1.0,1.0,1.0,38,8,2.24587689836237,1,2.24587689836237,False,False,False,True,0,74,4,0.4,0.3,0.3,balanced
1781347363613.979,0.4,0.3,0.3,605.2511773940345,624.5555555555555,0.12105023547880689,335.1998824221046,418.63609641387416,0.02169445513156135,1.0,1.0,1.0,40,8,2.2450715692690086,0,2.2450715692690086,False,False,False,True,0,75,4,0.4,0.3,0.3,balanced
1781347366333.608,0.4,0.3,0.3,609.5196232339089,630.0,0.12190392464678178,302.1568195179306,373.46560846560845,0.01949011471100271,0.9942812289751065,0.9960317460317459,0.9942812289751065,38,8,2.2436757644205185,1,2.2436757644205185,False,False,False,True,0,76,4,0.4,0.3,0.3,balanced
1781347369057.2969,0.4,0.3,0.3,611.3893249607535,632.2222222222222,0.1222778649921507,289.2636684303351,356.2419165196943,0.01862999789395164,1.0,1.0,1.0,37,8,2.245499854634954,1,2.245499854634954,False,False,False,True,0,77,4,0.4,0.3,0.3,balanced
1781347371776.215,0.4,0.3,0.3,614.6138147566719,636.0,0.12292276295133438,339.05349794238685,407.1604938271605,0.021951534218971773,1.0,1.0,1.0,35,8,2.2442454345537746,1,2.2442454345537746,False,False,False,True,0,78,4,0.4,0.3,0.3,balanced
1781347378074.087,0.4,0.3,0.3,616.8084772370486,639.0,0.12336169544740971,270.50174105729656,335.71383349161124,0.017378368316030457,1.0,1.0,1.0,34,8,2.245441811326227,1,2.245441811326227,False,False,False,True,0,79,4,0.4,0.3,0.3,balanced
1781347380896.7322,0.4,0.3,0.3,620.1397174254317,643.6666666666666,0.12402794348508635,248.85878489326763,316.5407772304324,0.015934542020898442,1.0,1.0,1.0,32,8,2.245608459999696,1,2.245608459999696,False,False,False,True,0,80,4,0.4,0.3,0.3,balanced
1781347383720.9302,0.4,0.3,0.3,617.5054945054945,640.0,0.12350109890109891,263.51327312534204,338.28133552271476,0.01691215964812155,1.0,1.0,1.0,34,8,2.245525912545124,0,2.245525912545124,False,False,False,True,0,81,4,0.4,0.3,0.3,balanced
1781347386543.215,0.4,0.3,0.3,622.0675039246468,645.8888888888889,0.12441350078492935,219.4916529830323,284.15845648604267,0.013975427150302356,1.0,1.0,1.0,32,8,2.2460419715409374,1,2.2460419715409374,False,False,False,True,0,82,4,0.4,0.3,0.3,balanced
1781347389355.844,0.4,0.3,0.3,630.8492935635792,657.4444444444445,0.12616985871271583,195.70987654320987,248.78159905937684,0.012388917714690452,1.0,1.0,1.0,29,8,2.2458153812005066,1,2.2458153812005066,False,False,False,True,0,83,4,0.4,0.3,0.3,balanced
1781347392270.934,0.4,0.3,0.3,635.2810047095761,662.3333333333334,0.12705620094191522,200.84838533114393,255.94280240831964,0.012731713497741423,1.0,1.0,1.0,28,8,2.2453580055739115,1,2.2453580055739115,False,False,False,True,0,84,4,0.4,0.3,0.3,balanced
1781347395184.704,0.4,0.3,0.3,642.5494505494504,671.4444444444445,0.12850989010989008,202.31114050558497,262.4221046443269,0.01282929556408172,1.0,1.0,1.0,26,8,2.2447472552868195,1,2.2447472552868195,False,False,False,True,0,85,4,0.4,0.3,0.3,balanced
1781347398107.2322,0.4,0.3,0.3,644.4144427001569,675.2222222222222,0.12888288854003138,185.03831417624522,229.77422003284073,0.011677005615493345,1.0,1.0,1.0,25,8,2.2449437428993395,1,2.2449437428993395,False,False,False,True,0,86,4,0.4,0.3,0.3,balanced
1781347401427.1519,0.4,0.3,0.3,570.5698587127158,603.7777777777778,0.11411397174254316,224.49127125597713,326.70981523922705,0.01430895738865758,0.7599067599067599,0.8013468013468014,0.7599067599067599,23,8,2.1780337520584134,1,2.1780337520584134,False,False,False,True,0,87,4,0.4,0.3,0.3,balanced
1781347404349.3408,0.4,0.3,0.3,659.2590266875981,693.8888888888889,0.1318518053375196,185.60620449509338,222.4992086103197,0.011714890226490552,1.0,1.0,1.0,22,8,2.243744810797045,1,2.243744810797045,False,False,False,True,0,88,4,0.4,0.3,0.3,balanced
1781347407368.132,0.4,0.3,0.3,670.4725274725274,708.5555555555555,0.1340945054945055,158.61590038314174,197.71483305966066,0.009914336249709256,1.0,1.0,1.0,20,8,2.243387896927285,1,2.243387896927285,False,False,False,True,0,89,4,0.4,0.3,0.3,balanced
1781347413985.485,0.4,0.3,0.3,676.1836734693877,715.7777777777778,0.13523673469387754,143.97854203409761,186.6740152851264,0.00893786137652419,1.0,1.0,1.0,19,8,2.2432239477094917,1,2.2432239477094917,False,False,False,True,0,90,4,0.4,0.3,0.3,balanced
1781347417109.48,0.4,0.3,0.3,692.3249607535321,736.6666666666666,0.13846499215070643,125.15873015873015,153.69047619047618,0.00768237025742029,1.0,1.0,1.0,17,8,2.242309292062491,1,2.242309292062491,False,False,False,True,0,91,4,0.4,0.3,0.3,balanced
1781347420225.7732,0.4,0.3,0.3,703.3736263736264,749.7777777777778,0.14067472527472527,124.83024691358025,151.1067019400353,0.007660456765415627,1.0,1.0,1.0,16,8,2.241431972860485,1,2.241431972860485,False,False,False,True,0,92,4,0.4,0.3,0.3,balanced
1781347423445.7559,0.4,0.3,0.3,722.9481946624804,776.4444444444445,0.14458963893249607,118.30145163478495,140.8764075430742,0.0072249133845753806,1.0,1.0,1.0,14,8,2.239996670411629,1,2.239996670411629,False,False,False,True,0,93,4,0.4,0.3,0.3,balanced
1781347426668.68,0.4,0.3,0.3,738.0722135007849,795.8888888888889,0.14761444270015697,142.32510288065842,188.3127572016461,0.008827558564420175,1.0,1.0,1.0,13,8,2.238305955350611,1,2.238305955350611,False,False,False,True,0,94,4,0.4,0.3,0.3,balanced
1781347430087.523,0.4,0.3,0.3,773.9152276295134,842.1111111111111,0.1547830455259027,108.18930041152262,146.17283950617286,0.006550320240928794,1.0,1.0,1.0,11,8,2.23612168571736,1,2.23612168571736,False,False,False,True,0,95,4,0.4,0.3,0.3,balanced
1781347433609.8782,0.4,0.3,0.3,798.568288854003,873.6666666666666,0.1597136577708006,94.90079365079366,127.32363315696648,0.005663828795916855,1.0,1.0,1.0,10,8,2.2344153882529048,1,2.2344153882529048,False,False,False,True,0,96,4,0.4,0.3,0.3,balanced
1781347437030.674,0.4,0.3,0.3,773.5478806907378,842.0,0.15470957613814756,109.32257043368153,144.75466919911366,0.0066259219768967,1.0,1.0,1.0,11,8,2.236128392951672,0,2.236128392951672,False,False,False,True,0,97,4,0.4,0.3,0.3,balanced
1781347440852.5469,0.4,0.3,0.3,781.7357630979498,873.1111111111111,0.15634715261958995,472.44907604309805,552.961763070078,0.030850505406477522,0.852779980793643,0.9199110122358177,0.852779980793643,10,8,2.1840399815683136,1,2.1840399815683136,False,False,False,True,0,98,4,0.4,0.3,0.3,balanced
1781347444273.931,0.4,0.3,0.3,775.2229199372057,843.7777777777778,0.15504458398744114,102.38841405508072,135.77714466603356,0.006163336494668494,0.9898249898249898,0.9917695473251028,0.9898249898249898,11,8,2.23308066240412,0,2.23308066240412,False,False,False,True,0,99,4,0.4,0.3,0.3,balanced
1781347451174.044,0.4,0.3,0.3,739.833594976452,798.1111111111111,0.1479667189952904,130.22119341563786,164.8206937095826,0.008020092956346755,0.9942812289751065,0.9960317460317459,0.9942812289751065,13,8,2.2366916532075116,0,2.2366916532075116,False,False,False,True,0,100,4,0.4,0.3,0.3,balanced
1781347454394.691,0.4,0.3,0.3,724.7048665620094,779.2222222222222,0.14494097331240188,87.52131099353322,114.06378600823047,0.005171535089628634,1.0,1.0,1.0,14,8,2.240472150148151,0,2.240472150148151,False,False,False,True,0,101,4,0.4,0.3,0.3,balanced
1781347457513.8508,0.4,0.3,0.3,704.1145996860282,751.7777777777778,0.14082291993720564,109.95737801293355,149.5767195767196,0.006668270714672017,1.0,1.0,1.0,16,8,2.241670350810716,0,2.241670350810716,False,False,False,True,0,102,4,0.4,0.3,0.3,balanced
1781347460632.4512,0.4,0.3,0.3,695.0015698587127,739.8888888888889,0.13900031397174256,123.14814814814814,170.97001763668428,0.00754824203790181,0.9942812289751065,0.9960317460317459,0.9942812289751065,17,8,2.240419770492464,0,2.240419770492464,False,False,False,True,0,103,4,0.4,0.3,0.3,balanced
1781347463649.251,0.4,0.3,0.3,677.524332810047,717.6666666666666,0.13550486656200939,174.72589653145207,242.69253380364495,0.010989052470410411,1.0,1.0,1.0,19,8,2.242501337634073,0,2.242501337634073,False,False,False,True,0,104,4,0.4,0.3,0.3,balanced
1781347466672.494,0.4,0.3,0.3,669.4379905808477,707.4444444444445,0.13388759811616954,204.91181657848327,269.2813051146384,0.01300278963165332,1.0,1.0,1.0,20,8,2.242544123864036,0,2.242544123864036,False,False,False,True,0,105,4,0.4,0.3,0.3,balanced
1781347469589.8572,0.4,0.3,0.3,658.7425431711144,692.3333333333334,0.13174850863422288,164.47135169357392,222.19531497309274,0.010304960086295792,1.0,1.0,1.0,22,8,2.244209108520422,0,2.244209108520422,False,False,False,True,0,106,4,0.4,0.3,0.3,balanced
1781347472515.0361,0.4,0.3,0.3,655.1208791208791,688.7777777777778,0.1310241758241758,193.314961787184,240.48206937095821,0.012229150219291794,1.0,1.0,1.0,23,8,2.243921584604542,0,2.243921584604542,False,False,False,True,0,107,4,0.4,0.3,0.3,balanced
1781347475430.495,0.4,0.3,0.3,644.0565149136577,674.2222222222222,0.12881130298273152,250.7495590828924,318.0599647266314,0.016060677724008834,1.0,1.0,1.0,25,8,2.2436572754897046,0,2.2436572754897046,False,False,False,True,0,108,4,0.4,0.3,0.3,balanced
1781347478246.0452,0.4,0.3,0.3,642.7645211930926,672.0,0.1285529042386185,196.87321937321934,247.8236783792339,0.01246652564197594,1.0,1.0,1.0,26,8,2.24483888061196,0,2.24483888061196,False,False,False,True,0,109,4,0.4,0.3,0.3,balanced
1781347484661.422,0.4,0.3,0.3,634.7849293563579,661.4444444444445,0.12695698587127158,205.16607877718988,264.376837154615,0.013019751752981312,1.0,1.0,1.0,28,8,2.245311280125597,0,2.245311280125597,False,False,False,True,0,110,4,0.4,0.3,0.3,balanced
1781347487481.004,0.4,0.3,0.3,631.5996860282575,657.4444444444445,0.1263199372056515,215.9420928865373,275.8744855967078,0.013738631947067198,1.0,1.0,1.0,29,8,2.245350435533619,0,2.245350435533619,False,False,False,True,0,111,4,0.4,0.3,0.3,balanced
1781347490301.623,0.4,0.3,0.3,620.9811616954473,644.6666666666666,0.12419623233908947,292.1171369782481,350.35126396237507,0.018820356035907145,1.0,1.0,1.0,32,8,2.244675400253592,0,2.244675400253592,False,False,False,True,0,112,4,0.4,0.3,0.3,balanced
1781347493120.961,0.4,0.3,0.3,632.7158555729984,658.5555555555555,0.12654317111459967,234.88021751910634,288.48618459729573,0.015002015845170536,1.0,1.0,1.0,29,8,2.2448821268006087,1,2.2448821268006087,False,False,False,True,0,113,4,0.4,0.3,0.3,balanced
1781347496133.747,0.4,0.3,0.3,536.756671899529,586.7777777777778,0.10735133437990581,196.64818548387095,235.01568100358423,0.012451513374507735,0.8398744113029827,0.8888888888888888,0.8398744113029827,32,8,2.20528633562658,0,2.20528633562658,False,False,False,True,0,114,4,0.4,0.3,0.3,balanced
1781347498959.428,0.4,0.3,0.3,619.2794348508635,642.2222222222222,0.12385588697017269,246.45183360700602,320.01778872468526,0.01577397155483696,1.0,1.0,1.0,34,8,2.2457254537454796,0,2.2457254537454796,False,False,False,True,0,115,4,0.4,0.3,0.3,balanced
1781347501783.77,0.4,0.3,0.3,616.4474097331239,638.5555555555555,0.12328948194662478,267.34674329501917,326.73645320197045,0.017167894816212087,1.0,1.0,1.0,35,8,2.2455338387764865,0,2.2455338387764865,False,False,False,True,0,116,4,0.4,0.3,0.3,balanced
1781347504608.957,0.4,0.3,0.3,612.5824175824175,633.0,0.1225164835164835,292.32621784345923,368.92446633825944,0.018834304058936574,1.0,1.0,1.0,37,8,2.2453431153757255,0,2.2453431153757255,False,False,False,True,0,117,4,0.4,0.3,0.3,balanced
1781347507323.117,0.4,0.3,0.3,616.839874411303,638.4444444444445,0.12336797488226059,261.6777461221905,329.4301994301994,0.016789709547844596,1.0,1.0,1.0,35,8,2.2456158971827422,1,2.2456158971827422,False,False,False,True,0,118,4,0.4,0.3,0.3,balanced
1781347510145.082,0.4,0.3,0.3,613.9748822605966,634.8888888888889,0.12279497645211931,277.6765188834154,347.0812807881773,0.017857005929514034,1.0,1.0,1.0,37,8,2.245524907640298,0,2.245524907640298,False,False,False,True,0,119,4,0.4,0.3,0.3,balanced
1781347512867.582,0.4,0.3,0.3,612.4160125588696,633.0,0.12248320251177393,285.94650205761315,357.6543209876543,0.018408705941134966,1.0,1.0,1.0,38,8,2.24548410721295,0,2.24548410721295,False,False,False,True,0,120,4,0.4,0.3,0.3,balanced
1781347515580.4119,0.4,0.3,0.3,605.458398744113,624.7777777777778,0.1210916797488226,295.30864197530866,363.3333333333333,0.019033264975003912,1.0,1.0,1.0,40,8,2.24585334860797,0,2.24585334860797,False,False,False,True,0,121,4,0.4,0.3,0.3,balanced
1781347521886.385,0.4,0.3,0.3,606.0957613814755,625.1111111111111,0.12121915227629511,310.2358906525573,389.25631981187536,0.02002907876267894,1.0,1.0,1.0,41,8,2.2455036154606782,0,2.2455036154606782,False,False,False,True,0,122,4,0.4,0.3,0.3,balanced
1781347524610.2642,0.4,0.3,0.3,602.1287284144425,619.7777777777778,0.12042574568288851,336.05746619635505,414.2225161669606,0.021751665523439295,1.0,1.0,1.0,43,8,2.245304202069813,0,2.245304202069813,False,False,False,True,0,123,4,0.4,0.3,0.3,balanced
1781347527330.8909,0.4,0.3,0.3,599.6091051805337,617.6666666666666,0.11992182103610674,370.57895807895807,460.592072536517,0.024054633627682325,0.9940694226408512,0.9958847736625516,0.9940694226408512,44,8,2.243035708289508,0,2.243035708289508,False,False,False,True,0,124,4,0.4,0.3,0.3,balanced
1781347530053.364,0.4,0.3,0.3,599.6954474097331,617.0,0.11993908948194662,378.5912698412699,463.76984126984127,0.024589144085474975,1.0,1.0,1.0,46,8,2.2446476209815787,0,2.2446476209815787,False,False,False,True,0,125,4,0.4,0.3,0.3,balanced
1781347532767.225,0.4,0.3,0.3,597.2496075353218,614.3333333333334,0.11944992150706436,436.2240010946907,513.0829228243022,0.028433889332534403,1.0,1.0,1.0,47,8,2.243689864597414,0,2.243689864597414,False,False,False,True,0,126,4,0.4,0.3,0.3,balanced
1781347535480.9739,0.4,0.3,0.3,595.4662480376766,611.1111111111111,0.11909324960753531,3147.2318884818883,3271.6757111201555,0.20928831811086646,0.9979255438439112,0.9960317460317462,0.9979255438439112,49,8,2.1889538678768994,0,2.1889538678768994,False,False,False,True,0,127,4,0.4,0.3,0.3,balanced
1781347538201.793,0.4,0.3,0.3,593.4631083202512,609.0,0.11869262166405024,398.2848324514991,501.7283950617284,0.025902924112841834,1.0,1.0,1.0,50,8,2.2447520741005276,0,2.2447520741005276,False,False,False,True,0,128,4,0.4,0.3,0.3,balanced
1781347540924.206,0.4,0.3,0.3,592.3547880690737,606.7777777777778,0.11847095761381475,469.20361247947454,578.1458675424193,0.03063399682985154,1.0,1.0,1.0,52,8,2.2434214179055187,0,2.2434214179055187,False,False,False,True,0,129,4,0.4,0.3,0.3,balanced
1781347543652.356,0.4,0.3,0.3,595.0047095761381,610.2222222222222,0.11900094191522763,401.3932980599647,513.5405643738977,0.02611029339959738,1.0,1.0,1.0,50,8,2.24456653521403,1,2.24456653521403,False,False,False,True,0,130,4,0.4,0.3,0.3,balanced
1781347546378.8198,0.4,0.3,0.3,593.0722135007849,607.5555555555555,0.11861444270015697,423.2088122605364,520.6622879036672,0.027565631238194555,1.0,1.0,1.0,52,8,2.2442845335484787,0,2.2442845335484787,False,False,False,True,0,131,4,0.4,0.3,0.3,balanced
1781347549100.548,0.4,0.3,0.3,589.861852433281,604.7777777777778,0.1179723704866562,418.31349206349205,521.8650793650794,0.027239058843461776,1.0,1.0,1.0,53,8,2.244639334152299,0,2.244639334152299,False,False,False,True,0,132,4,0.4,0.3,0.3,balanced
1781347551717.169,0.4,0.3,0.3,588.9968602825745,603.1111111111111,0.1177993720565149,457.50553972776197,558.6546375435264,0.029853605051885387,1.0,1.0,1.0,55,8,2.2439241696618284,0,2.2439241696618284,False,False,False,True,0,133,4,0.4,0.3,0.3,balanced
1781347558024.978,0.4,0.3,0.3,587.5196232339089,600.8888888888889,0.11750392464678178,474.18240284619594,575.016420361248,0.030966137614822944,1.0,1.0,1.0,56,8,2.2437085888568404,0,2.2437085888568404,False,False,False,True,0,134,4,0.4,0.3,0.3,balanced
1781347560648.335,0.4,0.3,0.3,585.8414442700157,599.5555555555555,0.11716828885400314,507.7777777777777,614.8559670781892,0.03320732340078571,1.0,1.0,1.0,58,8,2.243170487438163,0,2.243170487438163,False,False,False,True,0,135,4,0.4,0.3,0.3,balanced
1781347563366.241,0.4,0.3,0.3,587.1962323390894,600.6666666666666,0.11743924646781788,527.0764915161467,646.6091954022988,0.03449476260948277,1.0,1.0,1.0,56,8,2.242675872630028,1,2.242675872630028,False,False,False,True,0,136,4,0.4,0.3,0.3,balanced
1781347566087.815,0.4,0.3,0.3,584.4882260596545,598.3333333333334,0.1168976452119309,508.80795272557725,620.9987025887408,0.033276047546736305,0.9960192868356135,0.9960317460317462,0.9960192868356135,58,8,2.242063913701891,0,2.242063913701891,False,False,False,True,0,137,4,0.4,0.3,0.3,balanced
1781347568701.55,0.4,0.3,0.3,585.5824175824175,599.0,0.1171164835164835,459.3328584995251,586.9214941437164,0.029975507571682797,1.0,1.0,1.0,59,8,2.2441607543219018,0,2.2441607543219018,False,False,False,True,0,138,4,0.4,0.3,0.3,balanced
1781347571328.448,0.4,0.3,0.3,583.4709576138148,595.6666666666666,0.11669419152276296,647.4158865825533,794.6583457694568,0.04252274093279208,0.9940694226408513,0.9958847736625513,0.9940694226408513,61,8,2.2387863279033127,0,2.2387863279033127,False,False,False,True,0,139,4,0.4,0.3,0.3,balanced
1781347573951.591,0.4,0.3,0.3,582.7974882260596,595.7777777777778,0.11655949764521192,887.9362252973364,1149.2880884547549,0.0585681271045588,0.9940694226408512,0.9958847736625516,0.9940694226408512,64,8,2.234026589602803,0,2.234026589602803,False,False,False,True,0,140,4,0.4,0.3,0.3,balanced
1781347576575.6272,0.4,0.3,0.3,581.8210361067504,593.7777777777778,0.11636420722135007,617.1399176954732,759.7016460905351,0.040502996510705346,1.0,1.0,1.0,65,8,2.2413034181582483,0,2.2413034181582483,False,False,False,True,0,141,4,0.4,0.3,0.3,balanced
1781347579196.0,0.4,0.3,0.3,579.6970172684458,591.0,0.11593940345368917,748.3267195767196,861.2698412698414,0.04925461771692592,1.0,1.0,1.0,67,8,2.2388478533034464,0,2.2388478533034464,False,False,False,True,0,142,4,0.4,0.3,0.3,balanced
1781347581813.404,0.4,0.3,0.3,580.7252747252746,591.6666666666666,0.11614505494505492,651.6651969429747,798.533215755438,0.042806217274381234,0.9958510876878224,0.9960317460317462,0.9958510876878224,68,8,2.23945543914601,0,2.23945543914601,False,False,False,True,0,143,4,0.4,0.3,0.3,balanced
1781347584436.764,0.4,0.3,0.3,578.9748822605965,591.5555555555555,0.1157949764521193,758.065108759553,884.1666666666666,0.049904276768482525,0.9960192868356135,0.9960317460317462,0.9960192868356135,67,8,2.2375165124392917,1,2.2375165124392917,False,False,False,True,0,144,4,0.4,0.3,0.3,balanced
1781347587057.631,0.4,0.3,0.3,581.712715855573,593.7777777777778,0.1163425431711146,627.8916813639037,741.5711346266902,0.04122025893021372,1.0,1.0,1.0,65,8,2.24109690505249,1,2.24109690505249,False,False,False,True,0,145,4,0.4,0.3,0.3,balanced
1781347593265.807,0.4,0.3,0.3,582.36420722135,594.0,0.11647284144426999,617.5110229276895,707.6469723691946,0.040527753364088696,1.0,1.0,1.0,64,8,2.2412525374130654,1,2.2412525374130654,False,False,False,True,0,146,4,0.4,0.3,0.3,balanced
1781347595884.114,0.4,0.3,0.3,583.7943485086342,596.6666666666666,0.11675886970172684,512.3346560846561,635.4556143445033,0.03351131795094437,1.0,1.0,1.0,61,8,2.243243056734026,1,2.243243056734026,False,False,False,True,0,147,4,0.4,0.3,0.3,balanced
1781347598498.2122,0.4,0.3,0.3,584.8461538461538,598.0,0.11696923076923076,569.3004115226338,671.4814814814814,0.03731156848049592,1.0,1.0,1.0,59,8,2.242018837148159,1,2.242018837148159,False,False,False,True,0,148,4,0.4,0.3,0.3,balanced
1781347601123.3572,0.4,0.3,0.3,584.2857142857142,597.5555555555555,0.11685714285714284,620.4431782209559,731.5337132003799,0.04072336078858946,1.0,1.0,1.0,58,8,2.241040134620566,1,2.241040134620566,False,False,False,True,0,149,4,0.4,0.3,0.3,balanced
1781347603742.2239,0.4,0.3,0.3,587.4882260596545,602.0,0.1174976452119309,518.6894586894587,644.9873377651155,0.03393525408201859,1.0,1.0,1.0,56,8,2.242820365690622,1,2.242820365690622,False,False,False,True,0,150,4,0.4,0.3,0.3,balanced
1781347606364.827,0.4,0.3,0.3,586.9309262166405,599.8888888888889,0.1173861852433281,485.9219689775245,600.2152579930357,0.03174929746347729,1.0,1.0,1.0,58,8,2.2435207366636254,0,2.2435207366636254,False,False,False,True,0,151,4,0.4,0.3,0.3,balanced
1781347608985.772,0.4,0.3,0.3,587.9120879120877,601.4444444444445,0.11758241758241754,448.34995251661917,565.3308008863564,0.029242825384697742,1.0,1.0,1.0,56,8,2.2441941853516236,1,2.2441941853516236,False,False,False,True,0,152,4,0.4,0.3,0.3,balanced
1781347611607.782,0.4,0.3,0.3,586.0533751962323,599.5555555555555,0.11721067503924647,488.2858499525166,612.6543209876543,0.03190699465994107,1.0,1.0,1.0,58,8,2.243543631586319,0,2.243543631586319,False,False,False,True,0,153,4,0.4,0.3,0.3,balanced
1781347614332.399,0.4,0.3,0.3,586.4772370486655,599.7777777777778,0.1172954474097331,555.8162287903667,674.288451012589,0.03641202326820325,1.0,1.0,1.0,59,8,2.242158214055646,0,2.242158214055646,False,False,False,True,0,154,4,0.4,0.3,0.3,balanced
1781347616951.606,0.4,0.3,0.3,586.5604395604396,600.3333333333334,0.11731208791208791,498.8975941753719,605.9021842355176,0.032614916222506465,1.0,1.0,1.0,58,8,2.243290689968413,1,2.243290689968413,False,False,False,True,0,155,4,0.4,0.3,0.3,balanced
1781347619574.4988,0.4,0.3,0.3,587.2307692307692,601.0,0.11744615384615384,447.32352010129785,557.8157644824312,0.029174350907358097,1.0,1.0,1.0,56,8,2.244269233189331,1,2.244269233189331,False,False,False,True,0,156,4,0.4,0.3,0.3,balanced
1781347622290.305,0.4,0.3,0.3,586.6891679748823,600.6666666666666,0.11733783359497645,467.20580186097425,562.1948549534757,0.03050072060446793,1.0,1.0,1.0,55,8,2.243914650380669,1,2.243914650380669,False,False,False,True,0,157,4,0.4,0.3,0.3,balanced
1781347628689.737,0.4,0.3,0.3,553.3877551020407,533.4444444444445,0.11067755102040815,411.78793309438464,536.6642771804062,0.026803731360532664,0.9419152276295133,0.8888888888888888,0.9419152276295133,53,8,2.230262428472531,1,2.230262428472531,False,False,False,True,0,158,4,0.4,0.3,0.3,balanced
1781347631303.875,0.4,0.3,0.3,592.6216640502355,607.3333333333334,0.1185243328100471,425.19309908198795,511.6587527698639,0.02769800527564963,1.0,1.0,1.0,52,8,2.244280865293286,1,2.244280865293286,False,False,False,True,0,159,4,0.4,0.3,0.3,balanced
1781347634428.335,0.4,0.3,0.3,435.6938775510204,478.1111111111111,0.08713877551020409,418.2071367267445,465.21730375651947,0.027231963757621384,0.7220453016371384,0.7714285714285715,0.7220453016371384,50,8,2.1735884911597734,1,2.1735884911597734,False,False,False,True,0,160,4,0.4,0.3,0.3,balanced
1781347637148.084,0.4,0.3,0.3,594.7503924646782,610.8888888888889,0.11895007849293564,428.7780514504652,561.0878489326765,0.02793716153772283,0.9944784279759649,0.9961685823754789,0.9944784279759649,49,8,2.2423823485342984,1,2.2423823485342984,False,False,False,True,0,161,4,0.4,0.3,0.3,balanced
1781347639872.815,0.4,0.3,0.3,597.2794348508634,613.6666666666666,0.11945588697017268,360.8245149911816,452.41475602586706,0.023403903601813318,1.0,1.0,1.0,47,8,2.245196474131387,1,2.245196474131387,False,False,False,True,0,162,4,0.4,0.3,0.3,balanced
1781347642597.516,0.4,0.3,0.3,599.8383045525902,616.0,0.11996766091051804,363.4420928865373,454.90005878894766,0.02357852520924198,1.0,1.0,1.0,46,8,2.24493937807302,1,2.24493937807302,False,False,False,True,0,163,4,0.4,0.3,0.3,balanced
1781347645323.065,0.4,0.3,0.3,600.6216640502354,618.0,0.12012433281004707,342.56020799124246,438.43322386425837,0.02218547084664726,1.0,1.0,1.0,44,8,2.245294625621987,1,2.245294625621987,False,False,False,True,0,164,4,0.4,0.3,0.3,balanced
1781347648041.836,0.4,0.3,0.3,598.4364207221349,615.1111111111111,0.11968728414442699,403.88888888888886,494.80158730158723,0.02627677711066637,1.0,1.0,1.0,46,8,2.2442420532090295,0,2.2442420532090295,False,False,False,True,0,165,4,0.4,0.3,0.3,balanced
1781347650764.261,0.4,0.3,0.3,600.7959183673469,617.6666666666666,0.12015918367346938,395.55188124632576,465.59817754262195,0.025720605820301917,1.0,1.0,1.0,44,8,2.2442201447845216,1,2.2442201447845216,False,False,False,True,0,166,4,0.4,0.3,0.3,balanced
1781347653487.548,0.4,0.3,0.3,598.3642072213501,615.2222222222222,0.11967284144427001,343.68386243386243,434.0049970605526,0.022260431116335053,1.0,1.0,1.0,46,8,2.2454527340873915,0,2.2454527340873915,False,False,False,True,0,167,4,0.4,0.3,0.3,balanced
1781347656212.474,0.4,0.3,0.3,602.4835164835165,620.0,0.1204967032967033,366.52410346854793,449.9382716049383,0.023784129651003866,1.0,1.0,1.0,44,8,2.2446660797860174,1,2.2446660797860174,False,False,False,True,0,168,4,0.4,0.3,0.3,balanced
1781347658928.5369,0.4,0.3,0.3,601.7268445839874,619.4444444444445,0.12034536891679748,348.17680776014106,440.2601410934744,0.022560160624425687,1.0,1.0,1.0,43,8,2.245093804245953,1,2.245093804245953,False,False,False,True,0,169,4,0.4,0.3,0.3,balanced
1781347665228.231,0.4,0.3,0.3,601.524332810047,619.3333333333334,0.1203048665620094,357.42210464432685,455.6922398589065,0.02317692492623928,0.9960192868356135,0.9960317460317462,0.9960192868356135,44,8,2.2437307619480085,0,2.2437307619480085,False,False,False,True,0,170,4,0.4,0.3,0.3,balanced
1781347667950.0598,0.4,0.3,0.3,597.5557299843014,614.8888888888889,0.11951114599686027,391.20811287477954,490.31746031746036,0.02543082807703666,1.0,1.0,1.0,46,8,2.2445662931781447,0,2.2445662931781447,False,False,False,True,0,171,4,0.4,0.3,0.3,balanced
1781347670673.302,0.4,0.3,0.3,596.2605965463108,613.5555555555555,0.11925211930926216,396.6003010399562,481.45046524356866,0.0257905471007309,1.0,1.0,1.0,47,8,2.2445619881460757,0,2.2445619881460757,False,False,False,True,0,172,4,0.4,0.3,0.3,balanced
1781347673396.738,0.4,0.3,0.3,596.8979591836735,614.5555555555555,0.1193795918367347,328.0856848912404,418.722810111699,0.021219858898681814,1.0,1.0,1.0,46,8,2.2458822055957017,1,2.2458822055957017,False,False,False,True,0,173,4,0.4,0.3,0.3,balanced
1781347676117.8801,0.4,0.3,0.3,602.6970172684458,620.2222222222222,0.12053940345368917,342.3015873015873,424.3650793650794,0.022168217965416098,1.0,1.0,1.0,44,8,2.2451337732288996,1,2.2451337732288996,False,False,False,True,0,174,4,0.4,0.3,0.3,balanced
1781347678844.1301,0.4,0.3,0.3,602.2998430141287,620.6666666666666,0.12045996860282573,325.36731786731787,424.34133767467097,0.021038513533510196,1.0,1.0,1.0,43,8,2.2455044584988166,1,2.2455044584988166,False,False,False,True,0,175,4,0.4,0.3,0.3,balanced
1781347681565.6682,0.4,0.3,0.3,603.5321821036106,622.0,0.12070643642072211,350.81496178718396,415.1278659611993,0.022736154889071644,1.0,1.0,1.0,41,8,2.2448965789649895,1,2.2448965789649895,False,False,False,True,0,176,4,0.4,0.3,0.3,balanced
1781347684289.166,0.4,0.3,0.3,606.2072213500784,625.3333333333334,0.12124144427001568,302.0745149911816,378.13198118753667,0.01948462408213353,1.0,1.0,1.0,40,8,2.2456580350673536,1,2.2456580350673536,False,False,False,True,0,177,4,0.4,0.3,0.3,balanced
1781347687012.0298,0.4,0.3,0.3,611.9999999999999,632.1111111111111,0.12239999999999998,295.53938859494417,368.55820105820106,0.01904865834522643,1.0,1.0,1.0,38,8,2.245325402496432,1,2.245325402496432,False,False,False,True,0,178,4,0.4,0.3,0.3,balanced
1781347689730.4421,0.4,0.3,0.3,611.6546310832024,632.6666666666666,0.12233092621664048,281.5432098765432,360.4526748971193,0.01811495729663397,1.0,1.0,1.0,37,8,2.2456331423243534,1,2.2456331423243534,False,False,False,True,0,179,4,0.4,0.3,0.3,balanced
1781347692552.9739,0.4,0.3,0.3,615.6546310832025,637.6666666666666,0.1231309262166405,272.2400109469075,341.7159277504105,0.017494330283316043,1.0,1.0,1.0,35,8,2.245499330428349,1,2.245499330428349,False,False,False,True,0,180,4,0.4,0.3,0.3,balanced
1781347695377.885,0.4,0.3,0.3,617.0753532182104,639.1111111111111,0.12341507064364207,263.35591133004925,336.70771756978655,0.016901661863245446,1.0,1.0,1.0,34,8,2.2455634731835694,1,2.2455634731835694,False,False,False,True,0,181,4,0.4,0.3,0.3,balanced
1781347701788.0671,0.4,0.3,0.3,623.6828885400313,647.6666666666666,0.12473657770800625,240.5309250136836,307.7558839627805,0.015378980988237732,1.0,1.0,1.0,32,8,2.245491674620326,1,2.245491674620326,False,False,False,True,0,182,4,0.4,0.3,0.3,balanced
1781347704609.499,0.4,0.3,0.3,629.5431711145995,656.1111111111111,0.1259086342229199,232.03336272780714,285.3689006466784,0.014812098914463452,1.0,1.0,1.0,29,8,2.2451929166364932,1,2.2451929166364932,False,False,False,True,0,183,4,0.4,0.3,0.3,balanced
1781347707430.9211,0.4,0.3,0.3,632.1145996860282,659.1111111111111,0.12642291993720564,213.07245737801293,263.75220458553787,0.01354719528872668,1.0,1.0,1.0,28,8,2.2453666734385,1,2.2453666734385,False,False,False,True,0,184,4,0.4,0.3,0.3,balanced
1781347710244.979,0.4,0.3,0.3,640.0706436420721,669.6666666666666,0.12801412872841442,410.5780310224754,473.91073124406455,0.0267230174131071,0.9977659702934427,0.9957264957264957,0.9977659702934427,26,8,2.240107234372735,1,2.240107234372735,False,False,False,True,0,185,4,0.4,0.3,0.3,balanced
1781347713167.299,0.4,0.3,0.3,645.2103610675039,675.0,0.12904207221350078,185.37698412698413,233.61111111111111,0.01169959867424844,1.0,1.0,1.0,25,8,2.244873291512325,1,2.244873291512325,False,False,False,True,0,186,4,0.4,0.3,0.3,balanced
1781347716085.32,0.4,0.3,0.3,652.5180533751962,685.8888888888889,0.13050361067503924,165.6224279835391,200.77013521457968,0.010381749698701741,1.0,1.0,1.0,23,8,2.2446840308203737,1,2.2446840308203737,False,False,False,True,0,187,4,0.4,0.3,0.3,balanced
1781347719009.67,0.4,0.3,0.3,658.8649921507064,693.2222222222222,0.13177299843014129,173.4398883009994,211.00382128159904,0.010903261394329513,1.0,1.0,1.0,22,8,2.2440198222096446,1,2.2440198222096446,False,False,False,True,0,188,4,0.4,0.3,0.3,balanced
1781347722025.4778,0.4,0.3,0.3,669.1350078492935,706.8888888888889,0.13382700156985872,160.55629041740153,198.74485596707817,0.010043781882415045,1.0,1.0,1.0,20,8,2.243456064807332,1,2.243456064807332,False,False,False,True,0,189,4,0.4,0.3,0.3,balanced
1781347725040.194,0.4,0.3,0.3,677.2731554160125,717.4444444444445,0.1354546310832025,117.3478835978836,153.84038800705468,0.007161299773040934,1.0,1.0,1.0,19,8,2.2436697576348066,1,2.2436697576348066,False,False,False,True,0,190,4,0.4,0.3,0.3,balanced
1781347728062.6199,0.4,0.3,0.3,693.6279434850862,738.0,0.13872558869701726,105.85672681228235,135.5596074707186,0.006394711595215634,1.0,1.0,1.0,17,8,2.2425913510426283,1,2.2425913510426283,False,False,False,True,0,191,4,0.4,0.3,0.3,balanced
1781347731178.886,0.4,0.3,0.3,703.7331240188383,750.7777777777778,0.14074662480376768,104.32392710170487,127.27072310405644,0.006292456777965635,1.0,1.0,1.0,16,8,2.241813613045103,1,2.241813613045103,False,False,False,True,0,192,4,0.4,0.3,0.3,balanced
1781347737988.812,0.4,0.3,0.3,724.5934065934066,778.2222222222222,0.14491868131868132,87.66681363903587,108.47736625514403,0.005181241737093787,1.0,1.0,1.0,14,8,2.2404781549513992,1,2.2404781549513992,False,False,False,True,0,193,4,0.4,0.3,0.3,balanced
1781347741108.648,0.4,0.3,0.3,703.579277864992,750.6666666666666,0.1407158555729984,91.84891240446795,116.67842445620224,0.005460234316508869,1.0,1.0,1.0,16,8,2.242075587475848,0,2.242075587475848,False,False,False,True,0,194,4,0.4,0.3,0.3,balanced
1781347744328.981,0.4,0.3,0.3,726.5494505494505,780.6666666666666,0.1453098901098901,80.11169900058789,101.28159905937683,0.004677231420986517,1.0,1.0,1.0,14,8,2.240472874529748,1,2.240472874529748,False,False,False,True,0,195,4,0.4,0.3,0.3,balanced
1781347747648.6821,0.4,0.3,0.3,739.7456828885399,797.7777777777778,0.14794913657770797,78.63095238095238,102.34126984126983,0.004578449124813367,1.0,1.0,1.0,13,8,2.2394468106314727,1,2.2394468106314727,False,False,False,True,0,196,4,0.4,0.3,0.3,balanced
1781347751066.0269,0.4,0.3,0.3,776.2715855572999,844.0,0.15525431711145998,68.63168724279835,87.06937095825985,0.003911386740680344,0.9942812289751065,0.9960317460317459,0.9942812289751065,11,8,2.2350092258257437,1,2.2350092258257437,False,False,False,True,0,197,4,0.4,0.3,0.3,balanced
1781347754480.8208,0.4,0.3,0.3,774.2087912087912,842.4444444444445,0.15484175824175825,61.26763668430335,80.1822457378013,0.003420122527305093,1.0,1.0,1.0,11,8,2.2370372599451054,2,2.2370372599451054,False,False,False,True,0,198,4,0.4,0.3,0.3,balanced
1781347757995.056,0.4,0.3,0.3,798.4222919937205,873.6666666666666,0.1596844583987441,67.9453262786596,96.24044679600235,0.0038655988177891667,1.0,1.0,1.0,10,8,2.2349665369951657,1,2.2349665369951657,False,False,False,True,0,199,4,0.4,0.3,0.3,balanced
1781347761436.0671,0.4,0.3,0.3,773.4945054945055,841.8888888888889,0.15469890109890108,76.03468547912992,101.09053497942386,0.004405249198074044,0.9958510876878224,0.9960317460317462,0.9958510876878224,11,8,2.235554191107364,0,2.235554191107364,False,False,False,True,0,200,4,0.4,0.3,0.3,balanced
1781347764659.662,0.4,0.3,0.3,739.9450549450548,797.5555555555555,0.14798901098901096,108.57470718581828,140.59670781893004,0.0065760311664988845,1.0,1.0,1.0,13,8,2.238831586254446,0,2.238831586254446,False,False,False,True,0,201,4,0.4,0.3,0.3,balanced
1781347771457.4001,0.4,0.3,0.3,726.1240188383044,780.2222222222222,0.1452248037676609,92.25455614344501,113.11581422692534,0.005487295273078387,1.0,1.0,1.0,14,8,2.240263889911012,0,2.240263889911012,False,False,False,True,0,202,4,0.4,0.3,0.3,balanced
1781347774581.992,0.4,0.3,0.3,703.1302982731554,749.6666666666666,0.14062605965463107,105.38653733098177,141.3345091122869,0.006363344718544481,1.0,1.0,1.0,16,8,2.2418405727225843,0,2.2418405727225843,False,False,False,True,0,203,4,0.4,0.3,0.3,balanced
1781347777606.693,0.4,0.3,0.3,692.7503924646782,737.1111111111111,0.13855007849293563,104.68740107628996,136.7283950617284,0.006316704541446962,1.0,1.0,1.0,17,8,2.2426849572403915,0,2.2426849572403915,False,False,False,True,0,204,4,0.4,0.3,0.3,balanced
1781347780618.358,0.4,0.3,0.3,676.5996860282575,716.2222222222222,0.1353199372056515,147.15388007054673,189.65755437977657,0.00914969179923594,1.0,1.0,1.0,19,8,2.2431271175779686,0,2.2431271175779686,False,False,False,True,0,205,4,0.4,0.3,0.3,balanced
1781347783532.8528,0.4,0.3,0.3,669.1522762951333,706.7777777777778,0.13383045525902668,186.0857866413422,235.01582779360558,0.011746883698555184,1.0,1.0,1.0,20,8,2.2429437527868226,0,2.2429437527868226,False,False,False,True,0,206,4,0.4,0.3,0.3,balanced
1781347786458.158,0.4,0.3,0.3,658.9246467817896,693.6666666666666,0.13178492935635794,285.15381223714553,364.4077013521458,0.01835582469894233,0.9958718530147102,0.9958847736625513,0.9958718530147102,22,8,2.2405408367521873,0,2.2405408367521873,False,False,False,True,0,207,4,0.4,0.3,0.3,balanced
1781347789381.4658,0.4,0.3,0.3,652.4866562009419,685.1111111111111,0.13049733124018836,171.02954144620813,214.78395061728395,0.010742464406017888,1.0,1.0,1.0,23,8,2.2445783281821194,0,2.2445783281821194,False,False,False,True,0,208,4,0.4,0.3,0.3,balanced
1781347792302.184,0.4,0.3,0.3,645.4929356357928,676.0,0.12909858712715858,172.2687465790914,218.32649151614672,0.010825133194068807,1.0,1.0,1.0,25,8,2.245113025190916,0,2.245113025190916,False,False,False,True,0,209,4,0.4,0.3,0.3,balanced
1781347795225.364,0.4,0.3,0.3,641.6200941915228,670.8888888888889,0.12832401883830455,187.4055829228243,237.98166392993983,0.01183492881406433,1.0,1.0,1.0,26,8,2.2451199138204587,0,2.2451199138204587,False,False,False,True,0,210,4,0.4,0.3,0.3,balanced
1781347798047.273,0.4,0.3,0.3,639.9152276295133,668.3333333333334,0.12798304552590267,190.86419753086417,240.7090851535296,0.012065656940017624,1.0,1.0,1.0,26,8,2.2451870847076334,2,2.2451870847076334,False,False,False,True,0,211,4,0.4,0.3,0.3,balanced
1781347800869.563,0.4,0.3,0.3,633.9795918367346,661.0,0.1267959183673469,228.0871546149324,281.6813639035861,0.01454884286957521,1.0,1.0,1.0,28,8,2.2449169797921886,0,2.2449169797921886,False,False,False,True,0,212,4,0.4,0.3,0.3,balanced
1781347807270.8909,0.4,0.3,0.3,630.50863422292,656.4444444444445,0.126101726844584,228.72281011169895,305.3571428571429,0.014591248172895194,1.0,1.0,1.0,29,8,2.2451819348102977,0,2.2451819348102977,False,False,False,True,0,213,4,0.4,0.3,0.3,balanced
1781347810093.917,0.4,0.3,0.3,623.5321821036107,647.2222222222222,0.12470643642072214,253.58539094650206,298.43327454438565,0.016249859302635228,1.0,1.0,1.0,32,8,2.2452424676409204,0,2.2452424676409204,False,False,False,True,0,214,4,0.4,0.3,0.3,balanced
1781347812907.24,0.4,0.3,0.3,631.5211930926217,657.6666666666666,0.12630423861852436,200.6679894179894,257.962962962963,0.01271967908058635,1.0,1.0,1.0,29,8,2.2456624008284143,1,2.2456624008284143,False,False,False,True,0,215,4,0.4,0.3,0.3,balanced
1781347815732.053,0.4,0.3,0.3,623.0172684458398,646.7777777777778,0.12460345368916796,241.70977011494253,305.1874657909141,0.01545762308972265,1.0,1.0,1.0,32,8,2.245521331597416,0,2.245521331597416,False,False,False,True,0,216,4,0.4,0.3,0.3,balanced
1781347818544.986,0.4,0.3,0.3,619.3626373626373,641.8888888888889,0.12387252747252746,261.15147783251234,323.6548987411057,0.016754601589894086,1.0,1.0,1.0,34,8,2.245424608534021,0,2.245424608534021,False,False,False,True,0,217,4,0.4,0.3,0.3,balanced
1781347821266.405,0.4,0.3,0.3,616.0376766091051,637.8888888888889,0.12320753532182102,270.9836973725863,326.1538461538462,0.017410520171620165,0.9940694226408513,0.9958847736625513,0.9940694226408513,35,8,2.243714656612041,0,2.243714656612041,False,False,False,True,0,218,4,0.4,0.3,0.3,balanced
1781347823992.657,0.4,0.3,0.3,613.1036106750392,633.6666666666666,0.12262072213500785,275.77556188667296,343.23994935106043,0.01773019091972468,0.9958718530147102,0.9958847736625513,0.9958718530147102,37,8,2.2443942097744927,0,2.2443942097744927,False,False,False,True,0,219,4,0.4,0.3,0.3,balanced
1781347826717.918,0.4,0.3,0.3,609.2919937205652,629.6666666666666,0.12185839874411304,265.4122574955908,330.49088771310994,0.017038843061747216,1.0,1.0,1.0,38,8,2.2461449875838304,0,2.2461449875838304,False,False,False,True,0,220,4,0.4,0.3,0.3,balanced
1781347829440.051,0.4,0.3,0.3,603.5149136577708,623.1111111111111,0.12070298273155415,331.89741328630214,403.5185185185185,0.0214741436481856,1.0,1.0,1.0,40,8,2.2452765638129226,0,2.2452765638129226,False,False,False,True,0,221,4,0.4,0.3,0.3,balanced
1781347832163.72,0.4,0.3,0.3,603.6656200941915,622.0,0.12073312401883829,328.8367136978248,409.8824221046443,0.02126996088711306,1.0,1.0,1.0,41,8,2.2453257621263307,0,2.2453257621263307,False,False,False,True,0,222,4,0.4,0.3,0.3,balanced
1781347834888.144,0.4,0.3,0.3,600.3594976452118,618.2222222222222,0.12007189952904236,378.76984126984127,461.26984126984127,0.024601056789182205,1.0,1.0,1.0,43,8,2.2445909231516286,0,2.2445909231516286,False,False,False,True,0,223,4,0.4,0.3,0.3,balanced
1781347837606.007,0.4,0.3,0.3,601.270015698587,618.5555555555555,0.1202540031397174,369.73674987563874,450.5434585990141,0.023998448957681037,0.9940694226408512,0.9958847736625516,0.9940694226408512,44,8,2.2429196908490643,0,2.2429196908490643,False,False,False,True,0,224,4,0.4,0.3,0.3,balanced
1781347843913.391,0.4,0.3,0.3,595.7880690737833,612.5555555555555,0.11915761381475666,421.5674603174603,512.1825396825396,0.027456134777682474,1.0,1.0,1.0,46,8,2.2441001140407923,0,2.2441001140407923,False,False,False,True,0,225,4,0.4,0.3,0.3,balanced
1781347846637.399,0.4,0.3,0.3,597.7582417582418,614.1111111111111,0.11955164835164835,498.7677887246852,646.792556102901,0.03260625675281422,1.0,1.0,1.0,47,8,2.2423974636334965,0,2.2423974636334965,False,False,False,True,0,226,4,0.4,0.3,0.3,balanced
1781347849357.005,0.4,0.3,0.3,592.4756671899528,607.7777777777778,0.11849513343799056,487.9789272030651,618.635741652983,0.03188651949319981,1.0,1.0,1.0,49,8,2.243035990776844,0,2.243035990776844,False,False,False,True,0,227,4,0.4,0.3,0.3,balanced
1781347852081.823,0.4,0.3,0.3,591.8241758241758,607.4444444444445,0.11836483516483515,436.4771483305966,539.3691844553913,0.028450777073422057,1.0,1.0,1.0,50,8,2.244118832812039,0,2.244118832812039,False,False,False,True,0,228,4,0.4,0.3,0.3,balanced
1781347854799.9812,0.4,0.3,0.3,592.083202511774,607.3333333333334,0.11841664050235479,470.4282977558839,577.3727422003284,0.030715696981713402,1.0,1.0,1.0,52,8,2.243418634704544,0,2.243418634704544,False,False,False,True,0,229,4,0.4,0.3,0.3,balanced
1781347860114.419,0.4,0.3,0.3,596.5996860282573,615.6666666666666,0.11931993720565147,5173.979916126593,5670.192093327234,0.34449499106915227,0.4053967968337663,0.3879230973751242,0.4053967968337663,50,8,1.9705425668471237,1,1.9705425668471237,False,False,False,True,0,230,4,0.4,0.3,0.3,balanced
1781347862728.53,0.4,0.3,0.3,591.7817896389325,607.0,0.11835635792778651,409.01076289965175,505.3213042101931,0.026618463168755956,1.0,1.0,1.0,52,8,2.2446719178782586,0,2.2446719178782586,False,False,False,True,0,231,4,0.4,0.3,0.3,balanced
1781347865349.843,0.4,0.3,0.3,590.87284144427,605.6666666666666,0.11817456828885399,496.17283950617286,595.1851851851851,0.03243314473023168,1.0,1.0,1.0,53,8,2.243000229265389,0,2.243000229265389,False,False,False,True,0,232,4,0.4,0.3,0.3,balanced
1781347867972.427,0.4,0.3,0.3,589.5996860282573,603.8888888888889,0.11791993720565147,493.1275720164609,598.312757201646,0.03222999146207211,1.0,1.0,1.0,55,8,2.2431630276791177,0,2.2431630276791177,False,False,False,True,0,233,4,0.4,0.3,0.3,balanced
1781347870589.7852,0.4,0.3,0.3,590.7551020408163,606.5555555555555,0.11815102040816325,474.6502057613169,591.2345679012346,0.030997345280941755,1.0,1.0,1.0,53,8,2.243440388252452,1,2.243440388252452,False,False,False,True,0,234,4,0.4,0.3,0.3,balanced
1781347873207.011,0.4,0.3,0.3,591.1193092621664,606.7777777777778,0.11822386185243329,441.72839506172835,553.7037037037037,0.028801093733270736,1.0,1.0,1.0,52,8,2.2440701271390453,1,2.2440701271390453,False,False,False,True,0,235,4,0.4,0.3,0.3,balanced
1781347879604.665,0.4,0.3,0.3,505.40816326530614,548.6666666666666,0.10108163265306123,537.1624850657109,754.6965352449223,0.035167610744877315,0.8894009216589862,0.9247311827956989,0.8894009216589862,50,8,2.215837340213008,1,2.215837340213008,False,False,False,True,0,236,4,0.4,0.3,0.3,balanced
1781347882226.8728,0.4,0.3,0.3,591.2276295133438,605.2222222222222,0.11824552590266876,472.63057929724596,566.9721430832542,0.030862613695613474,1.0,1.0,1.0,52,8,2.2434430055302483,0,2.2434430055302483,False,False,False,True,0,237,4,0.4,0.3,0.3,balanced
1781347884843.424,0.4,0.3,0.3,592.5572998430141,607.4444444444445,0.11851145996860282,433.49635960747065,532.9202279202278,0.028251925257336268,1.0,1.0,1.0,53,8,2.244119838435358,0,2.244119838435358,False,False,False,True,0,238,4,0.4,0.3,0.3,balanced
1781347887568.439,0.4,0.3,0.3,590.2025117739403,604.3333333333334,0.11804050235478805,431.40394088669944,525.2011494252873,0.02811233761752498,1.0,1.0,1.0,55,8,2.2443500977728275,0,2.2443500977728275,False,False,False,True,0,239,4,0.4,0.3,0.3,balanced
1781347890492.9258,0.4,0.3,0.3,590.2197802197802,604.0,0.11804395604395604,910.7889660493827,1158.7222923681256,0.060092659509631934,0.8199060791425323,0.853927203065134,0.8199060791425323,56,8,2.1807264434722877,0,2.1807264434722877,False,False,False,True,0,240,4,0.4,0.3,0.3,balanced
1781347893109.729,0.4,0.3,0.3,587.0282574568288,600.4444444444445,0.11740565149136575,486.9753086419753,619.0123456790122,0.03181956695410108,1.0,1.0,1.0,58,8,2.243491869317223,0,2.243491869317223,False,False,False,True,0,241,4,0.4,0.3,0.3,balanced
1781347895725.961,0.4,0.3,0.3,585.1883830455259,597.7777777777778,0.11703767660910519,557.6543209876543,662.469135802469,0.03653464449550729,1.0,1.0,1.0,59,8,2.2422245360077055,0,2.2422245360077055,False,False,False,True,0,242,4,0.4,0.3,0.3,balanced
1781347898351.519,0.4,0.3,0.3,586.7001569858712,599.4444444444445,0.11734003139717425,481.43077601410937,607.9218106995886,0.0314496848575123,1.0,1.0,1.0,61,8,2.2436290819838764,0,2.2436290819838764,False,False,False,True,0,243,4,0.4,0.3,0.3,balanced
1781347900975.3872,0.4,0.3,0.3,587.2135007849294,600.3333333333334,0.11744270015698587,519.2861665083888,641.0003165558721,0.03397506114132013,1.0,1.0,1.0,59,8,2.2428304015948095,1,2.2428304015948095,False,False,False,True,0,244,4,0.4,0.3,0.3,balanced
1781347903598.237,0.4,0.3,0.3,585.3469387755101,597.6666666666666,0.11706938775510202,548.6838624338624,655.7289829512051,0.035936214972238985,1.0,1.0,1.0,61,8,2.2423913804062874,0,2.2423913804062874,False,False,False,True,0,245,4,0.4,0.3,0.3,balanced
1781347906321.5981,0.4,0.3,0.3,581.3045525902669,593.3333333333334,0.11626091051805337,4099.654792312838,4068.750177380445,0.2728255365118638,0.9655191747028482,0.9652435686918446,0.9655191747028482,64,8,2.161303727250074,0,2.161303727250074,False,False,False,True,0,246,4,0.4,0.3,0.3,balanced
1781347909143.208,0.4,0.3,0.3,493.978021978022,532.1111111111111,0.0987956043956044,558.304211469534,616.4224910394265,0.03657799943092289,0.8398744113029828,0.8888888888888888,0.8398744113029828,65,8,2.201470681803376,0,2.201470681803376,False,False,False,True,0,247,4,0.4,0.3,0.3,balanced
1781347915350.5781,0.4,0.3,0.3,580.0565149136578,592.2222222222222,0.11601130298273156,649.1975308641975,766.1316872427983,0.042641596455249994,1.0,1.0,1.0,67,8,2.2408029998703323,0,2.2408029998703323,False,False,False,True,0,248,4,0.4,0.3,0.3,balanced
1781347917963.267,0.4,0.3,0.3,579.4034536891679,590.6666666666666,0.11588069073783358,596.6727716727717,740.3237914349024,0.03913760985141906,0.9883506516159578,0.9919165196942975,0.9883506516159578,68,8,2.238411636234228,0,2.238411636234228,False,False,False,True,0,249,4,0.4,0.3,0.3,balanced
1781347921076.189,0.4,0.3,0.3,474.40502354788066,453.1111111111111,0.09488100470957614,557.1306606061597,708.4497201375603,0.03649971051408671,0.7958335101192243,0.7537537537537538,0.7958335101192243,67,8,2.189847737997711,1,2.189847737997711,False,False,False,True,0,250,4,0.4,0.3,0.3,balanced
1781347923703.9521,0.4,0.3,0.3,581.0800627943485,593.5555555555555,0.1162160125588697,637.8152557319224,759.210758377425,0.04188227189672598,1.0,1.0,1.0,65,8,2.2409489134074345,1,2.2409489134074345,False,False,False,True,0,251,4,0.4,0.3,0.3,balanced
1781347926328.844,0.4,0.3,0.3,579.701726844584,592.3333333333334,0.11594034536891679,682.3324514991182,812.7322163433274,0.04485206480981442,0.9960192868356135,0.9960317460317462,0.9960192868356135,64,8,2.238974028460173,1,2.238974028460173,False,False,False,True,0,252,4,0.4,0.3,0.3,balanced
1781347929053.841,0.4,0.3,0.3,585.3830455259026,598.8888888888889,0.11707660910518053,3437.950191570881,3668.411330049261,0.228682467749892,0.9813114635774733,0.9849297573435505,0.9813114635774733,61,8,2.178958055106202,1,2.178958055106202,False,False,False,True,0,253,4,0.4,0.3,0.3,balanced
1781347931777.759,0.4,0.3,0.3,583.4442700156985,597.1111111111111,0.1166888540031397,596.3628899835795,709.7564313081555,0.03911693729043226,1.0,1.0,1.0,59,8,2.241589377211614,1,2.241589377211614,False,False,False,True,0,254,4,0.4,0.3,0.3,balanced
1781347934403.489,0.4,0.3,0.3,584.8163265306123,597.7777777777778,0.11696326530612246,566.0699588477365,679.7942386831276,0.03709606129738069,1.0,1.0,1.0,61,8,2.242085875488337,0,2.242085875488337,False,False,False,True,0,255,4,0.4,0.3,0.3,balanced
1781347937025.198,0.4,0.3,0.3,585.8979591836735,598.6666666666666,0.1171795918367347,464.9801587301587,582.3001175778953,0.030352245412285435,1.0,1.0,1.0,59,8,2.2440224896416203,1,2.2440224896416203,False,False,False,True,0,256,4,0.4,0.3,0.3,balanced
1781347939648.536,0.4,0.3,0.3,587.0062794348509,600.0,0.11740125588697017,503.2510288065843,611.19341563786,0.03290533881298094,1.0,1.0,1.0,58,8,2.2431678960013177,1,2.2431678960013177,False,False,False,True,0,257,4,0.4,0.3,0.3,balanced
1781347942471.455,0.4,0.3,0.3,501.59654631083197,542.4444444444445,0.1003193092621664,435.074074074074,484.8518518518519,0.028357176389197734,0.8398744113029827,0.8888888888888888,0.8398744113029827,56,8,2.203327446769269,1,2.203327446769269,False,False,False,True,0,258,4,0.4,0.3,0.3,balanced
1781347945095.777,0.4,0.3,0.3,589.4945054945055,603.1111111111111,0.1178989010989011,435.21017048794823,538.4861845972957,0.028366255536220696,1.0,1.0,1.0,55,8,2.2443305628995733,1,2.2443305628995733,False,False,False,True,0,259,4,0.4,0.3,0.3,balanced
1781347951300.564,0.4,0.3,0.3,592.3029827315542,607.2222222222222,0.11846059654631083,425.8744855967078,517.3678379233935,0.027743461347345417,1.0,1.0,1.0,53,8,2.244292722977272,1,2.244292722977272,False,False,False,True,0,260,4,0.4,0.3,0.3,balanced
1781347953915.262,0.4,0.3,0.3,587.9748822605965,602.5555555555555,0.11759497645211929,474.27113010446345,578.2035454257676,0.030972056711438524,1.0,1.0,1.0,55,8,2.2436703924057206,0,2.2436703924057206,False,False,False,True,0,261,4,0.4,0.3,0.3,balanced
1781347956534.969,0.4,0.3,0.3,591.5698587127158,606.6666666666666,0.11831397174254316,457.6543209876543,565.6378600823045,0.02986353041945659,1.0,1.0,1.0,53,8,2.2437153521771456,1,2.2437153521771456,False,False,False,True,0,262,4,0.4,0.3,0.3,balanced
1781347959157.253,0.4,0.3,0.3,591.5353218210361,605.8888888888889,0.11830706436420721,401.5503323836657,503.29851218740106,0.02612076933847003,1.0,1.0,1.0,52,8,2.2448409434527763,1,2.2448409434527763,False,False,False,True,0,263,4,0.4,0.3,0.3,balanced
1781347962577.8042,0.4,0.3,0.3,396.9309262166405,405.3333333333333,0.0793861852433281,310.5684604465092,377.4970963995354,0.020051264873015957,0.6703296703296703,0.6666666666666666,0.6703296703296703,50,8,2.163329047539665,1,2.163329047539665,False,False,False,True,0,264,4,0.4,0.3,0.3,balanced
1781347965298.5981,0.4,0.3,0.3,595.1459968602826,610.6666666666666,0.11902919937205651,370.01573617952926,463.4263820470717,0.02401706045227013,1.0,1.0,1.0,49,8,2.2451832021154963,1,2.2451832021154963,False,False,False,True,0,265,4,0.4,0.3,0.3,balanced
1781347968022.1692,0.4,0.3,0.3,595.927786499215,611.0,0.11918555729984301,432.5992063492063,525.7539682539683,0.02819207514004045,1.0,1.0,1.0,49,8,2.2438681545380508,2,2.2438681545380508,False,False,False,True,0,266,4,0.4,0.3,0.3,balanced
1781347970741.834,0.4,0.3,0.3,594.3108320251177,610.1111111111111,0.11886216640502355,455.58497536945805,563.1787082649151,0.029725482012638964,1.0,1.0,1.0,49,8,2.243537488834199,2,2.243537488834199,False,False,False,True,0,267,4,0.4,0.3,0.3,balanced
1781347973466.2112,0.4,0.3,0.3,595.5368916797488,611.6666666666666,0.11910737833594977,433.2782186948853,518.8653733098178,0.028237372828211163,1.0,1.0,1.0,47,8,2.2438858368171566,1,2.2438858368171566,False,False,False,True,0,268,4,0.4,0.3,0.3,balanced
1781347976192.304,0.4,0.3,0.3,597.9764521193092,614.8888888888889,0.11959529042386184,389.4598765432099,500.1557907113463,0.025314201237038685,1.0,1.0,1.0,46,8,2.2445676234593437,1,2.2445676234593437,False,False,False,True,0,269,4,0.4,0.3,0.3,balanced
1781347978908.4421,0.4,0.3,0.3,600.61852433281,618.4444444444445,0.120123704866562,362.4044679600235,442.9894179894179,0.02350930406671271,1.0,1.0,1.0,44,8,2.2448977268333614,1,2.2448977268333614,False,False,False,True,0,270,4,0.4,0.3,0.3,balanced
1781347981633.475,0.4,0.3,0.3,601.8257456828885,619.6666666666666,0.1203651491365777,430.95899470899474,516.5446796002352,0.02808265475043327,1.0,1.0,1.0,43,8,2.2434291439202387,1,2.2434291439202387,False,False,False,True,0,271,4,0.4,0.3,0.3,balanced
1781347988052.366,0.4,0.3,0.3,603.3437990580848,621.7777777777778,0.12066875981161695,376.7145593869731,456.7692939244664,0.02446394659019167,1.0,1.0,1.0,41,8,2.2443933120982957,1,2.2443933120982957,False,False,False,True,0,272,4,0.4,0.3,0.3,balanced
1781347990777.134,0.4,0.3,0.3,601.9905808477237,619.8888888888889,0.12039811616954474,383.80511463844795,465.9362139917696,0.024936965619642957,1.0,1.0,1.0,43,8,2.2443596638462893,0,2.2443596638462893,False,False,False,True,0,273,4,0.4,0.3,0.3,balanced
1781347993802.112,0.4,0.3,0.3,605.0266875981162,623.0,0.12100533751962324,594.087542087542,735.8181818181818,0.03896514623666058,0.8112609356848988,0.8508743347453025,0.8112609356848988,41,8,2.183286601826622,1,2.183286601826622,False,False,False,True,0,274,4,0.4,0.3,0.3,balanced
1781347997225.079,0.4,0.3,0.3,350.9136577708006,428.1111111111111,0.07018273155416012,232.1033197831978,235.92073170731706,0.014816765829432808,0.5565340582762185,0.6639566395663956,0.5565340582762185,40,8,2.1344420951123717,1,2.1344420951123717,False,False,False,True,0,275,4,0.4,0.3,0.3,balanced
1781347999950.1208,0.4,0.3,0.3,609.5463108320251,629.7777777777778,0.12190926216640503,295.4982363315697,368.80952380952374,0.01904591303079184,1.0,1.0,1.0,38,8,2.2455225212242005,1,2.2455225212242005,False,False,False,True,0,276,4,0.4,0.3,0.3,balanced
1781348002669.071,0.4,0.3,0.3,607.0031397174254,626.3333333333334,0.12140062794348508,316.2933568489124,408.7669018224574,0.020433179242756,1.0,1.0,1.0,40,8,2.245309795049779,0,2.245309795049779,False,False,False,True,0,277,4,0.4,0.3,0.3,balanced
1781348005385.098,0.4,0.3,0.3,610.4568288854002,630.7777777777778,0.12209136577708005,301.4593225704337,381.6033554922444,0.01944358389395822,1.0,1.0,1.0,38,8,2.2453303785209804,1,2.2453303785209804,False,False,False,True,0,278,4,0.4,0.3,0.3,balanced
1781348008108.805,0.4,0.3,0.3,611.7158555729984,632.4444444444445,0.12234317111459968,329.41674580563466,402.62424817980377,0.02130865549070278,1.0,1.0,1.0,37,8,2.2446701349069493,1,2.2446701349069493,False,False,False,True,0,279,4,0.4,0.3,0.3,balanced
1781348010823.424,0.4,0.3,0.3,608.9105180533752,629.0,0.12178210361067504,282.59259259259255,356.4609053497942,0.01818496281471598,1.0,1.0,1.0,38,8,2.245831669711315,0,2.245831669711315,False,False,False,True,0,280,4,0.4,0.3,0.3,balanced
1781348013546.3518,0.4,0.3,0.3,610.546310832025,632.2222222222222,0.12210926216640501,289.77807172251613,356.0655496766608,0.018664314324383997,1.0,1.0,1.0,37,8,2.245557000836123,1,2.245557000836123,False,False,False,True,0,281,4,0.4,0.3,0.3,balanced
1781348016266.541,0.4,0.3,0.3,617.927786499215,639.8888888888889,0.12358555729984301,288.62219056663497,357.1272554605888,0.01858720417389159,1.0,1.0,1.0,35,8,2.2449896158278952,1,2.2449896158278952,False,False,False,True,0,282,4,0.4,0.3,0.3,balanced
1781348022660.9622,0.4,0.3,0.3,619.2653061224489,641.8888888888889,0.12385306122448979,237.77640941434043,294.592227695676,0.015195224110362938,1.0,1.0,1.0,34,8,2.2459002082770954,1,2.2459002082770954,False,False,False,True,0,283,4,0.4,0.3,0.3,balanced
1781348025588.492,0.4,0.3,0.3,534.3642072213501,584.7777777777778,0.10687284144427,234.79629629629628,278.8888888888889,0.01499641736466286,0.8398744113029828,0.8888888888888888,0.8398744113029828,32,8,2.204714261603788,1,2.204714261603788,False,False,False,True,0,284,4,0.4,0.3,0.3,balanced
1781348028405.7478,0.4,0.3,0.3,629.8602825745683,656.2222222222222,0.12597205651491364,229.92402659069324,281.1237733459956,0.014671382694509223,1.0,1.0,1.0,29,8,2.2452097625856817,1,2.2452097625856817,False,False,False,True,0,285,4,0.4,0.3,0.3,balanced
1781348031229.311,0.4,0.3,0.3,632.9701726844584,659.8888888888889,0.12659403453689166,219.52748383303938,264.93974132863025,0.013977817467180745,1.0,1.0,1.0,28,8,2.2451690409450893,1,2.2451690409450893,False,False,False,True,0,286,4,0.4,0.3,0.3,balanced
1781348034155.7952,0.4,0.3,0.3,641.1742543171115,670.7777777777778,0.1282348508634223,227.81084656084656,276.08024691358025,0.014530410044085828,1.0,1.0,1.0,26,8,2.2443469366414055,1,2.2443469366414055,False,False,False,True,0,287,4,0.4,0.3,0.3,balanced
1781348037083.996,0.4,0.3,0.3,643.5384615384615,673.8888888888889,0.1287076923076923,196.331569664903,244.87213403880074,0.01243039157204156,1.0,1.0,1.0,25,8,2.2447878056053105,1,2.2447878056053105,False,False,False,True,0,288,4,0.4,0.3,0.3,balanced
1781348040009.377,0.4,0.3,0.3,652.3610675039246,685.4444444444445,0.13047221350078492,186.31687242798353,225.76131687242798,0.011762299694995565,1.0,1.0,1.0,23,8,2.244282424691187,1,2.244282424691187,False,False,False,True,0,289,4,0.4,0.3,0.3,balanced
1781348043036.206,0.4,0.3,0.3,657.3877551020407,692.0,0.13147755102040815,180.61287477954144,228.13345091122872,0.011381779504972744,1.0,1.0,1.0,22,8,2.243994445740345,1,2.243994445740345,False,False,False,True,0,290,4,0.4,0.3,0.3,balanced
1781348046057.869,0.4,0.3,0.3,670.1287284144427,708.4444444444445,0.13402574568288853,193.71031746031744,241.3095238095238,0.012255524847252664,1.0,1.0,1.0,20,8,2.242713044272669,1,2.242713044272669,False,False,False,True,0,291,4,0.4,0.3,0.3,balanced
1781348049082.761,0.4,0.3,0.3,675.6703296703296,715.8888888888889,0.1351340659340659,187.30232216343325,237.69694297472077,0.011828040171009557,1.0,1.0,1.0,19,8,2.2423979615750707,1,2.2423979615750707,False,False,False,True,0,292,4,0.4,0.3,0.3,balanced
1781348052199.939,0.4,0.3,0.3,693.0266875981162,737.3333333333334,0.13860533751962323,162.6410934744268,225.6951793062904,0.010182861472610194,1.0,1.0,1.0,17,8,2.2415030065503676,1,2.2415030065503676,False,False,False,True,0,293,4,0.4,0.3,0.3,balanced
1781348059010.281,0.4,0.3,0.3,701.9858712715854,749.2222222222222,0.14039717425431708,135.1772030651341,169.80021893814995,0.00835071401368473,1.0,1.0,1.0,16,8,2.241335916094168,1,2.241335916094168,False,False,False,True,0,294,4,0.4,0.3,0.3,balanced
1781348062234.3882,0.4,0.3,0.3,724.0031397174253,778.0,0.14480062794348506,112.4514991181658,148.2363315696649,0.006834656378796918,1.0,1.0,1.0,14,8,2.2400293519089667,1,2.2400293519089667,False,False,False,True,0,295,4,0.4,0.3,0.3,balanced
1781348065566.677,0.4,0.3,0.3,738.6938775510204,796.2222222222222,0.14773877551020406,90.03793017681906,113.52824130601908,0.005339421626205407,0.9882343657853861,0.9919165196942975,0.9882343657853861,13,8,2.2357729730436726,1,2.2357729730436726,False,False,False,True,0,296,4,0.4,0.3,0.3,balanced
1781348069091.37,0.4,0.3,0.3,776.0266875981162,844.0,0.15520533751962323,65.09920634920636,84.12845385067607,0.0036757309105541263,1.0,1.0,1.0,11,8,2.2368151457189844,1,2.2368151457189844,False,False,False,True,0,297,4,0.4,0.3,0.3,balanced
1781348072618.104,0.4,0.3,0.3,796.8084772370486,871.7777777777778,0.15936169544740972,56.31687242798353,74.36213991769547,0.0030898513961296553,1.0,1.0,1.0,10,8,2.235328366402197,1,2.235328366402197,False,False,False,True,0,298,4,0.4,0.3,0.3,balanced
1781348076243.508,0.4,0.3,0.3,775.171114599686,843.0,0.1550342229199372,77.03175507619952,106.42546465879799,0.004471764848312176,0.9478369976258787,0.9458128078817735,0.9478369976258787,11,8,2.220995880665295,0,2.220995880665295,False,False,False,True,0,299,4,0.4,0.3,0.3,balanced
1781348079966.474,0.4,0.3,0.3,798.7880690737833,873.2222222222222,0.15975761381475664,79.23371647509578,120.09833971902938,0.004618660205143147,0.9380717804363126,0.9578544061302681,0.9380717804363126,10,8,2.2161328905434483,1,2.2161328905434483,False,False,False,True,0,300,4,0.4,0.3,0.3,balanced
1781348083387.037,0.4,0.3,0.3,775.789638932496,843.5555555555555,0.1551579277864992,61.84077239632795,80.1915163026274,0.0034583570644648397,1.0,1.0,1.0,11,8,2.2368993217660607,0,2.2368993217660607,False,False,False,True,0,301,4,0.4,0.3,0.3,balanced
1781348086607.87,0.4,0.3,0.3,737.9152276295132,795.8888888888889,0.14758304552590265,73.67917062361506,95.58879392212727,0.004248110114984327,1.0,1.0,1.0,13,8,2.2396923487551437,0,2.2396923487551437,False,False,False,True,0,302,4,0.4,0.3,0.3,balanced
1781348089826.8818,0.4,0.3,0.3,724.624803767661,777.3333333333334,0.1449249607535322,89.15931804820694,116.05967078189302,0.005280808408819676,1.0,1.0,1.0,14,8,2.2404457731759413,0,2.2404457731759413,False,False,False,True,0,303,4,0.4,0.3,0.3,balanced
1781348096545.249,0.4,0.3,0.3,703.0769230769231,750.6666666666666,0.14061538461538461,110.55335097001762,138.17313345091122,0.006708028750501509,1.0,1.0,1.0,16,8,2.2417414375286957,0,2.2417414375286957,False,False,False,True,0,304,4,0.4,0.3,0.3,balanced
1781348099564.3972,0.4,0.3,0.3,693.7582417582416,738.2222222222222,0.13875164835164833,111.1182336182336,153.59765748654638,0.0067457127163598135,1.0,1.0,1.0,17,8,2.2424756268444326,0,2.2424756268444326,False,False,False,True,0,305,4,0.4,0.3,0.3,balanced
1781348102583.407,0.4,0.3,0.3,676.241758241758,716.0,0.1352483516483516,115.27851263962374,155.25426219870664,0.007023249675758755,1.0,1.0,1.0,19,8,2.243793684437932,0,2.243793684437932,False,False,False,True,0,306,4,0.4,0.3,0.3,balanced
1781348105597.614,0.4,0.3,0.3,670.684458398744,707.8888888888889,0.1341368916797488,131.0823754789272,165.73617952928296,0.008077543394191273,1.0,1.0,1.0,20,8,2.243921980309843,0,2.243921980309843,False,False,False,True,0,307,4,0.4,0.3,0.3,balanced
1781348108519.551,0.4,0.3,0.3,658.0627943485085,692.2222222222222,0.13161255886970172,169.93239271017046,223.57436801881244,0.010669272362252865,1.0,1.0,1.0,22,8,2.2441541947434436,0,2.2441541947434436,False,False,False,True,0,308,4,0.4,0.3,0.3,balanced
1781348111442.916,0.4,0.3,0.3,654.651491365777,687.5555555555555,0.13093029827315542,172.17151675485007,210.55702527924748,0.010818646881577723,1.0,1.0,1.0,23,8,2.2443822866262644,0,2.2443822866262644,False,False,False,True,0,309,4,0.4,0.3,0.3,balanced
1781348114266.512,0.4,0.3,0.3,644.5117739403454,675.3333333333334,0.12890235478806908,189.76891421335864,239.62962962962962,0.011992589340450877,1.0,1.0,1.0,25,8,2.2448412812826373,0,2.2448412812826373,False,False,False,True,0,310,4,0.4,0.3,0.3,balanced
1781348117092.009,0.4,0.3,0.3,642.6279434850863,671.7777777777778,0.12852558869701727,180.3687875910098,224.11206077872743,0.011365496170180775,1.0,1.0,1.0,26,8,2.2451801156701388,0,2.2451801156701388,False,False,False,True,0,311,4,0.4,0.3,0.3,balanced
1781348120017.448,0.4,0.3,0.3,644.6609105180534,675.0,0.12893218210361068,176.27531472359055,212.1004378762999,0.011092415925523052,1.0,1.0,1.0,25,8,2.245099402380899,1,2.245099402380899,False,False,False,True,0,312,4,0.4,0.3,0.3,balanced
1781348122936.7522,0.4,0.3,0.3,640.7645211930926,669.7777777777778,0.12815290423861853,218.5823754789272,290.32840722495894,0.013914768210735637,1.0,1.0,1.0,26,8,2.244564407841332,0,2.244564407841332,False,False,False,True,0,313,4,0.4,0.3,0.3,balanced
1781348129434.46,0.4,0.3,0.3,644.5918367346937,674.7777777777778,0.12891836734693876,192.6231527093596,242.34537493158183,0.012182998846521655,1.0,1.0,1.0,25,8,2.244777753407268,1,2.244777753407268,False,False,False,True,0,314,4,0.4,0.3,0.3,balanced
1781348132251.545,0.4,0.3,0.3,640.7943485086341,669.8888888888889,0.12815886970172682,241.440329218107,314.93827160493834,0.015439648380127218,1.0,1.0,1.0,26,8,2.244104557605271,0,2.244104557605271,False,False,False,True,0,315,4,0.4,0.3,0.3,balanced
1781348135074.1611,0.4,0.3,0.3,633.0533751962322,659.8888888888889,0.12661067503924645,231.5836272780717,297.0473251028806,0.014782096549571161,1.0,1.0,1.0,28,8,2.24492110101943,0,2.24492110101943,False,False,False,True,0,316,4,0.4,0.3,0.3,balanced
1781348137896.8452,0.4,0.3,0.3,629.3375196232337,655.1111111111111,0.12586750392464674,244.99191651969429,319.76190476190476,0.015676578820526636,1.0,1.0,1.0,29,8,2.244950024783983,0,2.244950024783983,False,False,False,True,0,317,4,0.4,0.3,0.3,balanced
1781348140720.143,0.4,0.3,0.3,621.9403453689168,646.2222222222222,0.12438806907378337,269.1105637657362,346.3409961685823,0.01728556129191035,1.0,1.0,1.0,32,8,2.2450591039829133,0,2.2450591039829133,False,False,False,True,0,318,4,0.4,0.3,0.3,balanced
1781348143443.284,0.4,0.3,0.3,615.7331240188383,638.7777777777778,0.12314662480376767,280.78505856283635,363.31750553972773,0.01806438015762751,1.0,1.0,1.0,34,8,2.2453220360312045,0,2.2453220360312045,False,False,False,True,0,319,4,0.4,0.3,0.3,balanced
1781348146267.125,0.4,0.3,0.3,616.1946624803767,637.6666666666666,0.12323893249607533,296.0686918445539,363.11713191023534,0.019083968768816136,1.0,1.0,1.0,35,8,2.244979236370925,0,2.244979236370925,False,False,False,True,0,320,4,0.4,0.3,0.3,balanced
1781348148991.601,0.4,0.3,0.3,612.2448979591836,632.8888888888889,0.12244897959183672,312.1881924659702,392.18581829692937,0.020159319043760518,1.0,1.0,1.0,37,8,2.244972612450137,0,2.244972612450137,False,False,False,True,0,321,4,0.4,0.3,0.3,balanced
1781348151711.137,0.4,0.3,0.3,609.2857142857143,630.0,0.12185714285714287,323.1077307466196,399.3489124044679,0.020887773899040667,1.0,1.0,1.0,38,8,2.2449908106874306,0,2.2449908106874306,False,False,False,True,0,322,4,0.4,0.3,0.3,balanced
1781348154434.8718,0.4,0.3,0.3,607.1224489795918,626.7777777777778,0.12142448979591836,324.07995296884184,394.22398589065256,0.020952631952557827,1.0,1.0,1.0,40,8,2.2451444144958654,0,2.2451444144958654,False,False,False,True,0,323,4,0.4,0.3,0.3,balanced
1781348157160.136,0.4,0.3,0.3,605.2747252747253,624.2222222222222,0.12105494505494505,348.31275720164604,421.6901822457378,0.02256922996675424,1.0,1.0,1.0,41,8,2.2448072529879957,0,2.2448072529879957,False,False,False,True,0,324,4,0.4,0.3,0.3,balanced
1781348159883.379,0.4,0.3,0.3,600.0926216640502,617.2222222222222,0.12001852433281003,313.64050558495,399.6987066431511,0.020256204508669114,1.0,1.0,1.0,43,8,2.2459157289142753,0,2.2459157289142753,False,False,False,True,0,325,4,0.4,0.3,0.3,balanced
1781348166195.894,0.4,0.3,0.3,599.6656200941915,616.8888888888889,0.1199331240188383,365.43577307466194,452.64844209288657,0.0237115258889034,1.0,1.0,1.0,44,8,2.2449132926257938,0,2.2449132926257938,False,False,False,True,0,326,4,0.4,0.3,0.3,balanced
1781348168920.2622,0.4,0.3,0.3,603.342229199372,620.3333333333334,0.1206684458398744,318.6076902025178,401.77887246852765,0.020587571060875103,1.0,1.0,1.0,43,8,2.2455563503457876,1,2.2455563503457876,False,False,False,True,0,327,4,0.4,0.3,0.3,balanced
1781348171641.689,0.4,0.3,0.3,602.3453689167974,619.5555555555555,0.12046907378335947,362.01628352490417,446.9964422550629,0.023483407840220426,1.0,1.0,1.0,44,8,2.24476734813459,0,2.24476734813459,False,False,False,True,0,328,4,0.4,0.3,0.3,balanced
1781348174365.215,0.4,0.3,0.3,599.2307692307692,615.6666666666666,0.11984615384615384,356.9984948002189,437.95155993431854,0.02314866543030146,1.0,1.0,1.0,46,8,2.245116938832448,0,2.245116938832448,False,False,False,True,0,329,4,0.4,0.3,0.3,balanced
1781348176986.823,0.4,0.3,0.3,597.7613814756671,613.7777777777778,0.11955227629513343,352.534029756252,448.55017410572964,0.022850835874333023,1.0,1.0,1.0,47,8,2.2453238387196466,0,2.2453238387196466,False,False,False,True,0,330,4,0.4,0.3,0.3,balanced
1781348180113.084,0.4,0.3,0.3,599.530612244898,615.0,0.1199061224489796,836.9500466853408,1143.3211951447245,0.05516678096633361,0.7335834233793417,0.7963443963443964,0.7335834233793417,49,8,2.1555625437443107,0,2.1555625437443107,False,False,False,True,0,331,4,0.4,0.3,0.3,balanced
1781348182734.22,0.4,0.3,0.3,594.4458398744113,609.6666666666666,0.11888916797488225,443.01361190250077,554.0234251345363,0.02888683201484328,1.0,1.0,1.0,50,8,2.243778283205594,0,2.243778283205594,False,False,False,True,0,332,4,0.4,0.3,0.3,balanced
1781348185456.1418,0.4,0.3,0.3,594.7613814756671,610.3333333333334,0.11895227629513343,432.62178434592226,536.6078270388615,0.028193581343957455,1.0,1.0,1.0,49,8,2.2439610150787592,1,2.2439610150787592,False,False,False,True,0,333,4,0.4,0.3,0.3,balanced
1781348188180.69,0.4,0.3,0.3,593.4897959183672,608.7777777777778,0.11869795918367344,474.29871373836886,573.6247947454845,0.03097389684712267,1.0,1.0,1.0,50,8,2.2432286472723937,0,2.2432286472723937,False,False,False,True,0,334,4,0.4,0.3,0.3,balanced
1781348190804.516,0.4,0.3,0.3,594.4929356357927,610.3333333333334,0.11889858712715855,405.014245014245,509.0503323836657,0.026351850901550698,1.0,1.0,1.0,49,8,2.244535009878671,1,2.244535009878671,False,False,False,True,0,335,4,0.4,0.3,0.3,balanced
1781348194226.0708,0.4,0.3,0.3,597.938775510204,616.3333333333334,0.1195877551020408,1808.2961582530684,2023.3289237712004,0.11996638814229943,0.6470237236184703,0.6731411993607116,0.6470237236184703,50,8,2.1102820986020348,0,2.1102820986020348,False,False,False,True,0,336,4,0.4,0.3,0.3,balanced
1781348196852.0059,0.4,0.3,0.3,592.392464678179,607.6666666666666,0.1184784929356358,451.2591009813232,548.6498892054448,0.029436897997419824,1.0,1.0,1.0,52,8,2.2437775334265195,0,2.2437775334265195,False,False,False,True,0,337,4,0.4,0.3,0.3,balanced
1781348203150.387,0.4,0.3,0.3,591.2527472527471,606.0,0.11825054945054941,427.188013136289,541.5859332238643,0.02783108826793122,1.0,1.0,1.0,53,8,2.244350453739401,0,2.244350453739401,False,False,False,True,0,338,4,0.4,0.3,0.3,balanced
1781348205764.718,0.4,0.3,0.3,589.7692307692307,603.8888888888889,0.11795384615384615,452.59892371003485,565.2136752136753,0.029526279100069035,1.0,1.0,1.0,55,8,2.2439605778084406,0,2.2439605778084406,False,False,False,True,0,339,4,0.4,0.3,0.3,balanced
1781348208488.3079,0.4,0.3,0.3,591.0219780219779,605.3333333333334,0.11820439560439558,473.2409688013136,587.1045429666119,0.030903333475738065,1.0,1.0,1.0,53,8,2.2434472417155202,1,2.2434472417155202,False,False,False,True,0,340,4,0.4,0.3,0.3,balanced
1781348211112.343,0.4,0.3,0.3,589.4065934065934,603.6666666666666,0.11788131868131868,502.8358318636096,624.2680776014109,0.032877640551274824,1.0,1.0,1.0,55,8,2.24298418036209,0,2.24298418036209,False,False,False,True,0,341,4,0.4,0.3,0.3,balanced
1781348213833.769,0.4,0.3,0.3,587.3987441130298,601.0,0.11747974882260596,472.7134646962233,586.5530925013684,0.03086814307513164,1.0,1.0,1.0,56,8,2.2437476575484183,0,2.2437476575484183,False,False,False,True,0,342,4,0.4,0.3,0.3,balanced
1781348216456.006,0.4,0.3,0.3,587.0266875981162,600.2222222222222,0.11740533751962323,465.7351444851445,578.3549269660382,0.030402611373258472,1.0,1.0,1.0,58,8,2.243917081580173,0,2.243917081580173,False,False,False,True,0,343,4,0.4,0.3,0.3,balanced
1781348219075.78,0.4,0.3,0.3,586.9513343799058,600.8888888888889,0.11739026687598116,510.2104531271198,631.3144982589426,0.03336960994844028,0.9940694226408513,0.9958847736625513,0.9940694226408513,56,8,2.241253837057331,1,2.241253837057331,False,False,False,True,0,344,4,0.4,0.3,0.3,balanced
1781348221695.669,0.4,0.3,0.3,586.9010989010989,601.0,0.11738021978021977,485.11022927689595,567.0546737213404,0.03169514538204776,1.0,1.0,1.0,55,8,2.243539368473298,1,2.243539368473298,False,False,False,True,0,345,4,0.4,0.3,0.3,balanced
1781348224318.5889,0.4,0.3,0.3,588.3893249607535,602.2222222222222,0.11767786499215069,541.7967372134038,653.0952380952381,0.035476766992221735,1.0,1.0,1.0,56,8,2.242285823905473,0,2.242285823905473,False,False,False,True,0,346,4,0.4,0.3,0.3,balanced
1781348227644.516,0.4,0.3,0.3,594.4505494505494,608.0,0.11889010989010987,1429.8651471984804,1952.607787274454,0.09472082369569582,0.6131249058327785,0.7140845373237014,0.6131249058327785,55,8,2.1079651806850808,1,2.1079651806850808,False,False,False,True,0,347,4,0.4,0.3,0.3,balanced
1781348230260.476,0.4,0.3,0.3,588.0015698587126,602.2222222222222,0.11760031397174253,491.85185185185185,600.164609053498,0.032144886714599856,1.0,1.0,1.0,56,8,2.243316408396923,0,2.243316408396923,False,False,False,True,0,348,4,0.4,0.3,0.3,balanced
1781348232879.3892,0.4,0.3,0.3,588.5871271585557,602.0,0.11771742543171115,486.13389182833623,580.1690182245737,0.031763435078608154,1.0,1.0,1.0,58,8,2.2433839993037332,0,2.2433839993037332,False,False,False,True,0,349,4,0.4,0.3,0.3,balanced
1781348239076.128,0.4,0.3,0.3,585.5761381475668,598.8888888888889,0.11711522762951336,533.830834803057,630.355673133451,0.03494535255524062,1.0,1.0,1.0,59,8,2.2426703031816224,0,2.2426703031816224,False,False,False,True,0,350,4,0.4,0.3,0.3,balanced
1781348241989.327,0.4,0.3,0.3,587.8131868131868,600.5555555555555,0.11756263736263736,912.6333597412028,1205.9450716313463,0.060215701116824734,0.8051291893656425,0.8391965633344943,0.8051291893656425,61,8,2.1764489915295906,0,2.1764489915295906,False,False,False,True,0,351,4,0.4,0.3,0.3,balanced
1781348244604.908,0.4,0.3,0.3,583.0549450549449,595.1111111111111,0.11661098901098899,539.7119341563786,655.3409758965314,0.035337687402026585,1.0,1.0,1.0,64,8,2.2427542981749964,0,2.2427542981749964,False,False,False,True,0,352,4,0.4,0.3,0.3,balanced
1781348247222.815,0.4,0.3,0.3,582.2244897959183,594.2222222222222,0.11644489795918367,597.3178673178674,736.7345000678334,0.03918064491780303,1.0,1.0,1.0,65,8,2.2416678473409855,0,2.2416678473409855,False,False,False,True,0,353,4,0.4,0.3,0.3,balanced
1781348249846.18,0.4,0.3,0.3,580.5070643642072,592.5555555555555,0.11610141287284144,639.1975308641976,775.3086419753085,0.041974485047644935,1.0,1.0,1.0,67,8,2.24096708933657,0,2.24096708933657,False,False,False,True,0,354,4,0.4,0.3,0.3,balanced
1781348252468.169,0.4,0.3,0.3,581.3799058084771,593.7777777777778,0.11627598116169542,568.0364491475602,673.0129335684892,0.0372272481085764,1.0,1.0,1.0,65,8,2.242321433102749,1,2.242321433102749,False,False,False,True,0,355,4,0.4,0.3,0.3,balanced
1781348255092.256,0.4,0.3,0.3,582.4599686028257,594.6666666666666,0.11649199372056514,536.7695473251028,654.4444444444445,0.03514139741995349,1.0,1.0,1.0,64,8,2.242860783285788,1,2.242860783285788,False,False,False,True,0,356,4,0.4,0.3,0.3,balanced
1781348257715.478,0.4,0.3,0.3,581.4992150706436,593.3333333333334,0.11629984301412871,542.2854203409759,660.6349206349206,0.03550936760113248,1.0,1.0,1.0,65,8,2.242827252514009,0,2.242827252514009,False,False,False,True,0,357,4,0.4,0.3,0.3,balanced
1781348260335.732,0.4,0.3,0.3,580.3139717425431,591.3333333333334,0.11606279434850862,598.9057907113462,740.1998824221046,0.039286577098822294,1.0,1.0,1.0,67,8,2.2417889091309497,0,2.2417889091309497,False,False,False,True,0,358,4,0.4,0.3,0.3,balanced
1781348262958.467,0.4,0.3,0.3,581.2527472527472,593.0,0.11625054945054944,554.7795414462081,697.9952968841858,0.03634286467286245,1.0,1.0,1.0,68,8,2.2425969208179213,0,2.2425969208179213,False,False,False,True,0,359,4,0.4,0.3,0.3,balanced
1781348265583.1658,0.4,0.3,0.3,582.5886970172685,594.2222222222222,0.1165177394034537,527.9486614208836,682.371455704789,0.03455294605876475,0.9939531368102796,0.9958847736625513,0.9939531368102796,67,8,2.241212961464073,1,2.241212961464073,False,False,False,True,0,360,4,0.4,0.3,0.3,balanced
1781348268204.733,0.4,0.3,0.3,582.0062794348509,594.4444444444445,0.11640125588697017,525.3733098177541,643.0922986478541,0.03438114141546059,1.0,1.0,1.0,65,8,2.2431251552205738,1,2.2431251552205738,False,False,False,True,0,361,4,0.4,0.3,0.3,balanced
1781348274812.8281,0.4,0.3,0.3,427.1962323390895,466.0,0.08543924646781789,420.54144620811286,508.5220458553792,0.02738768820601153,0.7284144427001569,0.7777777777777778,0.7284144427001569,64,8,2.1761323277611164,1,2.1761323277611164,False,False,False,True,0,362,4,0.4,0.3,0.3,balanced
1781348277432.116,0.4,0.3,0.3,584.1412872841444,597.1111111111111,0.11682825745682887,573.8543503821281,692.1134626690182,0.037615366936766384,1.0,1.0,1.0,61,8,2.2419840869362386,1,2.2419840869362386,False,False,False,True,0,363,4,0.4,0.3,0.3,balanced
1781348280056.665,0.4,0.3,0.3,585.0502354788068,598.4444444444445,0.11701004709576136,583.585390946502,706.4741328630217,0.03826453575360254,1.0,1.0,1.0,59,8,2.2417166204356147,1,2.2417166204356147,False,False,False,True,0,364,4,0.4,0.3,0.3,balanced
1781348282680.418,0.4,0.3,0.3,586.85557299843,600.1111111111111,0.11737111459968601,477.1516754850088,591.9253380364491,0.03116422117978711,1.0,1.0,1.0,58,8,2.2437022878061894,1,2.2437022878061894,False,False,False,True,0,365,4,0.4,0.3,0.3,balanced
1781348285303.533,0.4,0.3,0.3,588.4631083202511,602.5555555555555,0.11769262166405021,484.87416904083574,592.4738841405508,0.03167939753441199,1.0,1.0,1.0,56,8,2.2434191320740564,1,2.2434191320740564,False,False,False,True,0,366,4,0.4,0.3,0.3,balanced
1781348287922.2478,0.4,0.3,0.3,587.530612244898,601.4444444444445,0.1175061224489796,468.88815402704284,592.7586713697824,0.030612952236627276,1.0,1.0,1.0,58,8,2.24381366534942,0,2.24381366534942,False,False,False,True,0,367,4,0.4,0.3,0.3,balanced
1781348290538.646,0.4,0.3,0.3,589.1585557299843,602.7777777777778,0.11783171114599686,501.16051643829417,592.3680640347308,0.03276587834811836,1.0,1.0,1.0,56,8,2.243037552037166,1,2.243037552037166,False,False,False,True,0,368,4,0.4,0.3,0.3,balanced
1781348293262.001,0.4,0.3,0.3,587.7503924646782,602.0,0.11755007849293563,499.40339354132453,595.415982484948,0.032648658675205104,1.0,1.0,1.0,55,8,2.2431853710002643,1,2.2431853710002643,False,False,False,True,0,369,4,0.4,0.3,0.3,balanced
1781348295885.5022,0.4,0.3,0.3,592.1522762951333,607.1111111111111,0.11843045525902667,426.72918645140874,534.1959480848369,0.027800479416371496,1.0,1.0,1.0,53,8,2.2442876740714777,1,2.2442876740714777,False,False,False,True,0,370,4,0.4,0.3,0.3,balanced
1781348298507.951,0.4,0.3,0.3,591.4191522762951,606.6666666666666,0.11828383045525902,387.81893004115227,491.8930041152263,0.025204731823959457,1.0,1.0,1.0,52,8,2.2451250482707086,1,2.2451250482707086,False,False,False,True,0,371,4,0.4,0.3,0.3,balanced
1781348301131.591,0.4,0.3,0.3,594.0580847723704,610.1111111111111,0.11881161695447408,367.9938271604938,465.5808800253245,0.023882176595096317,1.0,1.0,1.0,50,8,2.2453107002396813,1,2.2453107002396813,False,False,False,True,0,372,4,0.4,0.3,0.3,balanced
1781348303855.189,0.4,0.3,0.3,595.7708006279433,612.2222222222222,0.11915416012558867,363.5235358511221,465.02189381499727,0.023583958362316353,1.0,1.0,1.0,49,8,2.2452631484410697,1,2.2452631484410697,False,False,False,True,0,373,4,0.4,0.3,0.3,balanced
1781348310362.243,0.4,0.3,0.3,509.2401883830455,552.1111111111111,0.1018480376766091,349.86783154121866,402.11917562724017,0.02267297074991452,0.8363912872841445,0.8854166666666666,0.8363912872841445,47,8,2.2033762798896253,1,2.2033762798896253,False,False,False,True,0,374,4,0.4,0.3,0.3,balanced
1781348313084.965,0.4,0.3,0.3,598.243328100471,615.1111111111111,0.1196486656200942,428.0584950029394,527.476484420929,0.027889159106266805,1.0,1.0,1.0,46,8,2.2437737860200824,1,2.2437737860200824,False,False,False,True,0,375,4,0.4,0.3,0.3,balanced
1781348315810.482,0.4,0.3,0.3,598.5934065934065,616.1111111111111,0.1197186813186813,335.13374485596705,421.3447971781305,0.021690043019077187,1.0,1.0,1.0,44,8,2.245605514566804,1,2.245605514566804,False,False,False,True,0,376,4,0.4,0.3,0.3,balanced
1781348318532.285,0.4,0.3,0.3,601.7189952904239,619.8888888888889,0.12034379905808477,390.8568489124045,465.0999412110523,0.025407394857398565,1.0,1.0,1.0,43,8,2.2442402619195465,1,2.2442402619195465,False,False,False,True,0,377,4,0.4,0.3,0.3,balanced
1781348321254.103,0.4,0.3,0.3,603.131868131868,622.2222222222222,0.1206263736263736,324.0703997648442,412.3559670781893,0.020951994647421226,1.0,1.0,1.0,41,8,2.245463852155224,1,2.245463852155224,False,False,False,True,0,378,4,0.4,0.3,0.3,balanced
1781348324175.636,0.4,0.3,0.3,606.4693877551019,626.0,0.12129387755102039,756.2238649940263,767.2408900836322,0.04978144529646606,0.9139356538371315,0.8830140485312898,0.9139356538371315,40,8,2.2107287115417913,1,2.2107287115417913,False,False,False,True,0,379,4,0.4,0.3,0.3,balanced
1781348326897.814,0.4,0.3,0.3,605.9874411302982,624.6666666666666,0.12119748822605964,341.55790711346265,409.0887713109935,0.022118606211705312,1.0,1.0,1.0,41,8,2.2448854228460644,0,2.2448854228460644,False,False,False,True,0,380,4,0.4,0.3,0.3,balanced
1781348329614.9458,0.4,0.3,0.3,606.7158555729984,626.4444444444445,0.12134317111459968,310.7495590828924,391.82245737801287,0.020063346169639253,1.0,1.0,1.0,40,8,2.245443727703268,1,2.245443727703268,False,False,False,True,0,381,4,0.4,0.3,0.3,balanced
1781348332339.4849,0.4,0.3,0.3,610.6797488226059,630.8888888888889,0.12213594976452119,293.8414055080721,366.05729661285216,0.018935383956509146,1.0,1.0,1.0,38,8,2.245465004907239,1,2.245465004907239,False,False,False,True,0,382,4,0.4,0.3,0.3,balanced
1781348335066.4812,0.4,0.3,0.3,607.3610675039246,626.7777777777778,0.12147221350078491,306.1441798941799,387.5602586713698,0.019756116070325545,1.0,1.0,1.0,40,8,2.2454842797785886,0,2.2454842797785886,False,False,False,True,0,383,4,0.4,0.3,0.3,balanced
1781348337788.238,0.4,0.3,0.3,610.6781789638932,630.4444444444445,0.12213563579277864,272.0212092434315,352.0417853751187,0.017479733772076816,1.0,1.0,1.0,38,8,2.2459018255512655,1,2.2459018255512655,False,False,False,True,0,384,4,0.4,0.3,0.3,balanced
1781348340611.4841,0.4,0.3,0.3,605.7472527472527,625.2222222222222,0.12114945054945053,302.1278051450465,370.27367268746576,0.01948817912908916,1.0,1.0,1.0,40,8,2.245693766041493,0,2.245693766041493,False,False,False,True,0,385,4,0.4,0.3,0.3,balanced
1781348346910.665,0.4,0.3,0.3,606.436420722135,625.4444444444445,0.12128728414442701,338.14961787184006,416.47560258671365,0.021891235348354906,1.0,1.0,1.0,41,8,2.244917715737723,0,2.244917715737723,False,False,False,True,0,386,4,0.4,0.3,0.3,balanced
1781348349638.5679,0.4,0.3,0.3,607.596546310832,627.1111111111111,0.12151930926216639,278.38330393885946,349.5194003527337,0.017904156366835188,1.0,1.0,1.0,40,8,2.2460210293850826,1,2.2460210293850826,False,False,False,True,0,387,4,0.4,0.3,0.3,balanced
1781348352364.651,0.4,0.3,0.3,610.4379905808477,630.6666666666666,0.12208759811616954,280.3292181069959,358.8888888888889,0.0180339705208136,1.0,1.0,1.0,38,8,2.245754769597288,1,2.245754769597288,False,False,False,True,0,388,4,0.4,0.3,0.3,balanced
1781348355088.784,0.4,0.3,0.3,607.1459968602825,626.7777777777778,0.1214291993720565,337.35376249265136,426.8636096413874,0.021838142928128843,1.0,1.0,1.0,40,8,2.2448768773727386,0,2.2448768773727386,False,False,False,True,0,389,4,0.4,0.3,0.3,balanced
1781348357811.74,0.4,0.3,0.3,609.5007849293563,630.6666666666666,0.12190015698587127,324.24026590693256,409.19911364355806,0.020963326611536527,1.0,1.0,1.0,38,8,2.2449509392221905,1,2.2449509392221905,False,False,False,True,0,390,4,0.4,0.3,0.3,balanced
1781348360632.4202,0.4,0.3,0.3,611.5384615384614,632.2222222222222,0.12230769230769228,307.9269293924466,397.2523262178435,0.019875045323045137,1.0,1.0,1.0,37,8,2.2451144094800095,1,2.2451144094800095,False,False,False,True,0,391,4,0.4,0.3,0.3,balanced
1781348363350.3162,0.4,0.3,0.3,615.5196232339089,637.1111111111111,0.12310392464678177,325.5982905982906,408.00569800569804,0.021053921987877956,1.0,1.0,1.0,35,8,2.244442253544924,1,2.244442253544924,False,False,False,True,0,392,4,0.4,0.3,0.3,balanced
1781348366068.851,0.4,0.3,0.3,618.0408163265306,640.2222222222222,0.12360816326530612,324.26875593542263,402.3345995568218,0.020965227213837402,1.0,1.0,1.0,34,8,2.2442671665297262,1,2.2442671665297262,False,False,False,True,0,393,4,0.4,0.3,0.3,balanced
1781348368793.842,0.4,0.3,0.3,615.9450549450548,638.3333333333334,0.12318901098901097,358.36860670194005,439.3268665490888,0.023240067158234828,1.0,1.0,1.0,35,8,2.2437523754569253,0,2.2437523754569253,False,False,False,True,0,394,4,0.4,0.3,0.3,balanced
1781348371607.418,0.4,0.3,0.3,618.1930926216639,641.3333333333334,0.12363861852433279,281.1919459141681,352.99676660787765,0.018091524076995873,1.0,1.0,1.0,34,8,2.245117095367168,1,2.245117095367168,False,False,False,True,0,395,4,0.4,0.3,0.3,balanced
1781348374427.854,0.4,0.3,0.3,623.2464678178964,647.2222222222222,0.12464929356357927,290.5357142857143,352.26190476190476,0.018714857524063662,1.0,1.0,1.0,32,8,2.244525825317349,1,2.244525825317349,False,False,False,True,0,396,4,0.4,0.3,0.3,balanced
1781348380832.425,0.4,0.3,0.3,630.6671899529041,657.3333333333334,0.12613343799058083,255.25279247501464,310.17342739564964,0.016361093560708116,1.0,1.0,1.0,29,8,2.2446382967355554,1,2.2446382967355554,False,False,False,True,0,397,4,0.4,0.3,0.3,balanced
1781348383845.211,0.4,0.3,0.3,544.8084772370486,600.1111111111111,0.10896169544740972,237.95698924731178,278.60215053763443,0.015207270797018798,0.8367346938775511,0.8888888888888888,0.8367346938775511,28,8,2.202873548745196,1,2.202873548745196,False,False,False,True,0,398,4,0.4,0.3,0.3,balanced
1781348386668.4512,0.4,0.3,0.3,638.734693877551,667.7777777777778,0.1277469387755102,209.71114276669832,274.0186767964546,0.01332295815655092,1.0,1.0,1.0,26,8,2.2449043370428305,1,2.2449043370428305,False,False,False,True,0,399,4,0.4,0.3,0.3,balanced
1781348389593.993,0.4,0.3,0.3,644.458398744113,675.0,0.1288916797488226,262.1559716004161,324.89101433545875,0.016821612515037766,0.9903005158107199,0.9920634920634921,0.9903005158107199,25,8,2.2404869990891756,1,2.2404869990891756,False,False,False,True,0,400,4,0.4,0.3,0.3,balanced
1781348392417.1072,0.4,0.3,0.3,641.734693877551,671.8888888888889,0.1283469387755102,179.5267489711934,238.2304526748971,0.01130932281328842,1.0,1.0,1.0,26,8,2.2452684276458093,0,2.2452684276458093,False,False,False,True,0,401,4,0.4,0.3,0.3,balanced
1781348395242.552,0.4,0.3,0.3,633.9638932496075,661.1111111111111,0.1267927786499215,264.27921358476914,342.8412020078687,0.01696325640992456,1.0,1.0,1.0,28,8,2.244193911617054,0,2.244193911617054,False,False,False,True,0,402,4,0.4,0.3,0.3,balanced
1781348398166.4219,0.4,0.3,0.3,641.1915227629513,671.0,0.12823830455259025,244.06540777230433,312.83524904214556,0.015614770365063663,1.0,1.0,1.0,26,8,2.244020247069445,1,2.244020247069445,False,False,False,True,0,403,4,0.4,0.3,0.3,balanced
1781348401092.088,0.4,0.3,0.3,644.6075353218209,675.6666666666666,0.1289215070643642,271.6879776601999,328.070252792475,0.01745750351302201,0.9804888988562457,0.9841269841269842,0.9804888988562457,25,8,2.2373408157772214,1,2.2373408157772214,False,False,False,True,0,404,4,0.4,0.3,0.3,balanced
1781348404005.009,0.4,0.3,0.3,653.657770800628,686.2222222222222,0.1307315541601256,185.83994708994706,226.3771310993533,0.011730483461637563,1.0,1.0,1.0,23,8,2.2441882332974585,1,2.2441882332974585,False,False,False,True,0,405,4,0.4,0.3,0.3,balanced
1781348406919.139,0.4,0.3,0.3,657.9827315541601,692.1111111111111,0.131596546310832,178.64197530864195,222.54703115814223,0.01125029855294476,1.0,1.0,1.0,22,8,2.243986291909784,1,2.243986291909784,False,False,False,True,0,406,4,0.4,0.3,0.3,balanced
1781348409942.488,0.4,0.3,0.3,669.2260596546311,706.5555555555555,0.13384521193092622,161.44914756025867,198.1114050558495,0.010103345400951211,1.0,1.0,1.0,20,8,2.2434309116073443,1,2.2434309116073443,False,False,False,True,0,407,4,0.4,0.3,0.3,balanced
1781348416551.989,0.4,0.3,0.3,677.9905808477237,717.3333333333334,0.13559811616954473,156.29629629629628,197.0781893004115,0.00975959281496306,1.0,1.0,1.0,19,8,2.242832875687693,1,2.242832875687693,False,False,False,True,0,408,4,0.4,0.3,0.3,balanced
1781348419674.683,0.4,0.3,0.3,693.7048665620093,738.0,0.13874097331240187,134.82142857142856,170.83333333333334,0.008326979891356142,1.0,1.0,1.0,17,8,2.2420055167076325,1,2.2420055167076325,False,False,False,True,0,409,4,0.4,0.3,0.3,balanced
1781348422787.508,0.4,0.3,0.3,701.3186813186813,748.6666666666666,0.14026373626373626,139.61419753086417,176.00382128159904,0.00864671097604164,1.0,1.0,1.0,16,8,2.241300492201693,1,2.241300492201693,False,False,False,True,0,410,4,0.4,0.3,0.3,balanced
1781348426009.5361,0.4,0.3,0.3,723.8822605965463,778.2222222222222,0.14477645211930926,186.61743092298647,252.82039976484418,0.011782350295062473,1.0,1.0,1.0,14,8,2.2385547140637576,1,2.2385547140637576,False,False,False,True,0,411,4,0.4,0.3,0.3,balanced
1781348429328.106,0.4,0.3,0.3,738.4065934065934,796.4444444444445,0.14768131868131867,178.82716049382714,211.87683715461495,0.011262652467900409,1.0,1.0,1.0,13,8,2.2375486767871022,1,2.2375486767871022,False,False,False,True,0,412,4,0.4,0.3,0.3,balanced
1781348432542.978,0.4,0.3,0.3,724.7880690737834,779.2222222222222,0.1449576138147567,124.33788947677836,158.55379188712521,0.007627611039144654,1.0,1.0,1.0,14,8,2.239728671162354,0,2.239728671162354,False,False,False,True,0,413,4,0.4,0.3,0.3,balanced
1781348435856.658,0.4,0.3,0.3,740.3469387755101,798.3333333333334,0.14806938775510203,108.24882422104643,156.49617871840096,0.006554291142164538,1.0,1.0,1.0,13,8,2.23880595755531,1,2.23880595755531,False,False,False,True,0,414,4,0.4,0.3,0.3,balanced
1781348439278.124,0.4,0.3,0.3,774.971742543171,842.8888888888889,0.1549943485086342,307.7459526070637,320.1443720888165,0.019862972155241077,0.9897668469097041,0.9917695473251028,0.9897668469097041,11,8,2.228973423022885,1,2.228973423022885,False,False,False,True,0,415,4,0.4,0.3,0.3,balanced
1781348442795.1108,0.4,0.3,0.3,797.8838304552589,872.6666666666666,0.15957676609105179,104.74059376837154,134.52087007642564,0.006320253086615847,1.0,1.0,1.0,10,8,2.2342732176375946,1,2.2342732176375946,False,False,False,True,0,416,4,0.4,0.3,0.3,balanced
1781348446215.2441,0.4,0.3,0.3,773.4175824175823,841.0,0.15468351648351644,105.33803644914755,140.0705467372134,0.00636010916938943,1.0,1.0,1.0,11,8,2.2362185606557765,0,2.2362185606557765,False,False,False,True,0,417,4,0.4,0.3,0.3,balanced
1781348453015.7039,0.4,0.3,0.3,738.5871271585557,796.3333333333334,0.14771742543171115,109.89474517252295,145.54131054131054,0.006664092406439156,1.0,1.0,1.0,13,8,2.2389138021053836,0,2.2389138021053836,False,False,False,True,0,418,4,0.4,0.3,0.3,balanced
1781348456233.236,0.4,0.3,0.3,724.2621664050234,777.5555555555555,0.1448524332810047,110.36228689006465,144.13139329805998,0.006695282647769489,1.0,1.0,1.0,14,8,2.2400504418932674,0,2.2400504418932674,False,False,False,True,0,419,4,0.4,0.3,0.3,balanced
1781348459457.829,0.4,0.3,0.3,701.359497645212,748.5555555555555,0.1402718995290424,145.14550264550266,187.0414462081129,0.0090157106501336,1.0,1.0,1.0,16,8,2.241186526993343,0,2.241186526993343,False,False,False,True,0,420,4,0.4,0.3,0.3,balanced
1781348462683.988,0.4,0.3,0.3,723.5886970172685,777.6666666666666,0.1447177394034537,163.97119341563783,189.79423868312756,0.010271593957013865,1.0,1.0,1.0,14,8,2.2390314260515143,1,2.2390314260515143,False,False,False,True,0,421,4,0.4,0.3,0.3,balanced
1781348465807.364,0.4,0.3,0.3,703.7268445839874,750.8888888888889,0.14074536891679748,99.26219870664315,126.04056437389772,0.005954783102511217,1.0,1.0,1.0,16,8,2.2419154175025278,0,2.2419154175025278,False,False,False,True,0,422,4,0.4,0.3,0.3,balanced
1781348468830.7012,0.4,0.3,0.3,694.0156985871271,737.7777777777778,0.13880313971742542,103.45916429249762,130.6093700538145,0.0062347674644761585,1.0,1.0,1.0,17,8,2.2426083138736868,0,2.2426083138736868,False,False,False,True,0,423,4,0.4,0.3,0.3,balanced
1781348471855.4958,0.4,0.3,0.3,676.945054945055,716.5555555555555,0.135389010989011,130.50411522633743,163.6390358612581,0.008038966993084552,1.0,1.0,1.0,19,8,2.2434327055064704,0,2.2434327055064704,False,False,False,True,0,424,4,0.4,0.3,0.3,balanced
1781348474881.19,0.4,0.3,0.3,669.4003139717425,707.8888888888889,0.1338800627943485,191.69459141681364,250.13521457965902,0.012121053463429862,1.0,1.0,1.0,20,8,2.2428116588432316,0,2.2428116588432316,False,False,False,True,0,425,4,0.4,0.3,0.3,balanced
1781348477902.178,0.4,0.3,0.3,676.1240188383046,715.8888888888889,0.1352248037676609,162.28395061728395,197.83803644914755,0.010159036065195727,1.0,1.0,1.0,19,8,2.2428623676733768,1,2.2428623676733768,False,False,False,True,0,426,4,0.4,0.3,0.3,balanced
1781348481214.71,0.4,0.3,0.3,671.1836734693877,709.0,0.13423673469387754,441.23631636562675,475.8730158730159,0.028768266602109856,0.8838130475515267,0.8882168458781362,0.8838130475515267,20,8,2.202818740407274,0,2.202818740407274,False,False,False,True,0,427,4,0.4,0.3,0.3,balanced
1781348487714.322,0.4,0.3,0.3,659.098901098901,694.0,0.1318197802197802,152.89756025867138,189.04027042915934,0.009532859256749258,1.0,1.0,1.0,22,8,2.244412230135063,0,2.244412230135063,False,False,False,True,0,428,4,0.4,0.3,0.3,balanced
1781348490633.252,0.4,0.3,0.3,653.4709576138148,686.5555555555555,0.13069419152276296,144.96031746031744,179.96031746031747,0.009003356735177949,1.0,1.0,1.0,23,8,2.2450213163703414,0,2.2450213163703414,False,False,False,True,0,429,4,0.4,0.3,0.3,balanced
1781348493453.6099,0.4,0.3,0.3,643.0973312401883,673.6666666666666,0.12861946624803766,210.08230452674894,255.25007913896803,0.013347718780970576,1.0,1.0,1.0,25,8,2.244547897866494,0,2.244547897866494,False,False,False,True,0,430,4,0.4,0.3,0.3,balanced
1781348496367.604,0.4,0.3,0.3,639.320251177394,668.5555555555555,0.12786405023547878,266.1089065255732,332.49559082892415,0.017085317313247046,1.0,1.0,1.0,26,8,2.243728784711834,0,2.243728784711834,False,False,False,True,0,431,4,0.4,0.3,0.3,balanced
1781348499192.047,0.4,0.3,0.3,634.6326530612243,661.4444444444445,0.12692653061224488,258.1275720164609,317.81893004115227,0.01655287338335296,1.0,1.0,1.0,28,8,2.244263525740096,0,2.244263525740096,False,False,False,True,0,432,4,0.4,0.3,0.3,balanced
1781348502013.167,0.4,0.3,0.3,631.0031397174254,657.7777777777778,0.12620062794348508,273.74706055261606,341.15373309817755,0.017594867281695535,1.0,1.0,1.0,29,8,2.244241288638097,0,2.244241288638097,False,False,False,True,0,433,4,0.4,0.3,0.3,balanced
1781348504830.1448,0.4,0.3,0.3,622.4301412872841,646.2222222222222,0.12448602825745682,303.53174603174597,371.1507936507937,0.0195818376272012,1.0,1.0,1.0,32,8,2.2443310374088568,0,2.2443310374088568,False,False,False,True,0,434,4,0.4,0.3,0.3,balanced
1781348507656.313,0.4,0.3,0.3,630.193092621664,657.0,0.12603861852433282,266.0464432686655,337.4588477366255,0.017081150318123114,1.0,1.0,1.0,29,8,2.24446020749483,1,2.24446020749483,False,False,False,True,0,435,4,0.4,0.3,0.3,balanced
1781348510478.6328,0.4,0.3,0.3,621.684458398744,645.8888888888889,0.1243368916797488,274.0777483833039,343.2084068195179,0.017616927844116337,1.0,1.0,1.0,32,8,2.2449801649748657,0,2.2449801649748657,False,False,False,True,0,436,4,0.4,0.3,0.3,balanced
1781348513198.322,0.4,0.3,0.3,617.4411302982732,640.2222222222222,0.12348822605965463,322.3868312757201,404.65020576131684,0.020839681872963315,1.0,1.0,1.0,34,8,2.244352805014249,0,2.244352805014249,False,False,False,True,0,437,4,0.4,0.3,0.3,balanced
1781348516013.9749,0.4,0.3,0.3,614.5635792778651,637.0,0.12291271585557302,350.1190476190476,441.0344827586207,0.022689729661043868,1.0,1.0,1.0,35,8,2.2440279947594575,0,2.2440279947594575,False,False,False,True,0,438,4,0.4,0.3,0.3,balanced
1781348518826.704,0.4,0.3,0.3,611.9262166405023,632.5555555555555,0.12238524332810045,332.97824302134643,428.7917350848386,0.02154624703277828,1.0,1.0,1.0,37,8,2.244582028558926,0,2.244582028558926,False,False,False,True,0,439,4,0.4,0.3,0.3,balanced
1781348526317.097,0.4,0.3,0.3,286.6342229199372,360.55555555555554,0.057326844583987444,171.82539682539684,193.4920634920635,0.010795556826243951,0.4568288854003139,0.5555555555555556,0.4568288854003139,38,8,2.110879260738626,0,2.110879260738626,False,False,False,True,0,440,4,0.4,0.3,0.3,balanced
1781348529043.733,0.4,0.3,0.3,606.138147566719,626.0,0.1212276295133438,333.4251910640799,410.2527924750147,0.021576063446569708,1.0,1.0,1.0,40,8,2.2450361291606917,0,2.2450361291606917,False,False,False,True,0,441,4,0.4,0.3,0.3,balanced
1781348531768.148,0.4,0.3,0.3,606.4725274725274,625.1111111111111,0.12129450549450549,347.37727807172246,425.09112286890064,0.02250682308683939,1.0,1.0,1.0,41,8,2.244730150876146,0,2.244730150876146,False,False,False,True,0,442,4,0.4,0.3,0.3,balanced
1781348534492.411,0.4,0.3,0.3,602.5321821036107,620.4444444444445,0.12050643642072213,342.00396825396825,419.484126984127,0.022148363459237375,1.0,1.0,1.0,43,8,2.24515291639394,0,2.24515291639394,False,False,False,True,0,443,4,0.4,0.3,0.3,balanced
1781348537214.319,0.4,0.3,0.3,601.7849293563578,619.6666666666666,0.12035698587127155,412.53968253968253,499.4077013521458,0.026853881423594565,1.0,1.0,1.0,44,8,2.243801041224413,0,2.243801041224413,False,False,False,True,0,444,4,0.4,0.3,0.3,balanced
1781348539937.5342,0.4,0.3,0.3,596.7299843014127,613.8888888888889,0.11934599686028255,373.6776794583308,466.95716515639896,0.02426135286579925,0.9944784279759649,0.9961685823754789,0.9944784279759649,46,8,2.2433267237889365,0,2.2433267237889365,False,False,False,True,0,445,4,0.4,0.3,0.3,balanced
1781348542663.5698,0.4,0.3,0.3,597.1098901098901,612.8888888888889,0.11942197802197801,465.19978106185,595.9140667761357,0.030366896668569045,1.0,1.0,1.0,47,8,2.243121139790638,0,2.243121139790638,False,False,False,True,0,446,4,0.4,0.3,0.3,balanced
1781348545979.125,0.4,0.3,0.3,597.6310832025117,612.7777777777778,0.11952621664050235,1385.7427757427756,2076.863756613757,0.09177736996282693,0.5904155994381558,0.7002754302289905,0.5904155994381558,49,8,2.1017809821863978,0,2.1017809821863978,False,False,False,True,0,447,4,0.4,0.3,0.3,balanced
1781348548698.038,0.4,0.3,0.3,593.5541601255887,608.2222222222222,0.11871083202511774,467.2153804050356,595.9715380405036,0.030501359600069087,0.9944784279759649,0.9961685823754789,0.9944784279759649,50,8,2.2417087877027218,0,2.2417087877027218,False,False,False,True,0,448,4,0.4,0.3,0.3,balanced
1781348551417.6072,0.4,0.3,0.3,591.3971742543171,606.8888888888889,0.11827943485086341,491.19868637110017,620.9578544061302,0.03210131330027353,1.0,1.0,1.0,52,8,2.2430578320695727,0,2.2430578320695727,False,False,False,True,0,449,4,0.4,0.3,0.3,balanced
1781348554139.732,0.4,0.3,0.3,590.2794348508634,605.5555555555555,0.11805588697017268,543.4818007662835,689.9685276409414,0.0355891795040883,1.0,1.0,1.0,53,8,2.2421008913607046,0,2.2421008913607046,False,False,False,True,0,450,4,0.4,0.3,0.3,balanced
1781348560546.66,0.4,0.3,0.3,500.5949764521193,542.3333333333334,0.10011899529042385,659.4591132350989,921.388955263507,0.04332615832122074,0.8630678077682685,0.9068100358422938,0.8630678077682685,55,8,2.205874896717945,0,2.205874896717945,False,False,False,True,0,451,4,0.4,0.3,0.3,balanced
1781348563162.629,0.4,0.3,0.3,588.3485086342229,602.3333333333334,0.11766970172684457,476.37068692624246,599.199113643558,0.031112120542110905,1.0,1.0,1.0,56,8,2.243598483146629,0,2.243598483146629,False,False,False,True,0,452,4,0.4,0.3,0.3,balanced
1781348565787.2878,0.4,0.3,0.3,587.0533751962323,600.1111111111111,0.11741067503924646,496.3698955365621,612.4390629946186,0.03244629056281268,1.0,1.0,1.0,58,8,2.2433018428154576,0,2.2433018428154576,False,False,False,True,0,453,4,0.4,0.3,0.3,balanced
1781348568411.1582,0.4,0.3,0.3,586.5902668759811,599.8888888888889,0.11731805337519623,503.74999999999994,635.1866549088771,0.03293862575050033,1.0,1.0,1.0,59,8,2.2431911909247715,0,2.2431911909247715,False,False,False,True,0,454,4,0.4,0.3,0.3,balanced
1781348571123.596,0.4,0.3,0.3,588.1664050235479,601.8888888888889,0.11763328100470957,487.4705801860974,590.316091954023,0.03185260708379569,1.0,1.0,1.0,58,8,2.2433909054729773,1,2.2433909054729773,False,False,False,True,0,455,4,0.4,0.3,0.3,balanced
1781348573841.616,0.4,0.3,0.3,585.4536891679749,598.4444444444445,0.11709073783359497,491.6001996797015,634.3963490036286,0.03212809871112085,0.9941536296216098,0.9923371647509579,0.9941536296216098,59,8,2.2417713641397086,0,2.2417713641397086,False,False,False,True,0,456,4,0.4,0.3,0.3,balanced
1781348576466.83,0.4,0.3,0.3,584.9529042386184,597.2222222222222,0.11699058084772368,538.9197530864197,676.9459141681365,0.035284840099160754,1.0,1.0,1.0,61,8,2.2426183156311623,0,2.2426183156311623,False,False,False,True,0,457,4,0.4,0.3,0.3,balanced
1781348579090.933,0.4,0.3,0.3,580.6593406593406,593.2222222222222,0.11613186813186813,615.1288834622168,715.9867498756388,0.040368838122896385,1.0,1.0,1.0,64,8,2.241436601310384,0,2.241436601310384,False,False,False,True,0,458,4,0.4,0.3,0.3,balanced
1781348581707.672,0.4,0.3,0.3,580.9199372056514,592.5555555555555,0.11618398744113029,620.5033803644914,725.9935332157555,0.04072737694226093,1.0,1.0,1.0,65,8,2.2413081919408695,0,2.2413081919408695,False,False,False,True,0,459,4,0.4,0.3,0.3,balanced
1781348584334.779,0.4,0.3,0.3,579.8744113029827,590.8888888888889,0.11597488226059655,624.8890358612581,739.3415637860081,0.041019949023432825,1.0,1.0,1.0,67,8,2.2413040623887315,0,2.2413040623887315,False,False,False,True,0,460,4,0.4,0.3,0.3,balanced
1781348587058.386,0.4,0.3,0.3,578.010989010989,589.5555555555555,0.1156021978021978,757.5015673981189,1008.6327644258678,0.04986668228139553,0.9051107622536194,0.9341563786008231,0.9051107622536194,68,8,2.210332344870788,0,2.210332344870788,False,False,False,True,0,461,4,0.4,0.3,0.3,balanced
1781348589678.946,0.4,0.3,0.3,579.0392464678179,590.3333333333334,0.11580784929356357,643.8095238095239,818.2936507936507,0.04228215635820706,1.0,1.0,1.0,67,8,2.2409922133751126,1,2.2409922133751126,False,False,False,True,0,462,4,0.4,0.3,0.3,balanced
1781348595881.275,0.4,0.3,0.3,580.1852433281005,592.1111111111111,0.11603704866562009,586.3117283950617,695.8847736625514,0.03844641283489404,1.0,1.0,1.0,65,8,2.2420512566832835,1,2.2420512566832835,False,False,False,True,0,463,4,0.4,0.3,0.3,balanced
1781348598500.333,0.4,0.3,0.3,581.624803767661,594.0,0.1163249607535322,588.9528218694885,711.3345091122869,0.03862260319342819,1.0,1.0,1.0,64,8,2.2418832347405586,1,2.2418832347405586,False,False,False,True,0,464,4,0.4,0.3,0.3,balanced
1781348601124.877,0.4,0.3,0.3,580.2480376766091,592.3333333333334,0.11604960753532181,579.6296296296297,693.3539094650206,0.0380006424035777,1.0,1.0,1.0,64,8,2.242179964264798,2,2.242179964264798,False,False,False,True,0,465,4,0.4,0.3,0.3,balanced
1781348607749.722,0.4,0.3,0.3,584.7017268445838,600.7777777777778,0.11694034536891677,241681.1260185132,281585.8455751911,1.0,0.37480804041618765,0.36421782037317496,0.37480804041618765,65,8,1.7656662739772897,0,1.7656662739772897,False,False,False,True,0,466,4,0.4,0.3,0.3,balanced
1781348610362.107,0.4,0.3,0.3,581.2605965463108,593.8888888888889,0.11625211930926216,590.1491769547325,694.0285126396238,0.03870241340591945,1.0,1.0,1.0,64,8,2.2418884282545193,1,2.2418884282545193,False,False,False,True,0,467,4,0.4,0.3,0.3,balanced
1781348612984.2278,0.4,0.3,0.3,582.9152276295133,596.0,0.11658304552590266,631.3536155202821,791.4564961787185,0.04145120850702349,1.0,1.0,1.0,61,8,2.240931419237532,1,2.240931419237532,False,False,False,True,0,468,4,0.4,0.3,0.3,balanced
1781348619609.75,0.4,0.3,0.3,112.27629513343798,210.88888888888889,0.0224552590266876,440.9757326007326,293.98382173382174,0.0287508827618901,0.14370486656200943,0.2688888888888889,0.14370486656200943,59,8,2.0255040915293607,1,2.0255040915293607,False,False,False,True,0,469,4,0.4,0.3,0.3,balanced
1781348622226.33,0.4,0.3,0.3,585.9403453689167,599.5555555555555,0.11718806907378335,516.3620946954279,644.2922715144938,0.03377999297501187,0.9899412756555613,0.9917695473251028,0.9899412756555613,58,8,2.2399731571746515,1,2.2399731571746515,False,False,False,True,0,470,4,0.4,0.3,0.3,balanced
1781348624846.7031,0.4,0.3,0.3,583.8210361067503,597.1111111111111,0.11676420722135006,552.2720797720797,673.7622665400444,0.036175589044168094,0.9940694226408512,0.9958847736625516,0.9940694226408512,59,8,2.240662467190465,0,2.240662467190465,False,False,False,True,0,471,4,0.4,0.3,0.3,balanced
1781348631251.883,0.4,0.3,0.3,498.6059654631083,538.2222222222222,0.09972119309262166,451.7669130824372,515.108646953405,0.029470774721977133,0.8398744113029827,0.8888888888888888,0.8398744113029827,58,8,2.203232613737253,1,2.203232613737253,False,False,False,True,0,472,4,0.4,0.3,0.3,balanced
1781348633876.552,0.4,0.3,0.3,589.4992150706436,602.7777777777778,0.11789984301412872,510.5629041740152,618.8212815990594,0.03339312235984091,1.0,1.0,1.0,56,8,2.2428221260863963,1,2.2428221260863963,False,False,False,True,0,473,4,0.4,0.3,0.3,balanced
1781348636499.9968,0.4,0.3,0.3,590.5729984301413,604.6666666666666,0.11811459968602826,466.8866729977841,562.909148464704,0.03047943115395491,1.0,1.0,1.0,55,8,2.2436103307794024,1,2.2436103307794024,False,False,False,True,0,474,4,0.4,0.3,0.3,balanced
1781348639222.448,0.4,0.3,0.3,591.3108320251177,606.1111111111111,0.11826216640502354,476.9047619047619,593.0555555555555,0.03114774929317958,1.0,1.0,1.0,53,8,2.2433508086500367,1,2.2433508086500367,False,False,False,True,0,475,4,0.4,0.3,0.3,balanced
1781348641844.878,0.4,0.3,0.3,591.2794348508634,607.0,0.11825588697017267,426.6888255777144,521.3675213675214,0.027797786896445256,1.0,1.0,1.0,52,8,2.2443583091429975,1,2.2443583091429975,False,False,False,True,0,476,4,0.4,0.3,0.3,balanced
1781348644468.95,0.4,0.3,0.3,593.4285714285713,608.5555555555555,0.11868571428571427,409.1484647040202,498.92529281418166,0.026627649413210157,1.0,1.0,1.0,50,8,2.2445374194617513,1,2.2445374194617513,False,False,False,True,0,477,4,0.4,0.3,0.3,balanced
1781348647187.698,0.4,0.3,0.3,592.8564126394051,603.3333333333334,0.11857128252788102,637.5940886699507,670.540503557745,0.041867517589723194,0.9999999999999998,1.0,0.9999999999999998,49,8,2.2400112317119305,1,2.2400112317119305,False,False,False,True,0,478,4,0.4,0.3,0.3,balanced
1781348649904.187,0.4,0.3,0.3,598.6153846153845,614.2222222222222,0.1197230769230769,357.45826491516146,443.15544608648054,0.023179337219156868,1.0,1.0,1.0,47,8,2.245156968065022,1,2.245156968065022,False,False,False,True,0,479,4,0.4,0.3,0.3,balanced
1781348652626.386,0.4,0.3,0.3,595.4521193092621,611.5555555555555,0.11909042386185242,393.88478379857685,499.916529830323,0.02560939184780366,1.0,1.0,1.0,49,8,2.244681012900918,0,2.244681012900918,False,False,False,True,0,480,4,0.4,0.3,0.3,balanced
1781348655341.4968,0.4,0.3,0.3,593.9434850863422,609.0,0.11878869701726844,429.41651969429745,520.6319811875368,0.027979754482608237,1.0,1.0,1.0,50,8,2.24409059484831,0,2.24409059484831,False,False,False,True,0,481,4,0.4,0.3,0.3,balanced
1781348658063.646,0.4,0.3,0.3,596.2511773940346,612.3333333333334,0.11925023547880692,404.7707991242474,500.66365626710456,0.026335610348515504,1.0,1.0,1.0,49,8,2.2443992227039224,1,2.2443992227039224,False,False,False,True,0,482,4,0.4,0.3,0.3,balanced
1781348660786.019,0.4,0.3,0.3,596.1836734693877,613.6666666666666,0.11923673469387754,391.37383689107816,496.29447181171315,0.025441883715215354,1.0,1.0,1.0,47,8,2.2446727410078844,1,2.2446727410078844,False,False,False,True,0,483,4,0.4,0.3,0.3,balanced
1781348666985.928,0.4,0.3,0.3,596.0675039246469,612.0,0.11921350078492937,429.8939537828427,531.7632162076607,0.02801160465529304,1.0,1.0,1.0,49,8,2.2439111182894402,0,2.2439111182894402,False,False,False,True,0,484,4,0.4,0.3,0.3,balanced
1781348669714.984,0.4,0.3,0.3,596.1569858712716,613.8888888888889,0.11923139717425431,377.0628078817734,475.78133552271487,0.024487178644547924,0.9944784279759649,0.9961685823754789,0.9944784279759649,47,8,2.2433048159297235,1,2.2433048159297235,False,False,False,True,0,485,4,0.4,0.3,0.3,balanced
1781348672338.403,0.4,0.3,0.3,594.74568288854,610.6666666666666,0.118949136577708,416.218740107629,517.3345995568218,0.02709931555087585,1.0,1.0,1.0,49,8,2.244290550703654,0,2.244290550703654,False,False,False,True,0,486,4,0.4,0.3,0.3,balanced
1781348674958.81,0.4,0.3,0.3,596.3390894819465,613.3333333333334,0.11926781789638931,398.93478949034505,481.1237733459956,0.02594628348834857,1.0,1.0,1.0,47,8,2.24450898779494,1,2.24450898779494,False,False,False,True,0,487,4,0.4,0.3,0.3,balanced
1781348678276.1072,0.4,0.3,0.3,525.0266875981162,543.2222222222222,0.10500533751962324,957.9380341880341,1122.4259259259259,0.06323802763095625,0.7206297903776895,0.7218453747865513,0.7206297903776895,46,8,2.155215393816171,1,2.155215393816171,False,False,False,True,0,488,4,0.4,0.3,0.3,balanced
1781348681000.3071,0.4,0.3,0.3,597.7189952904238,614.8888888888889,0.11954379905808475,398.6309523809524,485.31746031746036,0.02592601416817561,1.0,1.0,1.0,44,8,2.2444046761263134,1,2.2444046761263134,False,False,False,True,0,489,4,0.4,0.3,0.3,balanced
1781348683727.633,0.4,0.3,0.3,602.2684458398743,620.5555555555555,0.12045368916797486,860.792011486456,1007.0846334735223,0.05675730563618786,0.9784289784289785,0.9839800117577896,0.9784289784289785,43,8,2.228320026170647,1,2.228320026170647,False,False,False,True,0,490,4,0.4,0.3,0.3,balanced
1781348686451.833,0.4,0.3,0.3,604.5164835164834,623.4444444444445,0.12090329670329668,354.46428571428567,439.0079365079365,0.022979605451253212,1.0,1.0,1.0,41,8,2.244744799683305,1,2.244744799683305,False,False,False,True,0,491,4,0.4,0.3,0.3,balanced
1781348689175.559,0.4,0.3,0.3,601.8555729984301,620.1111111111111,0.12037111459968602,354.90216201423095,438.5194307608101,0.023008816678734553,1.0,1.0,1.0,43,8,2.244948909156505,0,2.244948909156505,False,False,False,True,0,492,4,0.4,0.3,0.3,balanced
1781348694704.701,0.4,0.3,0.3,609.8540031397174,634.4444444444445,0.12197080062794348,2521.8722500242106,2674.332468969724,0.16756986324377657,0.3991201846795331,0.3969165072649812,0.3991201846795331,41,8,2.0206767761795494,1,2.0206767761795494,False,False,False,True,0,493,4,0.4,0.3,0.3,balanced
1781348697423.3042,0.4,0.3,0.3,600.960753532182,619.0,0.12019215070643641,344.9568965517241,423.9244663382595,0.02234535667456465,1.0,1.0,1.0,43,8,2.245219532715056,0,2.245219532715056,False,False,False,True,0,494,4,0.4,0.3,0.3,balanced
1781348703731.267,0.4,0.3,0.3,606.160125588697,625.0,0.12123202511773941,322.4485596707819,399.03439153439155,0.020843799844615204,1.0,1.0,1.0,41,8,2.2452540499995197,1,2.2452540499995197,False,False,False,True,0,495,4,0.4,0.3,0.3,balanced
1781348706443.883,0.4,0.3,0.3,604.7378335949765,624.1111111111111,0.12094756671899529,316.3381834215167,401.79159318048204,0.020436169674550815,1.0,1.0,1.0,40,8,2.2454901224100365,1,2.2454901224100365,False,False,False,True,0,496,4,0.4,0.3,0.3,balanced
1781348709166.354,0.4,0.3,0.3,608.1946624803767,628.3333333333334,0.12163893249607534,500.0750689639578,644.3524171301949,0.03269346690886977,0.9942812289751066,0.9960317460317462,0.9942812289751066,38,8,2.239820755621441,1,2.239820755621441,False,False,False,True,0,497,4,0.4,0.3,0.3,balanced
1781348711884.3948,0.4,0.3,0.3,611.054945054945,631.5555555555555,0.12221098901098901,306.19855967078183,394.51646090534973,0.01975974380725696,1.0,1.0,1.0,37,8,2.2451876812534275,1,2.2451876812534275,False,False,False,True,0,498,4,0.4,0.3,0.3,balanced
1781348714600.974,0.4,0.3,0.3,615.9309262166404,637.6666666666666,0.12318618524332808,313.10699588477365,410.5761316872428,0.02022061346796355,1.0,1.0,1.0,35,8,2.2446593418622798,1,2.2446593418622798,False,False,False,True,0,499,4,0.4,0.3,0.3,balanced
1781348717326.17,0.4,0.3,0.3,610.9042386185243,632.1111111111111,0.12218084772370487,330.2366255144033,429.0902410346855,0.021363350601361127,1.0,1.0,1.0,37,8,2.2447186557301095,0,2.2447186557301095,False,False,False,True,0,500,4,0.4,0.3,0.3,balanced
1781348720049.725,0.4,0.3,0.3,615.502354788069,637.7777777777778,0.12310047095761381,271.48148148148147,354.69135802469134,0.017443727917377017,1.0,1.0,1.0,35,8,2.2455266932417413,1,2.2455266932417413,False,False,False,True,0,501,4,0.4,0.3,0.3,balanced
1781348722775.582,0.4,0.3,0.3,617.2072213500784,640.0,0.12344144427001567,285.47008547008545,368.5153529597974,0.018376923647103766,1.0,1.0,1.0,34,8,2.2451103451978627,1,2.2451103451978627,False,False,False,True,0,502,4,0.4,0.3,0.3,balanced
1781348725492.9,0.4,0.3,0.3,622.1616954474097,646.2222222222222,0.12443233908948194,242.97087685976572,313.54700854700855,0.015541752959290575,1.0,1.0,1.0,32,8,2.2455645384764202,1,2.2455645384764202,False,False,False,True,0,503,4,0.4,0.3,0.3,balanced
1781348728308.179,0.4,0.3,0.3,629.6232339089482,656.5555555555555,0.12592464678178963,222.9482657260435,301.34626690182245,0.014206021729555937,1.0,1.0,1.0,29,8,2.2453683347684175,1,2.2453683347684175,False,False,False,True,0,504,4,0.4,0.3,0.3,balanced
1781348731124.695,0.4,0.3,0.3,634.1334379905809,661.5555555555555,0.1268266875981162,208.558201058201,266.1919459141681,0.013246044099946699,1.0,1.0,1.0,28,8,2.2452955117307694,1,2.2452955117307694,False,False,False,True,0,505,4,0.4,0.3,0.3,balanced
1781348733948.595,0.4,0.3,0.3,639.2072213500785,668.5555555555555,0.1278414442700157,217.43352326685655,278.59924026590693,0.013838126969103172,0.9940694226408513,0.9958847736625513,0.9940694226408513,26,8,2.2429328109935183,1,2.2429328109935183,False,False,False,True,0,506,4,0.4,0.3,0.3,balanced
1781348740348.9128,0.4,0.3,0.3,643.0266875981162,673.1111111111111,0.12860533751962322,242.99461855017407,300.31972143083254,0.015543336794541299,1.0,1.0,1.0,25,8,2.243894863953788,1,2.243894863953788,False,False,False,True,0,507,4,0.4,0.3,0.3,balanced
1781348743263.0361,0.4,0.3,0.3,652.1255886970172,684.7777777777778,0.13042511773940343,203.45385067607288,262.3824221046443,0.012905527063113601,1.0,1.0,1.0,23,8,2.2439582947853047,1,2.2439582947853047,False,False,False,True,0,508,4,0.4,0.3,0.3,balanced
1781348746186.5388,0.4,0.3,0.3,658.5494505494505,693.1111111111111,0.1317098901098901,173.05419888753224,229.3403201736535,0.010877531613577868,0.9940694226408512,0.9958847736625516,0.9940694226408512,22,8,2.242273611264226,1,2.242273611264226,False,False,False,True,0,509,4,0.4,0.3,0.3,balanced
1781348749112.4539,0.4,0.3,0.3,669.0847723704865,706.5555555555555,0.1338169544740973,146.61443494776827,184.86546375435262,0.009113704799717697,1.0,1.0,1.0,20,8,2.2437391067704455,1,2.2437391067704455,False,False,False,True,0,510,4,0.4,0.3,0.3,balanced
1781348752138.1582,0.4,0.3,0.3,676.4709576138147,716.2222222222222,0.13529419152276292,170.04188712522046,216.90476190476193,0.010676576859587755,1.0,1.0,1.0,19,8,2.2426793503330185,1,2.2426793503330185,False,False,False,True,0,511,4,0.4,0.3,0.3,balanced
1781348755157.1208,0.4,0.3,0.3,672.2386185243328,710.1111111111111,0.13444772370486655,133.75808348030571,168.00411522633743,0.008256042927305252,1.0,1.0,1.0,20,8,2.243744097639862,0,2.243744097639862,False,False,False,True,0,512,4,0.4,0.3,0.3,balanced
1781348758180.083,0.4,0.3,0.3,677.9309262166404,717.5555555555555,0.13558618524332808,118.7117871840094,152.0355673133451,0.007252287337158732,1.0,1.0,1.0,19,8,2.2435898397015213,1,2.2435898397015213,False,False,False,True,0,513,4,0.4,0.3,0.3,balanced
1781348761306.4302,0.4,0.3,0.3,693.9089481946625,737.8888888888889,0.13878178963893248,105.50558495002939,135.7833627278072,0.006371286521015969,1.0,1.0,1.0,17,8,2.242575898188122,1,2.242575898188122,False,False,False,True,0,514,4,0.4,0.3,0.3,balanced
1781348764525.802,0.4,0.3,0.3,704.379905808477,751.2222222222222,0.1408759811616954,104.36507936507935,130.515873015873,0.0062952020924002235,1.0,1.0,1.0,16,8,2.2417610469076017,1,2.2417610469076017,False,False,False,True,0,515,4,0.4,0.3,0.3,balanced
1781348767855.167,0.4,0.3,0.3,725.0612244897959,778.3333333333334,0.1450122448979592,95.09700176366842,119.26513815402706,0.005676918062953197,1.0,1.0,1.0,14,8,2.24029202662193,1,2.24029202662193,False,False,False,True,0,516,4,0.4,0.3,0.3,balanced
1781348774764.8362,0.4,0.3,0.3,737.392464678179,794.7777777777778,0.14747849293563578,159.68796635463303,198.8365441143219,0.00998585499363796,0.9940694226408512,0.9958847736625516,0.9940694226408512,13,8,2.2362336731199095,1,2.2362336731199095,False,False,False,True,0,517,4,0.4,0.3,0.3,balanced
1781348778287.11,0.4,0.3,0.3,773.9638932496074,842.0,0.15479277864992147,135.21090534979425,170.7275132275132,0.008352962331540644,1.0,1.0,1.0,11,8,2.235576999840569,1,2.235576999840569,False,False,False,True,0,518,4,0.4,0.3,0.3,balanced
1781348781804.3972,0.4,0.3,0.3,796.7927786499214,872.1111111111111,0.15935855572998428,99.39741328630217,126.69606114050559,0.005963803421367723,1.0,1.0,1.0,10,8,2.234467436681596,1,2.234467436681596,False,False,False,True,0,519,4,0.4,0.3,0.3,balanced
1781348785219.162,0.4,0.3,0.3,773.4097331240188,841.4444444444445,0.15468194662480375,123.78600823045265,160.74074074074073,0.007590794411637935,1.0,1.0,1.0,11,8,2.235849983026587,0,2.235849983026587,False,False,False,True,0,520,4,0.4,0.3,0.3,balanced
1781348788444.248,0.4,0.3,0.3,738.1350078492935,795.5555555555555,0.1476270015698587,125.48037353592908,159.97942386831275,0.0077038274540312925,1.0,1.0,1.0,13,8,2.238638051135847,0,2.238638051135847,False,False,False,True,0,521,4,0.4,0.3,0.3,balanced
1781348791664.5242,0.4,0.3,0.3,723.3186813186813,776.6666666666666,0.14466373626373627,146.10964138741915,182.74838330393882,0.009080029445458248,1.0,1.0,1.0,14,8,2.239410496660868,0,2.239410496660868,False,False,False,True,0,522,4,0.4,0.3,0.3,balanced
1781348794787.817,0.4,0.3,0.3,699.9262166405023,747.4444444444445,0.13998524332810044,192.90417401528515,238.93004115226339,0.012201746098417956,1.0,1.0,1.0,16,8,2.2403453788392342,0,2.2403453788392342,False,False,False,True,0,523,4,0.4,0.3,0.3,balanced
1781348797905.736,0.4,0.3,0.3,691.386185243328,736.1111111111111,0.1382772370486656,172.84391534391534,224.23868312757202,0.010863503358500023,1.0,1.0,1.0,17,8,2.2414300541729837,0,2.2414300541729837,False,False,False,True,0,524,4,0.4,0.3,0.3,balanced
1781348801030.293,0.4,0.3,0.3,675.6781789638932,715.7777777777778,0.13513563579277862,147.81305114638445,185.46737213403878,0.009193665853661404,1.0,1.0,1.0,19,8,2.24318764592679,0,2.24318764592679,False,False,False,True,0,525,4,0.4,0.3,0.3,balanced
1781348804146.6401,0.4,0.3,0.3,669.226059654631,707.6666666666666,0.1338452119309262,188.33553791887127,237.60288065843622,0.011896967172706555,1.0,1.0,1.0,20,8,2.2428928250758178,0,2.2428928250758178,False,False,False,True,0,526,4,0.4,0.3,0.3,balanced
1781348810857.2832,0.4,0.3,0.3,669.3233908948193,706.2222222222222,0.13386467817896386,1213.317901234568,1282.741034685479,0.08027470988889712,1.0,1.0,1.0,20,8,2.2223717157617453,2,2.2223717157617453,False,False,False,True,0,527,4,0.4,0.3,0.3,balanced
1781348819897.269,0.4,0.3,0.3,88.86970172684458,170.0,0.017773940345368916,145.8815426997245,97.25436179981634,0.009064812721796163,0.11616954474097331,0.2222222222222222,0.11616954474097331,22,8,2.0250218434676057,0,2.0250218434676057,False,False,False,True,0,528,4,0.4,0.3,0.3,balanced
1781348822823.8572,0.4,0.3,0.3,652.5259026687597,685.7777777777778,0.13050518053375196,198.6910414688192,251.57169990503326,0.012587794627673062,1.0,1.0,1.0,23,8,2.2440215893981974,0,2.2440215893981974,False,False,False,True,0,529,4,0.4,0.3,0.3,balanced
1781348825737.1062,0.4,0.3,0.3,643.7708006279433,674.3333333333334,0.12875416012558866,237.444885361552,304.5781893004115,0.015173107762611875,0.9979255438439112,0.9960317460317462,0.9979255438439112,25,8,2.2433240667741545,0,2.2433240667741545,False,False,False,True,0,530,4,0.4,0.3,0.3,balanced
1781348829460.375,0.4,0.3,0.3,646.7456828885399,680.0,0.129349136577708,1014.6738637179812,1185.1547254488432,0.06702293954089268,0.6725699698516355,0.7175069806648754,0.6725699698516355,26,8,2.12992445446214,0,2.12992445446214,False,False,False,True,0,531,4,0.4,0.3,0.3,balanced
1781348832281.026,0.4,0.3,0.3,633.3155416012559,660.3333333333334,0.12666310832025118,220.72604350382127,274.484126984127,0.014057774750088143,1.0,1.0,1.0,28,8,2.245117424246873,0,2.245117424246873,False,False,False,True,0,532,4,0.4,0.3,0.3,balanced
1781348835105.713,0.4,0.3,0.3,630.2794348508634,656.5555555555555,0.12605588697017267,205.8222538778094,268.22886989553655,0.013063525942482281,1.0,1.0,1.0,29,8,2.2456585874291863,0,2.2456585874291863,False,False,False,True,0,533,4,0.4,0.3,0.3,balanced
1781348837934.667,0.4,0.3,0.3,623.7142857142857,647.7777777777778,0.12474285714285713,240.41468819246595,311.8201962646407,0.015371226697295928,1.0,1.0,1.0,32,8,2.245491489133668,0,2.245491489133668,False,False,False,True,0,534,4,0.4,0.3,0.3,balanced
1781348840763.968,0.4,0.3,0.3,630.7189952904237,657.2222222222222,0.12614379905808473,219.67666078777185,281.89300411522635,0.013987769232006127,1.0,1.0,1.0,29,8,2.245346149607164,1,2.245346149607164,False,False,False,True,0,535,4,0.4,0.3,0.3,balanced
1781348847163.227,0.4,0.3,0.3,622.8178963893249,646.1111111111111,0.12456357927786499,247.77777777777777,320.6349206349206,0.015862426803053886,1.0,1.0,1.0,32,8,2.245415840247938,0,2.245415840247938,False,False,False,True,0,536,4,0.4,0.3,0.3,balanced
1781348849991.256,0.4,0.3,0.3,618.5463108320251,641.1111111111111,0.12370926216640503,257.8769841269841,334.8809523809524,0.016536156379385197,1.0,1.0,1.0,34,8,2.2455554482196223,0,2.2455554482196223,False,False,False,True,0,537,4,0.4,0.3,0.3,balanced
1781348852806.173,0.4,0.3,0.3,622.3657770800627,645.8888888888889,0.12447315541601253,272.34788359788354,349.95443856554965,0.017501526590919515,1.0,1.0,1.0,32,8,2.2449602798563193,1,2.2449602798563193,False,False,False,True,0,538,4,0.4,0.3,0.3,balanced
1781348855626.831,0.4,0.3,0.3,616.1224489795917,638.6666666666666,0.12322448979591834,257.6873897707231,319.2225161669606,0.01652350832359727,1.0,1.0,1.0,34,8,2.2457531515845535,0,2.2457531515845535,False,False,False,True,0,539,4,0.4,0.3,0.3,balanced
1781348858450.127,0.4,0.3,0.3,616.0486656200942,638.2222222222222,0.12320973312401884,317.93650793650795,374.32539682539687,0.020542795726251364,1.0,1.0,1.0,35,8,2.244553268032517,0,2.244553268032517,False,False,False,True,0,540,4,0.4,0.3,0.3,balanced
1781348861171.063,0.4,0.3,0.3,611.5808477237049,632.8888888888889,0.12231616954474098,330.4320987654321,396.95473251028807,0.021376390844925423,1.0,1.0,1.0,37,8,2.244660614928626,0,2.244660614928626,False,False,False,True,0,541,4,0.4,0.3,0.3,balanced
1781348863894.276,0.4,0.3,0.3,616.1412872841444,638.0,0.12322825745682887,287.20164609053495,355.67901234567904,0.018492438031389922,1.0,1.0,1.0,35,8,2.2451609656078513,1,2.2451609656078513,False,False,False,True,0,542,4,0.4,0.3,0.3,balanced
1781348866617.605,0.4,0.3,0.3,612.4003139717424,633.1111111111111,0.12248006279434849,272.48575498575497,343.6213991769547,0.01751072414848265,1.0,1.0,1.0,37,8,2.245754757637716,0,2.245754757637716,False,False,False,True,0,543,4,0.4,0.3,0.3,balanced
1781348869336.7021,0.4,0.3,0.3,609.6357927786499,629.7777777777778,0.12192715855572998,301.86530547641655,381.36435580880027,0.019470667476745602,1.0,1.0,1.0,38,8,2.2453879363346845,0,2.2453879363346845,False,False,False,True,0,544,4,0.4,0.3,0.3,balanced
1781348872061.633,0.4,0.3,0.3,606.1632653061224,625.5555555555555,0.12123265306122448,316.83890697779583,401.1121286121286,0.020469573514195854,0.9958718530147102,0.9958847736625513,0.9958718530147102,40,8,2.2441276226256646,0,2.2441276226256646,False,False,False,True,0,545,4,0.4,0.3,0.3,balanced
1781348874783.873,0.4,0.3,0.3,605.0816326530612,623.8888888888889,0.12101632653061224,315.63051146384475,401.82539682539687,0.020388960070970297,0.9942812289751065,0.9960317460317459,0.9942812289751065,41,8,2.243761150058996,0,2.243761150058996,False,False,False,True,0,546,4,0.4,0.3,0.3,balanced
1781348877509.336,0.4,0.3,0.3,602.4301412872841,620.6666666666666,0.12048602825745681,359.53115814226925,440.71281599059375,0.023317622291011957,1.0,1.0,1.0,43,8,2.244810302009714,0,2.244810302009714,False,False,False,True,0,547,4,0.4,0.3,0.3,balanced
1781348883814.7969,0.4,0.3,0.3,602.2857142857142,620.1111111111111,0.12045714285714285,330.1425631981187,421.73427395649617,0.021357075596939206,1.0,1.0,1.0,44,8,2.245410020178061,0,2.245410020178061,False,False,False,True,0,548,4,0.4,0.3,0.3,balanced
1781348886538.047,0.4,0.3,0.3,599.2935635792778,615.3333333333334,0.11985871271585556,374.5723104056437,460.06760728982954,0.024321034716854147,1.0,1.0,1.0,46,8,2.2447602044986015,0,2.2447602044986015,False,False,False,True,0,549,4,0.4,0.3,0.3,balanced
1781348889261.55,0.4,0.3,0.3,599.3594976452118,615.3333333333334,0.11987189952904237,364.78243021346464,458.06787082649157,0.023667940641325193,1.0,1.0,1.0,47,8,2.2449508579959856,0,2.2449508579959856,False,False,False,True,0,550,4,0.4,0.3,0.3,balanced
1781348891984.7368,0.4,0.3,0.3,595.596546310832,611.2222222222222,0.11911930926216639,412.56294471811714,506.9129720853859,0.02685543327005451,1.0,1.0,1.0,49,8,2.244295646314117,0,2.244295646314117,False,False,False,True,0,551,4,0.4,0.3,0.3,balanced
1781348894706.5872,0.4,0.3,0.3,591.5949764521192,607.7777777777778,0.11831899529042385,459.02162014230976,546.3204707170225,0.029954744505824533,1.0,1.0,1.0,50,8,2.243685978532083,0,2.243685978532083,False,False,False,True,0,552,4,0.4,0.3,0.3,balanced
1781348897426.676,0.4,0.3,0.3,591.3218210361067,606.2222222222222,0.11826436420722135,413.3561140505585,511.6504997060553,0.026908346501037926,1.0,1.0,1.0,52,8,2.2446217503668002,0,2.2446217503668002,False,False,False,True,0,553,4,0.4,0.3,0.3,balanced
1781348900153.353,0.4,0.3,0.3,589.7048665620093,604.3333333333334,0.11794097331240186,414.7836718765837,529.539824444039,0.027003580512113656,0.9903005158107199,0.9920634920634921,0.9903005158107199,53,8,2.241812691264621,0,2.241812691264621,False,False,False,True,0,554,4,0.4,0.3,0.3,balanced
1781348902879.231,0.4,0.3,0.3,589.2166405023547,602.8888888888889,0.11784332810047095,478.35112205801863,586.127531472359,0.03124423762895388,1.0,1.0,1.0,55,8,2.2434893974711256,0,2.2434893974711256,False,False,False,True,0,555,4,0.4,0.3,0.3,balanced
1781348905603.3,0.4,0.3,0.3,586.6028257456828,600.7777777777778,0.11732056514913657,533.8400488400488,668.9661059105504,0.03494596723415936,0.9940694226408512,0.9958847736625516,0.9940694226408512,56,8,2.2408088105623527,0,2.2408088105623527,False,False,False,True,0,556,4,0.4,0.3,0.3,balanced
1781348908324.763,0.4,0.3,0.3,587.083202511774,600.1111111111111,0.11741664050235479,530.8480305702527,652.608759553204,0.03474636628220498,0.9942812289751065,0.9960317460317459,0.9942812289751065,58,8,2.2408938026069287,0,2.2408938026069287,False,False,False,True,0,557,4,0.4,0.3,0.3,balanced
1781348911038.301,0.4,0.3,0.3,588.6028257456828,602.1111111111111,0.11772056514913656,455.28218694885356,571.6754850088183,0.029705282651691364,1.0,1.0,1.0,56,8,2.244000189144838,1,2.244000189144838,False,False,False,True,0,558,4,0.4,0.3,0.3,balanced
1781348949779.9338,0.4,0.3,0.3,586.1255886970173,599.6666666666666,0.11722511773940346,595.1403586125807,709.7795414462081,0.039035380828057416,1.0,1.0,1.0,58,8,2.2413993386558215,0,2.2413993386558215,False,False,False,True,1,559,4,0.4,0.3,0.3,balanced
1781348956088.503,0.4,0.3,0.3,585.6828885400313,599.0,0.11713657770800626,586.7036124794745,703.5673234811165,0.038472555869211104,1.0,1.0,1.0,59,8,2.241603602156034,0,2.241603602156034,False,False,False,True,0,560,4,0.4,0.3,0.3,balanced
1781348958713.43,0.4,0.3,0.3,585.5808477237048,599.3333333333334,0.11711616954474095,523.270022158911,649.3953782842672,0.03424082869639167,1.0,1.0,1.0,61,8,2.242881283573186,0,2.242881283573186,False,False,False,True,0,561,4,0.4,0.3,0.3,balanced
1781348961539.754,0.4,0.3,0.3,582.6436420722134,595.7777777777778,0.11652872841444269,910.3470728793309,929.3679808841098,0.060063180312163504,0.9619444594814053,0.9272030651340997,0.9619444594814053,64,8,2.2239528923849954,0,2.2239528923849954,False,False,False,True,0,562,4,0.4,0.3,0.3,balanced
1781348964164.615,0.4,0.3,0.3,578.3830455259026,590.8888888888889,0.11567660910518052,619.7325102880658,735.5761316872428,0.04067595132008444,1.0,1.0,1.0,65,8,2.2415265709619026,0,2.2415265709619026,False,False,False,True,0,563,4,0.4,0.3,0.3,balanced
1781348966790.938,0.4,0.3,0.3,579.1397174254316,590.7777777777778,0.11582794348508632,610.0485008818341,753.8007054673722,0.04002992000545925,1.0,1.0,1.0,67,8,2.241659846604328,0,2.241659846604328,False,False,False,True,0,564,4,0.4,0.3,0.3,balanced
1781348969519.495,0.4,0.3,0.3,579.204081632653,590.3333333333334,0.11584081632653061,589.8015873015873,728.8888888888889,0.03867922530364158,1.0,1.0,1.0,68,8,2.2420599058782953,0,2.2420599058782953,False,False,False,True,0,565,4,0.4,0.3,0.3,balanced
1781348972134.0051,0.4,0.3,0.3,580.0204081632653,592.2222222222222,0.11600408163265306,601.523368606702,722.4970605526162,0.03946119870625096,1.0,1.0,1.0,67,8,2.2417600077350635,1,2.2417600077350635,False,False,False,True,0,566,4,0.4,0.3,0.3,balanced
1781348974755.008,0.4,0.3,0.3,580.9999999999999,592.5555555555555,0.11619999999999998,583.8668430335097,695.6305114638449,0.03828331174339624,1.0,1.0,1.0,65,8,2.242035006476981,1,2.242035006476981,False,False,False,True,0,567,4,0.4,0.3,0.3,balanced
1781348977377.887,0.4,0.3,0.3,580.9089481946625,593.4444444444445,0.1161817896389325,581.2551440329219,710.6319811875368,0.03810908232374395,1.0,1.0,1.0,64,8,2.242094559447304,1,2.242094559447304,False,False,False,True,0,568,4,0.4,0.3,0.3,balanced
1781348980000.763,0.4,0.3,0.3,585.2841444270016,598.5555555555555,0.11705682888540032,581.9927192149413,721.9737258626147,0.03815828680553311,1.0,1.0,1.0,61,8,2.24172978240418,1,2.24172978240418,False,False,False,True,0,569,4,0.4,0.3,0.3,balanced
1781348982619.989,0.4,0.3,0.3,582.2087912087911,594.6666666666666,0.11644175824175823,599.1776895943563,740.2072310405644,0.0393047157834794,1.0,1.0,1.0,64,8,2.241631881968253,0,2.241631881968253,False,False,False,True,0,570,4,0.4,0.3,0.3,balanced
1781348985241.8489,0.4,0.3,0.3,585.1036106750392,597.6666666666666,0.11702072213500785,539.156378600823,661.7783656672545,0.03530062565715964,1.0,1.0,1.0,61,8,2.2426015234488488,1,2.2426015234488488,False,False,False,True,0,571,4,0.4,0.3,0.3,balanced
1781348991448.584,0.4,0.3,0.3,585.502354788069,598.6666666666666,0.1171004709576138,475.8024691358024,599.0534979423868,0.031074214085110234,1.0,1.0,1.0,59,8,2.243837547391421,1,2.243837547391421,False,False,False,True,0,572,4,0.4,0.3,0.3,balanced
1781348994073.77,0.4,0.3,0.3,582.7613814756671,594.8888888888889,0.11655227629513343,473.12169312169306,592.0105820105821,0.030895376459085595,1.0,1.0,1.0,61,8,2.244110476544221,0,2.244110476544221,False,False,False,True,0,573,4,0.4,0.3,0.3,balanced
1781348996700.1628,0.4,0.3,0.3,585.4976452119308,598.7777777777778,0.11709952904238617,499.1086125808348,618.4259259259259,0.03262899350105636,1.0,1.0,1.0,59,8,2.2433714903327284,1,2.2433714903327284,False,False,False,True,0,574,4,0.4,0.3,0.3,balanced
1781348999318.343,0.4,0.3,0.3,583.9324960753531,596.5555555555555,0.11678649921507063,519.002849002849,637.7271288382399,0.03395616070732815,1.0,1.0,1.0,61,8,2.2430985521017734,0,2.2430985521017734,False,False,False,True,0,575,4,0.4,0.3,0.3,balanced
1781349001939.165,0.4,0.3,0.3,583.9874411302982,597.5555555555555,0.11679748822605963,482.8648306426084,600.4843304843305,0.031545352277692354,1.0,1.0,1.0,59,8,2.2438173990262684,1,2.2438173990262684,False,False,False,True,0,576,4,0.4,0.3,0.3,balanced
1781349004663.07,0.4,0.3,0.3,586.9387755102041,600.6666666666666,0.11738775510204082,487.08333333333326,606.9444444444445,0.03182677340449188,1.0,1.0,1.0,58,8,2.243496865937836,1,2.243496865937836,False,False,False,True,0,577,4,0.4,0.3,0.3,balanced
1781349007388.343,0.4,0.3,0.3,588.6436420722135,602.5555555555555,0.11772872841444271,487.2107178333232,596.8412597052443,0.03183527136980142,1.0,1.0,1.0,56,8,2.2433579272232826,1,2.2433579272232826,False,False,False,True,0,578,4,0.4,0.3,0.3,balanced
1781349010014.345,0.4,0.3,0.3,587.2229199372057,601.4444444444445,0.11744458398744113,419.05903767014877,522.2665400443179,0.02728879504137083,1.0,1.0,1.0,55,8,2.2448355278926124,1,2.2448355278926124,False,False,False,True,0,579,4,0.4,0.3,0.3,balanced
1781349012740.952,0.4,0.3,0.3,590.0094191522762,603.7777777777778,0.11800188383045525,471.1973180076628,580.6486042692939,0.030766999199977503,1.0,1.0,1.0,55,8,2.2435691467078245,2,2.2435691467078245,False,False,False,True,0,580,4,0.4,0.3,0.3,balanced
1781349015465.4739,0.4,0.3,0.3,590.0266875981162,604.7777777777778,0.11800533751962324,417.8010399562124,522.0155993431856,0.027204872578800027,1.0,1.0,1.0,53,8,2.244636403218511,1,2.244636403218511,False,False,False,True,0,581,4,0.4,0.3,0.3,balanced
1781349018093.029,0.4,0.3,0.3,588.9450549450548,602.6666666666666,0.11778901098901097,537.5720164609053,645.8024691358025,0.03519493105142797,1.0,1.0,1.0,55,8,2.242325916288967,0,2.242325916288967,False,False,False,True,0,582,4,0.4,0.3,0.3,balanced
1781349020815.4958,0.4,0.3,0.3,588.6954474097331,603.2222222222222,0.11773908948194663,435.2917401528513,544.9088771310994,0.02837169714161783,1.0,1.0,1.0,53,8,2.244392855064736,1,2.244392855064736,False,False,False,True,0,583,4,0.4,0.3,0.3,balanced
1781349027116.7568,0.4,0.3,0.3,592.0675039246468,607.0,0.11841350078492935,483.095238095238,574.3092298647855,0.031560723021697,1.0,1.0,1.0,52,8,2.243166382779519,1,2.243166382779519,False,False,False,True,0,584,4,0.4,0.3,0.3,balanced
1781349029841.6582,0.4,0.3,0.3,590.9748822605965,605.6666666666666,0.1181949764521193,417.4740010946908,513.9819376026272,0.0271830554432749,1.0,1.0,1.0,52,8,2.24456709278617,2,2.24456709278617,False,False,False,True,0,585,4,0.4,0.3,0.3,balanced
1781349032565.0042,0.4,0.3,0.3,593.9529042386184,609.4444444444445,0.11879058084772369,434.7318007662835,518.3825944170771,0.028334342946383158,1.0,1.0,1.0,50,8,2.2439834647769956,1,2.2439834647769956,False,False,False,True,0,586,4,0.4,0.3,0.3,balanced
1781349035286.9539,0.4,0.3,0.3,592.7205651491365,608.2222222222222,0.1185441130298273,404.65585659551175,485.18472906403935,0.02632794240130165,0.9960192868356135,0.9960317460317462,0.9960192868356135,49,8,2.2434897581183626,1,2.2434897581183626,False,False,False,True,0,587,4,0.4,0.3,0.3,balanced
1781349038008.029,0.4,0.3,0.3,597.5651491365777,613.5555555555555,0.11951302982731554,396.9068144499179,474.4882320744389,0.025810994959967838,1.0,1.0,1.0,47,8,2.2444514895810834,1,2.2444514895810834,False,False,False,True,0,588,4,0.4,0.3,0.3,balanced
1781349040733.337,0.4,0.3,0.3,597.1852433281005,614.0,0.11943704866562009,390.72824808935917,474.25485008818345,0.02539881574979047,1.0,1.0,1.0,46,8,2.2446055358088146,1,2.2446055358088146,False,False,False,True,0,589,4,0.4,0.3,0.3,balanced
1781349043547.72,0.4,0.3,0.3,597.5682888540031,614.0,0.11951365777080061,450.0458401751505,556.6023535851123,0.029355959985000034,1.0,1.0,1.0,47,8,2.2433877488961795,0,2.2433877488961795,False,False,False,True,0,590,4,0.4,0.3,0.3,balanced
1781349046267.072,0.4,0.3,0.3,597.7268445839874,614.2222222222222,0.11954536891679747,355.5349794238683,432.445620223398,0.02305103265002457,0.9942812289751066,0.9960317460317462,0.9942812289751066,46,8,2.2435509113308054,1,2.2435509113308054,False,False,False,True,0,591,4,0.4,0.3,0.3,balanced
1781349048989.646,0.4,0.3,0.3,599.6373626373626,617.4444444444445,0.11992747252747252,376.74015285126393,460.61875367430923,0.024465653959390522,1.0,1.0,1.0,44,8,2.2446893148011937,1,2.2446893148011937,False,False,False,True,0,592,4,0.4,0.3,0.3,balanced
1781349051714.3691,0.4,0.3,0.3,602.2558869701727,619.7777777777778,0.12045117739403453,341.7261904761904,421.6666666666667,0.0221298325868039,1.0,1.0,1.0,43,8,2.245180579266345,1,2.245180579266345,False,False,False,True,0,593,4,0.4,0.3,0.3,balanced
1781349054532.799,0.4,0.3,0.3,603.6389324960754,622.3333333333334,0.12072778649921509,334.1923868312757,418.74191651969426,0.02162724395138597,1.0,1.0,1.0,41,8,2.2452207122148984,1,2.2452207122148984,False,False,False,True,0,594,4,0.4,0.3,0.3,balanced
1781349057247.3691,0.4,0.3,0.3,606.8084772370487,625.2222222222222,0.12136169544740974,306.8225704336815,389.6217157328269,0.019801372277096833,1.0,1.0,1.0,40,8,2.2455149101379073,1,2.2455149101379073,False,False,False,True,0,595,4,0.4,0.3,0.3,balanced
1781349066469.6692,0.4,0.3,0.3,150.5839874411303,220.66666666666666,0.030116797488226058,84.09465020576131,63.86831275720164,0.004942938639477072,0.22762951334379902,0.3333333333333333,0.22762951334379902,41,8,2.054759253416006,0,2.054759253416006,False,False,False,True,0,596,4,0.4,0.3,0.3,balanced
1781349069291.831,0.4,0.3,0.3,605.6734693877551,624.7777777777778,0.121134693877551,344.89668856048166,418.2457580733443,0.022341340130785967,1.0,1.0,1.0,40,8,2.244843720409744,1,2.244843720409744,False,False,False,True,0,597,4,0.4,0.3,0.3,balanced
1781349072013.621,0.4,0.3,0.3,608.800627943485,629.4444444444445,0.12176012558869699,324.3209876543209,397.61316872427983,0.020968711651388985,1.0,1.0,1.0,38,8,2.2450053362691045,1,2.2450053362691045,False,False,False,True,0,598,4,0.4,0.3,0.3,balanced
1781349074727.73,0.4,0.3,0.3,610.4301412872841,631.5555555555555,0.12208602825745682,348.86831275720164,438.39506172839504,0.02260629171162119,1.0,1.0,1.0,37,8,2.244383701183531,1,2.244383701183531,False,False,False,True,0,599,4,0.4,0.3,0.3,balanced
1781349077544.771,0.4,0.3,0.3,614.61852433281,636.1111111111111,0.122923704866562,499.1711771979971,613.516136552535,0.0326331672580385,0.9942812289751066,0.9960317460317462,0.9942812289751066,35,8,2.2393249365684955,1,2.2393249365684955,False,False,False,True,0,600,4,0.4,0.3,0.3,balanced
1781349080357.757,0.4,0.3,0.3,617.3563579277865,639.1111111111111,0.12347127158555729,277.7866721401204,348.7424740010947,0.017864354378927312,1.0,1.0,1.0,34,8,2.245252185052099,1,2.245252185052099,False,False,False,True,0,601,4,0.4,0.3,0.3,balanced
1781349083175.322,0.4,0.3,0.3,622.1350078492935,645.7777777777778,0.1244270015698587,246.0912698412698,311.95767195767195,0.015749917934707792,1.0,1.0,1.0,32,8,2.2455042239916443,1,2.2455042239916443,False,False,False,True,0,602,4,0.4,0.3,0.3,balanced
1781349085999.4558,0.4,0.3,0.3,629.3689167974883,655.3333333333334,0.12587378335949764,245.00146972369194,306.53439153439155,0.015677216125663238,1.0,1.0,1.0,29,8,2.244947321818502,1,2.244947321818502,False,False,False,True,0,603,4,0.4,0.3,0.3,balanced
1781349088822.759,0.4,0.3,0.3,621.7205651491365,646.0,0.1243441130298273,257.0468183016076,325.20773784183746,0.01648077507015394,1.0,1.0,1.0,32,8,2.245318122267023,0,2.245318122267023,False,False,False,True,0,604,4,0.4,0.3,0.3,balanced
1781349091636.312,0.4,0.3,0.3,631.2747252747253,657.6666666666666,0.12625494505494506,209.40329218106996,278.51851851851853,0.013302421092799863,1.0,1.0,1.0,29,8,2.245507295650182,1,2.245507295650182,False,False,False,True,0,605,4,0.4,0.3,0.3,balanced
1781349098045.075,0.4,0.3,0.3,632.9010989010987,660.3333333333334,0.12658021978021974,215.7676479898702,275.3624564735676,0.013726994529010687,1.0,1.0,1.0,28,8,2.2452498137292087,1,2.2452498137292087,False,False,False,True,0,606,4,0.4,0.3,0.3,balanced
1781349101073.51,0.4,0.3,0.3,634.5337519623233,662.1111111111111,0.12690675039246466,361.6778240916172,386.5336196370679,0.023460828825324697,0.9688831576586678,0.9404761904761906,0.9688831576586678,29,8,2.232863998493017,0,2.232863998493017,False,False,False,True,0,607,4,0.4,0.3,0.3,balanced
1781349104699.7212,0.4,0.3,0.3,634.4332810047094,661.4444444444445,0.1268866562009419,597.9624930502123,882.9026587798519,0.03922364863577133,0.6879653862620895,0.7696799983642089,0.6879653862620895,28,8,2.1438678588075186,1,2.1438678588075186,False,False,False,True,0,608,4,0.4,0.3,0.3,balanced
1781349107625.325,0.4,0.3,0.3,638.850863422292,668.0,0.1277701726844584,213.87922262922262,266.2310631755076,0.013601015518960816,0.9938679989700399,0.9919165196942975,0.9938679989700399,26,8,2.2429720259615404,1,2.2429720259615404,False,False,False,True,0,609,4,0.4,0.3,0.3,balanced
1781349110740.399,0.4,0.3,0.3,639.0486656200941,667.6666666666666,0.1278097331240188,470.06960408684546,563.7254150702427,0.030691768117868275,0.8741870374523435,0.9126984126984126,0.8741870374523435,25,8,2.201924687550735,1,2.201924687550735,False,False,False,True,0,610,4,0.4,0.3,0.3,balanced
1781349113662.508,0.4,0.3,0.3,652.4897959183672,685.0,0.13049795918367343,196.6460905349794,258.10699588477365,0.012451373618077346,1.0,1.0,1.0,23,8,2.2440654042411072,1,2.2440654042411072,False,False,False,True,0,611,4,0.4,0.3,0.3,balanced
1781349116886.2021,0.4,0.3,0.3,572.0533751962323,606.7777777777778,0.11441067503924646,155.39605734767025,208.83034647550778,0.00969953684774318,0.8885400313971743,0.8888888888888888,0.8885400313971743,22,8,2.2178878783491305,1,2.2178878783491305,False,False,False,True,0,612,4,0.4,0.3,0.3,balanced
1781349119919.05,0.4,0.3,0.3,670.8147566718995,708.7777777777778,0.13416295133437992,192.33579638752053,242.6135741652983,0.012163828978487027,1.0,1.0,1.0,20,8,2.242685670772702,1,2.242685670772702,False,False,False,True,0,613,4,0.4,0.3,0.3,balanced
1781349122942.127,0.4,0.3,0.3,675.1507064364207,715.0,0.13503014128728413,768.4869194591416,810.1822457378014,0.05059952764904214,1.0,1.0,1.0,19,8,2.2308080851903735,1,2.2308080851903735,False,False,False,True,0,614,4,0.4,0.3,0.3,balanced
1781349126067.0159,0.4,0.3,0.3,693.9921507064363,737.5555555555555,0.13879843014128726,169.39594356261023,244.33274544385657,0.01063348522765912,1.0,1.0,1.0,17,8,2.2412905823751874,1,2.2412905823751874,False,False,False,True,0,615,4,0.4,0.3,0.3,balanced
1781349132764.181,0.4,0.3,0.3,699.563579277865,746.4444444444445,0.139912715855573,168.15035273368608,213.04673721340387,0.010550390442540766,1.0,1.0,1.0,16,8,2.2408697965250086,1,2.2408697965250086,False,False,False,True,0,616,4,0.4,0.3,0.3,balanced
1781349135978.796,0.4,0.3,0.3,724.8288854003139,779.3333333333334,0.14496577708006278,144.00573192239858,180.87301587301587,0.0089396752449899,1.0,1.0,1.0,14,8,2.239331786594478,1,2.239331786594478,False,False,False,True,0,617,4,0.4,0.3,0.3,balanced
1781349139296.115,0.4,0.3,0.3,740.116169544741,798.0,0.1480232339089482,95.05658436213992,124.34597295708406,0.005674221771990655,1.0,1.0,1.0,13,8,2.2390884399048234,1,2.2390884399048234,False,False,False,True,0,618,4,0.4,0.3,0.3,balanced
1781349142724.27,0.4,0.3,0.3,638.8916797488225,719.0,0.1277783359497645,76.7168458781362,87.04778972520907,0.004450756896473396,0.8398744113029827,0.8888888888888888,0.8398744113029827,14,8,2.199515761942047,0,2.199515761942047,False,False,False,True,0,619,4,0.4,0.3,0.3,balanced
1781349145940.161,0.4,0.3,0.3,741.2480376766091,798.4444444444445,0.14824960753532182,84.96438746438747,104.74992086103197,0.005000959804161939,1.0,1.0,1.0,13,8,2.2391998690446226,1,2.2391998690446226,False,False,False,True,0,620,4,0.4,0.3,0.3,balanced
1781349149165.8088,0.4,0.3,0.3,724.2668759811615,777.5555555555555,0.14485337519623231,115.11537330981776,141.9400352733686,0.007012366464964493,1.0,1.0,1.0,14,8,2.2399549399820176,0,2.2399549399820176,False,False,False,True,0,621,4,0.4,0.3,0.3,balanced
1781349152492.032,0.4,0.3,0.3,738.9450549450548,796.8888888888889,0.14778901098901095,108.40167548500881,141.9077013521458,0.006564488024350154,1.0,1.0,1.0,13,8,2.2389150491970904,1,2.2389150491970904,False,False,False,True,0,622,4,0.4,0.3,0.3,balanced
1781349155918.094,0.4,0.3,0.3,775.0172684458398,843.0,0.15500345368916796,85.75176366843033,117.71751910640802,0.005053486568941316,1.0,1.0,1.0,11,8,2.2364825725536503,1,2.2364825725536503,False,False,False,True,0,623,4,0.4,0.3,0.3,balanced
1781349159447.509,0.4,0.3,0.3,798.7739403453688,873.8888888888889,0.15975478806907376,78.83009994121105,100.84068195179306,0.004591734485737895,1.0,1.0,1.0,10,8,2.2347205644266492,1,2.2347205644266492,False,False,False,True,0,624,4,0.4,0.3,0.3,balanced
1781349162875.5579,0.4,0.3,0.3,774.8649921507064,842.8888888888889,0.15497299843014128,86.91199746755304,115.31180753402977,0.0051308870892296885,1.0,1.0,1.0,11,8,2.2364715345011748,0,2.2364715345011748,False,False,False,True,0,625,4,0.4,0.3,0.3,balanced
1781349170076.257,0.4,0.3,0.3,797.9152276295133,873.3333333333334,0.15958304552590266,101.67548500881836,124.85008818342152,0.006115776184711031,1.0,1.0,1.0,10,8,2.2343320489342258,1,2.2343320489342258,False,False,False,True,0,626,4,0.4,0.3,0.3,balanced
1781349173498.55,0.4,0.3,0.3,774.2700156985871,843.0,0.15485400313971742,123.80658436213992,165.02057613168725,0.007592167068855231,1.0,1.0,1.0,11,8,2.2357807486234567,0,2.2357807486234567,False,False,False,True,0,627,4,0.4,0.3,0.3,balanced
1781349176820.522,0.4,0.3,0.3,739.171114599686,797.6666666666666,0.1478342229199372,78.46854791299235,101.61963550852438,0.004567614937491151,1.0,1.0,1.0,13,8,2.239496026350778,0,2.239496026350778,False,False,False,True,0,628,4,0.4,0.3,0.3,balanced
1781349180041.2732,0.4,0.3,0.3,726.5777080062794,780.4444444444445,0.14531554160125587,81.17283950617283,101.97530864197532,0.00474802131462127,1.0,1.0,1.0,14,8,2.2404493769651115,0,2.2404493769651115,False,False,False,True,0,629,4,0.4,0.3,0.3,balanced
1781349183169.051,0.4,0.3,0.3,701.9120879120877,748.6666666666666,0.14038241758241754,137.1604938271605,171.23456790123456,0.008483021602879287,1.0,1.0,1.0,16,8,2.241302126486169,0,2.241302126486169,False,False,False,True,0,630,4,0.4,0.3,0.3,balanced
1781349186291.275,0.4,0.3,0.3,693.1930926216639,737.6666666666666,0.1386386185243328,148.0268959435626,181.77395649617873,0.009207931684026859,1.0,1.0,1.0,17,8,2.241782173085059,0,2.241782173085059,False,False,False,True,0,631,4,0.4,0.3,0.3,balanced
1781349189317.6611,0.4,0.3,0.3,677.6530612244896,717.3333333333334,0.13553061224489793,142.65726043503818,181.91651969429748,0.00884971717378507,1.0,1.0,1.0,19,8,2.2431328399499053,0,2.2431328399499053,False,False,False,True,0,632,4,0.4,0.3,0.3,balanced
1781349192334.1292,0.4,0.3,0.3,671.309262166405,709.1111111111111,0.134261852433281,169.05129335684887,207.86449147560256,0.010610493219269438,1.0,1.0,1.0,20,8,2.2431121110609067,0,2.2431121110609067,False,False,False,True,0,633,4,0.4,0.3,0.3,balanced
1781349195358.304,0.4,0.3,0.3,677.9905808477235,718.1111111111111,0.1355981161695447,145.9722222222222,181.6416813639036,0.009070862056185604,1.0,1.0,1.0,19,8,2.2430394949153265,1,2.2430394949153265,False,False,False,True,0,634,4,0.4,0.3,0.3,balanced
1781349198675.4639,0.4,0.3,0.3,678.579277864992,720.0,0.1357158555729984,507.3841913644148,566.4639609808692,0.03318106680216243,0.8343799058084771,0.8506944444444444,0.8343799058084771,20,8,2.186073309472695,0,2.186073309472695,False,False,False,True,0,635,4,0.4,0.3,0.3,balanced
1781349205186.561,0.4,0.3,0.3,659.4835164835164,693.3333333333334,0.13189670329670328,136.50680595125039,171.48622981956316,0.00843941333897601,1.0,1.0,1.0,22,8,2.244709494679626,0,2.244709494679626,False,False,False,True,0,636,4,0.4,0.3,0.3,balanced
1781349208206.602,0.4,0.3,0.3,672.7802197802197,710.3333333333334,0.13455604395604392,126.49356869184456,162.64504652435687,0.007771418858695434,1.0,1.0,1.0,20,8,2.243846156759974,1,2.243846156759974,False,False,False,True,0,637,4,0.4,0.3,0.3,balanced
1781349211234.404,0.4,0.3,0.3,660.6483516483515,695.0,0.1321296703296703,150.23148148148147,187.40887713109936,0.009355002100165542,1.0,1.0,1.0,22,8,2.244341631238082,0,2.244341631238082,False,False,False,True,0,638,4,0.4,0.3,0.3,balanced
1781349214259.798,0.4,0.3,0.3,671.4882260596545,709.1111111111111,0.1342976452119309,150.71355085243974,190.55555555555554,0.009387161497827867,1.0,1.0,1.0,20,8,2.243464793465879,1,2.243464793465879,False,False,False,True,0,639,4,0.4,0.3,0.3,balanced
1781349217173.647,0.4,0.3,0.3,657.8822605965463,691.1111111111111,0.13157645211930927,135.67030705919595,174.75625197847418,0.008383609543642158,1.0,1.0,1.0,22,8,2.2448543362891837,0,2.2448543362891837,False,False,False,True,0,640,4,0.4,0.3,0.3,balanced
1781349220195.05,0.4,0.3,0.3,655.2668759811615,687.7777777777778,0.1310533751962323,162.20238095238093,201.38888888888889,0.010153594459798595,1.0,1.0,1.0,23,8,2.2445325715835676,0,2.2445325715835676,False,False,False,True,0,641,4,0.4,0.3,0.3,balanced
1781349223111.4011,0.4,0.3,0.3,662.1036106750392,696.2222222222222,0.13242072213500786,149.22285533396644,188.11807534029757,0.009287715499263938,1.0,1.0,1.0,22,8,2.2442453964962175,1,2.2442453964962175,False,False,False,True,0,642,4,0.4,0.3,0.3,balanced
1781349226024.7432,0.4,0.3,0.3,654.2794348508634,687.2222222222222,0.13085588697017267,188.63960113960113,240.9860715416271,0.011917251577024758,1.0,1.0,1.0,23,8,2.2440824697388235,0,2.2440824697388235,False,False,False,True,0,643,4,0.4,0.3,0.3,balanced
1781349229153.083,0.4,0.3,0.3,646.2919937205652,676.3333333333334,0.12925839874411305,233.8467052660601,326.2011763624667,0.01493306906377986,0.916971916971917,0.9423868312757201,0.916971916971917,25,8,2.218908294874796,0,2.218908294874796,False,False,False,True,0,644,4,0.4,0.3,0.3,balanced
1781349232077.806,0.4,0.3,0.3,639.5102040816327,668.8888888888889,0.12790204081632653,208.94499178981937,259.84948002189384,0.01327184735088855,1.0,1.0,1.0,26,8,2.244857629468203,0,2.244857629468203,False,False,False,True,0,645,4,0.4,0.3,0.3,balanced
1781349235001.97,0.4,0.3,0.3,638.883830455259,669.1111111111111,0.12777676609105182,205.0383141762452,259.8399014778325,0.013011228430703481,1.0,1.0,1.0,26,8,2.244985925034368,2,2.244985925034368,False,False,False,True,0,646,4,0.4,0.3,0.3,balanced
1781349241410.1118,0.4,0.3,0.3,632.0361067503925,659.4444444444445,0.1264072213500785,277.24279835390945,349.8765432098765,0.017828071938219444,1.0,1.0,1.0,28,8,2.244088689878503,0,2.244088689878503,False,False,False,True,0,647,4,0.4,0.3,0.3,balanced
1781349244231.098,0.4,0.3,0.3,631.9466248037676,658.4444444444445,0.1263893249607535,257.00176366843027,319.65020576131684,0.016477769424178137,1.0,1.0,1.0,29,8,2.244500939188445,0,2.244500939188445,False,False,False,True,0,648,4,0.4,0.3,0.3,balanced
1781349247053.022,0.4,0.3,0.3,620.8602825745683,645.5555555555555,0.12417205651491366,265.6194885361552,327.8071722516167,0.017052667680864254,1.0,1.0,1.0,32,8,2.2452153770897754,0,2.2452153770897754,False,False,False,True,0,649,4,0.4,0.3,0.3,balanced
1781349249871.491,0.4,0.3,0.3,617.3375196232339,640.4444444444445,0.12346750392464678,287.3378489326765,335.836070060208,0.018501524278364007,1.0,1.0,1.0,34,8,2.2450625411466323,0,2.2450625411466323,False,False,False,True,0,650,4,0.4,0.3,0.3,balanced
1781349252697.77,0.4,0.3,0.3,617.276295133438,639.0,0.1234552590266876,292.49044679600235,343.8492063492063,0.018845259959706626,1.0,1.0,1.0,35,8,2.244964318401413,0,2.244964318401413,False,False,False,True,0,651,4,0.4,0.3,0.3,balanced
1781349255514.097,0.4,0.3,0.3,613.2731554160124,633.5555555555555,0.12265463108320249,258.7786596119929,326.0214579659024,0.016596308179585916,1.0,1.0,1.0,37,8,2.2459592551128433,0,2.2459592551128433,False,False,False,True,0,652,4,0.4,0.3,0.3,balanced
1781349258236.5679,0.4,0.3,0.3,609.2417582417581,629.6666666666666,0.12184835164835163,312.74323927101705,392.7542621987066,0.020196346849300672,1.0,1.0,1.0,38,8,2.245201755285869,0,2.245201755285869,False,False,False,True,0,653,4,0.4,0.3,0.3,balanced
1781349260954.292,0.4,0.3,0.3,607.1255886970173,626.4444444444445,0.12142511773940345,330.1940035273368,409.70017636684304,0.02136050723998244,1.0,1.0,1.0,40,8,2.245021800732244,0,2.245021800732244,False,False,False,True,0,654,4,0.4,0.3,0.3,balanced
1781349263675.284,0.4,0.3,0.3,605.2605965463108,623.8888888888889,0.12105211930926216,340.67901234567904,422.18106995884773,0.022059974139138027,1.0,1.0,1.0,41,8,2.2449611600345536,0,2.2449611600345536,False,False,False,True,0,655,4,0.4,0.3,0.3,balanced
1781349266397.5042,0.4,0.3,0.3,603.3500784929356,621.2222222222222,0.12067001569858712,326.3198118753674,405.23809523809524,0.02110205549535473,1.0,1.0,1.0,43,8,2.2454013770719587,0,2.2454013770719587,False,False,False,True,0,656,4,0.4,0.3,0.3,balanced
1781349269114.771,0.4,0.3,0.3,599.353218210361,617.5555555555555,0.1198706436420722,357.8674309229864,452.8306878306878,0.02320663315029929,1.0,1.0,1.0,44,8,2.2450897525980813,0,2.2450897525980813,False,False,False,True,0,657,4,0.4,0.3,0.3,balanced
1781349271840.865,0.4,0.3,0.3,598.6389324960753,615.3333333333334,0.11972778649921506,398.5618753674309,486.5049970605526,0.025921405961803264,1.0,1.0,1.0,46,8,2.244332463611773,0,2.244332463611773,False,False,False,True,0,658,4,0.4,0.3,0.3,balanced
1781349278149.889,0.4,0.3,0.3,596.5368916797488,612.3333333333334,0.11930737833594976,384.6031746031746,476.7063492063492,0.02499020511028516,1.0,1.0,1.0,47,8,2.2447799871325347,0,2.2447799871325347,False,False,False,True,0,659,4,0.4,0.3,0.3,balanced
1781349280873.871,0.4,0.3,0.3,594.2433281004709,610.1111111111111,0.11884866562009418,434.61959496442256,529.6332785987959,0.028326857569341064,1.0,1.0,1.0,49,8,2.24396247648116,0,2.24396247648116,False,False,False,True,0,660,4,0.4,0.3,0.3,balanced
1781349283698.2988,0.4,0.3,0.3,506.105180533752,547.4444444444445,0.1012210361067504,569.5426245210728,782.5807790549171,0.0373277267859288,0.8840469874952634,0.9195402298850576,0.8840469874952634,50,8,2.2135273637701003,0,2.2135273637701003,False,False,False,True,0,661,4,0.4,0.3,0.3,balanced
1781349286411.6,0.4,0.3,0.3,590.8618524332809,606.0,0.11817237048665617,437.6382047071702,540.2640941434045,0.028528232468790538,1.0,1.0,1.0,52,8,2.2441725820647003,0,2.2441725820647003,False,False,False,True,0,662,4,0.4,0.3,0.3,balanced
1781349289133.018,0.4,0.3,0.3,591.480376766091,605.8888888888889,0.1182960753532182,451.55788177339906,551.4340448823208,0.029456830004896534,1.0,1.0,1.0,53,8,2.2438445208572437,0,2.2438445208572437,False,False,False,True,0,663,4,0.4,0.3,0.3,balanced
1781349291757.447,0.4,0.3,0.3,589.7032967032966,603.8888888888889,0.11794065934065932,440.44476100031653,539.6359607470717,0.028715461040714912,1.0,1.0,1.0,55,8,2.2442090979515217,0,2.2442090979515217,False,False,False,True,0,664,4,0.4,0.3,0.3,balanced
1781349294380.8801,0.4,0.3,0.3,591.2684458398744,605.8888888888889,0.11825368916797488,455.90218423551755,565.371953149731,0.029746643377953137,1.0,1.0,1.0,53,8,2.243774531319424,1,2.243774531319424,False,False,False,True,0,665,4,0.4,0.3,0.3,balanced
1781349297102.597,0.4,0.3,0.3,591.7755102040816,606.2222222222222,0.11835510204081631,373.44280240831966,471.97454844006575,0.024245683949854546,1.0,1.0,1.0,52,8,2.245384253998717,1,2.245384253998717,False,False,False,True,0,666,4,0.4,0.3,0.3,balanced
1781349299820.362,0.4,0.3,0.3,591.10989010989,605.1111111111111,0.118221978021978,438.75,533.968253968254,0.02860240160106738,1.0,1.0,1.0,53,8,2.244130488310889,0,2.244130488310889,False,False,False,True,0,667,4,0.4,0.3,0.3,balanced
1781349302542.771,0.4,0.3,0.3,591.1664050235478,606.4444444444445,0.11823328100470956,412.1428571428571,510.0396825396825,0.0268274087486896,1.0,1.0,1.0,52,8,2.2446584649735093,1,2.2446584649735093,False,False,False,True,0,668,4,0.4,0.3,0.3,balanced
1781349305365.012,0.4,0.3,0.3,504.25588697017264,545.2222222222222,0.10085117739403453,383.1188769414576,430.25209080047784,0.024891185920043867,0.8398744113029827,0.8888888888888888,0.8398744113029827,53,8,2.2041544966572677,0,2.2041544966572677,False,False,False,True,0,669,4,0.4,0.3,0.3,balanced
1781349308086.574,0.4,0.3,0.3,591.5494505494505,605.4444444444445,0.1183098901098901,487.57348618459724,605.9200470311582,0.031859472060346714,1.0,1.0,1.0,55,8,2.24311820233794,0,2.24311820233794,False,False,False,True,0,670,4,0.4,0.3,0.3,balanced
1781349314387.97,0.4,0.3,0.3,589.0675039246468,603.2222222222222,0.11781350078492935,473.82799671592767,582.5602079912426,0.03094249477758023,1.0,1.0,1.0,56,8,2.243591851252754,0,2.243591851252754,False,False,False,True,0,671,4,0.4,0.3,0.3,balanced
1781349317012.9932,0.4,0.3,0.3,588.8806907378336,602.0,0.11777613814756671,499.98971193415633,616.2314023425135,0.032687772644039784,1.0,1.0,1.0,58,8,2.243083212947761,0,2.243083212947761,False,False,False,True,0,672,4,0.4,0.3,0.3,balanced
1781349319636.222,0.4,0.3,0.3,586.9843014128728,600.5555555555555,0.11739686028257457,490.872111427667,601.1301044634379,0.0320795271132533,1.0,1.0,1.0,59,8,2.243417397752994,0,2.243417397752994,False,False,False,True,0,673,4,0.4,0.3,0.3,balanced
1781349322261.527,0.4,0.3,0.3,586.5416012558869,599.3333333333334,0.11730832025117738,484.7516166960611,595.4717813051145,0.031671221927689196,1.0,1.0,1.0,61,8,2.2435753053212224,0,2.2435753053212224,False,False,False,True,0,674,4,0.4,0.3,0.3,balanced
1781349324876.598,0.4,0.3,0.3,581.25431711146,593.5555555555555,0.11625086342229199,549.5943562610229,669.6884185773075,0.03599695505410426,1.0,1.0,1.0,64,8,2.2427005681148517,0,2.2427005681148517,False,False,False,True,0,675,4,0.4,0.3,0.3,balanced
1781349327496.205,0.4,0.3,0.3,582.2653061224489,594.4444444444445,0.11645306122448978,579.917695473251,699.7942386831276,0.038019859604619816,1.0,1.0,1.0,65,8,2.2420128176288183,0,2.2420128176288183,False,False,False,True,0,676,4,0.4,0.3,0.3,balanced
1781349330116.711,0.4,0.3,0.3,581.0627943485085,592.7777777777778,0.11621255886970171,616.0758377425043,742.9659024103469,0.040432010523182405,1.0,1.0,1.0,65,8,2.2413853732951647,2,2.2413853732951647,False,False,False,True,0,677,4,0.4,0.3,0.3,balanced
1781349332737.192,0.4,0.3,0.3,580.6781789638933,592.4444444444445,0.11613563579277866,635.922251616696,756.9988242210464,0.04175598743273489,1.0,1.0,1.0,67,8,2.241018949453068,0,2.241018949453068,False,False,False,True,0,678,4,0.4,0.3,0.3,balanced
1781349335359.876,0.4,0.3,0.3,580.6891679748823,593.1111111111111,0.11613783359497645,640.432098765432,776.6975308641975,0.04205684448068259,1.0,1.0,1.0,65,8,2.2409278132178048,1,2.2409278132178048,False,False,False,True,0,679,4,0.4,0.3,0.3,balanced
1781349337981.2961,0.4,0.3,0.3,581.7158555729984,594.1111111111111,0.11634317111459969,541.5307172251617,686.550558495003,0.035459020495341005,1.0,1.0,1.0,64,8,2.242825025405558,1,2.242825025405558,False,False,False,True,0,680,4,0.4,0.3,0.3,balanced
1781349340607.6929,0.4,0.3,0.3,582.4379905808478,594.4444444444445,0.11648759811616956,579.9845679012346,734.5825984714874,0.038024320740576024,1.0,1.0,1.0,65,8,2.2419976645313593,0,2.2419976645313593,False,False,False,True,0,681,4,0.4,0.3,0.3,balanced
1781349343231.148,0.4,0.3,0.3,580.0596546310832,592.3333333333334,0.11601193092621663,588.9057907113462,711.491769547325,0.03861946569121722,1.0,1.0,1.0,67,8,2.242009387922148,0,2.242009387922148,False,False,False,True,0,682,4,0.4,0.3,0.3,balanced
1781349349548.9832,0.4,0.3,0.3,578.2935635792778,589.7777777777778,0.11565871271585557,625.5533509700175,772.6763668430335,0.04106426624216261,1.0,1.0,1.0,68,8,2.241417235041009,0,2.241417235041009,False,False,False,True,0,683,4,0.4,0.3,0.3,balanced
1781349352171.207,0.4,0.3,0.3,578.1334379905808,589.4444444444445,0.11562668759811616,598.4964726631393,733.8330393885949,0.03925927102489255,1.0,1.0,1.0,67,8,2.241971543653286,1,2.241971543653286,False,False,False,True,0,684,4,0.4,0.3,0.3,balanced
1781349354793.855,0.4,0.3,0.3,580.0047095761381,592.3333333333334,0.11600094191522763,580.1044634377968,712.3266856600189,0.03803231910859218,1.0,1.0,1.0,65,8,2.2421899275013315,1,2.2421899275013315,False,False,False,True,0,685,4,0.4,0.3,0.3,balanced
1781349357416.77,0.4,0.3,0.3,581.309262166405,593.0,0.11626185243328101,576.0684891240447,696.9194591416813,0.03776307465804168,1.0,1.0,1.0,64,8,2.2421663366292752,1,2.2421663366292752,False,False,False,True,0,686,4,0.4,0.3,0.3,balanced
1781349360031.137,0.4,0.3,0.3,584.3328100470957,596.8888888888889,0.11686656200941914,513.5810383032606,653.8097499208611,0.033594465530571084,1.0,1.0,1.0,61,8,2.243175035537061,1,2.243175035537061,False,False,False,True,0,687,4,0.4,0.3,0.3,balanced
1781349362759.917,0.4,0.3,0.3,587.0156985871271,600.5555555555555,0.11740313971742541,504.6509406231628,609.4723691945915,0.03299872852722901,1.0,1.0,1.0,59,8,2.243139125554861,1,2.243139125554861,False,False,False,True,0,688,4,0.4,0.3,0.3,balanced
1781349365384.185,0.4,0.3,0.3,588.5039246467817,601.5555555555555,0.11770078492935633,457.38683127572017,565.125039569484,0.029845685875631765,1.0,1.0,1.0,58,8,2.243965980265568,1,2.243965980265568,False,False,False,True,0,689,4,0.4,0.3,0.3,balanced
1781349368107.739,0.4,0.3,0.3,590.6043956043956,604.7777777777778,0.11812087912087911,462.7270723104057,585.9979423868313,0.030201939446991705,1.0,1.0,1.0,56,8,2.2436910665175507,1,2.2436910665175507,False,False,False,True,0,690,4,0.4,0.3,0.3,balanced
1781349370732.842,0.4,0.3,0.3,588.9497645211931,603.4444444444445,0.11778995290423862,455.15748654637537,550.3497942386831,0.02969696374558875,1.0,1.0,1.0,55,8,2.243974929714628,1,2.243974929714628,False,False,False,True,0,691,4,0.4,0.3,0.3,balanced
1781349373453.4458,0.4,0.3,0.3,593.1067503924646,608.3333333333334,0.11862135007849292,402.04775588396274,505.4802955665025,0.026153953027615928,1.0,1.0,1.0,53,8,2.244705274060318,1,2.244705274060318,False,False,False,True,0,692,4,0.4,0.3,0.3,balanced
1781349376178.644,0.4,0.3,0.3,592.0345368916797,606.6666666666666,0.11840690737833595,452.87287903667215,542.8516694033935,0.029544554972426428,1.0,1.0,1.0,52,8,2.2437738705569377,1,2.2437738705569377,False,False,False,True,0,693,4,0.4,0.3,0.3,balanced
1781349378893.831,0.4,0.3,0.3,593.4662480376766,608.6666666666666,0.11869324960753531,470.8641975308642,558.2054673721341,0.030744776352959587,1.0,1.0,1.0,50,8,2.243299267251098,1,2.243299267251098,False,False,False,True,0,694,4,0.4,0.3,0.3,balanced
1781349385195.219,0.4,0.3,0.3,591.320251177394,605.8888888888889,0.1182640502354788,645.1238368910782,764.8508483853311,0.04236983568319401,1.0,1.0,1.0,52,8,2.2399834292008505,0,2.2399834292008505,False,False,False,True,0,695,4,0.4,0.3,0.3,balanced
1781349388109.305,0.4,0.3,0.3,500.48979591836735,543.3333333333334,0.10009795918367347,4980.599163679809,4667.324970131422,0.33159434047230213,0.8331392110193954,0.8853046594982079,0.8331392110193954,53,8,2.1104242774906585,0,2.1104242774906585,False,False,False,True,0,696,4,0.4,0.3,0.3,balanced
1781349390832.9102,0.4,0.3,0.3,590.4866562009419,605.4444444444445,0.11809733124018837,466.7901234567901,561.6049382716051,0.0304729902239353,1.0,1.0,1.0,52,8,2.243619170436744,1,2.243619170436744,False,False,False,True,0,697,4,0.4,0.3,0.3,balanced
1781349393554.617,0.4,0.3,0.3,591.7739403453688,607.6666666666666,0.11835478806907376,457.02595758151307,558.1370686926243,0.029821611579820752,1.0,1.0,1.0,50,8,2.243711601298424,1,2.243711601298424,False,False,False,True,0,698,4,0.4,0.3,0.3,balanced
1781349396281.282,0.4,0.3,0.3,593.5714285714286,609.2222222222222,0.11871428571428572,454.29255610290085,547.8243021346469,0.029639263249026073,1.0,1.0,1.0,49,8,2.2436225067395776,1,2.2436225067395776,False,False,False,True,0,699,4,0.4,0.3,0.3,balanced
1781349398998.9841,0.4,0.3,0.3,597.3249607535322,613.8888888888889,0.11946499215070644,409.6854791299235,510.39388594944154,0.02666347425816701,1.0,1.0,1.0,47,8,2.2442149608622675,1,2.2442149608622675,False,False,False,True,0,700,4,0.4,0.3,0.3,balanced
1781349401724.188,0.4,0.3,0.3,595.149136577708,612.1111111111111,0.1190298273155416,425.65854926966034,531.500814000814,0.027729055988636446,1.0,1.0,1.0,46,8,2.2440693522771924,1,2.2440693522771924,False,False,False,True,0,701,4,0.4,0.3,0.3,balanced
1781349404442.917,0.4,0.3,0.3,600.0502354788068,617.0,0.12001004709576137,404.2636684303351,496.99882422104645,0.026301779081409946,1.0,1.0,1.0,44,8,2.2441054474372724,1,2.2441054474372724,False,False,False,True,0,702,4,0.4,0.3,0.3,balanced
1781349407166.085,0.4,0.3,0.3,601.9105180533751,619.6666666666666,0.12038210361067501,363.7632275132275,459.4900058788948,0.023599948466526185,1.0,1.0,1.0,43,8,2.244767174015772,1,2.244767174015772,False,False,False,True,0,703,4,0.4,0.3,0.3,balanced
1781349409890.2039,0.4,0.3,0.3,604.1271585557299,622.6666666666666,0.12082543171114599,355.9354791299235,433.1995884773662,0.02307775044228976,1.0,1.0,1.0,41,8,2.2447465021828545,1,2.2447465021828545,False,False,False,True,0,704,4,0.4,0.3,0.3,balanced
1781349412613.7131,0.4,0.3,0.3,601.3406593406593,619.8888888888889,0.12026813186813186,367.82627865961194,437.80129335684893,0.023870999243469776,1.0,1.0,1.0,43,8,2.2447314474797064,0,2.2447314474797064,False,False,False,True,0,705,4,0.4,0.3,0.3,balanced
1781349415443.736,0.4,0.3,0.3,603.7974882260596,622.4444444444445,0.12075949764521192,337.8427750410509,420.16009852216746,0.02187076551307878,1.0,1.0,1.0,41,8,2.2451349712879916,1,2.2451349712879916,False,False,False,True,0,706,4,0.4,0.3,0.3,balanced
1781349421746.191,0.4,0.3,0.3,606.8854003139717,626.3333333333334,0.12137708006279434,333.6514719848053,418.37290281734727,0.021591158904923635,1.0,1.0,1.0,40,8,2.2449718203034053,1,2.2449718203034053,False,False,False,True,0,707,4,0.4,0.3,0.3,balanced
1781349424460.257,0.4,0.3,0.3,608.3108320251176,628.3333333333334,0.12166216640502353,303.67125672681226,371.40075973409307,0.019591144544817363,1.0,1.0,1.0,38,8,2.2454577900745454,1,2.2454577900745454,False,False,False,True,0,708,4,0.4,0.3,0.3,balanced
1781349427282.757,0.4,0.3,0.3,610.6373626373627,631.6666666666666,0.12212747252747254,286.02703277990634,362.9685377769669,0.018414078237485414,0.9960192868356135,0.9960317460317462,0.9960192868356135,37,8,2.2444305735684495,1,2.2444305735684495,False,False,False,True,0,709,4,0.4,0.3,0.3,balanced
1781349430701.949,0.4,0.3,0.3,617.4835164835164,639.1111111111111,0.12349670329670327,857.2219437482594,1171.1203007518795,0.056519142344780476,0.6465720149930676,0.7350755859527789,0.6465720149930676,35,8,2.127617180475805,1,2.127617180475805,False,False,False,True,0,710,4,0.4,0.3,0.3,balanced
1781349433422.7468,0.4,0.3,0.3,617.9733124018837,640.7777777777778,0.12359466248037675,291.54716682494455,371.3247863247863,0.018782332676780825,1.0,1.0,1.0,34,8,2.244927435204815,1,2.244927435204815,False,False,False,True,0,711,4,0.4,0.3,0.3,balanced
1781349436236.9722,0.4,0.3,0.3,623.2339089481945,647.0,0.12464678178963891,239.61275314723585,306.4313081554461,0.0153177286956128,1.0,1.0,1.0,32,8,2.2455459686754606,1,2.2455459686754606,False,False,False,True,0,712,4,0.4,0.3,0.3,balanced
1781349439055.9321,0.4,0.3,0.3,630.8602825745683,657.7777777777778,0.12617205651491364,224.09097589653143,281.6387419165197,0.01428225322858782,1.0,1.0,1.0,29,8,2.2452465014254583,1,2.2452465014254583,False,False,False,True,0,713,4,0.4,0.3,0.3,balanced
1781349441875.334,0.4,0.3,0.3,633.335949764521,660.5555555555555,0.1266671899529042,202.38021751910642,258.40388007054673,0.012833903770454064,1.0,1.0,1.0,28,8,2.245482952887702,1,2.245482952887702,False,False,False,True,0,714,4,0.4,0.3,0.3,balanced
1781349445004.5928,0.4,0.3,0.3,640.6279434850862,669.8888888888889,0.12812558869701723,411.340992490186,563.1531618023554,0.026773915442974385,0.8602319339646528,0.8909050179211468,0.8602319339646528,26,8,2.1987871700776966,1,2.1987871700776966,False,False,False,True,0,715,4,0.4,0.3,0.3,balanced
1781349447929.869,0.4,0.3,0.3,643.8147566718995,674.1111111111111,0.1287629513343799,1486.6350676072898,1558.993239271017,0.09850800984705069,1.0,1.0,1.0,25,8,2.218942416512133,1,2.218942416512133,False,False,False,True,0,716,4,0.4,0.3,0.3,balanced
1781349450852.343,0.4,0.3,0.3,654.425431711146,687.3333333333334,0.1308850863422292,172.1796002351558,231.78277483833043,0.010819186139770233,1.0,1.0,1.0,23,8,2.244400209621177,1,2.244400209621177,False,False,False,True,0,717,4,0.4,0.3,0.3,balanced
1781349457358.336,0.4,0.3,0.3,659.8618524332809,693.8888888888889,0.13197237048665617,154.9529688418577,199.40623162845384,0.009669977908062555,1.0,1.0,1.0,22,8,2.2443100584329185,1,2.2443100584329185,False,False,False,True,0,718,4,0.4,0.3,0.3,balanced
1781349460384.827,0.4,0.3,0.3,670.1350078492935,707.4444444444445,0.1340270015698587,160.1793062904174,207.06496178718402,0.01001863284125533,1.0,1.0,1.0,20,8,2.2433836095196797,1,2.2433836095196797,False,False,False,True,0,719,4,0.4,0.3,0.3,balanced
1781349463508.301,0.4,0.3,0.3,677.4945054945055,717.4444444444445,0.1354989010989011,290.45829649277925,376.2039493073976,0.018709692894781804,0.903639546004078,0.9332056194125159,0.903639546004078,19,8,2.2112793954932286,1,2.2112793954932286,False,False,False,True,0,720,4,0.4,0.3,0.3,balanced
1781349466532.045,0.4,0.3,0.3,669.1883830455259,706.7777777777778,0.1338376766091052,218.2576425631981,262.8248089359201,0.013893104907484863,1.0,1.0,1.0,20,8,2.2422969978841123,0,2.2422969978841123,False,False,False,True,0,721,4,0.4,0.3,0.3,balanced
1781349469550.373,0.4,0.3,0.3,675.2307692307692,714.4444444444445,0.13504615384615384,182.40961199294532,231.40652557319223,0.011501641894125772,1.0,1.0,1.0,19,8,2.2425310458933008,1,2.2425310458933008,False,False,False,True,0,722,4,0.4,0.3,0.3,balanced
1781349472672.577,0.4,0.3,0.3,694.8335949764521,739.1111111111111,0.13896671899529042,111.31677106772891,141.266344341057,0.0067589573760993265,0.9942812289751066,0.9960317460317462,0.9942812289751066,17,8,2.240669993881586,1,2.240669993881586,False,False,False,True,0,723,4,0.4,0.3,0.3,balanced
1781349475695.2751,0.4,0.3,0.3,677.6043956043956,716.6666666666666,0.13552087912087912,214.54805996472663,259.19459141681364,0.013645634420595507,0.9960192868356135,0.9960317460317462,0.9960192868356135,19,8,2.240503744076154,0,2.240503744076154,False,False,False,True,0,724,4,0.4,0.3,0.3,balanced
1781349478712.97,0.4,0.3,0.3,692.0706436420722,736.6666666666666,0.13841412872841444,174.49746755302309,217.0196264640709,0.010973813712676656,0.9940694226408512,0.9958847736625516,0.9940694226408512,17,8,2.2395630311870867,1,2.2395630311870867,False,False,False,True,0,725,4,0.4,0.3,0.3,balanced
1781349481826.8682,0.4,0.3,0.3,701.6122448979593,748.3333333333334,0.14032244897959184,164.5465902410347,199.8794826572604,0.010309979335626064,1.0,1.0,1.0,16,8,2.2407780266074755,1,2.2407780266074755,False,False,False,True,0,726,4,0.4,0.3,0.3,balanced
1781349485045.422,0.4,0.3,0.3,725.0800627943485,778.2222222222222,0.1450160125588697,154.5730452674897,185.55555555555554,0.009644632773014656,1.0,1.0,1.0,14,8,2.2391002051445477,1,2.2391002051445477,False,False,False,True,0,727,4,0.4,0.3,0.3,balanced
1781349491862.333,0.4,0.3,0.3,739.0188383045526,796.8888888888889,0.14780376766091052,120.92038619816397,156.77904400126624,0.007399625496875515,1.0,1.0,1.0,13,8,2.238658605286573,1,2.238658605286573,False,False,False,True,0,728,4,0.4,0.3,0.3,balanced
1781349495282.889,0.4,0.3,0.3,773.9921507064363,842.7777777777778,0.15479843014128725,2149.9203522814632,2285.451657396102,0.14275652783732243,0.9901530819898167,0.9919165196942975,0.9901530819898167,11,8,2.192299594189233,1,2.192299594189233,False,False,False,True,0,729,4,0.4,0.3,0.3,balanced
1781349498810.4392,0.4,0.3,0.3,798.5855572998429,873.1111111111111,0.15971711145996859,70.72898295120518,99.35626102292768,0.004051299729900279,1.0,1.0,1.0,10,8,2.2348977654970423,1,2.2348977654970423,False,False,False,True,0,730,4,0.4,0.3,0.3,balanced
1781349502232.423,0.4,0.3,0.3,775.3736263736263,843.4444444444445,0.15507472527472527,105.69958847736626,142.1928277483833,0.006384228717636175,1.0,1.0,1.0,11,8,2.236054841274819,0,2.236054841274819,False,False,False,True,0,731,4,0.4,0.3,0.3,balanced
1781349505447.3318,0.4,0.3,0.3,739.7645211930926,797.8888888888889,0.1479529042386185,75.36087369420702,96.07154162709718,0.0043602984452439635,1.0,1.0,1.0,13,8,2.2395107487709796,0,2.2395107487709796,False,False,False,True,0,732,4,0.4,0.3,0.3,balanced
1781349508659.7122,0.4,0.3,0.3,724.2307692307693,778.3333333333334,0.14484615384615385,99.04467960023516,127.06055261610817,0.005940272154785534,1.0,1.0,1.0,14,8,2.2402794568151028,0,2.2402794568151028,False,False,False,True,0,733,4,0.4,0.3,0.3,balanced
1781349511772.826,0.4,0.3,0.3,703.342229199372,750.6666666666666,0.1406684458398744,96.17577895355673,122.59994121105234,0.00574888451991706,1.0,1.0,1.0,16,8,2.242007956308075,0,2.242007956308075,False,False,False,True,0,734,4,0.4,0.3,0.3,balanced
1781349514891.854,0.4,0.3,0.3,694.4662480376765,739.0,0.1388932496075353,204.32980599647266,246.04056437389767,0.012963963041792705,0.9942812289751066,0.9960317460317462,0.9942812289751066,17,8,2.23883787993698,0,2.23883787993698,False,False,False,True,0,735,4,0.4,0.3,0.3,balanced
1781349517908.3718,0.4,0.3,0.3,677.9497645211931,717.7777777777778,0.13558995290423861,122.71384479717813,154.5870076425632,0.0075192691659224905,1.0,1.0,1.0,19,8,2.243508238088528,0,2.243508238088528,False,False,False,True,0,736,4,0.4,0.3,0.3,balanced
1781349520928.996,0.4,0.3,0.3,669.6844583987441,707.7777777777778,0.13393689167974882,129.3364197530864,165.84068195179304,0.007961068696003095,1.0,1.0,1.0,20,8,2.2440369227192996,0,2.2440369227192996,False,False,False,True,0,737,4,0.4,0.3,0.3,balanced
1781349527430.299,0.4,0.3,0.3,659.419152276295,694.0,0.131883830455259,145.84362139917695,182.22222222222223,0.009062282948577515,1.0,1.0,1.0,22,8,2.2445277829333232,0,2.2445277829333232,False,False,False,True,0,738,4,0.4,0.3,0.3,balanced
1781349530349.333,0.4,0.3,0.3,654.0737833594975,687.0,0.1308147566718995,144.14021164021162,187.23251028806584,0.008948646540374357,1.0,1.0,1.0,23,8,2.244989503369128,0,2.244989503369128,False,False,False,True,0,739,4,0.4,0.3,0.3,balanced
1781349533275.348,0.4,0.3,0.3,644.5368916797488,675.2222222222222,0.12890737833594976,179.1820987654321,223.33039388594943,0.011286330804898739,1.0,1.0,1.0,25,8,2.2450511494241505,0,2.2450511494241505,False,False,False,True,0,740,4,0.4,0.3,0.3,balanced
1781349536200.513,0.4,0.3,0.3,640.7817896389324,670.2222222222222,0.12815635792778649,240.5986590038314,295.60207991242476,0.015383499599988752,1.0,1.0,1.0,26,8,2.2441224069488888,0,2.2441224069488888,False,False,False,True,0,741,4,0.4,0.3,0.3,balanced
1781349539020.59,0.4,0.3,0.3,631.4693877551019,658.7777777777778,0.1262938775510204,231.04423868312756,290.89506172839504,0.01474611332108923,1.0,1.0,1.0,28,8,2.245058614983265,0,2.245058614983265,False,False,False,True,0,742,4,0.4,0.3,0.3,balanced
1781349541844.7039,0.4,0.3,0.3,629.4018838304552,655.4444444444445,0.12588037676609104,239.2982069370958,295.92151675485013,0.015296744959112462,1.0,1.0,1.0,29,8,2.2450588258058297,0,2.2450588258058297,False,False,False,True,0,743,4,0.4,0.3,0.3,balanced
1781349544669.232,0.4,0.3,0.3,622.1318681318681,645.6666666666666,0.12442637362637363,254.82142857142858,322.93650793650795,0.016332316782616985,1.0,1.0,1.0,32,8,2.2453297555146654,0,2.2453297555146654,False,False,False,True,0,744,4,0.4,0.3,0.3,balanced
1781349547493.505,0.4,0.3,0.3,621.8100470957614,646.0,0.12436200941915229,324.3807902045449,408.648715765574,0.020972701147734817,1.0,1.0,1.0,32,8,2.243963385888019,2,2.243963385888019,False,False,False,True,0,745,4,0.4,0.3,0.3,balanced
1781349550317.403,0.4,0.3,0.3,616.9670329670329,639.4444444444445,0.12339340659340657,338.5762178434592,394.7454844006568,0.02191969431911002,1.0,1.0,1.0,34,8,2.2440667290669043,0,2.2440667290669043,False,False,False,True,0,746,4,0.4,0.3,0.3,balanced
1781349553037.341,0.4,0.3,0.3,613.7551020408163,636.2222222222222,0.12275102040816326,376.9294080405191,451.8676796454574,0.02447827938896058,1.0,1.0,1.0,35,8,2.2435561080200466,0,2.2435561080200466,False,False,False,True,0,747,4,0.4,0.3,0.3,balanced
1781349555763.819,0.4,0.3,0.3,613.8995290423862,635.4444444444445,0.12277990580847725,316.41975308641975,379.95884773662556,0.02044161127994795,1.0,1.0,1.0,35,8,2.2447555542926247,2,2.2447555542926247,False,False,False,True,0,748,4,0.4,0.3,0.3,balanced
1781349558490.422,0.4,0.3,0.3,611.2150706436421,632.2222222222222,0.12224301412872841,314.36530547641655,391.5194681861349,0.02030455673625194,1.0,1.0,1.0,37,8,2.245011427327633,0,2.245011427327633,False,False,False,True,0,749,4,0.4,0.3,0.3,balanced
1781349564904.0378,0.4,0.3,0.3,611.1302982731554,631.6666666666666,0.12222605965463108,385.9315514200572,493.6135437572219,0.025078822643099213,0.9921758396424125,0.9922003284072249,0.9921758396424125,38,8,2.2412386812379417,0,2.2412386812379417,False,False,False,True,0,750,4,0.4,0.3,0.3,balanced
1781349568029.57,0.4,0.3,0.3,444.8822605965463,498.0,0.08897645211930925,212.45899470899468,245.5837742504409,0.013506270494262488,0.7205651491365777,0.7777777777777778,0.7205651491365777,37,8,2.176527082744971,1,2.176527082744971,False,False,False,True,0,751,4,0.4,0.3,0.3,balanced
1781349570752.686,0.4,0.3,0.3,610.7739403453689,630.4444444444445,0.12215478806907379,292.26224392891055,368.68086645864423,0.018830036286118117,0.9942812289751065,0.9960317460317459,0.9942812289751065,38,8,2.243773442579067,0,2.243773442579067,False,False,False,True,0,752,4,0.4,0.3,0.3,balanced
1781349573470.728,0.4,0.3,0.3,611.1632653061224,632.4444444444445,0.12223265306122448,280.6106701940035,357.88947677836563,0.018052746510607304,1.0,1.0,1.0,37,8,2.245691114822328,1,2.245691114822328,False,False,False,True,0,753,4,0.4,0.3,0.3,balanced
1781349576194.029,0.4,0.3,0.3,611.7441130298272,631.5555555555555,0.12234882260596544,281.32789535567315,353.584656084656,0.018100593419324428,1.0,1.0,1.0,38,8,2.2456302929318164,0,2.2456302929318164,False,False,False,True,0,754,4,0.4,0.3,0.3,balanced
1781349578918.4111,0.4,0.3,0.3,611.1538461538461,631.8888888888889,0.12223076923076921,294.11596119929453,379.4767783656673,0.018953699879872884,1.0,1.0,1.0,37,8,2.2454215823437305,1,2.2454215823437305,False,False,False,True,0,755,4,0.4,0.3,0.3,balanced
1781349581639.7542,0.4,0.3,0.3,609.6279434850862,630.2222222222222,0.12192558869701725,302.1406525573192,397.7395649617872,0.01948903619461769,1.0,1.0,1.0,38,8,2.245383053662808,0,2.245383053662808,False,False,False,True,0,756,4,0.4,0.3,0.3,balanced
1781349584361.684,0.4,0.3,0.3,606.3971742543172,625.2222222222222,0.12127943485086344,321.2360376249265,422.15608465608466,0.020762911115738927,1.0,1.0,1.0,40,8,2.2452593527249327,0,2.2452593527249327,False,False,False,True,0,757,4,0.4,0.3,0.3,balanced
1781349587084.531,0.4,0.3,0.3,605.065934065934,623.6666666666666,0.1210131868131868,325.1293356848912,410.0352733686066,0.02102263747063984,1.0,1.0,1.0,41,8,2.2452879340335334,0,2.2452879340335334,False,False,False,True,0,758,4,0.4,0.3,0.3,balanced
1781349589802.86,0.4,0.3,0.3,599.4756671899528,618.3333333333334,0.11989513343799056,366.0214579659024,453.30687830687833,0.023750597596124245,1.0,1.0,1.0,43,8,2.2449167673459667,0,2.2449167673459667,False,False,False,True,0,759,4,0.4,0.3,0.3,balanced
1781349592523.377,0.4,0.3,0.3,600.1083202511774,617.7777777777778,0.12002166405023547,328.61037624926513,424.6164021164021,0.021254861657722824,0.9958510876878224,0.9960317460317462,0.9958510876878224,44,8,2.244370202188936,0,2.244370202188936,False,False,False,True,0,760,4,0.4,0.3,0.3,balanced
1781349598821.056,0.4,0.3,0.3,599.0565149136577,615.3333333333334,0.11981130298273153,348.2921810699589,435.026455026455,0.02256785730953695,1.0,1.0,1.0,46,8,2.245305121614046,0,2.245305121614046,False,False,False,True,0,761,4,0.4,0.3,0.3,balanced
1781349601545.643,0.4,0.3,0.3,600.7770800627942,618.5555555555555,0.12015541601255884,331.984126984127,394.0079365079365,0.021479928417887057,1.0,1.0,1.0,44,8,2.2454938550696104,1,2.2454938550696104,False,False,False,True,0,762,4,0.4,0.3,0.3,balanced
1781349604265.8948,0.4,0.3,0.3,600.0502354788069,616.6666666666666,0.1200100470957614,325.5466611932129,414.2145593869732,0.02105047773136844,1.0,1.0,1.0,46,8,2.245680837842285,0,2.245680837842285,False,False,False,True,0,763,4,0.4,0.3,0.3,balanced
1781349606988.3389,0.4,0.3,0.3,597.6562009419152,614.1111111111111,0.11953124018838304,382.9809797482211,467.2290640394088,0.02488198664097539,1.0,1.0,1.0,47,8,2.244722907932354,0,2.244722907932354,False,False,False,True,0,764,4,0.4,0.3,0.3,balanced
1781349609709.379,0.4,0.3,0.3,601.2810047095761,617.5555555555555,0.12025620094191522,348.11097427476733,437.8886152162014,0.022555768797516165,1.0,1.0,1.0,46,8,2.245130788983979,1,2.245130788983979,False,False,False,True,0,765,4,0.4,0.3,0.3,balanced
1781349613125.632,0.4,0.3,0.3,401.9010989010989,410.6666666666667,0.08038021978021978,243.89648664343787,297.9233126855078,0.01560350144385843,0.6703296703296704,0.6666666666666666,0.6703296703296704,46,8,2.1642657627536557,2,2.1642657627536557,False,False,False,True,0,766,4,0.4,0.3,0.3,balanced
1781349616248.16,0.4,0.3,0.3,436.12872841444266,479.77777777777777,0.08722574568288853,306.771164021164,346.26190476190476,0.019797942896675382,0.7284144427001569,0.7777777777777778,0.7284144427001569,47,8,2.1776946516678892,0,2.1776946516678892,False,False,False,True,0,767,4,0.4,0.3,0.3,balanced
1781349618970.9539,0.4,0.3,0.3,598.5996860282575,615.1111111111111,0.1197199372056515,378.3534786839384,466.69018224573784,0.024573280766106632,1.0,1.0,1.0,46,8,2.2447400408879075,1,2.2447400408879075,False,False,False,True,0,768,4,0.4,0.3,0.3,balanced
1781349621694.175,0.4,0.3,0.3,601.8791208791208,618.8888888888889,0.12037582417582417,353.3531746031746,443.25396825396825,0.022905481961519317,1.0,1.0,1.0,44,8,2.2449780257412146,1,2.2449780257412146,False,False,False,True,0,769,4,0.4,0.3,0.3,balanced
1781349624410.466,0.4,0.3,0.3,597.5557299843014,614.1111111111111,0.11951114599686027,393.66916519694297,504.9588477366255,0.025595007684919478,0.9960192868356135,0.9960317460317462,0.9960192868356135,46,8,2.243322825346464,0,2.243322825346464,False,False,False,True,0,770,4,0.4,0.3,0.3,balanced
1781349628638.1372,0.4,0.3,0.3,600.4160125588696,618.5555555555555,0.12008320251177393,2739.646302087367,3216.093591695034,0.18209781868494776,0.46771438300794915,0.5347265524502841,0.46771438300794915,47,8,2.0376516882921907,0,2.0376516882921907,False,False,False,True,0,771,4,0.4,0.3,0.3,balanced
1781349634949.7449,0.4,0.3,0.3,596.4521193092621,612.2222222222222,0.11929042386185243,382.2064860426929,473.83825944170763,0.02483031928236777,1.0,1.0,1.0,49,8,2.244834734670549,0,2.244834734670549,False,False,False,True,0,772,4,0.4,0.3,0.3,balanced
1781349637668.162,0.4,0.3,0.3,595.0439560439561,611.1111111111111,0.11900879120879122,425.71154898741105,506.8596059113301,0.02773259166026758,1.0,1.0,1.0,49,8,2.244076706018403,2,2.244076706018403,False,False,False,True,0,773,4,0.4,0.3,0.3,balanced
1781349640391.874,0.4,0.3,0.3,596.4238618524332,611.7777777777778,0.11928477237048664,445.64792008757524,534.1885604816639,0.02906256971898434,1.0,1.0,1.0,50,8,2.24356732013611,0,2.24356732013611,False,False,False,True,0,774,4,0.4,0.3,0.3,balanced
1781349643017.3582,0.4,0.3,0.3,590.530612244898,605.4444444444445,0.11810612244897958,471.72839506172835,583.2098765432098,0.030802427956085947,1.0,1.0,1.0,52,8,2.243516822633582,0,2.243516822633582,False,False,False,True,0,775,4,0.4,0.3,0.3,balanced
1781349645642.3691,0.4,0.3,0.3,591.1726844583986,606.0,0.11823453689167973,496.6666666666667,588.8888888888889,0.03246608850344675,1.0,1.0,1.0,53,8,2.242966358692294,0,2.242966358692294,False,False,False,True,0,776,4,0.4,0.3,0.3,balanced
1781349648261.03,0.4,0.3,0.3,587.1067503924646,601.5555555555555,0.11742135007849293,499.6759259259259,605.7730746619635,0.03266683962147605,1.0,1.0,1.0,55,8,2.24323140808216,0,2.24323140808216,False,False,False,True,0,777,4,0.4,0.3,0.3,balanced
1781349650884.5068,0.4,0.3,0.3,587.0863422291993,600.4444444444445,0.11741726844583987,446.7298647854203,582.5323339212227,0.029134747484017367,1.0,1.0,1.0,56,8,2.244292668376459,0,2.244292668376459,False,False,False,True,0,778,4,0.4,0.3,0.3,balanced
1781349653507.05,0.4,0.3,0.3,584.734693877551,598.3333333333334,0.1169469387755102,579.735675846787,720.7233301677746,0.0380077168676976,1.0,1.0,1.0,58,8,2.2418189094294867,0,2.2418189094294867,False,False,False,True,0,779,4,0.4,0.3,0.3,balanced
1781349656231.067,0.4,0.3,0.3,571.9805217391304,596.3333333333334,0.11439610434782607,20058.09811364159,20204.933862433863,1.0,0.9820869565217393,0.9920634920634921,0.9820869565217393,59,8,1.9488676452173914,0,1.9488676452173914,False,False,False,True,0,780,4,0.4,0.3,0.3,balanced
1781349658856.2678,0.4,0.3,0.3,582.7315541601256,595.5555555555555,0.11654631083202512,637.5301293356849,744.2783656672545,0.041863250789572044,1.0,1.0,1.0,61,8,2.240822500430318,0,2.240822500430318,False,False,False,True,0,781,4,0.4,0.3,0.3,balanced
1781349661480.886,0.4,0.3,0.3,585.2339089481947,598.5555555555555,0.11704678178963893,529.9382716049382,651.2345679012346,0.03468567522381175,1.0,1.0,1.0,59,8,2.242775584717001,1,2.242775584717001,False,False,False,True,0,782,4,0.4,0.3,0.3,balanced
1781349664105.7861,0.4,0.3,0.3,584.6593406593406,598.2222222222222,0.11693186813186812,545.9188034188033,661.3342830009498,0.035751754731074274,0.9940694226408512,0.9958847736625516,0.9940694226408512,61,8,2.240722553120186,0,2.240722553120186,False,False,False,True,0,783,4,0.4,0.3,0.3,balanced
1781349670312.871,0.4,0.3,0.3,583.6593406593406,596.1111111111111,0.11673186813186812,497.25676072898295,618.0849500293945,0.03250545435149986,1.0,1.0,1.0,64,8,2.2435556164418027,0,2.2435556164418027,False,False,False,True,0,784,4,0.4,0.3,0.3,balanced
1781349672936.1318,0.4,0.3,0.3,583.5494505494505,596.3333333333334,0.11670989010989011,484.4444444444444,602.3412698412699,0.03165073011637388,1.0,1.0,1.0,64,8,2.2438208249211318,2,2.2438208249211318,False,False,False,True,0,785,4,0.4,0.3,0.3,balanced
1781349675561.114,0.4,0.3,0.3,581.3861852433281,593.4444444444445,0.11627723704866562,815.5010061954505,930.9323700990367,0.05373589100703472,1.0,1.0,1.0,65,8,2.2373683378784235,0,2.2373683378784235,False,False,False,True,0,786,4,0.4,0.3,0.3,balanced
1781349678184.605,0.4,0.3,0.3,583.3139717425431,595.3333333333334,0.11666279434850862,698.4942680776014,811.847442680776,0.045930238030527114,1.0,1.0,1.0,64,8,2.2395558108514386,1,2.2395558108514386,False,False,False,True,0,787,4,0.4,0.3,0.3,balanced
1781349680810.055,0.4,0.3,0.3,582.9215070643642,595.8888888888889,0.11658430141287283,551.714432686655,664.8794826572604,0.03613838777095764,1.0,1.0,1.0,61,8,2.2425247631035634,1,2.2425247631035634,False,False,False,True,0,788,4,0.4,0.3,0.3,balanced
1781349683435.909,0.4,0.3,0.3,581.9764521193092,593.6666666666666,0.11639529042386185,552.8674309229864,674.484126984127,0.03621530559859816,1.0,1.0,1.0,64,8,2.2425772921508758,0,2.2425772921508758,False,False,False,True,0,789,4,0.4,0.3,0.3,balanced
1781349686260.735,0.4,0.3,0.3,493.41130298273157,532.3333333333334,0.09868226059654632,579.770273297491,635.3475209080048,0.03801002490310147,0.8380592621664049,0.8854166666666666,0.8380592621664049,65,8,2.2005418669403727,0,2.2005418669403727,False,False,False,True,0,790,4,0.4,0.3,0.3,balanced
1781349688885.621,0.4,0.3,0.3,579.7849293563579,591.4444444444445,0.11595698587127158,622.0671663727219,747.7351557907114,0.04083169889077531,1.0,1.0,1.0,67,8,2.2413676959842586,0,2.2413676959842586,False,False,False,True,0,791,4,0.4,0.3,0.3,balanced
1781349691500.571,0.4,0.3,0.3,578.5745682888539,590.2222222222222,0.11571491365777078,703.0540858318635,842.5161669606114,0.04623442867457395,1.0,1.0,1.0,68,8,2.2398437059345193,0,2.2398437059345193,False,False,False,True,0,792,4,0.4,0.3,0.3,balanced
1781349694124.286,0.4,0.3,0.3,577.8273155416013,589.5555555555555,0.11556546310832025,694.4642857142857,803.2936507936507,0.0456613933098256,1.0,1.0,1.0,67,8,2.240075396763724,1,2.240075396763724,False,False,False,True,0,793,4,0.4,0.3,0.3,balanced
1781349696947.063,0.4,0.3,0.3,582.1695447409733,594.3333333333334,0.11643390894819465,964.6062948028673,990.1836917562723,0.06368287490346013,0.9605853330343126,0.9246031746031745,0.9605853330343126,65,8,2.2224971738599777,1,2.2224971738599777,False,False,False,True,0,794,4,0.4,0.3,0.3,balanced
1781349699571.013,0.4,0.3,0.3,581.480376766091,593.8888888888889,0.1162960753532182,621.1522633744855,771.7621987066431,0.04077066466807775,1.0,1.0,1.0,64,8,2.2412503704582893,1,2.2412503704582893,False,False,False,True,0,795,4,0.4,0.3,0.3,balanced
1781349702193.5068,0.4,0.3,0.3,583.49136577708,596.8888888888889,0.11669827315541599,656.3705173427395,796.3124632569077,0.04312011456589323,1.0,1.0,1.0,61,8,2.2403846563680654,1,2.2403846563680654,False,False,False,True,0,796,4,0.4,0.3,0.3,balanced
1781349708399.8079,0.4,0.3,0.3,585.0361067503924,598.4444444444445,0.11700722135007847,597.5213675213674,698.6530547641659,0.039194220648523515,1.0,1.0,1.0,59,8,2.2414388452654115,1,2.2414388452654115,False,False,False,True,0,797,4,0.4,0.3,0.3,balanced
1781349711016.4849,0.4,0.3,0.3,586.1962323390894,599.5555555555555,0.11723924646781789,610.3086419753085,735.2674897119341,0.04004727431456361,1.0,1.0,1.0,58,8,2.2410901191185038,1,2.2410901191185038,False,False,False,True,0,798,4,0.4,0.3,0.3,balanced
1781349713638.295,0.4,0.3,0.3,586.8540031397173,601.2222222222222,0.11737080062794346,512.0781893004114,630.8641975308642,0.03349420875920023,1.0,1.0,1.0,56,8,2.2430034171210624,1,2.2430034171210624,False,False,False,True,0,799,4,0.4,0.3,0.3,balanced
1781349716259.5261,0.4,0.3,0.3,587.3956043956043,601.3333333333334,0.11747912087912087,510.57217473884134,629.2624248179804,0.03339374080979595,1.0,1.0,1.0,55,8,2.2429902294054127,1,2.2429902294054127,False,False,False,True,0,800,4,0.4,0.3,0.3,balanced
1781349718984.145,0.4,0.3,0.3,589.2888540031397,603.7777777777778,0.11785777080062794,477.6417523160818,582.7287700946704,0.031196914764248285,0.9942812289751066,0.9960317460317462,0.9942812289751066,53,8,2.2417821859430065,1,2.2417821859430065,False,False,False,True,0,801,4,0.4,0.3,0.3,balanced
1781349721701.077,0.4,0.3,0.3,589.684458398744,604.8888888888889,0.1179368916797488,453.6548987411056,565.0465243568692,0.029596724399006378,1.0,1.0,1.0,53,8,2.2439462260083984,2,2.2439462260083984,False,False,False,True,0,802,4,0.4,0.3,0.3,balanced
1781349724423.4841,0.4,0.3,0.3,591.2166405023547,606.3333333333334,0.11824332810047095,464.21914593849453,579.3101421070769,0.03030147738082018,1.0,1.0,1.0,52,8,2.2436122255455655,1,2.2436122255455655,False,False,False,True,0,803,4,0.4,0.3,0.3,balanced
1781349729848.554,0.4,0.3,0.3,145.52276295133436,213.33333333333334,0.029104552590266872,122.68861454046638,93.03155006858712,0.007517586026715569,0.22762951334379902,0.3333333333333333,0.22762951334379902,50,8,2.0543917571590185,1,2.0543917571590185,False,False,False,True,0,804,4,0.4,0.3,0.3,balanced
1781349732667.032,0.4,0.3,0.3,556.8775510204081,538.5555555555555,0.11137551020408161,381.51851851851853,510.29629629629625,0.024784424184023917,0.9419152276295133,0.8888888888888888,0.9419152276295133,49,8,2.230589036952014,1,2.230589036952014,False,False,False,True,0,805,4,0.4,0.3,0.3,balanced
1781349735380.971,0.4,0.3,0.3,594.7095761381476,610.8888888888889,0.11894191522762951,403.0849500293944,504.71193415637856,0.026223145432247793,0.9960192868356135,0.9960317460317462,0.9960192868356135,47,8,2.2433620763299578,1,2.2433620763299578,False,False,False,True,0,806,4,0.4,0.3,0.3,balanced
1781349738103.218,0.4,0.3,0.3,596.1836734693877,613.0,0.11923673469387754,399.04761904761904,492.93650793650795,0.02595381047682582,1.0,1.0,1.0,46,8,2.244519162979401,1,2.244519162979401,False,False,False,True,0,807,4,0.4,0.3,0.3,balanced
1781349744405.257,0.4,0.3,0.3,600.2119309262166,617.5555555555555,0.12004238618524332,3821.26141862253,3863.930832541944,0.25425359697281724,0.9845817447858265,0.988095238095238,0.9845817447858265,44,8,2.171081489869805,1,2.171081489869805,False,False,False,True,0,808,4,0.4,0.3,0.3,balanced
1781349747121.9338,0.4,0.3,0.3,597.6153846153846,614.5555555555555,0.11952307692307693,442.07307060755335,532.4397920087574,0.028824087432124973,1.0,1.0,1.0,46,8,2.243543543001132,0,2.243543543001132,False,False,False,True,0,809,4,0.4,0.3,0.3,balanced
1781349749840.162,0.4,0.3,0.3,600.8932496075354,618.2222222222222,0.12017864992150708,377.3148148148148,470.76719576719574,0.024503990314530672,1.0,1.0,1.0,44,8,2.244577342937038,1,2.244577342937038,False,False,False,True,0,810,4,0.4,0.3,0.3,balanced
1781349752561.795,0.4,0.3,0.3,602.5777080062795,620.7777777777778,0.12051554160125591,383.61258083480305,464.9617871840094,0.024924121469966847,1.0,1.0,1.0,43,8,2.2443165469185073,1,2.2443165469185073,False,False,False,True,0,811,4,0.4,0.3,0.3,balanced
1781349755282.913,0.4,0.3,0.3,605.6546310832024,624.3333333333334,0.12113092621664048,350.09994121105234,430.2645502645503,0.02268845505077067,1.0,1.0,1.0,41,8,2.2447410929981126,1,2.2447410929981126,False,False,False,True,0,812,4,0.4,0.3,0.3,balanced
1781349758006.337,0.4,0.3,0.3,605.4992150706437,624.4444444444445,0.12109984301412874,341.9650205761316,413.2113462669018,0.02214576521521892,1.0,1.0,1.0,40,8,2.244916333229783,1,2.244916333229783,False,False,False,True,0,813,4,0.4,0.3,0.3,balanced
1781349760731.281,0.4,0.3,0.3,604.7378335949765,623.7777777777778,0.12094756671899529,380.7275132275132,475.9744268077601,0.024731655318713356,0.9942812289751066,0.9960317460317462,0.9942812289751066,41,8,2.2424858454093197,0,2.2424858454093197,False,False,False,True,0,814,4,0.4,0.3,0.3,balanced
1781349763455.107,0.4,0.3,0.3,605.5525902668759,624.2222222222222,0.12111051805337518,352.6190476190476,432.22222222222223,0.022856507512945136,1.0,1.0,1.0,40,8,2.2446988405247663,1,2.2446988405247663,False,False,False,True,0,815,4,0.4,0.3,0.3,balanced
1781349766178.0342,0.4,0.3,0.3,609.6938775510204,629.7777777777778,0.12193877551020407,316.91651969429745,388.44650205761315,0.020474751147051197,1.0,1.0,1.0,38,8,2.245082064451803,1,2.245082064451803,False,False,False,True,0,816,4,0.4,0.3,0.3,balanced
1781349768892.2688,0.4,0.3,0.3,604.4238618524332,623.8888888888889,0.12088477237048664,434.41872427983543,504.484126984127,0.028313457256826914,1.0,1.0,1.0,40,8,2.2431520538747574,0,2.2431520538747574,False,False,False,True,0,817,4,0.4,0.3,0.3,balanced
1781349771613.964,0.4,0.3,0.3,605.447409733124,623.8888888888889,0.1210894819466248,357.5389476778366,442.08259847148736,0.023184719658294634,1.0,1.0,1.0,41,8,2.2446087913238615,0,2.2446087913238615,False,False,False,True,0,818,4,0.4,0.3,0.3,balanced
1781349777920.1392,0.4,0.3,0.3,606.1758241758241,625.4444444444445,0.12123516483516482,427.80276308054084,524.9853027630805,0.027872098937994718,1.0,1.0,1.0,40,8,2.243144304384536,1,2.243144304384536,False,False,False,True,0,819,4,0.4,0.3,0.3,balanced
1781349780636.678,0.4,0.3,0.3,607.3908948194662,627.0,0.12147817896389325,312.60067607289824,389.1931216931217,0.0201868362957237,1.0,1.0,1.0,38,8,2.2453526775257258,1,2.2453526775257258,False,False,False,True,0,820,4,0.4,0.3,0.3,balanced
1781349783359.4402,0.4,0.3,0.3,611.3799058084772,632.0,0.12227598116169545,329.23868312757196,398.3539094650206,0.021296776726322346,1.0,1.0,1.0,37,8,2.244700574517425,1,2.244700574517425,False,False,False,True,0,821,4,0.4,0.3,0.3,balanced
1781349786184.314,0.4,0.3,0.3,614.6436420722134,636.8888888888889,0.12292872841444269,455.5569239189928,554.3664477285167,0.02972361066837844,1.0,1.0,1.0,35,8,2.2419114254337096,1,2.2419114254337096,False,False,False,True,0,822,4,0.4,0.3,0.3,balanced
1781349789005.904,0.4,0.3,0.3,617.6436420722134,639.7777777777778,0.12352872841444268,359.0462506841817,451.4408866995074,0.02328527356131966,1.0,1.0,1.0,34,8,2.243602926565827,1,2.243602926565827,False,False,False,True,0,823,4,0.4,0.3,0.3,balanced
1781349791819.874,0.4,0.3,0.3,623.6091051805338,647.5555555555555,0.12472182103610675,296.08171663727217,363.6008230452675,0.01908483766759654,1.0,1.0,1.0,32,8,2.244385820285278,1,2.244385820285278,False,False,False,True,0,824,4,0.4,0.3,0.3,balanced
1781349794643.472,0.4,0.3,0.3,632.0235478806907,657.8888888888889,0.12640470957613814,289.00646678424454,361.8944738389183,0.01861283967873546,1.0,1.0,1.0,29,8,2.243854264265924,1,2.243854264265924,False,False,False,True,0,825,4,0.4,0.3,0.3,balanced
1781349797467.597,0.4,0.3,0.3,632.0894819466248,659.2222222222222,0.12641789638932496,270.5408583186361,335.19106407995304,0.017380977873157843,1.0,1.0,1.0,28,8,2.2442185480823227,1,2.2442185480823227,False,False,False,True,0,826,4,0.4,0.3,0.3,balanced
1781349800386.603,0.4,0.3,0.3,638.2778649921506,667.4444444444445,0.1276555729984301,432.0080733442802,429.9493705528188,0.028152639982940642,0.9751065261269343,0.9523809523809523,0.9751065261269343,26,8,2.233023936643826,1,2.233023936643826,False,False,False,True,0,827,4,0.4,0.3,0.3,balanced
1781349804000.3418,0.4,0.3,0.3,645.2715855572999,677.8888888888889,0.12905431711145998,1088.5455474253783,1276.0751766126164,0.07195100383091249,0.663442206530697,0.7045284150547308,0.663442206530697,25,8,2.125825633965351,1,2.125825633965351,False,False,False,True,0,828,4,0.4,0.3,0.3,balanced
1781349806915.91,0.4,0.3,0.3,654.9058084772371,687.6666666666666,0.1309811616954474,192.37874779541445,250.58495002939446,0.0121666943159049,1.0,1.0,1.0,23,8,2.2439575270270495,1,2.2439575270270495,False,False,False,True,0,829,4,0.4,0.3,0.3,balanced
1781349809839.233,0.4,0.3,0.3,658.1789638932495,692.3333333333334,0.1316357927786499,210.47619047619045,270.97001763668436,0.013373995361987355,1.0,1.0,1.0,22,8,2.243333484279944,1,2.243333484279944,False,False,False,True,0,830,4,0.4,0.3,0.3,balanced
1781349816336.046,0.4,0.3,0.3,653.4960753532181,686.3333333333334,0.1306992150706436,194.68033509700174,240.92739564961786,0.012320235830353686,1.0,1.0,1.0,23,8,2.2440242432226363,0,2.2440242432226363,False,False,False,True,0,831,4,0.4,0.3,0.3,balanced
1781349819247.762,0.4,0.3,0.3,657.8163265306122,693.0,0.13156326530612245,192.36009361009363,247.0688056799168,0.01216544987392219,0.9940694226408512,0.9958847736625516,0.9940694226408512,22,8,2.2419458857076298,1,2.2419458857076298,False,False,False,True,0,832,4,0.4,0.3,0.3,balanced
1781349822171.792,0.4,0.3,0.3,670.6734693877551,708.7777777777778,0.134134693877551,177.8988603988604,234.8227287116176,0.01120072450959709,1.0,1.0,1.0,20,8,2.2429859050961003,1,2.2429859050961003,False,False,False,True,0,833,4,0.4,0.3,0.3,balanced
1781349825186.744,0.4,0.3,0.3,676.5824175824175,716.4444444444445,0.1353164835164835,167.7586713697825,208.3009994121105,0.010524260931940126,1.0,1.0,1.0,19,8,2.2427161283138246,1,2.2427161283138246,False,False,False,True,0,834,4,0.4,0.3,0.3,balanced
1781349828206.2458,0.4,0.3,0.3,671.2056514913656,708.6666666666666,0.13424113029827311,159.3144499178982,205.45566502463055,0.00996093728605058,1.0,1.0,1.0,20,8,2.2433152666948755,0,2.2433152666948755,False,False,False,True,0,835,4,0.4,0.3,0.3,balanced
1781349831224.549,0.4,0.3,0.3,676.1444270015699,716.4444444444445,0.13522888540031397,177.57936507936506,220.83333333333334,0.011179410612365914,1.0,1.0,1.0,19,8,2.2425546226561646,1,2.2425546226561646,False,False,False,True,0,836,4,0.4,0.3,0.3,balanced
1781349834237.438,0.4,0.3,0.3,693.3139717425431,737.5555555555555,0.13866279434850862,187.80705919594806,236.09053497942386,0.011861711754232692,1.0,1.0,1.0,17,8,2.240976368734327,1,2.240976368734327,False,False,False,True,0,837,4,0.4,0.3,0.3,balanced
1781349837357.761,0.4,0.3,0.3,701.1899529042386,748.4444444444445,0.1402379905808477,162.6310880477547,212.9311943200832,0.010182193999183102,1.0,1.0,1.0,16,8,2.240850145567906,1,2.240850145567906,False,False,False,True,0,838,4,0.4,0.3,0.3,balanced
1781349840580.2432,0.4,0.3,0.3,723.640502354788,777.2222222222222,0.1447281004709576,143.88968027856916,183.01836024058247,0.008931933307442906,1.0,1.0,1.0,14,8,2.239429179819384,1,2.239429179819384,False,False,False,True,0,839,4,0.4,0.3,0.3,balanced
1781349843903.686,0.4,0.3,0.3,739.320251177394,797.3333333333334,0.1478640502354788,107.22810111698999,140.3115814226925,0.0064861975394923275,1.0,1.0,1.0,13,8,2.2389085206439607,1,2.2389085206439607,False,False,False,True,0,840,4,0.4,0.3,0.3,balanced
1781349850908.7688,0.4,0.3,0.3,775.2056514913655,843.3333333333334,0.1550411302982731,74.83539094650205,98.78600823045268,0.004325242891694599,1.0,1.0,1.0,11,8,2.2366859750131822,1,2.2366859750131822,False,False,False,True,0,841,4,0.4,0.3,0.3,balanced
1781349854420.5479,0.4,0.3,0.3,799.1679748822605,874.0,0.1598335949764521,64.3614050558495,85.47472075249851,0.003626511344619713,1.0,1.0,1.0,10,8,2.234978608606033,1,2.234978608606033,False,False,False,True,0,842,4,0.4,0.3,0.3,balanced
1781349857860.221,0.4,0.3,0.3,775.2653061224489,842.8888888888889,0.15505306122448978,113.30761316872429,143.48030570252794,0.006891768723730773,1.0,1.0,1.0,11,8,2.2359112448930847,0,2.2359112448930847,False,False,False,True,0,843,4,0.4,0.3,0.3,balanced
1781349861080.508,0.4,0.3,0.3,737.0392464678179,795.2222222222222,0.14740784929356357,112.3852484963596,149.66761633428303,0.006830236724240133,1.0,1.0,1.0,13,8,2.2389877892653027,0,2.2389877892653027,False,False,False,True,0,844,4,0.4,0.3,0.3,balanced
1781349864398.002,0.4,0.3,0.3,726.6797488226059,780.2222222222222,0.1453359497645212,163.4145228972815,242.73763911694948,0.01023445783170657,0.9274376417233561,0.9506172839506173,0.9274376417233561,14,8,2.2170265752616864,0,2.2170265752616864,False,False,False,True,0,845,4,0.4,0.3,0.3,balanced
1781349867712.589,0.4,0.3,0.3,606.5557299843014,654.0,0.12131114599686027,144.0352449223417,194.8661887694146,0.008941644090883369,0.8885400313971743,0.8888888888888888,0.8885400313971743,16,8,2.2153550577931433,0,2.2153550577931433,False,False,False,True,0,846,4,0.4,0.3,0.3,balanced
1781349870925.822,0.4,0.3,0.3,723.4128728414443,777.3333333333334,0.14468257456828884,146.18974132863022,181.00382128159904,0.009085373003911289,1.0,1.0,1.0,14,8,2.239401358271511,1,2.239401358271511,False,False,False,True,0,847,4,0.4,0.3,0.3,balanced
1781349874145.156,0.4,0.3,0.3,700.5274725274726,747.8888888888889,0.1401054945054945,168.45238095238096,224.72222222222223,0.010570539089551766,1.0,1.0,1.0,16,8,2.2407866404709367,0,2.2407866404709367,False,False,False,True,0,848,4,0.4,0.3,0.3,balanced
1781349877268.3762,0.4,0.3,0.3,691.883830455259,736.4444444444445,0.13837676609105182,449.5634920634921,457.81746031746036,0.029323781992227627,1.0,1.0,1.0,17,8,2.235852158965911,0,2.235852158965911,False,False,False,True,0,849,4,0.4,0.3,0.3,balanced
1781349880287.083,0.4,0.3,0.3,676.8932496075353,716.6666666666666,0.13537864992150705,194.8045267489712,233.72427983539097,0.0123285207971295,1.0,1.0,1.0,19,8,2.2421499837922583,0,2.2421499837922583,False,False,False,True,0,850,4,0.4,0.3,0.3,balanced
1781349888190.292,0.4,0.3,0.3,331.46421933085503,411.55555555555554,0.066292843866171,108.21224489795915,103.90022675736961,0.006551850893793139,0.4660780669144981,0.5555555555555556,0.4660780669144981,20,8,2.111340727259743,0,2.111340727259743,False,False,False,True,0,851,4,0.4,0.3,0.3,balanced
1781349891110.6729,0.4,0.3,0.3,659.1350078492935,694.2222222222222,0.13182700156985871,183.72744539411204,229.38904716682495,0.011589556063649902,1.0,1.0,1.0,22,8,2.2437923325529616,0,2.2437923325529616,False,False,False,True,0,852,4,0.4,0.3,0.3,balanced
1781349894022.339,0.4,0.3,0.3,653.9042386185243,687.2222222222222,0.13078084772370488,172.09480848369734,221.08420386198162,0.010813529585303358,0.9958718530147102,0.9958847736625513,0.9958718530147102,23,8,2.24320515793934,0,2.24320515793934,False,False,False,True,0,853,4,0.4,0.3,0.3,balanced
1781349896935.331,0.4,0.3,0.3,645.938775510204,676.3333333333334,0.1291877551020408,185.9920634920635,230.0,0.011740631320351134,1.0,1.0,1.0,25,8,2.2448027085630784,0,2.2448027085630784,False,False,False,True,0,854,4,0.4,0.3,0.3,balanced
1781349900356.693,0.4,0.3,0.3,609.1554160125587,602.0,0.12183108320251174,146.0155155155155,202.031031031031,0.009073750201168478,0.7816871031156745,0.758008008008008,0.7816871031156745,23,8,2.1830515725933473,1,2.1830515725933473,False,False,False,True,0,855,4,0.4,0.3,0.3,balanced
1781349903279.368,0.4,0.3,0.3,644.2260596546311,674.2222222222222,0.1288452119309262,185.08415435139574,226.26984126984127,0.011680063665870296,1.0,1.0,1.0,25,8,2.2449578961278682,0,2.2449578961278682,False,False,False,True,0,856,4,0.4,0.3,0.3,balanced
1781349906101.273,0.4,0.3,0.3,642.8571428571427,674.0,0.12857142857142853,181.68961696739473,227.03861981639758,0.011453610204629401,1.0,1.0,1.0,25,8,2.2451353455100396,2,2.2451353455100396,False,False,False,True,0,857,4,0.4,0.3,0.3,balanced
1781349909015.11,0.4,0.3,0.3,642.734693877551,671.8888888888889,0.12854693877551018,200.706937095826,250.50117577895355,0.012722277324604802,1.0,1.0,1.0,26,8,2.2447645412924144,0,2.2447645412924144,False,False,False,True,0,858,4,0.4,0.3,0.3,balanced
1781349911831.344,0.4,0.3,0.3,633.8069073783358,661.2222222222222,0.12676138147566718,214.65195812418034,276.64959526070635,0.01365256558533558,0.9942812289751065,0.9960317460317459,0.9942812289751065,28,8,2.2434840464266643,0,2.2434840464266643,False,False,False,True,0,859,4,0.4,0.3,0.3,balanced
1781349914653.472,0.4,0.3,0.3,630.1899529042387,657.3333333333334,0.12603799058084775,246.70928865373313,300.7804232804233,0.015791146674698674,1.0,1.0,1.0,29,8,2.2448474597652512,0,2.2448474597652512,False,False,False,True,0,860,4,0.4,0.3,0.3,balanced
1781349921060.164,0.4,0.3,0.3,622.7299843014127,646.6666666666666,0.12454599686028255,272.2626396237507,350.25867136978246,0.017495839868162156,0.9958510876878224,0.9960317460317462,0.9958510876878224,32,8,2.2436881756017852,0,2.2436881756017852,False,False,False,True,0,861,4,0.4,0.3,0.3,balanced
1781349924381.5469,0.4,0.3,0.3,455.2715855572998,536.0,0.09105431711145995,1047.6041994375328,949.6854711854713,0.06921975980237043,0.6766091051805337,0.7777777777777778,0.6766091051805337,29,8,2.145795076768865,1,2.145795076768865,False,False,False,True,0,862,4,0.4,0.3,0.3,balanced
1781349927198.71,0.4,0.3,0.3,621.7284144427001,645.1111111111111,0.12434568288854002,253.18965517241375,320.1491516146689,0.016223459317706055,1.0,1.0,1.0,32,8,2.245394689049272,0,2.245394689049272,False,False,False,True,0,863,4,0.4,0.3,0.3,balanced
1781349930020.8281,0.4,0.3,0.3,631.3108320251177,657.6666666666666,0.12626216640502355,221.3037579704246,281.6535522091078,0.0140963147411891,0.9958718530147102,0.9958847736625513,0.9958718530147102,29,8,2.244027794920047,1,2.244027794920047,False,False,False,True,0,864,4,0.4,0.3,0.3,balanced
1781349932845.417,0.4,0.3,0.3,623.0957613814757,646.8888888888889,0.12461915227629514,249.08114395183358,312.98987411056373,0.015949375847353807,1.0,1.0,1.0,32,8,2.2453675263352757,0,2.2453675263352757,False,False,False,True,0,865,4,0.4,0.3,0.3,balanced
1781349935666.895,0.4,0.3,0.3,617.8131868131867,640.5555555555555,0.12356263736263734,265.8182813355227,333.0925013683634,0.01706592937528504,1.0,1.0,1.0,34,8,2.2454551662423596,0,2.2454551662423596,False,False,False,True,0,866,4,0.4,0.3,0.3,balanced
1781349938380.23,0.4,0.3,0.3,615.7880690737833,637.8888888888889,0.12315761381475665,287.68885949441506,369.756025867137,0.018524940593356576,1.0,1.0,1.0,35,8,2.2451794722960905,0,2.2451794722960905,False,False,False,True,0,867,4,0.4,0.3,0.3,balanced
1781349941202.282,0.4,0.3,0.3,612.4222919937206,633.0,0.12248445839874411,301.9122879036672,370.9085933223864,0.01947380172806319,1.0,1.0,1.0,37,8,2.2451640761220832,0,2.2451640761220832,False,False,False,True,0,868,4,0.4,0.3,0.3,balanced
1781349943927.8318,0.4,0.3,0.3,608.3736263736263,628.3333333333334,0.12167472527472525,351.5821575543797,468.7198706643151,0.022787335393887907,1.0,1.0,1.0,38,8,2.2444939092719434,0,2.2444939092719434,False,False,False,True,0,869,4,0.4,0.3,0.3,balanced
1781349946750.618,0.4,0.3,0.3,606.7817896389324,626.5555555555555,0.12135635792778648,485.9160035366931,570.6784556439729,0.031748899502114285,0.9402893025342005,0.9404761904761906,0.9402893025342005,40,8,2.2240195777385114,0,2.2240195777385114,False,False,False,True,0,870,4,0.4,0.3,0.3,balanced
1781349949467.987,0.4,0.3,0.3,603.552590266876,622.2222222222222,0.1207105180533752,354.70752498530277,446.06554967666085,0.022995832220500518,1.0,1.0,1.0,41,8,2.2448170431124996,0,2.2448170431124996,False,False,False,True,0,871,4,0.4,0.3,0.3,balanced
1781349952189.498,0.4,0.3,0.3,605.9984301412871,625.5555555555555,0.12119968602825743,350.9053497942387,433.30687830687833,0.022742184776133337,1.0,1.0,1.0,40,8,2.244697470155857,1,2.244697470155857,False,False,False,True,0,872,4,0.4,0.3,0.3,balanced
1781349958491.939,0.4,0.3,0.3,604.9152276295132,624.1111111111111,0.12098304552590264,495.45487948265725,634.1607877718989,0.03238524879804251,1.0,1.0,1.0,41,8,2.241891207150226,0,2.241891207150226,False,False,False,True,0,873,4,0.4,0.3,0.3,balanced
1781349961216.491,0.4,0.3,0.3,601.6138147566718,620.0,0.12032276295133436,338.7896825396825,420.01469723691946,0.02193393479250717,1.0,1.0,1.0,43,8,2.245290714381714,0,2.245290714381714,False,False,False,True,0,874,4,0.4,0.3,0.3,balanced
1781349963940.3738,0.4,0.3,0.3,592.0188383045526,610.0,0.11840376766091051,577.9578189300411,681.2595532039976,0.03788911400467252,0.9960192868356135,0.9960317460317462,0.9960192868356135,44,8,2.240077544784918,0,2.240077544784918,False,False,False,True,0,875,4,0.4,0.3,0.3,balanced
1781349966764.088,0.4,0.3,0.3,596.3249607535322,613.8888888888889,0.11926499215070643,387.1017048794826,463.3127572016461,0.025156884915242334,1.0,1.0,1.0,46,8,2.2447469376651448,0,2.2447469376651448,False,False,False,True,0,876,4,0.4,0.3,0.3,balanced
1781349969587.2148,0.4,0.3,0.3,506.4819466248037,551.6666666666666,0.10129638932496074,378.0059737156511,431.857825567503,0.024550098313252243,0.8367346938775511,0.8888888888888888,0.8367346938775511,47,8,2.2031368229393054,0,2.2031368229393054,False,False,False,True,0,877,4,0.4,0.3,0.3,balanced
1781349972303.3372,0.4,0.3,0.3,592.3579277864992,608.4444444444445,0.11847158555729984,458.7198960043787,554.3500273672687,0.029934616144388172,1.0,1.0,1.0,49,8,2.2436309809337636,0,2.2436309809337636,False,False,False,True,0,878,4,0.4,0.3,0.3,balanced
1781349974924.458,0.4,0.3,0.3,592.1868131868131,607.1111111111111,0.11843736263736261,423.6522633744856,529.5235834124722,0.027595214367877624,1.0,1.0,1.0,50,8,2.2443464906346917,0,2.2443464906346917,False,False,False,True,0,879,4,0.4,0.3,0.3,balanced
1781349977548.758,0.4,0.3,0.3,592.4128728414443,607.6666666666666,0.11848257456828885,437.75007913896803,532.5910098132321,0.028535695739757706,1.0,1.0,1.0,50,8,2.244046261450757,2,2.244046261450757,False,False,False,True,0,880,4,0.4,0.3,0.3,balanced
1781349980268.814,0.4,0.3,0.3,590.9529042386185,605.6666666666666,0.11819058084772371,466.12753147235907,562.1264367816093,0.030428787956795135,1.0,1.0,1.0,52,8,2.243595131273872,0,2.243595131273872,False,False,False,True,0,881,4,0.4,0.3,0.3,balanced
1781349982990.398,0.4,0.3,0.3,592.8822605965463,607.8888888888889,0.11857645211930926,432.76546250684174,523.036398467433,0.028203166277974766,1.0,1.0,1.0,50,8,2.244108469268884,1,2.244108469268884,False,False,False,True,0,882,4,0.4,0.3,0.3,balanced
1781349985612.555,0.4,0.3,0.3,589.7723704866561,605.2222222222222,0.11795447409733122,471.7521367521367,585.7027540360873,0.030804011791336672,1.0,1.0,1.0,52,8,2.2435770068236667,0,2.2435770068236667,False,False,False,True,0,883,4,0.4,0.3,0.3,balanced
1781349988335.794,0.4,0.3,0.3,590.7394034536891,605.6666666666666,0.11814788069073781,491.0057471264368,605.5678708264916,0.03208844210316456,1.0,1.0,1.0,53,8,2.2431143150927557,0,2.2431143150927557,False,False,False,True,0,884,4,0.4,0.3,0.3,balanced
1781349994546.456,0.4,0.3,0.3,588.5400313971742,602.8888888888889,0.11770800627943484,490.4685026907249,582.4438113327003,0.03205260191399099,1.0,1.0,1.0,55,8,2.2433010169140286,0,2.2433010169140286,False,False,False,True,0,885,4,0.4,0.3,0.3,balanced
1781349997571.23,0.4,0.3,0.3,432.0408163265306,473.0,0.08640816326530612,405.218487394958,443.3501400560224,0.026365476143759708,0.7284144427001569,0.7777777777777778,0.7284144427001569,53,8,2.1760514246607965,1,2.1760514246607965,False,False,False,True,0,886,4,0.4,0.3,0.3,balanced
1781350000590.7222,0.4,0.3,0.3,430.38618524332804,471.0,0.08607723704866561,443.3688141923436,482.73389355742296,0.02891052796479944,0.7252298721686476,0.7746031746031746,0.7252298721686476,55,8,2.174464908441688,0,2.174464908441688,False,False,False,True,0,887,4,0.4,0.3,0.3,balanced
1781350003209.114,0.4,0.3,0.3,588.1538461538461,602.2222222222222,0.11763076923076922,549.1710758377425,662.4823633156966,0.035968717534205635,1.0,1.0,1.0,56,8,2.2421570770474304,0,2.2421570770474304,False,False,False,True,0,888,4,0.4,0.3,0.3,balanced
1781350005833.432,0.4,0.3,0.3,586.6138147566719,600.1111111111111,0.11732276295133438,544.9742798353909,666.4550264550264,0.03568874448534963,1.0,1.0,1.0,58,8,2.2423642714738614,0,2.2423642714738614,False,False,False,True,0,889,4,0.4,0.3,0.3,balanced
1781350044578.229,0.4,0.3,0.3,583.5463108320251,596.8888888888889,0.11670926216640502,557.6053639846743,668.415435139573,0.036531378517990286,1.0,1.0,1.0,59,8,2.242356881578041,0,2.242356881578041,False,False,False,True,1,890,4,0.4,0.3,0.3,balanced
1781350047202.372,0.4,0.3,0.3,583.3877551020408,595.8888888888889,0.11667755102040817,605.6760728982952,725.7965902410347,0.0397382303467842,1.0,1.0,1.0,61,8,2.2414075104878015,0,2.2414075104878015,False,False,False,True,0,891,4,0.4,0.3,0.3,balanced
1781350049825.221,0.4,0.3,0.3,582.3956043956043,594.6666666666666,0.11647912087912086,571.2962962962963,682.5102880658436,0.037444716230573466,1.0,1.0,1.0,64,8,2.2421749367791795,0,2.2421749367791795,False,False,False,True,0,892,4,0.4,0.3,0.3,balanced
1781350052438.873,0.4,0.3,0.3,580.7519623233908,592.0,0.11615039246467816,640.1357233301678,753.7179487179487,0.04203707293730272,1.0,1.0,1.0,65,8,2.240928721132938,0,2.240928721132938,False,False,False,True,0,893,4,0.4,0.3,0.3,balanced
1781350055061.466,0.4,0.3,0.3,581.2951334379906,593.3333333333334,0.1162590266875981,638.6529982363315,742.7674897119341,0.04193815865485868,1.0,1.0,1.0,64,8,2.2409149417285033,1,2.2409149417285033,False,False,False,True,0,894,4,0.4,0.3,0.3,balanced
1781350057684.942,0.4,0.3,0.3,581.789638932496,593.4444444444445,0.1163579277864992,539.7736625514403,662.7160493827162,0.035341805373678474,1.0,1.0,1.0,65,8,2.2428542872732966,0,2.2428542872732966,False,False,False,True,0,895,4,0.4,0.3,0.3,balanced
1781350060309.358,0.4,0.3,0.3,581.0094191522762,592.3333333333334,0.11620188383045524,609.3893298059966,760.5776014109347,0.039985945951033795,1.0,1.0,1.0,67,8,2.241523462682508,0,2.241523462682508,False,False,False,True,0,896,4,0.4,0.3,0.3,balanced
1781350066517.8772,0.4,0.3,0.3,581.5196232339089,593.6666666666666,0.11630392464678177,616.8496472663138,760.925925925926,0.040483632239247086,1.0,1.0,1.0,68,8,2.241333340469513,0,2.241333340469513,False,False,False,True,0,897,4,0.4,0.3,0.3,balanced
1781350069342.5269,0.4,0.3,0.3,582.7472527472528,594.1111111111111,0.11654945054945055,544.2157328268438,670.7723963279519,0.03563814094908898,1.0,1.0,1.0,67,8,2.242688777495493,1,2.242688777495493,False,False,False,True,0,898,4,0.4,0.3,0.3,balanced
1781350072165.086,0.4,0.3,0.3,490.4599686028257,530.5555555555555,0.09809199372056514,594.5670922939069,649.18458781362,0.03899713757797911,0.8367346938775511,0.8888888888888888,0.8367346938775511,68,8,2.2000844694016455,0,2.2000844694016455,False,False,False,True,0,899,4,0.4,0.3,0.3,balanced
1781350074787.8052,0.4,0.3,0.3,580.9324960753531,592.6666666666666,0.11618649921507063,637.9563492063492,794.0873015873017,0.04189168440335885,1.0,1.0,1.0,67,8,2.240957894992964,1,2.240957894992964,False,False,False,True,0,900,4,0.4,0.3,0.3,balanced
1781350077400.999,0.4,0.3,0.3,580.2668759811617,592.2222222222222,0.11605337519623234,530.436507936508,662.3412698412699,0.0347189131378591,1.0,1.0,1.0,67,8,2.2431629759801495,2,2.2431629759801495,False,False,False,True,0,901,4,0.4,0.3,0.3,balanced
1781350080024.279,0.4,0.3,0.3,580.5384615384615,591.5555555555555,0.11610769230769231,634.1681363903585,766.6431510875955,0.04163896840496054,1.0,1.0,1.0,68,8,2.2410652325554348,0,2.2410652325554348,False,False,False,True,0,902,4,0.4,0.3,0.3,balanced
1781350083039.264,0.4,0.3,0.3,582.7488226059654,595.0,0.11654976452119309,1058.5978835978835,1493.299823633157,0.06995316101386814,0.7289385881926345,0.7911269233108313,0.7289385881926345,67,8,2.1510757223451527,1,2.1510757223451527,False,False,False,True,0,903,4,0.4,0.3,0.3,balanced
1781350085664.019,0.4,0.3,0.3,581.9795918367347,594.2222222222222,0.11639591836734695,577.904908877131,712.8953556731334,0.03788558431468519,1.0,1.0,1.0,65,8,2.2420759573586557,1,2.2420759573586557,False,False,False,True,0,904,4,0.4,0.3,0.3,balanced
1781350088284.553,0.4,0.3,0.3,579.8006279434851,591.3333333333334,0.11596012558869702,616.600529100529,728.0511463844798,0.040467013282223414,1.0,1.0,1.0,67,8,2.241475845779854,0,2.241475845779854,False,False,False,True,0,905,4,0.4,0.3,0.3,balanced
1781350090905.577,0.4,0.3,0.3,581.1036106750392,593.3333333333334,0.11622072213500785,620.9744268077601,723.8256907701352,0.04075880098784257,0.9942812289751066,0.9960317460317462,0.9942812289751066,65,8,2.239568439542176,1,2.239568439542176,False,False,False,True,0,906,4,0.4,0.3,0.3,balanced
1781350093527.924,0.4,0.3,0.3,582.320251177394,594.1111111111111,0.11646405023547879,669.8963844797178,789.863315696649,0.0440224405923761,1.0,1.0,1.0,64,8,2.2402076477280954,1,2.2402076477280954,False,False,False,True,0,907,4,0.4,0.3,0.3,balanced
1781350096150.248,0.4,0.3,0.3,579.2323390894819,592.0,0.11584646781789638,663.4641387419166,772.6837154614933,0.04359333814155548,1.0,1.0,1.0,65,8,2.2405834114303746,0,2.2405834114303746,False,False,False,True,0,908,4,0.4,0.3,0.3,balanced
1781350102353.76,0.4,0.3,0.3,582.0251177394034,594.4444444444445,0.11640502354788068,643.0202821869489,758.0364491475602,0.04222950514922941,0.9882343657853863,0.9919165196942975,0.9882343657853863,64,8,2.2372394487716947,1,2.2372394487716947,False,False,False,True,0,909,4,0.4,0.3,0.3,balanced
1781350104974.937,0.4,0.3,0.3,582.7660910518052,595.1111111111111,0.11655321821036105,539.7082598471486,645.6863609641388,0.03533744228466635,0.9942812289751066,0.9960317460317462,0.9942812289751066,61,8,2.2410618487229876,1,2.2410618487229876,False,False,False,True,0,910,4,0.4,0.3,0.3,balanced
1781350107591.144,0.4,0.3,0.3,585.2935635792778,598.7777777777778,0.11705871271585556,498.6213991769547,606.9547325102881,0.03259649093908971,1.0,1.0,1.0,59,8,2.2433975676319307,1,2.2433975676319307,False,False,False,True,0,911,4,0.4,0.3,0.3,balanced
1781350110209.399,0.4,0.3,0.3,587.8901098901099,600.7777777777778,0.11757802197802197,495.3681657848324,593.9079952968842,0.032379464028341055,1.0,1.0,1.0,58,8,2.2432549520002887,1,2.2432549520002887,False,False,False,True,0,912,4,0.4,0.3,0.3,balanced
1781350112924.13,0.4,0.3,0.3,589.4364207221349,603.6666666666666,0.11788728414442698,436.5061880435444,544.984238480407,0.02845271434580016,1.0,1.0,1.0,56,8,2.244309272038489,1,2.244309272038489,False,False,False,True,0,913,4,0.4,0.3,0.3,balanced
1781350115547.25,0.4,0.3,0.3,590.0502354788068,604.2222222222222,0.11801004709576136,466.34112286890064,565.1014109347442,0.030443036882515054,1.0,1.0,1.0,55,8,2.243663070096941,1,2.243663070096941,False,False,False,True,0,914,4,0.4,0.3,0.3,balanced
1781350118171.963,0.4,0.3,0.3,591.6452119309262,606.4444444444445,0.11832904238618523,403.46046443268665,505.0778953556732,0.026248196426463418,1.0,1.0,1.0,53,8,2.244793924117587,1,2.244793924117587,False,False,False,True,0,915,4,0.4,0.3,0.3,balanced
1781350120896.6,0.4,0.3,0.3,590.7080062794348,606.0,0.11814160125588696,419.5545977011494,509.17487684729065,0.027321854416354197,1.0,1.0,1.0,52,8,2.244546803172739,1,2.244546803172739,False,False,False,True,0,916,4,0.4,0.3,0.3,balanced
1781350123619.9639,0.4,0.3,0.3,595.9199372056514,611.4444444444445,0.11918398744113029,385.4009304871374,470.524083196497,0.025043424315352728,1.0,1.0,1.0,50,8,2.244813377728942,1,2.244813377728942,False,False,False,True,0,917,4,0.4,0.3,0.3,balanced
1781350126337.111,0.4,0.3,0.3,596.0329670329669,611.6666666666666,0.11920659340659338,395.2976190476191,499.40476190476187,0.025703643698973922,1.0,1.0,1.0,49,8,2.2446062695276705,1,2.2446062695276705,False,False,False,True,0,918,4,0.4,0.3,0.3,balanced
1781350129259.867,0.4,0.3,0.3,524.5211930926216,541.6666666666666,0.10490423861852433,375.5589157706093,478.75224014336914,0.024386852286231442,0.8885400313971743,0.8888888888888888,0.8885400313971743,47,8,2.217284258285873,1,2.217284258285873,False,False,False,True,0,919,4,0.4,0.3,0.3,balanced
1781350131984.4812,0.4,0.3,0.3,591.3893249607535,607.5555555555555,0.11827786499215069,540.1320470717022,647.5875752599891,0.035365713613856056,1.0,1.0,1.0,49,8,2.242079139918983,0,2.242079139918983,False,False,False,True,0,920,4,0.4,0.3,0.3,balanced
1781350138296.887,0.4,0.3,0.3,594.6043956043956,609.8888888888889,0.11892087912087912,444.5238095238095,552.7380952380953,0.02898757902093459,1.0,1.0,1.0,50,8,2.243735374645368,0,2.243735374645368,False,False,False,True,0,921,4,0.4,0.3,0.3,balanced
1781350141013.528,0.4,0.3,0.3,594.8649921507064,610.6666666666666,0.11897299843014128,404.69827586206895,504.7454844006568,0.026330772238963907,1.0,1.0,1.0,49,8,2.2445115689562543,1,2.2445115689562543,False,False,False,True,0,922,4,0.4,0.3,0.3,balanced
1781350143731.965,0.4,0.3,0.3,594.7535321821035,610.6666666666666,0.11895070643642071,405.719759168035,508.0432402846197,0.026398916555572714,1.0,1.0,1.0,50,8,2.24450004245876,0,2.24450004245876,False,False,False,True,0,923,4,0.4,0.3,0.3,balanced
1781350146353.93,0.4,0.3,0.3,591.6389324960753,606.7777777777778,0.11832778649921506,521.4727761949985,619.241848686293,0.03412093236791184,1.0,1.0,1.0,52,8,2.2424326056899404,0,2.2424326056899404,False,False,False,True,0,924,4,0.4,0.3,0.3,balanced
1781350149072.5679,0.4,0.3,0.3,591.9340659340659,607.5555555555555,0.11838681318681317,438.21869488536146,532.5485008818342,0.028566957630777948,1.0,1.0,1.0,50,8,2.2440751874360414,1,2.2440751874360414,False,False,False,True,0,925,4,0.4,0.3,0.3,balanced
1781350151693.345,0.4,0.3,0.3,591.9277864992149,607.2222222222222,0.11838555729984299,431.94998417220637,536.0462171573283,0.02814876478800576,1.0,1.0,1.0,52,8,2.244201147643661,0,2.244201147643661,False,False,False,True,0,926,4,0.4,0.3,0.3,balanced
1781350154418.667,0.4,0.3,0.3,593.3139717425431,609.2222222222222,0.11866279434850863,500.35030103995615,633.8423645320197,0.032711827954633496,1.0,1.0,1.0,50,8,2.2427213338742065,1,2.2427213338742065,False,False,False,True,0,927,4,0.4,0.3,0.3,balanced
1781350157141.271,0.4,0.3,0.3,593.6436420722135,609.7777777777778,0.11872872841444271,447.6163108921729,554.072249589491,0.029193883315021544,1.0,1.0,1.0,49,8,2.2437503436397166,1,2.2437503436397166,False,False,False,True,0,928,4,0.4,0.3,0.3,balanced
1781350159860.604,0.4,0.3,0.3,593.8335949764521,610.0,0.11876671899529043,500.4269293924466,598.747947454844,0.03271693991944274,1.0,1.0,1.0,50,8,2.242678230426051,0,2.242678230426051,False,False,False,True,0,929,4,0.4,0.3,0.3,balanced
1781350162585.0562,0.4,0.3,0.3,594.1208791208792,609.8888888888889,0.11882417582417584,416.1179529282977,508.31143951833604,0.027092591923168628,1.0,1.0,1.0,49,8,2.244342552093379,1,2.244342552093379,False,False,False,True,0,930,4,0.4,0.3,0.3,balanced
1781350165305.445,0.4,0.3,0.3,597.513343799058,614.2222222222222,0.11950266875981161,427.6190476190476,515.1587301587301,0.02785984306998316,1.0,1.0,1.0,47,8,2.24384097957508,1,2.24384097957508,False,False,False,True,0,931,4,0.4,0.3,0.3,balanced
1781350168024.8389,0.4,0.3,0.3,598.2433281004709,615.6666666666666,0.11964866562009417,399.12698412698404,492.9761904761904,0.02595910501180681,1.0,1.0,1.0,46,8,2.2443528022484203,1,2.2443528022484203,False,False,False,True,0,932,4,0.4,0.3,0.3,balanced
1781350174328.654,0.4,0.3,0.3,601.8194662480377,619.6666666666666,0.12036389324960753,377.2023809523809,472.5793650793651,0.024496489723307598,1.0,1.0,1.0,44,8,2.2445054957831645,1,2.2445054957831645,False,False,False,True,0,933,4,0.4,0.3,0.3,balanced
1781350177149.211,0.4,0.3,0.3,511.331240188383,555.1111111111111,0.1022662480376766,392.4259259259259,431.2222222222222,0.025512069774911668,0.8398744113029827,0.8888888888888888,0.8398744113029827,46,8,2.2034022032433507,0,2.2034022032433507,False,False,False,True,0,934,4,0.4,0.3,0.3,balanced
1781350179870.1602,0.4,0.3,0.3,601.5337519623233,619.1111111111111,0.12030675039246466,391.7526455026454,485.3042328042328,0.02546715446982291,1.0,1.0,1.0,44,8,2.244237153502067,1,2.244237153502067,False,False,False,True,0,935,4,0.4,0.3,0.3,balanced
1781350182590.114,0.4,0.3,0.3,601.1915227629513,619.6666666666666,0.12023830455259026,393.51190476190476,490.9126984126984,0.025584516661901584,1.0,1.0,1.0,43,8,2.2442293231803934,1,2.2442293231803934,False,False,False,True,0,936,4,0.4,0.3,0.3,balanced
1781350185315.36,0.4,0.3,0.3,605.3814756671899,623.8888888888889,0.12107629513343797,355.9692827748383,448.8918283362728,0.02308000552200389,1.0,1.0,1.0,41,8,2.2446454802900235,1,2.2446454802900235,False,False,False,True,0,937,4,0.4,0.3,0.3,balanced
1781350188037.3918,0.4,0.3,0.3,604.8320251177394,624.6666666666666,0.12096640502354787,379.7119341563786,460.69958847736626,0.02466390488034547,1.0,1.0,1.0,40,8,2.2442142665264773,1,2.2442142665264773,False,False,False,True,0,938,4,0.4,0.3,0.3,balanced
1781350190760.52,0.4,0.3,0.3,611.3987441130298,631.6666666666666,0.12227974882260596,428.8176072898295,521.8106995884774,0.027939800352890558,1.0,1.0,1.0,38,8,2.2427061603650906,1,2.2427061603650906,False,False,False,True,0,939,4,0.4,0.3,0.3,balanced
1781350193484.99,0.4,0.3,0.3,615.8707241226122,629.4444444444445,0.12317414482452244,637.0728615520281,733.8815402704291,0.04183274593409127,1.0,1.0,1.0,37,8,2.2381805182899637,1,2.2381805182899637,False,False,False,True,0,940,4,0.4,0.3,0.3,balanced
1781350196208.8088,0.4,0.3,0.3,613.9654631083201,635.7777777777778,0.12279309262166403,317.25235155790716,404.4782480893592,0.02049715487377633,1.0,1.0,1.0,35,8,2.2447336164892016,1,2.2447336164892016,False,False,False,True,0,941,4,0.4,0.3,0.3,balanced
1781350198928.608,0.4,0.3,0.3,617.4379905808477,640.1111111111111,0.12348759811616954,279.03925292814176,357.090851535296,0.017947915472190913,0.9940694226408512,0.9958847736625516,0.9940694226408512,34,8,2.2434414129041302,1,2.2434414129041302,False,False,False,True,0,942,4,0.4,0.3,0.3,balanced
1781350201652.931,0.4,0.3,0.3,614.9733124018838,637.1111111111111,0.12299466248037677,304.3702233980012,376.1184597295708,0.01963777340880595,1.0,1.0,1.0,35,8,2.2449108029852076,0,2.2449108029852076,False,False,False,True,0,943,4,0.4,0.3,0.3,balanced
1781350208654.84,0.4,0.3,0.3,361.9120879120879,442.8888888888889,0.07238241758241758,203.9092140921409,213.25880758807588,0.0129359048760601,0.5577210246199793,0.6639566395663956,0.5577210246199793,34,8,2.134482568890209,1,2.134482568890209,False,False,False,True,0,944,4,0.4,0.3,0.3,balanced
1781350214283.092,0.4,0.3,0.3,157.87755102040816,231.55555555555554,0.031575510204081635,60.03429355281207,47.57201646090535,0.0033378448000541744,0.22762951334379902,0.3333333333333333,0.22762951334379902,32,8,2.0546572964814906,1,2.0546572964814906,False,False,False,True,0,945,4,0.4,0.3,0.3,balanced
1781350217100.8289,0.4,0.3,0.3,632.6373626373626,659.0,0.1265274725274725,209.67813051146382,259.73985890652557,0.01332075587134515,1.0,1.0,1.0,29,8,2.2453927842276076,1,2.2453927842276076,False,False,False,True,0,946,4,0.4,0.3,0.3,balanced
1781350219926.506,0.4,0.3,0.3,634.7472527472527,662.5555555555555,0.12694945054945053,191.8577307466196,240.84803057025283,0.012131936674224124,1.0,1.0,1.0,28,8,2.2455806387779527,1,2.2455806387779527,False,False,False,True,0,947,4,0.4,0.3,0.3,balanced
1781350222849.669,0.4,0.3,0.3,639.5416012558869,668.6666666666666,0.12790832025117738,1916.4029019440895,2092.094204220641,0.1271783123378312,0.9884522585085569,0.9883689107827038,0.9884522585085569,26,8,2.207218855750747,1,2.207218855750747,False,False,False,True,0,948,4,0.4,0.3,0.3,balanced
1781350225768.282,0.4,0.3,0.3,642.2605965463108,672.5555555555555,0.12845211930926217,296.85960591133005,354.50966976829045,0.019136731548454307,1.0,1.0,1.0,25,8,2.2428781328117586,1,2.2428781328117586,False,False,False,True,0,949,4,0.4,0.3,0.3,balanced
1781350228691.336,0.4,0.3,0.3,650.9871977240399,664.4444444444445,0.13019743954480797,1424.3973214285713,1518.144499178982,0.0943560588011055,1.0,1.0,1.0,26,8,2.219614206541745,0,2.219614206541745,False,False,False,True,0,950,4,0.4,0.3,0.3,balanced
1781350232605.542,0.4,0.3,0.3,648.9497645211931,680.3333333333334,0.12978995290423861,1318.3289474686535,1608.3519555063674,0.08728011657562731,0.6085691312172148,0.6592140921409214,0.6085691312172148,25,8,2.1044707232307807,1,2.1044707232307807,False,False,False,True,0,951,4,0.4,0.3,0.3,balanced
1781350235527.864,0.4,0.3,0.3,653.7346938775509,686.6666666666666,0.13074693877551016,185.47619047619045,241.3095238095238,0.01170621684297468,1.0,1.0,1.0,23,8,2.2441893594369033,1,2.2441893594369033,False,False,False,True,0,952,4,0.4,0.3,0.3,balanced
1781350238441.073,0.4,0.3,0.3,658.8241758241758,693.4444444444445,0.13176483516483514,180.33509700176364,231.0743680188125,0.011363248632539269,1.0,1.0,1.0,22,8,2.2438850913443043,1,2.2438850913443043,False,False,False,True,0,953,4,0.4,0.3,0.3,balanced
1781350244938.303,0.4,0.3,0.3,669.4191522762951,708.0,0.13388383045525903,179.23868312757202,233.58024691358025,0.011290105612246299,1.0,1.0,1.0,20,8,2.2430594361342227,1,2.2430594361342227,False,False,False,True,0,954,4,0.4,0.3,0.3,balanced
1781350247954.0852,0.4,0.3,0.3,678.5981161695447,718.2222222222222,0.13571962323390893,149.27469135802468,212.9159318048207,0.009291173539561354,0.9941690962099126,0.9960317460317462,0.9941690962099126,19,8,2.241175527507542,1,2.241175527507542,False,False,False,True,0,955,4,0.4,0.3,0.3,balanced
1781350250973.73,0.4,0.3,0.3,692.7849293563578,737.5555555555555,0.13855698587127155,127.6954732510288,178.43621399176953,0.00785159928292387,1.0,1.0,1.0,17,8,2.242221725866614,1,2.242221725866614,False,False,False,True,0,956,4,0.4,0.3,0.3,balanced
1781350253991.533,0.4,0.3,0.3,676.3783359497644,716.0,0.13527566718995288,128.37081128747795,174.09905937683715,0.007896651853734353,1.0,1.0,1.0,19,8,2.2435207375678985,0,2.2435207375678985,False,False,False,True,0,957,4,0.4,0.3,0.3,balanced
1781350257214.053,0.4,0.3,0.3,583.3061224489795,621.5555555555555,0.1166612244897959,161.39684139784944,231.41151433691755,0.010099855997188089,0.8785321821036106,0.8819444444444444,0.8785321821036106,20,8,2.213865208036008,0,2.213865208036008,False,False,False,True,0,958,4,0.4,0.3,0.3,balanced
1781350296274.3909,0.4,0.3,0.3,678.0894819466248,718.0,0.13561789638932495,145.71502057613165,183.80217519106407,0.009053703840969422,1.0,1.0,1.0,19,8,2.2430367302919794,1,2.2430367302919794,False,False,False,True,1,959,4,0.4,0.3,0.3,balanced
1781350299295.897,0.4,0.3,0.3,692.9481946624803,737.8888888888889,0.13858963893249607,124.91057296612851,156.91832858499524,0.00766581540801391,1.0,1.0,1.0,17,8,2.2422643998045975,1,2.2422643998045975,False,False,False,True,0,960,4,0.4,0.3,0.3,balanced
1781350302420.058,0.4,0.3,0.3,703.5541601255885,750.8888888888889,0.1407108320251177,157.7476484420929,191.28600823045267,0.009856414172254363,1.0,1.0,1.0,16,8,2.2407587429382767,1,2.2407587429382767,False,False,False,True,0,961,4,0.4,0.3,0.3,balanced
1781350305435.189,0.4,0.3,0.3,692.3422291993721,737.0,0.13846844583987442,128.53909465020575,166.2551440329218,0.007907878228832939,1.0,1.0,1.0,17,8,2.2422402581954004,0,2.2422402581954004,False,False,False,True,0,962,4,0.4,0.3,0.3,balanced
1781350344580.146,0.4,0.3,0.3,701.2684458398744,748.3333333333334,0.14025368916797487,120.94356261022925,157.4867724867725,0.007401171621763125,1.0,1.0,1.0,16,8,2.241678172846281,1,2.241678172846281,False,False,False,True,1,963,4,0.4,0.3,0.3,balanced
1781350351689.3562,0.4,0.3,0.3,632.043956043956,712.1111111111111,0.1264087912087912,252.81116750092696,248.71214930169324,0.01619820997337738,0.827673814280957,0.8717382154882155,0.827673814280957,14,8,2.1928791648087573,1,2.1928791648087573,False,False,False,True,0,964,4,0.4,0.3,0.3,balanced
1781350355006.242,0.4,0.3,0.3,738.5337519623234,796.3333333333334,0.1477067503924647,111.9591416813639,143.5554877221544,0.006801810652525944,0.9897668469097041,0.9917695473251028,0.9897668469097041,13,8,2.2358068107201676,1,2.2358068107201676,False,False,False,True,0,965,4,0.4,0.3,0.3,balanced
1781350358429.112,0.4,0.3,0.3,773.3830455259027,842.0,0.15467660910518055,107.83583186360963,151.82980599647263,0.006526739950874558,1.0,1.0,1.0,11,8,2.2361713343726652,1,2.2361713343726652,False,False,False,True,0,966,4,0.4,0.3,0.3,balanced
1781350361949.855,0.4,0.3,0.3,797.2621664050235,872.2222222222222,0.1594524332810047,79.63036449147559,101.76954732510288,0.0046451210467962365,1.0,1.0,1.0,10,8,2.2348254903735594,1,2.2348254903735594,False,False,False,True,0,967,4,0.4,0.3,0.3,balanced
1781350365371.495,0.4,0.3,0.3,774.9748822605965,843.2222222222222,0.1549949764521193,75.41446208112875,101.68577307466198,0.004363873387667028,0.9903005158107199,0.9920634920634921,0.9903005158107199,11,8,2.233783002146068,0,2.233783002146068,False,False,False,True,0,968,4,0.4,0.3,0.3,balanced
1781350368591.779,0.4,0.3,0.3,737.1742543171114,795.2222222222222,0.14743485086342228,109.15637860082303,141.13168724279836,0.00661483513014163,1.0,1.0,1.0,13,8,2.2390416091155885,0,2.2390416091155885,False,False,False,True,0,969,4,0.4,0.3,0.3,balanced
1781350371804.7139,0.4,0.3,0.3,724.767660910518,779.1111111111111,0.1449535321821036,107.55217519106407,136.67989417989418,0.006507816890664714,1.0,1.0,1.0,14,8,2.2400662420599593,0,2.2400662420599593,False,False,False,True,0,970,4,0.4,0.3,0.3,balanced
1781350374926.438,0.4,0.3,0.3,701.9921507064363,749.2222222222222,0.14039843014128725,118.55967078189299,147.65432098765433,0.007242139478445163,1.0,1.0,1.0,16,8,2.2416679860999515,0,2.2416679860999515,False,False,False,True,0,971,4,0.4,0.3,0.3,balanced
1781350378048.5151,0.4,0.3,0.3,690.956043956044,735.5555555555555,0.1381912087912088,151.739417989418,199.98236331569666,0.009455598264804403,1.0,1.0,1.0,17,8,2.241886837004075,0,2.241886837004075,False,False,False,True,0,972,4,0.4,0.3,0.3,balanced
1781350381169.921,0.4,0.3,0.3,702.3956043956044,750.0,0.1404791208791209,143.72439289105955,196.08341247230135,0.008920906797268816,0.9940694226408512,0.9958847736625516,0.9940694226408512,16,8,2.239352906401426,1,2.239352906401426,False,False,False,True,0,973,4,0.4,0.3,0.3,balanced
1781350388473.1318,0.4,0.3,0.3,573.2323390894819,579.2222222222222,0.11464646781789638,126.88756613756613,176.56349206349205,0.007797702877756246,0.8304552590266876,0.7777777777777778,0.8304552590266876,14,8,2.2009386797175208,1,2.2009386797175208,False,False,False,True,0,974,4,0.4,0.3,0.3,balanced
1781350391590.464,0.4,0.3,0.3,704.1428571428572,751.4444444444445,0.14082857142857144,137.7307466196355,185.40858318636097,0.008521063817187159,1.0,1.0,1.0,16,8,2.2411122522834153,0,2.2411122522834153,False,False,False,True,0,975,4,0.4,0.3,0.3,balanced
1781350394713.881,0.4,0.3,0.3,693.7551020408163,738.3333333333334,0.13875102040816326,149.27248677248676,204.8721340388007,0.009291026469145215,1.0,1.0,1.0,17,8,2.2417122838959913,0,2.2417122838959913,False,False,False,True,0,976,4,0.4,0.3,0.3,balanced
1781350397737.735,0.4,0.3,0.3,675.7472527472527,715.7777777777778,0.13514945054945054,161.59391534391534,220.11022927689592,0.01011300302494432,1.0,1.0,1.0,19,8,2.2429063188727363,0,2.2429063188727363,False,False,False,True,0,977,4,0.4,0.3,0.3,balanced
1781350400760.053,0.4,0.3,0.3,670.9152276295132,708.7777777777778,0.13418304552590263,168.7862616310892,220.68828680897647,0.010592812650506284,1.0,1.0,1.0,20,8,2.243148937994487,0,2.243148937994487,False,False,False,True,0,978,4,0.4,0.3,0.3,balanced
1781350403775.0198,0.4,0.3,0.3,676.5494505494505,716.0,0.1353098901098901,183.4347442680776,244.93092298647855,0.01157002963763026,1.0,1.0,1.0,19,8,2.242405035064755,1,2.242405035064755,False,False,False,True,0,979,4,0.4,0.3,0.3,balanced
1781350406790.3372,0.4,0.3,0.3,670.1805337519623,707.8888888888889,0.13403610675039246,153.01293356848913,193.43033509700177,0.009540555941860516,1.0,1.0,1.0,20,8,2.243523390517285,0,2.243523390517285,False,False,False,True,0,980,4,0.4,0.3,0.3,balanced
1781350409803.4128,0.4,0.3,0.3,679.2276295133436,718.7777777777778,0.1358455259026687,173.27013521457965,205.99059376837155,0.010891936972286834,1.0,1.0,1.0,19,8,2.2423942085472466,1,2.2423942085472466,False,False,False,True,0,981,4,0.4,0.3,0.3,balanced
1781350412826.646,0.4,0.3,0.3,669.1883830455258,706.8888888888889,0.13383767660910517,135.35567313345092,174.81628453850675,0.008362619955533751,1.0,1.0,1.0,20,8,2.2439561433696977,0,2.2439561433696977,False,False,False,True,0,982,4,0.4,0.3,0.3,balanced
1781350415740.958,0.4,0.3,0.3,659.2386185243328,694.3333333333334,0.13184772370486655,144.52674897119343,185.1851851851852,0.008974432886670675,1.0,1.0,1.0,22,8,2.2445685806520523,0,2.2445685806520523,False,False,False,True,0,983,4,0.4,0.3,0.3,balanced
1781350418659.17,0.4,0.3,0.3,655.2433281004709,688.6666666666666,0.13104866562009418,175.80834803057024,237.5734861845973,0.011061264044734506,1.0,1.0,1.0,23,8,2.244262154538542,0,2.244262154538542,False,False,False,True,0,984,4,0.4,0.3,0.3,balanced
1781350425148.143,0.4,0.3,0.3,644.4678178963892,675.2222222222222,0.12889356357927784,216.01532567049807,267.6149425287356,0.01374351738962629,1.0,1.0,1.0,25,8,2.244319519351401,0,2.244319519351401,False,False,False,True,0,985,4,0.4,0.3,0.3,balanced
1781350427974.965,0.4,0.3,0.3,640.2919937205651,669.5555555555555,0.128058398744113,223.91263057929726,279.53624564735674,0.014270355609025835,1.0,1.0,1.0,26,8,2.244495533819647,0,2.244495533819647,False,False,False,True,0,986,4,0.4,0.3,0.3,balanced
1781350430798.302,0.4,0.3,0.3,634.3029827315542,661.6666666666666,0.12686059654631082,216.71296296296293,290.9979423868313,0.013790057569243692,1.0,1.0,1.0,28,8,2.2451187441107026,0,2.2451187441107026,False,False,False,True,0,987,4,0.4,0.3,0.3,balanced
1781350433617.394,0.4,0.3,0.3,629.8838304552589,655.5555555555555,0.1259767660910518,244.65828924162258,319.726631393298,0.01565432216421765,1.0,1.0,1.0,29,8,2.244912996914314,0,2.244912996914314,False,False,False,True,0,988,4,0.4,0.3,0.3,balanced
1781350436435.987,0.4,0.3,0.3,633.8084772370486,660.8888888888889,0.12676169544740973,224.97942386831275,293.5449735449736,0.014341522606291712,1.0,1.0,1.0,28,8,2.2449928650391486,1,2.2449928650391486,False,False,False,True,0,989,4,0.4,0.3,0.3,balanced
1781350439254.3281,0.4,0.3,0.3,629.6169544740973,655.5555555555555,0.12592339089481946,219.15637860082305,289.3885949441505,0.013953060613797402,1.0,1.0,1.0,29,8,2.245444725457933,0,2.245444725457933,False,False,False,True,0,990,4,0.4,0.3,0.3,balanced
1781350448984.8062,0.4,0.3,0.3,622.3532182103609,646.1111111111111,0.12447064364207218,204.48717948717947,260.525482747705,0.01297446160688322,1.0,1.0,1.0,32,8,2.246319404061106,0,2.246319404061106,False,False,False,True,0,991,4,0.4,0.3,0.3,balanced
1781350476109.3098,0.4,0.3,0.3,631.624803767661,658.1111111111111,0.1263249607535322,194.25292814181702,252.89332067109842,0.012291723024804338,1.0,1.0,1.0,29,8,2.245782498791146,1,2.245782498791146,False,False,False,True,0,992,4,0.4,0.3,0.3,balanced
1781350503141.605,0.4,0.3,0.3,635.1632653061223,662.2222222222222,0.12703265306122447,178.09275087052865,226.00189933523268,0.011213659164144673,1.0,1.0,1.0,28,8,2.245822841026267,1,2.245822841026267,False,False,False,True,0,993,4,0.4,0.3,0.3,balanced
1781350526482.3079,0.4,0.3,0.3,631.9874411302982,658.1111111111111,0.12639748822605965,185.20180436847102,238.5517568850902,0.011687912232719882,1.0,1.0,1.0,29,8,2.24593463103976,0,2.24593463103976,False,False,False,True,0,994,4,0.4,0.3,0.3,balanced
1781350553396.92,0.4,0.3,0.3,623.5949764521193,647.3333333333334,0.12471899529042386,239.2679645457423,296.0667932890155,0.015294727454685944,1.0,1.0,1.0,32,8,2.245523983647425,0,2.245523983647425,False,False,False,True,0,995,4,0.4,0.3,0.3,balanced
1781350580816.415,0.4,0.3,0.3,633.0926216640503,659.0,0.12661852433281007,203.5889522000633,266.76638176638176,0.012914539839897484,1.0,1.0,1.0,29,8,2.245478228314907,1,2.245478228314907,False,False,False,True,0,996,4,0.4,0.3,0.3,balanced
1781350607944.9912,0.4,0.3,0.3,622.7268445839874,646.6666666666666,0.12454536891679747,240.90139284583725,303.4472934472934,0.015403695319935774,1.0,1.0,1.0,32,8,2.2455607438373004,0,2.2455607438373004,False,False,False,True,0,997,4,0.4,0.3,0.3,balanced
1781350631582.197,0.4,0.3,0.3,620.1585557299842,642.6666666666666,0.12403171114599684,240.51836024058244,303.8588160810383,0.015378142777890756,1.0,1.0,1.0,34,8,2.245773872708234,0,2.245773872708234,False,False,False,True,0,998,4,0.4,0.3,0.3,balanced
1781350658793.115,0.4,0.3,0.3,622.4976452119308,646.1111111111111,0.12449952904238616,215.2769863880975,277.82842671731555,0.013694261933829053,1.0,1.0,1.0,32,8,2.246091909802897,1,2.246091909802897,False,False,False,True,0,999,4,0.4,0.3,0.3,balanced
1781350686010.757,0.4,0.3,0.3,616.6562009419151,639.3333333333334,0.12333124018838303,268.67125672681226,336.7537195314973,0.01725625461819962,1.0,1.0,1.0,34,8,2.245490627539187,0,2.245490627539187,False,False,False,True,0,1000,4,0.4,0.3,0.3,balanced
1781350713335.009,0.4,0.3,0.3,616.0549450549449,637.7777777777778,0.123210989010989,294.23789173789174,371.68882557771445,0.018961834005196247,0.9940694226408512,0.9958847736625516,0.9940694226408512,35,8,2.243247880986301,0,2.243247880986301,False,False,False,True,0,1001,4,0.4,0.3,0.3,balanced
1781350736967.739,0.4,0.3,0.3,617.7331240188383,640.3333333333334,0.12354662480376767,290.7280785058563,364.57898069009184,0.01872769036063084,1.0,1.0,1.0,34,8,2.2449630429703036,1,2.2449630429703036,False,False,False,True,0,1002,4,0.4,0.3,0.3,balanced
1781350763989.0972,0.4,0.3,0.3,614.3830455259027,636.4444444444445,0.12287660910518054,298.6910414688192,373.47103513770185,0.01925890870372376,1.0,1.0,1.0,35,8,2.2450716837468105,0,2.2450716837468105,False,False,False,True,0,1003,4,0.4,0.3,0.3,balanced
1781350791103.533,0.4,0.3,0.3,610.7943485086341,630.7777777777778,0.12215886970172683,301.8866729977841,384.2782526115859,0.019472092928471255,1.0,1.0,1.0,37,8,2.245294824240768,0,2.245294824240768,False,False,False,True,0,1004,4,0.4,0.3,0.3,balanced
1781350818534.029,0.4,0.3,0.3,610.0094191522762,630.1111111111111,0.12200188383045524,313.5976574865463,388.05951250395697,0.020253346063145185,1.0,1.0,1.0,38,8,2.2451232426488743,0,2.2451232426488743,False,False,False,True,0,1005,4,0.4,0.3,0.3,balanced
1781350842071.177,0.4,0.3,0.3,608.2857142857142,628.1111111111111,0.12165714285714284,322.25625197847415,386.70307059195943,0.020830970779084333,1.0,1.0,1.0,40,8,2.2450878516234174,0,2.2450878516234174,False,False,False,True,0,1006,4,0.4,0.3,0.3,balanced
1781350905207.358,0.4,0.3,0.3,604.7817896389324,624.1111111111111,0.12095635792778649,343.5778727445394,425.97182652738206,0.022253360423251458,1.0,1.0,1.0,41,8,2.24494144870191,0,2.24494144870191,False,False,False,True,1,1007,4,0.4,0.3,0.3,balanced
1781350932244.105,0.4,0.3,0.3,601.9073783359497,620.2222222222222,0.12038147566718994,382.84425451092113,483.93320671098445,0.024872865544424357,1.0,1.0,1.0,43,8,2.2443855500697967,0,2.2443855500697967,False,False,False,True,0,1008,4,0.4,0.3,0.3,balanced
1781350955985.634,0.4,0.3,0.3,600.0047095761381,617.2222222222222,0.12000094191522762,359.6684077239633,447.1699905033238,0.02332677836717567,0.9958718530147102,0.9958847736625513,0.9958718530147102,44,8,2.2437631456281695,0,2.2437631456281695,False,False,False,True,0,1009,4,0.4,0.3,0.3,balanced
1781350983510.082,0.4,0.3,0.3,596.342229199372,613.3333333333334,0.1192684458398744,401.93494776828106,493.2431149097816,0.026146427469531757,1.0,1.0,1.0,46,8,2.2444486934231906,0,2.2444486934231906,False,False,False,True,0,1010,4,0.4,0.3,0.3,balanced
1781351010835.886,0.4,0.3,0.3,596.6279434850863,612.5555555555555,0.11932558869701727,395.1954732510287,497.25071225071224,0.025696829436359488,1.0,1.0,1.0,47,8,2.244560715690285,0,2.244560715690285,False,False,False,True,0,1011,4,0.4,0.3,0.3,balanced
1781351038058.1082,0.4,0.3,0.3,592.8571428571429,609.1111111111111,0.11857142857142858,382.5886356441912,475.91801202912325,0.024855812918224897,1.0,1.0,1.0,49,8,2.2451146846959613,0,2.2451146846959613,False,False,False,True,0,1012,4,0.4,0.3,0.3,balanced
1781351061693.5688,0.4,0.3,0.3,592.6546310832025,608.0,0.1185309262166405,400.91722063944286,489.34631212408993,0.026078533731784048,1.0,1.0,1.0,50,8,2.2447640693938085,0,2.2447640693938085,False,False,False,True,0,1013,4,0.4,0.3,0.3,balanced
1781351092218.448,0.4,0.3,0.3,594.392464678179,609.2222222222222,0.1188784929356358,737.9830438378825,930.2261740648836,0.04856457930873132,0.8541938859911209,0.8796893667861411,0.8541938859911209,52,8,2.1941373948304626,0,2.1941373948304626,False,False,False,True,0,1014,4,0.4,0.3,0.3,balanced
1781351119141.109,0.4,0.3,0.3,591.1852433281005,606.4444444444445,0.11823704866562008,434.6557454890788,528.3507439062994,0.028329269212079972,1.0,1.0,1.0,53,8,2.244206399770128,0,2.244206399770128,False,False,False,True,0,1015,4,0.4,0.3,0.3,balanced
1781351145958.354,0.4,0.3,0.3,591.9199372056515,606.2222222222222,0.11838398744113031,491.10636277302945,580.5523899968343,0.032095154287727114,1.0,1.0,1.0,52,8,2.24301785873723,1,2.24301785873723,False,False,False,True,0,1016,4,0.4,0.3,0.3,balanced
1781351169795.6519,0.4,0.3,0.3,588.4301412872841,603.0,0.11768602825745682,4981.42133586578,4734.982589427034,0.3316491885167298,0.9881388452817025,0.9917695473251028,0.9881388452817025,53,8,2.149872485726509,0,2.149872485726509,False,False,False,True,0,1017,4,0.4,0.3,0.3,balanced
1781351196712.065,0.4,0.3,0.3,589.7535321821036,603.7777777777778,0.11795070643642072,423.14656536878755,534.3399810066477,0.027561478677037194,1.0,1.0,1.0,55,8,2.2445512738223203,0,2.2445512738223203,False,False,False,True,0,1018,4,0.4,0.3,0.3,balanced
1781351223428.74,0.4,0.3,0.3,586.717425431711,600.6666666666666,0.11734348508634221,526.4688192465969,670.238999683444,0.03445422409917258,1.0,1.0,1.0,56,8,2.2427263387357113,0,2.2427263387357113,False,False,False,True,0,1019,4,0.4,0.3,0.3,balanced
1781351250346.543,0.4,0.3,0.3,588.9324960753532,602.8888888888889,0.11778649921507064,496.9199113643558,617.173156062045,0.03248298274612114,1.0,1.0,1.0,55,8,2.2431405054901354,1,2.2431405054901354,False,False,False,True,0,1020,4,0.4,0.3,0.3,balanced
1781351273879.127,0.4,0.3,0.3,588.5086342229199,602.5555555555555,0.11770172684458398,477.3472617917062,582.079772079772,0.03117726896542403,1.0,1.0,1.0,56,8,2.2435661285725392,0,2.2435661285725392,False,False,False,True,0,1021,4,0.4,0.3,0.3,balanced
1781351301000.05,0.4,0.3,0.3,584.5588697017268,598.0,0.11691177394034537,488.68945868945866,604.6359607470719,0.03193391985920338,1.0,1.0,1.0,58,8,2.243655114466101,0,2.243655114466101,False,False,False,True,0,1022,4,0.4,0.3,0.3,balanced
1781351327941.057,0.4,0.3,0.3,583.800627943485,597.0,0.116760125588697,516.9349477682811,647.9851218740108,0.03381820865699006,1.0,1.0,1.0,59,8,2.243150487167424,0,2.243150487167424,False,False,False,True,0,1023,4,0.4,0.3,0.3,balanced
1781351354857.1328,0.4,0.3,0.3,582.5981161695447,595.4444444444445,0.11651962323390894,581.9776828110162,721.4561570117125,0.038157283709874326,1.0,1.0,1.0,61,8,2.2419449655934742,0,2.2419449655934742,False,False,False,True,0,1024,4,0.4,0.3,0.3,balanced
1781351378497.901,0.4,0.3,0.3,581.701726844584,594.3333333333334,0.1163403453689168,583.6371320037988,700.4660335549224,0.03826798745855896,0.9957130781306605,0.9957264957264957,0.9957130781306605,64,8,2.2406973890540636,0,2.2406973890540636,False,False,False,True,0,1025,4,0.4,0.3,0.3,balanced
1781351405420.464,0.4,0.3,0.3,580.4332810047096,592.4444444444445,0.11608665620094191,566.0185185185185,724.6597024374803,0.037092629654337454,1.0,1.0,1.0,65,8,2.242437548623322,0,2.242437548623322,False,False,False,True,0,1026,4,0.4,0.3,0.3,balanced
1781351432434.426,0.4,0.3,0.3,579.3328100470958,591.1111111111111,0.11586656200941915,597.412155745489,723.8809749920861,0.03918693500637018,1.0,1.0,1.0,67,8,2.241897294694321,0,2.241897294694321,False,False,False,True,0,1027,4,0.4,0.3,0.3,balanced
1781351455866.822,0.4,0.3,0.3,580.2904238618523,591.8888888888889,0.11605808477237047,668.1544792655903,810.7391579613802,0.04390623610844498,1.0,1.0,1.0,68,8,2.2404048952585183,0,2.2404048952585183,False,False,False,True,0,1028,4,0.4,0.3,0.3,balanced
1781351483081.9858,0.4,0.3,0.3,578.9999999999999,590.7777777777778,0.11579999999999997,594.5781893004115,778.6657169990503,0.03899787787194206,1.0,1.0,1.0,67,8,2.2419806366384174,1,2.2419806366384174,False,False,False,True,0,1029,4,0.4,0.3,0.3,balanced
1781351509901.802,0.4,0.3,0.3,581.7221350078493,593.6666666666666,0.11634442700156986,653.0508072174738,762.6638176638177,0.04289865291644255,1.0,1.0,1.0,65,8,2.2405926333244395,1,2.2405926333244395,False,False,False,True,0,1030,4,0.4,0.3,0.3,balanced
1781351536922.534,0.4,0.3,0.3,581.8649921507064,593.7777777777778,0.11637299843014128,549.8923710034821,677.2792022792023,0.036016835957537165,1.0,1.0,1.0,64,8,2.2426457498406824,1,2.2426457498406824,False,False,False,True,0,1031,4,0.4,0.3,0.3,balanced
1781351560458.259,0.4,0.3,0.3,582.861852433281,594.5555555555555,0.1165723704866562,751.037037037037,856.8603988603988,0.04943542608652682,0.9938413235116531,0.9957264957264957,0.9938413235116531,65,8,2.2366928210328756,0,2.2366928210328756,False,False,False,True,0,1032,4,0.4,0.3,0.3,balanced
1781351587572.37,0.4,0.3,0.3,581.8273155416013,594.0,0.11636546310832024,494.25451092117754,618.3254194365304,0.03230517084197315,1.0,1.0,1.0,64,8,2.24376226350408,1,2.24376226350408,False,False,False,True,0,1033,4,0.4,0.3,0.3,balanced
1781351614593.585,0.4,0.3,0.3,583.7409733124019,597.1111111111111,0.11674819466248039,563.0880025324469,671.9104146881924,0.03689713158988972,1.0,1.0,1.0,61,8,2.242231582658041,1,2.242231582658041,False,False,False,True,0,1034,4,0.4,0.3,0.3,balanced
1781351641429.1602,0.4,0.3,0.3,585.4992150706437,598.4444444444445,0.11709984301412873,505.7890155112377,607.548274770497,0.03307465080128337,1.0,1.0,1.0,59,8,2.2432376675539634,1,2.2432376675539634,False,False,False,True,0,1035,4,0.4,0.3,0.3,balanced
1781351664660.351,0.4,0.3,0.3,586.7927786499215,600.4444444444445,0.1173585557299843,581.4339981006648,668.0183602405824,0.03812101388263274,0.9958718530147102,0.9958847736625513,0.9958718530147102,58,8,2.2403818294476294,1,2.2403818294476294,False,False,False,True,0,1036,4,0.4,0.3,0.3,balanced
1781351691681.737,0.4,0.3,0.3,587.1208791208791,601.2222222222222,0.11742417582417582,470.7716049382716,563.4694523583413,0.03073859939548176,1.0,1.0,1.0,56,8,2.243808749851685,1,2.243808749851685,False,False,False,True,0,1037,4,0.4,0.3,0.3,balanced
1781351718795.24,0.4,0.3,0.3,587.6420722135007,601.2222222222222,0.11752841444270014,456.22190566635004,545.2374169040836,0.029767972359329556,0.9940694226408512,0.9958847736625516,0.9940694226408512,55,8,2.2422790693073766,1,2.2422790693073766,False,False,False,True,0,1038,4,0.4,0.3,0.3,balanced
1781351742022.417,0.4,0.3,0.3,588.3956043956043,603.4444444444445,0.11767912087912087,435.1400759734093,521.2693890471669,0.02836157945119475,1.0,1.0,1.0,53,8,2.244419877812993,1,2.244419877812993,False,False,False,True,0,1039,4,0.4,0.3,0.3,balanced
1781351769234.883,0.4,0.3,0.3,591.4191522762951,606.5555555555555,0.11828383045525902,524.0360873694207,620.4051915163026,0.0342919337804817,1.0,1.0,1.0,52,8,2.242398887683752,1,2.242398887683752,False,False,False,True,0,1040,4,0.4,0.3,0.3,balanced
1781351796551.353,0.4,0.3,0.3,592.1679748822605,608.1111111111111,0.1184335949764521,481.41500474833805,574.4507755618866,0.03144863273838146,1.0,1.0,1.0,50,8,2.243191972187905,1,2.243191972187905,False,False,False,True,0,1041,4,0.4,0.3,0.3,balanced
1781351823778.666,0.4,0.3,0.3,593.497645211931,609.3333333333334,0.11869952904238619,484.94301994301986,588.3175055397277,0.031683990656639086,1.0,1.0,1.0,49,8,2.2430149911860537,1,2.2430149911860537,False,False,False,True,0,1042,4,0.4,0.3,0.3,balanced
1781351847316.644,0.4,0.3,0.3,593.8226059654631,609.2222222222222,0.11876452119309262,463.0785058562836,568.1940487496043,0.030225383979738733,1.0,1.0,1.0,49,8,2.2434265763288415,2,2.2434265763288415,False,False,False,True,0,1043,4,0.4,0.3,0.3,balanced
1781351874432.956,0.4,0.3,0.3,595.1852433281005,611.3333333333334,0.1190370486656201,424.69294080405183,512.2918645140867,0.0276646391463677,1.0,1.0,1.0,47,8,2.2440857887898416,1,2.2440857887898416,False,False,False,True,0,1044,4,0.4,0.3,0.3,balanced
1781351901760.9849,0.4,0.3,0.3,593.0769230769231,609.0,0.11861538461538462,447.8197214308325,539.7578347578349,0.02920745306409823,1.0,1.0,1.0,49,8,2.2437916102346165,0,2.2437916102346165,False,False,False,True,0,1045,4,0.4,0.3,0.3,balanced
1781351931482.924,0.4,0.3,0.3,507.27001569858703,551.5555555555555,0.1014540031397174,506.6558109833972,709.0051085568326,0.03313247571603717,0.8600583090379008,0.9047619047619047,0.8600583090379008,47,8,2.207496148740672,1,2.207496148740672,False,False,False,True,0,1046,4,0.4,0.3,0.3,balanced
1781351954724.28,0.4,0.3,0.3,597.5729984301412,614.3333333333334,0.11951459968602823,452.8545425767648,525.414688192466,0.0295433317262685,1.0,1.0,1.0,46,8,2.243331160607708,1,2.243331160607708,False,False,False,True,0,1047,4,0.4,0.3,0.3,balanced
1781351984052.292,0.4,0.3,0.3,602.2135007849294,618.8888888888889,0.12044270015698587,476.75989782886336,676.3026819923373,0.031138085245421172,0.8768264702330637,0.9145299145299144,0.8768264702330637,44,8,2.2055294354334984,1,2.2055294354334984,False,False,False,True,0,1048,4,0.4,0.3,0.3,balanced
1781352011061.971,0.4,0.3,0.3,599.9466248037676,617.7777777777778,0.11998932496075351,439.7451725229502,537.1668249446027,0.0286687906953269,1.0,1.0,1.0,43,8,2.2434036328071003,1,2.2434036328071003,False,False,False,True,0,1049,4,0.4,0.3,0.3,balanced
1781352047789.735,0.4,0.3,0.3,568.3469387755101,551.6666666666666,0.11366938775510202,506.3460038986355,655.783175888439,0.03311180813199703,0.9377289377289377,0.886039886039886,0.9377289377289377,41,8,2.225917383777041,1,2.225917383777041,False,False,False,True,0,1050,4,0.4,0.3,0.3,balanced
1781352075005.552,0.4,0.3,0.3,605.0235478806907,623.7777777777778,0.12100470957613814,543.6008230452675,539.6707818930041,0.03559711961609523,1.0,1.0,1.0,40,8,2.2409189802847163,1,2.2409189802847163,False,False,False,True,0,1051,4,0.4,0.3,0.3,balanced
1781352098444.308,0.4,0.3,0.3,605.2182103610675,623.3333333333334,0.12104364207221349,337.88461538461536,425.85786641342196,0.021873556730127777,1.0,1.0,1.0,41,8,2.2450204761520762,0,2.2450204761520762,False,False,False,True,0,1052,4,0.4,0.3,0.3,balanced
1781352128374.255,0.4,0.3,0.3,607.2103610675039,626.1111111111111,0.12144207221350077,378.96679438058743,518.3639846743295,0.024614195755876412,0.8628466771323913,0.9037037037037037,0.8628466771323913,40,8,2.202892915527554,1,2.202892915527554,False,False,False,True,0,1053,4,0.4,0.3,0.3,balanced
1781352155490.792,0.4,0.3,0.3,610.0188383045524,630.3333333333334,0.12200376766091049,342.57597340930676,422.43589743589746,0.022186522575670897,1.0,1.0,1.0,38,8,2.2445425361629345,1,2.2445425361629345,False,False,False,True,0,1054,4,0.4,0.3,0.3,balanced
1781352185214.036,0.4,0.3,0.3,525.0706436420722,572.4444444444445,0.10501412872841445,268.8703703703704,309.44444444444446,0.01726953771650236,0.8398744113029828,0.8888888888888888,0.8398744113029828,37,8,2.2047758105845783,1,2.2047758105845783,False,False,False,True,0,1055,4,0.4,0.3,0.3,balanced
1781352208649.219,0.4,0.3,0.3,614.5510204081633,636.5555555555555,0.12291020408163265,299.5979740424185,362.7223805001583,0.019319411210301434,1.0,1.0,1.0,35,8,2.2450400950042564,1,2.2450400950042564,False,False,False,True,0,1056,4,0.4,0.3,0.3,balanced
1781352235965.242,0.4,0.3,0.3,618.6828885400313,640.5555555555555,0.12373657770800625,277.2958214624881,348.75118708452044,0.017831609170279393,1.0,1.0,1.0,34,8,2.2451558861657137,1,2.2451558861657137,False,False,False,True,0,1057,4,0.4,0.3,0.3,balanced
1781352263376.2578,0.4,0.3,0.3,621.6640502354787,645.5555555555555,0.12433281004709575,264.244222855334,326.8249446027224,0.0169609221384479,1.0,1.0,1.0,32,8,2.2451785993396274,1,2.2451785993396274,False,False,False,True,0,1058,4,0.4,0.3,0.3,balanced
1781352290601.358,0.4,0.3,0.3,629.6373626373627,656.0,0.12592747252747255,430.42339347894904,502.5910098132321,0.028046924181384193,0.9940694226408512,0.9958847736625516,0.9940694226408512,29,8,2.239435760526851,1,2.239435760526851,False,False,False,True,0,1059,4,0.4,0.3,0.3,balanced
1781352314340.2852,0.4,0.3,0.3,634.1020408163265,661.0,0.1268204081632653,259.2834441278886,345.943779677113,0.01662998293047956,0.9957130781306605,0.9957264957264957,0.9957130781306605,28,8,2.2429967652947482,1,2.2429967652947482,False,False,False,True,0,1060,4,0.4,0.3,0.3,balanced
1781352341762.315,0.4,0.3,0.3,640.4929356357927,669.2222222222222,0.12809858712715855,187.17315606204494,233.8509021842355,0.011819423353038355,1.0,1.0,1.0,26,8,2.245214738143225,1,2.245214738143225,False,False,False,True,0,1061,4,0.4,0.3,0.3,balanced
1781352369082.927,0.4,0.3,0.3,633.8430141287284,661.0,0.1267686028257457,204.53228869895534,257.5071225071225,0.012977470893859595,1.0,1.0,1.0,28,8,2.2453993176015437,0,2.2453993176015437,False,False,False,True,0,1062,4,0.4,0.3,0.3,balanced
1781352396304.805,0.4,0.3,0.3,640.8806907378336,669.6666666666666,0.1281761381475667,208.15052231718897,259.14055080721744,0.013218847386069979,1.0,1.0,1.0,26,8,2.244763890525152,1,2.244763890525152,False,False,False,True,0,1063,4,0.4,0.3,0.3,balanced
1781352424338.619,0.4,0.3,0.3,646.4615384615385,676.0,0.12929230769230768,288.60763888888886,452.25,0.01858623341486917,0.7776687598116169,0.8472222222222222,0.7776687598116169,25,8,2.176007834842101,1,2.176007834842101,False,False,False,True,0,1064,4,0.4,0.3,0.3,balanced
1781352451453.614,0.4,0.3,0.3,653.938775510204,687.2222222222222,0.1307877551020408,188.767014878126,234.90978157644824,0.011925751492870312,1.0,1.0,1.0,23,8,2.2441071725113226,1,2.2441071725113226,False,False,False,True,0,1065,4,0.4,0.3,0.3,balanced
1781352478961.4639,0.4,0.3,0.3,659.8618524332809,693.6666666666666,0.13197237048665617,157.8616650838873,201.30262741373852,0.009864020352494148,0.9940694226408512,0.9958847736625516,0.9940694226408512,22,8,2.2424726724918447,1,2.2424726724918447,False,False,False,True,0,1066,4,0.4,0.3,0.3,balanced
1781352506192.065,0.4,0.3,0.3,670.1004709576138,708.0,0.13402009419152275,148.5414688192466,194.66761633428303,0.009242259427568152,1.0,1.0,1.0,20,8,2.2436192844951206,1,2.2436192844951206,False,False,False,True,0,1067,4,0.4,0.3,0.3,balanced
1781352529828.33,0.4,0.3,0.3,659.1962323390893,693.1111111111111,0.13183924646781786,214.02421652421654,258.4013928458373,0.013610688227099169,1.0,1.0,1.0,22,8,2.243181094944743,0,2.243181094944743,False,False,False,True,0,1068,4,0.4,0.3,0.3,balanced
1781352556948.699,0.4,0.3,0.3,654.5824175824175,687.1111111111111,0.1309164835164835,185.30785058562836,235.35137701804368,0.011694986696839783,1.0,1.0,1.0,23,8,2.244124910584355,0,2.244124910584355,False,False,False,True,0,1069,4,0.4,0.3,0.3,balanced
1781352584167.825,0.4,0.3,0.3,657.8210361067503,692.6666666666666,0.13156420722135007,182.4002849002849,221.54795821462488,0.011501019673134416,1.0,1.0,1.0,22,8,2.24392401120952,1,2.24392401120952,False,False,False,True,0,1070,4,0.4,0.3,0.3,balanced
1781352611377.4568,0.4,0.3,0.3,670.4442700156986,707.7777777777778,0.13408885400313972,158.96375435264324,206.37828426717314,0.00993754198483277,0.9955319405868857,0.9957264957264957,0.9955319405868857,20,8,2.24204277797936,1,2.24204277797936,False,False,False,True,0,1071,4,0.4,0.3,0.3,balanced
1781352636005.5771,0.4,0.3,0.3,675.7095761381474,715.5555555555555,0.1351419152276295,254.7526855860189,254.31778098444764,0.01632773085964102,0.9818344920385738,0.9722222222222222,0.9818344920385738,19,8,2.235595262262628,1,2.235595262262628,False,False,False,True,0,1072,4,0.4,0.3,0.3,balanced
1781352663522.95,0.4,0.3,0.3,690.85557299843,735.8888888888889,0.138171114599686,142.09559987337764,189.6755302310858,0.008812248156996506,1.0,1.0,1.0,17,8,2.2420878797130266,1,2.2420878797130266,False,False,False,True,0,1073,4,0.4,0.3,0.3,balanced
1781352691143.3252,0.4,0.3,0.3,700.1915227629512,747.2222222222222,0.14003830455259023,151.46327951883507,195.24058246280467,0.009437176752423953,1.0,1.0,1.0,16,8,2.2411535251532366,1,2.2411535251532366,False,False,False,True,0,1074,4,0.4,0.3,0.3,balanced
1781352718451.638,0.4,0.3,0.3,723.8885400313972,777.7777777777778,0.14477770800627943,215.11237733459953,280.6489395378284,0.013683280676090696,0.9940694226408513,0.9958847736625513,0.9940694226408513,14,8,2.2362047593869163,1,2.2362047593869163,False,False,False,True,0,1075,4,0.4,0.3,0.3,balanced
1781352742388.639,0.4,0.3,0.3,736.7409733124018,795.4444444444445,0.14734819466248036,147.25862614751503,181.38968027856916,0.009156679529520682,1.0,1.0,1.0,13,8,2.2383137182761517,1,2.2383137182761517,False,False,False,True,0,1076,4,0.4,0.3,0.3,balanced
1781352769807.142,0.4,0.3,0.3,774.1067503924646,841.6666666666666,0.15482135007849293,110.71383349161124,142.13991769547323,0.006718734722589142,1.0,1.0,1.0,11,8,2.236055839551826,1,2.236055839551826,False,False,False,True,0,1077,4,0.4,0.3,0.3,balanced
1781352797229.835,0.4,0.3,0.3,798.2009419152274,873.5555555555555,0.15964018838304547,132.7136752136752,186.3849319404875,0.008186369260418627,1.0,1.0,1.0,10,8,2.2336880138686563,1,2.2336880138686563,False,False,False,True,0,1078,4,0.4,0.3,0.3,balanced
1781352824650.096,0.4,0.3,0.3,774.4897959183672,843.3333333333334,0.15489795918367344,157.69230769230768,189.08831908831908,0.009852722327705649,1.0,1.0,1.0,11,8,2.235084999628219,0,2.235084999628219,False,False,False,True,0,1079,4,0.4,0.3,0.3,balanced
1781352848588.63,0.4,0.3,0.3,739.7441130298273,797.6666666666666,0.14794882260596545,228.8065843621399,256.8471035137702,0.014596836848708465,0.9880225594511309,0.9917695473251028,0.9880225594511309,13,8,2.2328481877383406,0,2.2328481877383406,False,False,False,True,0,1080,4,0.4,0.3,0.3,balanced
1781352875920.1812,0.4,0.3,0.3,724.7268445839874,779.3333333333334,0.14494536891679746,87.3045267489712,111.44032921810701,0.0051570731653749965,1.0,1.0,1.0,14,8,2.2404747304836685,0,2.2404747304836685,False,False,False,True,0,1081,4,0.4,0.3,0.3,balanced
1781352903343.781,0.4,0.3,0.3,740.4364207221349,798.1111111111111,0.14808728414442698,74.0946502057613,94.73251028806584,0.004275827231872001,1.0,1.0,1.0,13,8,2.2394823381726674,1,2.2394823381726674,False,False,False,True,0,1082,4,0.4,0.3,0.3,balanced
1781352927193.917,0.4,0.3,0.3,726.0973312401884,780.2222222222222,0.1452194662480377,84.62883823994935,106.98163975941753,0.004978574932618368,1.0,1.0,1.0,14,8,2.2404186410209994,0,2.2404186410209994,False,False,False,True,0,1083,4,0.4,0.3,0.3,balanced
1781352954615.05,0.4,0.3,0.3,702.4913657770801,749.5555555555555,0.14049827315541602,97.43798670465337,120.37720797720797,0.005833087838869471,1.0,1.0,1.0,16,8,2.242050764386173,0,2.242050764386173,False,False,False,True,0,1084,4,0.4,0.3,0.3,balanced
1781352982232.086,0.4,0.3,0.3,695.607535321821,739.8888888888889,0.1391215070643642,118.50585628363407,149.06299461855016,0.007238549451876856,1.0,1.0,1.0,17,8,2.2421798323386914,0,2.2421798323386914,False,False,False,True,0,1085,4,0.4,0.3,0.3,balanced
1781353009451.498,0.4,0.3,0.3,676.927786499215,717.1111111111111,0.135385557299843,132.12883823994935,168.34124723013613,0.00814735411874245,1.0,1.0,1.0,19,8,2.24340157084444,0,2.24340157084444,False,False,False,True,0,1086,4,0.4,0.3,0.3,balanced
1781353033090.707,0.4,0.3,0.3,671.7598116169544,709.2222222222222,0.1343519623233909,162.77461221905668,204.54415954415956,0.010191768660377364,1.0,1.0,1.0,20,8,2.24320168447253,0,2.24320168447253,False,False,False,True,0,1087,4,0.4,0.3,0.3,balanced
1781353060917.87,0.4,0.3,0.3,658.9623233908947,693.1111111111111,0.13179246467817893,147.10193099081985,187.22063944286168,0.0091462262168659,1.0,1.0,1.0,22,8,2.244539146263669,0,2.244539146263669,False,False,False,True,0,1088,4,0.4,0.3,0.3,balanced
1781353088153.374,0.4,0.3,0.3,656.3171114599686,688.5555555555555,0.13126342229199373,157.76590693257359,196.98480531813865,0.009857632216982895,1.0,1.0,1.0,23,8,2.244537341418108,0,2.244537341418108,False,False,False,True,0,1089,4,0.4,0.3,0.3,balanced
1781353115372.932,0.4,0.3,0.3,646.717425431711,677.6666666666666,0.12934348508634222,166.72048116492562,213.78442545109212,0.01045500207904774,1.0,1.0,1.0,25,8,2.2451261053417486,0,2.2451261053417486,False,False,False,True,0,1090,4,0.4,0.3,0.3,balanced
1781353139113.491,0.4,0.3,0.3,641.8806907378336,671.1111111111111,0.1283761381475667,208.55808800253243,249.5188350743906,0.013246036557874078,0.9940694226408512,0.9958847736625516,0.9940694226408512,26,8,2.2428965605658666,0,2.2428965605658666,False,False,False,True,0,1091,4,0.4,0.3,0.3,balanced
1781353166225.398,0.4,0.3,0.3,632.9199372056514,659.7777777777778,0.12658398744113028,192.24754669199112,241.04463437796767,0.012157941740626493,1.0,1.0,1.0,28,8,2.24571902250136,0,2.24571902250136,False,False,False,True,0,1092,4,0.4,0.3,0.3,balanced
1781353193443.1829,0.4,0.3,0.3,630.8430141287283,657.3333333333334,0.12616860282574566,237.38762266540047,292.4992086103197,0.015169287702828584,1.0,1.0,1.0,29,8,2.244981772558853,0,2.244981772558853,False,False,False,True,0,1093,4,0.4,0.3,0.3,balanced
1781353220884.191,0.4,0.3,0.3,633.2009419152276,660.0,0.12664018838304553,201.6991136435581,255.66476733143404,0.012788466553939833,1.0,1.0,1.0,28,8,2.2455073846805997,1,2.2455073846805997,False,False,False,True,0,1094,4,0.4,0.3,0.3,balanced
1781353244915.72,0.4,0.3,0.3,629.8100470957613,656.2222222222222,0.12596200941915225,227.63216207660653,275.10921177587846,0.014518489798305972,1.0,1.0,1.0,29,8,2.2452596492928474,0,2.2452596492928474,False,False,False,True,0,1095,4,0.4,0.3,0.3,balanced
1781353272134.509,0.4,0.3,0.3,621.4992150706436,645.7777777777778,0.12429984301412872,236.79012345679013,289.37796771130104,0.015129427849018688,1.0,1.0,1.0,32,8,2.245741234439643,0,2.245741234439643,False,False,False,True,0,1096,4,0.4,0.3,0.3,balanced
1781353299156.047,0.4,0.3,0.3,618.4725274725274,640.0,0.12369450549450549,281.94681861348533,345.8689458689459,0.018141882495896287,1.0,1.0,1.0,34,8,2.245079633053429,0,2.245079633053429,False,False,False,True,0,1097,4,0.4,0.3,0.3,balanced
1781353326277.833,0.4,0.3,0.3,620.4175824175824,644.6666666666666,0.12408351648351647,276.6729977841089,347.1383349161127,0.01779005989220206,0.9958718530147102,0.9958847736625513,0.9958718530147102,32,8,2.243791131343346,1,2.243791131343346,False,False,False,True,0,1098,4,0.4,0.3,0.3,balanced
1781353350314.121,0.4,0.3,0.3,615.7723704866561,637.8888888888889,0.12315447409733121,351.8676796454574,423.6752136752136,0.02280638289829602,0.9940694226408513,0.9958847736625513,0.9940694226408513,34,8,2.242117122283834,0,2.242117122283834,False,False,False,True,0,1099,4,0.4,0.3,0.3,balanced
1781353377533.237,0.4,0.3,0.3,615.0282574568288,636.7777777777778,0.12300565149136576,308.9933523266856,387.40265906932575,0.01994618761352139,1.0,1.0,1.0,35,8,2.2448138831193973,0,2.2448138831193973,False,False,False,True,0,1100,4,0.4,0.3,0.3,balanced
1781353404952.925,0.4,0.3,0.3,609.3893249607535,630.0,0.1218778649921507,336.5772396327952,403.9142133586578,0.02178634020232123,1.0,1.0,1.0,37,8,2.2447129519424434,0,2.2447129519424434,False,False,False,True,0,1101,4,0.4,0.3,0.3,balanced
1781353428883.2542,0.4,0.3,0.3,614.4065934065934,636.2222222222222,0.12288131868131869,320.98765432098764,394.0060145615701,0.0207463411821873,1.0,1.0,1.0,35,8,2.2446235701728163,1,2.2446235701728163,False,False,False,True,0,1102,4,0.4,0.3,0.3,balanced
1781353456602.563,0.4,0.3,0.3,610.5824175824175,631.7777777777778,0.1221164835164835,345.5864197530864,416.40075973409307,0.022387352885462734,1.0,1.0,1.0,37,8,2.2444372007277678,0,2.2444372007277678,False,False,False,True,0,1103,4,0.4,0.3,0.3,balanced
1781353484117.11,0.4,0.3,0.3,608.4018838304552,628.1111111111111,0.12168037676609103,337.6077239632795,411.97233301677744,0.021855084987543662,0.9938413235116532,0.9957264957264957,0.9938413235116532,38,8,2.2429237208507966,0,2.2429237208507966,False,False,False,True,0,1104,4,0.4,0.3,0.3,balanced
1781353511217.6362,0.4,0.3,0.3,604.8602825745683,624.3333333333334,0.12097205651491365,377.76590693257356,453.7970876859766,0.024534083184294432,1.0,1.0,1.0,40,8,2.244250952438746,0,2.244250952438746,False,False,False,True,0,1105,4,0.4,0.3,0.3,balanced
1781353534751.796,0.4,0.3,0.3,603.4976452119308,622.2222222222222,0.12069952904238616,373.173472617917,461.17758784425456,0.024227716652296,1.0,1.0,1.0,41,8,2.244451873387357,0,2.244451873387357,False,False,False,True,0,1106,4,0.4,0.3,0.3,balanced
1781353561984.19,0.4,0.3,0.3,602.1993720565149,620.3333333333334,0.12043987441130298,442.26337448559667,508.7242798353909,0.028836782820920392,1.0,1.0,1.0,43,8,2.2431730153892024,0,2.2431730153892024,False,False,False,True,0,1107,4,0.4,0.3,0.3,balanced
1781353589584.231,0.4,0.3,0.3,604.3296703296703,623.2222222222222,0.12086593406593406,339.8345995568218,420.11396011396016,0.0220036423987206,1.0,1.0,1.0,41,8,2.24505253365401,1,2.24505253365401,False,False,False,True,0,1108,4,0.4,0.3,0.3,balanced
1781353617112.092,0.4,0.3,0.3,604.2307692307692,623.4444444444445,0.12084615384615384,362.4897119341564,449.0123456790123,0.023514990789470072,1.0,1.0,1.0,40,8,2.2446070412246972,1,2.2446070412246972,False,False,False,True,0,1109,4,0.4,0.3,0.3,balanced
1781353640745.676,0.4,0.3,0.3,603.668759811617,622.6666666666666,0.12073375196232339,417.37812598923705,513.3317505539728,0.02717665950561955,1.0,1.0,1.0,41,8,2.243553501363385,0,2.243553501363385,False,False,False,True,0,1110,4,0.4,0.3,0.3,balanced
1781353668258.115,0.4,0.3,0.3,602.888540031397,620.6666666666666,0.12057770800627941,344.4159544159544,427.72554605887944,0.022309269807602027,1.0,1.0,1.0,43,8,2.2450761358552076,0,2.2450761358552076,False,False,False,True,0,1111,4,0.4,0.3,0.3,balanced
1781353695577.092,0.4,0.3,0.3,602.4646781789638,620.0,0.12049293563579276,340.0617283950617,411.6049382716049,0.022018794422619194,1.0,1.0,1.0,44,8,2.245197187418897,0,2.245197187418897,False,False,False,True,0,1112,4,0.4,0.3,0.3,balanced
1781353723103.663,0.4,0.3,0.3,603.9858712715856,621.6666666666666,0.12079717425431712,311.570908515353,398.36815447926557,0.020118139327241692,1.0,1.0,1.0,43,8,2.2456456885001006,1,2.2456456885001006,False,False,False,True,0,1113,4,0.4,0.3,0.3,balanced
1781353746939.39,0.4,0.3,0.3,600.6656200941915,618.2222222222222,0.1201331240188383,351.0185185185185,435.03482114593226,0.02274973439082845,1.0,1.0,1.0,44,8,2.2451218300752163,0,2.2451218300752163,False,False,False,True,0,1114,4,0.4,0.3,0.3,balanced
1781353774370.574,0.4,0.3,0.3,598.9309262166405,615.8888888888889,0.1197861852433281,367.9637543526432,444.49984172206393,0.023880170403778732,1.0,1.0,1.0,46,8,2.244921474781535,0,2.244921474781535,False,False,False,True,0,1115,4,0.4,0.3,0.3,balanced
1781353810302.218,0.4,0.3,0.3,600.1538461538462,619.2222222222222,0.12003076923076923,1125.5405555931873,1186.7816538342856,0.0744189830282313,0.7463298799143481,0.746368348802426,0.7463298799143481,47,8,2.153560961373527,0,2.153560961373527,False,False,False,True,0,1116,4,0.4,0.3,0.3,balanced
1781353849040.53,0.4,0.3,0.3,399.8869701726844,407.3333333333333,0.07997739403453688,284.2073170731707,347.30487804878044,0.018292682926829267,0.6703296703296703,0.6666666666666666,0.6703296703296703,49,8,2.1636201386070377,0,2.1636201386070377,False,False,False,True,0,1117,4,0.4,0.3,0.3,balanced
1781353876558.268,0.4,0.3,0.3,593.9701726844584,609.1111111111111,0.11879403453689168,412.2087685976575,492.1858182969293,0.02683180577702852,1.0,1.0,1.0,50,8,2.2444328444521346,0,2.2444328444521346,False,False,False,True,0,1118,4,0.4,0.3,0.3,balanced
1781353903970.691,0.4,0.3,0.3,591.1773940345369,606.1111111111111,0.11823547880690737,430.1123773345995,532.6812282367838,0.0280261759395997,1.0,1.0,1.0,52,8,2.244297955695357,0,2.244297955695357,False,False,False,True,0,1119,4,0.4,0.3,0.3,balanced
1781353927605.73,0.4,0.3,0.3,589.2323390894819,603.5555555555555,0.11784646781789639,439.7950300728079,553.5090218423552,0.028672116749353427,1.0,1.0,1.0,53,8,2.2442597778480353,0,2.2442597778480353,False,False,False,True,0,1120,4,0.4,0.3,0.3,balanced
1781353958325.4868,0.4,0.3,0.3,519.5729984301413,533.4444444444445,0.10391459968602826,710.841298287535,875.1748307447232,0.04675392250083622,0.8797488226059655,0.8962962962962963,0.8797488226059655,55,8,2.2083326301571273,0,2.2083326301571273,False,False,False,True,0,1121,4,0.4,0.3,0.3,balanced
1781353985636.539,0.4,0.3,0.3,587.7519623233909,601.2222222222222,0.11755039246467817,481.3746438746439,583.2193732193732,0.03144594021845523,1.0,1.0,1.0,56,8,2.243546060948592,0,2.243546060948592,False,False,False,True,0,1122,4,0.4,0.3,0.3,balanced
1781354012969.996,0.4,0.3,0.3,587.2621664050234,600.6666666666666,0.11745243328100469,511.25514403292175,615.1123773345995,0.033439302470508456,1.0,1.0,1.0,58,8,2.242987235946446,0,2.242987235946446,False,False,False,True,0,1123,4,0.4,0.3,0.3,balanced
1781354036916.395,0.4,0.3,0.3,585.4631083202511,598.6666666666666,0.11709262166405021,553.9466603355492,695.2374169040836,0.03628730222385251,1.0,1.0,1.0,59,8,2.2422767606672243,0,2.2422767606672243,False,False,False,True,0,1124,4,0.4,0.3,0.3,balanced
1781354064338.314,0.4,0.3,0.3,583.6530612244898,596.6666666666666,0.11673061224489795,560.8515352959797,683.8762266540044,0.03674793430927149,1.0,1.0,1.0,61,8,2.242283374809259,0,2.242283374809259,False,False,False,True,0,1125,4,0.4,0.3,0.3,balanced
1781354091453.179,0.4,0.3,0.3,584.5682888540031,597.8888888888889,0.11691365777080061,585.9710351377017,746.7584678695789,0.03842368479904615,1.0,1.0,1.0,59,8,2.241707431451966,1,2.241707431451966,False,False,False,True,0,1126,4,0.4,0.3,0.3,balanced
1781354118675.844,0.4,0.3,0.3,584.1632653061224,597.0,0.11683265306122448,1353.8010446343778,1592.1225071225072,0.08964650064272034,1.0,1.0,1.0,61,8,2.226372988582694,0,2.226372988582694,False,False,False,True,0,1127,4,0.4,0.3,0.3,balanced
1781354142415.625,0.4,0.3,0.3,583.5227629513344,595.7777777777778,0.11670455259026687,612.6400759734094,759.3795504906616,0.04020280693618475,1.0,1.0,1.0,64,8,2.241257336883038,0,2.241257336883038,False,False,False,True,0,1128,4,0.4,0.3,0.3,balanced
1781354169840.7231,0.4,0.3,0.3,580.5902668759811,592.7777777777778,0.11611805337519622,675.3909465020575,833.1133270022159,0.04438898909286575,1.0,1.0,1.0,65,8,2.240236081922062,0,2.240236081922062,False,False,False,True,0,1129,4,0.4,0.3,0.3,balanced
1781354197562.928,0.4,0.3,0.3,580.2401883830455,592.3333333333334,0.1160480376766091,620.0783475783475,757.2950300728078,0.040699022520236654,1.0,1.0,1.0,67,8,2.241371078173285,0,2.241371078173285,False,False,False,True,0,1130,4,0.4,0.3,0.3,balanced
1781354224985.0571,0.4,0.3,0.3,582.5698587127158,593.6666666666666,0.11651397174254316,595.959227603672,733.5772079772081,0.039090008512586524,1.0,1.0,1.0,68,8,2.2416674087492066,0,2.2416674087492066,False,False,False,True,0,1131,4,0.4,0.3,0.3,balanced
1781354249443.0908,0.4,0.3,0.3,581.8194662480377,593.4444444444445,0.11636389324960753,564.1627097182651,688.3190883190883,0.036968826532239166,1.0,1.0,1.0,67,8,2.242363794740485,1,2.242363794740485,False,False,False,True,0,1132,4,0.4,0.3,0.3,balanced
1781354277067.241,0.4,0.3,0.3,583.0188383045526,594.6666666666666,0.11660376766091052,555.9488762266539,695.1456157011712,0.03642087232999692,1.0,1.0,1.0,65,8,2.242432231236637,1,2.242432231236637,False,False,False,True,0,1133,4,0.4,0.3,0.3,balanced
1781354304594.91,0.4,0.3,0.3,583.3061224489795,595.7777777777778,0.1166612244897959,504.37559354226016,622.0117125672682,0.032980359809356916,1.0,1.0,1.0,64,8,2.2434414022612748,1,2.2434414022612748,False,False,False,True,0,1134,4,0.4,0.3,0.3,balanced
1781354331905.257,0.4,0.3,0.3,582.9277864992151,596.3333333333334,0.11658555729984303,496.1752136752137,608.3792339347895,0.03243330311375675,1.0,1.0,1.0,61,8,2.2436357861459357,1,2.2436357861459357,False,False,False,True,0,1135,4,0.4,0.3,0.3,balanced
1781354355643.6008,0.4,0.3,0.3,584.2841444270015,596.5555555555555,0.11685682888540029,539.1769547325104,676.7489711934156,0.03530199831437694,1.0,1.0,1.0,64,8,2.242666668951527,0,2.242666668951527,False,False,False,True,0,1136,4,0.4,0.3,0.3,balanced
1781354383156.8389,0.4,0.3,0.3,585.9544740973312,599.0,0.11719089481946623,520.4692940804051,657.2285533396644,0.034053988931314554,1.0,1.0,1.0,61,8,2.2429074453928193,1,2.2429074453928193,False,False,False,True,0,1137,4,0.4,0.3,0.3,balanced
1781354410478.272,0.4,0.3,0.3,587.6043956043956,600.8888888888889,0.11752087912087911,487.0552389996834,611.0652105096549,0.03182489919944519,1.0,1.0,1.0,59,8,2.243444178591815,1,2.243444178591815,False,False,False,True,0,1138,4,0.4,0.3,0.3,balanced
1781354437703.9832,0.4,0.3,0.3,588.4003139717425,601.6666666666666,0.1176800627943485,496.89300411522635,591.8106995884774,0.03248118773283698,1.0,1.0,1.0,58,8,2.2431836185624094,1,2.2431836185624094,False,False,False,True,0,1139,4,0.4,0.3,0.3,balanced
1781354461231.536,0.4,0.3,0.3,589.6923076923077,604.0,0.11793846153846155,498.69104146881926,613.6562203228871,0.03260113685582517,1.0,1.0,1.0,56,8,2.243044274327868,1,2.243044274327868,False,False,False,True,0,1140,4,0.4,0.3,0.3,balanced
1781354488649.524,0.4,0.3,0.3,591.0125588697017,605.6666666666666,0.11820251177394034,436.14434947768274,534.3099081987971,0.028428575682300384,1.0,1.0,1.0,55,8,2.2441904225857336,1,2.2441904225857336,False,False,False,True,0,1141,4,0.4,0.3,0.3,balanced
1781354516676.6409,0.4,0.3,0.3,591.1334379905809,605.5555555555555,0.11822668759811618,612.5063876452765,701.9124496902274,0.04019388843530864,0.9885624579502131,0.9920634920634921,0.9885624579502131,53,8,2.2372198958152247,1,2.2372198958152247,False,False,False,True,0,1142,4,0.4,0.3,0.3,balanced
1781354544005.638,0.4,0.3,0.3,592.386185243328,606.7777777777778,0.1184772370486656,430.92355175688505,537.9154795821462,0.028080290310666115,1.0,1.0,1.0,52,8,2.2441850180873337,1,2.2441850180873337,False,False,False,True,0,1143,4,0.4,0.3,0.3,balanced
1781354567436.427,0.4,0.3,0.3,592.2621664050235,607.4444444444445,0.11845243328100472,450.4439696106362,571.6571699905033,0.029382519653811622,1.0,1.0,1.0,53,8,2.2438042707914545,0,2.2438042707914545,False,False,False,True,0,1144,4,0.4,0.3,0.3,balanced
1781354595055.398,0.4,0.3,0.3,594.0156985871271,609.2222222222222,0.11880313971742541,1355.296884185773,1472.8982951205173,0.08974628980558859,1.0,1.0,1.0,52,8,2.2255548571713533,1,2.2255548571713533,False,False,False,True,0,1145,4,0.4,0.3,0.3,balanced
1781354622380.012,0.4,0.3,0.3,594.9921507064364,610.1111111111111,0.11899843014128728,415.1970560303893,527.0861031972142,0.027031157840586347,1.0,1.0,1.0,50,8,2.2442912805913093,1,2.2442912805913093,False,False,False,True,0,1146,4,0.4,0.3,0.3,balanced
1781354646013.502,0.4,0.3,0.3,595.5321821036106,611.7777777777778,0.11910643642072212,398.28110161443493,506.5954415954416,0.025902675224445292,1.0,1.0,1.0,49,8,2.2445866228643774,1,2.2445866228643774,False,False,False,True,0,1147,4,0.4,0.3,0.3,balanced
1781354673434.5042,0.4,0.3,0.3,598.8492935635792,615.1111111111111,0.11976985871271584,374.8084836973726,470.6837606837606,0.024336790106562547,1.0,1.0,1.0,47,8,2.244791019482945,1,2.244791019482945,False,False,False,True,0,1148,4,0.4,0.3,0.3,balanced
1781354700949.146,0.4,0.3,0.3,599.4725274725274,615.8888888888889,0.11989450549450548,346.36356441911994,437.5830959164293,0.022439197092669776,1.0,1.0,1.0,46,8,2.2453104386743967,1,2.2453104386743967,False,False,False,True,0,1149,4,0.4,0.3,0.3,balanced
1781354728576.8918,0.4,0.3,0.3,602.1538461538461,619.5555555555555,0.12043076923076922,338.3816081038303,422.23013611902496,0.02190671168137627,1.0,1.0,1.0,44,8,2.2452556788032796,1,2.2452556788032796,False,False,False,True,0,1150,4,0.4,0.3,0.3,balanced
1781354752213.9011,0.4,0.3,0.3,604.4489795918367,622.2222222222222,0.12088979591836735,312.3971193415637,396.7458056346946,0.020173256793966893,1.0,1.0,1.0,43,8,2.245592104594463,1,2.245592104594463,False,False,False,True,0,1151,4,0.4,0.3,0.3,balanced
1781354779651.2139,0.4,0.3,0.3,605.3720565149137,623.4444444444445,0.12107441130298273,310.4273504273504,389.542576764799,0.020041851262665136,0.9958718530147102,0.9958847736625513,0.9958718530147102,41,8,2.2443192360044204,1,2.2443192360044204,False,False,False,True,0,1152,4,0.4,0.3,0.3,balanced
1781354806778.6018,0.4,0.3,0.3,602.4835164835164,619.6666666666666,0.12049670329670327,351.6642924976258,440.6093700538145,0.022792814709648154,1.0,1.0,1.0,43,8,2.2449634742684244,0,2.2449634742684244,False,False,False,True,0,1153,4,0.4,0.3,0.3,balanced
1781354833696.4,0.4,0.3,0.3,605.8822605965463,624.8888888888889,0.12117645211930926,364.9453941120608,447.2665400443178,0.02367881214890332,1.0,1.0,1.0,41,8,2.2444257755076054,1,2.2444257755076054,False,False,False,True,0,1154,4,0.4,0.3,0.3,balanced
1781354857243.197,0.4,0.3,0.3,605.8147566718994,625.0,0.12116295133437989,377.1232985121873,444.67711301044636,0.02449121404350816,1.0,1.0,1.0,40,8,2.2441874552531957,1,2.2441874552531957,False,False,False,True,0,1155,4,0.4,0.3,0.3,balanced
1781354884373.117,0.4,0.3,0.3,609.4128728414443,629.3333333333334,0.12188257456828885,297.9708768597657,371.1301044634378,0.01921086570111846,1.0,1.0,1.0,38,8,2.245483710462349,1,2.245483710462349,False,False,False,True,0,1156,4,0.4,0.3,0.3,balanced
1781354911790.66,0.4,0.3,0.3,608.8979591836734,629.8888888888889,0.12177959183673467,323.62219056663497,402.19848053181386,0.02092209410050934,0.9958718530147102,0.9958847736625513,0.9958718530147102,37,8,2.2437730909395666,1,2.2437730909395666,False,False,False,True,0,1157,4,0.4,0.3,0.3,balanced
1781354939421.198,0.4,0.3,0.3,614.6656200941915,636.0,0.1229331240188383,313.0800886356442,373.40930674264007,0.020218818454679398,1.0,1.0,1.0,35,8,2.2447611048560607,1,2.2447611048560607,False,False,False,True,0,1158,4,0.4,0.3,0.3,balanced
1781354963366.698,0.4,0.3,0.3,618.4395604395604,641.3333333333334,0.12368791208791208,245.90534979423867,307.1604938271605,0.015737514996280098,1.0,1.0,1.0,34,8,2.2458035806659513,1,2.2458035806659513,False,False,False,True,0,1159,4,0.4,0.3,0.3,balanced
1781354990685.8,0.4,0.3,0.3,622.4662480376766,646.1111111111111,0.12449324960753531,250.36957898069008,307.96612852168414,0.016035328817924622,1.0,1.0,1.0,32,8,2.2453921015116083,1,2.2453921015116083,False,False,False,True,0,1160,4,0.4,0.3,0.3,balanced
1781355018107.6929,0.4,0.3,0.3,631.0533751962323,657.1111111111111,0.12621067503924646,258.116492560937,331.3358657803102,0.016552134260235957,1.0,1.0,1.0,29,8,2.2445500897062307,1,2.2445500897062307,False,False,False,True,0,1161,4,0.4,0.3,0.3,balanced
1781355045224.959,0.4,0.3,0.3,632.684458398744,660.0,0.1265368916797488,228.37369420702754,292.53719531497313,0.014567958252636928,1.0,1.0,1.0,28,8,2.2450148558523093,1,2.2450148558523093,False,False,False,True,0,1162,4,0.4,0.3,0.3,balanced
1781355069166.1948,0.4,0.3,0.3,638.8979591836734,668.0,0.12777959183673468,247.2515036403925,303.0642608420386,0.015827318454996166,1.0,1.0,1.0,26,8,2.2441399677288074,1,2.2441399677288074,False,False,False,True,0,1163,4,0.4,0.3,0.3,balanced
1781355096850.187,0.4,0.3,0.3,643.8712715855572,674.6666666666666,0.12877425431711145,218.275561886673,274.7040202595758,0.01389430032599553,1.0,1.0,1.0,25,8,2.2443220081753568,1,2.2443220081753568,False,False,False,True,0,1164,4,0.4,0.3,0.3,balanced
1781355123878.953,0.4,0.3,0.3,651.7425431711146,684.7777777777778,0.13034850863422293,187.52690724912947,243.69737258626148,0.011843022498274148,1.0,1.0,1.0,23,8,2.2443076897968286,1,2.2443076897968286,False,False,False,True,0,1165,4,0.4,0.3,0.3,balanced
1781355147417.0452,0.4,0.3,0.3,659.226059654631,693.2222222222222,0.1318452119309262,156.3255777144666,201.79328901551125,0.009761546211772288,1.0,1.0,1.0,22,8,2.244333451364098,1,2.244333451364098,False,False,False,True,0,1166,4,0.4,0.3,0.3,balanced
1781355174945.092,0.4,0.3,0.3,669.5243328100471,707.3333333333334,0.13390486656200942,150.37432731877175,195.16619183285852,0.009364531508924067,1.0,1.0,1.0,20,8,2.243628693922519,1,2.243628693922519,False,False,False,True,0,1167,4,0.4,0.3,0.3,balanced
1781355202258.186,0.4,0.3,0.3,660.6452119309262,695.1111111111111,0.13212904238618522,156.3398227287116,191.98955365622032,0.009762496512922722,1.0,1.0,1.0,22,8,2.244219634091649,0,2.244219634091649,False,False,False,True,0,1168,4,0.4,0.3,0.3,balanced
1781355229687.6309,0.4,0.3,0.3,671.3485086342229,709.6666666666666,0.13426970172684458,146.98797087685978,181.9974675530231,0.009138623807662427,1.0,1.0,1.0,20,8,2.2435505321669633,1,2.2435505321669633,False,False,False,True,0,1169,4,0.4,0.3,0.3,balanced
1781355253628.5652,0.4,0.3,0.3,678.1522762951334,718.4444444444445,0.1356304552590267,124.21098448876225,159.2323520101298,0.007619145062625901,1.0,1.0,1.0,19,8,2.2434620743776015,1,2.2434620743776015,False,False,False,True,0,1170,4,0.4,0.3,0.3,balanced
1781355283161.498,0.4,0.3,0.3,688.6828885400313,731.3333333333334,0.13773657770800626,253.98310104207155,269.35128996348385,0.01627639099680264,0.9574108157852,0.9570333880678709,0.9574108157852,17,8,2.2272456963533167,1,2.2272456963533167,False,False,False,True,0,1171,4,0.4,0.3,0.3,balanced
1781355310984.893,0.4,0.3,0.3,702.2496075353217,748.6666666666666,0.14044992150706434,122.0457423235201,152.6321620766065,0.007474699287759847,1.0,1.0,1.0,16,8,2.2415776216108463,1,2.2415776216108463,False,False,False,True,0,1172,4,0.4,0.3,0.3,balanced
1781355338608.203,0.4,0.3,0.3,702.8477237048664,750.3333333333334,0.1405695447409733,126.66824944602722,166.1348528015195,0.007783072011075865,0.9940694226408513,0.9958847736625513,0.9940694226408513,16,8,2.2396580872925433,2,2.2396580872925433,False,False,False,True,0,1173,4,0.4,0.3,0.3,balanced
1781355362550.448,0.4,0.3,0.3,701.0894819466248,748.6666666666666,0.14021789638932497,151.6176005064894,205.0110794555239,0.009447471681553661,0.9958718530147102,0.9958847736625513,0.9958718530147102,16,8,2.239840155844217,2,2.239840155844217,False,False,False,True,0,1174,4,0.4,0.3,0.3,balanced
1781355390175.2031,0.4,0.3,0.3,724.0219780219779,776.8888888888889,0.1448043956043956,162.7738208293764,209.26717315606206,0.010191715865869005,1.0,1.0,1.0,14,8,2.239020726998481,1,2.239020726998481,False,False,False,True,0,1175,4,0.4,0.3,0.3,balanced
1781355417891.673,0.4,0.3,0.3,738.3406593406593,796.4444444444445,0.14766813186813185,186.94998417220637,238.64197530864197,0.011804535301681546,0.9958718530147102,0.9958847736625513,0.9958718530147102,13,8,2.236152942566656,1,2.236152942566656,False,False,False,True,0,1176,4,0.4,0.3,0.3,balanced
1781355445611.891,0.4,0.3,0.3,724.0313971742543,777.5555555555555,0.14480627943485086,172.11380183602407,215.79138968027857,0.01081479665350394,1.0,1.0,1.0,14,8,2.2388330492300086,0,2.2388330492300086,False,False,False,True,0,1177,4,0.4,0.3,0.3,balanced
1781355469951.0,0.4,0.3,0.3,738.7535321821035,796.3333333333334,0.14775070643642071,135.08863564419119,179.03767014878127,0.008344805579999412,1.0,1.0,1.0,13,8,2.2383962757514317,1,2.2383962757514317,False,False,False,True,0,1178,4,0.4,0.3,0.3,balanced
1781355497771.957,0.4,0.3,0.3,774.087912087912,842.1111111111111,0.1548175824175824,134.15637860082305,172.2633744855967,0.008282613649154306,1.0,1.0,1.0,11,8,2.235588182938221,1,2.235588182938221,False,False,False,True,0,1179,4,0.4,0.3,0.3,balanced
1781355525381.884,0.4,0.3,0.3,798.6216640502354,873.4444444444445,0.15972433281004708,123.92766698322254,156.38968027856916,0.007600244628633925,1.0,1.0,1.0,10,8,2.2338301934873908,1,2.2338301934873908,False,False,False,True,0,1180,4,0.4,0.3,0.3,balanced
1781355553010.344,0.4,0.3,0.3,772.2276295133436,840.4444444444445,0.15444552590266872,138.35390946502056,195.76131687242798,0.008562635721482359,1.0,1.0,1.0,11,8,2.235652998922488,0,2.235652998922488,False,False,False,True,0,1181,4,0.4,0.3,0.3,balanced
1781355576945.724,0.4,0.3,0.3,739.0361067503924,796.5555555555555,0.14780722135007848,153.77572016460906,189.2212725546059,0.0095914423058445,1.0,1.0,1.0,13,8,2.2379996787682153,0,2.2379996787682153,False,False,False,True,0,1182,4,0.4,0.3,0.3,balanced
1781355604972.389,0.4,0.3,0.3,772.8320251177394,841.2222222222222,0.15456640502354788,179.96043051598605,233.48528015194682,0.011338254203868315,1.0,1.0,1.0,11,8,2.2347719617294204,1,2.2347719617294204,False,False,False,True,0,1183,4,0.4,0.3,0.3,balanced
1781355632487.112,0.4,0.3,0.3,737.7692307692306,795.5555555555555,0.14755384615384612,140.380658436214,193.54700854700852,0.008697842457385857,1.0,1.0,1.0,13,8,2.238369108801246,0,2.238369108801246,False,False,False,True,0,1184,4,0.4,0.3,0.3,balanced
1781355660122.244,0.4,0.3,0.3,724.5667189952903,777.4444444444445,0.14491334379905807,169.82985121874012,226.51946818613482,0.010662431702384264,1.0,1.0,1.0,14,8,2.2388359329696614,0,2.2388359329696614,False,False,False,True,0,1185,4,0.4,0.3,0.3,balanced
1781355684462.019,0.4,0.3,0.3,725.3045525902668,779.3333333333334,0.14506091051805337,128.9482431149098,166.3485280151947,0.007935172989653756,0.9958718530147102,0.9958847736625513,0.9958718530147102,14,8,2.2383566398002954,2,2.2383566398002954,False,False,False,True,0,1186,4,0.4,0.3,0.3,balanced
1781355711786.9219,0.4,0.3,0.3,739.4191522762951,797.0,0.14788383045525902,181.50759734093066,239.64070908515356,0.011441467467707182,1.0,1.0,1.0,13,8,2.237414027577584,1,2.237414027577584,False,False,False,True,0,1187,4,0.4,0.3,0.3,balanced
1781355739102.3892,0.4,0.3,0.3,737.8963893249608,795.4444444444445,0.14757927786499214,134.75862614751503,178.31750553972776,0.008322790270014344,1.0,1.0,1.0,13,8,2.2384714517729987,2,2.2384714517729987,False,False,False,True,0,1188,4,0.4,0.3,0.3,balanced
1781355766525.876,0.4,0.3,0.3,773.270015698587,842.0,0.15465400313971742,117.27445394112061,158.26527382082935,0.007156401196872623,1.0,1.0,1.0,11,8,2.2359914783850514,1,2.2359914783850514,False,False,False,True,0,1189,4,0.4,0.3,0.3,balanced
1781355790260.608,0.4,0.3,0.3,737.6059654631083,795.2222222222222,0.14752119309262166,139.07011712567265,173.53118075340296,0.008610414751545874,1.0,1.0,1.0,13,8,2.2384083983374876,0,2.2384083983374876,False,False,False,True,0,1190,4,0.4,0.3,0.3,balanced
1781355820385.134,0.4,0.3,0.3,664.2056514913658,732.2222222222222,0.13284113029827316,88.83333333333331,119.85185185185186,0.005259061596619968,0.8885400313971743,0.8888888888888888,0.8885400313971743,11,8,2.211847838820857,1,2.211847838820857,False,False,False,True,0,1191,4,0.4,0.3,0.3,balanced
1781355847803.7542,0.4,0.3,0.3,739.331240188383,797.1111111111111,0.14786624803767662,139.96517885406774,202.35201012978789,0.008670125340498182,1.0,1.0,1.0,13,8,2.23825246318278,0,2.23825246318278,False,False,False,True,0,1192,4,0.4,0.3,0.3,balanced
1781355875217.9712,0.4,0.3,0.3,725.8430141287284,779.2222222222222,0.1451686028257457,111.13880974992085,145.03482114593226,0.006747085373577108,1.0,1.0,1.0,14,8,2.2399084332576287,0,2.2399084332576287,False,False,False,True,0,1193,4,0.4,0.3,0.3,balanced
1781355899053.425,0.4,0.3,0.3,738.7598116169544,796.4444444444445,0.14775196232339088,108.28505856283635,146.86767964545743,0.006556708376440051,1.0,1.0,1.0,13,8,2.2389322025577116,1,2.2389322025577116,False,False,False,True,0,1194,4,0.4,0.3,0.3,balanced
1781355926495.051,0.4,0.3,0.3,774.1507064364207,842.4444444444445,0.15483014128728415,145.5579297245964,186.80753402975628,0.009043224131060467,1.0,1.0,1.0,11,8,2.2353549762457683,1,2.2353549762457683,False,False,False,True,0,1195,4,0.4,0.3,0.3,balanced
1781355954013.468,0.4,0.3,0.3,738.9340659340659,797.3333333333334,0.14778681318681317,97.43431465653688,128.14498258942706,0.005832842872350693,1.0,1.0,1.0,13,8,2.2391354218635695,0,2.2391354218635695,False,False,False,True,0,1196,4,0.4,0.3,0.3,balanced
1781355981330.568,0.4,0.3,0.3,724.3594976452118,777.6666666666666,0.14487189952904236,116.41104779993667,150.58404558404558,0.007098802388254615,1.0,1.0,1.0,14,8,2.2399215994719066,0,2.2399215994719066,False,False,False,True,0,1197,4,0.4,0.3,0.3,balanced
1781356005467.619,0.4,0.3,0.3,701.8775510204081,749.3333333333334,0.14037551020408162,138.98487315153983,182.22165694387914,0.008604728028788514,0.9940694226408512,0.9958847736625516,0.9940694226408512,16,8,2.2394892043019863,0,2.2394892043019863,False,False,False,True,0,1198,4,0.4,0.3,0.3,balanced
1781356032688.344,0.4,0.3,0.3,725.1475667189952,778.5555555555555,0.14502951334379904,125.27382082937639,165.5049066160177,0.007690048087349992,1.0,1.0,1.0,14,8,2.2396811802362753,1,2.2396811802362753,False,False,False,True,0,1199,4,0.4,0.3,0.3,balanced
1781356060004.414,0.4,0.3,0.3,702.065934065934,749.2222222222222,0.1404131868131868,120.72491294713515,156.25989237100347,0.007386585253311218,1.0,1.0,1.0,16,8,2.241618749698732,0,2.241618749698732,False,True,False,True,0,1200,4,0.4,0.3,0.3,balanced
