timestamp,alpha,beta,delta,power_wam,power_mean,power_normalized,delay_wam,delay_mean,delay_normalized,pdr_wam,pdr_mean,pdr_normalized,current_sf_len,last_ts_in_schedule,reward,episode_index,episode_initial_sf_len,episode_profile,action,applied_action,requested_sf_len,applied_sf_len,action_overridden,action_override_reason,returned_reward,terminated,truncated,wait_timeout,valid_cycle,wait_attempts,cycle_idx,seed,reset_count,step_exception_count,profile
1784735472446.887,0.4,0.3,0.3,771.2590266875981,839.7777777777778,0.15425180533751962,124.08215755437978,183.96678424456206,0.0076105508708725665,0.9999999999999998,1.0,0.9999999999999998,11,8,2.23601611260373,1,10,balanced,0,0,11,11,False,,2.23601611260373,False,False,False,True,0,1,49,1,0,balanced
1784735478725.395,0.4,0.3,0.3,737.1412872841444,794.5555555555555,0.1474282574568289,111.23456790123456,147.4485596707819,0.006753473509088363,0.9999999999999998,1.0,0.9999999999999998,13,8,2.239002654964542,1,10,balanced,0,0,13,13,False,,2.239002654964542,False,False,False,True,0,2,49,1,0,balanced
1784735482042.619,0.4,0.3,0.3,723.9874411302983,776.6666666666666,0.14479748822605965,239.7405937683715,301.4256319811875,0.01532625708928429,0.9942812289751064,0.9960317460317459,0.9942812289751064,14,8,2.2357674962753227,1,10,balanced,0,0,14,14,False,,2.2357674962753227,False,False,False,True,0,3,49,1,0,balanced
1784735485262.5889,0.4,0.3,0.3,699.7299843014127,746.4444444444445,0.13994599686028256,180.83333333333331,232.69841269841268,0.011396486546586612,0.9999999999999998,1.0,0.9999999999999998,16,8,2.240602655291911,1,10,balanced,0,0,16,16,False,,2.240602655291911,False,False,False,True,0,4,49,1,0,balanced
1784735488392.2068,0.4,0.3,0.3,692.0376766091051,736.7777777777778,0.138407535321821,189.15954415954414,235.64102564102566,0.01195193756901562,0.9958718530147099,0.9958847736625513,0.9958718530147099,17,8,2.2398129605049797,1,10,balanced,0,0,17,17,False,,2.2398129605049797,False,False,False,True,0,5,49,1,0,balanced
1784735491517.504,0.4,0.3,0.3,673.8131868131867,713.6666666666666,0.13476263736263733,182.38095238095235,231.90476190476187,0.011499729978715968,0.9999999999999998,1.0,0.9999999999999998,19,8,2.2426450260613304,1,10,balanced,0,0,19,19,False,,2.2426450260613304,False,False,False,True,0,6,49,1,0,balanced
1784735494551.593,0.4,0.3,0.3,670.2056514913658,707.4444444444445,0.13404113029827316,205.8230452674897,261.3991769547325,0.013063578736990641,0.9999999999999998,1.0,0.9999999999999998,20,8,2.2424644742595934,1,10,balanced,0,0,20,20,False,,2.2424644742595934,False,False,False,True,0,7,49,1,0,balanced
1784735497570.122,0.4,0.3,0.3,655.8791208791208,690.6666666666666,0.13117582417582416,194.76190476190476,251.38888888888889,0.012325677435750818,0.9999999999999998,1.0,0.9999999999999998,22,8,2.243831967098945,1,10,balanced,0,0,22,22,False,,2.243831967098945,False,False,False,True,0,8,49,1,0,balanced
1784735500587.928,0.4,0.3,0.3,653.5682888540031,686.2222222222222,0.1307136577708006,189.9206349206349,256.07142857142856,0.012002710801910267,0.9999999999999998,1.0,0.9999999999999998,23,8,2.2441137236511066,1,10,balanced,0,0,23,23,False,,2.2441137236511066,False,False,False,True,0,9,49,1,0,balanced
1784735503620.142,0.4,0.3,0.3,645.6718995290423,675.6666666666666,0.12913437990580848,237.92424139646363,301.29799213132543,0.015205086150531262,0.9958718530147099,0.9958847736625513,0.9958718530147099,25,8,2.2425462780969303,1,10,balanced,0,0,25,25,False,,2.2425462780969303,False,False,False,True,0,10,49,1,0,balanced
1784735506552.444,0.4,0.3,0.3,639.9324960753531,669.1111111111111,0.12798649921507063,234.77660199882422,300.10728982951207,0.014995103535612023,0.9999999999999998,1.0,0.9999999999999998,26,8,2.244306869253288,1,10,balanced,0,0,26,26,False,,2.244306869253288,False,False,False,True,0,11,49,1,0,balanced
1784735512437.18,0.4,0.3,0.3,632.2919937205651,658.8888888888889,0.12645839874411302,295.47545561434447,382.3853615520282,0.019044393303158404,0.9999999999999998,1.0,0.9999999999999998,28,8,2.2437033225114074,1,10,balanced,0,0,28,28,False,,2.2437033225114074,False,False,False,True,0,12,49,1,0,balanced
1784735515365.398,0.4,0.3,0.3,629.7896389324961,656.0,0.12595792778649922,292.89682539682536,362.3015873015873,0.01887236993974819,0.9999999999999998,1.0,0.9999999999999998,29,8,2.243955117903476,1,10,balanced,0,0,29,29,False,,2.243955117903476,False,False,False,True,0,13,49,1,0,balanced
1784735518181.271,0.4,0.3,0.3,621.193092621664,644.6666666666666,0.12423861852433281,294.97388414055075,377.2253877809433,0.019010932897968697,0.9999999999999998,1.0,0.9999999999999998,32,8,2.2446012727208764,1,10,balanced,0,0,32,32,False,,2.2446012727208764,False,False,False,True,0,14,49,1,0,balanced
1784735521211.329,0.4,0.3,0.3,543.9466248037677,597.1111111111111,0.10878932496075354,261.68040621266425,311.13859020310633,0.016789887005514627,0.8398744113029826,0.8888888888888888,0.8398744113029826,29,8,2.203409627304939,1,10,balanced,1,1,29,29,False,,2.203409627304939,False,False,False,True,0,15,49,1,0,balanced
1784735524039.553,0.4,0.3,0.3,631.7362637362637,657.7777777777778,0.12634725274725275,263.53909465020575,337.7366255144033,0.016913882231501386,0.9999999999999998,1.0,0.9999999999999998,29,8,2.2443869342316485,1,10,balanced,2,2,29,29,False,,2.2443869342316485,False,False,False,True,0,16,49,1,0,balanced
1784735526864.093,0.4,0.3,0.3,624.1538461538462,648.1111111111111,0.12483076923076923,285.30864197530866,379.3827160493827,0.018366153567398843,0.9999999999999998,1.0,0.9999999999999998,32,8,2.2445578462374725,1,10,balanced,0,0,32,32,False,,2.2445578462374725,False,False,False,True,0,17,49,1,0,balanced
1784735529688.202,0.4,0.3,0.3,630.8838304552589,656.8888888888889,0.12617676609105177,1088.7780943336497,1223.3396644507754,0.07196651730044361,0.9977324263038547,0.9958847736625513,0.9977324263038547,29,8,2.227259066264603,1,10,balanced,1,1,29,29,False,,2.227259066264603,False,False,False,True,0,18,49,1,0,balanced
1784735532509.9639,0.4,0.3,0.3,629.7974882260596,656.4444444444445,0.12595949764521192,306.23140234251343,379.0155112377335,0.0197619347793538,0.9999999999999998,1.0,0.9999999999999998,29,8,2.243687620508109,1,10,balanced,2,2,29,29,False,,2.243687620508109,False,False,False,True,0,19,49,1,0,balanced
1784735535336.739,0.4,0.3,0.3,621.3218210361067,645.3333333333334,0.12426436420722134,303.84553203997643,392.41328630217527,0.01960277064976494,0.9999999999999998,1.0,0.9999999999999998,32,8,2.244413423122182,1,10,balanced,0,0,32,32,False,,2.244413423122182,False,False,False,True,0,20,49,1,0,balanced
1784735538259.9001,0.4,0.3,0.3,631.9686028257456,658.5555555555555,0.12639372056514914,272.7709359605911,333.5194307608101,0.017529748896637165,0.9999999999999998,1.0,0.9999999999999998,29,8,2.244183587104949,1,10,balanced,1,1,29,29,False,,2.244183587104949,False,False,False,True,0,21,49,1,0,balanced
1784735541091.289,0.4,0.3,0.3,622.9843014128728,645.7777777777778,0.12459686028257456,294.50470311581415,365.4938271604938,0.018979633296585335,0.9999999999999998,1.0,0.9999999999999998,32,8,2.2444673658979943,1,10,balanced,0,0,32,32,False,,2.2444673658979943,False,False,False,True,0,22,49,1,0,balanced
1784735543917.752,0.4,0.3,0.3,631.4505494505494,657.5555555555555,0.1262901098901099,244.54336815447925,314.0661601772713,0.01564665564739688,0.9999999999999998,1.0,0.9999999999999998,29,8,2.244789959349737,1,10,balanced,1,1,29,29,False,,2.244789959349737,False,False,False,True,0,23,49,1,0,balanced
1784735551500.593,0.4,0.3,0.3,246.00784929356357,293.3333333333333,0.04920156985871271,114.44444444444443,127.06739526411656,0.006967608034986286,0.3877551020408163,0.4444444444444444,0.3877551020408163,32,8,2.094555620258264,1,10,balanced,0,0,32,32,False,,2.094555620258264,False,False,False,True,0,24,49,1,0,balanced
1784735554523.4849,0.4,0.3,0.3,631.0470957613815,656.5555555555555,0.1262094191522763,337.0684181718664,468.8762999452655,0.021819107282979748,0.8785254154712281,0.9157088122605364,0.8785254154712281,29,8,2.206528124795564,1,10,balanced,1,1,29,29,False,,2.206528124795564,False,False,False,True,0,25,49,1,0,balanced
1784735557350.465,0.4,0.3,0.3,629.4929356357927,655.8888888888889,0.12589858712715854,266.8930041152263,340.7407407407407,0.017137625357920367,0.9999999999999998,1.0,0.9999999999999998,29,8,2.2444992775417605,1,10,balanced,2,2,29,29,False,,2.2444992775417605,False,False,False,True,0,26,49,1,0,balanced
1784735560172.083,0.4,0.3,0.3,620.6938775510204,644.7777777777778,0.12413877551020407,285.0918577307466,360.0646678424456,0.018351691643145204,0.9999999999999998,1.0,0.9999999999999998,32,8,2.2448389823029746,1,10,balanced,0,0,32,32,False,,2.2448389823029746,False,False,False,True,0,27,49,1,0,balanced
1784735563100.386,0.4,0.3,0.3,629.9466248037676,655.8888888888889,0.12598932496075352,313.7059082892416,388.72574955908294,0.020260567597681228,0.9999999999999998,1.0,0.9999999999999998,29,8,2.2435260997363944,1,10,balanced,1,1,29,29,False,,2.2435260997363944,False,False,False,True,0,28,49,1,0,balanced
1784735565931.7131,0.4,0.3,0.3,622.8775510204081,646.7777777777778,0.12457551020408161,301.9620811287478,393.2084068195179,0.01947712349091046,0.9999999999999998,1.0,0.9999999999999998,32,8,2.244326658871094,1,10,balanced,0,0,32,32,False,,2.244326658871094,False,False,False,True,0,29,49,1,0,balanced
1784735568857.717,0.4,0.3,0.3,630.9827315541601,657.2222222222222,0.12619654631083202,257.20532039976484,334.6061140505585,0.016491348925934946,0.9899022511619273,0.9883689107827038,0.9899022511619273,29,8,2.241544652146465,1,10,balanced,1,1,29,29,False,,2.241544652146465,False,False,False,True,0,30,49,1,0,balanced
1784735571679.638,0.4,0.3,0.3,619.9623233908947,644.2222222222222,0.12399246467817893,281.53145208700766,356.65784832451504,0.018114172921081233,0.9999999999999998,1.0,0.9999999999999998,32,8,2.244968762252404,1,10,balanced,0,0,32,32,False,,2.244968762252404,False,False,False,True,0,31,49,1,0,balanced
1784735574707.631,0.4,0.3,0.3,543.8932496075353,596.1111111111111,0.10877864992150706,243.1690561529271,281.3727598566308,0.015554973726012482,0.8398744113029826,0.8888888888888888,0.8398744113029826,29,8,2.2037843713044882,1,10,balanced,1,1,29,29,False,,2.2037843713044882,False,False,False,True,0,32,49,1,0,balanced
1784735577533.877,0.4,0.3,0.3,629.8257456828885,656.1111111111111,0.1259651491365777,265.57613168724276,354.238683127572,0.017049775296013526,0.9999999999999998,1.0,0.9999999999999998,29,8,2.244499007756565,1,10,balanced,2,2,29,29,False,,2.244499007756565,False,False,False,True,0,33,49,1,0,balanced
1784735583263.2192,0.4,0.3,0.3,621.7503924646782,646.0,0.12435007849293563,318.93738977072314,397.7087007642563,0.020609565695178328,0.9999999999999998,1.0,0.9999999999999998,32,8,2.244077098894272,1,10,balanced,0,0,32,32,False,,2.244077098894272,False,False,False,True,0,34,49,1,0,balanced
1784735586190.87,0.4,0.3,0.3,630.4427001569859,656.4444444444445,0.1260885400313972,279.4745484400657,351.59414340448825,0.017976954532359285,0.9999999999999998,1.0,0.9999999999999998,29,8,2.2441714976277334,1,10,balanced,1,1,29,29,False,,2.2441714976277334,False,False,False,True,0,35,49,1,0,balanced
1784735589022.1392,0.4,0.3,0.3,622.2794348508635,646.4444444444445,0.1244558869701727,333.3679848957627,423.51727490616383,0.021572247157822726,0.9880225594511307,0.9917695473251028,0.9880225594511307,32,8,2.240152738899923,1,10,balanced,0,0,32,32,False,,2.240152738899923,False,False,False,True,0,36,49,1,0,balanced
1784735591853.916,0.4,0.3,0.3,628.9905808477237,656.1111111111111,0.12579811616954473,299.3273187717632,395.5207344096233,0.019301355488443174,0.9999999999999998,1.0,0.9999999999999998,29,8,2.243890346885649,1,10,balanced,1,1,29,29,False,,2.243890346885649,False,False,False,True,0,37,49,1,0,balanced
1784735594679.729,0.4,0.3,0.3,622.7990580847722,646.6666666666666,0.12455981161695445,314.2341609008276,398.8637905304572,0.020295807932009847,0.9999999999999998,1.0,0.9999999999999998,32,8,2.2440873329736153,1,10,balanced,0,0,32,32,False,,2.2440873329736153,False,False,False,True,0,38,49,1,0,balanced
1784735597597.179,0.4,0.3,0.3,631.3390894819465,658.1111111111111,0.1262678178963893,310.8569756127227,374.16605850513895,0.020070512048880766,0.9999999999999998,1.0,0.9999999999999998,29,8,2.24347171922678,1,10,balanced,1,1,29,29,False,,2.24347171922678,False,False,False,True,0,39,49,1,0,balanced
1784735600425.584,0.4,0.3,0.3,621.7378335949763,646.0,0.12434756671899527,323.4597295708407,397.03703703703707,0.020911256142150815,0.9999999999999998,1.0,0.9999999999999998,32,8,2.2439875964697564,1,10,balanced,0,0,32,32,False,,2.2439875964697564,False,False,False,True,0,40,49,1,0,balanced
1784735603248.621,0.4,0.3,0.3,629.7394034536891,655.6666666666666,0.1259478806907378,262.0979740424185,323.8113327002216,0.016817743431782422,0.9999999999999998,1.0,0.9999999999999998,29,8,2.24457552469417,1,10,balanced,1,1,29,29,False,,2.24457552469417,False,False,False,True,0,41,49,1,0,balanced
1784735606076.8289,0.4,0.3,0.3,622.3516483516482,645.6666666666666,0.12447032967032964,304.3959435626102,383.1128747795414,0.019639489230327566,0.9942812289751064,0.9960317460317462,0.9942812289751064,32,8,2.242604390055302,1,10,balanced,0,0,32,32,False,,2.242604390055302,False,False,False,True,0,42,49,1,0,balanced
1784735608908.529,0.4,0.3,0.3,631.6718995290423,657.4444444444445,0.12633437990580845,273.8255777144666,354.764165875277,0.01760010525113186,0.9999999999999998,1.0,0.9999999999999998,29,8,2.244186216462337,1,10,balanced,1,1,29,29,False,,2.244186216462337,False,False,False,True,0,43,49,1,0,balanced
1784735611730.552,0.4,0.3,0.3,621.0172684458398,644.2222222222222,0.12420345368916796,301.275720164609,390.4526748971194,0.019431335568019282,0.9942812289751064,0.9960317460317459,0.9942812289751064,32,8,2.242773586546459,1,10,balanced,0,0,32,32,False,,2.242773586546459,False,False,False,True,0,44,49,1,0,balanced
1784735614760.694,0.4,0.3,0.3,618.1779739776952,652.1111111111111,0.12363559479553904,423.1119342479297,459.1995020759235,0.027559168395458952,0.9500224330214075,0.9279693486590038,0.9500224330214075,29,8,2.227284741469569,1,10,balanced,1,1,29,29,False,,2.227284741469569,False,False,False,True,0,45,49,1,0,balanced
1784735620547.616,0.4,0.3,0.3,629.7299843014129,655.6666666666666,0.12594599686028257,276.50205761316874,353.99176954732513,0.017778656278396848,0.9999999999999998,1.0,0.9999999999999998,29,8,2.244288004372368,1,10,balanced,2,2,29,29,False,,2.244288004372368,False,False,False,True,0,46,49,1,0,balanced
1784735623373.3052,0.4,0.3,0.3,622.8634222919937,646.5555555555555,0.12457268445839875,287.8064373897707,368.1613756613757,0.018532784348883967,0.9999999999999998,1.0,0.9999999999999998,32,8,2.244611090911975,1,10,balanced,0,0,32,32,False,,2.244611090911975,False,False,False,True,0,47,49,1,0,balanced
1784735626194.682,0.4,0.3,0.3,629.1444270015697,655.7777777777778,0.12582888540031395,306.6722063944286,383.9363722697056,0.01979134132050891,0.9999999999999998,1.0,0.9999999999999998,29,8,2.243731043443722,1,10,balanced,1,1,29,29,False,,2.243731043443722,False,False,False,True,0,48,49,1,0,balanced
1784735629018.334,0.4,0.3,0.3,622.1350078492934,645.5555555555555,0.12442700156985868,354.8170194003527,463.0540858318635,0.023003136717835403,0.9999999999999998,1.0,0.9999999999999998,32,8,2.243328258356706,1,10,balanced,0,0,32,32,False,,2.243328258356706,False,False,False,True,0,49,49,1,0,balanced
1784735631940.164,0.4,0.3,0.3,628.6954474097331,654.8888888888889,0.12573908948194662,1958.8881072453871,2123.072958331579,0.1300125488489251,0.9783376109906723,0.9800117577895355,0.9783376109906723,29,8,2.2042018828497456,1,10,balanced,1,1,29,29,False,,2.2042018828497456,False,False,False,True,0,50,49,1,0,balanced
1784735634765.91,0.4,0.3,0.3,633.3296703296703,660.7777777777778,0.12666593406593407,265.08942703387146,345.4384298828743,0.01701730667337368,0.9999999999999998,1.0,0.9999999999999998,28,8,2.2442284343716143,1,10,balanced,1,1,28,28,False,,2.2442284343716143,False,False,False,True,0,51,49,1,0,balanced
1784735637593.5781,0.4,0.3,0.3,628.8602825745683,655.1111111111111,0.12577205651491366,477.71367521367523,748.6435580880026,0.031201712822793545,0.9999999999999998,1.0,0.9999999999999998,29,8,2.2403306635471965,1,10,balanced,0,0,29,29,False,,2.2403306635471965,False,False,False,True,0,52,49,1,0,balanced
1784735640412.639,0.4,0.3,0.3,622.0549450549449,646.2222222222222,0.12441098901098899,329.60905349794234,419.5061728395062,0.021321484556233644,0.9999999999999998,1.0,0.9999999999999998,32,8,2.243839159028734,1,10,balanced,0,0,32,32,False,,2.243839159028734,False,False,False,True,0,53,49,1,0,balanced
1784735643230.502,0.4,0.3,0.3,632.0235478806908,658.0,0.12640470957613817,256.5740740740741,324.28458372902816,0.016449237763447238,0.9999999999999998,1.0,0.9999999999999998,29,8,2.2445033448405107,1,10,balanced,1,1,29,29,False,,2.2445033448405107,False,False,False,True,0,54,49,1,0,balanced
1784735646055.292,0.4,0.3,0.3,623.806907378336,647.4444444444445,0.12476138147566719,277.5095532039976,350.5188124632569,0.01784586745857222,0.9999999999999998,1.0,0.9999999999999998,32,8,2.2447416871721613,1,10,balanced,0,0,32,32,False,,2.2447416871721613,False,False,False,True,0,55,49,1,0,balanced
1784735648887.158,0.4,0.3,0.3,631.6828885400314,657.5555555555555,0.12633657770800627,253.463121240899,320.7249129471352,0.016241702551093997,0.9999999999999998,1.0,0.9999999999999998,29,8,2.2445928581514694,1,10,balanced,1,1,29,29,False,,2.2445928581514694,False,False,False,True,0,56,49,1,0,balanced
1784735654882.669,0.4,0.3,0.3,535.5682888540031,586.0,0.10711365777080062,252.2043010752688,304.40860215053766,0.016157725221832474,0.8398744113029826,0.8888888888888888,0.8398744113029826,32,8,2.2042695427160246,1,10,balanced,0,0,32,32,False,,2.2042695427160246,False,False,False,True,0,57,49,1,0,balanced
1784735657817.2742,0.4,0.3,0.3,629.6750392464678,655.5555555555555,0.12593500784929357,300.5042419266557,381.22742200328406,0.01937986937469351,0.9999999999999998,1.0,0.9999999999999998,29,8,2.2438120360478746,1,10,balanced,1,1,29,29,False,,2.2438120360478746,False,False,False,True,0,58,49,1,0,balanced
1784735660636.113,0.4,0.3,0.3,621.5620094191522,645.4444444444445,0.12431240188383044,286.6460905349794,371.7283950617284,0.018455376286522975,0.9999999999999998,1.0,0.9999999999999998,32,8,2.244738426360511,1,10,balanced,0,0,32,32,False,,2.244738426360511,False,False,False,True,0,59,49,1,0,balanced
1784735663760.3928,0.4,0.3,0.3,631.0518053375196,657.6666666666666,0.1262103610675039,412.1390784394817,533.9341225530742,0.02682715666707683,0.8438632028493779,0.872520908004779,0.8438632028493779,29,8,2.194626669427689,1,10,balanced,1,1,29,29,False,,2.194626669427689,False,False,False,True,0,60,49,1,0,balanced
1784735666679.993,0.4,0.3,0.3,632.0518053375196,658.6666666666666,0.12641036106750392,250.23515579071136,325.82745443856555,0.016026361293576475,0.9999999999999998,1.0,0.9999999999999998,29,8,2.2446279471849255,1,10,balanced,2,2,29,29,False,,2.2446279471849255,False,False,False,True,0,61,49,1,0,balanced
1784735669608.8318,0.4,0.3,0.3,623.9843014128727,647.6666666666666,0.12479686028257454,300.79638752052546,373.29638752052546,0.019399358740528717,0.9999999999999998,1.0,0.9999999999999998,32,8,2.2442614482648113,1,10,balanced,0,0,32,32,False,,2.2442614482648113,False,False,False,True,0,62,49,1,0,balanced
1784735672534.7021,0.4,0.3,0.3,631.2951334379906,657.4444444444445,0.1262590266875981,275.8429118773946,352.1291735084839,0.01773468391443593,0.9999999999999998,1.0,0.9999999999999998,29,8,2.2441759841506297,1,10,balanced,1,1,29,29,False,,2.2441759841506297,False,False,False,True,0,63,49,1,0,balanced
1784735675364.978,0.4,0.3,0.3,621.3265306122448,645.3333333333334,0.12426530612244896,281.3121240899019,353.724279835391,0.01809954130019359,0.9999999999999998,1.0,0.9999999999999998,32,8,2.2448640151609625,1,10,balanced,0,0,32,32,False,,2.2448640151609625,False,False,False,True,0,64,49,1,0,balanced
1784735678192.5881,0.4,0.3,0.3,630.7315541601255,657.0,0.1261463108320251,248.57470718581828,311.66666666666674,0.015915590872969867,0.9999999999999998,1.0,0.9999999999999998,29,8,2.244766798405299,1,10,balanced,1,1,29,29,False,,2.244766798405299,False,False,False,True,0,65,49,1,0,balanced
1784735681022.67,0.4,0.3,0.3,624.3343799058085,647.8888888888889,0.12486687598116171,313.5248496359608,377.77302943969613,0.0202484889683763,0.9999999999999998,1.0,0.9999999999999998,32,8,2.243978702917022,1,10,balanced,0,0,32,32,False,,2.243978702917022,False,False,False,True,0,66,49,1,0,balanced
1784735683852.693,0.4,0.3,0.3,631.1240188383046,657.2222222222222,0.1262248037676609,231.2962962962963,292.4279835390946,0.014762928372001088,0.9999999999999998,1.0,0.9999999999999998,29,8,2.2450811999813354,1,10,balanced,1,1,29,29,False,,2.2450811999813354,False,False,False,True,0,67,49,1,0,balanced
1784735689608.274,0.4,0.3,0.3,623.888540031397,647.4444444444445,0.12477770800627941,275.6981187536743,357.6528512639624,0.01772502459997827,0.9999999999999998,1.0,0.9999999999999998,32,8,2.2447714094174946,1,10,balanced,0,0,32,32,False,,2.2447714094174946,False,False,False,True,0,68,49,1,0,balanced
1784735692433.4258,0.4,0.3,0.3,629.043956043956,655.6666666666666,0.12580879120879118,429.9952516619183,594.6232985121874,0.028018362352362797,0.9999999999999998,1.0,0.9999999999999998,29,8,2.2412709748107744,1,10,balanced,1,1,29,29,False,,2.2412709748107744,False,False,False,True,0,69,49,1,0,balanced
1784735695262.395,0.4,0.3,0.3,622.171114599686,645.7777777777778,0.1244342229199372,300.9097589653145,380.55996472663145,0.01940692187894026,0.9999999999999998,1.0,0.9999999999999998,32,8,2.244404234268343,1,10,balanced,0,0,32,32,False,,2.244404234268343,False,False,False,True,0,70,49,1,0,balanced
1784735698091.263,0.4,0.3,0.3,629.2040816326529,655.2222222222222,0.12584081632653057,262.3955365622032,345.95441595441594,0.01683759416692483,0.9958718530147099,0.9958847736625513,0.9958718530147099,29,8,2.2433739511237234,1,10,balanced,1,1,29,29,False,,2.2433739511237234,False,False,False,True,0,71,49,1,0,balanced
1784735700921.942,0.4,0.3,0.3,621.7864992150705,645.8888888888889,0.12435729984301411,278.58833039388594,354.26954732510285,0.017917833915536086,0.9999999999999998,1.0,0.9999999999999998,32,8,2.2448817298881334,1,10,balanced,0,0,32,32,False,,2.2448817298881334,False,False,False,True,0,72,49,1,0,balanced
1784735703751.516,0.4,0.3,0.3,629.4238618524333,655.3333333333334,0.12588477237048668,286.0018993352326,375.4938271604938,0.018412401556719988,0.9999999999999998,1.0,0.9999999999999998,29,8,2.2441223705847895,1,10,balanced,1,1,29,29,False,,2.2441223705847895,False,False,False,True,0,73,49,1,0,balanced
1784735706575.221,0.4,0.3,0.3,622.1098901098901,646.4444444444445,0.12442197802197802,282.7594062316285,352.0825984714874,0.01819609114287048,0.9999999999999998,1.0,0.9999999999999998,32,8,2.244772381448348,1,10,balanced,0,0,32,32,False,,2.244772381448348,False,False,False,True,0,74,49,1,0,balanced
1784735709398.064,0.4,0.3,0.3,631.1805337519623,657.5555555555555,0.12623610675039246,255.27557319223985,329.23721340388005,0.01636261328834155,0.9999999999999998,1.0,0.9999999999999998,29,8,2.2445967733133405,1,10,balanced,1,1,29,29,False,,2.2445967733133405,False,False,False,True,0,75,49,1,0,balanced
1784735712228.6538,0.4,0.3,0.3,621.3971742543171,646.1111111111111,0.12427943485086342,310.9303350970018,397.4941211052322,0.020075405943762628,0.9999999999999998,1.0,0.9999999999999998,32,8,2.2442656042765257,1,10,balanced,0,0,32,32,False,,2.2442656042765257,False,False,False,True,0,76,49,1,0,balanced
1784735715056.931,0.4,0.3,0.3,631.4693877551019,656.8888888888889,0.1262938775510204,284.0321304210193,357.28236783792335,0.01828099602541823,0.9999999999999998,1.0,0.9999999999999998,29,8,2.2439981501719664,1,10,balanced,1,1,29,29,False,,2.2439981501719664,False,False,False,True,0,77,49,1,0,balanced
1784735717883.817,0.4,0.3,0.3,622.5353218210361,646.4444444444445,0.1245070643642072,321.7210464432687,404.4944150499706,0.020795266607289437,0.9999999999999998,1.0,0.9999999999999998,32,8,2.2439585942721303,1,10,balanced,0,0,32,32,False,,2.2439585942721303,False,False,False,True,0,78,49,1,0,balanced
1784735723741.7441,0.4,0.3,0.3,629.6546310832025,655.8888888888889,0.1259309262166405,234.70238095238093,302.6984126984127,0.014990152164935353,0.9999999999999998,1.0,0.9999999999999998,29,8,2.245130583863863,1,10,balanced,1,1,29,29,False,,2.245130583863863,False,False,False,True,0,79,49,1,0,balanced
1784735726570.7349,0.4,0.3,0.3,621.1083202511774,645.1111111111111,0.12422166405023548,291.1272780717225,373.48618459729573,0.018754321419060874,0.9999999999999998,1.0,0.9999999999999998,32,8,2.2446850379541874,1,10,balanced,0,0,32,32,False,,2.2446850379541874,False,False,False,True,0,80,49,1,0,balanced
1784735729391.834,0.4,0.3,0.3,630.010989010989,656.2222222222222,0.1260021978021978,250.24691358024688,319.1358024691358,0.01602714566912921,0.9999999999999998,1.0,0.9999999999999998,29,8,2.244790977178382,1,10,balanced,1,1,29,29,False,,2.244790977178382,False,False,False,True,0,81,49,1,0,balanced
1784735732210.43,0.4,0.3,0.3,621.9152276295133,645.7777777777778,0.12438304552590267,288.7602880658436,378.90652557319225,0.018596416815599974,0.9999999999999998,1.0,0.9999999999999998,32,8,2.2446678567449587,1,10,balanced,0,0,32,32,False,,2.2446678567449587,False,False,False,True,0,82,49,1,0,balanced
1784735735039.845,0.4,0.3,0.3,633.5353218210361,659.5555555555555,0.1267070643642072,263.6625514403292,333.62139917695475,0.01692211817480515,0.9999999999999998,1.0,0.9999999999999998,29,8,2.2442405388018756,1,10,balanced,1,1,29,29,False,,2.2442405388018756,False,False,False,True,0,83,49,1,0,balanced
1784735737859.318,0.4,0.3,0.3,622.9120879120878,646.4444444444445,0.12458241758241756,251.41166960611406,345.57760141093473,0.016104847872322487,0.9999999999999998,1.0,0.9999999999999998,32,8,2.245335578605336,1,10,balanced,0,0,32,32,False,,2.245335578605336,False,False,False,True,0,84,49,1,0,balanced
1784735742090.56,0.4,0.3,0.3,625.7409733124019,652.7777777777778,0.1251481946624804,1953.5048150255209,2171.302969259372,0.12965342328389065,0.6136320336611881,0.6028987150415721,0.6136320336611881,29,8,2.095134305248197,1,10,balanced,1,1,29,29,False,,2.095134305248197,False,False,False,True,0,85,49,1,0,balanced
1784735745008.7668,0.4,0.3,0.3,632.6091051805337,659.5555555555555,0.12652182103610674,265.58360700602077,334.1146688560482,0.017050273983056755,0.996156552806799,0.9961685823754789,0.996156552806799,28,8,2.24312315523268,1,10,balanced,1,1,28,28,False,,2.24312315523268,False,False,False,True,0,86,49,1,0,balanced
1784735747839.404,0.4,0.3,0.3,628.9419152276294,654.8888888888889,0.12578838304552586,285.75973409306744,348.1259892371003,0.018396246437162603,0.9999999999999998,1.0,0.9999999999999998,29,8,2.244165772850641,1,10,balanced,0,0,29,29,False,,2.244165772850641,False,False,False,True,0,87,49,1,0,balanced
1784735751068.4841,0.4,0.3,0.3,457.4458398744113,507.3333333333333,0.09148916797488227,218.21942110177403,259.6741363211952,0.01389055511019173,0.7238394258802422,0.7746031746031746,0.7238394258802422,32,8,2.176388994041062,1,10,balanced,0,0,32,32,False,,2.176388994041062,False,False,False,True,0,88,49,1,0,balanced
1784735753996.5798,0.4,0.3,0.3,631.1569858712714,657.1111111111111,0.1262313971742543,282.24206349206344,357.0238095238095,0.018161578618549928,0.9999999999999998,1.0,0.9999999999999998,29,8,2.244058967544733,1,10,balanced,1,1,29,29,False,,2.244058967544733,False,False,False,True,0,89,49,1,0,balanced
1784735759778.845,0.4,0.3,0.3,619.9623233908948,644.0,0.12399246467817895,320.6038303260525,407.9068873513318,0.02072073584563392,0.9999999999999998,1.0,0.9999999999999998,32,8,2.244186793375038,1,10,balanced,0,0,32,32,False,,2.244186793375038,False,False,False,True,0,90,49,1,0,balanced
1784735762600.7258,0.4,0.3,0.3,630.2354788069074,656.7777777777778,0.12604709576138148,303.14814814814815,381.19341563786,0.019556247374793074,0.9999999999999998,1.0,0.9999999999999998,29,8,2.2437142874830096,1,10,balanced,1,1,29,29,False,,2.2437142874830096,False,False,False,True,0,91,49,1,0,balanced
1784735765423.156,0.4,0.3,0.3,622.1695447409733,646.5555555555555,0.12443390894819466,339.26146384479716,437.87477954144623,0.02196540786156085,0.9999999999999998,1.0,0.9999999999999998,32,8,2.2436368140622536,1,10,balanced,0,0,32,32,False,,2.2436368140622536,False,False,False,True,0,92,49,1,0,balanced
1784735768355.8718,0.4,0.3,0.3,629.8791208791209,656.6666666666666,0.12597582417582417,676.2073780129335,736.4226925338036,0.04444345417030911,0.9999999999999998,1.0,0.9999999999999998,29,8,2.2362766340785774,1,10,balanced,1,1,29,29,False,,2.2362766340785774,False,False,False,True,0,93,49,1,0,balanced
1784735771390.286,0.4,0.3,0.3,617.276295133438,647.1111111111111,0.1234552590266876,14265.63970990695,15037.76363802226,0.9510099873186758,0.9921507064364206,0.9885057471264367,0.9921507064364206,29,8,1.9629601121246485,1,10,balanced,2,2,29,29,False,,1.9629601121246485,False,False,False,True,0,94,49,1,0,balanced
1784735774323.941,0.4,0.3,0.3,632.8383045525902,660.0,0.12656766091051805,262.0436507936508,336.5079365079365,0.01681411946588731,0.9999999999999998,1.0,0.9999999999999998,28,8,2.2443286997960263,1,10,balanced,1,1,28,28,False,,2.2443286997960263,False,False,False,True,0,95,49,1,0,balanced
1784735777242.363,0.4,0.3,0.3,632.5510204081633,658.4444444444445,0.12651020408163266,266.555829228243,342.2482211275315,0.017115132036573916,0.9999999999999998,1.0,0.9999999999999998,29,8,2.2442613787563745,1,10,balanced,0,0,29,29,False,,2.2442613787563745,False,False,False,True,0,96,49,1,0,balanced
1784735780069.788,0.4,0.3,0.3,624.175824175824,647.8888888888889,0.1248351648351648,288.3568489124045,375.1675485008818,0.018569502929446594,0.9999999999999998,1.0,0.9999999999999998,32,8,2.2444950831871,1,10,balanced,0,0,32,32,False,,2.2444950831871,False,False,False,True,0,97,49,1,0,balanced
1784735782899.516,0.4,0.3,0.3,630.5777080062794,656.7777777777778,0.12611554160125588,247.5126622348845,327.2063944286167,0.015844740642754134,0.9999999999999998,1.0,0.9999999999999998,29,8,2.2448003611666714,1,10,balanced,1,1,29,29,False,,2.2448003611666714,False,False,False,True,0,98,49,1,0,balanced
1784735785720.358,0.4,0.3,0.3,623.5180533751962,647.1111111111111,0.12470361067503925,283.2032627865961,350.0161669606114,0.0182257013199864,0.9999999999999998,1.0,0.9999999999999998,32,8,2.244650845333988,1,10,balanced,0,0,32,32,False,,2.244650845333988,False,False,False,True,0,99,49,1,0,balanced
1784735788650.759,0.4,0.3,0.3,631.993720565149,658.3333333333334,0.12639874411302982,850.0527833525919,881.7434977396664,0.05604087947649045,0.9944784279759649,0.9961685823754789,0.9944784279759649,29,8,2.2309717669046303,1,10,balanced,1,1,29,29,False,,2.2309717669046303,False,False,False,True,0,100,49,1,0,balanced
1784735791585.134,0.4,0.3,0.3,631.6028257456829,658.1111111111111,0.1263205651491366,2844.7654094876316,2722.3111970334194,0.18911043425534568,0.9706004501922869,0.9760435038212817,0.9706004501922869,29,8,2.1839187787214276,1,10,balanced,2,2,29,29,False,,2.1839187787214276,False,False,False,True,0,101,49,1,0,balanced
1784735797383.218,0.4,0.3,0.3,634.8116169544741,662.3333333333334,0.1269623233908948,237.44618550174104,302.95821462488124,0.015173194496447034,0.9940694226408511,0.9958847736625516,0.9940694226408511,28,8,2.2428839390869633,1,10,balanced,1,1,28,28,False,,2.2428839390869633,False,False,False,True,0,102,49,1,0,balanced
1784735800205.436,0.4,0.3,0.3,631.4003139717425,657.3333333333334,0.1262800627943485,265.42181069958843,336.36752136752136,0.017039480366883818,0.9999999999999998,1.0,0.9999999999999998,29,8,2.244376130772195,1,10,balanced,0,0,29,29,False,,2.244376130772195,False,False,False,True,0,103,49,1,0,balanced
1784735806034.189,0.4,0.3,0.3,124.28571428571429,233.55555555555554,0.02485714285714286,402.4149352604637,268.27662350697585,0.026178447982686037,0.17739403453689168,0.3333333333333333,0.17739403453689168,32,8,2.0354218188234046,1,10,balanced,0,0,32,32,False,,2.0354218188234046,False,False,False,True,0,104,49,1,0,balanced
1784735808966.198,0.4,0.3,0.3,632.2386185243328,658.8888888888889,0.12644772370486657,249.82006020799128,319.2186644772852,0.01599866979372857,0.9999999999999998,1.0,0.9999999999999998,29,8,2.2446213095799346,1,10,balanced,1,1,29,29,False,,2.2446213095799346,False,False,False,True,0,105,49,1,0,balanced
1784735811794.558,0.4,0.3,0.3,622.36420722135,646.1111111111111,0.12447284144426998,279.7949735449735,354.77072310405646,0.017998330456635993,0.9999999999999998,1.0,0.9999999999999998,32,8,2.244811364285301,1,10,balanced,0,0,32,32,False,,2.244811364285301,False,False,False,True,0,106,49,1,0,balanced
1784735814714.735,0.4,0.3,0.3,632.4599686028257,659.0,0.12649199372056513,287.26190476190476,366.6666666666667,0.018496457956097716,0.9999999999999998,1.0,0.9999999999999998,29,8,2.2438542651249445,1,10,balanced,1,1,29,29,False,,2.2438542651249445,False,False,False,True,0,107,49,1,0,balanced
1784735817741.1,0.4,0.3,0.3,535.2919937205651,585.1111111111111,0.10705839874411302,267.4910394265233,312.83154121863794,0.017177520975752054,0.8398744113029826,0.8888888888888888,0.8398744113029826,32,8,2.203985707600524,1,10,balanced,0,0,32,32,False,,2.203985707600524,False,False,False,True,0,108,49,1,0,balanced
1784735820571.709,0.4,0.3,0.3,630.6671899529042,657.0,0.12613343799058085,273.86831275720164,356.33744855967075,0.017602956154583165,0.9999999999999998,1.0,0.9999999999999998,29,8,2.2442657379573925,1,10,balanced,1,1,29,29,False,,2.2442657379573925,False,False,False,True,0,109,49,1,0,balanced
1784735823392.874,0.4,0.3,0.3,621.2072213500785,645.5555555555555,0.1242414442700157,322.4706055261611,418.64491475602586,0.02084527054877659,0.9999999999999998,1.0,0.9999999999999998,32,8,2.2440498411273606,1,10,balanced,0,0,32,32,False,,2.2440498411273606,False,False,False,True,0,110,49,1,0,balanced
1784735826220.9028,0.4,0.3,0.3,628.7503924646782,654.8888888888889,0.12575007849293562,290.0324469768914,376.40550807217477,0.018681283987784614,0.9999999999999998,1.0,0.9999999999999998,29,8,2.2440955834064904,1,10,balanced,1,1,29,29,False,,2.2440955834064904,False,False,False,True,0,111,49,1,0,balanced
1784735833867.3142,0.4,0.3,0.3,633.4379905808476,662.5555555555555,0.1266875981161695,1431.2231160913957,1641.706553435944,0.09481141534965949,0.5105941021623084,0.5034956920921833,0.5105941021623084,32,8,2.074059766797327,1,10,balanced,0,0,32,32,False,,2.074059766797327,False,False,False,True,0,112,49,1,0,balanced
1784735836792.104,0.4,0.3,0.3,628.7927786499215,654.7777777777778,0.1257585557299843,427.3329329603275,521.9524012244319,0.027840756034711645,0.9942812289751064,0.9960317460317459,0.9942812289751064,29,8,2.2396287195901246,1,10,balanced,1,1,29,29,False,,2.2396287195901246,False,False,False,True,0,113,49,1,0,balanced
1784735839614.48,0.4,0.3,0.3,622.5714285714286,646.2222222222222,0.12451428571428572,330.24544385655497,426.00676072898295,0.021363938883025683,0.9960192868356132,0.9960317460317462,0.9960192868356132,32,8,2.242590890100062,1,10,balanced,0,0,32,32,False,,2.242590890100062,False,False,False,True,0,114,49,1,0,balanced
1784735842446.838,0.4,0.3,0.3,629.4458398744113,655.3333333333334,0.12588916797488225,287.866413421969,382.64640709085154,0.01853678541841021,0.9999999999999998,1.0,0.9999999999999998,29,8,2.244083297184524,1,10,balanced,1,1,29,29,False,,2.244083297184524,False,False,False,True,0,115,49,1,0,balanced
1784735845280.396,0.4,0.3,0.3,621.2307692307692,645.2222222222222,0.12424615384615384,297.7454438565549,375.09994121105234,0.0191958268083092,0.9999999999999998,1.0,0.9999999999999998,32,8,2.244542790419046,1,10,balanced,0,0,32,32,False,,2.244542790419046,False,False,False,True,0,116,49,1,0,balanced
1784735848307.974,0.4,0.3,0.3,632.7990580847724,658.8888888888889,0.12655981161695448,306.5657962109575,419.96791261307385,0.01978424257578102,0.8760318022990834,0.913978494623656,0.8760318022990834,29,8,2.206250343270209,1,10,balanced,1,1,29,29,False,,2.206250343270209,False,False,False,True,0,117,49,1,0,balanced
1784735851139.005,0.4,0.3,0.3,630.993720565149,657.0,0.1261987441130298,290.4115226337448,372.1810699588477,0.018706572557287846,0.9999999999999998,1.0,0.9999999999999998,29,8,2.2439085305876016,1,10,balanced,2,2,29,29,False,,2.2439085305876016,False,False,False,True,0,118,49,1,0,balanced
1784735853962.071,0.4,0.3,0.3,625.5510204081633,648.3333333333334,0.12511020408163265,283.7229231673676,364.13602858047307,0.0182603684567957,0.9880225594511307,0.9917695473251028,0.9880225594511307,32,8,2.2408845756656475,1,10,balanced,0,0,32,32,False,,2.2408845756656475,False,False,False,True,0,119,49,1,0,balanced
1784735856783.746,0.4,0.3,0.3,630.9073783359497,657.2222222222222,0.12618147566718993,257.5925925925926,325.49224438113333,0.01651718429570331,0.9999999999999998,1.0,0.9999999999999998,29,8,2.244572254444413,1,10,balanced,1,1,29,29,False,,2.244572254444413,False,False,False,True,0,120,49,1,0,balanced
1784735859615.5789,0.4,0.3,0.3,621.9686028257456,646.1111111111111,0.12439372056514912,276.6419640030751,349.47779586668474,0.017787989593267182,0.9958718530147099,0.9958847736625513,0.9958718530147099,32,8,2.2436676708003733,1,10,balanced,0,0,32,32,False,,2.2436676708003733,False,False,False,True,0,121,49,1,0,balanced
1784735865421.664,0.4,0.3,0.3,631.3657770800628,658.0,0.12627315541601256,265.7320354542577,339.2782526115859,0.01706017581415995,0.9999999999999998,1.0,0.9999999999999998,29,8,2.244372685089347,1,10,balanced,1,1,29,29,False,,2.244372685089347,False,False,False,True,0,122,49,1,0,balanced
1784735868252.449,0.4,0.3,0.3,623.8697017268446,647.4444444444445,0.12477394034536891,285.8436213991769,372.41916519694297,0.018401842655048493,0.9999999999999998,1.0,0.9999999999999998,32,8,2.244569871065338,1,10,balanced,0,0,32,32,False,,2.244569871065338,False,False,False,True,0,123,49,1,0,balanced
1784735871871.634,0.4,0.3,0.3,423.9576138147566,438.8888888888889,0.08479152276295132,178.43792747451283,228.54632855852367,0.011236686289160296,0.6703296703296702,0.6666666666666666,0.6703296703296702,29,8,2.1638112861069723,1,10,balanced,1,1,29,29,False,,2.1638112861069723,False,False,False,True,0,124,49,1,0,balanced
1784735874800.828,0.4,0.3,0.3,634.3390894819465,661.5555555555555,0.12686781789638932,242.93582375478928,310.09852216748766,0.0155394145266704,0.9999999999999998,1.0,0.9999999999999998,28,8,2.2445910484834433,1,10,balanced,1,1,28,28,False,,2.2445910484834433,False,False,False,True,0,125,49,1,0,balanced
1784735877630.651,0.4,0.3,0.3,630.7598116169544,656.8888888888889,0.12615196232339088,252.24912947135167,313.1956315289649,0.016160715775273626,0.9999999999999998,1.0,0.9999999999999998,29,8,2.2446910003380616,1,10,balanced,0,0,29,29,False,,2.2446910003380616,False,False,False,True,0,126,49,1,0,balanced
1784735880455.2441,0.4,0.3,0.3,623.3579277864991,647.4444444444445,0.12467158555729982,298.0816714150048,372.0212092434315,0.019218256932288513,0.9999999999999998,1.0,0.9999999999999998,32,8,2.2443658886973936,1,10,balanced,0,0,32,32,False,,2.2443658886973936,False,False,False,True,0,127,49,1,0,balanced
1784735883382.7,0.4,0.3,0.3,630.6530612244898,656.6666666666666,0.12613061224489797,268.9963054187192,345.9797482211275,0.01727793898723944,0.9999999999999998,1.0,0.9999999999999998,29,8,2.244364373405869,1,10,balanced,1,1,29,29,False,,2.244364373405869,False,False,False,True,0,128,49,1,0,balanced
1784735886202.516,0.4,0.3,0.3,623.8932496075353,647.1111111111111,0.12477864992150706,434.1354067742957,558.3178447067336,0.028294556822834938,0.9939531368102794,0.9958847736625513,0.9939531368102794,32,8,2.2397861140276305,1,10,balanced,0,0,32,32,False,,2.2397861140276305,False,False,False,True,0,129,49,1,0,balanced
1784735889034.059,0.4,0.3,0.3,632.1664050235478,657.8888888888889,0.12643328100470955,264.82747704969927,339.12788857233306,0.016999831691107355,0.9999999999999998,1.0,0.9999999999999998,29,8,2.244326738090784,1,10,balanced,1,1,29,29,False,,2.244326738090784,False,False,False,True,0,130,49,1,0,balanced
1784735891864.429,0.4,0.3,0.3,623.9513343799057,647.6666666666666,0.12479026687598113,283.17974720752494,366.07142857142856,0.018224132568880915,0.9999999999999998,1.0,0.9999999999999998,32,8,2.244616653478943,1,10,balanced,0,0,32,32,False,,2.244616653478943,False,False,False,True,0,131,49,1,0,balanced
1784735894689.95,0.4,0.3,0.3,632.1459968602826,658.4444444444445,0.12642919937205652,264.5037986704653,340.78980690091805,0.016978238737189146,0.9999999999999998,1.0,0.9999999999999998,29,8,2.2443348486300208,1,10,balanced,1,1,29,29,False,,2.2443348486300208,False,False,False,True,0,132,49,1,0,balanced
1784735897520.71,0.4,0.3,0.3,622.2511773940345,645.8888888888889,0.12445023547880689,279.7200176366843,357.34273956496185,0.017993330062487278,0.9999999999999998,1.0,0.9999999999999998,32,8,2.244821906789731,1,10,balanced,0,0,32,32,False,,2.244821906789731,False,False,False,True,0,133,49,1,0,balanced
1784735903269.095,0.4,0.3,0.3,631.5604395604395,658.2222222222222,0.1263120879120879,265.27856916745804,332.98512187401076,0.01702992456087112,0.9999999999999998,1.0,0.9999999999999998,29,8,2.2443661874669036,1,10,balanced,1,1,29,29,False,,2.2443661874669036,False,False,False,True,0,134,49,1,0,balanced
1784735906092.945,0.4,0.3,0.3,622.392464678179,646.0,0.12447849293563579,271.65049970605526,354.701646090535,0.01745500331594765,0.997925543843911,0.9960317460317462,0.997925543843911,32,8,2.244349764984135,1,10,balanced,0,0,32,32,False,,2.244349764984135,False,False,False,True,0,135,49,1,0,balanced
1784735908923.875,0.4,0.3,0.3,630.2103610675039,656.2222222222222,0.12604207221350078,265.05539727761953,329.85438429882873,0.017015036509514313,0.9999999999999998,1.0,0.9999999999999998,29,8,2.2444786601617452,1,10,balanced,1,1,29,29,False,,2.2444786601617452,False,False,False,True,0,136,49,1,0,balanced
1784735911753.349,0.4,0.3,0.3,622.0282574568287,645.5555555555555,0.12440565149136573,270.7003233392122,358.5640799529689,0.017391615966591875,0.9999999999999998,1.0,0.9999999999999998,32,8,2.245020254613476,1,10,balanced,0,0,32,32,False,,2.245020254613476,False,False,False,True,0,137,49,1,0,balanced
1784735914684.327,0.4,0.3,0.3,632.043956043956,658.2222222222222,0.1264087912087912,261.38584808125034,332.477498023475,0.016770236696547723,0.9942812289751064,0.9960317460317459,0.9942812289751064,29,8,2.2426897812000512,1,10,balanced,1,1,29,29,False,,2.2426897812000512,False,False,False,True,0,138,49,1,0,balanced
1784735917510.877,0.4,0.3,0.3,621.4411302982732,645.6666666666666,0.12428822605965463,314.90005878894766,407.45149911816577,0.020340230739756347,0.9999999999999998,1.0,0.9999999999999998,32,8,2.2441826403542113,1,10,balanced,0,0,32,32,False,,2.2441826403542113,False,False,False,True,0,139,49,1,0,balanced
1784735920441.057,0.4,0.3,0.3,628.4332810047097,655.1111111111111,0.12568665620094194,270.06568144499175,340.93869731800766,0.01734927828185402,0.9999999999999998,1.0,0.9999999999999998,29,8,2.244520554035067,1,10,balanced,1,1,29,29,False,,2.244520554035067,False,False,False,True,0,140,49,1,0,balanced
1784735923261.57,0.4,0.3,0.3,621.6844583987439,645.5555555555555,0.12433689167974878,372.8306878306878,485.9200470311581,0.02420484908810459,0.9999999999999998,1.0,0.9999999999999998,32,8,2.243003788601669,1,10,balanced,0,0,32,32,False,,2.243003788601669,False,False,False,True,0,141,49,1,0,balanced
1784735926090.945,0.4,0.3,0.3,630.5839874411303,656.6666666666666,0.12611679748822605,300.98765432098764,371.93415637860085,0.01941211836697716,0.9999999999999998,1.0,0.9999999999999998,29,8,2.2437296454946165,1,10,balanced,1,1,29,29,False,,2.2437296454946165,False,False,False,True,0,142,49,1,0,balanced
1784735928922.435,0.4,0.3,0.3,622.2605965463107,645.3333333333334,0.12445211930926214,329.4922104644327,426.0390946502058,0.0213136898241783,0.9999999999999998,1.0,0.9999999999999998,32,8,2.2438250453290416,1,10,balanced,0,0,32,32,False,,2.2438250453290416,False,False,False,True,0,143,49,1,0,balanced
1784735931748.414,0.4,0.3,0.3,630.2417582417582,656.4444444444445,0.12604835164835165,276.4775245330801,357.65115542893324,0.017777019648637767,0.9999999999999998,1.0,0.9999999999999998,29,8,2.2442475534460677,1,10,balanced,1,1,29,29,False,,2.2442475534460677,False,False,False,True,0,144,49,1,0,balanced
1784735937553.3298,0.4,0.3,0.3,624.3987441130298,648.1111111111111,0.12487974882260597,303.7934133767467,385.82756749423413,0.01959929375428597,0.9939531368102794,0.9958847736625513,0.9939531368102794,32,8,2.242354253387756,1,10,balanced,0,0,32,32,False,,2.242354253387756,False,False,False,True,0,145,49,1,0,balanced
1784735940482.688,0.4,0.3,0.3,627.7080062794348,653.1111111111111,0.12554160125588695,406.49953519962594,441.23287329730164,0.026450936304177847,0.9687304250991794,0.9538861521620142,0.9687304250991794,29,8,2.2324672061361457,1,10,balanced,1,1,29,29,False,,2.2324672061361457,False,False,False,True,0,146,49,1,0,balanced
1784735943313.832,0.4,0.3,0.3,631.1899529042385,657.0,0.1262379905808477,289.0163026274137,376.05729661285216,0.018613495839053616,0.9999999999999998,1.0,0.9999999999999998,29,8,2.2439207550159446,1,10,balanced,2,2,29,29,False,,2.2439207550159446,False,False,False,True,0,147,49,1,0,balanced
1784735946138.422,0.4,0.3,0.3,622.2668759811617,646.5555555555555,0.12445337519623233,276.5703997648442,363.75955320399765,0.017783215461297144,0.9999999999999998,1.0,0.9999999999999998,32,8,2.244883685283118,1,10,balanced,0,0,32,32,False,,2.244883685283118,False,False,False,True,0,148,49,1,0,balanced
1784735948969.5461,0.4,0.3,0.3,630.4207221350077,656.7777777777778,0.12608414442700155,289.9382716049382,380.0411522633745,0.018675001441290074,0.9999999999999998,1.0,0.9999999999999998,29,8,2.243963841796812,1,10,balanced,1,1,29,29,False,,2.243963841796812,False,False,False,True,0,149,49,1,0,balanced
1784735951799.938,0.4,0.3,0.3,621.811616954474,645.8888888888889,0.12436232339089479,329.2837923393479,427.00379867046536,0.021299786013298724,0.9999999999999998,1.0,0.9999999999999998,32,8,2.2438651348396523,1,10,balanced,0,0,32,32,False,,2.2438651348396523,False,False,False,True,0,150,49,1,0,balanced
1784735954731.448,0.4,0.3,0.3,631.7912087912088,658.0,0.12635824175824176,300.66707717569784,372.41789819376027,0.01939073229991313,0.9999999999999998,1.0,0.9999999999999998,29,8,2.2436394836067293,1,10,balanced,1,1,29,29,False,,2.2436394836067293,False,False,False,True,0,151,49,1,0,balanced
1784735957565.612,0.4,0.3,0.3,622.6248037676608,646.1111111111111,0.12452496075353214,309.6531452087008,386.19635508524397,0.019990203149346283,0.9999999999999998,1.0,0.9999999999999998,32,8,2.244192954753783,1,10,balanced,0,0,32,32,False,,2.244192954753783,False,False,False,True,0,152,49,1,0,balanced
1784735960394.0889,0.4,0.3,0.3,629.8461538461538,656.5555555555555,0.12596923076923075,312.40899018676794,452.17790440012664,0.020174048711592257,0.9999999999999998,1.0,0.9999999999999998,29,8,2.24356009307883,1,10,balanced,1,1,29,29,False,,2.24356009307883,False,False,False,True,0,153,49,1,0,balanced
1784735963226.852,0.4,0.3,0.3,622.7127158555729,646.7777777777778,0.12454254317111459,328.8598335820558,423.2987382987383,0.02127150324096436,0.9999999999999998,1.0,0.9999999999999998,32,8,2.2438015317592646,1,10,balanced,0,0,32,32,False,,2.2438015317592646,False,False,False,True,0,154,49,1,0,balanced
1784735966053.935,0.4,0.3,0.3,629.4427001569859,656.4444444444445,0.12588854003139718,288.86356441912,373.945868945869,0.01860330649894063,0.9999999999999998,1.0,0.9999999999999998,29,8,2.244063592037759,1,10,balanced,1,1,29,29,False,,2.244063592037759,False,False,False,True,0,155,49,1,0,balanced
1784735971907.04,0.4,0.3,0.3,622.6279434850863,647.0,0.12452558869701727,307.2285533396644,397.852168407724,0.019828455859884218,0.9999999999999998,1.0,0.9999999999999998,32,8,2.2442412277632275,1,10,balanced,0,0,32,32,False,,2.2442412277632275,False,False,False,True,0,156,49,1,0,balanced
1784735975139.379,0.4,0.3,0.3,543.3281004709576,596.2222222222222,0.1086656200941915,279.73655913978496,352.2341696535245,0.017994433565029017,0.8398744113029826,0.8888888888888888,0.8398744113029826,29,8,2.2030977452837095,1,10,balanced,1,1,29,29,False,,2.2030977452837095,False,False,False,True,0,157,49,1,0,balanced
1784735978074.2449,0.4,0.3,0.3,630.5368916797488,656.6666666666666,0.12610737833594976,287.5554187192118,368.80541871921184,0.0185160386070188,0.9999999999999998,1.0,0.9999999999999998,29,8,2.244002237083514,1,10,balanced,2,2,29,29,False,,2.244002237083514,False,False,False,True,0,158,49,1,0,balanced
1784735980904.123,0.4,0.3,0.3,622.6875981161695,647.3333333333334,0.12453751962323391,329.08142269253375,418.7948265726044,0.02128628570330445,0.9999999999999998,1.0,0.9999999999999998,32,8,2.243799106439715,1,10,balanced,0,0,32,32,False,,2.243799106439715,False,False,False,True,0,159,49,1,0,balanced
1784735983832.188,0.4,0.3,0.3,627.6671899529042,654.4444444444445,0.12553343799058084,1793.659688013136,1957.7668308702794,0.11898997251588632,0.9944784279759649,0.9961685823754789,0.9944784279759649,29,8,2.2124331614417914,1,10,balanced,1,1,29,29,False,,2.2124331614417914,False,False,False,True,0,160,49,1,0,balanced
1784735986758.269,0.4,0.3,0.3,634.3814756671899,661.3333333333334,0.12687629513343798,290.2811986863711,361.4176245210728,0.018697878498090133,0.9999999999999998,1.0,0.9999999999999998,28,8,2.243640118397198,1,10,balanced,1,1,28,28,False,,2.243640118397198,False,False,False,True,0,161,49,1,0,balanced
1784735989689.2769,0.4,0.3,0.3,629.5651491365777,655.7777777777778,0.12591302982731553,814.0507865555757,941.4955198767459,0.05363914520050538,0.9901323166629288,0.9920634920634921,0.9901323166629288,29,8,2.230582739507801,1,10,balanced,0,0,29,29,False,,2.230582739507801,False,False,False,True,0,162,49,1,0,balanced
1784735992519.917,0.4,0.3,0.3,627.7802197802198,653.7777777777778,0.12555604395604397,266.58594491927823,338.1908831908832,0.01711714108867767,0.9999999999999998,1.0,0.9999999999999998,29,8,2.244642440090979,1,10,balanced,2,2,29,29,False,,2.244642440090979,False,False,False,True,0,163,49,1,0,balanced
1784736009536.133,0.4,0.3,0.3,40.60125588697017,77.66666666666667,0.008120251177394034,21.333333333333332,14.222222222222221,0.0007560595952857459,0.058084772370486655,0.1111111111111111,0.058084772370486655,32,8,2.0139505133616025,1,10,balanced,0,0,32,32,False,,2.0139505133616025,False,False,False,True,0,164,49,1,0,balanced
1784736012371.0671,0.4,0.3,0.3,630.6216640502355,657.3333333333334,0.1261243328100471,260.30468502690724,334.93510604621713,0.016698111075844378,0.9999999999999998,1.0,0.9999999999999998,29,8,2.244540833553228,1,10,balanced,1,1,29,29,False,,2.244540833553228,False,False,False,True,0,165,49,1,0,balanced
1784736015192.96,0.4,0.3,0.3,622.5792778649922,646.8888888888889,0.12451585557299844,280.90534979423865,372.59259259259255,0.01807240492289784,0.9999999999999998,1.0,0.9999999999999998,32,8,2.2447719362939313,1,10,balanced,0,0,32,32,False,,2.2447719362939313,False,False,False,True,0,166,49,1,0,balanced
1784736018022.943,0.4,0.3,0.3,631.2056514913656,658.0,0.12624113029827314,251.55982905982904,323.4235517568851,0.016114731758494264,0.9999999999999998,1.0,0.9999999999999998,29,8,2.2446691283531424,1,10,balanced,1,1,29,29,False,,2.2446691283531424,False,False,False,True,0,167,49,1,0,balanced
1784736020853.7979,0.4,0.3,0.3,622.4254317111458,646.6666666666666,0.12448508634222917,305.7943856554968,383.0673133450912,0.01973278089763154,0.9999999999999998,1.0,0.9999999999999998,32,8,2.2442861311938187,1,10,balanced,0,0,32,32,False,,2.2442861311938187,False,False,False,True,0,168,49,1,0,balanced
1784736023677.51,0.4,0.3,0.3,630.0926216640503,656.3333333333334,0.12601852433281005,260.98765432098764,337.94238683127577,0.016743672736556883,0.9999999999999998,1.0,0.9999999999999998,29,8,2.244569488445909,1,10,balanced,1,1,29,29,False,,2.244569488445909,False,False,False,True,0,169,49,1,0,balanced
1784736026502.501,0.4,0.3,0.3,622.6216640502354,646.2222222222222,0.12452433281004707,284.56349206349205,367.73515579071136,0.018316443766743965,0.9999999999999998,1.0,0.9999999999999998,32,8,2.244695333745958,1,10,balanced,0,0,32,32,False,,2.244695333745958,False,False,False,True,0,170,49,1,0,balanced
1784736029334.3552,0.4,0.3,0.3,629.8477237048666,656.1111111111111,0.1259695447409733,272.93922127255456,353.80974992086107,0.017540975401771484,0.9999999999999998,1.0,0.9999999999999998,29,8,2.2443498894830793,1,10,balanced,1,1,29,29,False,,2.2443498894830793,False,False,False,True,0,171,49,1,0,balanced
1784736032163.405,0.4,0.3,0.3,622.4945054945055,646.5555555555555,0.12449890109890109,291.3425925925926,373.233392122281,0.01876868529637042,0.9999999999999998,1.0,0.9999999999999998,32,8,2.2445698339715285,1,10,balanced,0,0,32,32,False,,2.2445698339715285,False,False,False,True,0,172,49,1,0,balanced
1784736034996.8591,0.4,0.3,0.3,630.8053375196232,656.8888888888889,0.12616106750392464,291.17283950617286,374.84963596074704,0.018757360874327743,0.9999999999999998,1.0,0.9999999999999998,29,8,2.2439083647361318,1,10,balanced,1,1,29,29,False,,2.2439083647361318,False,False,False,True,0,173,49,1,0,balanced
1784736037926.371,0.4,0.3,0.3,622.3657770800627,646.0,0.12447315541601253,297.55541871921184,386.9074986316366,0.01918315001462387,0.9999999999999998,1.0,0.9999999999999998,32,8,2.244455792829208,1,10,balanced,0,0,32,32,False,,2.244455792829208,False,False,False,True,0,174,49,1,0,balanced
1784736043795.825,0.4,0.3,0.3,631.010989010989,656.8888888888889,0.1262021978021978,255.75396825396822,327.30158730158735,0.016394527568643645,0.9942812289751064,0.9960317460317459,0.9942812289751064,29,8,2.2428851313010596,1,10,balanced,1,1,29,29,False,,2.2428851313010596,False,False,False,True,0,175,49,1,0,balanced
1784736046621.5168,0.4,0.3,0.3,620.6420722135008,644.4444444444445,0.12412841444270016,308.70370370370364,407.32510288065845,0.01992686482346255,0.9999999999999998,1.0,0.9999999999999998,32,8,2.244370574775881,1,10,balanced,0,0,32,32,False,,2.244370574775881,False,False,False,True,0,176,49,1,0,balanced
1784736049452.2869,0.4,0.3,0.3,630.4819466248036,657.6666666666666,0.12609638932496073,251.38414055080722,320.9575815131371,0.016103011377638907,0.9999999999999998,1.0,0.9999999999999998,29,8,2.244730540856724,1,10,balanced,1,1,29,29,False,,2.244730540856724,False,False,False,True,0,177,49,1,0,balanced
1784736052283.945,0.4,0.3,0.3,621.3014128728414,645.2222222222222,0.12426028257456828,283.1687242798354,362.0164609053498,0.018223397216800226,0.9999999999999998,1.0,0.9999999999999998,32,8,2.2448288678051327,1,10,balanced,0,0,32,32,False,,2.2448288678051327,False,False,False,True,0,178,49,1,0,balanced
1784736055115.846,0.4,0.3,0.3,631.9497645211931,657.7777777777778,0.1263899529042386,246.18708452041787,317.45963912630583,0.01575630984125536,0.9999999999999998,1.0,0.9999999999999998,29,8,2.244717125885928,1,10,balanced,1,1,29,29,False,,2.244717125885928,False,False,False,True,0,179,49,1,0,balanced
1784736058336.628,0.4,0.3,0.3,633.4985074626867,650.8888888888889,0.12669970149253734,453.9268113662577,689.3454149336501,0.02961486400041746,0.776440790698912,0.8402455931867697,0.776440790698912,32,8,2.1733678974125334,1,10,balanced,0,0,32,32,False,,2.1733678974125334,False,False,False,True,0,180,49,1,0,balanced
1784736061261.638,0.4,0.3,0.3,631.8665620094191,658.4444444444445,0.12637331240188382,256.51888341543514,317.2030651340996,0.01644555593165011,0.9999999999999998,1.0,0.9999999999999998,29,8,2.244517008259751,1,10,balanced,1,1,29,29,False,,2.244517008259751,False,False,False,True,0,181,49,1,0,balanced
1784736064090.5918,0.4,0.3,0.3,622.270015698587,646.5555555555555,0.12445400313971741,305.28880070546734,386.3492063492064,0.019699052748863733,0.9999999999999998,1.0,0.9999999999999998,32,8,2.2443086829194536,1,10,balanced,0,0,32,32,False,,2.2443086829194536,False,False,False,True,0,182,49,1,0,balanced
1784736067015.806,0.4,0.3,0.3,630.6059654631083,656.6666666666666,0.12612119309262165,2389.658571880794,2520.8500655722873,0.15874973795068673,0.9818469512347063,0.9800117577895358,0.9818469512347063,29,8,2.196480686748157,1,10,balanced,1,1,29,29,False,,2.196480686748157,False,False,False,True,0,183,49,1,0,balanced
1784736069947.671,0.4,0.3,0.3,631.6232339089482,659.0,0.12632464678178965,270.99279835390945,336.4373897707231,0.017411127308466275,0.9999999999999998,1.0,0.9999999999999998,28,8,2.244246803094744,1,10,balanced,1,1,28,28,False,,2.244246803094744,False,False,False,True,0,184,49,1,0,balanced
1784736072768.551,0.4,0.3,0.3,631.6389324960752,657.7777777777778,0.12632778649921503,275.05064893953784,343.35232668566005,0.017681831150069237,0.9999999999999998,1.0,0.9999999999999998,29,8,2.244164336055293,1,10,balanced,0,0,29,29,False,,2.244164336055293,False,False,False,True,0,185,49,1,0,balanced
1784736078545.26,0.4,0.3,0.3,622.4646781789638,646.3333333333334,0.12449293563579276,278.96017048794823,365.8524397413287,0.017942639792391475,0.9999999999999998,1.0,0.9999999999999998,32,8,2.2448200338079656,1,10,balanced,0,0,32,32,False,,2.2448200338079656,False,False,False,True,0,186,49,1,0,balanced
1784736081368.864,0.4,0.3,0.3,630.1836734693877,656.3333333333334,0.12603673469387755,244.37321937321937,311.0509654954099,0.015635304828100025,0.9999999999999998,1.0,0.9999999999999998,29,8,2.244894714674019,1,10,balanced,1,1,29,29,False,,2.244894714674019,False,False,False,True,0,187,49,1,0,balanced
1784736084899.04,0.4,0.3,0.3,359.61381475667184,465.1111111111111,0.07192276295133437,180.85220797720797,156.11609686609688,0.011397745695610938,0.5164835164835164,0.6666666666666666,0.5164835164835164,32,8,2.1227566260558377,1,10,balanced,0,0,32,32,False,,2.1227566260558377,False,False,False,True,0,188,49,1,0,balanced
1784736087720.14,0.4,0.3,0.3,631.5934065934065,658.0,0.1263186813186813,260.1867679645457,323.7733459955682,0.016690244694099115,0.9999999999999998,1.0,0.9999999999999998,29,8,2.2444654540642976,1,10,balanced,1,1,29,29,False,,2.2444654540642976,False,False,False,True,0,189,49,1,0,balanced
1784736090548.572,0.4,0.3,0.3,622.6703296703296,646.4444444444445,0.12453406593406592,277.63447971781306,345.896531452087,0.017854201448820085,0.9999999999999998,1.0,0.9999999999999998,32,8,2.2448301131917274,1,10,balanced,0,0,32,32,False,,2.2448301131917274,False,False,False,True,0,190,49,1,0,balanced
1784736093369.6238,0.4,0.3,0.3,631.7048665620093,657.3333333333334,0.12634097331240188,253.10699588477362,318.477366255144,0.01621794502233313,0.9999999999999998,1.0,0.9999999999999998,29,8,2.244598227168339,1,10,balanced,1,1,29,29,False,,2.244598227168339,False,False,False,True,0,191,49,1,0,balanced
1784736096198.176,0.4,0.3,0.3,623.6718995290423,647.6666666666666,0.12473437990580846,291.2022339800117,367.0546737213404,0.01875932181320959,0.9999999999999998,1.0,0.9999999999999998,32,8,2.2444784514937135,1,10,balanced,0,0,32,32,False,,2.2444784514937135,False,False,False,True,0,192,49,1,0,balanced
1784736099131.36,0.4,0.3,0.3,631.1193092621663,657.3333333333334,0.12622386185243326,240.76499118165785,303.205467372134,0.015394595809316734,0.9999999999999998,1.0,0.9999999999999998,29,8,2.2448920765162317,1,10,balanced,1,1,29,29,False,,2.2448920765162317,False,False,False,True,0,193,49,1,0,balanced
1784736101962.005,0.4,0.3,0.3,622.8555729984301,646.3333333333334,0.12457111459968603,290.95164609053495,366.2242798353909,0.018742604809241826,0.9999999999999998,1.0,0.9999999999999998,32,8,2.244548772717353,1,10,balanced,0,0,32,32,False,,2.244548772717353,False,False,False,True,0,194,49,1,0,balanced
1784736104783.211,0.4,0.3,0.3,630.4144427001569,657.0,0.12608288854003138,259.0392529281418,323.40930674264007,0.016613692656980775,0.9999999999999998,1.0,0.9999999999999998,29,8,2.244582736786893,1,10,balanced,1,1,29,29,False,,2.244582736786893,False,False,False,True,0,195,49,1,0,balanced
1784736107632.14,0.4,0.3,0.3,621.7896389324961,645.5555555555555,0.12435792778649922,299.0623162845385,378.5949441504997,0.019283676870216045,0.9999999999999998,1.0,0.9999999999999998,32,8,2.2444717258243356,1,10,balanced,0,0,32,32,False,,2.2444717258243356,False,False,False,True,0,196,49,1,0,balanced
1784736113724.947,0.4,0.3,0.3,629.8084772370486,657.1111111111111,0.1259616954474097,614.8935487426751,741.3290628377995,0.040353138675295205,0.8757849293563578,0.8680555555555556,0.8757849293563578,29,8,2.200244859025355,1,10,balanced,1,1,29,29,False,,2.200244859025355,False,False,False,True,0,197,49,1,0,balanced
1784736116671.478,0.4,0.3,0.3,628.0313971742543,655.3333333333334,0.12560627943485086,282.74356869184453,376.05500821018063,0.01819503460252465,0.9999999999999998,1.0,0.9999999999999998,29,8,2.244298977845302,1,10,balanced,2,2,29,29,False,,2.244298977845302,False,False,False,True,0,198,49,1,0,balanced
1784736119502.543,0.4,0.3,0.3,622.2511773940345,646.1111111111111,0.12445023547880689,288.8212815990594,374.6854791299236,0.01860048576377981,0.9999999999999998,1.0,0.9999999999999998,32,8,2.2446397600793433,1,10,balanced,0,0,32,32,False,,2.2446397600793433,False,False,False,True,0,199,49,1,0,balanced
1784736122433.9521,0.4,0.3,0.3,631.2260596546311,657.1111111111111,0.12624521193092622,260.34003831417624,323.49480021893817,0.016700469533967727,0.9999999999999998,1.0,0.9999999999999998,29,8,2.244491774367439,1,10,balanced,1,1,29,29,False,,2.244491774367439,False,False,False,True,0,200,49,1,0,balanced
1784736125255.821,0.4,0.3,0.3,621.7299843014129,645.3333333333334,0.12434599686028257,277.1017048794826,351.77248677248673,0.017818659431586566,0.9999999999999998,1.0,0.9999999999999998,32,8,2.244916003426411,1,10,balanced,0,0,32,32,False,,2.244916003426411,False,False,False,True,0,201,49,1,0,balanced
1784736128380.817,0.4,0.3,0.3,626.2778649921506,653.1111111111111,0.12525557299843013,406.01450800543546,530.3292641498286,0.026418579586753532,0.8430141287284143,0.8745519713261649,0.8430141287284143,29,8,2.1948764355431263,1,10,balanced,1,1,29,29,False,,2.1948764355431263,False,False,False,True,0,202,49,1,0,balanced
1784736131209.049,0.4,0.3,0.3,629.9717425431711,656.2222222222222,0.12599434850863422,272.81734726179167,341.6429249762583,0.017532845047484435,0.9999999999999998,1.0,0.9999999999999998,29,8,2.244342407082301,1,10,balanced,2,2,29,29,False,,2.244342407082301,False,False,False,True,0,203,49,1,0,balanced
1784736134234.162,0.4,0.3,0.3,622.5839874411301,646.1111111111111,0.12451679748822603,343.2171990041845,477.8788424528136,0.022229299466590028,0.8737252165823594,0.9139917695473252,0.8737252165823594,32,8,2.2056420561394403,1,10,balanced,0,0,32,32,False,,2.2056420561394403,False,False,False,True,0,204,49,1,0,balanced
1784736137059.259,0.4,0.3,0.3,631.0266875981162,657.6666666666666,0.12620533751962323,282.6677746122191,357.02279202279203,0.018189978293009945,0.9999999999999998,1.0,0.9999999999999998,29,8,2.2440608715042476,1,10,balanced,1,1,29,29,False,,2.2440608715042476,False,False,False,True,0,205,49,1,0,balanced
1784736139884.6582,0.4,0.3,0.3,620.87284144427,645.2222222222222,0.124174568288854,299.42386831275724,382.38683127572017,0.01930779641846279,0.9999999999999998,1.0,0.9999999999999998,32,8,2.2445378337589195,1,10,balanced,0,0,32,32,False,,2.2445378337589195,False,False,False,True,0,206,49,1,0,balanced
1784736142717.5242,0.4,0.3,0.3,632.2527472527472,658.5555555555555,0.12645054945054945,249.98338081671415,315.02849002849007,0.016009565097846176,0.9999999999999998,1.0,0.9999999999999998,29,8,2.2446169106904263,1,10,balanced,1,1,29,29,False,,2.2446169106904263,False,False,False,True,0,207,49,1,0,balanced
1784736148504.541,0.4,0.3,0.3,621.7237048665619,645.4444444444445,0.12434474097331238,287.25823045267487,364.9838330393886,0.018496212838737484,0.9999999999999998,1.0,0.9999999999999998,32,8,2.244713239759054,1,10,balanced,0,0,32,32,False,,2.244713239759054,False,False,False,True,0,208,49,1,0,balanced
1784736151334.483,0.4,0.3,0.3,632.4536891679749,658.6666666666666,0.12649073783359496,248.11807534029754,311.5337132003799,0.015885128441647602,0.9999999999999998,1.0,0.9999999999999998,29,8,2.2446381663340675,1,10,balanced,1,1,29,29,False,,2.2446381663340675,False,False,False,True,0,209,49,1,0,balanced
1784736154157.979,0.4,0.3,0.3,621.7394034536891,645.5555555555555,0.12434788069073782,330.05878894767784,415.57025279247506,0.02135148692112594,0.9999999999999998,1.0,0.9999999999999998,32,8,2.243855401647367,1,10,balanced,0,0,32,32,False,,2.243855401647367,False,False,False,True,0,210,49,1,0,balanced
1784736156985.6912,0.4,0.3,0.3,629.552590266876,655.5555555555555,0.1259105180533752,255.73757518201964,320.22792022792027,0.016393433968113384,0.9999999999999998,1.0,0.9999999999999998,29,8,2.2447177625882158,1,10,balanced,1,1,29,29,False,,2.2447177625882158,False,False,False,True,0,211,49,1,0,balanced
1784736159813.962,0.4,0.3,0.3,623.1287284144427,647.4444444444445,0.12462574568288853,287.78365667254553,366.32275132275134,0.018531264621250536,0.9999999999999998,1.0,0.9999999999999998,32,8,2.2445903223404695,1,10,balanced,0,0,32,32,False,,2.2445903223404695,False,False,False,True,0,212,49,1,0,balanced
1784736162743.574,0.4,0.3,0.3,629.497645211931,656.0,0.1258995290423862,285.628078817734,348.9504652435687,0.01838746356355797,0.9999999999999998,1.0,0.9999999999999998,29,8,2.244123949313978,1,10,balanced,1,1,29,29,False,,2.244123949313978,False,False,False,True,0,213,49,1,0,balanced
1784736165566.942,0.4,0.3,0.3,622.0565149136577,646.6666666666666,0.12441130298273154,319.321722516167,398.0805408583186,0.020635204971058505,0.9999999999999998,1.0,0.9999999999999998,32,8,2.24404491731559,1,10,balanced,0,0,32,32,False,,2.24404491731559,False,False,False,True,0,214,49,1,0,balanced
1784736168398.303,0.4,0.3,0.3,629.9701726844584,656.1111111111111,0.12599403453689167,270.24533080088634,336.47356758467873,0.017361262895322638,0.9999999999999998,1.0,0.9999999999999998,29,8,2.2443940073166466,1,10,balanced,1,1,29,29,False,,2.2443940073166466,False,False,False,True,0,215,49,1,0,balanced
1784736171234.101,0.4,0.3,0.3,623.7692307692306,647.8888888888889,0.12475384615384612,317.94900058788943,379.8398001175779,0.020543629125276144,0.9999999999999998,1.0,0.9999999999999998,32,8,2.2439353728008786,1,10,balanced,0,0,32,32,False,,2.2439353728008786,False,False,False,True,0,216,49,1,0,balanced
1784736174060.105,0.4,0.3,0.3,631.1758241758241,657.2222222222222,0.12623516483516484,283.60398860398857,343.4188034188034,0.018252434196396834,0.9999999999999998,1.0,0.9999999999999998,29,8,2.244030203807015,1,10,balanced,1,1,29,29,False,,2.244030203807015,False,False,False,True,0,217,49,1,0,balanced
1784736176889.077,0.4,0.3,0.3,621.9105180533752,645.7777777777778,0.12438210361067505,315.7804232804233,392.25455614344503,0.02039896085926773,0.9999999999999998,1.0,0.9999999999999998,32,8,2.2441274702979497,1,10,balanced,0,0,32,32,False,,2.2441274702979497,False,False,False,True,0,218,49,1,0,balanced
1784736179716.5989,0.4,0.3,0.3,630.8869701726844,657.5555555555555,0.12617739403453687,290.6220322886989,372.84900284900283,0.018720615896510934,0.9999999999999998,1.0,0.9999999999999998,29,8,2.243912857617232,1,10,balanced,1,1,29,29,False,,2.243912857617232,False,False,False,True,0,219,49,1,0,balanced
1784736185501.942,0.4,0.3,0.3,623.0910518053374,646.8888888888889,0.12461821036106749,334.2857142857143,418.72134038800704,0.021633469932335843,0.9999999999999998,1.0,0.9999999999999998,32,8,2.243662674875872,1,10,balanced,0,0,32,32,False,,2.243662674875872,False,False,False,True,0,220,49,1,0,balanced
1784736188337.013,0.4,0.3,0.3,629.0518053375197,655.7777777777778,0.12581036106750393,313.60161443494775,393.8698955365622,0.020253610035686976,0.9999999999999998,1.0,0.9999999999999998,29,8,2.243599772562292,1,10,balanced,1,1,29,29,False,,2.243599772562292,False,False,False,True,0,221,49,1,0,balanced
1784736191163.2021,0.4,0.3,0.3,620.3689167974882,644.1111111111111,0.12407378335949763,311.0273368606702,421.8709582598472,0.020081877042072725,0.9999999999999998,1.0,0.9999999999999998,32,8,2.244345923543579,1,10,balanced,0,0,32,32,False,,2.244345923543579,False,False,False,True,0,222,49,1,0,balanced
1784736193987.064,0.4,0.3,0.3,630.0502354788069,656.6666666666666,0.12601004709576138,288.11965811965814,361.67616334283,0.0185536796610846,0.9999999999999998,1.0,0.9999999999999998,29,8,2.2440298772633698,1,10,balanced,1,1,29,29,False,,2.2440298772633698,False,False,False,True,0,223,49,1,0,balanced
1784736196810.776,0.4,0.3,0.3,621.6153846153845,645.1111111111111,0.12432307692307691,303.4789490345046,394.5299145299145,0.019578315479286495,0.9999999999999998,1.0,0.9999999999999998,32,8,2.244397274586983,1,10,balanced,0,0,32,32,False,,2.244397274586983,False,False,False,True,0,224,49,1,0,balanced
1784736235000.916,0.4,0.3,0.3,631.2464678178962,657.3333333333334,0.12624929356357925,273.4140550807217,338.6198163975942,0.01757265210678597,0.9999999999999998,1.0,0.9999999999999998,29,8,2.2442284869425326,1,10,balanced,1,1,29,29,False,,2.2442284869425326,False,False,False,True,1,225,49,1,0,balanced
1784736237832.0461,0.4,0.3,0.3,622.8524332810047,647.0,0.12457048665620093,303.2238389182833,380.2307466196355,0.01956129679241383,0.9999999999999998,1.0,0.9999999999999998,32,8,2.2443034162997955,1,10,balanced,0,0,32,32,False,,2.2443034162997955,False,False,False,True,0,226,49,1,0,balanced
1784736240662.189,0.4,0.3,0.3,632.5996860282575,658.8888888888889,0.1265199372056515,250.1551123773346,319.12630579297246,0.016021021506159746,0.9999999999999998,1.0,0.9999999999999998,29,8,2.2445857186658915,1,10,balanced,1,1,29,29,False,,2.2445857186658915,False,False,False,True,0,227,49,1,0,balanced
1784736243484.065,0.4,0.3,0.3,622.0235478806906,645.7777777777778,0.12440470957613811,284.7971781305115,361.44620811287473,0.01833203323085467,0.9999999999999998,1.0,0.9999999999999998,32,8,2.2447385062002883,1,10,balanced,0,0,32,32,False,,2.2447385062002883,False,False,False,True,0,228,49,1,0,balanced
1784736246610.131,0.4,0.3,0.3,629.9701726844584,655.6666666666666,0.12599403453689167,792.1314183922011,807.4487783936438,0.05217687914557712,0.8676428698030082,0.8618951612903226,0.8676428698030082,29,8,2.194242183382473,1,10,balanced,1,1,29,29,False,,2.194242183382473,False,False,False,True,0,229,49,1,0,balanced
1784736249538.651,0.4,0.3,0.3,634.9434850863422,662.1111111111111,0.12698869701726845,259.23440065681444,321.63245758073344,0.01662671118457735,0.9999999999999998,1.0,0.9999999999999998,28,8,2.244216507837719,1,10,balanced,1,1,28,28,False,,2.244216507837719,False,False,False,True,0,230,49,1,0,balanced
1784736255311.636,0.4,0.3,0.3,632.5808477237048,658.8888888888889,0.12651616954474096,237.23330167774614,305.7913896802786,0.015158992773698875,0.9999999999999998,1.0,0.9999999999999998,29,8,2.2448458343499937,1,10,balanced,0,0,29,29,False,,2.2448458343499937,False,False,False,True,0,231,49,1,0,balanced
1784736258136.379,0.4,0.3,0.3,624.3594976452118,648.2222222222222,0.12487189952904236,295.4761904761905,377.1002351557907,0.019044442326630454,0.9999999999999998,1.0,0.9999999999999998,32,8,2.2443379074903937,1,10,balanced,0,0,32,32,False,,2.2443379074903937,False,False,False,True,0,232,49,1,0,balanced
1784736260970.684,0.4,0.3,0.3,629.938775510204,656.1111111111111,0.1259877551020408,273.7559354226021,351.9816397594175,0.017595459334396404,0.9999999999999998,1.0,0.9999999999999998,29,8,2.2443262601588647,1,10,balanced,1,1,29,29,False,,2.2443262601588647,False,False,False,True,0,233,49,1,0,balanced
1784736263797.02,0.4,0.3,0.3,620.4709576138147,644.6666666666666,0.12409419152276294,357.48083706417043,460.8308461086238,0.023180843032966674,0.9940694226408511,0.9958847736625513,0.9940694226408511,32,8,2.24162889727326,1,10,balanced,0,0,32,32,False,,2.24162889727326,False,False,False,True,0,234,49,1,0,balanced
1784736266630.81,0.4,0.3,0.3,631.7645211930925,657.7777777777778,0.1263529042386185,251.73393478949032,320.28173472617914,0.01612634655033291,0.9999999999999998,1.0,0.9999999999999998,29,8,2.2446209343394528,1,10,balanced,1,1,29,29,False,,2.2446209343394528,False,False,False,True,0,235,49,1,0,balanced
1784736269451.121,0.4,0.3,0.3,622.5149136577706,646.3333333333334,0.12450298273155413,291.9238683127572,370.8553791887125,0.018807462862758986,0.9999999999999998,1.0,0.9999999999999998,32,8,2.2445565680485506,1,10,balanced,0,0,32,32,False,,2.2445565680485506,False,False,False,True,0,236,49,1,0,balanced
1784736272284.407,0.4,0.3,0.3,630.5431711145995,656.8888888888889,0.1261086342229199,265.3988603988604,336.64450775561886,0.017037949326141454,0.9999999999999998,1.0,0.9999999999999998,29,8,2.2444451615129895,1,10,balanced,1,1,29,29,False,,2.2444451615129895,False,False,False,True,0,237,49,1,0,balanced
1784736275116.7642,0.4,0.3,0.3,623.7315541601256,646.7777777777778,0.12474631083202511,292.93797766019986,371.6931216931217,0.01887511525418278,0.9999999999999998,1.0,0.9999999999999998,32,8,2.244438941090935,1,10,balanced,0,0,32,32,False,,2.244438941090935,False,False,False,True,0,238,49,1,0,balanced
1784736278347.707,0.4,0.3,0.3,510.7142857142857,498.77777777777777,0.10214285714285715,195.88608776844072,292.53314659197014,0.012400672966540408,0.8304552590266874,0.7777777777777778,0.8304552590266874,29,8,2.2045592329609014,1,10,balanced,1,1,29,29,False,,2.2045592329609014,False,False,False,True,0,239,49,1,0,balanced
1784736281271.521,0.4,0.3,0.3,631.8665620094192,659.4444444444445,0.12637331240188385,285.55555555555554,389.44444444444446,0.018382625454006374,0.9999999999999998,1.0,0.9999999999999998,28,8,2.2439358874030444,1,10,balanced,1,1,28,28,False,,2.2439358874030444,False,False,False,True,0,240,49,1,0,balanced
1784736284902.893,0.4,0.3,0.3,642.5824175824175,668.4444444444445,0.1285164835164835,714.583028083028,990.7724867724869,0.047003537563911145,0.6276606221194739,0.7205228644357776,0.6276606221194739,29,8,2.1227905319600753,1,10,balanced,0,0,29,29,False,,2.1227905319600753,False,False,False,True,0,241,49,1,0,balanced
1784736290790.534,0.4,0.3,0.3,634.894819466248,662.3333333333334,0.1269789638932496,254.1622574955908,326.3874191651969,0.016288342728191515,0.9999999999999998,1.0,0.9999999999999998,28,8,2.2443219116242425,1,10,balanced,1,1,28,28,False,,2.2443219116242425,False,False,False,True,0,242,49,1,0,balanced
1784736293713.2102,0.4,0.3,0.3,630.5714285714286,657.1111111111111,0.1261142857142857,275.64997263273125,341.85276409414337,0.01772181271732697,0.9999999999999998,1.0,0.9999999999999998,29,8,2.2442377418990875,1,10,balanced,0,0,29,29,False,,2.2442377418990875,False,False,False,True,0,243,49,1,0,balanced
1784736296544.689,0.4,0.3,0.3,623.5133437990581,647.0,0.12470266875981163,284.0454144620811,359.60464432686655,0.018281882218951374,0.9999999999999998,1.0,0.9999999999999998,32,8,2.2446343678303897,1,10,balanced,0,0,32,32,False,,2.2446343678303897,False,False,False,True,0,244,49,1,0,balanced
1784736299374.665,0.4,0.3,0.3,632.2511773940345,658.6666666666666,0.1264502354788069,253.07296612852167,314.61380183602404,0.01621567485847376,0.9999999999999998,1.0,0.9999999999999998,29,8,2.2445552033509353,1,10,balanced,1,1,29,29,False,,2.2445552033509353,False,False,False,True,0,245,49,1,0,balanced
1784736302203.756,0.4,0.3,0.3,622.302982731554,646.5555555555555,0.12446059654631081,275.7084068195179,347.8571428571429,0.017725710928586918,0.9999999999999998,1.0,0.9999999999999998,32,8,2.2448980481028995,1,10,balanced,0,0,32,32,False,,2.2448980481028995,False,False,False,True,0,246,49,1,0,balanced
1784736305024.708,0.4,0.3,0.3,631.1350078492935,657.0,0.1262270015698587,253.86593858816082,312.99936688825574,0.016268574955847954,0.9999999999999998,1.0,0.9999999999999998,29,8,2.244628626885302,1,10,balanced,1,1,29,29,False,,2.244628626885302,False,False,False,True,0,247,49,1,0,balanced
1784736307850.781,0.4,0.3,0.3,624.0392464678177,648.1111111111111,0.12480784929356355,265.4982363315697,340.1072898295121,0.017044578807976628,0.9999999999999998,1.0,0.9999999999999998,32,8,2.2449634866401817,1,10,balanced,0,0,32,32,False,,2.2449634866401817,False,False,False,True,0,248,49,1,0,balanced
1784736311478.952,0.4,0.3,0.3,423.4081632653061,439.22222222222223,0.08468163265306122,197.59001161440185,242.7564847077042,0.012514343670073506,0.6703296703296702,0.6666666666666666,0.6703296703296702,29,8,2.1634719449366546,1,10,balanced,1,1,29,29,False,,2.1634719449366546,False,False,False,True,0,249,49,1,0,balanced
1784736314411.9019,0.4,0.3,0.3,634.9403453689167,662.3333333333334,0.12698806907378335,248.03617040686004,317.8840540047437,0.015879664470104072,0.9999999999999998,1.0,0.9999999999999998,28,8,2.2444408730294554,1,10,balanced,1,1,28,28,False,,2.2444408730294554,False,False,False,True,0,250,49,1,0,balanced
1784736317237.0452,0.4,0.3,0.3,630.9183673469388,657.2222222222222,0.12618367346938775,271.1047799936689,360.60462171573283,0.01741859773139886,0.9939531368102794,0.9958847736625513,0.9939531368102794,29,8,2.242486892335909,1,10,balanced,0,0,29,29,False,,2.242486892335909,False,False,False,True,0,251,49,1,0,balanced
1784736320069.207,0.4,0.3,0.3,621.1240188383044,645.4444444444445,0.12422480376766089,270.6047912992357,362.7880658436214,0.017385242915225866,0.9999999999999998,1.0,0.9999999999999998,32,8,2.245094505618368,1,10,balanced,0,0,32,32,False,,2.245094505618368,False,False,False,True,0,252,49,1,0,balanced
1784736325849.667,0.4,0.3,0.3,629.7127158555729,656.1111111111111,0.12594254317111458,254.16745805634696,334.377967711301,0.01628868966353215,0.9940694226408511,0.9958847736625513,0.9940694226408511,29,8,2.24295720262475,1,10,balanced,1,1,29,29,False,,2.24295720262475,False,False,False,True,0,253,49,1,0,balanced
1784736328675.05,0.4,0.3,0.3,622.3861852433281,646.3333333333334,0.12447723704866562,294.38610771944104,388.4605209605209,0.01897172166240434,0.9999999999999998,1.0,0.9999999999999998,32,8,2.2445175886818123,1,10,balanced,0,0,32,32,False,,2.2445175886818123,False,False,False,True,0,254,49,1,0,balanced
1784736331509.9531,0.4,0.3,0.3,630.4097331240188,657.3333333333334,0.12608194662480376,266.43795504906615,340.71858182969294,0.01710726851561482,0.9940694226408511,0.9958847736625513,0.9940694226408511,29,8,2.2426558675876493,1,10,balanced,1,1,29,29,False,,2.2426558675876493,False,False,False,True,0,255,49,1,0,balanced
1784736334541.939,0.4,0.3,0.3,544.0188383045526,568.5555555555555,0.10880376766091052,260.19967431761785,370.69840777502066,0.016691105691635615,0.8550333594976451,0.8645833333333334,0.8550333594976451,32,8,2.2079811690774385,1,10,balanced,0,0,32,32,False,,2.2079811690774385,False,False,False,True,0,256,49,1,0,balanced
1784736337475.3389,0.4,0.3,0.3,630.5714285714286,656.5555555555555,0.1261142857142857,254.81595511767927,325.33798576902024,0.016331951642273468,0.9999999999999998,1.0,0.9999999999999998,29,8,2.2446547002216035,1,10,balanced,1,1,29,29,False,,2.2446547002216035,False,False,False,True,0,257,49,1,0,balanced
1784736340302.85,0.4,0.3,0.3,621.5416012558869,645.2222222222222,0.12430832025117738,270.3211346266902,355.7804232804233,0.017366319855016025,0.9999999999999998,1.0,0.9999999999999998,32,8,2.245066775943024,1,10,balanced,0,0,32,32,False,,2.245066775943024,False,False,False,True,0,258,49,1,0,balanced
1784736343626.765,0.4,0.3,0.3,463.6279434850863,516.3333333333334,0.09272558869701726,204.10008818342152,244.9726631393298,0.012948638304431055,0.7238792953078668,0.7746913580246914,0.7238792953078668,29,8,2.176188961622224,1,10,balanced,1,1,29,29,False,,2.176188961622224,False,False,False,True,0,259,49,1,0,balanced
1784736346563.1968,0.4,0.3,0.3,633.1365777080063,660.3333333333334,0.12662731554160125,708.3810915563788,946.8145356842674,0.04658979930329411,0.9889568559519297,0.9923371647509579,0.9889568559519297,28,8,2.2320591907779503,1,10,balanced,1,1,28,28,False,,2.2320591907779503,False,False,False,True,0,260,49,1,0,balanced
1784736349490.634,0.4,0.3,0.3,631.905808477237,658.1111111111111,0.12638116169544739,248.71031746031747,317.0238095238095,0.01592463758908055,0.9999999999999998,1.0,0.9999999999999998,29,8,2.244670144045097,1,10,balanced,0,0,29,29,False,,2.244670144045097,False,False,False,True,0,261,49,1,0,balanced
1784736352322.578,0.4,0.3,0.3,622.9246467817895,647.5555555555555,0.12458492935635791,287.48677248677245,369.6413874191652,0.018511459138543858,0.9999999999999998,1.0,0.9999999999999998,32,8,2.2446125905158936,1,10,balanced,0,0,32,32,False,,2.2446125905158936,False,False,False,True,0,262,49,1,0,balanced
1784736355154.1619,0.4,0.3,0.3,633.1569858712714,658.8888888888889,0.12663139717425428,249.51487812598918,320.5064893953783,0.015978310748898546,0.9999999999999998,1.0,0.9999999999999998,29,8,2.2445539479056285,1,10,balanced,1,1,29,29,False,,2.2445539479056285,False,False,False,True,0,263,49,1,0,balanced
1784736360941.483,0.4,0.3,0.3,622.9874411302982,646.7777777777778,0.12459748822605964,276.2060778727445,361.7505539727762,0.017758911132271148,0.9999999999999998,1.0,0.9999999999999998,32,8,2.244833331369895,1,10,balanced,0,0,32,32,False,,2.244833331369895,False,False,False,True,0,264,49,1,0,balanced
1784736363869.937,0.4,0.3,0.3,631.414442700157,657.5555555555555,0.1262828885400314,248.71237000547342,325.67597153804047,0.01592477451670937,0.9999999999999998,1.0,0.9999999999999998,29,8,2.244709412228975,1,10,balanced,1,1,29,29,False,,2.244709412228975,False,False,False,True,0,265,49,1,0,balanced
1784736366699.1602,0.4,0.3,0.3,621.3281004709577,645.2222222222222,0.12426562009419154,296.8930041152263,387.24279835390945,0.019138959580735575,0.9999999999999998,1.0,0.9999999999999998,32,8,2.2445520640881025,1,10,balanced,0,0,32,32,False,,2.2445520640881025,False,False,False,True,0,266,49,1,0,balanced
1784736369527.3982,0.4,0.3,0.3,630.6106750392464,656.8888888888889,0.12612213500784927,280.3086419753086,358.2304526748971,0.018032597863596303,0.9999999999999998,1.0,0.9999999999999998,29,8,2.2441413666377814,1,10,balanced,1,1,29,29,False,,2.2441413666377814,False,False,False,True,0,267,49,1,0,balanced
1784736372853.7852,0.4,0.3,0.3,631.4395604395603,654.0,0.12628791208791207,494.25471442138104,670.4882648215981,0.03230518441770387,0.7237840191021462,0.7948646125116714,0.7237840191021462,32,8,2.156928485570168,1,10,balanced,0,0,32,32,False,,2.156928485570168,False,False,False,True,0,268,49,1,0,balanced
1784736375782.381,0.4,0.3,0.3,631.9293563579278,659.0,0.12638587127158554,243.34222769567594,306.33141762452107,0.015566526197176514,0.9999999999999998,1.0,0.9999999999999998,29,8,2.2447756936322127,1,10,balanced,1,1,29,29,False,,2.2447756936322127,False,False,False,True,0,269,49,1,0,balanced
1784736378609.729,0.4,0.3,0.3,623.839874411303,647.3333333333334,0.12476797488226059,301.3168724279835,374.238683127572,0.01943408088245387,0.9999999999999998,1.0,0.9999999999999998,32,8,2.2442625857823595,1,10,balanced,0,0,32,32,False,,2.2442625857823595,False,False,False,True,0,270,49,1,0,balanced
1784736381434.3728,0.4,0.3,0.3,631.1083202511774,657.5555555555555,0.12622166405023547,263.53434631212406,323.3238366571699,0.016913565464451236,0.9999999999999998,1.0,0.9999999999999998,29,8,2.2444372647405704,1,10,balanced,1,1,29,29,False,,2.2444372647405704,False,False,False,True,0,271,49,1,0,balanced
1784736384257.313,0.4,0.3,0.3,622.6342229199372,646.4444444444445,0.12452684458398744,266.24853027630803,344.92651381540264,0.017094631772935825,0.9999999999999998,1.0,0.9999999999999998,32,8,2.2450608726345243,1,10,balanced,0,0,32,32,False,,2.2450608726345243,False,False,False,True,0,272,49,1,0,balanced
1784736387183.386,0.4,0.3,0.3,631.0298273155415,657.5555555555555,0.1262059654631083,271.66666666666663,348.2539682539683,0.017456081832332663,0.9999999999999998,1.0,0.9999999999999998,29,8,2.2442807892650567,1,10,balanced,1,1,29,29,False,,2.2442807892650567,False,False,False,True,0,273,49,1,0,balanced
1784736390012.366,0.4,0.3,0.3,620.1350078492935,643.8888888888889,0.1240270015698587,291.2720458553792,379.87801293356847,0.01876397904305398,0.9999999999999998,1.0,0.9999999999999998,32,8,2.24476000565914,1,10,balanced,0,0,32,32,False,,2.24476000565914,False,False,False,True,0,274,49,1,0,balanced
1784736395909.409,0.4,0.3,0.3,631.8178963893249,658.1111111111111,0.12636357927786498,281.04200875752593,366.19731800766283,0.018081521598233886,0.9999999999999998,1.0,0.9999999999999998,29,8,2.244030111809384,1,10,balanced,1,1,29,29,False,,2.244030111809384,False,False,False,True,0,275,49,1,0,balanced
1784736398744.0679,0.4,0.3,0.3,622.0204081632652,646.0,0.12440408163265304,295.1263962375073,380.99647266313934,0.019021107153936446,0.9999999999999998,1.0,0.9999999999999998,32,8,2.244532035200758,1,10,balanced,0,0,32,32,False,,2.244532035200758,False,False,False,True,0,276,49,1,0,balanced
1784736401674.372,0.4,0.3,0.3,631.3281004709576,657.5555555555555,0.1262656200941915,271.9683908045977,350.8374384236453,0.017476210193769024,0.9999999999999998,1.0,0.9999999999999998,29,8,2.2442508889041926,1,10,balanced,1,1,29,29,False,,2.2442508889041926,False,False,False,True,0,277,49,1,0,balanced
1784736404505.073,0.4,0.3,0.3,621.8806907378336,645.8888888888889,0.1243761381475667,291.3932980599647,384.7178130511464,0.018772067915941607,0.9999999999999998,1.0,0.9999999999999998,32,8,2.2446179243661906,1,10,balanced,0,0,32,32,False,,2.2446179243661906,False,False,False,True,0,278,49,1,0,balanced
1784736407439.311,0.4,0.3,0.3,628.6640502354787,655.0,0.12573281004709574,274.3253968253968,346.984126984127,0.017633448754195917,0.9999999999999998,1.0,0.9999999999999998,29,8,2.244416841354903,1,10,balanced,1,1,29,29,False,,2.244416841354903,False,False,False,True,0,279,49,1,0,balanced
1784736410276.8892,0.4,0.3,0.3,621.3186813186813,645.1111111111111,0.12426373626373627,280.7818930041152,369.01822457378006,0.018064168979594078,0.9999999999999998,1.0,0.9999999999999998,32,8,2.244875254800627,1,10,balanced,0,0,32,32,False,,2.244875254800627,False,False,False,True,0,280,49,1,0,balanced
1784736413101.264,0.4,0.3,0.3,630.4113029827315,656.0,0.12608226059654631,262.4691358024691,351.9341563786008,0.016842504056202075,0.9999999999999998,1.0,0.9999999999999998,29,8,2.2445143445445206,1,10,balanced,1,1,29,29,False,,2.2445143445445206,False,False,False,True,0,281,49,1,0,balanced
1784736416028.523,0.4,0.3,0.3,621.2307692307692,645.0,0.12424615384615384,304.4813902572523,391.14668856048166,0.019645189476801356,0.9999999999999998,1.0,0.9999999999999998,32,8,2.244407981618498,1,10,balanced,0,0,32,32,False,,2.244407981618498,False,False,False,True,0,282,49,1,0,balanced
1784736418862.728,0.4,0.3,0.3,630.0,655.8888888888889,0.126,257.4817980373536,331.7917062361507,0.016509793064533262,0.9999999999999998,1.0,0.9999999999999998,29,8,2.24464706208064,1,10,balanced,1,1,29,29,False,,2.24464706208064,False,False,False,True,0,283,49,1,0,balanced
1784736421693.105,0.4,0.3,0.3,622.1522762951334,645.8888888888889,0.12443045525902668,287.67489711934155,367.86008230452677,0.018524009147387697,0.9999999999999998,1.0,0.9999999999999998,32,8,2.244670615152173,1,10,balanced,0,0,32,32,False,,2.244670615152173,False,False,False,True,0,284,49,1,0,balanced
1784736424621.465,0.4,0.3,0.3,631.0266875981162,656.6666666666666,0.12620533751962323,264.53270388615215,329.27476737821564,0.016980167037101545,0.9999999999999998,1.0,0.9999999999999998,29,8,2.2444238148810203,1,10,balanced,1,1,29,29,False,,2.2444238148810203,False,False,False,True,0,285,49,1,0,balanced
1784736427456.5989,0.4,0.3,0.3,621.1020408163265,645.0,0.1242204081632653,283.9462081128748,359.5634920634921,0.018275264050225136,0.9999999999999998,1.0,0.9999999999999998,32,8,2.2448292575196263,1,10,balanced,0,0,32,32,False,,2.2448292575196263,False,False,False,True,0,286,49,1,0,balanced
1784736433285.908,0.4,0.3,0.3,631.1255886970172,657.0,0.12622511773940343,253.69047619047618,322.89682539682536,0.016256869659137838,0.9999999999999998,1.0,0.9999999999999998,29,8,2.2446328920064973,1,10,balanced,1,1,29,29,False,,2.2446328920064973,False,False,False,True,0,287,49,1,0,balanced
1784736436107.985,0.4,0.3,0.3,621.2904238618523,645.6666666666666,0.12425808477237046,292.03997648442095,368.7551440329218,0.018815208571342293,0.9999999999999998,1.0,0.9999999999999998,32,8,2.244652203519649,1,10,balanced,0,0,32,32,False,,2.244652203519649,False,False,False,True,0,288,49,1,0,balanced
1784736439030.832,0.4,0.3,0.3,632.3406593406594,658.2222222222222,0.12646813186813188,268.76984126984127,342.89682539682536,0.017262831305526437,0.9999999999999998,1.0,0.9999999999999998,29,8,2.2442338978610894,1,10,balanced,1,1,29,29,False,,2.2442338978610894,False,False,False,True,0,289,49,1,0,balanced
1784736441862.572,0.4,0.3,0.3,621.9764521193093,646.0,0.12439529042386187,265.65623162845384,341.34332745443857,0.017055118854466568,0.9999999999999998,1.0,0.9999999999999998,32,8,2.245125348174115,1,10,balanced,0,0,32,32,False,,2.245125348174115,False,False,False,True,0,290,49,1,0,balanced
1784736444690.851,0.4,0.3,0.3,631.3673469387754,657.8888888888889,0.12627346938775508,278.3634061411839,362.1462488129155,0.017902828962053627,0.9999999999999998,1.0,0.9999999999999998,29,8,2.2441197635562817,1,10,balanced,1,1,29,29,False,,2.2441197635562817,False,False,False,True,0,291,49,1,0,balanced
1784736447519.5479,0.4,0.3,0.3,621.5761381475667,645.3333333333334,0.12431522762951333,312.4897119341564,391.7283950617284,0.020179433751444723,0.9999999999999998,1.0,0.9999999999999998,32,8,2.244220078822761,1,10,balanced,0,0,32,32,False,,2.244220078822761,False,False,False,True,0,292,49,1,0,balanced
1784736450350.492,0.4,0.3,0.3,632.1350078492935,658.2222222222222,0.1264270015698587,260.4526748971193,350.3703703703704,0.016707983648907226,0.9999999999999998,1.0,0.9999999999999998,29,8,2.2444168042773844,1,10,balanced,1,1,29,29,False,,2.2444168042773844,False,False,False,True,0,293,49,1,0,balanced
1784736453182.583,0.4,0.3,0.3,622.0596546310832,645.5555555555555,0.12441193092621664,287.9049088771311,363.06143445032336,0.018539353494138166,0.9999999999999998,1.0,0.9999999999999998,32,8,2.244673421581272,1,10,balanced,0,0,32,32,False,,2.244673421581272,False,False,False,True,0,294,49,1,0,balanced
1784736456008.415,0.4,0.3,0.3,631.0423861852432,657.2222222222222,0.12620847723704864,237.81497309275085,310.1756885090218,0.015197796737341618,0.9999999999999998,1.0,0.9999999999999998,29,8,2.244957270083978,1,10,balanced,1,1,29,29,False,,2.244957270083978,False,False,False,True,0,295,49,1,0,balanced
1784736458939.604,0.4,0.3,0.3,621.651491365777,645.2222222222222,0.1243302982731554,291.35262725779967,380.5842911877395,0.018769354720333534,0.9999999999999998,1.0,0.9999999999999998,32,8,2.2446370742746375,1,10,balanced,0,0,32,32,False,,2.2446370742746375,False,False,False,True,0,296,49,1,0,balanced
1784736461777.3481,0.4,0.3,0.3,630.6169544740973,656.5555555555555,0.12612339089481944,255.9409623298512,323.97119341563786,0.016407002156761254,0.9999999999999998,1.0,0.9999999999999998,29,8,2.2446285429950437,1,10,balanced,1,1,29,29,False,,2.2446285429950437,False,False,False,True,0,297,49,1,0,balanced
1784736467567.2268,0.4,0.3,0.3,621.8477237048664,645.6666666666666,0.12436954474097328,266.4976484420929,338.47736625514403,0.0171112507299595,0.9999999999999998,1.0,0.9999999999999998,32,8,2.245118806884623,1,10,balanced,0,0,32,32,False,,2.245118806884623,False,False,False,True,0,298,49,1,0,balanced
1784736470400.012,0.4,0.3,0.3,629.4929356357928,656.1111111111111,0.12589858712715857,228.93716365938585,306.6460905349794,0.014605547942587447,0.9999999999999998,1.0,0.9999999999999998,29,8,2.2452589007663604,1,10,balanced,1,1,29,29,False,,2.2452589007663604,False,False,False,True,0,299,49,1,0,balanced
1784736473328.6008,0.4,0.3,0.3,622.6640502354787,646.2222222222222,0.12453281004709575,290.74781061850024,372.04980842911874,0.018729006712374933,0.9999999999999998,1.0,0.9999999999999998,32,8,2.244568173967449,1,10,balanced,0,0,32,32,False,,2.244568173967449,False,False,False,True,0,300,49,1,0,balanced
1784736476160.323,0.1,0.8,0.1,630.0549450549449,656.3333333333334,0.12601098901098898,277.5918012029123,352.27287116176007,0.01785135431640509,0.9999999999999998,1.0,0.9999999999999998,29,8,2.073117817645777,1,10,balanced,1,1,29,29,False,,2.073117817645777,False,False,False,True,0,301,49,1,0,delay
1784736479093.594,0.1,0.8,0.1,633.5243328100471,660.2222222222222,0.1267048665620094,257.42871840094057,332.3971193415638,0.016506252061436997,0.9999999999999998,1.0,0.9999999999999998,28,8,2.0741245116946496,1,10,balanced,1,1,28,28,False,,2.0741245116946496,False,False,False,True,0,302,49,1,0,delay
1784736482016.7798,0.1,0.8,0.1,641.3061224489795,669.7777777777778,0.1282612244897959,212.3846266901822,281.44179894179894,0.013501309318891408,0.9999999999999998,1.0,0.9999999999999998,26,8,2.0763728300959072,1,10,balanced,1,1,26,26,False,,2.0763728300959072,False,False,False,True,0,303,49,1,0,delay
1784736484952.549,0.1,0.8,0.1,644.8602825745683,675.0,0.12897205651491364,227.01386062497173,296.8569393569394,0.014477242203133537,0.9940694226408511,0.9958847736625513,0.9940694226408511,25,8,2.074927942850087,1,10,balanced,1,1,25,25,False,,2.074927942850087,False,False,False,True,0,304,49,1,0,delay
1784736487882.53,0.1,0.8,0.1,652.7645211930926,685.6666666666666,0.1305529042386185,210.59037670148777,266.9689775245331,0.013381612855336076,0.9999999999999998,1.0,0.9999999999999998,23,8,2.0762394192918694,1,10,balanced,1,1,23,23,False,,2.0762394192918694,False,False,False,True,0,305,49,1,0,delay
1784736490913.416,0.1,0.8,0.1,657.4442700156985,691.7777777777778,0.1314888540031397,187.39417989417987,251.49470899470896,0.011834168105015336,0.9999999999999998,1.0,0.9999999999999998,22,8,2.0773837801156736,1,10,balanced,1,1,22,22,False,,2.0773837801156736,False,False,False,True,0,306,49,1,0,delay
1784736493948.032,0.1,0.8,0.1,669.0533751962323,706.6666666666666,0.13381067503924646,203.71902274680048,269.5941301496857,0.012923216994449664,0.9999999999999998,1.0,0.9999999999999998,20,8,2.0762803589005157,1,10,balanced,1,1,20,20,False,,2.0762803589005157,False,False,False,True,0,307,49,1,0,delay
1784736496971.494,0.1,0.8,0.1,675.9843014128727,715.2222222222222,0.13519686028257455,167.1700470311581,207.01499118165785,0.010484993130831094,0.9999999999999998,1.0,0.9999999999999998,19,8,2.0780923194670775,1,10,balanced,1,1,19,19,False,,2.0780923194670775,False,False,False,True,0,308,49,1,0,delay
1784736503067.131,0.1,0.8,0.1,692.2135007849292,736.6666666666666,0.13844270015698584,172.40961199294534,229.0108759553204,0.010834530486520704,0.9999999999999998,1.0,0.9999999999999998,17,8,2.077488105595085,1,10,balanced,1,1,17,17,False,,2.077488105595085,False,False,False,True,0,309,49,1,0,delay
1784736506301.3762,0.1,0.8,0.1,700.7001569858711,747.6666666666666,0.1401400313971742,199.18582375478925,276.5270935960591,0.012620802118398215,0.9999999999999998,1.0,0.9999999999999998,16,8,2.075889355165564,1,10,balanced,1,1,16,16,False,,2.075889355165564,False,False,False,True,0,310,49,1,0,delay
1784736509633.819,0.1,0.8,0.1,724.3799058084772,778.7777777777778,0.14487598116169545,212.16710758377425,300.2469135802469,0.013486798371165728,0.9999999999999998,1.0,0.9999999999999998,14,8,2.0747229631868978,1,10,balanced,1,1,14,14,False,,2.0747229631868978,False,False,False,True,0,311,49,1,0,delay
1784736512967.4202,0.1,0.8,0.1,739.8288854003139,797.4444444444445,0.14796577708006278,143.5505132727355,180.7948944060055,0.008909307089575417,0.9978487121344262,0.9958847736625513,0.9978487121344262,13,8,2.077860847833776,1,10,balanced,1,1,13,13,False,,2.077860847833776,False,False,False,True,0,312,49,1,0,delay
1784736516495.647,0.1,0.8,0.1,772.1161695447408,840.7777777777778,0.15442323390894816,135.42695473251027,166.52116402116403,0.008367375232322232,0.9999999999999998,1.0,0.9999999999999998,11,8,2.0778637764232473,1,10,balanced,1,1,11,11,False,,2.0778637764232473,False,False,False,True,0,313,49,1,0,delay
1784736520020.818,0.1,0.8,0.1,799.3893249607535,874.7777777777778,0.1598778649921507,139.03292181069958,157.98353909465018,0.008607933409653074,0.9999999999999998,1.0,0.9999999999999998,10,8,2.0771258667730623,1,10,balanced,1,1,10,10,False,,2.0771258667730623,False,False,False,True,0,314,49,1,0,delay
1784736523545.29,0.1,0.8,0.1,796.4662480376766,871.4444444444445,0.15929324960753533,159.46502057613168,200.9053497942387,0.009970982026426396,0.9999999999999998,1.0,0.9999999999999998,10,8,2.076093889418105,1,10,balanced,1,2,8,10,True,requested_slotframe_below_minimum (8 < 10),2.076093889418105,False,False,False,True,0,315,49,1,0,delay
1784736527066.2488,0.1,0.8,0.1,798.9152276295132,873.6666666666666,0.15978304552590264,116.50205761316872,151.9753086419753,0.007104873756715725,0.9999999999999998,1.0,0.9999999999999998,10,8,2.078337796442037,1,10,balanced,1,2,8,10,True,requested_slotframe_below_minimum (8 < 10),2.078337796442037,False,False,False,True,0,316,49,1,0,delay
1784736530588.502,0.1,0.8,0.1,796.5981161695447,871.6666666666666,0.15931962323390894,118.10303893637226,158.8651471984805,0.007211677047122899,0.9999999999999998,1.0,0.9999999999999998,10,8,2.0782986960389107,1,10,balanced,1,2,8,10,True,requested_slotframe_below_minimum (8 < 10),2.0782986960389107,False,False,False,True,0,317,49,1,0,delay
1784736537174.253,0.1,0.8,0.1,797.3500784929356,871.7777777777778,0.15947001569858713,110.69173110839776,136.71268032379143,0.006717260247391445,0.9940694226408511,0.9958847736625516,0.9940694226408511,10,8,2.0780861324963134,1,10,balanced,1,2,8,10,True,requested_slotframe_below_minimum (8 < 10),2.0780861324963134,False,False,False,True,0,318,49,1,0,delay
1784736540707.656,0.1,0.8,0.1,798.2025117739403,873.1111111111111,0.15964050235478805,99.3795504906616,116.78695789806903,0.005962611773893369,0.9999999999999998,1.0,0.9999999999999998,10,8,2.0792658603454064,1,10,balanced,1,2,8,10,True,requested_slotframe_below_minimum (8 < 10),2.0792658603454064,False,False,False,True,0,319,49,1,0,delay
1784736544239.305,0.1,0.8,0.1,797.3532182103609,872.1111111111111,0.15947064364207217,100.7858499525166,125.97499208610319,0.006056427615244603,0.9999999999999998,1.0,0.9999999999999998,10,8,2.0792077935435973,1,10,balanced,1,2,8,10,True,requested_slotframe_below_minimum (8 < 10),2.0792077935435973,False,False,False,True,0,320,49,1,0,delay
1784736547766.56,0.1,0.8,0.1,799.0973312401882,874.1111111111111,0.15981946624803764,96.883507439063,123.94112060778727,0.005796097894533889,0.9999999999999998,1.0,0.9999999999999998,10,8,2.079381175059569,1,10,balanced,1,2,8,10,True,requested_slotframe_below_minimum (8 < 10),2.079381175059569,False,False,False,True,0,321,49,1,0,delay
1784736551398.655,0.1,0.8,0.1,796.4960753532181,871.4444444444445,0.15929921507064362,94.62154614932393,119.88242210464432,0.005645199876539288,0.9960192868356132,0.9960317460317462,0.9960192868356132,10,8,2.0791558472752656,1,10,balanced,1,2,8,10,True,requested_slotframe_below_minimum (8 < 10),2.0791558472752656,False,False,False,True,0,322,49,1,0,delay
1784736554927.0452,0.1,0.8,0.1,798.2982731554159,873.2222222222222,0.1596596546310832,110.95283317505539,140.56980056980058,0.006734678664113101,0.9999999999999998,1.0,0.9999999999999998,10,8,2.078646291605601,1,10,balanced,1,2,8,10,True,requested_slotframe_below_minimum (8 < 10),2.078646291605601,False,False,False,True,0,323,49,1,0,delay
1784736558457.8782,0.1,0.8,0.1,797.2684458398743,872.5555555555555,0.15945368916797487,109.73330167774611,146.0272238050016,0.0066533223267342305,0.9999999999999998,1.0,0.9999999999999998,10,8,2.078731973221815,1,10,balanced,1,2,8,10,True,requested_slotframe_below_minimum (8 < 10),2.078731973221815,False,False,False,True,0,324,49,1,0,delay
1784736561985.706,0.1,0.8,0.1,799.2276295133437,873.6666666666666,0.15984552590266873,105.88556505223171,147.49129471351696,0.006396635427100181,0.9999999999999998,1.0,0.9999999999999998,10,8,2.0788981390680528,1,10,balanced,1,2,8,10,True,requested_slotframe_below_minimum (8 < 10),2.0788981390680528,False,False,False,True,0,325,49,1,0,delay
1784736565521.342,0.1,0.8,0.1,798.9450549450548,874.3333333333334,0.15978901098901097,170.37037037037038,230.2057613168724,0.01069849035159242,0.9999999999999998,1.0,0.9999999999999998,10,8,2.075462306619825,1,10,balanced,1,2,8,10,True,requested_slotframe_below_minimum (8 < 10),2.075462306619825,False,False,False,True,0,326,49,1,0,delay
1784736569049.499,0.1,0.8,0.1,796.6200941915228,871.3333333333334,0.15932401883830455,183.20037986704654,237.66540044317824,0.011554394921083825,0.9999999999999998,1.0,0.9999999999999998,10,8,2.0748240821793025,1,10,balanced,1,2,8,10,True,requested_slotframe_below_minimum (8 < 10),2.0748240821793025,False,False,False,True,0,327,49,1,0,delay
1784736575518.624,0.1,0.8,0.1,796.9748822605965,871.8888888888889,0.1593949764521193,152.34567901234567,208.64197530864197,0.00949604262924254,0.9999999999999998,1.0,0.9999999999999998,10,8,2.076463668251394,1,10,balanced,1,2,8,10,True,requested_slotframe_below_minimum (8 < 10),2.076463668251394,False,False,False,True,0,328,49,1,0,delay
1784736579042.248,0.1,0.8,0.1,797.9419152276294,873.1111111111111,0.15958838304552586,152.18740107628997,197.47230136119026,0.009485483727571046,0.9999999999999998,1.0,0.9999999999999998,10,8,2.0764527747133905,1,10,balanced,1,2,8,10,True,requested_slotframe_below_minimum (8 < 10),2.0764527747133905,False,False,False,True,0,329,49,1,0,delay
1784736582576.804,0.1,0.8,0.1,797.7362637362637,873.0,0.15954725274725273,146.8312757201646,205.47325102880663,0.009128170495007646,0.9999999999999998,1.0,0.9999999999999998,10,8,2.0767427383292687,1,10,balanced,1,2,8,10,True,requested_slotframe_below_minimum (8 < 10),2.0767427383292687,False,False,False,True,0,330,49,1,0,delay
1784736586105.0168,0.1,0.8,0.1,797.3610675039246,872.2222222222222,0.15947221350078492,145.24612219056664,187.47546691991136,0.00902242309476762,0.9999999999999998,1.0,0.9999999999999998,10,8,2.0768348401741075,1,10,balanced,1,2,8,10,True,requested_slotframe_below_minimum (8 < 10),2.0768348401741075,False,False,False,True,0,331,49,1,0,delay
1784736589634.542,0.1,0.8,0.1,797.3139717425431,872.0,0.15946279434850863,137.75573192239858,167.5161669606114,0.00852273061523673,0.9999999999999998,1.0,0.9999999999999998,10,8,2.0772355360729597,1,10,balanced,1,2,8,10,True,requested_slotframe_below_minimum (8 < 10),2.0772355360729597,False,False,False,True,0,332,49,1,0,delay
1784736593262.773,0.1,0.8,0.1,798.1130298273155,872.8888888888889,0.1596226059654631,173.87492651381538,222.2089947089947,0.010932283289780879,0.9942812289751064,0.9960317460317459,0.9942812289751064,10,8,2.0747200356691398,1,10,balanced,1,2,8,10,True,requested_slotframe_below_minimum (8 < 10),2.0747200356691398,False,False,False,True,0,333,49,1,0,delay
1784736596893.032,0.1,0.8,0.1,798.4709576138146,873.0,0.1596941915227629,79.98603762492651,95.60552616108173,0.004668848407266612,0.9999999999999998,1.0,0.9999999999999998,10,8,2.0802955021219103,1,10,balanced,1,2,8,10,True,requested_slotframe_below_minimum (8 < 10),2.0802955021219103,False,False,False,True,0,334,49,1,0,delay
1784736600523.479,0.1,0.8,0.1,797.9450549450548,872.7777777777778,0.15958901098901096,77.13477366255144,91.86067019400352,0.004478637335727248,0.9999999999999998,1.0,0.9999999999999998,10,8,2.080458189032517,1,10,balanced,1,2,8,10,True,requested_slotframe_below_minimum (8 < 10),2.080458189032517,False,False,False,True,0,335,49,1,0,delay
1784736604049.2092,0.1,0.8,0.1,797.0251177394033,871.5555555555555,0.15940502354788066,89.89711934156378,114.93827160493827,0.005330027974754088,0.9999999999999998,1.0,0.9999999999999998,10,8,2.0797954752654086,1,10,balanced,1,2,8,10,True,requested_slotframe_below_minimum (8 < 10),2.0797954752654086,False,False,False,True,0,336,49,1,0,delay
1784736610546.563,0.1,0.8,0.1,797.9638932496074,872.8888888888889,0.15959277864992147,100.25087052864832,123.60873694207028,0.0060207385275949515,0.9999999999999998,1.0,0.9999999999999998,10,8,2.079224131312932,1,10,balanced,1,2,8,10,True,requested_slotframe_below_minimum (8 < 10),2.079224131312932,False,False,False,True,0,337,49,1,0,delay
1784736614177.968,0.1,0.8,0.1,798.2637362637362,873.2222222222222,0.15965274725274722,116.09126984126983,158.26131687242798,0.007077469635841884,0.9999999999999998,1.0,0.9999999999999998,10,8,2.078372749566052,1,10,balanced,1,2,8,10,True,requested_slotframe_below_minimum (8 < 10),2.078372749566052,False,False,False,True,0,338,49,1,0,delay
1784736617801.1128,0.1,0.8,0.1,799.5839874411301,874.5555555555555,0.15991679748822604,107.84832451499118,128.00117577895355,0.006527573349899345,0.9999999999999998,1.0,0.9999999999999998,10,8,2.078786261571258,1,10,balanced,1,2,8,10,True,requested_slotframe_below_minimum (8 < 10),2.078786261571258,False,False,False,True,0,339,49,1,0,delay
1784736621330.913,0.1,0.8,0.1,796.9434850863421,872.2222222222222,0.15938869701726843,95.99635960747071,115.25957581513136,0.0057369152506651575,0.9999999999999998,1.0,0.9999999999999998,10,8,2.079471598097741,1,10,balanced,1,2,8,10,True,requested_slotframe_below_minimum (8 < 10),2.079471598097741,False,False,False,True,0,340,49,1,0,delay
1784736624861.64,0.1,0.8,0.1,798.6028257456829,873.2222222222222,0.1597205651491366,101.19341563786008,123.78600823045268,0.006083616787048705,0.9999999999999998,1.0,0.9999999999999998,10,8,2.0791610500554474,1,10,balanced,1,2,8,10,True,requested_slotframe_below_minimum (8 < 10),2.0791610500554474,False,False,False,True,0,341,49,1,0,delay
1784736628489.651,0.1,0.8,0.1,798.9544740973312,873.5555555555555,0.15979089481946623,104.80526161081715,131.75044091710757,0.006324567152155914,0.9999999999999998,1.0,0.9999999999999998,10,8,2.0789612567963287,1,10,balanced,1,2,8,10,True,requested_slotframe_below_minimum (8 < 10),2.0789612567963287,False,False,False,True,0,342,49,1,0,delay
1784736632019.9438,0.1,0.8,0.1,797.0502354788069,872.4444444444445,0.1594100470957614,122.33064260842038,162.35675846786958,0.0074937053107685375,0.9940694226408511,0.9958847736625516,0.9940694226408511,10,8,2.077470973305894,1,10,balanced,1,2,8,10,True,requested_slotframe_below_minimum (8 < 10),2.077470973305894,False,False,False,True,0,343,49,1,0,delay
1784736635641.9438,0.1,0.8,0.1,797.3233908948195,872.2222222222222,0.1594646781789639,1721.8952087007642,1745.8597883597884,0.1142024822348742,0.9999999999999998,1.0,0.9999999999999998,10,8,1.9926915463942043,1,10,balanced,1,2,8,10,True,requested_slotframe_below_minimum (8 < 10),1.9926915463942043,False,False,False,True,0,344,49,1,0,delay
1784736639179.217,0.1,0.8,0.1,797.6436420722134,872.7777777777778,0.15952872841444268,109.21810699588477,140.6584362139918,0.006618953101793513,0.9999999999999998,1.0,0.9999999999999998,10,8,2.078751964677121,1,10,balanced,1,2,8,10,True,requested_slotframe_below_minimum (8 < 10),2.078751964677121,False,False,False,True,0,345,49,1,0,delay
1784736645778.2869,0.1,0.8,0.1,798.5714285714286,873.0,0.1597142857142857,111.8463121240899,148.7369420702754,0.006794283664048693,0.9958718530147099,0.9958847736625513,0.9958718530147099,10,8,2.0781803297988035,1,10,balanced,1,2,8,10,True,requested_slotframe_below_minimum (8 < 10),2.0781803297988035,False,False,False,True,0,346,49,1,0,delay
1784736649711.3682,0.1,0.8,0.1,682.3249607535321,756.8888888888889,0.13646499215070643,85.72132616487454,118.2347670250896,0.005051456048357207,0.8885400313971741,0.8888888888888888,0.8885400313971741,10,8,2.071166339085961,1,10,balanced,1,2,8,10,True,requested_slotframe_below_minimum (8 < 10),2.071166339085961,False,False,False,True,0,347,49,1,0,delay
1784736656950.369,0.1,0.8,0.1,184.55729984301414,346.77777777777777,0.03691145996860283,24.666923868312757,16.444615912208505,0.0009784472227026522,0.17739403453689168,0.3333333333333333,0.17739403453689168,10,8,2.013265499678667,1,10,balanced,1,2,8,10,True,requested_slotframe_below_minimum (8 < 10),2.013265499678667,False,False,False,True,0,348,49,1,0,delay
1784736660582.175,0.1,0.8,0.1,796.8116169544741,871.5555555555555,0.15936232339089482,162.68298059964724,224.42239858906527,0.010185655810516827,0.9999999999999998,1.0,0.9999999999999998,10,8,2.075915243012497,1,10,balanced,1,2,8,10,True,requested_slotframe_below_minimum (8 < 10),2.075915243012497,False,False,False,True,0,349,49,1,0,delay
1784736664215.8389,0.1,0.8,0.1,796.9968602825745,872.1111111111111,0.15939937205651492,135.03453850676073,174.6575543797766,0.008341196698249549,0.9999999999999998,1.0,0.9999999999999998,10,8,2.077387105435749,1,10,balanced,1,2,8,10,True,requested_slotframe_below_minimum (8 < 10),2.077387105435749,False,False,False,True,0,350,49,1,0,delay
1784736667849.292,0.1,0.8,0.1,796.34693877551,871.0,0.159269387755102,116.35949441504995,154.1387419165197,0.007095363203138756,0.9999999999999998,1.0,0.9999999999999998,10,8,2.078396770661979,1,10,balanced,1,2,8,10,True,requested_slotframe_below_minimum (8 < 10),2.078396770661979,False,False,False,True,0,351,49,1,0,delay
1784736671370.9258,0.1,0.8,0.1,797.2448979591837,872.2222222222222,0.15944897959183674,112.63691041468819,140.78980690091802,0.006847025377897811,0.9999999999999998,1.0,0.9999999999999998,10,8,2.078577481738498,1,10,balanced,1,2,8,10,True,requested_slotframe_below_minimum (8 < 10),2.078577481738498,False,False,False,True,0,352,49,1,0,delay
1784736674902.029,0.1,0.8,0.1,797.5007849293563,872.2222222222222,0.15950015698587125,105.7795188350744,129.76574865463758,0.0063895609629802804,0.9999999999999998,1.0,0.9999999999999998,10,8,2.0789383355310287,1,10,balanced,1,2,8,10,True,requested_slotframe_below_minimum (8 < 10),2.0789383355310287,False,False,False,True,0,353,49,1,0,delay
1784736680977.1199,0.1,0.8,0.1,797.717425431711,872.2222222222222,0.1595434850863422,113.94428616650839,135.19943019943017,0.006934241905704362,0.9999999999999998,1.0,0.9999999999999998,10,8,2.0784982579668023,1,10,balanced,1,2,8,10,True,requested_slotframe_below_minimum (8 < 10),2.0784982579668023,False,False,False,True,0,354,49,1,0,delay
1784736684604.816,0.1,0.8,0.1,795.8241758241757,870.5555555555555,0.15916483516483512,99.15784832451499,120.67754262198706,0.005947821769480653,0.9999999999999998,1.0,0.9999999999999998,10,8,2.079325259067932,1,10,balanced,1,2,8,10,True,requested_slotframe_below_minimum (8 < 10),2.079325259067932,False,False,False,True,0,355,49,1,0,delay
1784736688222.307,0.1,0.8,0.1,797.0156985871272,871.3333333333334,0.15940313971742545,102.92407181296069,133.16363677474789,0.006199070834753882,0.9999999999999998,1.0,0.9999999999999998,10,8,2.0791004293604542,1,10,balanced,1,2,8,10,True,requested_slotframe_below_minimum (8 < 10),2.0791004293604542,False,False,False,True,0,356,49,1,0,delay
1784736692048.852,0.1,0.8,0.1,735.368916797488,755.7777777777778,0.1470737833594976,93.67502986857825,117.37873357228197,0.005582056695702352,0.9419152276295131,0.8888888888888888,0.9419152276295131,10,8,2.0750184990704397,1,10,balanced,1,2,8,10,True,requested_slotframe_below_minimum (8 < 10),2.0750184990704397,False,False,False,True,0,357,49,1,0,delay
1784736695580.742,0.1,0.8,0.1,799.043956043956,873.1111111111111,0.15980879120879118,107.25704336815448,132.64165875276984,0.006488128310083688,0.9999999999999998,1.0,0.9999999999999998,10,8,2.078828618231054,1,10,balanced,1,2,8,10,True,requested_slotframe_below_minimum (8 < 10),2.078828618231054,False,False,False,True,0,358,49,1,0,delay
1784736699203.841,0.1,0.8,0.1,796.7080062794348,871.4444444444445,0.15934160125588695,98.68312757201647,121.20664315108759,0.005916152606538791,0.9999999999999998,1.0,0.9999999999999998,10,8,2.07933291778918,1,10,balanced,1,2,8,10,True,requested_slotframe_below_minimum (8 < 10),2.07933291778918,False,False,False,True,0,359,49,1,0,delay
1784736702734.087,0.1,0.8,0.1,797.8288854003139,872.1111111111111,0.15956577708006278,92.73662551440329,109.87654320987654,0.005519454670740713,0.9999999999999998,1.0,0.9999999999999998,10,8,2.0796278585554013,1,10,balanced,1,2,8,10,True,requested_slotframe_below_minimum (8 < 10),2.0796278585554013,False,False,False,True,0,360,49,1,0,delay
1784736706355.658,0.1,0.8,0.1,796.4301412872842,871.5555555555555,0.15928602825745683,117.40446796002351,152.28982951205174,0.007165074580388493,0.9999999999999998,1.0,0.9999999999999998,10,8,2.0783393375099437,1,10,balanced,1,2,8,10,True,requested_slotframe_below_minimum (8 < 10),2.0783393375099437,False,False,False,True,0,361,49,1,0,delay
1784736709991.52,0.1,0.8,0.1,797.3390894819465,872.3333333333334,0.1594678178963893,119.43930041152262,152.51469723691946,0.007300820574484498,0.9999999999999998,1.0,0.9999999999999998,10,8,2.0782125617507736,1,10,balanced,1,2,8,10,True,requested_slotframe_below_minimum (8 < 10),2.0782125617507736,False,False,False,True,0,362,49,1,0,delay
1784736716541.481,0.1,0.8,0.1,796.2700156985871,870.8888888888889,0.15925400313971744,152.06710984488763,197.21114276669834,0.009477458962300709,0.9999999999999998,1.0,0.9999999999999998,10,8,2.076492632516188,1,10,balanced,1,2,8,10,True,requested_slotframe_below_minimum (8 < 10),2.076492632516188,False,False,False,True,0,363,49,1,0,delay
1784736720174.878,0.1,0.8,0.1,797.7095761381474,872.2222222222222,0.15954191522762948,99.01969429747209,123.90358612580836,0.005938605356735963,0.9999999999999998,1.0,0.9999999999999998,10,8,2.0792949241918484,1,10,balanced,1,2,8,10,True,requested_slotframe_below_minimum (8 < 10),2.0792949241918484,False,False,False,True,0,364,49,1,0,delay
1784736723809.764,0.1,0.8,0.1,797.5996860282575,872.5555555555555,0.1595199372056515,122.53453850676071,169.60023515579073,0.00750730743874321,0.9960192868356132,0.9960317460317462,0.9960192868356132,10,8,2.0776440890120016,1,10,balanced,1,2,8,10,True,requested_slotframe_below_minimum (8 < 10),2.0776440890120016,False,False,False,True,0,365,49,1,0,delay
1784736727436.6118,0.1,0.8,0.1,797.25431711146,871.6666666666666,0.15945086342229198,116.4043209876543,146.30511463844795,0.007098353634933576,0.9999999999999998,1.0,0.9999999999999998,10,8,2.078376230749824,1,10,balanced,1,2,8,10,True,requested_slotframe_below_minimum (8 < 10),2.078376230749824,False,False,False,True,0,366,49,1,0,delay
1784736730962.965,0.1,0.8,0.1,798.3783359497644,872.8888888888889,0.15967566718995288,88.55571383349161,109.21652421652422,0.005240541283088166,0.9940694226408511,0.9958847736625513,0.9940694226408511,10,8,2.079246942518619,1,10,balanced,1,2,8,10,True,requested_slotframe_below_minimum (8 < 10),2.079246942518619,False,False,False,True,0,367,49,1,0,delay
1784736734586.088,0.1,0.8,0.1,797.2637362637362,872.4444444444445,0.15945274725274725,78.02361732917288,93.53875548319992,0.004537933110685315,0.9958718530147099,0.9958847736625513,0.9958718530147099,10,8,2.080011564087648,1,10,balanced,1,2,8,10,True,requested_slotframe_below_minimum (8 < 10),2.080011564087648,False,False,False,True,0,368,49,1,0,delay
1784736738220.731,0.1,0.8,0.1,797.9748822605964,873.1111111111111,0.15959497645211926,274.88909238909235,417.55426672093336,0.017671053528291684,0.9918018489447058,0.9917695473251028,0.9918018489447058,10,8,2.0690838444266255,1,10,balanced,1,2,8,10,True,requested_slotframe_below_minimum (8 < 10),2.0690838444266255,False,False,False,True,0,369,49,1,0,delay
1784736741752.6382,0.1,0.8,0.1,797.2119309262165,872.4444444444445,0.1594423861852433,77.23488445710669,93.4599556821779,0.004485315841034469,0.9999999999999998,1.0,0.9999999999999998,10,8,2.080467508708648,1,10,balanced,1,2,8,10,True,requested_slotframe_below_minimum (8 < 10),2.080467508708648,False,False,False,True,0,370,49,1,0,delay
1784736745278.2659,0.1,0.8,0.1,797.783359497645,872.3333333333334,0.15955667189952902,78.4749920861032,94.60430515986071,0.0045680448356306335,0.9999999999999998,1.0,0.9999999999999998,10,8,2.0803898969415426,1,10,balanced,1,2,8,10,True,requested_slotframe_below_minimum (8 < 10),2.0803898969415426,False,False,False,True,0,371,49,1,0,delay
1784736751827.035,0.1,0.8,0.1,798.8367346938775,874.2222222222222,0.1597673469387755,83.78453850676073,99.69135802469135,0.004922250734273564,0.9999999999999998,1.0,0.9999999999999998,10,8,2.0800854647187035,1,10,balanced,1,2,8,10,True,requested_slotframe_below_minimum (8 < 10),2.0800854647187035,False,False,False,True,0,372,49,1,0,delay
1784736755355.939,0.1,0.8,0.1,799.5557299843014,874.3333333333334,0.15991114599686027,75.36245647356758,92.15574548907883,0.0043604040342606785,0.9999999999999998,1.0,0.9999999999999998,10,8,2.0805205621729055,1,10,balanced,1,2,8,10,True,requested_slotframe_below_minimum (8 < 10),2.0805205621729055,False,False,False,True,0,373,49,1,0,delay
1784736758984.3308,0.1,0.8,0.1,799.0408163265305,873.5555555555555,0.15980816326530609,79.80746619635508,95.36302175191064,0.004656935703559378,0.9999999999999998,1.0,0.9999999999999998,10,8,2.080293635110622,1,10,balanced,1,2,8,10,True,requested_slotframe_below_minimum (8 < 10),2.080293635110622,False,False,False,True,0,374,49,1,0,delay
1784736762515.039,0.1,0.8,0.1,798.331240188383,873.4444444444445,0.15966624803767662,78.22253877809433,93.72902817347261,0.004551203387464599,0.9999999999999998,1.0,0.9999999999999998,10,8,2.0803924124862605,1,10,balanced,1,2,8,10,True,requested_slotframe_below_minimum (8 < 10),2.0803924124862605,False,False,False,True,0,375,49,1,0,delay
1784736766251.4739,0.1,0.8,0.1,796.2543171114598,871.6666666666666,0.15925086342229197,19835.910316446712,19008.337641144157,1.0,0.9767247179280958,0.9767378215654077,0.9767247179280958,10,8,1.2817473854505803,1,10,balanced,1,2,8,10,True,requested_slotframe_below_minimum (8 < 10),1.2817473854505803,False,False,False,True,0,376,49,1,0,delay
1784736773486.804,0.1,0.8,0.1,184.45054945054943,346.55555555555554,0.036890109890109886,25.083597046413498,16.722398030942333,0.0010062439657380585,0.17739403453689168,0.3333333333333333,0.17739403453689168,10,8,2.0132453972920876,1,10,balanced,1,2,8,10,True,requested_slotframe_below_minimum (8 < 10),2.0132453972920876,False,False,False,True,0,377,49,1,0,delay
1784736777025.9048,0.1,0.8,0.1,798.0784929356358,873.2222222222222,0.15961569858712718,132.45330800886356,167.34409623298512,0.008168999867169017,0.9999999999999998,1.0,0.9999999999999998,10,8,2.0775032302475522,1,10,balanced,1,2,8,10,True,requested_slotframe_below_minimum (8 < 10),2.0775032302475522,False,False,False,True,0,378,49,1,0,delay
1784736783812.9949,0.1,0.8,0.1,736.9717425431709,756.8888888888889,0.14739434850863417,183.3148148148148,240.48148148148144,0.011562029006992316,0.9419152276295131,0.8888888888888888,0.9419152276295131,10,8,2.070202464706494,1,10,balanced,1,2,8,10,True,requested_slotframe_below_minimum (8 < 10),2.070202464706494,False,False,False,True,0,379,49,1,0,delay
1784736787439.495,0.1,0.8,0.1,798.0565149136577,873.8888888888889,0.15961130298273155,143.7742504409171,184.98383303938857,0.008924232851295335,0.9999999999999998,1.0,0.9999999999999998,10,8,2.0768994834206906,1,10,balanced,1,2,8,10,True,requested_slotframe_below_minimum (8 < 10),2.0768994834206906,False,False,False,True,0,380,49,1,0,delay
1784736791068.713,0.1,0.8,0.1,796.1491365777078,871.4444444444445,0.15922982731554158,131.45723104056438,166.2713109935332,0.008102550436328512,0.9999999999999998,1.0,0.9999999999999998,10,8,2.077594976919383,1,10,balanced,1,2,8,10,True,requested_slotframe_below_minimum (8 < 10),2.077594976919383,False,False,False,True,0,381,49,1,0,delay
1784736794609.893,0.1,0.8,0.1,799.3375196232339,874.5555555555555,0.15986750392464677,78.0654004431782,95.19379550490662,0.004540720509885137,0.9999999999999998,1.0,0.9999999999999998,10,8,2.080380673199627,1,10,balanced,1,2,8,10,True,requested_slotframe_below_minimum (8 < 10),2.080380673199627,False,False,False,True,0,382,49,1,0,delay
1784736798235.927,0.1,0.8,0.1,797.9262166405023,872.8888888888889,0.15958524332810045,81.71737213403878,98.12463256907701,0.004784347707407524,0.9999999999999998,1.0,0.9999999999999998,10,8,2.080213997501264,1,10,balanced,1,2,8,10,True,requested_slotframe_below_minimum (8 < 10),2.080213997501264,False,False,False,True,0,383,49,1,0,delay
1784736801863.559,0.1,0.8,0.1,799.2998430141287,874.2222222222222,0.15985996860282572,82.4647266313933,99.72810111699,0.004834204578478539,0.9999999999999998,1.0,0.9999999999999998,10,8,2.0801466394769346,1,10,balanced,1,2,8,10,True,requested_slotframe_below_minimum (8 < 10),2.0801466394769346,False,False,False,True,0,384,49,1,0,delay
1784736805385.9429,0.1,0.8,0.1,800.1334379905808,874.8888888888889,0.16002668759811617,78.35628363406141,93.84140550807217,0.004560125659377012,0.9999999999999998,1.0,0.9999999999999998,10,8,2.0803492307126867,1,10,balanced,1,2,8,10,True,requested_slotframe_below_minimum (8 < 10),2.0803492307126867,False,False,False,True,0,385,49,1,0,delay
1784736808907.253,0.1,0.8,0.1,796.7127158555729,871.7777777777778,0.1593425431711146,121.68882557771445,164.25767647989872,0.007450888964490624,0.9999999999999998,1.0,0.9999999999999998,10,8,2.078105034511296,1,10,balanced,1,2,8,10,True,requested_slotframe_below_minimum (8 < 10),2.078105034511296,False,False,False,True,0,386,49,1,0,delay
1784736812438.17,0.1,0.8,0.1,796.4929356357927,871.2222222222222,0.15929858712715855,100.59670781893003,121.4814814814815,0.006043809727747167,0.9999999999999998,1.0,0.9999999999999998,10,8,2.0792350935050865,1,10,balanced,1,2,8,10,True,requested_slotframe_below_minimum (8 < 10),2.0792350935050865,False,False,False,True,0,387,49,1,0,delay
1784736815964.3208,0.1,0.8,0.1,798.7817896389324,874.3333333333334,0.15975635792778647,113.37765115542894,153.5960747071858,0.006896441037720409,0.9999999999999998,1.0,0.9999999999999998,10,8,2.078507211377045,1,10,balanced,1,2,8,10,True,requested_slotframe_below_minimum (8 < 10),2.078507211377045,False,False,False,True,0,388,49,1,0,delay
1784736822554.128,0.1,0.8,0.1,797.0408163265305,871.6666666666666,0.1594081632653061,222.2523515579071,316.25073486184596,0.01415959650152816,0.9942812289751064,0.9960317460317462,0.9942812289751064,10,8,2.0721596293697573,1,10,balanced,1,2,8,10,True,requested_slotframe_below_minimum (8 < 10),2.0721596293697573,False,False,False,True,0,389,49,1,0,delay
1784736826082.518,0.1,0.8,0.1,798.6750392464678,873.6666666666666,0.15973500784929356,156.09053497942386,199.54732510288065,0.009745866242790118,0.9999999999999998,1.0,0.9999999999999998,10,8,2.0762298062208386,1,10,balanced,1,2,8,10,True,requested_slotframe_below_minimum (8 < 10),2.0762298062208386,False,False,False,True,0,390,49,1,0,delay
1784736829615.5989,0.1,0.8,0.1,797.6656200941915,873.1111111111111,0.1595331240188383,132.7437480215258,171.36435580880024,0.00818837545173621,0.9939531368102794,0.9958847736625513,0.9939531368102794,10,8,2.076891300917755,1,10,balanced,1,2,8,10,True,requested_slotframe_below_minimum (8 < 10),2.076891300917755,False,False,False,True,0,391,49,1,0,delay
1784736833237.0789,0.1,0.8,0.1,798.7692307692306,873.3333333333334,0.1597538461538461,85.53707095373764,103.76373626373628,0.005039164173031197,0.9939531368102794,0.9958847736625513,0.9939531368102794,10,8,2.079388597727218,1,10,balanced,1,2,8,10,True,requested_slotframe_below_minimum (8 < 10),2.079388597727218,False,False,False,True,0,392,49,1,0,delay
1784736836871.77,0.1,0.8,0.1,798.0455259026688,873.2222222222222,0.15960910518053376,117.70208700764256,144.76190476190476,0.007184929086567216,0.9999999999999998,1.0,0.9999999999999998,10,8,2.0782911462126927,1,10,balanced,1,2,8,10,True,requested_slotframe_below_minimum (8 < 10),2.0782911462126927,False,False,False,True,0,393,49,1,0,delay
1784736840504.955,0.1,0.8,0.1,798.5494505494504,873.2222222222222,0.1597098901098901,115.60258671369782,147.7527924750147,0.007044869026931142,0.9999999999999998,1.0,0.9999999999999998,10,8,2.078393115767466,1,10,balanced,1,2,8,10,True,requested_slotframe_below_minimum (8 < 10),2.078393115767466,False,False,False,True,0,394,49,1,0,delay
1784736844033.637,0.1,0.8,0.1,796.9466248037676,871.8888888888889,0.1593893249607535,138.59765748654635,178.4710351377018,0.008578896430056462,0.9999999999999998,1.0,0.9999999999999998,10,8,2.0771979503598796,1,10,balanced,1,2,8,10,True,requested_slotframe_below_minimum (8 < 10),2.0771979503598796,False,False,False,True,0,395,49,1,0,delay
1784736847670.094,0.1,0.8,0.1,797.5494505494505,872.1111111111111,0.1595098901098901,134.22104644326868,178.00117577895355,0.008286927714694374,0.9999999999999998,1.0,0.9999999999999998,10,8,2.0774194688172556,1,10,balanced,1,2,8,10,True,requested_slotframe_below_minimum (8 < 10),2.0774194688172556,False,False,False,True,0,396,49,1,0,delay
1784736851303.7668,0.1,0.8,0.1,796.9921507064363,871.4444444444445,0.15939843014128727,301.3124632569076,341.5931804820694,0.01943378674162159,0.9942812289751064,0.9960317460317462,0.9942812289751064,10,8,2.0679412504900845,1,10,balanced,1,2,8,10,True,requested_slotframe_below_minimum (8 < 10),2.0679412504900845,False,False,False,True,0,397,49,1,0,delay
1784736857862.2551,0.1,0.8,0.1,796.1695447409733,871.0,0.15923390894819464,8833.547799936689,8829.276669832225,0.5886289392886384,0.9940694226408511,0.9958847736625513,0.9940694226408511,10,8,1.6125803999383548,1,10,balanced,1,2,8,10,True,requested_slotframe_below_minimum (8 < 10),1.6125803999383548,False,False,False,True,0,398,49,1,0,delay
1784736861392.194,0.1,0.8,0.1,797.153846153846,872.4444444444445,0.15943076923076918,140.82972459639126,189.4815447926559,0.008727800173208223,0.9879107461525043,0.9916112693890473,0.9879107461525043,10,8,2.075865757553607,1,10,balanced,1,2,8,10,True,requested_slotframe_below_minimum (8 < 10),2.075865757553607,False,False,False,True,0,399,49,1,0,delay
1784736865030.06,0.1,0.8,0.1,796.7770800627943,871.6666666666666,0.15935541601255887,153.0731922398589,204.3827160493827,0.009544575866568306,0.9999999999999998,1.0,0.9999999999999998,10,8,2.0764287977054896,1,10,balanced,1,2,8,10,True,requested_slotframe_below_minimum (8 < 10),2.0764287977054896,False,False,False,True,0,400,49,1,0,delay
1784736868559.101,0.1,0.8,0.1,797.9984301412871,872.8888888888889,0.15959968602825744,155.30705919594809,205.18201962646407,0.009693599679516217,0.9940694226408511,0.9958847736625516,0.9940694226408511,10,8,2.075692093917646,1,10,balanced,1,2,8,10,True,requested_slotframe_below_minimum (8 < 10),2.075692093917646,False,False,False,True,0,401,49,1,0,delay
1784736872185.74,0.1,0.8,0.1,794.4317111459968,869.1111111111111,0.15888634222919937,139.29673721340387,187.1061140505585,0.00862553283611767,0.9999999999999998,1.0,0.9999999999999998,10,8,2.077210939508186,1,10,balanced,1,2,8,10,True,requested_slotframe_below_minimum (8 < 10),2.077210939508186,False,False,False,True,0,402,49,1,0,delay
1784736875812.9539,0.1,0.8,0.1,796.4474097331241,871.3333333333334,0.15928948194662482,154.48412698412696,217.7910052910053,0.009638700932897062,0.9999999999999998,1.0,0.9999999999999998,10,8,2.0763600910590196,1,10,balanced,1,2,8,10,True,requested_slotframe_below_minimum (8 < 10),2.0763600910590196,False,False,False,True,0,403,49,1,0,delay
1784736879444.227,0.1,0.8,0.1,799.3186813186813,874.2222222222222,0.15986373626373626,140.74221046443267,191.38007054673722,0.0087219620056326,0.9999999999999998,1.0,0.9999999999999998,10,8,2.07703605676912,1,10,balanced,1,2,8,10,True,requested_slotframe_below_minimum (8 < 10),2.07703605676912,False,False,False,True,0,404,49,1,0,delay
1784736882971.992,0.1,0.8,0.1,796.4850863422291,871.7777777777778,0.15929701726844583,118.116492560937,158.01202912314022,0.007212574553764977,0.9999999999999998,1.0,0.9999999999999998,10,8,2.0783002386301432,1,10,balanced,1,2,8,10,True,requested_slotframe_below_minimum (8 < 10),2.0783002386301432,False,False,False,True,0,405,49,1,0,delay
1784736886603.576,0.1,0.8,0.1,796.6452119309263,871.6666666666666,0.15932904238618525,166.7357436801881,237.99529688418573,0.010456020258851775,0.9942812289751064,0.9960317460317459,0.9942812289751064,10,8,2.0751304024518107,1,10,balanced,1,2,8,10,True,requested_slotframe_below_minimum (8 < 10),2.0751304024518107,False,False,False,True,0,406,49,1,0,delay
1784736893164.7961,0.1,0.8,0.1,797.276295133438,873.0,0.1594552590266876,1899.9547777325556,2162.3210328765886,0.12608103920830924,0.9879104266859366,0.9879482657260437,0.9879104266859366,10,8,1.9819806853992774,1,10,balanced,1,2,8,10,True,requested_slotframe_below_minimum (8 < 10),1.9819806853992774,False,False,False,True,0,407,49,1,0,delay
1784736896697.3381,0.1,0.8,0.1,798.2464678178964,873.2222222222222,0.15964929356357926,79.30041152263374,95.30864197530865,0.0046231095078474805,0.9999999999999998,1.0,0.9999999999999998,10,8,2.080336583037364,1,10,balanced,1,2,8,10,True,requested_slotframe_below_minimum (8 < 10),2.080336583037364,False,False,False,True,0,408,49,1,0,delay
1784736900220.761,0.1,0.8,0.1,798.2653061224489,873.1111111111111,0.15965306122448977,85.26511554289331,99.95409939854385,0.005021021717337779,0.9999999999999998,1.0,0.9999999999999998,10,8,2.080017876503681,1,10,balanced,1,2,8,10,True,requested_slotframe_below_minimum (8 < 10),2.080017876503681,False,False,False,True,0,409,49,1,0,delay
1784736903755.086,0.1,0.8,0.1,796.6467817896388,871.0,0.15932935635792775,79.9366888255777,96.33428300094967,0.004665556292566891,0.9940694226408511,0.9958847736625513,0.9940694226408511,10,8,2.079741561594239,1,10,balanced,1,2,8,10,True,requested_slotframe_below_minimum (8 < 10),2.079741561594239,False,False,False,True,0,410,49,1,0,delay
1784736907279.194,0.1,0.8,0.1,797.7315541601255,872.3333333333334,0.15954631083202508,91.27572016460904,113.41563786008231,0.0054219960083128115,0.9999999999999998,1.0,0.9999999999999998,10,8,2.0797077721101473,1,10,balanced,1,2,8,10,True,requested_slotframe_below_minimum (8 < 10),2.0797077721101473,False,False,False,True,0,411,49,1,0,delay
1784736910906.61,0.1,0.8,0.1,800.2087912087911,875.7777777777778,0.16004175824175823,638.6390358612581,582.0546737213404,0.0419372272088898,0.9999999999999998,1.0,0.9999999999999998,10,8,2.050446042408712,1,10,balanced,1,2,8,10,True,requested_slotframe_below_minimum (8 < 10),2.050446042408712,False,False,False,True,0,412,49,1,0,delay
1784736914442.838,0.1,0.8,0.1,797.4882260596545,871.6666666666666,0.1594976452119309,96.12931307375752,115.75973409306744,0.005745784728069214,0.9999999999999998,1.0,0.9999999999999998,10,8,2.0794536076963515,1,10,balanced,1,2,8,10,True,requested_slotframe_below_minimum (8 < 10),2.0794536076963515,False,False,False,True,0,413,49,1,0,delay
1784736918073.714,0.1,0.8,0.1,797.4003139717424,872.5555555555555,0.15948006279434848,99.95590828924162,117.81452087007642,0.006001061260122857,0.9999999999999998,1.0,0.9999999999999998,10,8,2.0792511447124666,1,10,balanced,1,2,8,10,True,requested_slotframe_below_minimum (8 < 10),2.0792511447124666,False,False,False,True,0,414,49,1,0,delay
1784736921713.447,0.1,0.8,0.1,799.3265306122448,874.4444444444445,0.15986530612244895,96.6801202912314,126.28058155835934,0.005782529705886018,0.9828436869253195,0.988095238095238,0.9828436869253195,10,8,2.077671814315578,1,10,balanced,1,2,8,10,True,requested_slotframe_below_minimum (8 < 10),2.077671814315578,False,False,False,True,0,415,49,1,0,delay
1784736928170.789,0.1,0.8,0.1,797.4474097331239,872.5555555555555,0.15948948194662477,115.36008230452676,137.9281418170307,0.007028691281155888,0.9999999999999998,1.0,0.9999999999999998,10,8,2.078428098780413,1,10,balanced,1,2,8,10,True,requested_slotframe_below_minimum (8 < 10),2.078428098780413,False,False,False,True,0,416,49,1,0,delay
1784736931693.717,0.1,0.8,0.1,798.9136577708006,873.4444444444445,0.15978273155416012,123.00015827793604,147.2000633111744,0.007538369464838962,0.9999999999999998,1.0,0.9999999999999998,10,8,2.077991031272713,1,10,balanced,1,2,8,10,True,requested_slotframe_below_minimum (8 < 10),2.077991031272713,False,False,False,True,0,417,49,1,0,delay
1784736935218.683,0.1,0.8,0.1,799.9246467817895,874.3333333333334,0.1599849293563579,78.73931623931624,92.08768597657486,0.00458567820142203,0.9999999999999998,1.0,0.9999999999999998,10,8,2.0803329645032265,1,10,balanced,1,2,8,10,True,requested_slotframe_below_minimum (8 < 10),2.0803329645032265,False,False,False,True,0,418,49,1,0,delay
1784736938750.931,0.1,0.8,0.1,799.3061224489795,874.2222222222222,0.1598612244897959,81.70940170940172,95.7454890788224,0.00478381599128764,0.9999999999999998,1.0,0.9999999999999998,10,8,2.08018682475799,1,10,balanced,1,2,8,10,True,requested_slotframe_below_minimum (8 < 10),2.08018682475799,False,False,False,True,0,419,49,1,0,delay
1784736942278.664,0.1,0.8,0.1,798.0533751962322,872.7777777777778,0.15961067503924645,75.2880658436214,92.42798353909465,0.004355441350475077,0.9999999999999998,1.0,0.9999999999999998,10,8,2.080554579415695,1,10,balanced,1,2,8,10,True,requested_slotframe_below_minimum (8 < 10),2.080554579415695,False,False,False,True,0,420,49,1,0,delay
1784736945806.1199,0.1,0.8,0.1,798.9811616954474,873.5555555555555,0.1597962323390895,102.17078189300412,126.8645140867363,0.006148818004870188,0.9999999999999998,1.0,0.9999999999999998,10,8,2.079101322362195,1,10,balanced,1,2,8,10,True,requested_slotframe_below_minimum (8 < 10),2.079101322362195,False,False,False,True,0,421,49,1,0,delay
1784736949339.244,0.1,0.8,0.1,797.1930926216639,872.2222222222222,0.15943861852433278,100.55555555555554,132.13991769547326,0.006041064413312578,0.9999999999999998,1.0,0.9999999999999998,10,8,2.0792232866169167,1,10,balanced,1,2,8,10,True,requested_slotframe_below_minimum (8 < 10),2.0792232866169167,False,False,False,True,0,422,49,1,0,delay
1784736952862.149,0.1,0.8,0.1,797.5651491365776,871.6666666666666,0.15951302982731552,93.559670781893,115.76131687242797,0.005574360959432489,0.9999999999999998,1.0,0.9999999999999998,10,8,2.0795892082497223,1,10,balanced,1,2,8,10,True,requested_slotframe_below_minimum (8 < 10),2.0795892082497223,False,False,False,True,0,423,49,1,0,delay
1784736956399.575,0.1,0.8,0.1,797.5714285714286,872.3333333333334,0.15951428571428572,99.07407407407406,116.37860082304526,0.005942233093667383,0.9999999999999998,1.0,0.9999999999999998,10,8,2.0792947849536376,1,10,balanced,1,2,8,10,True,requested_slotframe_below_minimum (8 < 10),2.0792947849536376,False,False,False,True,0,424,49,1,0,delay
1784736962866.049,0.1,0.8,0.1,797.789638932496,873.3333333333334,0.15955792778649922,109.2798353909465,132.22222222222226,0.006623071073445397,0.9999999999999998,1.0,0.9999999999999998,10,8,2.078745750362594,1,10,balanced,1,2,8,10,True,requested_slotframe_below_minimum (8 < 10),2.078745750362594,False,False,False,True,0,425,49,1,0,delay
1784736966393.081,0.1,0.8,0.1,798.8210361067503,873.0,0.15976420722135007,97.48971193415639,116.00823045267491,0.005836538487935717,0.9999999999999998,1.0,0.9999999999999998,10,8,2.0793543484875165,1,10,balanced,1,2,8,10,True,requested_slotframe_below_minimum (8 < 10),2.0793543484875165,False,False,False,True,0,426,49,1,0,delay
1784736969913.179,0.1,0.8,0.1,796.9309262166405,872.0,0.1593861852433281,100.30864197530865,123.37448559670783,0.006024592526705046,0.9999999999999998,1.0,0.9999999999999998,10,8,2.0792417074543033,1,10,balanced,1,2,8,10,True,requested_slotframe_below_minimum (8 < 10),2.0792417074543033,False,False,False,True,0,427,49,1,0,delay
1784736973534.6702,0.1,0.8,0.1,798.0,873.1111111111111,0.1596,148.84920634920636,193.2142857142857,0.009262788949246589,0.9999999999999998,1.0,0.9999999999999998,10,8,2.076629768840603,1,10,balanced,1,2,8,10,True,requested_slotframe_below_minimum (8 < 10),2.076629768840603,False,False,False,True,0,428,49,1,0,delay
1784736977170.5972,0.1,0.8,0.1,797.8116169544741,872.6666666666666,0.15956232339089482,132.37281237281238,182.41984353095464,0.008163629911461799,0.9999999999999998,1.0,0.9999999999999998,10,8,2.0775128637317413,1,10,balanced,1,2,8,10,True,requested_slotframe_below_minimum (8 < 10),2.0775128637317413,False,False,False,True,0,429,49,1,0,delay
1784736980694.1172,0.1,0.8,0.1,799.3186813186812,874.0,0.15986373626373623,89.22687559354226,115.1204178537512,0.005285315249735975,0.993841323511653,0.9957264957264957,0.993841323511653,10,8,2.079169506525003,1,10,balanced,1,2,8,10,True,requested_slotframe_below_minimum (8 < 10),2.079169506525003,False,False,False,True,0,430,49,1,0,delay
1784736984225.2349,0.1,0.8,0.1,798.276295133438,873.1111111111111,0.1596552590266876,82.28395061728395,102.42798353909465,0.004822144804355167,0.9999999999999998,1.0,0.9999999999999998,10,8,2.080176758253847,1,10,balanced,1,2,8,10,True,requested_slotframe_below_minimum (8 < 10),2.080176758253847,False,False,False,True,0,431,49,1,0,delay
1784736987748.251,0.1,0.8,0.1,798.3924646781788,873.3333333333334,0.15967849293563577,80.31655587211141,94.28774928774928,0.004690897656578479,0.9999999999999998,1.0,0.9999999999999998,10,8,2.0802794325811735,1,10,balanced,1,2,8,10,True,requested_slotframe_below_minimum (8 < 10),2.0802794325811735,False,False,False,True,0,432,49,1,0,delay
1784736991276.983,0.1,0.8,0.1,798.2904238618523,872.4444444444445,0.15965808477237048,78.58024691358025,94.11522633744855,0.004575066505242178,0.9999999999999998,1.0,0.9999999999999998,10,8,2.080374138318569,1,10,balanced,1,2,8,10,True,requested_slotframe_below_minimum (8 < 10),2.080374138318569,False,False,False,True,0,433,49,1,0,delay
1784736997829.258,0.1,0.8,0.1,799.5039246467817,874.1111111111111,0.15990078492935633,76.39623750734862,92.93356848912404,0.0044293687463207885,0.9999999999999998,1.0,0.9999999999999998,10,8,2.0804664265100077,1,10,balanced,1,2,8,10,True,requested_slotframe_below_minimum (8 < 10),2.0804664265100077,False,False,False,True,0,434,49,1,0,delay
1784737001464.503,0.1,0.8,0.1,800.6263736263735,875.3333333333334,0.16012527472527469,82.36845972957083,96.87536743092298,0.004827782503640483,0.9838528818120653,0.9841269841269842,0.9838528818120653,10,8,2.078510534705767,1,10,balanced,1,2,8,10,True,requested_slotframe_below_minimum (8 < 10),2.078510534705767,False,False,False,True,0,435,49,1,0,delay
1784737004994.828,0.1,0.8,0.1,799.574568288854,874.2222222222222,0.1599149136577708,76.57011712567268,92.04811649256094,0.004440968454014188,0.9999999999999998,1.0,0.9999999999999998,10,8,2.0804557338710117,1,10,balanced,1,2,8,10,True,requested_slotframe_below_minimum (8 < 10),2.0804557338710117,False,False,False,True,0,436,49,1,0,delay
1784737008634.0151,0.1,0.8,0.1,797.1067503924646,871.5555555555555,0.15942135007849292,151.3499412110523,189.38418577307465,0.0094296158246199,0.9999999999999998,1.0,0.9999999999999998,10,8,2.076514172332455,1,10,balanced,1,2,8,10,True,requested_slotframe_below_minimum (8 < 10),2.076514172332455,False,False,False,True,0,437,49,1,0,delay
1784737012268.332,0.1,0.8,0.1,797.6357927786498,872.7777777777778,0.15952715855572996,80.6496743996744,97.52600280378057,0.004713120373560667,0.9999999999999998,1.0,0.9999999999999998,10,8,2.0802767878455786,1,10,balanced,1,2,8,10,True,requested_slotframe_below_minimum (8 < 10),2.0802767878455786,False,False,False,True,0,438,49,1,0,delay
1784737015900.42,0.1,0.8,0.1,798.9529042386183,873.6666666666666,0.15979058084772366,83.84185773074661,101.35655496766609,0.004926074565093169,0.9999999999999998,1.0,0.9999999999999998,10,8,2.080080082263153,1,10,balanced,1,2,8,10,True,requested_slotframe_below_minimum (8 < 10),2.080080082263153,False,False,False,True,0,439,49,1,0,delay
1784737019530.7751,0.1,0.8,0.1,797.7943485086341,872.6666666666666,0.15955886970172684,85.36477411477411,101.17826617826617,0.00502767005435451,0.9999999999999998,1.0,0.9999999999999998,10,8,2.0800219769863437,1,10,balanced,1,2,8,10,True,requested_slotframe_below_minimum (8 < 10),2.0800219769863437,False,False,False,True,0,440,49,1,0,delay
1784737023056.056,0.1,0.8,0.1,799.8335949764521,874.2222222222222,0.1599667189952904,93.99651788540677,119.03767014878127,0.0056035035280458155,0.9999999999999998,1.0,0.9999999999999998,10,8,2.0795205252780344,1,10,balanced,1,2,8,10,True,requested_slotframe_below_minimum (8 < 10),2.0795205252780344,False,False,False,True,0,441,49,1,0,delay
1784737026582.519,0.1,0.8,0.1,796.7755102040815,871.2222222222222,0.1593551020408163,120.6980056980057,159.3985438429883,0.007384790240027065,0.9999999999999998,1.0,0.9999999999999998,10,8,2.0781566576038966,1,10,balanced,1,2,8,10,True,requested_slotframe_below_minimum (8 < 10),2.0781566576038966,False,False,False,True,0,442,49,1,0,delay
1784737033069.128,0.1,0.8,0.1,797.9748822605965,873.5555555555555,0.15959497645211929,114.72143083254194,145.17885406774295,0.006986086112911404,0.9999999999999998,1.0,0.9999999999999998,10,8,2.078451633464459,1,10,balanced,1,2,8,10,True,requested_slotframe_below_minimum (8 < 10),2.078451633464459,False,False,False,True,0,443,49,1,0,delay
1784737036599.842,0.1,0.8,0.1,797.3893249607536,872.5555555555555,0.15947786499215072,133.67442228553338,177.8838239949351,0.008250461793564602,0.9999999999999998,1.0,0.9999999999999998,10,8,2.077451844065933,1,10,balanced,1,2,8,10,True,requested_slotframe_below_minimum (8 < 10),2.077451844065933,False,False,False,True,0,444,49,1,0,delay
1784737040225.334,0.1,0.8,0.1,797.8618524332809,873.0,0.15957237048665618,153.694885361552,194.68841857730746,0.009586049723919413,0.9999999999999998,1.0,0.9999999999999998,10,8,2.076373923172199,1,10,balanced,1,2,8,10,True,requested_slotframe_below_minimum (8 < 10),2.076373923172199,False,False,False,True,0,445,49,1,0,delay
1784737043852.1619,0.1,0.8,0.1,797.4411302982729,872.1111111111111,0.1594882260596546,155.8311287477954,202.23691945914166,0.009728560957157798,0.9999999999999998,1.0,0.9999999999999998,10,8,2.0762683286283083,1,10,balanced,1,2,8,10,True,requested_slotframe_below_minimum (8 < 10),2.0762683286283083,False,False,False,True,0,446,49,1,0,delay
1784737047488.7258,0.1,0.8,0.1,797.4882260596545,872.3333333333334,0.1594976452119309,137.66093474426808,172.87184009406232,0.008516406587342767,0.9999999999999998,1.0,0.9999999999999998,10,8,2.077237110208933,1,10,balanced,1,2,8,10,True,requested_slotframe_below_minimum (8 < 10),2.077237110208933,False,False,False,True,0,447,49,1,0,delay
1784737051013.4531,0.1,0.8,0.1,797.6923076923076,873.0,0.15953846153846152,133.57549857549859,165.57138334916112,0.008243862480019919,0.9999999999999998,1.0,0.9999999999999998,10,8,2.0774510638621377,1,10,balanced,1,2,8,10,True,requested_slotframe_below_minimum (8 < 10),2.0774510638621377,False,False,False,True,0,448,49,1,0,delay
1784737054640.86,0.1,0.8,0.1,799.0722135007849,874.1111111111111,0.15981444270015696,114.71634332745444,147.19429747207525,0.006985746719643392,0.9999999999999998,1.0,0.9999999999999998,10,8,2.0784299583542696,1,10,balanced,1,2,8,10,True,requested_slotframe_below_minimum (8 < 10),2.0784299583542696,False,False,False,True,0,449,49,1,0,delay
1784737058178.581,0.1,0.8,0.1,798.8304552590266,873.7777777777778,0.15976609105180534,110.30072807850586,140.91009813232037,0.0066911759892265416,0.9999999999999998,1.0,0.9999999999999998,10,8,2.0786704501034383,1,10,balanced,1,2,8,10,True,requested_slotframe_below_minimum (8 < 10),2.0786704501034383,False,False,False,True,0,450,49,1,0,delay
1784737061708.001,0.1,0.8,0.1,799.175824175824,874.2222222222222,0.1598351648351648,134.19753086419755,157.96296296296293,0.008285358963588896,0.9999999999999998,1.0,0.9999999999999998,10,8,2.0773881963456122,1,10,balanced,1,2,8,10,True,requested_slotframe_below_minimum (8 < 10),2.0773881963456122,False,False,False,True,0,451,49,1,0,delay
1784737068197.877,0.1,0.8,0.1,798.1852433281005,873.1111111111111,0.1596370486656201,85.57692307692307,104.24184868629312,0.0050418227536306245,0.9999999999999998,1.0,0.9999999999999998,10,8,2.0800028369305337,1,10,balanced,1,2,8,10,True,requested_slotframe_below_minimum (8 < 10),2.0800028369305337,False,False,False,True,0,452,49,1,0,delay
1784737071729.507,0.1,0.8,0.1,797.3390894819464,872.0,0.15946781789638928,91.8091168091168,112.7144666033555,0.005457579506945751,0.9999999999999998,1.0,0.9999999999999998,10,8,2.0796871546048044,1,10,balanced,1,2,8,10,True,requested_slotframe_below_minimum (8 < 10),2.0796871546048044,False,False,False,True,0,453,49,1,0,delay
1784737075256.769,0.1,0.8,0.1,797.337519623234,872.3333333333334,0.15946750392464681,91.0747071858183,112.75403608736943,0.005408586203190013,0.9999999999999998,1.0,0.9999999999999998,10,8,2.0797263806449835,1,10,balanced,1,2,8,10,True,requested_slotframe_below_minimum (8 < 10),2.0797263806449835,False,False,False,True,0,454,49,1,0,delay
1784737078788.38,0.1,0.8,0.1,796.7284144427001,871.6666666666666,0.15934568288854004,98.33697372586262,125.3713200379867,0.0058930602885832305,0.993841323511653,0.9957264957264957,0.993841323511653,10,8,2.078735115831445,1,10,balanced,1,2,8,10,True,requested_slotframe_below_minimum (8 < 10),2.078735115831445,False,False,False,True,0,455,49,1,0,delay
1784737082817.145,0.1,0.8,0.1,838.6942037141249,858.7777777777778,0.16773884074282497,4547.66985384691,4189.829313229696,0.30271313234469044,0.9231332881305423,0.9145195662892797,0.9231332881305423,10,8,1.8333689388630194,1,10,balanced,1,2,8,10,True,requested_slotframe_below_minimum (8 < 10),1.8333689388630194,False,False,False,True,0,456,49,1,0,delay
1784737086356.322,0.1,0.8,0.1,798.0675039246468,873.0,0.15961350078492936,102.7255460588794,129.80531813865147,0.006185826955228779,0.9999999999999998,1.0,0.9999999999999998,10,8,2.079089988357324,1,10,balanced,1,2,8,10,True,requested_slotframe_below_minimum (8 < 10),2.079089988357324,False,False,False,True,0,457,49,1,0,delay
1784737089982.661,0.1,0.8,0.1,797.076923076923,872.1111111111111,0.1594153846153846,126.47192827748384,173.10258671369783,0.007769975201966901,0.9999999999999998,1.0,0.9999999999999998,10,8,2.077842481376888,1,10,balanced,1,2,8,10,True,requested_slotframe_below_minimum (8 < 10),2.077842481376888,False,False,False,True,0,458,49,1,0,delay
1784737093608.187,0.1,0.8,0.1,796.5620094191523,871.4444444444445,0.15931240188383047,99.2908583186361,122.49559082892418,0.00595669501792102,0.9999999999999998,1.0,0.9999999999999998,10,8,2.07930340379728,1,10,balanced,1,2,8,10,True,requested_slotframe_below_minimum (8 < 10),2.07930340379728,False,False,False,True,0,459,49,1,0,delay
1784737097134.4,0.1,0.8,0.1,798.4897959183672,873.3333333333334,0.15969795918367344,119.64783159227603,149.20069642291867,0.007314731927436693,0.9958718530147099,0.9958847736625513,0.9958718530147099,10,8,2.0777656038411543,1,10,balanced,1,2,8,10,True,requested_slotframe_below_minimum (8 < 10),2.0777656038411543,False,False,False,True,0,460,49,1,0,delay
1784737103591.991,0.1,0.8,0.1,797.7959183673469,871.8888888888889,0.15955918367346938,117.66777461221905,141.74580563469453,0.007182640067526287,0.9940694226408511,0.9958847736625513,0.9940694226408511,10,8,2.077704911842717,1,10,balanced,1,2,8,10,True,requested_slotframe_below_minimum (8 < 10),2.077704911842717,False,False,False,True,0,461,49,1,0,delay
1784737107224.325,0.1,0.8,0.1,797.6169544740973,873.2222222222222,0.15952339089481946,4260.218305973861,4277.452055352055,0.28353691167270584,0.9801338117664647,0.9836860670194003,0.9801338117664647,10,8,1.8552315127489998,1,10,balanced,1,2,8,10,True,requested_slotframe_below_minimum (8 < 10),1.8552315127489998,False,False,False,True,0,462,49,1,0,delay
1784737110857.78,0.1,0.8,0.1,797.4788069073784,872.8888888888889,0.15949576138147567,115.352733686067,151.549088771311,0.007028201046435424,0.9999999999999998,1.0,0.9999999999999998,10,8,2.078427863024704,1,10,balanced,1,2,8,10,True,requested_slotframe_below_minimum (8 < 10),2.078427863024704,False,False,False,True,0,463,49,1,0,delay
1784737114481.259,0.1,0.8,0.1,796.9481946624802,872.2222222222222,0.15938963893249605,1153.8146678424455,1215.263080540858,0.07630518131036995,0.9960192868356132,0.9960317460317462,0.9960192868356132,10,8,2.0226188197420156,1,10,balanced,1,2,8,10,True,requested_slotframe_below_minimum (8 < 10),2.0226188197420156,False,False,False,True,0,464,49,1,0,delay
1784737118008.097,0.1,0.8,0.1,797.7237048665619,872.6666666666666,0.15954474097331237,138.6918328584995,183.93004115226339,0.008585178976551002,0.9999999999999998,1.0,0.9999999999999998,10,8,2.0771773827214277,1,10,balanced,1,2,8,10,True,requested_slotframe_below_minimum (8 < 10),2.0771773827214277,False,False,False,True,0,465,49,1,0,delay
1784737121531.815,0.1,0.8,0.1,798.6059654631082,873.4444444444445,0.15972119309262164,85.54764165875277,100.46533713200378,0.005039869356821399,0.9999999999999998,1.0,0.9999999999999998,10,8,2.0799959852052807,1,10,balanced,1,2,8,10,True,requested_slotframe_below_minimum (8 < 10),2.0799959852052807,False,False,False,True,0,466,49,1,0,delay
1784737125060.1958,0.1,0.8,0.1,799.6216640502354,874.2222222222222,0.1599243328100471,82.92181069958848,99.6707818930041,0.004864697178091293,0.9999999999999998,1.0,0.9999999999999998,10,8,2.0801158089765224,1,10,balanced,1,2,8,10,True,requested_slotframe_below_minimum (8 < 10),2.0801158089765224,False,False,False,True,0,467,49,1,0,delay
1784737128593.523,0.1,0.8,0.1,800.2229199372056,874.8888888888889,0.16004458398744112,76.75609370053814,93.06584362139918,0.004453375163478195,0.9999999999999998,1.0,0.9999999999999998,10,8,2.0804328414704734,1,10,balanced,1,2,8,10,True,requested_slotframe_below_minimum (8 < 10),2.0804328414704734,False,False,False,True,0,468,49,1,0,delay
1784737132123.901,0.1,0.8,0.1,796.5934065934066,871.5555555555555,0.15931868131868132,88.33333333333334,107.36625514403292,0.005225706026239716,0.9999999999999998,1.0,0.9999999999999998,10,8,2.07988756704714,1,10,balanced,1,2,8,10,True,requested_slotframe_below_minimum (8 < 10),2.07988756704714,False,False,False,True,0,469,49,1,0,delay
1784737138608.636,0.1,0.8,0.1,799.0329670329669,873.7777777777778,0.15980659340659337,93.31275720164608,118.06584362139918,0.005557889072824955,0.9999999999999998,1.0,0.9999999999999998,10,8,2.0795730294010806,1,10,balanced,1,2,8,10,True,requested_slotframe_below_minimum (8 < 10),2.0795730294010806,False,False,False,True,0,470,49,1,0,delay
1784737142139.2888,0.1,0.8,0.1,798.9811616954474,874.5555555555555,0.1597962323390895,105.35612535612535,128.69895536562203,0.006361315901009029,0.9999999999999998,1.0,0.9999999999999998,10,8,2.078931324045284,1,10,balanced,1,2,8,10,True,requested_slotframe_below_minimum (8 < 10),2.078931324045284,False,False,False,True,0,471,49,1,0,delay
1784737145671.181,0.1,0.8,0.1,799.1020408163265,874.2222222222222,0.15982040816326532,103.08641975308642,126.54320987654322,0.006209901251039787,0.9999999999999998,1.0,0.9999999999999998,10,8,2.0790500381828414,1,10,balanced,1,2,8,10,True,requested_slotframe_below_minimum (8 < 10),2.0790500381828414,False,False,False,True,0,472,49,1,0,delay
1784737149209.9731,0.1,0.8,0.1,797.8869701726843,872.7777777777778,0.15957739403453686,102.9835390946502,125.88477366255142,0.006203037964953315,0.9999999999999998,1.0,0.9999999999999998,10,8,2.0790798302245834,1,10,balanced,1,2,8,10,True,requested_slotframe_below_minimum (8 < 10),2.0790798302245834,False,False,False,True,0,473,49,1,0,delay
1784737152736.8481,0.1,0.8,0.1,798.3657770800628,873.0,0.15967315541601257,95.56584362139917,123.28268439379548,0.005708195038118691,0.9999999999999998,1.0,0.9999999999999998,10,8,2.079466128427904,1,10,balanced,1,2,8,10,True,requested_slotframe_below_minimum (8 < 10),2.079466128427904,False,False,False,True,0,474,49,1,0,delay
1784737156363.404,0.1,0.8,0.1,797.1742543171114,872.4444444444445,0.15943485086342227,103.75734861845973,129.82510288065842,0.006254659681017994,0.9999999999999998,1.0,0.9999999999999998,10,8,2.0790527871688433,1,10,balanced,1,2,8,10,True,requested_slotframe_below_minimum (8 < 10),2.0790527871688433,False,False,False,True,0,475,49,1,0,delay
1784737160396.8352,0.1,0.8,0.1,596.0533751962323,698.3333333333334,0.11921067503924646,91.6970121381886,107.55462184873949,0.005450100876463549,0.7284144427001569,0.7777777777777778,0.7284144427001569,10,8,2.0565602960649203,1,10,balanced,1,2,8,10,True,requested_slotframe_below_minimum (8 < 10),2.0565602960649203,False,False,False,True,0,476,49,1,0,delay
1784737163925.198,0.1,0.8,0.1,798.1726844583987,872.8888888888889,0.15963453689167975,98.31275720164608,130.8641975308642,0.005891444776627491,0.9999999999999998,1.0,0.9999999999999998,10,8,2.07932339048953,1,10,balanced,1,2,8,10,True,requested_slotframe_below_minimum (8 < 10),2.07932339048953,False,False,False,True,0,477,49,1,0,delay
1784737167455.393,0.1,0.8,0.1,798.0926216640502,873.6666666666666,0.15961852433281004,94.09465020576131,124.07407407407408,0.005610050047082142,0.9999999999999998,1.0,0.9999999999999998,10,8,2.0795501075290534,1,10,balanced,1,2,8,10,True,requested_slotframe_below_minimum (8 < 10),2.0795501075290534,False,False,False,True,0,478,49,1,0,delay
1784737174012.1719,0.1,0.8,0.1,797.2119309262166,872.5555555555555,0.1594423861852433,128.4920634920635,177.69841269841268,0.007904740726621982,0.9999999999999998,1.0,0.9999999999999998,10,8,2.077731968800178,1,10,balanced,1,2,8,10,True,requested_slotframe_below_minimum (8 < 10),2.077731968800178,False,False,False,True,0,479,49,1,0,delay
1784737177545.437,0.1,0.8,0.1,796.463108320251,871.2222222222222,0.1592926216640502,118.06584362139915,144.3621399176955,0.007209195705230097,0.9999999999999998,1.0,0.9999999999999998,10,8,2.0783033812694107,1,10,balanced,1,2,8,10,True,requested_slotframe_below_minimum (8 < 10),2.0783033812694107,False,False,False,True,0,480,49,1,0,delay
1784737181171.002,0.1,0.8,0.1,799.0188383045524,874.1111111111111,0.15980376766091048,105.69517930629041,134.69282774838328,0.006383934576803897,0.9999999999999998,1.0,0.9999999999999998,10,8,2.0789124755724657,1,10,balanced,1,2,8,10,True,requested_slotframe_below_minimum (8 < 10),2.0789124755724657,False,False,False,True,0,481,49,1,0,delay
1784737184697.231,0.1,0.8,0.1,797.215070643642,872.3333333333334,0.15944301412872838,93.93558088002531,117.48971193415638,0.005599438350902289,0.9999999999999998,1.0,0.9999999999999998,10,8,2.079576147906405,1,10,balanced,1,2,8,10,True,requested_slotframe_below_minimum (8 < 10),2.079576147906405,False,False,False,True,0,482,49,1,0,delay
1784737188328.278,0.1,0.8,0.1,797.3893249607535,872.6666666666666,0.1594778649921507,101.2904174015285,127.7880658436214,0.006090087885358806,0.9999999999999998,1.0,0.9999999999999998,10,8,2.079180143192498,1,10,balanced,1,2,8,10,True,requested_slotframe_below_minimum (8 < 10),2.079180143192498,False,False,False,True,0,483,49,1,0,delay
1784737191957.682,0.1,0.8,0.1,796.0408163265306,871.1111111111111,0.15920816326530612,108.22677836566724,140.2145796590241,0.006552820438003152,0.9999999999999998,1.0,0.9999999999999998,10,8,2.0788369273230667,1,10,balanced,1,2,8,10,True,requested_slotframe_below_minimum (8 < 10),2.0788369273230667,False,False,False,True,0,484,49,1,0,delay
1784737231001.851,0.1,0.8,0.1,798.8273155416013,873.3333333333334,0.15976546310832024,76.10155790711347,90.7583774250441,0.004409710334030252,0.9999999999999998,1.0,0.9999999999999998,10,8,2.0804956854219436,1,10,balanced,1,2,8,10,True,requested_slotframe_below_minimum (8 < 10),2.0804956854219436,False,False,False,True,1,485,49,1,0,delay
1784737234637.047,0.1,0.8,0.1,796.4756671899528,871.7777777777778,0.15929513343799057,79.71781305114638,94.12110523221634,0.004650954839969738,0.9999999999999998,1.0,0.9999999999999998,10,8,2.080349722784225,1,10,balanced,1,2,8,10,True,requested_slotframe_below_minimum (8 < 10),2.080349722784225,False,False,False,True,0,486,49,1,0,delay
1784737238173.7112,0.1,0.8,0.1,799.2056514913658,874.1111111111111,0.15984113029827315,92.40503323836654,118.51693573915797,0.005497333771738929,0.9999999999999998,1.0,0.9999999999999998,10,8,2.0796180199527816,1,10,balanced,1,2,8,10,True,requested_slotframe_below_minimum (8 < 10),2.0796180199527816,False,False,False,True,0,487,49,1,0,delay
1784737244932.841,0.1,0.8,0.1,722.4530669144981,813.4444444444445,0.14449061338289962,74.97118279569892,84.47072879330943,0.004334301720860502,0.8564126394052045,0.8888888888888888,0.8564126394052045,10,8,2.0677247612255423,1,10,balanced,1,2,8,10,True,requested_slotframe_below_minimum (8 < 10),2.0677247612255423,False,False,False,True,0,488,49,1,0,delay
1784737248457.382,0.1,0.8,0.1,798.3846153846154,873.6666666666666,0.15967692307692308,78.94586894586892,96.2551440329218,0.00459945756810333,0.9999999999999998,1.0,0.9999999999999998,10,8,2.080352741637825,1,10,balanced,1,2,8,10,True,requested_slotframe_below_minimum (8 < 10),2.080352741637825,False,False,False,True,0,489,49,1,0,delay
1784737251984.9182,0.1,0.8,0.1,799.1915227629513,873.6666666666666,0.15983830455259027,121.8162393162393,150.80721747388415,0.007459388880336178,0.9999999999999998,1.0,0.9999999999999998,10,8,2.078048658440472,1,10,balanced,1,2,8,10,True,requested_slotframe_below_minimum (8 < 10),2.078048658440472,False,False,False,True,0,490,49,1,0,delay
1784737255522.259,0.1,0.8,0.1,797.2307692307692,871.8888888888889,0.15944615384615382,140.91959480848368,196.47515036403925,0.008733795517577296,0.9999999999999998,1.0,0.9999999999999998,10,8,2.0770683482013226,1,10,balanced,1,2,8,10,True,requested_slotframe_below_minimum (8 < 10),2.0770683482013226,False,False,False,True,0,491,49,1,0,delay
1784737259081.141,0.1,0.8,0.1,795.3893249607536,870.3333333333334,0.1590778649921507,104.09306742640075,132.7255460588794,0.006277055865670497,0.9999999999999998,1.0,0.9999999999999998,10,8,2.0790705688082487,1,10,balanced,1,2,8,10,True,requested_slotframe_below_minimum (8 < 10),2.0790705688082487,False,False,False,True,0,492,49,1,0,delay
1784737262717.629,0.1,0.8,0.1,798.335949764521,872.7777777777778,0.15966718995290421,127.66681363903585,175.32774838330394,0.007849687367514065,0.9999999999999998,1.0,0.9999999999999998,10,8,2.0777535311106985,1,10,balanced,1,2,8,10,True,requested_slotframe_below_minimum (8 < 10),2.0777535311106985,False,False,False,True,0,493,49,1,0,delay
1784737266351.939,0.1,0.8,0.1,798.131868131868,873.0,0.1596263736263736,116.7305996472663,164.38418577307468,0.007120120056522102,0.9999999999999998,1.0,0.9999999999999998,10,8,2.078341266592145,1,10,balanced,1,2,8,10,True,requested_slotframe_below_minimum (8 < 10),2.078341266592145,False,False,False,True,0,494,49,1,0,delay
1784737269975.898,0.1,0.8,0.1,796.8587127158555,871.8888888888889,0.1593717425431711,110.86934156378601,150.04556143445032,0.006729108843481388,0.9999999999999998,1.0,0.9999999999999998,10,8,2.078679538670898,1,10,balanced,1,2,8,10,True,requested_slotframe_below_minimum (8 < 10),2.078679538670898,False,False,False,True,0,495,49,1,0,delay
1784737273510.642,0.1,0.8,0.1,797.6483516483514,872.6666666666666,0.15952967032967028,114.10493827160494,140.13295346628678,0.006944959190900929,0.9999999999999998,1.0,0.9999999999999998,10,8,2.0784910656143123,1,10,balanced,1,2,8,10,True,requested_slotframe_below_minimum (8 < 10),2.0784910656143123,False,False,False,True,0,496,49,1,0,delay
1784737279939.6218,0.1,0.8,0.1,796.8053375196231,872.0,0.15936106750392462,94.96280468502691,117.79202279202279,0.0056679656227502945,0.9999999999999998,1.0,0.9999999999999998,10,8,2.0795295207514073,1,10,balanced,1,2,8,10,True,requested_slotframe_below_minimum (8 < 10),2.0795295207514073,False,False,False,True,0,497,49,1,0,delay
1784737283474.316,0.1,0.8,0.1,798.2056514913658,872.8888888888889,0.15964113029827315,106.57644824311491,128.12282367837923,0.0064427250328962585,0.9999999999999998,1.0,0.9999999999999998,10,8,2.0788817069438554,1,10,balanced,1,2,8,10,True,requested_slotframe_below_minimum (8 < 10),2.0788817069438554,False,False,False,True,0,498,49,1,0,delay
1784737287005.979,0.1,0.8,0.1,794.7770800627942,869.6666666666666,0.15895541601255883,103.79867046533712,126.39126305792973,0.006257416308561516,0.9958718530147099,0.9958847736625513,0.9958718530147099,10,8,2.078685710653366,1,10,balanced,1,2,8,10,True,requested_slotframe_below_minimum (8 < 10),2.078685710653366,False,False,False,True,0,499,49,1,0,delay
1784737290542.112,0.1,0.8,0.1,798.8524332810047,873.5555555555555,0.15977048665620094,78.44412788857234,93.89680278569168,0.004565985849804693,0.9999999999999998,1.0,0.9999999999999998,10,8,2.0803701626545363,1,10,balanced,1,2,8,10,True,requested_slotframe_below_minimum (8 < 10),2.0803701626545363,False,False,False,True,0,500,49,1,0,delay
1784737294078.795,0.1,0.8,0.1,797.4301412872842,872.0,0.15948602825745684,79.37163659385884,95.55238999683444,0.004627861013599656,0.9999999999999998,1.0,0.9999999999999998,10,8,2.0803491083633747,1,10,balanced,1,2,8,10,True,requested_slotframe_below_minimum (8 < 10),2.0803491083633747,False,False,False,True,0,501,49,1,0,delay
1784737297609.6758,0.1,0.8,0.1,798.1350078492936,872.5555555555555,0.15962700156985873,77.26812282367838,93.11490978157644,0.004487533210385483,0.9999999999999998,1.0,0.9999999999999998,10,8,2.080447273274706,1,10,balanced,1,2,8,10,True,requested_slotframe_below_minimum (8 < 10),2.080447273274706,False,False,False,True,0,502,49,1,0,delay
1784737301238.489,0.1,0.8,0.1,797.2558869701726,871.7777777777778,0.15945117739403453,111.07470718581828,136.67141500474835,0.006742809018400153,0.9999999999999998,1.0,0.9999999999999998,10,8,2.0786606350458765,1,10,balanced,1,2,8,10,True,requested_slotframe_below_minimum (8 < 10),2.0786606350458765,False,False,False,True,0,503,49,1,0,delay
1784737304774.608,0.1,0.8,0.1,798.5086342229199,872.8888888888889,0.15970172684458397,107.07818930041151,134.15637860082305,0.006476196751194897,0.9999999999999998,1.0,0.9999999999999998,10,8,2.0788488699145855,1,10,balanced,1,2,8,10,True,requested_slotframe_below_minimum (8 < 10),2.0788488699145855,False,False,False,True,0,504,49,1,0,delay
1784737308299.797,0.1,0.8,0.1,798.8178963893248,873.8888888888889,0.15976357927786497,74.69768914213358,90.73124406457741,0.004316056647240399,0.9999999999999998,1.0,0.9999999999999998,10,8,2.0805707967544214,1,10,balanced,1,2,8,10,True,requested_slotframe_below_minimum (8 < 10),2.0805707967544214,False,False,False,True,0,505,49,1,0,delay
1784737314788.9458,0.1,0.8,0.1,798.6875981161694,873.2222222222222,0.15973751962323388,80.08626147515035,96.98163975941753,0.0046755344546464545,0.9999999999999998,1.0,0.9999999999999998,10,8,2.0802858204739594,1,10,balanced,1,2,8,10,True,requested_slotframe_below_minimum (8 < 10),2.0802858204739594,False,False,False,True,0,506,49,1,0,delay
1784737318324.597,0.1,0.8,0.1,797.3500784929354,871.8888888888889,0.15947001569858707,90.679012345679,106.70781893004114,0.0053821889490112745,0.9999999999999998,1.0,0.9999999999999998,10,8,2.0797472472709324,1,10,balanced,1,2,8,10,True,requested_slotframe_below_minimum (8 < 10),2.0797472472709324,False,False,False,True,0,507,49,1,0,delay
1784737321859.738,0.1,0.8,0.1,798.3516483516482,873.2222222222222,0.15967032967032965,98.32779360557139,125.775561886673,0.0058924478722862834,0.9999999999999998,1.0,0.9999999999999998,10,8,2.079319008735138,1,10,balanced,1,2,8,10,True,requested_slotframe_below_minimum (8 < 10),2.079319008735138,False,False,False,True,0,508,49,1,0,delay
1784737325496.98,0.1,0.8,0.1,796.7472527472528,872.1111111111111,0.15934945054945054,141.73280423280426,182.5191064079953,0.008788045645950917,0.9999999999999998,1.0,0.9999999999999998,10,8,2.077034618428294,1,10,balanced,1,2,8,10,True,requested_slotframe_below_minimum (8 < 10),2.077034618428294,False,False,False,True,0,509,49,1,0,delay
1784737329128.5452,0.1,0.8,0.1,798.4427001569858,873.2222222222222,0.15968854003139715,138.7037037037037,174.6090534979424,0.008585970894176363,0.9999999999999998,1.0,0.9999999999999998,10,8,2.077162369281519,1,10,balanced,1,2,8,10,True,requested_slotframe_below_minimum (8 < 10),2.077162369281519,False,False,False,True,0,510,49,1,0,delay
1784737332766.25,0.1,0.8,0.1,798.1302982731554,873.2222222222222,0.1596260596546311,127.73662551440329,167.7366255144033,0.007854344597358459,0.9999999999999998,1.0,0.9999999999999998,10,8,2.0777539183566502,1,10,balanced,1,2,8,10,True,requested_slotframe_below_minimum (8 < 10),2.0777539183566502,False,False,False,True,0,511,49,1,0,delay
1784737336402.876,0.1,0.8,0.1,796.8901098901099,872.1111111111111,0.15937802197802198,177.65381223714556,246.2116176005065,0.011184377067187829,0.9899412756555612,0.9917695473251028,0.9899412756555612,10,8,2.0741088237140035,1,10,balanced,1,2,8,10,True,requested_slotframe_below_minimum (8 < 10),2.0741088237140035,False,False,False,True,0,512,49,1,0,delay
1784737339939.751,0.1,0.8,0.1,796.9215070643642,871.8888888888889,0.15938430141287283,160.53972776194996,199.90186767964545,0.010042676968775848,0.9999999999999998,1.0,0.9999999999999998,10,8,2.076027428283692,1,10,balanced,1,2,8,10,True,requested_slotframe_below_minimum (8 < 10),2.076027428283692,False,False,False,True,0,513,49,1,0,delay
1784737343584.743,0.1,0.8,0.1,792.3029827315542,867.6666666666666,0.15846059654631084,1881.2338330393884,1941.6108171663727,0.1248321436317137,0.9960192868356132,0.9960317460317462,0.9960192868356132,10,8,1.9838901541235592,1,10,balanced,1,2,8,10,True,requested_slotframe_below_minimum (8 < 10),1.9838901541235592,False,False,False,True,0,514,49,1,0,delay
1784737350096.437,0.1,0.8,0.1,796.9764521193091,871.4444444444445,0.15939529042386183,98.95378284267173,125.6125356125356,0.005934208328397046,0.9999999999999998,1.0,0.9999999999999998,10,8,2.0793131042948962,1,10,balanced,1,2,8,10,True,requested_slotframe_below_minimum (8 < 10),2.0793131042948962,False,False,False,True,0,515,49,1,0,delay
1784737353621.0051,0.1,0.8,0.1,798.0580847723704,873.3333333333334,0.1596116169544741,83.61823361823362,101.88192465970243,0.004911156345445871,0.9999999999999998,1.0,0.9999999999999998,10,8,2.080109913228196,1,10,balanced,1,2,8,10,True,requested_slotframe_below_minimum (8 < 10),2.080109913228196,False,False,False,True,0,516,49,1,0,delay
1784737357163.073,0.1,0.8,0.1,799.2558869701727,873.8888888888889,0.15985117739403454,76.6872427983539,91.31687242798354,0.004448782041251095,0.9999999999999998,1.0,0.9999999999999998,10,8,2.0804558566275957,1,10,balanced,1,2,8,10,True,requested_slotframe_below_minimum (8 < 10),2.0804558566275957,False,False,False,True,0,517,49,1,0,delay
1784737360792.798,0.1,0.8,0.1,797.3924646781788,872.4444444444445,0.15947849293563576,90.03685614796724,114.11827884050106,0.005339349976515493,0.9958718530147099,0.9958847736625513,0.9958718530147099,10,8,2.079367856026695,1,10,balanced,1,2,8,10,True,requested_slotframe_below_minimum (8 < 10),2.079367856026695,False,False,False,True,0,518,49,1,0,delay
1784737364329.457,0.1,0.8,0.1,798.7582417582419,873.4444444444445,0.15975164835164837,82.5253244697689,103.15131370686926,0.004838247129404196,0.9999999999999998,1.0,0.9999999999999998,10,8,2.080154237461312,1,10,balanced,1,2,8,10,True,requested_slotframe_below_minimum (8 < 10),2.080154237461312,False,False,False,True,0,519,49,1,0,delay
1784737367860.999,0.1,0.8,0.1,797.9811616954473,872.6666666666666,0.15959623233908946,87.0164609053498,111.32953466286799,0.005137855964332875,0.9999999999999998,1.0,0.9999999999999998,10,8,2.079930091994625,1,10,balanced,1,2,8,10,True,requested_slotframe_below_minimum (8 < 10),2.079930091994625,False,False,False,True,0,520,49,1,0,delay
1784737371489.6582,0.1,0.8,0.1,797.9419152276294,872.8888888888889,0.15958838304552586,122.17519106407994,157.7057613168724,0.007483334960912604,0.9999999999999998,1.0,0.9999999999999998,10,8,2.078054493726717,1,10,balanced,1,2,8,10,True,requested_slotframe_below_minimum (8 < 10),2.078054493726717,False,False,False,True,0,521,49,1,0,delay
1784737375028.334,0.1,0.8,0.1,797.0879120879121,872.1111111111111,0.15941758241758242,108.14023425134536,138.37606837606836,0.0065470469814106315,0.9999999999999998,1.0,0.9999999999999998,10,8,2.078820604173113,1,10,balanced,1,2,8,10,True,requested_slotframe_below_minimum (8 < 10),2.078820604173113,False,False,False,True,0,522,49,1,0,delay
1784737378652.68,0.1,0.8,0.1,797.4882260596546,872.3333333333334,0.1594976452119309,110.71649029982363,141.8018812463257,0.006718911961295772,0.9999999999999998,1.0,0.9999999999999998,10,8,2.0786751059097703,1,10,balanced,1,2,8,10,True,requested_slotframe_below_minimum (8 < 10),2.0786751059097703,False,False,False,True,0,523,49,1,0,delay
1784737385112.4119,0.1,0.8,0.1,797.2637362637363,872.3333333333334,0.15945274725274725,105.57613168724278,133.66255144032922,0.006375992774332407,0.9999999999999998,1.0,0.9999999999999998,10,8,2.0789539310552594,1,10,balanced,1,2,8,10,True,requested_slotframe_below_minimum (8 < 10),2.0789539310552594,False,False,False,True,0,524,49,1,0,delay
1784737388750.824,0.1,0.8,0.1,798.888540031397,873.8888888888889,0.1597777080062794,117.45370370370371,156.83862433862433,0.007168359153015591,0.9960192868356132,0.9960317460317462,0.9960192868356132,10,8,2.077889470560521,1,10,balanced,1,2,8,10,True,requested_slotframe_below_minimum (8 < 10),2.077889470560521,False,False,False,True,0,525,49,1,0,delay
1784737392294.593,0.1,0.8,0.1,798.0455259026686,873.2222222222222,0.15960910518053373,114.08040519151628,154.93827160493825,0.0069433225611418466,0.9999999999999998,1.0,0.9999999999999998,10,8,2.0784844314330333,1,10,balanced,1,2,8,10,True,requested_slotframe_below_minimum (8 < 10),2.0784844314330333,False,False,False,True,0,526,49,1,0,delay
1784737395828.404,0.1,0.8,0.1,796.6295133437991,871.5555555555555,0.15932590266875982,160.23662551440327,210.67901234567898,0.010022456672074935,0.9999999999999998,1.0,0.9999999999999998,10,8,2.0760494443954642,1,10,balanced,1,2,8,10,True,requested_slotframe_below_minimum (8 < 10),2.0760494443954642,False,False,False,True,0,527,49,1,0,delay
1784737399370.1228,0.1,0.8,0.1,797.7001569858712,872.8888888888889,0.15954003139717424,111.00189933523266,143.99810066476732,0.006737951923631265,0.9999999999999998,1.0,0.9999999999999998,10,8,2.0786556353213776,1,10,balanced,1,2,8,10,True,requested_slotframe_below_minimum (8 < 10),2.0786556353213776,False,False,False,True,0,528,49,1,0,delay
1784737403004.534,0.1,0.8,0.1,796.5902668759811,871.4444444444445,0.15931805337519622,147.51837154614933,194.15931804820696,0.009174007441370868,0.9903005158107199,0.9920634920634921,0.9903005158107199,10,8,2.0757590402904555,1,10,balanced,1,2,8,10,True,requested_slotframe_below_minimum (8 < 10),2.0757590402904555,False,False,False,True,0,529,49,1,0,delay
1784737406646.631,0.1,0.8,0.1,797.3485086342228,871.6666666666666,0.15946970172684455,153.82495590828924,210.36008230452674,0.009594726878471597,0.9765410521920022,0.9802955665024631,0.9765410521920022,10,8,2.0740313535437385,1,10,balanced,1,2,8,10,True,requested_slotframe_below_minimum (8 < 10),2.0740313535437385,False,False,False,True,0,530,49,1,0,delay
1784737410187.372,0.1,0.8,0.1,796.3014128728413,871.3333333333334,0.15926028257456826,163.74248179803735,207.5292814181703,0.010256336344098555,0.9999999999999998,1.0,0.9999999999999998,10,8,2.0758689026672643,1,10,balanced,1,2,8,10,True,requested_slotframe_below_minimum (8 < 10),2.0758689026672643,False,False,False,True,0,531,49,1,0,delay
1784737413725.291,0.1,0.8,0.1,796.8100470957613,871.7777777777778,0.15936200941915227,124.6597024374802,165.06805951250396,0.0076490795488645905,0.9999999999999998,1.0,0.9999999999999998,10,8,2.077944535418993,1,10,balanced,1,2,8,10,True,requested_slotframe_below_minimum (8 < 10),2.077944535418993,False,False,False,True,0,532,49,1,0,delay
1784737420181.4512,0.1,0.8,0.1,799.9183673469387,875.3333333333334,0.15998367346938774,124.58610319721431,166.17758784425453,0.007644169659587346,0.9999999999999998,1.0,0.9999999999999998,10,8,2.0778862969253913,1,10,balanced,1,2,8,10,True,requested_slotframe_below_minimum (8 < 10),2.0778862969253913,False,False,False,True,0,533,49,1,0,delay
1784737423714.5022,0.1,0.8,0.1,797.1459968602826,871.8888888888889,0.15942919937205652,83.76543209876543,110.12345679012346,0.004920976124000363,0.9999999999999998,1.0,0.9999999999999998,10,8,2.080120299163594,1,10,balanced,1,2,8,10,True,requested_slotframe_below_minimum (8 < 10),2.080120299163594,False,False,False,True,0,534,49,1,0,delay
1784737427248.896,0.1,0.8,0.1,799.1616954474098,873.5555555555555,0.15983233908948197,88.3127572016461,115.96707818930041,0.005224333369022421,0.9999999999999998,1.0,0.9999999999999998,10,8,2.079837299395834,1,10,balanced,1,2,8,10,True,requested_slotframe_below_minimum (8 < 10),2.079837299395834,False,False,False,True,0,535,49,1,0,delay
1784737430783.212,0.1,0.8,0.1,796.7927786499215,871.6666666666666,0.1593585557299843,133.15922760367204,159.41437163659384,0.008216092568623885,0.9999999999999998,1.0,0.9999999999999998,10,8,2.0774912703721022,1,10,balanced,1,2,8,10,True,requested_slotframe_below_minimum (8 < 10),2.0774912703721022,False,False,False,True,0,536,49,1,0,delay
1784737434307.282,0.1,0.8,0.1,797.3343799058084,872.2222222222222,0.1594668759811617,105.9188034188034,130.73599240265906,0.006398852796451195,0.9999999999999998,1.0,0.9999999999999998,10,8,2.0789342301647227,1,10,balanced,1,2,8,10,True,requested_slotframe_below_minimum (8 < 10),2.0789342301647227,False,False,False,True,0,537,49,1,0,delay
1784737437844.2979,0.1,0.8,0.1,798.7158555729984,873.0,0.15974317111459968,107.8284267173156,128.64830642608422,0.006526245945117785,0.9999999999999998,1.0,0.9999999999999998,10,8,2.078804686132446,1,10,balanced,1,2,8,10,True,requested_slotframe_below_minimum (8 < 10),2.078804686132446,False,False,False,True,0,538,49,1,0,delay
1784737441485.2368,0.1,0.8,0.1,797.0031397174253,871.3333333333334,0.15940062794348506,98.65079365079366,117.3015873015873,0.0059139955737687565,0.9999999999999998,1.0,0.9999999999999998,10,8,2.0793287407466363,1,10,balanced,1,2,8,10,True,requested_slotframe_below_minimum (8 < 10),2.0793287407466363,False,False,False,True,0,539,49,1,0,delay
1784737445018.2332,0.1,0.8,0.1,798.4238618524332,873.4444444444445,0.15968477237048664,97.89648622981956,126.31212408990187,0.005863674865231458,0.9999999999999998,1.0,0.9999999999999998,10,8,2.079340582870766,1,10,balanced,1,2,8,10,True,requested_slotframe_below_minimum (8 < 10),2.079340582870766,False,False,False,True,0,540,49,1,0,delay
1784737448651.198,0.1,0.8,0.1,798.4646781789638,873.2222222222222,0.15969293563579276,115.42107583774249,153.11875367430923,0.007032760229335723,0.9999999999999998,1.0,0.9999999999999998,10,8,2.078404498252952,1,10,balanced,1,2,8,10,True,requested_slotframe_below_minimum (8 < 10),2.078404498252952,False,False,False,True,0,541,49,1,0,delay
1784737455141.857,0.1,0.8,0.1,798.87284144427,873.8888888888889,0.159774568288854,100.62203228869896,134.28458372902818,0.006045499152014607,0.9999999999999998,1.0,0.9999999999999998,10,8,2.079186143849503,1,10,balanced,1,2,8,10,True,requested_slotframe_below_minimum (8 < 10),2.079186143849503,False,False,False,True,0,542,49,1,0,delay
1784737458672.322,0.1,0.8,0.1,797.3704866562009,872.1111111111111,0.15947409733124018,115.41152263374484,147.81893004115227,0.007032122924199122,0.9999999999999998,1.0,0.9999999999999998,10,8,2.0784268919275166,1,10,balanced,1,2,8,10,True,requested_slotframe_below_minimum (8 < 10),2.0784268919275166,False,False,False,True,0,543,49,1,0,delay
1784737462196.7002,0.1,0.8,0.1,798.2229199372057,873.2222222222222,0.15964458398744114,102.47139691584137,130.660697327364,0.006168872375973407,0.9999999999999998,1.0,0.9999999999999998,10,8,2.079100443700477,1,10,balanced,1,2,8,10,True,requested_slotframe_below_minimum (8 < 10),2.079100443700477,False,False,False,True,0,544,49,1,0,delay
1784737465737.0852,0.1,0.8,0.1,796.701726844584,871.4444444444445,0.15934034536891678,108.13786008230453,144.64229186451408,0.006546888597885559,0.9999999999999998,1.0,0.9999999999999998,10,8,2.0788284545847997,1,10,balanced,1,2,8,10,True,requested_slotframe_below_minimum (8 < 10),2.0788284545847997,False,False,False,True,0,545,49,1,0,delay
1784737469266.5269,0.1,0.8,0.1,798.7221350078493,873.4444444444445,0.15974442700156985,94.14213358657803,122.37733459955683,0.005613217717583591,0.9999999999999998,1.0,0.9999999999999998,10,8,2.079534983125776,1,10,balanced,1,2,8,10,True,requested_slotframe_below_minimum (8 < 10),2.079534983125776,False,False,False,True,0,546,49,1,0,delay
1784737472792.207,0.1,0.8,0.1,798.2527472527472,873.0,0.15965054945054943,87.90123456790121,114.48559670781891,0.005196880224676532,0.9999999999999998,1.0,0.9999999999999998,10,8,2.0798774408752037,1,10,balanced,1,2,8,10,True,requested_slotframe_below_minimum (8 < 10),2.0798774408752037,False,False,False,True,0,547,49,1,0,delay
1784737476324.241,0.1,0.8,0.1,797.2276295133437,872.0,0.15944552590266875,82.61316872427983,105.18518518518518,0.0048441073198318765,0.9999999999999998,1.0,0.9999999999999998,10,8,2.0801801615538675,1,10,balanced,1,2,8,10,True,requested_slotframe_below_minimum (8 < 10),2.0801801615538675,False,False,False,True,0,548,49,1,0,delay
1784737479955.3708,0.1,0.8,0.1,796.4976452119308,871.3333333333334,0.15929952904238617,98.43253968253968,137.30158730158732,0.005899435602571027,0.9999999999999998,1.0,0.9999999999999998,10,8,2.0793504986137044,1,10,balanced,1,2,8,10,True,requested_slotframe_below_minimum (8 < 10),2.0793504986137044,False,False,False,True,0,549,49,1,0,delay
1784737483590.282,0.1,0.8,0.1,797.0235478806907,871.5555555555555,0.15940470957613814,117.34567901234567,160.8627278071723,0.007161152702624795,0.9999999999999998,1.0,0.9999999999999998,10,8,2.0783306068802863,1,10,balanced,1,2,8,10,True,requested_slotframe_below_minimum (8 < 10),2.0783306068802863,False,False,False,True,0,550,49,1,0,delay
1784737490054.392,0.1,0.8,0.1,798.2668759811615,873.7777777777778,0.15965337519623232,96.39363722697055,117.47863247863249,0.0057634180938606104,0.9999999999999998,1.0,0.9999999999999998,10,8,2.0794239280052884,1,10,balanced,1,2,8,10,True,requested_slotframe_below_minimum (8 < 10),2.0794239280052884,False,False,False,True,0,551,49,1,0,delay
1784737493583.375,0.1,0.8,0.1,798.87284144427,873.1111111111111,0.159774568288854,437.0623615068059,542.1367521367521,0.02848981731199506,0.9999999999999998,1.0,0.9999999999999998,10,8,2.0612306893215186,1,10,balanced,1,2,8,10,True,requested_slotframe_below_minimum (8 < 10),2.0612306893215186,False,False,False,True,0,552,49,1,0,delay
1784737497221.598,0.1,0.8,0.1,797.419152276295,872.7777777777778,0.159483830455259,94.88977072310405,121.49764844209287,0.005663093443836161,0.9999999999999998,1.0,0.9999999999999998,10,8,2.0795211421994053,1,10,balanced,1,2,8,10,True,requested_slotframe_below_minimum (8 < 10),2.0795211421994053,False,False,False,True,0,553,49,1,0,delay
1784737500850.178,0.1,0.8,0.1,797.3987441130298,872.1111111111111,0.15947974882260596,1099.9889770723103,1245.8274544385656,0.07271440807687193,0.9999999999999998,1.0,0.9999999999999998,10,8,2.025880498656242,1,10,balanced,1,2,8,10,True,requested_slotframe_below_minimum (8 < 10),2.025880498656242,False,False,False,True,0,554,49,1,0,delay
1784737504474.8818,0.1,0.8,0.1,796.9670329670329,872.0,0.1593934065934066,136.33818342151676,173.73603762492652,0.008428164337659557,0.9999999999999998,1.0,0.9999999999999998,10,8,2.0773181278705315,1,10,balanced,1,2,8,10,True,requested_slotframe_below_minimum (8 < 10),2.0773181278705315,False,False,False,True,0,555,49,1,0,delay
1784737508112.5469,0.1,0.8,0.1,797.1930926216639,872.5555555555555,0.15943861852433278,112.89682539682539,139.1740152851264,0.006864364602856931,0.9999999999999998,1.0,0.9999999999999998,10,8,2.0785646464652814,1,10,balanced,1,2,8,10,True,requested_slotframe_below_minimum (8 < 10),2.0785646464652814,False,False,False,True,0,556,49,1,0,delay
1784737511752.0881,0.1,0.8,0.1,800.0941915227628,875.2222222222222,0.16001883830455255,107.81305114638447,128.50088183421516,0.006525220223241125,0.9999999999999998,1.0,0.9999999999999998,10,8,2.078777939990952,1,10,balanced,1,2,8,10,True,requested_slotframe_below_minimum (8 < 10),2.078777939990952,False,False,False,True,0,557,49,1,0,delay
1784737515388.0889,0.1,0.8,0.1,797.6828885400314,872.4444444444445,0.15953657770800628,110.48280423280421,136.01557907113462,0.006703322497185071,0.9999999999999998,1.0,0.9999999999999998,10,8,2.0786836842314513,1,10,balanced,1,2,8,10,True,requested_slotframe_below_minimum (8 < 10),2.0786836842314513,False,False,False,True,0,558,49,1,0,delay
1784737519023.194,0.1,0.8,0.1,798.3390894819466,873.5555555555555,0.15966781789638934,135.1734273956496,179.27101704879482,0.008350462134466285,0.9999999999999998,1.0,0.9999999999999998,10,8,2.077352848502788,1,10,balanced,1,2,8,10,True,requested_slotframe_below_minimum (8 < 10),2.077352848502788,False,False,False,True,0,559,49,1,0,delay
1784737525581.135,0.1,0.8,0.1,797.7723704866562,872.5555555555555,0.15955447409733123,144.0975896531452,199.29600235155792,0.008945803178995678,0.9960192868356132,0.9960317460317462,0.9960192868356132,10,8,2.0764898387306316,1,10,balanced,1,2,8,10,True,requested_slotframe_below_minimum (8 < 10),2.0764898387306316,False,False,False,True,0,560,49,1,0,delay
1784737529111.719,0.1,0.8,0.1,796.8979591836734,871.5555555555555,0.15937959183673467,151.6650838873061,216.29946185501743,0.009450639352055111,0.9999999999999998,1.0,0.9999999999999998,10,8,2.0765015293346822,1,10,balanced,1,2,8,10,True,requested_slotframe_below_minimum (8 < 10),2.0765015293346822,False,False,False,True,0,561,49,1,0,delay
1784737532648.4302,0.1,0.8,0.1,794.6593406593406,869.6666666666666,0.15893186813186813,130.1915163026274,167.97404241848687,0.008018113162283349,0.9999999999999998,1.0,0.9999999999999998,10,8,2.0776923226569863,1,10,balanced,1,2,8,10,True,requested_slotframe_below_minimum (8 < 10),2.0776923226569863,False,False,False,True,0,562,49,1,0,delay
1784737536277.471,0.1,0.8,0.1,797.7095761381474,872.5555555555555,0.15954191522762948,128.9917695473251,179.7178130511464,0.007938076687613416,0.9999999999999998,1.0,0.9999999999999998,10,8,2.0776953471271464,1,10,balanced,1,2,8,10,True,requested_slotframe_below_minimum (8 < 10),2.0776953471271464,False,False,False,True,0,563,49,1,0,delay
1784737539908.357,0.1,0.8,0.1,796.0172684458398,870.8888888888889,0.15920345368916797,151.8261316872428,228.90946502057614,0.009461383034505857,0.9999999999999998,1.0,0.9999999999999998,10,8,2.0765105482034785,1,10,balanced,1,2,8,10,True,requested_slotframe_below_minimum (8 < 10),2.0765105482034785,False,False,False,True,0,564,49,1,0,delay
1784737543538.47,0.1,0.8,0.1,797.5416012558869,871.7777777777778,0.1595083202511774,139.1081716637272,206.99353321575543,0.008612953413190608,0.9881388452817024,0.9917695473251028,0.9881388452817024,10,8,2.0759726897725,1,10,balanced,1,2,8,10,True,requested_slotframe_below_minimum (8 < 10),2.0759726897725,False,False,False,True,0,565,49,1,0,delay
1784737547176.1438,0.1,0.8,0.1,797.5368916797488,872.1111111111111,0.15950737833594977,120.14403292181069,172.28248089359198,0.007347834084176831,0.9999999999999998,1.0,0.9999999999999998,10,8,2.0781709948990637,1,10,balanced,1,2,8,10,True,requested_slotframe_below_minimum (8 < 10),2.0781709948990637,False,False,False,True,0,566,49,1,0,delay
1784737550806.4111,0.1,0.8,0.1,798.9026687598115,873.6666666666666,0.1597805337519623,120.98765432098764,181.19341563786008,0.0074041130300859,0.9999999999999998,1.0,0.9999999999999998,10,8,2.078098656200735,1,10,balanced,1,2,8,10,True,requested_slotframe_below_minimum (8 < 10),2.078098656200735,False,False,False,True,0,567,49,1,0,delay
1784737554329.8992,0.1,0.8,0.1,800.6373626373626,875.1111111111111,0.1601274725274725,92.3670465337132,123.49952516619184,0.005494799635337771,0.982091982091982,0.9876543209876544,0.982091982091982,10,8,2.077800611248181,1,10,balanced,1,2,8,10,True,requested_slotframe_below_minimum (8 < 10),2.077800611248181,False,False,False,True,0,568,49,1,0,delay
1784737560885.284,0.1,0.8,0.1,798.1962323390894,872.7777777777778,0.15963924646781788,80.081569664903,94.6413874191652,0.004675221458632622,0.9999999999999998,1.0,0.9999999999999998,10,8,2.080295898186312,1,10,balanced,1,2,8,10,True,requested_slotframe_below_minimum (8 < 10),2.080295898186312,False,False,False,True,0,569,49,1,0,delay
1784737564425.511,0.1,0.8,0.1,799.2684458398743,874.5555555555555,0.15985368916797485,77.09876543209877,93.82716049382718,0.0044762351855969825,0.9999999999999998,1.0,0.9999999999999998,10,8,2.0804336429347248,1,10,balanced,1,2,8,10,True,requested_slotframe_below_minimum (8 < 10),2.0804336429347248,False,False,False,True,0,570,49,1,0,delay
1784737568051.159,0.1,0.8,0.1,798.0627943485086,872.8888888888889,0.15961255886970174,78.91460905349793,94.11081716637273,0.004597372185023211,0.9999999999999998,1.0,0.9999999999999998,10,8,2.080360846365011,1,10,balanced,1,2,8,10,True,requested_slotframe_below_minimum (8 < 10),2.080360846365011,False,False,False,True,0,571,49,1,0,delay
1784737571687.247,0.1,0.8,0.1,799.8398744113028,874.8888888888889,0.15996797488226056,79.69135802469135,95.21751910640799,0.004649189994976074,0.9999999999999998,1.0,0.9999999999999998,10,8,2.080283850515793,1,10,balanced,1,2,8,10,True,requested_slotframe_below_minimum (8 < 10),2.080283850515793,False,False,False,True,0,572,49,1,0,delay
1784737575317.2468,0.1,0.8,0.1,796.8445839874411,871.2222222222222,0.1593689167974882,84.48412698412699,103.21428571428572,0.004968921079661574,0.9999999999999998,1.0,0.9999999999999998,10,8,2.0800879714565217,1,10,balanced,1,2,8,10,True,requested_slotframe_below_minimum (8 < 10),2.0800879714565217,False,False,False,True,0,573,49,1,0,delay
1784737578848.4832,0.1,0.8,0.1,796.8854003139717,872.1111111111111,0.15937708006279433,95.06172839506173,115.7201646090535,0.005674564936294979,0.9999999999999998,1.0,0.9999999999999998,10,8,2.0795226400446847,1,10,balanced,1,2,8,10,True,requested_slotframe_below_minimum (8 < 10),2.0795226400446847,False,False,False,True,0,574,49,1,0,delay
1784737582379.509,0.1,0.8,0.1,799.5274725274724,874.0,0.15990549450549446,103.88888888888889,128.27160493827162,0.006263434882514268,0.9999999999999998,1.0,0.9999999999999998,10,8,2.078998702643439,1,10,balanced,1,2,8,10,True,requested_slotframe_below_minimum (8 < 10),2.078998702643439,False,False,False,True,0,575,49,1,0,delay
1784737586004.618,0.1,0.8,0.1,797.3092621664049,872.3333333333334,0.15946185243328098,107.48383303938859,134.90593768371548,0.006503257707764415,0.9999999999999998,1.0,0.9999999999999998,10,8,2.0788512085904602,1,10,balanced,1,2,8,10,True,requested_slotframe_below_minimum (8 < 10),2.0788512085904602,False,False,False,True,0,576,49,1,0,delay
1784737589640.269,0.1,0.8,0.1,797.2747252747253,871.5555555555555,0.15945494505494506,127.21193415637859,153.2686654908877,0.00781934183831745,0.9918703745234356,0.9920634920634921,0.9918703745234356,10,8,2.0769860694761952,1,10,balanced,1,2,8,10,True,requested_slotframe_below_minimum (8 < 10),2.0769860694761952,False,False,False,True,0,577,49,1,0,delay
1784737596226.765,0.1,0.8,0.1,796.4803767660911,871.1111111111111,0.1592960753532182,104.38859494415048,141.73427395649617,0.006296770843505703,0.9999999999999998,1.0,0.9999999999999998,10,8,2.0790329757898736,1,10,balanced,1,2,8,10,True,requested_slotframe_below_minimum (8 < 10),2.0790329757898736,False,False,False,True,0,578,49,1,0,delay
1784737599764.168,0.1,0.8,0.1,799.0219780219779,873.6666666666666,0.15980439560439558,125.45267489711934,164.77366255144034,0.0077019796462387815,0.9999999999999998,1.0,0.9999999999999998,10,8,2.0778579767225693,1,10,balanced,1,2,8,10,True,requested_slotframe_below_minimum (8 < 10),2.0778579767225693,False,False,False,True,0,579,49,1,0,delay
1784737603397.265,0.1,0.8,0.1,796.4850863422291,871.5555555555555,0.15929701726844583,114.02483833039388,149.04467960023516,0.006939615632447891,0.9999999999999998,1.0,0.9999999999999998,10,8,2.078518605767197,1,10,balanced,1,2,8,10,True,requested_slotframe_below_minimum (8 < 10),2.078518605767197,False,False,False,True,0,580,49,1,0,delay
1784737606935.7961,0.1,0.8,0.1,795.717425431711,870.6666666666666,0.1591434850863422,127.08452041785374,162.3773345995568,0.007810841922471897,0.9999999999999998,1.0,0.9999999999999998,10,8,2.077836977953388,1,10,balanced,1,2,8,10,True,requested_slotframe_below_minimum (8 < 10),2.077836977953388,False,False,False,True,0,581,49,1,0,delay
1784737610565.365,0.1,0.8,0.1,797.8854003139717,872.6666666666666,0.15957708006279434,119.05643738977072,157.35449735449734,0.007275279345548414,0.9999999999999998,1.0,0.9999999999999998,10,8,2.078222068517282,1,10,balanced,1,2,8,10,True,requested_slotframe_below_minimum (8 < 10),2.078222068517282,False,False,False,True,0,582,49,1,0,delay
1784737614208.271,0.1,0.8,0.1,797.623233908948,872.6666666666666,0.1595246467817896,96.6137566137566,118.28630217519107,0.005778102509256612,0.9999999999999998,1.0,0.9999999999999998,10,8,2.0794250533144156,1,10,balanced,1,2,8,10,True,requested_slotframe_below_minimum (8 < 10),2.0794250533144156,False,False,False,True,0,583,49,1,0,delay
1784737617845.8071,0.1,0.8,0.1,799.2229199372056,874.6666666666666,0.1598445839874411,109.34523809523809,138.13492063492063,0.006627434162457511,0.9999999999999998,1.0,0.9999999999999998,10,8,2.07871359427129,1,10,balanced,1,2,8,10,True,requested_slotframe_below_minimum (8 < 10),2.07871359427129,False,False,False,True,0,584,49,1,0,delay
1784737621373.871,0.1,0.8,0.1,798.5039246467818,873.4444444444445,0.15970078492935635,81.39917695473251,105.34979423868313,0.004763120544011509,0.9999999999999998,1.0,0.9999999999999998,10,8,2.080219425071855,1,10,balanced,1,2,8,10,True,requested_slotframe_below_minimum (8 < 10),2.080219425071855,False,False,False,True,0,585,49,1,0,delay
1784737624903.034,0.1,0.8,0.1,797.9984301412873,873.0,0.15959968602825744,94.15321304210192,125.42893320671098,0.005613956840700596,0.9999999999999998,1.0,0.9999999999999998,10,8,2.0795488659246137,1,10,balanced,1,2,8,10,True,requested_slotframe_below_minimum (8 < 10),2.0795488659246137,False,False,False,True,0,586,49,1,0,delay
1784737631501.645,0.1,0.8,0.1,799.2260596546311,874.1111111111111,0.1598452119309262,95.26014109347443,129.20047031158143,0.005687801273747461,0.9999999999999998,1.0,0.9999999999999998,10,8,2.0794652377879093,1,10,balanced,1,2,8,10,True,requested_slotframe_below_minimum (8 < 10),2.0794652377879093,False,False,False,True,0,587,49,1,0,delay
1784737635143.328,0.1,0.8,0.1,797.2605965463108,872.3333333333334,0.15945211930926217,95.4563492063492,118.41269841269842,0.005700890540783802,0.9999999999999998,1.0,0.9999999999999998,10,8,2.079494075636447,1,10,balanced,1,2,8,10,True,requested_slotframe_below_minimum (8 < 10),2.079494075636447,False,False,False,True,0,588,49,1,0,delay
1784737638668.05,0.1,0.8,0.1,796.6373626373626,871.2222222222222,0.1593274725274725,107.11934156378601,136.54320987654322,0.006478942065629487,0.9999999999999998,1.0,0.9999999999999998,10,8,2.0788840990947492,1,10,balanced,1,2,8,10,True,requested_slotframe_below_minimum (8 < 10),2.0788840990947492,False,False,False,True,0,589,49,1,0,delay
1784737642293.8389,0.1,0.8,0.1,798.2574568288852,873.3333333333334,0.15965149136577705,125.83553791887125,166.48001175778955,0.0077275208751748665,0.9999999999999998,1.0,0.9999999999999998,10,8,2.0778528341632825,1,10,balanced,1,2,8,10,True,requested_slotframe_below_minimum (8 < 10),2.0778528341632825,False,False,False,True,0,590,49,1,0,delay
1784737645822.0269,0.1,0.8,0.1,798.2574568288853,873.3333333333334,0.15965149136577705,172.05761316872426,227.94238683127574,0.010811048243410558,0.9999999999999998,1.0,0.9999999999999998,10,8,2.075386012268694,1,10,balanced,1,2,8,10,True,requested_slotframe_below_minimum (8 < 10),2.075386012268694,False,False,False,True,0,591,49,1,0,delay
1784737649347.403,0.1,0.8,0.1,798.3485086342229,872.6666666666666,0.15966970172684458,123.87147831592274,162.10509654954097,0.007596496218540544,0.9999999999999998,1.0,0.9999999999999998,10,8,2.077955832852483,1,10,balanced,1,2,8,10,True,requested_slotframe_below_minimum (8 < 10),2.077955832852483,False,False,False,True,0,592,49,1,0,delay
1784737652880.0881,0.1,0.8,0.1,797.4929356357927,873.1111111111111,0.15949858712715853,172.27761949984173,252.3741690408357,0.010825725116733938,0.9999999999999998,1.0,0.9999999999999998,10,8,2.075389561193897,1,10,balanced,1,2,8,10,True,requested_slotframe_below_minimum (8 < 10),2.075389561193897,False,False,False,True,0,593,49,1,0,delay
1784737656411.577,0.1,0.8,0.1,795.2731554160125,870.3333333333334,0.1590546310832025,156.37147831592273,196.29629629629628,0.00976460829325702,0.9999999999999998,1.0,0.9999999999999998,10,8,2.076282850257074,1,10,balanced,1,2,8,10,True,requested_slotframe_below_minimum (8 < 10),2.076282850257074,False,False,False,True,0,594,49,1,0,delay
1784737660050.919,0.1,0.8,0.1,795.1098901098901,869.6666666666666,0.159021978021978,136.60126396237507,181.80335097001762,0.008445714740652106,0.9999999999999998,1.0,0.9999999999999998,10,8,2.0773412304052803,1,10,balanced,1,2,8,10,True,requested_slotframe_below_minimum (8 < 10),2.0773412304052803,False,False,False,True,0,595,49,1,0,delay
1784737666605.191,0.1,0.8,0.1,797.5729984301412,872.2222222222222,0.15951459968602824,112.82260435038212,146.7313345091123,0.006859413232180262,0.9999999999999998,1.0,0.9999999999999998,10,8,2.078561009445653,1,10,balanced,1,2,8,10,True,requested_slotframe_below_minimum (8 < 10),2.078561009445653,False,False,False,True,0,596,49,1,0,delay
1784737670137.29,0.1,0.8,0.1,798.5321821036106,873.7777777777778,0.1597064364207221,103.20987654320987,123.66255144032922,0.006218137194343554,0.9999999999999998,1.0,0.9999999999999998,10,8,2.0790548466024528,1,10,balanced,1,2,8,10,True,requested_slotframe_below_minimum (8 < 10),2.0790548466024528,False,False,False,True,0,597,49,1,0,delay
1784737673769.5,0.1,0.8,0.1,797.2166405023547,871.7777777777778,0.15944332810047093,143.80217519106407,187.49412110523224,0.008926095743233093,0.9903005158107199,0.9920634920634921,0.9903005158107199,10,8,2.0759448421764386,1,10,balanced,1,2,8,10,True,requested_slotframe_below_minimum (8 < 10),2.0759448421764386,False,False,False,True,0,598,49,1,0,delay
1784737677409.241,0.1,0.8,0.1,796.6452119309262,872.0,0.15932904238618523,153.23045267489712,192.09876543209876,0.009555066889586199,0.9999999999999998,1.0,0.9999999999999998,10,8,2.0764230422497123,1,10,balanced,1,2,8,10,True,requested_slotframe_below_minimum (8 < 10),2.0764230422497123,False,False,False,True,0,599,49,1,0,delay
1784737681044.897,0.1,0.8,0.1,796.7221350078491,871.4444444444445,0.15934442700156984,152.4639917695473,194.16225749559084,0.009503935408241982,0.9999999999999998,1.0,0.9999999999999998,10,8,2.0764624089732493,1,10,balanced,1,2,8,10,True,requested_slotframe_below_minimum (8 < 10),2.0764624089732493,False,False,False,True,0,600,49,1,0,delay
1784737684583.0989,0.8,0.1,0.1,794.9183673469387,870.6666666666666,0.15898367346938774,134.38588160810383,173.019943019943,0.008297924056577973,0.9999999999999998,1.0,0.9999999999999998,10,8,1.971983268818832,1,10,balanced,1,2,8,10,True,requested_slotframe_below_minimum (8 < 10),1.971983268818832,False,False,False,True,0,601,49,1,0,energy
1784737688110.817,0.8,0.1,0.1,773.1318681318679,841.0,0.15462637362637358,180.51587301587298,242.5,0.01137530840666264,0.9999999999999998,1.0,0.9999999999999998,11,8,1.975161370258235,1,10,balanced,0,0,11,11,False,,1.975161370258235,False,False,False,True,0,602,49,1,0,energy
1784737691442.824,0.8,0.1,0.1,736.8540031397173,795.0,0.14737080062794347,133.11886672997784,178.76859765748657,0.008213400048697654,0.9999999999999998,1.0,0.9999999999999998,13,8,1.9812820194927754,1,10,balanced,0,0,13,13,False,,1.9812820194927754,False,False,False,True,0,603,49,1,0,energy
1784737694676.9941,0.8,0.1,0.1,723.6405023547879,777.2222222222222,0.14472810047095758,184.0273820829376,241.60968660968663,0.011609565182317386,0.9999999999999998,1.0,0.9999999999999998,14,8,1.9830565631050021,1,10,balanced,0,0,14,14,False,,1.9830565631050021,False,False,False,True,0,604,49,1,0,energy
1784737697910.9758,0.8,0.1,0.1,702.8555729984301,749.8888888888889,0.14057111459968602,195.58862433862433,244.49735449735448,0.012380828841802824,0.9999999999999998,1.0,0.9999999999999998,16,8,1.9863050254360708,1,10,balanced,0,0,16,16,False,,1.9863050254360708,False,False,False,True,0,605,49,1,0,energy
1784737704004.085,0.8,0.1,0.1,691.0627943485085,735.3333333333334,0.1382125588697017,192.80349794238683,238.09670781893004,0.01219502988274762,0.9999999999999998,1.0,0.9999999999999998,17,8,1.9882104499159639,1,10,balanced,0,0,17,17,False,,1.9882104499159639,False,False,False,True,0,606,49,1,0,energy
1784737707041.068,0.8,0.1,0.1,676.5290423861852,716.6666666666666,0.13530580847723706,204.43969610636276,274.5647356758468,0.012971293936381773,0.9999999999999998,1.0,0.9999999999999998,19,8,1.990458223824572,1,10,balanced,0,0,19,19,False,,1.990458223824572,False,False,False,True,0,607,49,1,0,energy
1784737710083.372,0.8,0.1,0.1,671.2982731554159,708.4444444444445,0.1342596546310832,228.70455162121831,279.0778049111383,0.014590030128166665,0.9999999999999998,1.0,0.9999999999999998,20,8,1.9911332732823168,1,10,balanced,0,0,20,20,False,,1.9911332732823168,False,False,False,True,0,608,49,1,0,energy
1784737713118.443,0.8,0.1,0.1,657.4489795918367,692.3333333333334,0.13148979591836735,206.46825396825398,260.1190476190476,0.01310662134544723,0.9999999999999998,1.0,0.9999999999999998,22,8,1.9934975011307614,1,10,balanced,0,0,22,22,False,,1.9934975011307614,False,False,False,True,0,609,49,1,0,energy
1784737716049.356,0.8,0.1,0.1,653.7582417582416,686.6666666666666,0.13075164835164832,198.2723963279519,250.50332383665716,0.01255986633275196,0.9999999999999998,1.0,0.9999999999999998,23,8,1.9941426946854062,1,10,balanced,0,0,23,23,False,,1.9941426946854062,False,False,False,True,0,610,49,1,0,energy
1784737718987.583,0.8,0.1,0.1,645.0015698587126,675.3333333333334,0.12900031397174253,248.84259259259258,326.50205761316874,0.015933461814048873,0.9999999999999998,1.0,0.9999999999999998,25,8,1.995206402641201,1,10,balanced,0,0,25,25,False,,1.995206402641201,False,False,False,True,0,611,49,1,0,energy
1784737721924.718,0.8,0.1,0.1,640.3029827315542,669.1111111111111,0.12806059654631083,269.2599941211052,328.0893592004703,0.017295529961381267,0.9999999999999998,1.0,0.9999999999999998,26,8,1.9958219697668131,1,10,balanced,0,0,26,26,False,,1.9958219697668131,False,False,False,True,0,612,49,1,0,energy
1784737724854.168,0.8,0.1,0.1,634.0094191522762,660.7777777777778,0.12680188383045524,294.3452380952381,379.8015873015873,0.018968995203151307,0.9999999999999998,1.0,0.9999999999999998,28,8,1.9966615934153207,1,10,balanced,0,0,28,28,False,,1.9966615934153207,False,False,False,True,0,613,49,1,0,energy
1784737727785.995,0.8,0.1,0.1,631.469387755102,657.0,0.12629387755102042,281.65845648604267,355.2298850574713,0.01812264552942246,0.9999999999999998,1.0,0.9999999999999998,29,8,1.9971526334062415,1,10,balanced,0,0,29,29,False,,1.9971526334062415,False,False,False,True,0,614,49,1,0,energy
1784737730628.14,0.8,0.1,0.1,620.7802197802198,644.5555555555555,0.12415604395604396,306.1522633744856,381.8106995884774,0.01975665532851805,0.9999999999999998,1.0,0.9999999999999998,32,8,1.998699499302313,1,10,balanced,0,0,32,32,False,,1.998699499302313,False,False,False,True,0,615,49,1,0,energy
1784737733467.9338,0.8,0.1,0.1,618.5368916797488,641.1111111111111,0.12370737833594976,311.5145502645503,381.3756613756614,0.02011437960403938,0.9999999999999998,1.0,0.9999999999999998,34,8,1.9990226593708362,1,10,balanced,0,0,34,34,False,,1.9990226593708362,False,False,False,True,0,616,49,1,0,energy
1784737739260.9219,0.8,0.1,0.1,616.3186813186812,638.1111111111111,0.12326373626373624,324.24162257495595,405.7378012933569,0.020963417116408003,0.9999999999999998,1.0,0.9999999999999998,35,8,1.9992926692773703,1,10,balanced,0,0,35,35,False,,1.9992926692773703,False,False,False,True,0,617,49,1,0,energy
1784737742100.061,0.8,0.1,0.1,611.9811616954474,633.1111111111111,0.12239623233908949,337.0972957084068,419.1152263374486,0.02182103373638471,0.9999999999999998,1.0,0.9999999999999998,37,8,1.9999009107550898,1,10,balanced,0,0,37,37,False,,1.9999009107550898,False,False,False,True,0,618,49,1,0,energy
1784737744939.0571,0.8,0.1,0.1,612.5714285714286,633.0,0.12251428571428571,348.8279967159278,449.3787629994526,0.022603602182516863,0.9999999999999998,1.0,0.9999999999999998,38,8,1.9997282112103196,1,10,balanced,0,0,38,38,False,,1.9997282112103196,False,False,False,True,0,619,49,1,0,energy
1784737747670.058,0.8,0.1,0.1,607.6263736263736,627.2222222222222,0.12152527472527472,416.00823045267487,507.53086419753083,0.02708527221165276,0.9999999999999998,1.0,0.9999999999999998,40,8,2.000071252998615,1,10,balanced,0,0,40,40,False,,2.000071252998615,False,False,False,True,0,620,49,1,0,energy
1784737750413.172,0.8,0.1,0.1,605.1334379905808,624.2222222222222,0.12102668759811616,408.9711934156378,502.38683127572017,0.02661582344333808,0.9999999999999998,1.0,0.9999999999999998,41,8,2.000517067577173,1,10,balanced,0,0,41,41,False,,2.000517067577173,False,False,False,True,0,621,49,1,0,energy
1784737753144.831,0.8,0.1,0.1,602.3956043956044,620.5555555555555,0.12047912087912088,399.89711934156384,491.1522633744856,0.02601048161051126,0.9999999999999998,1.0,0.9999999999999998,43,8,2.001015655135652,1,10,balanced,0,0,43,43,False,,2.001015655135652,False,False,False,True,0,622,49,1,0,energy
1784737755883.885,0.8,0.1,0.1,598.734693877551,616.2222222222222,0.1197469387755102,434.2989417989417,537.5911228689006,0.02830546643088337,0.9999999999999998,1.0,0.9999999999999998,44,8,2.0013719023365035,1,10,balanced,0,0,44,44,False,,2.0013719023365035,False,False,False,True,0,623,49,1,0,energy
1784737758619.2578,0.8,0.1,0.1,598.4222919937206,615.3333333333334,0.11968445839874411,483.82201646090533,602.4588477366256,0.031609207235550725,0.9999999999999998,1.0,0.9999999999999998,46,8,2.0010915125574495,1,10,balanced,0,0,46,46,False,,2.0010915125574495,False,False,False,True,0,624,49,1,0,energy
1784737761357.646,0.8,0.1,0.1,596.3108320251177,612.7777777777778,0.11926216640502355,493.4942680776014,617.5132275132277,0.03225445417462318,0.9999999999999998,1.0,0.9999999999999998,47,8,2.0013648214585187,1,10,balanced,0,0,47,47,False,,2.0013648214585187,False,False,False,True,0,625,49,1,0,energy
1784737764094.107,0.8,0.1,0.1,593.3359497645212,609.2222222222222,0.11866718995290423,481.19991633880517,607.1055487722155,0.031434283945217155,0.9999999999999998,1.0,0.9999999999999998,49,8,2.0019228196431547,1,10,balanced,0,0,49,49,False,,2.0019228196431547,False,False,False,True,0,626,49,1,0,energy
1784737766832.4739,0.8,0.1,0.1,592.4599686028256,607.7777777777778,0.11849199372056513,517.5470311581423,652.0311581422693,0.033859041438168265,0.9999999999999998,1.0,0.9999999999999998,50,8,2.001820500879731,1,10,balanced,0,0,50,50,False,,2.001820500879731,False,False,False,True,0,627,49,1,0,energy
1784737772497.8481,0.8,0.1,0.1,589.3092621664049,604.4444444444445,0.11786185243328098,535.1771017048794,686.7445620223398,0.035035163556029314,0.9999999999999998,1.0,0.9999999999999998,52,8,2.0022070016977724,1,10,balanced,0,0,52,52,False,,2.0022070016977724,False,False,False,True,0,628,49,1,0,energy
1784737775234.719,0.8,0.1,0.1,589.938775510204,604.6666666666666,0.11798775510204079,516.8192391899289,639.3979200875752,0.033810489605732415,0.9999999999999998,1.0,0.9999999999999998,53,8,2.002228746957794,1,10,balanced,0,0,53,53,False,,2.002228746957794,False,False,False,True,0,629,49,1,0,energy
1784737777971.4812,0.8,0.1,0.1,589.806907378336,604.3333333333334,0.11796138147566719,535.8764367816092,671.3957307060755,0.03508181699677179,0.9999999999999998,1.0,0.9999999999999998,55,8,2.002122713119789,1,10,balanced,0,0,55,55,False,,2.002122713119789,False,False,False,True,0,630,49,1,0,energy
1784737780709.542,0.8,0.1,0.1,586.5824175824175,601.1111111111111,0.11731648351648351,552.1113847837985,712.832512315271,0.036164868898185355,0.9999999999999998,1.0,0.9999999999999998,56,8,2.0025303262969945,1,10,balanced,0,0,56,56,False,,2.0025303262969945,False,False,False,True,0,631,49,1,0,energy
1784737783349.002,0.8,0.1,0.1,585.7645211930926,599.2222222222222,0.11715290423861852,578.1038303260525,746.3627730294397,0.03789885459146448,0.9999999999999998,1.0,0.9999999999999998,58,8,2.002487791149959,1,10,balanced,0,0,58,58,False,,2.002487791149959,False,False,False,True,0,632,49,1,0,energy
1784737786086.067,0.8,0.1,0.1,584.4003139717424,598.0,0.11688006279434848,3968.8690476190473,3982.1472663139325,0.26410067028812856,0.9903005158107199,0.9920634920634921,0.9903005158107199,59,8,1.9791159343167803,1,10,balanced,0,0,59,59,False,,1.9791159343167803,False,False,False,True,0,633,49,1,0,energy
1784737788718.635,0.8,0.1,0.1,584.5274725274726,597.4444444444445,0.11690549450549452,693.6530547641659,833.4773662551439,0.04560727516772287,0.9999999999999998,1.0,0.9999999999999998,61,8,2.001914876878832,1,10,balanced,0,0,61,61,False,,2.001914876878832,False,False,False,True,0,634,49,1,0,energy
1784737791756.58,0.8,0.1,0.1,584.331240188383,596.7777777777778,0.1168662480376766,967.4546822095841,1246.9478161635025,0.06387289407669007,0.81431803490627,0.854779411764706,0.81431803490627,64,8,1.9815515156528167,1,10,balanced,0,0,64,64,False,,1.9815515156528167,False,False,False,True,0,635,49,1,0,energy
1784737794496.037,0.8,0.1,0.1,582.076923076923,594.1111111111111,0.1164153846153846,657.9276135741653,814.2692939244662,0.043223990231765534,0.9999999999999998,1.0,0.9999999999999998,65,8,2.002545293284516,1,10,balanced,0,0,65,65,False,,2.002545293284516,False,False,False,True,0,636,49,1,0,energy
1784737797127.867,0.8,0.1,0.1,581.7472527472527,593.5555555555555,0.11634945054945053,812.0647356758468,949.1389680278569,0.05350665348071026,0.9999999999999998,1.0,0.9999999999999998,67,8,2.0015697742123684,1,10,balanced,0,0,67,67,False,,2.0015697742123684,False,False,False,True,0,637,49,1,0,energy
1784737799759.992,0.8,0.1,0.1,581.425431711146,592.8888888888889,0.1162850863422292,739.0946502057612,900.8230452674896,0.04863873583760916,0.9999999999999998,1.0,0.9999999999999998,68,8,2.002108057342456,1,10,balanced,0,0,68,68,False,,2.002108057342456,False,False,False,True,0,638,49,1,0,energy
1784737802388.292,0.8,0.1,0.1,580.5384615384615,592.3333333333334,0.11610769230769231,721.8858816081038,866.0493827160494,0.047490719253375835,0.9999999999999998,1.0,0.9999999999999998,68,8,2.0023647742285084,1,10,balanced,0,2,70,68,True,requested_slotframe_above_max (70 > 68),2.0023647742285084,False,False,False,True,0,639,49,1,0,energy
1784737808093.479,0.8,0.1,0.1,580.7315541601256,592.1111111111111,0.11614631083202512,692.4692118226601,851.2246852764094,0.045528299654613746,0.9999999999999998,1.0,0.9999999999999998,68,8,2.0025301213689186,1,10,balanced,0,2,70,68,True,requested_slotframe_above_max (70 > 68),2.0025301213689186,False,False,False,True,0,640,49,1,0,energy
1784737810727.3928,0.8,0.1,0.1,581.8147566718995,593.4444444444445,0.1163629513343799,672.77189888301,846.1963550852439,0.04421426943849299,0.9999999999999998,1.0,0.9999999999999998,68,8,2.0024882119886467,1,10,balanced,0,2,70,68,True,requested_slotframe_above_max (70 > 68),2.0024882119886467,False,False,False,True,0,641,49,1,0,energy
1784737813367.46,0.8,0.1,0.1,578.8241758241758,590.4444444444445,0.11576483516483516,729.7119341563786,894.6090534979423,0.04801280414652292,0.9999999999999998,1.0,0.9999999999999998,68,8,2.0025868514534797,1,10,balanced,0,2,70,68,True,requested_slotframe_above_max (70 > 68),2.0025868514534797,False,False,False,True,0,642,49,1,0,energy
1784737816002.654,0.8,0.1,0.1,580.866562009419,592.8888888888889,0.1161733124018838,734.7855333966445,892.0861031972142,0.0483512697396027,0.9999999999999998,1.0,0.9999999999999998,68,8,2.0022262231045325,1,10,balanced,0,2,70,68,True,requested_slotframe_above_max (70 > 68),2.0022262231045325,False,False,False,True,0,643,49,1,0,energy
1784737818642.096,0.8,0.1,0.1,579.215070643642,590.3333333333334,0.1158430141287284,729.7619047619047,896.5064667842446,0.04801613774262206,0.9999999999999998,1.0,0.9999999999999998,68,8,2.002523974922755,1,10,balanced,0,2,70,68,True,requested_slotframe_above_max (70 > 68),2.002523974922755,False,False,False,True,0,644,49,1,0,energy
1784737821278.227,0.8,0.1,0.1,581.5337519623233,593.6666666666666,0.11630675039246466,716.1566725455613,887.1369782480893,0.04710851718115819,0.9999999999999998,1.0,0.9999999999999998,68,8,2.0022437479679125,1,10,balanced,0,2,70,68,True,requested_slotframe_above_max (70 > 68),2.0022437479679125,False,False,False,True,0,645,49,1,0,energy
1784737823915.199,0.8,0.1,0.1,579.3108320251177,590.5555555555555,0.11586216640502355,753.9522000633111,936.6698322253877,0.04962989993751242,0.9896505610791322,0.9917695473251028,0.9896505610791322,68,8,2.001312332990143,1,10,balanced,0,2,70,68,True,requested_slotframe_above_max (70 > 68),2.001312332990143,False,False,False,True,0,646,49,1,0,energy
1784737826553.059,0.8,0.1,0.1,579.8226059654631,591.6666666666666,0.11596452119309263,640.4254850088183,816.3741916519695,0.042056403269434176,0.9999999999999998,1.0,0.9999999999999998,68,8,2.0030227427185823,1,10,balanced,0,2,70,68,True,requested_slotframe_above_max (70 > 68),2.0030227427185823,False,False,False,True,0,647,49,1,0,energy
1784737829193.969,0.8,0.1,0.1,580.4442700156986,592.3333333333334,0.11608885400313973,596.3403880070547,776.6108171663727,0.03911543615790892,0.9999999999999998,1.0,0.9999999999999998,68,8,2.0032173731816973,1,10,balanced,0,2,70,68,True,requested_slotframe_above_max (70 > 68),2.0032173731816973,False,False,False,True,0,648,49,1,0,energy
1784737831828.047,0.8,0.1,0.1,580.3846153846154,592.1111111111111,0.11607692307692308,645.6687242798354,831.5534979423869,0.04240618574248401,0.9883506516159577,0.9919165196942975,0.9883506516159577,68,8,2.001732908125809,1,10,balanced,0,2,70,68,True,requested_slotframe_above_max (70 > 68),2.001732908125809,False,False,False,True,0,649,49,1,0,energy
1784737834469.729,0.8,0.1,0.1,581.2072213500785,592.5555555555555,0.1162414442700157,734.935106046217,917.5276986388097,0.04836124790168225,0.9999999999999998,1.0,0.9999999999999998,68,8,2.002170719793819,1,10,balanced,0,2,70,68,True,requested_slotframe_above_max (70 > 68),2.002170719793819,False,False,False,True,0,650,49,1,0,energy
1784737837109.662,0.8,0.1,0.1,578.9136577708006,590.3333333333334,0.11578273155416012,709.7119341563786,867.9835390946503,0.04667858133131278,0.9999999999999998,1.0,0.9999999999999998,68,8,2.0027059566235406,1,10,balanced,0,2,70,68,True,requested_slotframe_above_max (70 > 68),2.0027059566235406,False,False,False,True,0,651,49,1,0,energy
1784737839749.02,0.8,0.1,0.1,581.5337519623233,593.2222222222222,0.11630675039246466,813.6801881246325,951.0449735449735,0.053614422156413113,0.9999999999999998,1.0,0.9999999999999998,68,8,2.001593157470387,1,10,balanced,0,2,70,68,True,requested_slotframe_above_max (70 > 68),2.001593157470387,False,False,False,True,0,652,49,1,0,energy
1784737845705.7842,0.8,0.1,0.1,423.9560439560439,462.55555555555554,0.08479120879120879,601.5648926237161,689.1914098972923,0.039463968820794934,0.7284144427001569,0.7777777777777778,0.7284144427001569,68,8,2.001062080354969,1,10,balanced,0,2,70,68,True,requested_slotframe_above_max (70 > 68),2.001062080354969,False,False,False,True,0,653,49,1,0,energy
1784737848349.477,0.8,0.1,0.1,578.6106750392464,590.1111111111111,0.11572213500784928,3151.1704653371316,3473.885723330168,0.20955106506585267,0.9999999999999998,1.0,0.9999999999999998,68,8,1.9864671854871352,1,10,balanced,0,2,70,68,True,requested_slotframe_above_max (70 > 68),1.9864671854871352,False,False,False,True,0,654,49,1,0,energy
1784737850984.145,0.8,0.1,0.1,579.032967032967,590.4444444444445,0.1158065934065934,711.1228689006466,893.2583774250442,0.046772706397641535,0.9999999999999998,1.0,0.9999999999999998,68,8,2.002677454634961,1,10,balanced,0,2,70,68,True,requested_slotframe_above_max (70 > 68),2.002677454634961,False,False,False,True,0,655,49,1,0,energy
1784737853623.7522,0.8,0.1,0.1,578.3343799058084,590.3333333333334,0.11566687598116168,659.6347736625514,838.2289829512051,0.043337876828722574,0.9999999999999998,1.0,0.9999999999999998,68,8,2.0031327115321984,1,10,balanced,0,2,70,68,True,requested_slotframe_above_max (70 > 68),2.0031327115321984,False,False,False,True,0,656,49,1,0,energy
1784737856259.9312,0.8,0.1,0.1,580.552590266876,593.1111111111111,0.1161105180533752,707.2530864197532,916.7607289829513,0.04651454879384611,0.9999999999999998,1.0,0.9999999999999998,68,8,2.0024601306779153,1,10,balanced,0,2,70,68,True,requested_slotframe_above_max (70 > 68),2.0024601306779153,False,False,False,True,0,657,49,1,0,energy
1784737858900.887,0.8,0.1,0.1,580.1789638932496,591.6666666666666,0.11603579277864992,719.4855967078189,912.5102880658437,0.04733059350952761,0.9999999999999998,1.0,0.9999999999999998,68,8,2.0024383064261273,1,10,balanced,0,2,70,68,True,requested_slotframe_above_max (70 > 68),2.0024383064261273,False,False,False,True,0,658,49,1,0,energy
1784737861541.596,0.8,0.1,0.1,580.6436420722134,593.0,0.11612872841444269,675.5423280423281,873.669900058789,0.044399087928107275,0.9999999999999998,1.0,0.9999999999999998,68,8,2.0026571084756353,1,10,balanced,0,2,70,68,True,requested_slotframe_above_max (70 > 68),2.0026571084756353,False,False,False,True,0,659,49,1,0,energy
1784737864179.9941,0.8,0.1,0.1,579.2386185243328,591.5555555555555,0.11584772370486655,684.7229570840681,843.2480893592005,0.04501153816438079,0.9999999999999998,1.0,0.9999999999999998,68,8,2.0028206672196687,1,10,balanced,0,2,70,68,True,requested_slotframe_above_max (70 > 68),2.0028206672196687,False,False,False,True,0,660,49,1,0,energy
1784737866817.7012,0.8,0.1,0.1,579.1114599686028,591.3333333333334,0.11582229199372057,644.5868945868946,819.278252611586,0.042334015649559346,0.9999999999999998,1.0,0.9999999999999998,68,8,2.0031087648400674,1,10,balanced,0,2,70,68,True,requested_slotframe_above_max (70 > 68),2.0031087648400674,False,False,False,True,0,661,49,1,0,energy
1784737869455.601,0.8,0.1,0.1,579.3076923076923,590.8888888888889,0.11586153846153845,693.7480215257993,880.4178537511871,0.045613610508725776,0.9881388452817024,0.9917695473251028,0.9881388452817024,68,8,2.001563292708067,1,10,balanced,0,2,70,68,True,requested_slotframe_above_max (70 > 68),2.001563292708067,False,False,False,True,0,662,49,1,0,energy
1784737872086.637,0.8,0.1,0.1,582.083202511774,593.4444444444445,0.11641664050235478,709.0107628996518,881.7252295030072,0.04663180539690806,0.9940694226408511,0.9958847736625516,0.9940694226408511,68,8,2.0016104493225106,1,10,balanced,0,2,70,68,True,requested_slotframe_above_max (70 > 68),2.0016104493225106,False,False,False,True,0,663,49,1,0,energy
1784737874726.919,0.8,0.1,0.1,581.5400313971742,593.2222222222222,0.11630800627943484,770.0751820196266,941.0937005381451,0.050705482456279295,0.9999999999999998,1.0,0.9999999999999998,68,8,2.001883046730824,1,10,balanced,0,2,70,68,True,requested_slotframe_above_max (70 > 68),2.001883046730824,False,False,False,True,0,664,49,1,0,energy
1784737880318.527,0.8,0.1,0.1,580.1051805337519,591.6666666666666,0.11602103610675038,785.553972776195,950.0379867046532,0.05173809024524316,0.9999999999999998,1.0,0.9999999999999998,68,8,2.0020093620900754,1,10,balanced,0,2,70,68,True,requested_slotframe_above_max (70 > 68),2.0020093620900754,False,False,False,True,0,665,49,1,0,energy
1784737882956.776,0.8,0.1,0.1,579.6436420722135,591.8888888888889,0.11592872841444271,773.4200470311581,946.5873015873016,0.050928622216888465,0.9999999999999998,1.0,0.9999999999999998,68,8,2.002164155046757,1,10,balanced,0,2,70,68,True,requested_slotframe_above_max (70 > 68),2.002164155046757,False,False,False,True,0,666,49,1,0,energy
1784737885586.186,0.8,0.1,0.1,580.3626373626374,592.1111111111111,0.11607252747252748,637.2427983539094,799.0123456790122,0.04184408261200196,0.9999999999999998,1.0,0.9999999999999998,68,8,2.002957569760778,1,10,balanced,0,2,70,68,True,requested_slotframe_above_max (70 > 68),2.002957569760778,False,False,False,True,0,667,49,1,0,energy
1784737888323.52,0.8,0.1,0.1,580.4442700156985,592.1111111111111,0.1160888540031397,652.5047892720307,808.6877394636015,0.042862227436426335,0.9999999999999998,1.0,0.9999999999999998,68,8,2.0028426940538457,1,10,balanced,0,2,70,68,True,requested_slotframe_above_max (70 > 68),2.0028426940538457,False,False,False,True,0,668,49,1,0,energy
1784737891051.645,0.8,0.1,0.1,578.2386185243328,590.2222222222222,0.11564772370486655,663.1588669950738,803.6548987411056,0.04357297311508164,0.9999999999999998,1.0,0.9999999999999998,68,8,2.0031245237245985,1,10,balanced,0,2,70,68,True,requested_slotframe_above_max (70 > 68),2.0031245237245985,False,False,False,True,0,669,49,1,0,energy
1784737893690.1072,0.8,0.1,0.1,579.3186813186813,591.1111111111111,0.11586373626373626,660.922251616696,824.6105232216344,0.043423765951747566,0.9999999999999998,1.0,0.9999999999999998,68,8,2.0029666343938364,1,10,balanced,0,2,70,68,True,requested_slotframe_above_max (70 > 68),2.0029666343938364,False,False,False,True,0,670,49,1,0,energy
1784737896327.311,0.8,0.1,0.1,579.414442700157,590.3333333333334,0.1158828885400314,632.8057025279247,798.1261022927689,0.04154807888778684,0.9999999999999998,1.0,0.9999999999999998,68,8,2.003138881279196,1,10,balanced,0,2,70,68,True,requested_slotframe_above_max (70 > 68),2.003138881279196,False,False,False,True,0,671,49,1,0,energy
1784737898967.325,0.8,0.1,0.1,578.193092621664,589.8888888888889,0.11563861852433281,814.7530864197531,973.909465020576,0.05368599642560061,0.9999999999999998,1.0,0.9999999999999998,68,8,2.002120505537974,1,10,balanced,0,2,70,68,True,requested_slotframe_above_max (70 > 68),2.002120505537974,False,False,False,True,0,672,49,1,0,energy
1784737901602.284,0.8,0.1,0.1,579.6813186813185,590.7777777777778,0.11593626373626371,703.105413105413,893.1259892371004,0.04623785277554457,0.9999999999999998,1.0,0.9999999999999998,68,8,2.0026272037334345,1,10,balanced,0,2,70,68,True,requested_slotframe_above_max (70 > 68),2.0026272037334345,False,False,False,True,0,673,49,1,0,energy
1784737904238.324,0.8,0.1,0.1,579.8602825745683,591.7777777777778,0.11597205651491366,878.0357708135485,1080.957581513137,0.05790765649189784,0.9999999999999998,1.0,0.9999999999999998,68,8,2.001431589138879,1,10,balanced,0,2,70,68,True,requested_slotframe_above_max (70 > 68),2.001431589138879,False,False,False,True,0,674,49,1,0,energy
1784737906882.2888,0.8,0.1,0.1,580.9795918367346,592.2222222222222,0.11619591836734691,716.872427983539,897.4485596707818,0.047156266042931216,0.9999999999999998,1.0,0.9999999999999998,68,8,2.0023276387018294,1,10,balanced,0,2,70,68,True,requested_slotframe_above_max (70 > 68),2.0023276387018294,False,False,False,True,0,675,49,1,0,energy
1784737909520.448,0.8,0.1,0.1,579.4583987441131,591.1111111111111,0.11589167974882261,628.0848369737258,816.5732826843937,0.04123314456128925,0.9999999999999998,1.0,0.9999999999999998,68,8,2.003163341744813,1,10,balanced,0,2,70,68,True,requested_slotframe_above_max (70 > 68),2.003163341744813,False,False,False,True,0,676,49,1,0,energy
1784737915113.981,0.8,0.1,0.1,579.8665620094191,591.7777777777778,0.11597331240188383,669.6106362773029,853.4298828743273,0.04400337800382274,0.9999999999999998,1.0,0.9999999999999998,68,8,2.0028210122781105,1,10,balanced,0,2,70,68,True,requested_slotframe_above_max (70 > 68),2.0028210122781105,False,False,False,True,0,677,49,1,0,energy
1784737917844.6218,0.8,0.1,0.1,579.1287284144427,590.7777777777778,0.11582574568288853,648.1472359058566,824.2063492063493,0.04257153008044407,0.9999999999999998,1.0,0.9999999999999998,68,8,2.0030822504456447,1,10,balanced,0,2,70,68,True,requested_slotframe_above_max (70 > 68),2.0030822504456447,False,False,False,True,0,678,49,1,0,energy
1784737920482.292,0.8,0.1,0.1,580.5211930926216,592.0,0.11610423861852433,778.2731877176321,1023.8651471984805,0.05125238076835438,0.9999999999999998,1.0,0.9999999999999998,68,8,2.0019913710283452,1,10,balanced,0,2,70,68,True,requested_slotframe_above_max (70 > 68),2.0019913710283452,False,False,False,True,0,679,49,1,0,energy
1784737923125.77,0.8,0.1,0.1,580.5211930926216,592.0,0.11610423861852433,702.0797720797722,868.8334916112694,0.046169431092713285,0.9999999999999998,1.0,0.9999999999999998,68,8,2.0024996659959093,1,10,balanced,0,2,70,68,True,requested_slotframe_above_max (70 > 68),2.0024996659959093,False,False,False,True,0,680,49,1,0,energy
1784737925763.822,0.8,0.1,0.1,580.5494505494505,592.2222222222222,0.1161098901098901,699.804526748971,862.5308641975308,0.04601764688118553,0.9999999999999998,1.0,0.9999999999999998,68,8,2.0025103232239694,1,10,balanced,0,2,70,68,True,requested_slotframe_above_max (70 > 68),2.0025103232239694,False,False,False,True,0,681,49,1,0,energy
1784737928505.3142,0.8,0.1,0.1,580.1554160125588,592.0,0.11603108320251176,704.9644225506294,873.435960591133,0.04636186941631951,0.9999999999999998,1.0,0.9999999999999998,68,8,2.0025389464963586,1,10,balanced,0,2,70,68,True,requested_slotframe_above_max (70 > 68),2.0025389464963586,False,False,False,True,0,682,49,1,0,energy
1784737931244.241,0.8,0.1,0.1,580.7912087912088,593.0,0.11615824175824176,653.9292556102899,832.6518883415436,0.04295725521082655,0.9999999999999998,1.0,0.9999999999999998,68,8,2.002777681072324,1,10,balanced,0,2,70,68,True,requested_slotframe_above_max (70 > 68),2.002777681072324,False,False,False,True,0,683,49,1,0,energy
1784737934082.239,0.8,0.1,0.1,491.5698587127158,531.5555555555555,0.09831397174254317,559.6069295101554,635.4862604540025,0.03666490523750203,0.8367346938775508,0.8888888888888888,0.8367346938775508,68,8,2.00135580146997,1,10,balanced,0,2,70,68,True,requested_slotframe_above_max (70 > 68),2.00135580146997,False,False,False,True,0,684,49,1,0,energy
1784737936723.8801,0.8,0.1,0.1,580.1773940345369,592.1111111111111,0.11603547880690737,691.113485280152,894.610636277303,0.04543785759040373,0.9999999999999998,1.0,0.9999999999999998,68,8,2.0026278311954337,1,10,balanced,0,2,70,68,True,requested_slotframe_above_max (70 > 68),2.0026278311954337,False,False,False,True,0,685,49,1,0,energy
1784737939356.476,0.8,0.1,0.1,580.0957613814755,591.2222222222222,0.11601915227629511,726.6872427983539,896.090534979424,0.04781102353558064,0.9999999999999998,1.0,0.9999999999999998,68,8,2.0024035758254057,1,10,balanced,0,2,70,68,True,requested_slotframe_above_max (70 > 68),2.0024035758254057,False,False,False,True,0,686,49,1,0,energy
1784737941994.721,0.8,0.1,0.1,578.5729984301412,589.6666666666666,0.11571459968602824,771.7655903767013,918.4488762266542,0.05081825152613084,0.9940694226408511,0.9958847736625513,0.9940694226408511,68,8,2.0017534373626495,1,10,balanced,0,2,70,68,True,requested_slotframe_above_max (70 > 68),2.0017534373626495,False,False,False,True,0,687,49,1,0,energy
1784737944732.707,0.8,0.1,0.1,579.4238618524332,591.3333333333334,0.11588477237048664,652.9891899288451,823.6124794745483,0.04289454235682756,0.9999999999999998,1.0,0.9999999999999998,68,8,2.003002727867928,1,10,balanced,0,2,70,68,True,requested_slotframe_above_max (70 > 68),2.003002727867928,False,False,False,True,0,688,49,1,0,energy
1784737950298.0498,0.8,0.1,0.1,580.7378335949763,593.0,0.11614756671899527,705.2579930357708,864.585311807534,0.04638145383827691,0.9999999999999998,1.0,0.9999999999999998,68,8,2.002443801240976,1,10,balanced,0,2,70,68,True,requested_slotframe_above_max (70 > 68),2.002443801240976,False,False,False,True,0,689,49,1,0,energy
1784737952931.585,0.8,0.1,0.1,582.2276295133438,593.2222222222222,0.11644552590266875,798.2921810699587,958.4188034188033,0.05258787065176509,0.9999999999999998,1.0,0.9999999999999998,68,8,2.0015847922126886,1,10,balanced,0,2,70,68,True,requested_slotframe_above_max (70 > 68),2.0015847922126886,False,False,False,True,0,690,49,1,0,energy
1784737955565.5798,0.8,0.1,0.1,581.5745682888539,593.5555555555555,0.11631491365777079,786.7489711934156,946.7489711934156,0.05181780995286295,0.9999999999999998,1.0,0.9999999999999998,68,8,2.001766288078497,1,10,balanced,0,2,70,68,True,requested_slotframe_above_max (70 > 68),2.001766288078497,False,False,False,True,0,691,49,1,0,energy
1784737958195.2332,0.8,0.1,0.1,580.734693877551,592.5555555555555,0.11614693877551019,733.2969294080405,916.1981639759417,0.04825196326938228,0.9999999999999998,1.0,0.9999999999999998,68,8,2.0022572526526536,1,10,balanced,0,2,70,68,True,requested_slotframe_above_max (70 > 68),2.0022572526526536,False,False,False,True,0,692,49,1,0,energy
1784737960834.545,0.8,0.1,0.1,580.7817896389324,592.5555555555555,0.11615635792778649,778.1481481481482,964.7325102880657,0.0512440392360339,0.9999999999999998,1.0,0.9999999999999998,68,8,2.001950509734167,1,10,balanced,0,2,70,68,True,requested_slotframe_above_max (70 > 68),2.001950509734167,False,False,False,True,0,693,49,1,0,energy
1784737963469.678,0.8,0.1,0.1,579.7268445839874,591.5555555555555,0.11594536891679748,663.4979423868313,850.0411522633744,0.043595593221269595,0.9999999999999998,1.0,0.9999999999999998,68,8,2.002884145544435,1,10,balanced,0,2,70,68,True,requested_slotframe_above_max (70 > 68),2.002884145544435,False,False,False,True,0,694,49,1,0,energy
1784737966208.637,0.8,0.1,0.1,580.2025117739403,591.8888888888889,0.11604050235478805,648.8620791015426,831.4570536601188,0.04261921808549317,0.9942812289751064,0.9960317460317459,0.9942812289751064,68,8,2.0023337992051307,1,10,balanced,0,2,70,68,True,requested_slotframe_above_max (70 > 68),2.0023337992051307,False,False,False,True,0,695,49,1,0,energy
1784737968850.421,0.8,0.1,0.1,580.2229199372056,590.7777777777778,0.11604458398744112,659.5679012345679,833.0041152263375,0.04333341569276637,0.9999999999999998,1.0,0.9999999999999998,68,8,2.0028309912407702,1,10,balanced,0,2,70,68,True,requested_slotframe_above_max (70 > 68),2.0028309912407702,False,False,False,True,0,696,49,1,0,energy
1784737971580.134,0.8,0.1,0.1,579.5463108320251,591.0,0.11590926216640503,669.4779693486589,817.999452654625,0.04399452764167171,0.9999999999999998,1.0,0.9999999999999998,68,8,2.002873137502709,1,10,balanced,0,2,70,68,True,requested_slotframe_above_max (70 > 68),2.002873137502709,False,False,False,True,0,697,49,1,0,energy
1784737974322.382,0.8,0.1,0.1,579.5698587127158,591.2222222222222,0.11591397174254316,701.2287903667215,872.616310892173,0.04611266113186934,0.9999999999999998,1.0,0.9999999999999998,68,8,2.0026575564927787,1,10,balanced,0,2,70,68,True,requested_slotframe_above_max (70 > 68),2.0026575564927787,False,False,False,True,0,698,49,1,0,energy
1784737976963.4211,0.8,0.1,0.1,579.9450549450548,591.3333333333334,0.11598901098901097,681.5075973409306,831.9104146881923,0.04479703784796068,0.9999999999999998,1.0,0.9999999999999998,68,8,2.002729087423995,1,10,balanced,0,2,70,68,True,requested_slotframe_above_max (70 > 68),2.002729087423995,False,False,False,True,0,699,49,1,0,energy
1784737979600.55,0.8,0.1,0.1,579.7613814756672,591.3333333333334,0.11595227629513345,716.440329218107,876.0082304526749,0.04712744024136804,0.9999999999999998,1.0,0.9999999999999998,68,8,2.0025254349397565,1,10,balanced,0,2,70,68,True,requested_slotframe_above_max (70 > 68),2.0025254349397565,False,False,False,True,0,700,49,1,0,energy
1784737985183.879,0.8,0.1,0.1,579.4693877551019,591.0,0.11589387755102039,728.8683127572017,882.0987654320988,0.04795652520061386,0.9999999999999998,1.0,0.9999999999999998,68,8,2.002489245439122,1,10,balanced,0,2,70,68,True,requested_slotframe_above_max (70 > 68),2.002489245439122,False,False,False,True,0,701,49,1,0,energy
1784737987824.647,0.8,0.1,0.1,579.7111459968602,591.4444444444445,0.11594222919937204,773.1948401392846,918.9411206077873,0.05091359840822445,0.9999999999999998,1.0,0.9999999999999998,68,8,2.00215485679968,1,10,balanced,0,2,70,68,True,requested_slotframe_above_max (70 > 68),2.00215485679968,False,False,False,True,0,702,49,1,0,energy
1784737990464.04,0.8,0.1,0.1,580.3987441130298,591.0,0.11607974882260597,817.1538800705466,950.1102292768961,0.05384615610877563,0.9999999999999998,1.0,0.9999999999999998,68,8,2.0017515853310375,1,10,balanced,0,2,70,68,True,requested_slotframe_above_max (70 > 68),2.0017515853310375,False,False,False,True,0,703,49,1,0,energy
1784737993100.22,0.8,0.1,0.1,581.4113029827315,593.6666666666666,0.1162822605965463,771.7702821869489,920.2895355673134,0.050818564522144685,0.9999999999999998,1.0,0.9999999999999998,68,8,2.0018923350705484,1,10,balanced,0,2,70,68,True,requested_slotframe_above_max (70 > 68),2.0018923350705484,False,False,False,True,0,704,49,1,0,energy
1784737995737.61,0.8,0.1,0.1,581.287284144427,593.6666666666666,0.11625745682888539,711.4454732510288,854.7707231040563,0.046794227701869834,0.9999999999999998,1.0,0.9999999999999998,68,8,2.0023146117667046,1,10,balanced,0,2,70,68,True,requested_slotframe_above_max (70 > 68),2.0023146117667046,False,False,False,True,0,705,49,1,0,energy
1784737998370.1912,0.8,0.1,0.1,580.6624803767661,592.1111111111111,0.11613249607535323,711.4648622981956,858.9379550490662,0.04679552116732459,0.9999999999999998,1.0,0.9999999999999998,68,8,2.002414451022985,1,10,balanced,0,2,70,68,True,requested_slotframe_above_max (70 > 68),2.002414451022985,False,False,False,True,0,706,49,1,0,energy
1784738036408.625,0.8,0.1,0.1,579.4756671899528,590.8888888888889,0.11589513343799056,677.9218106995885,844.5679012345679,0.04455782593059296,0.9999999999999998,1.0,0.9999999999999998,68,8,2.0028281106565484,1,10,balanced,0,2,70,68,True,requested_slotframe_above_max (70 > 68),2.0028281106565484,False,False,False,True,1,707,49,1,0,energy
1784738039044.5508,0.8,0.1,0.1,579.6938775510204,591.2222222222222,0.11593877551020407,653.7947135169356,821.7204811649256,0.042948279754298574,0.9999999999999998,1.0,0.9999999999999998,68,8,2.002954151616407,1,10,balanced,0,2,70,68,True,requested_slotframe_above_max (70 > 68),2.002954151616407,False,False,False,True,0,708,49,1,0,energy
1784738041677.498,0.8,0.1,0.1,579.2119309262166,591.5555555555555,0.11584238618524333,702.8331750553972,878.7116176005063,0.046219691464669595,0.9999999999999998,1.0,0.9999999999999998,68,8,2.0027041219053383,1,10,balanced,0,2,70,68,True,requested_slotframe_above_max (70 > 68),2.0027041219053383,False,False,False,True,0,709,49,1,0,energy
1784738044415.91,0.8,0.1,0.1,580.0753532182104,591.8888888888889,0.11601507064364207,645.6048166392993,819.9507389162561,0.042401922390880545,0.9999999999999998,1.0,0.9999999999999998,68,8,2.002947751245998,1,10,balanced,0,2,70,68,True,requested_slotframe_above_max (70 > 68),2.002947751245998,False,False,False,True,0,710,49,1,0,energy
1784738047054.5608,0.8,0.1,0.1,580.2794348508634,592.1111111111111,0.11605588697017268,695.5144032921811,861.8930041152263,0.04573144785137966,0.9999999999999998,1.0,0.9999999999999998,68,8,2.002582145638724,1,10,balanced,0,2,70,68,True,requested_slotframe_above_max (70 > 68),2.002582145638724,False,False,False,True,0,711,49,1,0,energy
1784738049694.402,0.8,0.1,0.1,579.3830455259027,590.4444444444445,0.11587660910518055,635.741532130421,816.0699588477366,0.04174393142964783,0.9999999999999998,1.0,0.9999999999999998,68,8,2.003124319572891,1,10,balanced,0,2,70,68,True,requested_slotframe_above_max (70 > 68),2.003124319572891,False,False,False,True,0,712,49,1,0,energy
1784738055299.713,0.8,0.1,0.1,579.7472527472527,591.4444444444445,0.11594945054945054,647.8600823045267,846.2139917695472,0.042552373736125866,0.9999999999999998,1.0,0.9999999999999998,68,8,2.002985202186827,1,10,balanced,0,2,70,68,True,requested_slotframe_above_max (70 > 68),2.002985202186827,False,False,False,True,0,713,49,1,0,energy
1784738057934.327,0.8,0.1,0.1,577.9733124018837,589.5555555555555,0.11559466248037675,709.6889838556506,869.1310541310542,0.04667705029057042,0.9999999999999998,1.0,0.9999999999999998,68,8,2.0028565649866414,1,10,balanced,0,2,70,68,True,requested_slotframe_above_max (70 > 68),2.0028565649866414,False,False,False,True,0,714,49,1,0,energy
1784738060572.639,0.8,0.1,0.1,579.6106750392464,591.2222222222222,0.11592213500784929,710.1084203861981,877.6654004431782,0.04670503137999987,0.9999999999999998,1.0,0.9999999999999998,68,8,2.0025917888557205,1,10,balanced,0,2,70,68,True,requested_slotframe_above_max (70 > 68),2.0025917888557205,False,False,False,True,0,715,49,1,0,energy
1784738063210.337,0.8,0.1,0.1,578.1978021978022,590.1111111111111,0.11563956043956043,739.4444444444443,896.4197530864197,0.048662071010303155,0.9999999999999998,1.0,0.9999999999999998,68,8,2.0026221445473213,1,10,balanced,0,2,70,68,True,requested_slotframe_above_max (70 > 68),2.0026221445473213,False,False,False,True,0,716,49,1,0,energy
1784738065851.0,0.8,0.1,0.1,583.4536891679749,595.0,0.11669073783359497,625.1638176638176,793.6609686609686,0.0410382800309418,0.9940694226408511,0.9958847736625516,0.9940694226408511,68,8,2.001950523994115,1,10,balanced,0,2,70,68,True,requested_slotframe_above_max (70 > 68),2.001950523994115,False,False,False,True,0,717,49,1,0,energy
1784738068492.1611,0.8,0.1,0.1,581.2919937205651,592.8888888888889,0.11625839874411302,708.8337742504408,874.672251616696,0.04661999828221753,0.9999999999999998,1.0,0.9999999999999998,68,8,2.0023312811764877,1,10,balanced,0,2,70,68,True,requested_slotframe_above_max (70 > 68),2.0023312811764877,False,False,False,True,0,718,49,1,0,energy
1784738071130.688,0.8,0.1,0.1,580.6923076923076,592.3333333333334,0.11613846153846152,755.7436801881246,911.7695473251028,0.0497494116202885,0.9999999999999998,1.0,0.9999999999999998,68,8,2.002114289607202,1,10,balanced,0,2,70,68,True,requested_slotframe_above_max (70 > 68),2.002114289607202,False,False,False,True,0,719,49,1,0,energy
1784738073759.728,0.8,0.1,0.1,581.010989010989,592.7777777777778,0.11620219780219779,715.6650499706055,871.3536155202821,0.04707572047835928,0.9999999999999998,1.0,0.9999999999999998,68,8,2.002330669710406,1,10,balanced,0,2,70,68,True,requested_slotframe_above_max (70 > 68),2.002330669710406,False,False,False,True,0,720,49,1,0,energy
1784738076497.762,0.8,0.1,0.1,578.0251177394035,589.4444444444445,0.1156050235478807,627.5161162804841,810.3163453546595,0.04119520455506898,0.9999999999999998,1.0,0.9999999999999998,68,8,2.0033964607061887,1,10,balanced,0,2,70,68,True,requested_slotframe_above_max (70 > 68),2.0033964607061887,False,False,False,True,0,721,49,1,0,energy
1784738079137.035,0.8,0.1,0.1,580.0219780219779,591.6666666666666,0.11600439560439559,684.9691358024692,842.6646090534979,0.045027961027516286,0.9999999999999998,1.0,0.9999999999999998,68,8,2.002693687413732,1,10,balanced,0,2,70,68,True,requested_slotframe_above_max (70 > 68),2.002693687413732,False,False,False,True,0,722,49,1,0,energy
1784738081776.8918,0.8,0.1,0.1,577.2543171114598,589.1111111111111,0.11545086342229197,632.9558404558404,805.4954099398544,0.041558094760229515,0.9999999999999998,1.0,0.9999999999999998,68,8,2.0034834997861433,1,10,balanced,0,2,70,68,True,requested_slotframe_above_max (70 > 68),2.0034834997861433,False,False,False,True,0,723,49,1,0,energy
1784738084418.224,0.8,0.1,0.1,579.4756671899529,591.5555555555555,0.11589513343799059,633.0041152263376,773.9917695473251,0.041561315225239336,0.9999999999999998,1.0,0.9999999999999998,68,8,2.0031277617270837,1,10,balanced,0,2,70,68,True,requested_slotframe_above_max (70 > 68),2.0031277617270837,False,False,False,True,0,724,49,1,0,energy
1784738087053.8162,0.8,0.1,0.1,578.4097331240188,590.0,0.11568194662480376,643.5390946502058,800.4938271604939,0.04226411572049405,0.9999999999999998,1.0,0.9999999999999998,68,8,2.0032280311281077,1,10,balanced,0,2,70,68,True,requested_slotframe_above_max (70 > 68),2.0032280311281077,False,False,False,True,0,725,49,1,0,energy
1784738092614.013,0.8,0.1,0.1,579.1098901098901,590.7777777777778,0.11582197802197802,676.6049382716049,827.5720164609054,0.04446997586868611,0.9999999999999998,1.0,0.9999999999999998,68,8,2.002895419995549,1,10,balanced,0,2,70,68,True,requested_slotframe_above_max (70 > 68),2.002895419995549,False,False,False,True,0,726,49,1,0,energy
1784738095254.472,0.8,0.1,0.1,580.0015698587126,591.8888888888889,0.11600031397174253,763.3539094650206,925.3086419753085,0.050257098696799236,0.9999999999999998,1.0,0.9999999999999998,68,8,2.002174038952926,1,10,balanced,0,2,70,68,True,requested_slotframe_above_max (70 > 68),2.002174038952926,False,False,False,True,0,727,49,1,0,energy
1784738097895.505,0.8,0.1,0.1,580.1240188383046,591.5555555555555,0.11602480376766092,658.477366255144,847.6543209876543,0.04326066486024977,0.9999999999999998,1.0,0.9999999999999998,68,8,2.0028540904998464,1,10,balanced,0,2,70,68,True,requested_slotframe_above_max (70 > 68),2.0028540904998464,False,False,False,True,0,728,49,1,0,energy
1784738100527.9429,0.8,0.1,0.1,579.8414442700157,591.2222222222222,0.11596828885400313,713.6989553656219,901.369104146882,0.04694456006441774,0.9999999999999998,1.0,0.9999999999999998,68,8,2.002530912910356,1,10,balanced,0,2,70,68,True,requested_slotframe_above_max (70 > 68),2.002530912910356,False,False,False,True,0,729,49,1,0,energy
1784738103169.955,0.8,0.1,0.1,577.9466248037677,590.0,0.11558932496075354,748.0658436213992,969.2592592592591,0.04923721438434951,0.9999999999999998,1.0,0.9999999999999998,68,8,2.002604818592962,1,10,balanced,0,2,70,68,True,requested_slotframe_above_max (70 > 68),2.002604818592962,False,False,False,True,0,730,49,1,0,energy
1784738105912.432,0.8,0.1,0.1,579.2464678178964,590.6666666666666,0.11584929356357927,754.2870826491516,951.2917350848386,0.04965224033683466,0.9999999999999998,1.0,0.9999999999999998,68,8,2.002355341115453,1,10,balanced,0,2,70,68,True,requested_slotframe_above_max (70 > 68),2.002355341115453,False,False,False,True,0,731,49,1,0,energy
1784738108553.093,0.8,0.1,0.1,579.7660910518053,591.6666666666666,0.11595321821036107,644.9999999999999,853.0864197530865,0.04236157438292194,0.9999999999999998,1.0,0.9999999999999998,68,8,2.003001267993419,1,10,balanced,0,2,70,68,True,requested_slotframe_above_max (70 > 68),2.003001267993419,False,False,False,True,0,732,49,1,0,energy
1784738111190.7092,0.8,0.1,0.1,579.0784929356357,590.5555555555555,0.11581569858712715,680.4099398543843,878.2684393795505,0.044723811864868866,0.9999999999999998,1.0,0.9999999999999998,68,8,2.002875059943811,1,10,balanced,0,2,70,68,True,requested_slotframe_above_max (70 > 68),2.002875059943811,False,False,False,True,0,733,49,1,0,energy
1784738113930.016,0.8,0.1,0.1,580.414442700157,591.4444444444445,0.1160828885400314,672.0514048531289,862.9328589673418,0.04416620445984849,0.9941690962099123,0.9960317460317462,0.9941690962099123,68,8,2.0021339783429815,1,10,balanced,0,2,70,68,True,requested_slotframe_above_max (70 > 68),2.0021339783429815,False,False,False,True,0,734,49,1,0,energy
1784738116671.1162,0.8,0.1,0.1,580.7362637362637,593.0,0.11614725274725274,731.4990421455939,896.6598248494801,0.04813202415914569,0.9999999999999998,1.0,0.9999999999999998,68,8,2.002268995386283,1,10,balanced,0,2,70,68,True,requested_slotframe_above_max (70 > 68),2.002268995386283,False,False,False,True,0,735,49,1,0,energy
1784738119312.8381,0.8,0.1,0.1,578.9136577708006,590.3333333333334,0.11578273155416012,691.065210509655,861.4593225704336,0.04543463712539393,0.9999999999999998,1.0,0.9999999999999998,68,8,2.0028303510441323,1,10,balanced,0,2,70,68,True,requested_slotframe_above_max (70 > 68),2.0028303510441323,False,False,False,True,0,736,49,1,0,energy
1784738122051.507,0.8,0.1,0.1,579.0784929356357,590.5555555555555,0.11581569858712715,707.3809523809524,890.6294471811713,0.04652307887798215,0.9999999999999998,1.0,0.9999999999999998,68,8,2.0026951332425,1,10,balanced,0,2,70,68,True,requested_slotframe_above_max (70 > 68),2.0026951332425,False,False,False,True,0,737,49,1,0,energy
1784738127622.2031,0.8,0.1,0.1,578.7802197802198,591.2222222222222,0.11575604395604396,703.6087369420702,884.349477682811,0.04627143008285992,0.9999999999999998,1.0,0.9999999999999998,68,8,2.0027680218268786,1,10,balanced,0,2,70,68,True,requested_slotframe_above_max (70 > 68),2.0027680218268786,False,False,False,True,0,738,49,1,0,energy
1784738130962.82,0.8,0.1,0.1,333.85714285714283,403.6666666666667,0.06677142857142856,377.8058943089431,380.70392953929536,0.024536750787788063,0.5604395604395604,0.6666666666666666,0.5604395604395604,68,8,2.0001731381080345,1,10,balanced,0,2,70,68,True,requested_slotframe_above_max (70 > 68),2.0001731381080345,False,False,False,True,0,739,49,1,0,energy
1784738133594.415,0.8,0.1,0.1,580.4505494505494,591.7777777777778,0.11609010989010987,679.2798353909465,846.7901234567902,0.04464842130693439,0.9999999999999998,1.0,0.9999999999999998,68,8,2.0026630699572188,1,10,balanced,0,2,70,68,True,requested_slotframe_above_max (70 > 68),2.0026630699572188,False,False,False,True,0,740,49,1,0,energy
1784738136234.7021,0.8,0.1,0.1,580.4050235478807,592.3333333333334,0.11608100470957614,718.4330484330485,900.800886356442,0.04726037681341218,0.9940694226408511,0.9958847736625516,0.9940694226408511,68,8,2.0018161008150828,1,10,balanced,0,2,70,68,True,requested_slotframe_above_max (70 > 68),2.0018161008150828,False,False,False,True,0,741,49,1,0,energy
1784738138869.967,0.8,0.1,0.1,580.4568288854002,592.7777777777778,0.11609136577708004,661.5020576131686,829.670781893004,0.04346244547119204,0.9999999999999998,1.0,0.9999999999999998,68,8,2.0027806628312166,1,10,balanced,0,2,70,68,True,requested_slotframe_above_max (70 > 68),2.0027806628312166,False,False,False,True,0,742,49,1,0,energy
1784738141600.881,0.8,0.1,0.1,579.9576138147565,591.8888888888889,0.11599152276295131,699.6100164203613,859.5484400656815,0.04600467087527427,0.9921507064364206,0.9923371647509579,0.9921507064364206,68,8,2.0018213853457536,1,10,balanced,0,2,70,68,True,requested_slotframe_above_max (70 > 68),2.0018213853457536,False,False,False,True,0,743,49,1,0,energy
1784738144242.177,0.8,0.1,0.1,579.9529042386185,590.7777777777778,0.1159905808477237,692.4050332383665,847.9692940804051,0.04552401822804313,0.9999999999999998,1.0,0.9999999999999998,68,8,2.0026551334990166,1,10,balanced,0,2,70,68,True,requested_slotframe_above_max (70 > 68),2.0026551334990166,False,False,False,True,0,744,49,1,0,energy
1784738147082.341,0.8,0.1,0.1,494.8697017268446,533.1111111111111,0.09897394034536892,577.3823178016726,681.5173237753884,0.0378507216678901,0.8398744113029826,0.8888888888888888,0.8398744113029826,68,8,2.001023216687214,1,10,balanced,0,2,70,68,True,requested_slotframe_above_max (70 > 68),2.001023216687214,False,False,False,True,0,745,49,1,0,energy
1784738149715.477,0.8,0.1,0.1,579.6923076923076,590.5555555555555,0.11593846153846152,703.9909781576449,869.2038619816398,0.04629692983039659,0.9999999999999998,1.0,0.9999999999999998,68,8,2.0026195377861913,1,10,balanced,0,2,70,68,True,requested_slotframe_above_max (70 > 68),2.0026195377861913,False,False,False,True,0,746,49,1,0,energy
1784738152357.422,0.8,0.1,0.1,579.6828885400314,591.2222222222222,0.11593657770800628,666.5020576131687,841.358024691358,0.04379600117499458,0.9999999999999998,1.0,0.9999999999999998,68,8,2.0028711377160957,1,10,balanced,0,2,70,68,True,requested_slotframe_above_max (70 > 68),2.0028711377160957,False,False,False,True,0,747,49,1,0,energy
1784738155000.123,0.8,0.1,0.1,581.5651491365776,593.1111111111111,0.11631302982731552,624.3178220955998,799.9525166191831,0.04098184270150766,0.9999999999999998,1.0,0.9999999999999998,68,8,2.002851391867997,1,10,balanced,0,2,70,68,True,requested_slotframe_above_max (70 > 68),2.002851391867997,False,False,False,True,0,748,49,1,0,energy
1784738157636.3088,0.8,0.1,0.1,579.8163265306122,591.4444444444445,0.11596326530612243,686.4775245330801,850.9781576448244,0.045128587360445636,0.9999999999999998,1.0,0.9999999999999998,68,8,2.0027165290190574,1,10,balanced,0,2,70,68,True,requested_slotframe_above_max (70 > 68),2.0027165290190574,False,False,False,True,0,749,49,1,0,energy
1784738163210.619,0.8,0.1,0.1,580.7943485086342,592.7777777777778,0.11615886970172686,655.9670781893003,824.320987654321,0.043093200679739846,0.9999999999999998,1.0,0.9999999999999998,68,8,2.0027635841706446,1,10,balanced,0,2,70,68,True,requested_slotframe_above_max (70 > 68),2.0027635841706446,False,False,False,True,0,750,49,1,0,energy
1784738165853.3362,0.8,0.1,0.1,579.7362637362637,591.8888888888889,0.11594725274725275,653.7258626147515,833.3143399810067,0.04294368663207148,0.9999999999999998,1.0,0.9999999999999998,68,8,2.0029478291389906,1,10,balanced,0,2,70,68,True,requested_slotframe_above_max (70 > 68),2.0029478291389906,False,False,False,True,0,751,49,1,0,energy
1784738168485.512,0.8,0.1,0.1,579.0361067503925,591.2222222222222,0.1158072213500785,632.5894270338714,800.3418803418804,0.04153365090286,0.9999999999999998,1.0,0.9999999999999998,68,8,2.0032008578296514,1,10,balanced,0,2,70,68,True,requested_slotframe_above_max (70 > 68),2.0032008578296514,False,False,False,True,0,752,49,1,0,energy
1784738171120.2952,0.8,0.1,0.1,579.359497645212,590.4444444444445,0.1158718995290424,630.9053497942386,788.4362139917695,0.041421304189075296,0.9999999999999998,1.0,0.9999999999999998,68,8,2.0031603499578585,1,10,balanced,0,2,70,68,True,requested_slotframe_above_max (70 > 68),2.0031603499578585,False,False,False,True,0,753,49,1,0,energy
1784738173855.232,0.8,0.1,0.1,581.8602825745683,593.4444444444445,0.11637205651491365,651.7460317460317,825.7936507936507,0.04281160985630632,0.9999999999999998,1.0,0.9999999999999998,68,8,2.0026211938024385,1,10,balanced,0,2,70,68,True,requested_slotframe_above_max (70 > 68),2.0026211938024385,False,False,False,True,0,754,49,1,0,energy
1784738176494.8909,0.8,0.1,0.1,581.4175824175824,592.7777777777778,0.11628351648351647,719.0393795504906,890.5540993985438,0.04730082585393533,0.9999999999999998,1.0,0.9999999999999998,68,8,2.002243104227793,1,10,balanced,0,2,70,68,True,requested_slotframe_above_max (70 > 68),2.002243104227793,False,False,False,True,0,755,49,1,0,energy
1784738179830.6938,0.8,0.1,0.1,389.11616954474096,394.77777777777777,0.07782323390894819,438.1552458381727,568.8062975867854,0.028562724872459817,0.6703296703296702,0.6666666666666666,0.6703296703296702,68,8,2.0019181074185624,1,10,balanced,0,2,70,68,True,requested_slotframe_above_max (70 > 68),2.0019181074185624,False,False,False,True,0,756,49,1,0,energy
1784738182873.778,0.8,0.1,0.1,425.3579277864992,463.55555555555554,0.08507158555729984,580.8730158730159,682.1904761904761,0.038083590118279914,0.7284144427001569,0.7777777777777778,0.7284144427001569,68,8,2.000975816812348,1,10,balanced,0,2,70,68,True,requested_slotframe_above_max (70 > 68),2.000975816812348,False,False,False,True,0,757,49,1,0,energy
1784738185606.0532,0.8,0.1,0.1,581.065934065934,592.2222222222222,0.1162131868131868,656.8548166392993,814.5019157088124,0.04315242272443624,0.9999999999999998,1.0,0.9999999999999998,68,8,2.002714208277007,1,10,balanced,0,2,70,68,True,requested_slotframe_above_max (70 > 68),2.002714208277007,False,False,False,True,0,758,49,1,0,energy
1784738188338.396,0.8,0.1,0.1,581.5981161695447,593.2222222222222,0.11631962323390894,669.0037553974336,848.2784467554583,0.043962892288020916,0.9942812289751064,0.9960317460317462,0.9942812289751064,68,8,2.0019761350815815,1,10,balanced,0,2,70,68,True,requested_slotframe_above_max (70 > 68),2.0019761350815815,False,False,False,True,0,759,49,1,0,energy
1784738191073.627,0.8,0.1,0.1,580.0627943485086,591.7777777777778,0.11601255886970173,705.1785714285714,864.9603174603175,0.0463761555322596,0.9999999999999998,1.0,0.9999999999999998,68,8,2.0025523373510126,1,10,balanced,0,2,70,68,True,requested_slotframe_above_max (70 > 68),2.0025523373510126,False,False,False,True,0,760,49,1,0,energy
1784738196646.618,0.8,0.1,0.1,581.938775510204,593.8888888888889,0.1163877551020408,691.4324153213042,849.7372586261475,0.045459133777271794,0.9999999999999998,1.0,0.9999999999999998,68,8,2.0023438825406403,1,10,balanced,0,2,70,68,True,requested_slotframe_above_max (70 > 68),2.0023438825406403,False,False,False,True,0,761,49,1,0,energy
1784738199385.885,0.8,0.1,0.1,581.7660910518052,593.1111111111111,0.11635321821036104,777.5561029009305,935.9633278598797,0.05120454322221017,0.9999999999999998,1.0,0.9999999999999998,68,8,2.0017969711094903,1,10,balanced,0,2,70,68,True,requested_slotframe_above_max (70 > 68),2.0017969711094903,False,False,False,True,0,762,49,1,0,energy
1784738202015.2942,0.8,0.1,0.1,580.6923076923076,592.2222222222222,0.11613846153846152,747.5039569484013,897.2792022792023,0.0491997302834157,0.9999999999999998,1.0,0.9999999999999998,68,8,2.0021692577408894,1,10,balanced,0,2,70,68,True,requested_slotframe_above_max (70 > 68),2.0021692577408894,False,False,False,True,0,763,49,1,0,energy
1784738204655.334,0.8,0.1,0.1,579.9952904238619,591.8888888888889,0.11599905808477237,723.2605254827477,892.241215574549,0.047582423314392774,0.9999999999999998,1.0,0.9999999999999998,68,8,2.002442511200743,1,10,balanced,0,2,70,68,True,requested_slotframe_above_max (70 > 68),2.002442511200743,False,False,False,True,0,764,49,1,0,energy
1784738207296.9229,0.8,0.1,0.1,581.1554160125588,592.5555555555555,0.11623108320251177,677.3005698005697,840.6315289648622,0.044516382241532336,0.9999999999999998,1.0,0.9999999999999998,68,8,2.0025634952138374,1,10,balanced,0,2,70,68,True,requested_slotframe_above_max (70 > 68),2.0025634952138374,False,False,False,True,0,765,49,1,0,energy
1784738209935.563,0.8,0.1,0.1,579.9968602825745,591.5555555555555,0.11599937205651491,600.7795188350744,767.0797720797722,0.03941157563943125,0.9999999999999998,1.0,0.9999999999999998,68,8,2.003259344790845,1,10,balanced,0,2,70,68,True,requested_slotframe_above_max (70 > 68),2.003259344790845,False,False,False,True,0,766,49,1,0,energy
1784738212576.288,0.8,0.1,0.1,579.6828885400314,591.3333333333334,0.11593657770800628,654.1555872111427,822.9249762583096,0.04297235405010959,0.9999999999999998,1.0,0.9999999999999998,68,8,2.002953502428584,1,10,balanced,0,2,70,68,True,requested_slotframe_above_max (70 > 68),2.002953502428584,False,False,False,True,0,767,49,1,0,energy
1784738215215.786,0.8,0.1,0.1,581.9529042386184,593.2222222222222,0.11639058084772369,709.2869578980689,876.1095283317504,0.046650230680324804,0.9999999999999998,1.0,0.9999999999999998,68,8,2.0022225122537884,1,10,balanced,0,2,70,68,True,requested_slotframe_above_max (70 > 68),2.0022225122537884,False,False,False,True,0,768,49,1,0,energy
1784738217843.5928,0.8,0.1,0.1,580.138147566719,591.1111111111111,0.1160276295133438,619.7736625514402,792.9218106995886,0.04067869663451903,0.9999999999999998,1.0,0.9999999999999998,68,8,2.003110026725873,1,10,balanced,0,2,70,68,True,requested_slotframe_above_max (70 > 68),2.003110026725873,False,False,False,True,0,769,49,1,0,energy
1784738220585.0278,0.8,0.1,0.1,580.8995290423861,592.3333333333334,0.11617990580847723,692.0730452674896,866.6534391534392,0.04550187093178717,0.9999999999999998,1.0,0.9999999999999998,68,8,2.0025058882600395,1,10,balanced,0,2,70,68,True,requested_slotframe_above_max (70 > 68),2.0025058882600395,False,False,False,True,0,770,49,1,0,energy
1784738223324.6519,0.8,0.1,0.1,579.8540031397174,592.3333333333334,0.11597080062794349,726.9562022339801,880.4997060552618,0.04782896612634957,0.9999999999999998,1.0,0.9999999999999998,68,8,2.0024404628850103,1,10,balanced,0,2,70,68,True,requested_slotframe_above_max (70 > 68),2.0024404628850103,False,False,False,True,0,771,49,1,0,energy
1784738225960.6272,0.8,0.1,0.1,579.2731554160125,590.4444444444445,0.1158546310832025,781.5447926559037,923.1307375751819,0.05147063326590418,0.9999999999999998,1.0,0.9999999999999998,68,8,2.0021692318068474,1,10,balanced,0,2,70,68,True,requested_slotframe_above_max (70 > 68),2.0021692318068474,False,False,False,True,0,772,49,1,0,energy
1784738231530.712,0.8,0.1,0.1,582.2291993720564,594.2222222222222,0.11644583987441129,678.3539094650206,835.8024691358027,0.044586651732156146,0.9999999999999998,1.0,0.9999999999999998,68,8,2.0023846629272555,1,10,balanced,0,2,70,68,True,requested_slotframe_above_max (70 > 68),2.0023846629272555,False,False,False,True,0,773,49,1,0,energy
1784738234170.775,0.8,0.1,0.1,580.1459968602826,591.7777777777778,0.11602919937205652,708.857289829512,865.2865961199294,0.046621567033323014,0.9999999999999998,1.0,0.9999999999999998,68,8,2.0025144837990223,1,10,balanced,0,2,70,68,True,requested_slotframe_above_max (70 > 68),2.0025144837990223,False,False,False,True,0,774,49,1,0,energy
1784738237211.677,0.8,0.1,0.1,424.32025117739397,462.44444444444446,0.0848640502354788,511.450176366843,624.110229276896,0.033452313299989524,0.7284144427001569,0.7777777777777778,0.7284144427001569,68,8,2.001604972751634,1,10,balanced,0,2,70,68,True,requested_slotframe_above_max (70 > 68),2.001604972751634,False,False,False,True,0,775,49,1,0,energy
1784738239848.805,0.8,0.1,0.1,580.2417582417582,591.0,0.11604835164835164,606.7378917378917,769.2893320671099,0.039809065492854685,0.9999999999999998,1.0,0.9999999999999998,68,8,2.0031804121320334,1,10,balanced,0,2,70,68,True,requested_slotframe_above_max (70 > 68),2.0031804121320334,False,False,False,True,0,776,49,1,0,energy
1784738242488.799,0.8,0.1,0.1,581.7739403453689,593.4444444444445,0.11635478806907379,615.7635214579659,791.7372134038801,0.040411175547562767,0.9999999999999998,1.0,0.9999999999999998,68,8,2.0028750519899847,1,10,balanced,0,2,70,68,True,requested_slotframe_above_max (70 > 68),2.0028750519899847,False,False,False,True,0,777,49,1,0,energy
1784738245126.144,0.8,0.1,0.1,579.1868131868132,589.8888888888889,0.11583736263736263,632.2457378012934,796.7078189300412,0.04151072300208762,0.9999999999999998,1.0,0.9999999999999998,68,8,2.0031790375899012,1,10,balanced,0,2,70,68,True,requested_slotframe_above_max (70 > 68),2.0031790375899012,False,False,False,True,0,778,49,1,0,energy
1784738247756.449,0.8,0.1,0.1,580.7299843014129,592.6666666666666,0.11614599686028257,609.0946502057612,765.4320987654321,0.03996628753874325,0.9999999999999998,1.0,0.9999999999999998,68,8,2.0030865737578996,1,10,balanced,0,2,70,68,True,requested_slotframe_above_max (70 > 68),2.0030865737578996,False,False,False,True,0,779,49,1,0,energy
1784738250391.621,0.8,0.1,0.1,580.6043956043956,592.4444444444445,0.11612087912087911,676.2337765115542,845.5444761000316,0.04444521524426646,0.9999999999999998,1.0,0.9999999999999998,68,8,2.00265877517887,1,10,balanced,0,2,70,68,True,requested_slotframe_above_max (70 > 68),2.00265877517887,False,False,False,True,0,780,49,1,0,energy
1784738253131.878,0.8,0.1,0.1,580.2354788069074,593.0,0.11604709576138147,621.7314105293032,819.7854710211033,0.04080930023544384,0.9999999999999998,1.0,0.9999999999999998,68,8,2.0030813933673506,1,10,balanced,0,2,70,68,True,requested_slotframe_above_max (70 > 68),2.0030813933673506,False,False,False,True,0,781,49,1,0,energy
1784738255875.429,0.8,0.1,0.1,580.8775510204081,592.6666666666666,0.11617551020408162,649.6031746031746,840.5158730158731,0.04266865741181952,0.9999999999999998,1.0,0.9999999999999998,68,8,2.002792726095553,1,10,balanced,0,2,70,68,True,requested_slotframe_above_max (70 > 68),2.002792726095553,False,False,False,True,0,782,49,1,0,energy
1784738258508.094,0.8,0.1,0.1,580.6043956043956,592.4444444444445,0.11612087912087911,633.9506172839506,813.2257043368154,0.041624457457234865,0.9999999999999998,1.0,0.9999999999999998,68,8,2.002940850957573,1,10,balanced,0,2,70,68,True,requested_slotframe_above_max (70 > 68),2.002940850957573,False,False,False,True,0,783,49,1,0,energy
1784738261352.5579,0.8,0.1,0.1,492.5902668759812,530.7777777777778,0.09851805337519623,586.5830346475507,691.9772998805257,0.03846451198449304,0.8398744113029826,0.8888888888888888,0.8398744113029826,68,8,2.001326547231692,1,10,balanced,0,2,70,68,True,requested_slotframe_above_max (70 > 68),2.001326547231692,False,False,False,True,0,784,49,1,0,energy
1784738266907.706,0.8,0.1,0.1,581.6718995290423,593.6666666666666,0.11633437990580846,681.4814814814813,868.5185185185185,0.04479529562918488,0.9999999999999998,1.0,0.9999999999999998,68,8,2.002452966512435,1,10,balanced,0,2,70,68,True,requested_slotframe_above_max (70 > 68),2.002452966512435,False,False,False,True,0,785,49,1,0,energy
1784738269644.269,0.8,0.1,0.1,579.1271585557299,590.6666666666666,0.11582543171114598,667.0197044334975,847.0949644225507,0.04383053398488976,0.9999999999999998,1.0,0.9999999999999998,68,8,2.002956601232594,1,10,balanced,0,2,70,68,True,requested_slotframe_above_max (70 > 68),2.002956601232594,False,False,False,True,0,786,49,1,0,energy
1784738272287.048,0.8,0.1,0.1,580.6844583987441,592.0,0.11613689167974883,761.7853751187084,925.1804368471035,0.05015245998123472,0.9999999999999998,1.0,0.9999999999999998,68,8,2.0020752406580775,1,10,balanced,0,2,70,68,True,requested_slotframe_above_max (70 > 68),2.0020752406580775,False,False,False,True,0,787,49,1,0,energy
1784738274926.946,0.8,0.1,0.1,580.3171114599686,592.6666666666666,0.11606342229199372,795.7407407407408,961.4814814814815,0.052417661156820596,0.9999999999999998,1.0,0.9999999999999998,68,8,2.001907496050723,1,10,balanced,0,2,70,68,True,requested_slotframe_above_max (70 > 68),2.001907496050723,False,False,False,True,0,788,49,1,0,energy
1784738277562.3628,0.8,0.1,0.1,578.1632653061224,589.8888888888889,0.11563265306122449,623.2921810699588,813.4567901234568,0.04091342101867637,0.9999999999999998,1.0,0.9999999999999998,68,8,2.003402535449153,1,10,balanced,0,2,70,68,True,requested_slotframe_above_max (70 > 68),2.003402535449153,False,False,False,True,0,789,49,1,0,energy
1784738280206.584,0.8,0.1,0.1,578.4756671899529,590.5555555555555,0.11569513343799058,750.3123162845385,930.1440329218108,0.04938707913839483,0.9999999999999998,1.0,0.9999999999999998,68,8,2.002505185335768,1,10,balanced,0,2,70,68,True,requested_slotframe_above_max (70 > 68),2.002505185335768,False,False,False,True,0,790,49,1,0,energy
1784738282947.4001,0.8,0.1,0.1,580.3453689167974,592.0,0.11606907378335948,711.8298059964726,873.937389770723,0.04681986697775001,0.9999999999999998,1.0,0.9999999999999998,68,8,2.0024627542755375,1,10,balanced,0,2,70,68,True,requested_slotframe_above_max (70 > 68),2.0024627542755375,False,False,False,True,0,791,49,1,0,energy
1784738285586.4739,0.8,0.1,0.1,578.6012558869702,590.3333333333334,0.11572025117739404,729.8638809749921,961.0984488762266,0.04802294069212756,0.9999999999999998,1.0,0.9999999999999998,68,8,2.002621504988872,1,10,balanced,0,2,70,68,True,requested_slotframe_above_max (70 > 68),2.002621504988872,False,False,False,True,0,792,49,1,0,energy
1784738323626.824,0.8,0.1,0.1,578.4709576138147,590.5555555555555,0.11569419152276293,598.6712567268122,783.5723330167775,0.039270931069166924,0.9999999999999998,1.0,0.9999999999999998,68,8,2.003517553674873,1,10,balanced,0,2,70,68,True,requested_slotframe_above_max (70 > 68),2.003517553674873,False,False,False,True,1,793,49,1,0,energy
1784738326264.622,0.8,0.1,0.1,578.5510204081631,590.0,0.11571020408163263,689.9750146972369,895.3409758965313,0.045361908919095195,0.9999999999999998,1.0,0.9999999999999998,68,8,2.0028956458427842,1,10,balanced,0,2,70,68,True,requested_slotframe_above_max (70 > 68),2.0028956458427842,False,False,False,True,0,794,49,1,0,energy
1784738329002.906,0.8,0.1,0.1,578.6263736263736,590.4444444444445,0.11572527472527472,623.3353858784893,790.0506294471811,0.04091630326073978,0.9999999999999998,1.0,0.9999999999999998,68,8,2.003328149893706,1,10,balanced,0,2,70,68,True,requested_slotframe_above_max (70 > 68),2.003328149893706,False,False,False,True,0,795,49,1,0,energy
1784738331644.422,0.8,0.1,0.1,580.3799058084771,592.1111111111111,0.11607598116169543,679.8971193415637,863.7037037037038,0.044689601023453214,0.9999999999999998,1.0,0.9999999999999998,68,8,2.002670254968298,1,10,balanced,0,2,70,68,True,requested_slotframe_above_max (70 > 68),2.002670254968298,False,False,False,True,0,796,49,1,0,energy
1784738334275.739,0.8,0.1,0.1,579.3124018838304,591.2222222222222,0.11586248037676608,729.2577895355673,900.8201058201058,0.04798250764079835,0.9999999999999998,1.0,0.9999999999999998,68,8,2.0025117649345074,1,10,balanced,0,2,70,68,True,requested_slotframe_above_max (70 > 68),2.0025117649345074,False,False,False,True,0,797,49,1,0,energy
1784738339868.5269,0.8,0.1,0.1,580.839874411303,592.5555555555555,0.11616797488226059,754.0138154027044,932.4426807760142,0.04963401036709169,0.9999999999999998,1.0,0.9999999999999998,68,8,2.002102219057482,1,10,balanced,0,2,70,68,True,requested_slotframe_above_max (70 > 68),2.002102219057482,False,False,False,True,0,798,49,1,0,energy
1784738342511.3398,0.8,0.1,0.1,580.4364207221349,592.5555555555555,0.11608728414442698,754.6553497942386,931.3477366255144,0.04967680785818804,0.9999999999999998,1.0,0.9999999999999998,68,8,2.0021624918986394,1,10,balanced,0,2,70,68,True,requested_slotframe_above_max (70 > 68),2.0021624918986394,False,False,False,True,0,799,49,1,0,energy
1784738345151.491,0.8,0.1,0.1,579.1287284144427,590.8888888888889,0.11582574568288853,795.7642563198119,968.7125220458553,0.05241922990792608,0.9999999999999998,1.0,0.9999999999999998,68,8,2.0020974804628966,1,10,balanced,0,2,70,68,True,requested_slotframe_above_max (70 > 68),2.0020974804628966,False,False,False,True,0,800,49,1,0,energy
1784738347791.562,0.8,0.1,0.1,576.9874411302982,588.7777777777778,0.11539748822605964,640.8827951883508,793.5857866413421,0.042086910953192176,0.9999999999999998,1.0,0.9999999999999998,68,8,2.003473318323833,1,10,balanced,0,2,70,68,True,requested_slotframe_above_max (70 > 68),2.003473318323833,False,False,False,True,0,801,49,1,0,energy
1784738350431.7478,0.8,0.1,0.1,581.5086342229199,593.1111111111111,0.11630172684458398,730.3409758965314,894.5208700764257,0.04805476823859449,0.9999999999999998,1.0,0.9999999999999998,68,8,2.0021531417004734,1,10,balanced,0,2,70,68,True,requested_slotframe_above_max (70 > 68),2.0021531417004734,False,False,False,True,0,802,49,1,0,energy
1784738353061.94,0.8,0.1,0.1,579.5981161695447,590.6666666666666,0.11591962323390895,611.5107628996517,786.6635011079456,0.04012746917275862,0.9999999999999998,1.0,0.9999999999999998,68,8,2.003251554495597,1,10,balanced,0,2,70,68,True,requested_slotframe_above_max (70 > 68),2.003251554495597,False,False,False,True,0,803,49,1,0,energy
1784738355701.396,0.8,0.1,0.1,580.480376766091,592.3333333333334,0.1160960753532182,684.0946502057615,867.8189300411523,0.044969623095781286,0.9999999999999998,1.0,0.9999999999999998,68,8,2.0026261774078473,1,10,balanced,0,2,70,68,True,requested_slotframe_above_max (70 > 68),2.0026261774078473,False,False,False,True,0,804,49,1,0,energy
1784738358330.81,0.8,0.1,0.1,579.9576138147567,591.2222222222222,0.11599152276295133,747.0900601456157,897.4311490978157,0.04917211875554474,0.9940694226408511,0.9958847736625516,0.9940694226408511,68,8,2.0016965121781696,1,10,balanced,0,2,70,68,True,requested_slotframe_above_max (70 > 68),2.0016965121781696,False,False,False,True,0,805,49,1,0,energy
1784738360971.739,0.8,0.1,0.1,581.2354788069073,592.7777777777778,0.11624709576138145,5005.151155428934,5400.03007280785,0.3332322318498288,0.9999999999999998,1.0,0.9999999999999998,68,8,1.973679100205912,1,10,balanced,0,2,70,68,True,requested_slotframe_above_max (70 > 68),1.973679100205912,False,False,False,True,0,806,49,1,0,energy
1784738363607.002,0.8,0.1,0.1,580.4945054945055,591.7777777777778,0.11609890109890109,672.8679962013294,829.0060145615702,0.04422068020022211,0.9999999999999998,1.0,0.9999999999999998,68,8,2.002698811100857,1,10,balanced,2,2,68,68,False,,2.002698811100857,False,False,False,True,0,807,49,1,0,energy
1784738366249.763,0.8,0.1,0.1,579.3108320251176,590.8888888888889,0.11586216640502353,682.9049088771311,824.7898295120517,0.04489025409453843,0.9999999999999998,1.0,0.9999999999999998,68,8,2.002821241466527,1,10,balanced,0,2,70,68,True,requested_slotframe_above_max (70 > 68),2.002821241466527,False,False,False,True,0,808,49,1,0,energy
1784738368890.052,0.8,0.1,0.1,580.8602825745683,592.8888888888889,0.11617205651491365,749.0456405734183,934.4461402794736,0.04930257775673237,0.9999999999999998,1.0,0.9999999999999998,68,8,2.002132097012396,1,10,balanced,0,2,70,68,True,requested_slotframe_above_max (70 > 68),2.002132097012396,False,False,False,True,0,809,49,1,0,energy
1784738374899.528,0.8,0.1,0.1,426.3218210361067,464.22222222222223,0.08526436420722135,511.9858906525573,616.589065255732,0.033488051411111226,0.7284144427001569,0.7777777777777778,0.7284144427001569,68,8,2.0012811477631276,1,10,balanced,0,2,70,68,True,requested_slotframe_above_max (70 > 68),2.0012811477631276,False,False,False,True,0,810,49,1,0,energy
1784738377538.396,0.8,0.1,0.1,579.9246467817895,591.5555555555555,0.1159849293563579,670.2444263555375,848.1401211956768,0.04404565886294446,0.9999999999999998,1.0,0.9999999999999998,68,8,2.0028074906286193,1,10,balanced,0,2,70,68,True,requested_slotframe_above_max (70 > 68),2.0028074906286193,False,False,False,True,0,811,49,1,0,energy
1784738380175.3582,0.8,0.1,0.1,578.7864992150705,589.2222222222222,0.11575729984301411,655.0205761316872,836.8724279835391,0.04303005844774431,0.9999999999999998,1.0,0.9999999999999998,68,8,2.0030911542808143,1,10,balanced,0,2,70,68,True,requested_slotframe_above_max (70 > 68),2.0030911542808143,False,False,False,True,0,812,49,1,0,energy
1784738382812.5588,0.8,0.1,0.1,577.9136577708006,589.5555555555555,0.11558273155416011,698.4884457106677,849.1832858499524,0.045929849613787044,0.9999999999999998,1.0,0.9999999999999998,68,8,2.002940829795293,1,10,balanced,0,2,70,68,True,requested_slotframe_above_max (70 > 68),2.002940829795293,False,False,False,True,0,813,49,1,0,energy
1784738385451.3372,0.8,0.1,0.1,581.3783359497645,592.4444444444445,0.1162756671899529,678.5390946502058,846.7078189300412,0.04459900564711179,0.9999999999999998,1.0,0.9999999999999998,68,8,2.0025195656833263,1,10,balanced,0,2,70,68,True,requested_slotframe_above_max (70 > 68),2.0025195656833263,False,False,False,True,0,814,49,1,0,energy
1784738388191.0442,0.8,0.1,0.1,578.8241758241758,590.0,0.11576483516483516,664.0202517788724,901.9704433497537,0.04363043707664259,0.9999999999999998,1.0,0.9999999999999998,68,8,2.0030250881604674,1,10,balanced,0,2,70,68,True,requested_slotframe_above_max (70 > 68),2.0030250881604674,False,False,False,True,0,815,49,1,0,energy
1784738390835.479,0.8,0.1,0.1,579.1962323390894,590.8888888888889,0.11583924646781789,708.3744855967078,883.5802469135803,0.046589358612188644,0.9999999999999998,1.0,0.9999999999999998,68,8,2.0026696669645268,1,10,balanced,0,2,70,68,True,requested_slotframe_above_max (70 > 68),2.0026696669645268,False,False,False,True,0,816,49,1,0,energy
1784738393477.386,0.8,0.1,0.1,577.9372056514914,589.2222222222222,0.11558744113029827,721.3319088319088,878.9015511237734,0.0474537630975256,0.9999999999999998,1.0,0.9999999999999998,68,8,2.0027846707860086,1,10,balanced,0,2,70,68,True,requested_slotframe_above_max (70 > 68),2.0027846707860086,False,False,False,True,0,817,49,1,0,energy
1784738396116.79,0.8,0.1,0.1,581.3485086342229,592.7777777777778,0.11626970172684457,720.3703703703704,906.7489711934156,0.04738961776987128,0.9999999999999998,1.0,0.9999999999999998,68,8,2.002245276841537,1,10,balanced,0,2,70,68,True,requested_slotframe_above_max (70 > 68),2.002245276841537,False,False,False,True,0,818,49,1,0,energy
1784738398760.9602,0.8,0.1,0.1,580.4317111459968,591.4444444444445,0.11608634222919936,660.4320987654321,831.8518518518518,0.04339106729589273,0.9999999999999998,1.0,0.9999999999999998,68,8,2.0027918194870513,1,10,balanced,0,2,70,68,True,requested_slotframe_above_max (70 > 68),2.0027918194870513,False,False,False,True,0,819,49,1,0,energy
1784738401402.159,0.8,0.1,0.1,580.2433281004709,592.0,0.11604866562009418,729.974675530231,900.8547008547008,0.0480303319232976,0.9999999999999998,1.0,0.9999999999999998,68,8,2.002358034311595,1,10,balanced,0,2,70,68,True,requested_slotframe_above_max (70 > 68),2.002358034311595,False,False,False,True,0,820,49,1,0,energy
1784738404145.59,0.8,0.1,0.1,580.3626373626373,592.1111111111111,0.11607252747252746,676.0627622696588,861.4933406312716,0.04443380668910332,0.9942812289751064,0.9960317460317459,0.9942812289751064,68,8,2.0021267202505784,1,10,balanced,0,2,70,68,True,requested_slotframe_above_max (70 > 68),2.0021267202505784,False,False,False,True,0,821,49,1,0,energy
1784738409823.045,0.8,0.1,0.1,579.7315541601256,591.6666666666666,0.11594631083202513,730.3762999452655,912.196223316913,0.04805712474618182,0.9999999999999998,1.0,0.9999999999999998,68,8,2.0024372388597618,1,10,balanced,0,2,70,68,True,requested_slotframe_above_max (70 > 68),2.0024372388597618,False,False,False,True,0,822,49,1,0,energy
1784738412452.146,0.8,0.1,0.1,581.0518053375196,592.8888888888889,0.11621036106750392,702.5435264324152,860.2200063311174,0.046200368674610755,0.9999999999999998,1.0,0.9999999999999998,68,8,2.0024116742785356,1,10,balanced,0,2,70,68,True,requested_slotframe_above_max (70 > 68),2.0024116742785356,False,False,False,True,0,823,49,1,0,energy
1784738415088.1902,0.8,0.1,0.1,579.8430141287283,591.4444444444445,0.11596860282574567,750.2263374485595,983.1687242798354,0.04938134339216541,0.9999999999999998,1.0,0.9999999999999998,68,8,2.002286983400187,1,10,balanced,0,2,70,68,True,requested_slotframe_above_max (70 > 68),2.002286983400187,False,False,False,True,0,824,49,1,0,energy
1784738417818.912,0.8,0.1,0.1,580.0784929356357,591.3333333333334,0.11601569858712714,746.7603995621237,981.7022441160373,0.04915012672195621,0.9999999999999998,1.0,0.9999999999999998,68,8,2.002272428458103,1,10,balanced,0,2,70,68,True,requested_slotframe_above_max (70 > 68),2.002272428458103,False,False,False,True,0,825,49,1,0,energy
1784738420556.927,0.8,0.1,0.1,579.3061224489795,591.0,0.11586122448979591,686.6235632183908,869.2624521072797,0.04513832976773788,0.9999999999999998,1.0,0.9999999999999998,68,8,2.0027971874313897,1,10,balanced,0,2,70,68,True,requested_slotframe_above_max (70 > 68),2.0027971874313897,False,False,False,True,0,826,49,1,0,energy
1784738423297.7368,0.8,0.1,0.1,578.7770800627943,590.6666666666666,0.11575541601255886,718.4048176529019,905.3855237284356,0.04725849350586404,0.9999999999999998,1.0,0.9999999999999998,68,8,2.0026698178393665,1,10,balanced,0,2,70,68,True,requested_slotframe_above_max (70 > 68),2.0026698178393665,False,False,False,True,0,827,49,1,0,energy
1784738426038.904,0.8,0.1,0.1,578.5039246467817,589.8888888888889,0.11570078492935634,713.5673234811165,893.0076628352491,0.046935778751241934,0.9999999999999998,1.0,0.9999999999999998,68,8,2.002745794181391,1,10,balanced,0,2,70,68,True,requested_slotframe_above_max (70 > 68),2.002745794181391,False,False,False,True,0,828,49,1,0,energy
1784738428679.2441,0.8,0.1,0.1,579.5510204081633,591.4444444444445,0.11591020408163265,1257.7326685660018,1628.2415321304209,0.08323766968418958,0.9978487121344262,0.9958847736625513,0.9978487121344262,68,8,1.9987329409797177,1,10,balanced,0,2,70,68,True,requested_slotframe_above_max (70 > 68),1.9987329409797177,False,False,False,True,0,829,49,1,0,energy
1784738431314.848,0.8,0.1,0.1,580.778649921507,591.4444444444445,0.11615572998430142,694.1144349477681,864.6771130104464,0.04563805436609527,0.9999999999999998,1.0,0.9999999999999998,68,8,2.0025116105759495,1,10,balanced,0,2,70,68,True,requested_slotframe_above_max (70 > 68),2.0025116105759495,False,False,False,True,0,830,49,1,0,energy
1784738434055.522,0.8,0.1,0.1,579.4709576138147,590.6666666666666,0.11589419152276294,694.3425013683633,859.8563218390805,0.04565326893718234,0.9999999999999998,1.0,0.9999999999999998,68,8,2.0027193198880715,1,10,balanced,0,2,70,68,True,requested_slotframe_above_max (70 > 68),2.0027193198880715,False,False,False,True,0,831,49,1,0,energy
1784738436696.127,0.8,0.1,0.1,580.4395604395604,592.4444444444445,0.11608791208791208,742.304526748971,892.1399176954733,0.04885287036350708,0.9999999999999998,1.0,0.9999999999999998,68,8,2.0022443832933194,1,10,balanced,0,2,70,68,True,requested_slotframe_above_max (70 > 68),2.0022443832933194,False,False,False,True,0,832,49,1,0,energy
1784738439439.4,0.8,0.1,0.1,579.4489795918367,590.7777777777778,0.11588979591836734,723.3045977011495,891.9129720853858,0.04758536342235821,0.9999999999999998,1.0,0.9999999999999998,68,8,2.0025296269230703,1,10,balanced,0,2,70,68,True,requested_slotframe_above_max (70 > 68),2.0025296269230703,False,False,False,True,0,833,49,1,0,energy
1784738445003.9648,0.8,0.1,0.1,580.4772370486655,591.6666666666666,0.1160954474097331,716.7489711934155,864.6090534979425,0.04714803009962745,0.9999999999999998,1.0,0.9999999999999998,68,8,2.0024088390622508,1,10,balanced,0,2,70,68,True,requested_slotframe_above_max (70 > 68),2.0024088390622508,False,False,False,True,0,834,49,1,0,energy
1784738447743.979,0.8,0.1,0.1,581.054945054945,592.4444444444445,0.11621098901098902,725.3441434044882,899.9384236453202,0.04772142384286113,0.9999999999999998,1.0,0.9999999999999998,68,8,2.0022590664069226,1,10,balanced,0,2,70,68,True,requested_slotframe_above_max (70 > 68),2.0022590664069226,False,False,False,True,0,835,49,1,0,energy
1784738450380.85,0.8,0.1,0.1,580.3971742543171,592.1111111111111,0.11607943485086342,658.395061728395,826.0082304526749,0.04325517423138059,0.9999999999999998,1.0,0.9999999999999998,68,8,2.0028109346961713,1,10,balanced,0,2,70,68,True,requested_slotframe_above_max (70 > 68),2.0028109346961713,False,False,False,True,0,836,49,1,0,energy
1784738453124.694,0.8,0.1,0.1,580.3124018838305,592.0,0.1160624803767661,679.2583470169677,853.6822660098522,0.04464698779299318,0.9999999999999998,1.0,0.9999999999999998,68,8,2.0026853169192878,1,10,balanced,0,2,70,68,True,requested_slotframe_above_max (70 > 68),2.0026853169192878,False,False,False,True,0,837,49,1,0,energy
1784738455767.735,0.8,0.1,0.1,580.5902668759811,593.0,0.11611805337519622,699.670781893004,872.9835390946503,0.04600872460927312,0.9999999999999998,1.0,0.9999999999999998,68,8,2.002504684838916,1,10,balanced,0,2,70,68,True,requested_slotframe_above_max (70 > 68),2.002504684838916,False,False,False,True,0,838,49,1,0,energy
1784738458409.6848,0.8,0.1,0.1,580.7535321821035,592.2222222222222,0.11615070643642071,731.6160177271288,928.065843621399,0.048139827733631006,0.9958718530147099,0.9958847736625513,0.9958718530147099,68,8,2.0018526373789713,1,10,balanced,0,2,70,68,True,requested_slotframe_above_max (70 > 68),2.0018526373789713,False,False,False,True,0,839,49,1,0,energy
1784738461244.885,0.8,0.1,0.1,493.66562009419147,532.2222222222222,0.0987331240188383,2685.5282412557162,2985.8957689613976,0.17848754111112183,0.8398744113029826,0.8888888888888888,0.8398744113029826,68,8,1.9871521878041154,1,10,balanced,0,2,70,68,True,requested_slotframe_above_max (70 > 68),1.9871521878041154,False,False,False,True,0,840,49,1,0,energy
1784738463881.541,0.8,0.1,0.1,580.734693877551,592.4444444444445,0.11614693877551019,708.9704020259575,856.5827793605572,0.04662911287698182,0.9999999999999998,1.0,0.9999999999999998,68,8,2.002419537691894,1,10,balanced,2,2,68,68,False,,2.002419537691894,False,False,False,True,0,841,49,1,0,energy
1784738466619.76,0.8,0.1,0.1,579.3076923076923,591.4444444444445,0.11586153846153845,775.5753968253969,911.9444444444445,0.05107240806040006,0.9999999999999998,1.0,0.9999999999999998,68,8,2.002203528424729,1,10,balanced,0,2,70,68,True,requested_slotframe_above_max (70 > 68),2.002203528424729,False,False,False,True,0,842,49,1,0,energy
1784738469365.226,0.8,0.1,0.1,581.2339089481947,593.0,0.11624678178963893,627.7510946907498,793.7972085385879,0.0412108802328719,0.9999999999999998,1.0,0.9999999999999998,68,8,2.0028814865450015,1,10,balanced,0,2,70,68,True,requested_slotframe_above_max (70 > 68),2.0028814865450015,False,False,False,True,0,843,49,1,0,energy
1784738472108.9548,0.8,0.1,0.1,580.9481946624803,592.4444444444445,0.11618963893249606,720.2380952380953,877.4603174603175,0.047380793544902954,0.9999999999999998,1.0,0.9999999999999998,68,8,2.002310209499513,1,10,balanced,0,2,70,68,True,requested_slotframe_above_max (70 > 68),2.002310209499513,False,False,False,True,0,844,49,1,0,energy
1784738474840.902,0.8,0.1,0.1,581.0235478806907,592.5555555555555,0.11620470957613814,768.6323207443897,930.9551176792556,0.05060922753464908,0.9999999999999998,1.0,0.9999999999999998,68,8,2.0019753095856245,1,10,balanced,0,2,70,68,True,requested_slotframe_above_max (70 > 68),2.0019753095856245,False,False,False,True,0,845,49,1,0,energy
1784738480407.25,0.8,0.1,0.1,580.1522762951334,592.2222222222222,0.1160304552590267,797.1604938271605,939.5884773662551,0.052512374504813907,0.9999999999999998,1.0,0.9999999999999998,68,8,2.001924398342297,1,10,balanced,0,2,70,68,True,requested_slotframe_above_max (70 > 68),2.001924398342297,False,False,False,True,0,846,49,1,0,energy
1784738483047.104,0.8,0.1,0.1,580.7284144427001,591.7777777777778,0.11614568288854002,716.5336566725455,870.2821869488536,0.04713366622231791,0.9999999999999998,1.0,0.9999999999999998,68,8,2.0023700870669363,1,10,balanced,0,2,70,68,True,requested_slotframe_above_max (70 > 68),2.0023700870669363,False,False,False,True,0,847,49,1,0,energy
1784738485685.7332,0.8,0.1,0.1,579.0737833594976,590.6666666666666,0.11581475667189953,796.8676796454574,936.1063627730296,0.052492840536721645,0.9999999999999998,1.0,0.9999999999999998,68,8,2.002098910608808,1,10,balanced,0,2,70,68,True,requested_slotframe_above_max (70 > 68),2.002098910608808,False,False,False,True,0,848,49,1,0,energy
1784738488324.7222,0.8,0.1,0.1,580.513343799058,592.0,0.11610266875981161,843.148148148148,1001.2757201646091,0.055580263385466844,0.9999999999999998,1.0,0.9999999999999998,68,8,2.001559838653604,1,10,balanced,0,2,70,68,True,requested_slotframe_above_max (70 > 68),2.001559838653604,False,False,False,True,0,849,49,1,0,energy
1784738491065.155,0.8,0.1,0.1,578.6750392464678,590.7777777777778,0.11573500784929357,666.1309523809523,808.3730158730158,0.043771244321611225,0.9999999999999998,1.0,0.9999999999999998,68,8,2.003034869288404,1,10,balanced,0,2,70,68,True,requested_slotframe_above_max (70 > 68),2.003034869288404,False,False,False,True,0,850,49,1,0,energy
1784738493708.579,0.8,0.1,0.1,581.2574568288854,592.5555555555555,0.11625149136577709,697.5546058879391,874.2149414371638,0.04586755209392523,0.9999999999999998,1.0,0.9999999999999998,68,8,2.002412051697986,1,10,balanced,0,2,70,68,True,requested_slotframe_above_max (70 > 68),2.002412051697986,False,False,False,True,0,851,49,1,0,energy
1784738496342.826,0.8,0.1,0.1,580.4992150706436,592.1111111111111,0.11609984301412872,724.5520734409623,884.1658752769864,0.047668583952032176,0.9999999999999998,1.0,0.9999999999999998,68,8,2.002353267193494,1,10,balanced,0,2,70,68,True,requested_slotframe_above_max (70 > 68),2.002353267193494,False,False,False,True,0,852,49,1,0,energy
1784738498985.786,0.8,0.1,0.1,578.1993720565149,589.2222222222222,0.11563987441130298,692.2000633111744,857.355175688509,0.04551034445037855,0.9898249898249896,0.9917695473251028,0.9898249898249896,68,8,2.0019195650084187,1,10,balanced,0,2,70,68,True,requested_slotframe_above_max (70 > 68),2.0019195650084187,False,False,False,True,0,853,49,1,0,energy
1784738501727.966,0.8,0.1,0.1,579.2747252747253,591.1111111111111,0.11585494505494505,769.6182266009853,936.651614668856,0.05067499843902504,0.9999999999999998,1.0,0.9999999999999998,68,8,2.0022485441121414,1,10,balanced,0,2,70,68,True,requested_slotframe_above_max (70 > 68),2.0022485441121414,False,False,False,True,0,854,49,1,0,energy
1784738504371.311,0.8,0.1,0.1,579.6420722135007,591.3333333333334,0.11592841444270013,725.843621399177,878.2304526748972,0.04775474458967158,0.9999999999999998,1.0,0.9999999999999998,68,8,2.0024817939868726,1,10,balanced,0,2,70,68,True,requested_slotframe_above_max (70 > 68),2.0024817939868726,False,False,False,True,0,855,49,1,0,energy
1784738507009.5789,0.8,0.1,0.1,581.2935635792778,592.7777777777778,0.11625871271585557,680.1440329218108,871.604938271605,0.04470607291006076,0.9999999999999998,1.0,0.9999999999999998,68,8,2.0025224225363094,1,10,balanced,0,2,70,68,True,requested_slotframe_above_max (70 > 68),2.0025224225363094,False,False,False,True,0,856,49,1,0,energy
1784738509748.024,0.8,0.1,0.1,579.7755102040816,591.4444444444445,0.11595510204081631,741.7959770114942,915.6951286261631,0.048818944430386535,0.9999999999999998,1.0,0.9999999999999998,68,8,2.0023540239243083,1,10,balanced,0,2,70,68,True,requested_slotframe_above_max (70 > 68),2.0023540239243083,False,False,False,True,0,857,49,1,0,energy
1784738515448.4028,0.8,0.1,0.1,580.7221350078493,592.1111111111111,0.11614442700156985,683.1040564373898,870.812757201646,0.04490353945546296,0.9999999999999998,1.0,0.9999999999999998,68,8,2.002594104453198,1,10,balanced,0,2,70,68,True,requested_slotframe_above_max (70 > 68),2.002594104453198,False,False,False,True,0,858,49,1,0,energy
1784738518091.53,0.8,0.1,0.1,580.9324960753531,592.8888888888889,0.11618649921507063,743.502690724913,905.9924026590694,0.04893280124916031,0.9999999999999998,1.0,0.9999999999999998,68,8,2.0021575205030273,1,10,balanced,0,2,70,68,True,requested_slotframe_above_max (70 > 68),2.0021575205030273,False,False,False,True,0,859,49,1,0,energy
1784738520832.876,0.8,0.1,0.1,580.8540031397174,592.3333333333334,0.11617080062794348,687.8366174055828,871.1015325670498,0.04521925399636977,0.9999999999999998,1.0,0.9999999999999998,68,8,2.002541434098008,1,10,balanced,0,2,70,68,True,requested_slotframe_above_max (70 > 68),2.002541434098008,False,False,False,True,0,860,49,1,0,energy
1784738523474.831,0.8,0.1,0.1,580.2527472527472,591.6666666666666,0.11605054945054945,757.5308641975308,930.5761316872429,0.04986863670430493,0.9999999999999998,1.0,0.9999999999999998,68,8,2.00217269676913,1,10,balanced,0,2,70,68,True,requested_slotframe_above_max (70 > 68),2.00217269676913,False,False,False,True,0,861,49,1,0,energy
1784738526104.4778,0.8,0.1,0.1,579.2339089481947,591.2222222222222,0.11584678178963893,716.6896169673947,883.5485913263692,0.04714407051150065,0.9999999999999998,1.0,0.9999999999999998,68,8,2.0026081675171388,1,10,balanced,0,2,70,68,True,requested_slotframe_above_max (70 > 68),2.0026081675171388,False,False,False,True,0,862,49,1,0,energy
1784738528745.321,0.8,0.1,0.1,578.8037676609105,590.5555555555555,0.1157607535321821,715.9472934472934,886.0715416270972,0.04709454926266134,0.9999999999999998,1.0,0.9999999999999998,68,8,2.002681942247988,1,10,balanced,0,2,70,68,True,requested_slotframe_above_max (70 > 68),2.002681942247988,False,False,False,True,0,863,49,1,0,energy
1784738531480.608,0.8,0.1,0.1,580.5729984301412,592.7777777777778,0.11611459968602823,767.7743568691844,934.6264367816091,0.05055199178580283,0.9999999999999998,1.0,0.9999999999999998,68,8,2.002053121072597,1,10,balanced,0,2,70,68,True,requested_slotframe_above_max (70 > 68),2.002053121072597,False,False,False,True,0,864,49,1,0,energy
1784738534119.66,0.8,0.1,0.1,581.6860282574568,593.8888888888889,0.11633720565149136,752.2450029394475,913.0878894767783,0.04951601086987642,0.9999999999999998,1.0,0.9999999999999998,68,8,2.0019786343918193,1,10,balanced,0,2,70,68,True,requested_slotframe_above_max (70 > 68),2.0019786343918193,False,False,False,True,0,865,49,1,0,energy
1784738536762.393,0.8,0.1,0.1,579.2637362637363,591.7777777777778,0.11585274725274726,687.8110161443494,836.4862298195633,0.04521754610702798,0.9940694226408511,0.9958847736625513,0.9940694226408511,68,8,2.0022029898511846,1,10,balanced,0,2,70,68,True,requested_slotframe_above_max (70 > 68),2.0022029898511846,False,False,False,True,0,866,49,1,0,energy
1784738539401.163,0.8,0.1,0.1,579.9010989010989,592.0,0.11598021978021977,770.5107289829512,972.9761904761904,0.05073453829105745,0.9999999999999998,1.0,0.9999999999999998,68,8,2.0021423703467183,1,10,balanced,0,2,70,68,True,requested_slotframe_above_max (70 > 68),2.0021423703467183,False,False,False,True,0,867,49,1,0,energy
1784738542046.3918,0.8,0.1,0.1,580.2464678178964,592.2222222222222,0.11604929356357928,711.7909148464704,892.8933206710984,0.04681727250476787,0.9999999999999998,1.0,0.9999999999999998,68,8,2.0024788378986598,1,10,balanced,0,2,70,68,True,requested_slotframe_above_max (70 > 68),2.0024788378986598,False,False,False,True,0,868,49,1,0,energy
1784738544677.0388,0.8,0.1,0.1,579.7833594976452,592.0,0.11595667189952903,703.9300411522632,889.3827160493827,0.04629286465325305,0.9999999999999998,1.0,0.9999999999999998,68,8,2.0026053760150515,1,10,balanced,0,2,70,68,True,requested_slotframe_above_max (70 > 68),2.0026053760150515,False,False,False,True,0,869,49,1,0,energy
1784738550246.844,0.8,0.1,0.1,580.0345368916797,592.1111111111111,0.11600690737833595,683.230452674897,853.1275720164608,0.044911971492654905,0.9999999999999998,1.0,0.9999999999999998,68,8,2.0027032769480657,1,10,balanced,0,2,70,68,True,requested_slotframe_above_max (70 > 68),2.0027032769480657,False,False,False,True,0,870,49,1,0,energy
1784738552890.457,0.8,0.1,0.1,579.054945054945,590.6666666666666,0.115810989010989,652.0361891195224,860.8346900013566,0.04283096658569196,0.9958718530147099,0.9958847736625513,0.9958718530147099,68,8,2.0026552974341105,1,10,balanced,0,2,70,68,True,requested_slotframe_above_max (70 > 68),2.0026552974341105,False,False,False,True,0,871,49,1,0,energy
1784738555532.54,0.8,0.1,0.1,579.8100470957613,591.4444444444445,0.11596200941915226,692.86957898069,846.6318455207344,0.045555008604448964,0.9999999999999998,1.0,0.9999999999999998,68,8,2.0026748916042334,1,10,balanced,0,2,70,68,True,requested_slotframe_above_max (70 > 68),2.0026748916042334,False,False,False,True,0,872,49,1,0,energy
1784738558272.824,0.8,0.1,0.1,580.9952904238619,593.1111111111111,0.11619905808477238,684.1892446633826,853.7889983579639,0.044975933599958814,0.9999999999999998,1.0,0.9999999999999998,68,8,2.0025431601721864,1,10,balanced,0,2,70,68,True,requested_slotframe_above_max (70 > 68),2.0025431601721864,False,False,False,True,0,873,49,1,0,energy
1784738560908.916,0.8,0.1,0.1,581.2072213500785,592.1111111111111,0.1162414442700157,668.8477366255144,826.2962962962964,0.043952484097766135,0.9999999999999998,1.0,0.9999999999999998,68,8,2.002611596174211,1,10,balanced,0,2,70,68,True,requested_slotframe_above_max (70 > 68),2.002611596174211,False,False,False,True,0,874,49,1,0,energy
1784738563549.113,0.8,0.1,0.1,579.7535321821036,591.0,0.11595070643642073,743.5018993352327,892.9993668882557,0.048932748454651946,0.9999999999999998,1.0,0.9999999999999998,68,8,2.002346160005398,1,10,balanced,0,2,70,68,True,requested_slotframe_above_max (70 > 68),2.002346160005398,False,False,False,True,0,875,49,1,0,energy
1784738566289.648,0.8,0.1,0.1,582.0266875981162,592.5555555555555,0.11640533751962323,806.7388351679539,946.0310365099637,0.05315135658225176,0.9944784279759649,0.9961685823754789,0.9944784279759649,68,8,2.001008437123673,1,10,balanced,0,2,70,68,True,requested_slotframe_above_max (70 > 68),2.001008437123673,False,False,False,True,0,876,49,1,0,energy
1784738568932.385,0.8,0.1,0.1,579.8775510204081,591.4444444444445,0.11597551020408162,3058.3637453081897,3255.3501334056887,0.20335982290248097,0.9919181347752775,0.9917695473251028,0.9919181347752775,68,8,1.9860754230240143,1,10,balanced,0,2,70,68,True,requested_slotframe_above_max (70 > 68),1.9860754230240143,False,False,False,True,0,877,49,1,0,energy
1784738571569.681,0.8,0.1,0.1,578.2605965463108,590.0,0.11565211930926216,644.5267489711933,808.4013928458373,0.042330003266924175,0.9999999999999998,1.0,0.9999999999999998,68,8,2.003245304225898,1,10,balanced,0,2,70,68,True,requested_slotframe_above_max (70 > 68),2.003245304225898,False,False,False,True,0,878,49,1,0,energy
1784738574212.124,0.8,0.1,0.1,578.5792778649922,590.5555555555555,0.11571585557299843,974.238683127572,1176.2139917695472,0.06432546251684937,0.9999999999999998,1.0,0.9999999999999998,68,8,2.000994769289916,1,10,balanced,0,2,70,68,True,requested_slotframe_above_max (70 > 68),2.000994769289916,False,False,False,True,0,879,49,1,0,energy
1784738576855.5952,0.8,0.1,0.1,578.8602825745683,590.4444444444445,0.11577205651491365,666.3991769547324,818.1893004115227,0.0437891378889081,0.9999999999999998,1.0,0.9999999999999998,68,8,2.003003440999178,1,10,balanced,0,2,70,68,True,requested_slotframe_above_max (70 > 68),2.003003440999178,False,False,False,True,0,880,49,1,0,energy
1784738579500.36,0.8,0.1,0.1,580.662480376766,593.1111111111111,0.1161324960753532,712.8379233934791,935.1630262741375,0.04688711963932482,0.9999999999999998,1.0,0.9999999999999998,68,8,2.002405291175785,1,10,balanced,0,2,70,68,True,requested_slotframe_above_max (70 > 68),2.002405291175785,False,False,False,True,0,881,49,1,0,energy
1784738585196.917,0.8,0.1,0.1,577.4348508634222,589.2222222222222,0.11548697017268443,664.9965790914067,896.6009852216749,0.04369556898541739,0.9999999999999998,1.0,0.9999999999999998,68,8,2.003240866963311,1,10,balanced,0,2,70,68,True,requested_slotframe_above_max (70 > 68),2.003240866963311,False,False,False,True,0,882,49,1,0,energy
1784738587827.7632,0.8,0.1,0.1,580.3437990580848,592.1111111111111,0.11606875981161695,751.5931804820694,932.4985302763081,0.04947252705017141,0.9999999999999998,1.0,0.9999999999999998,68,8,2.0021977394456894,1,10,balanced,0,2,70,68,True,requested_slotframe_above_max (70 > 68),2.0021977394456894,False,False,False,True,0,883,49,1,0,energy
1784738590468.76,0.8,0.1,0.1,581.386185243328,593.1111111111111,0.11627723704866559,736.6255144032922,893.2921810699588,0.048474016971533834,0.9999999999999998,1.0,0.9999999999999998,68,8,2.0021308086639142,1,10,balanced,0,2,70,68,True,requested_slotframe_above_max (70 > 68),2.0021308086639142,False,False,False,True,0,884,49,1,0,energy
1784738593207.657,0.8,0.1,0.1,580.2448979591836,591.5555555555555,0.11604897959183673,824.8173234811165,1006.4053092501368,0.05435739316084834,0.9999999999999998,1.0,0.9999999999999998,68,8,2.0017250770104456,1,10,balanced,0,2,70,68,True,requested_slotframe_above_max (70 > 68),2.0017250770104456,False,False,False,True,0,885,49,1,0,energy
1784738595848.1182,0.8,0.1,0.1,580.408163265306,591.6666666666666,0.1160816326530612,721.8566001899335,902.2253877809433,0.04748876585656661,0.9999999999999998,1.0,0.9999999999999998,68,8,2.0023858172918945,1,10,balanced,0,2,70,68,True,requested_slotframe_above_max (70 > 68),2.0023858172918945,False,False,False,True,0,886,49,1,0,energy
1784738598489.702,0.8,0.1,0.1,580.0816326530612,592.1111111111111,0.11601632653061224,768.8580246913579,926.3888888888889,0.050624284502425475,0.9999999999999998,1.0,0.9999999999999998,68,8,2.0021245103252676,1,10,balanced,0,2,70,68,True,requested_slotframe_above_max (70 > 68),2.0021245103252676,False,False,False,True,0,887,49,1,0,energy
1784738601124.8628,0.8,0.1,0.1,580.7598116169544,592.4444444444445,0.11615196232339088,800.3703703703704,965.8847736625515,0.052726509030711834,0.9999999999999998,1.0,0.9999999999999998,68,8,2.0018057792382162,1,10,balanced,0,2,70,68,True,requested_slotframe_above_max (70 > 68),2.0018057792382162,False,False,False,True,0,888,49,1,0,energy
1784738603770.193,0.8,0.1,0.1,579.4489795918366,591.3333333333334,0.11588979591836733,681.4118391896169,875.5270655270655,0.04479064971244943,0.9999999999999998,1.0,0.9999999999999998,68,8,2.002809098294061,1,10,balanced,0,2,70,68,True,requested_slotframe_above_max (70 > 68),2.002809098294061,False,False,False,True,0,889,49,1,0,energy
1784738606407.764,0.8,0.1,0.1,580.9811616954473,592.4444444444445,0.11619623233908946,695.3505856283633,876.5701171256727,0.04572051938814965,0.9958718530147099,0.9958847736625513,0.9958718530147099,68,8,2.0020581474913843,1,10,balanced,0,2,70,68,True,requested_slotframe_above_max (70 > 68),2.0020581474913843,False,False,False,True,0,890,49,1,0,energy
1784738609050.728,0.8,0.1,0.1,580.1287284144427,591.4444444444445,0.11602574568288854,639.3827160493827,800.5349794238684,0.04198683896260058,0.9999999999999998,1.0,0.9999999999999998,68,8,2.002980719557429,1,10,balanced,0,2,70,68,True,requested_slotframe_above_max (70 > 68),2.002980719557429,False,False,False,True,0,891,49,1,0,energy
1784738611691.895,0.8,0.1,0.1,577.6734693877551,589.6666666666666,0.11553469387755101,631.7157328268438,820.7913896802786,0.04147536576563334,0.9999999999999998,1.0,0.9999999999999998,68,8,2.0034247083213956,1,10,balanced,0,2,70,68,True,requested_slotframe_above_max (70 > 68),2.0034247083213956,False,False,False,True,0,892,49,1,0,energy
1784738614334.1392,0.8,0.1,0.1,580.6169544740973,591.8888888888889,0.11612339089481945,682.1921494143716,837.3551756885091,0.044842705097689894,0.9940694226408511,0.9958847736625516,0.9940694226408511,68,8,2.0020239590384605,1,10,balanced,0,2,70,68,True,requested_slotframe_above_max (70 > 68),2.0020239590384605,False,False,False,True,0,893,49,1,0,energy
1784738620140.021,0.8,0.1,0.1,493.98273155416007,532.3333333333334,0.09879654631083201,643.4016577060931,729.2495519713261,0.042254947145169655,0.8398744113029826,0.8888888888888888,0.8398744113029826,68,8,2.0007247093671157,1,10,balanced,0,2,70,68,True,requested_slotframe_above_max (70 > 68),2.0007247093671157,False,False,False,True,0,894,49,1,0,energy
1784738622782.872,0.8,0.1,0.1,579.5839874411303,591.5555555555555,0.11591679748822606,675.5650522317189,839.7420069642293,0.0444006038847044,0.9999999999999998,1.0,0.9999999999999998,68,8,2.0028265016209486,1,10,balanced,0,2,70,68,True,requested_slotframe_above_max (70 > 68),2.0028265016209486,False,False,False,True,0,895,49,1,0,energy
1784738625425.964,0.8,0.1,0.1,580.5384615384615,592.5555555555555,0.11610769230769231,689.5663184552072,871.3406141183918,0.04533464432656486,0.9999999999999998,1.0,0.9999999999999998,68,8,2.00258038172119,1,10,balanced,0,2,70,68,True,requested_slotframe_above_max (70 > 68),2.00258038172119,False,False,False,True,0,896,49,1,0,energy
1784738628269.406,0.8,0.1,0.1,492.4772370486656,531.8888888888889,0.09849544740973312,616.8930704898446,672.6439665471923,0.04048652905202432,0.8367346938775508,0.8888888888888888,0.8367346938775508,68,8,2.000828458554766,1,10,balanced,0,2,70,68,True,requested_slotframe_above_max (70 > 68),2.000828458554766,False,False,False,True,0,897,49,1,0,energy
1784738630913.389,0.8,0.1,0.1,579.596546310832,591.4444444444445,0.1159193092621664,701.4403292181071,870.246913580247,0.04612677312996045,0.9999999999999998,1.0,0.9999999999999998,68,8,2.002651875277271,1,10,balanced,0,2,70,68,True,requested_slotframe_above_max (70 > 68),2.002651875277271,False,False,False,True,0,898,49,1,0,energy
1784738633557.585,0.8,0.1,0.1,580.5368916797488,591.5555555555555,0.11610737833594977,687.1399176954732,856.090534979424,0.04517277636394084,0.9999999999999998,1.0,0.9999999999999998,68,8,2.0025968196948463,1,10,balanced,0,2,70,68,True,requested_slotframe_above_max (70 > 68),2.0025968196948463,False,False,False,True,0,899,49,1,0,energy
1784738636299.443,0.8,0.1,0.1,580.5290423861852,591.8888888888889,0.11610580847723705,709.5833333333334,871.1904761904763,0.046670002223704696,0.9999999999999998,1.0,0.9999999999999998,68,8,2.00244835299584,1,10,balanced,0,2,70,68,True,requested_slotframe_above_max (70 > 68),2.00244835299584,False,False,False,True,0,900,49,1,0,energy
1784738639046.9612,0.1,0.1,0.8,581.9309262166405,592.8888888888889,0.1163861852433281,670.8648056923919,836.1822660098521,0.044087045076210266,0.9999999999999998,1.0,0.9999999999999998,68,8,2.783952676968046,1,10,balanced,0,2,70,68,True,requested_slotframe_above_max (70 > 68),2.783952676968046,False,False,False,True,0,901,49,1,0,reliability
1784738641690.318,0.1,0.1,0.8,581.4348508634223,593.2222222222222,0.11628697017268445,665.1028806584362,820.4178537511872,0.04370266048421856,0.9999999999999998,1.0,0.9999999999999998,67,8,2.78400103693431,1,10,balanced,1,1,67,67,False,,2.78400103693431,False,False,False,True,0,902,49,1,0,reliability
1784738644332.875,0.1,0.1,0.8,582.2825745682889,594.0,0.11645651491365777,626.1585944919279,797.0085470085471,0.04110464272794716,0.9999999999999998,1.0,0.9999999999999998,65,8,2.7842438842358392,1,10,balanced,1,1,65,65,False,,2.7842438842358392,False,False,False,True,0,903,49,1,0,reliability
1784738647074.887,0.1,0.1,0.8,582.2982731554159,593.7777777777778,0.11645965463108318,1006.1631089217295,1168.2840722495896,0.06645517737970177,0.9999999999999998,1.0,0.9999999999999998,64,8,2.781708516798921,1,10,balanced,1,1,64,64,False,,2.781708516798921,False,False,False,True,0,904,49,1,0,reliability
1784738649812.531,0.1,0.1,0.8,584.1287284144427,597.3333333333334,0.11682574568288853,653.6015325670497,798.7370005473452,0.042935392432758485,0.9999999999999998,1.0,0.9999999999999998,61,8,2.784023886188435,1,10,balanced,1,1,61,61,False,,2.784023886188435,False,False,False,True,0,905,49,1,0,reliability
1784738655471.868,0.1,0.1,0.8,585.8618524332809,598.8888888888889,0.11717237048665617,653.4942680776014,786.1831275720165,0.0429282366963043,0.9999999999999998,1.0,0.9999999999999998,59,8,2.783989939281704,1,10,balanced,1,1,59,59,False,,2.783989939281704,False,False,False,True,0,906,49,1,0,reliability
1784738658214.243,0.1,0.1,0.8,587.2637362637362,600.2222222222222,0.11745274725274724,536.6085112205802,672.6067323481116,0.03513065451771716,0.9999999999999998,1.0,0.9999999999999998,58,8,2.7847416598229535,1,10,balanced,1,1,58,58,False,,2.7847416598229535,False,False,False,True,0,907,49,1,0,reliability
1784738660955.6702,0.1,0.1,0.8,587.4992150706436,601.7777777777778,0.11749984301412872,513.7103174603175,645.5952380952381,0.03360308989061491,0.9999999999999998,1.0,0.9999999999999998,56,8,2.7848897067095253,1,10,balanced,1,1,56,56,False,,2.7848897067095253,False,False,False,True,0,908,49,1,0,reliability
1784738663698.8772,0.1,0.1,0.8,589.0800627943485,603.2222222222222,0.1178160125588697,541.1809229864784,654.5194003527336,0.035435685322646994,0.9999999999999998,1.0,0.9999999999999998,55,8,2.784674830211848,1,10,balanced,1,1,55,55,False,,2.784674830211848,False,False,False,True,0,909,49,1,0,reliability
1784738666442.537,0.1,0.1,0.8,590.4364207221349,604.7777777777778,0.11808728414442698,535.077160493827,670.327748383304,0.03502849636383102,0.9999999999999998,1.0,0.9999999999999998,53,8,2.784688421949174,1,10,balanced,1,1,53,53,False,,2.784688421949174,False,False,False,True,0,910,49,1,0,reliability
1784738669278.7239,0.1,0.1,0.8,592.927786499215,607.6666666666666,0.118585557299843,715.4118773946361,772.6411238825032,0.04705883104700708,0.9569742426885282,0.9176954732510288,0.9569742426885282,52,8,2.7490149553161376,1,10,balanced,1,1,52,52,False,,2.7490149553161376,False,False,False,True,0,911,49,1,0,reliability
1784738672023.721,0.1,0.1,0.8,593.7660910518053,609.1111111111111,0.11875321821036107,526.7497060552615,650.9891240446797,0.03447296237860317,0.9999999999999998,1.0,0.9999999999999998,50,8,2.7846773819411035,1,10,balanced,1,1,50,50,False,,2.7846773819411035,False,False,False,True,0,912,49,1,0,reliability
1784738674767.562,0.1,0.1,0.8,593.3469387755101,609.4444444444445,0.11866938775510202,477.4154908877131,596.7636684303351,0.031181820606251708,0.9999999999999998,1.0,0.9999999999999998,49,8,2.7850148791638647,1,10,balanced,1,1,49,49,False,,2.7850148791638647,False,False,False,True,0,913,49,1,0,reliability
1784738677510.059,0.1,0.1,0.8,604.220351951033,603.0,0.12084407039020659,1501.5575576844806,1598.1152760819427,0.09950350618308743,0.9970245685624417,0.9958847736625513,0.9970245685624417,47,8,2.775584897192624,1,10,balanced,1,1,47,47,False,,2.775584897192624,False,False,False,True,0,914,49,1,0,reliability
1784738680246.092,0.1,0.1,0.8,597.8932496075353,614.5555555555555,0.11957864992150706,469.2086103197214,599.5789806900917,0.030634330241475743,0.9999999999999998,1.0,0.9999999999999998,46,8,2.7849787019837016,1,10,balanced,1,1,46,46,False,,2.7849787019837016,False,False,False,True,0,915,49,1,0,reliability
1784738682987.354,0.1,0.1,0.8,599.7660910518053,617.7777777777778,0.11995321821036108,402.7895355673133,505.8259847148736,0.02620343799648521,0.9999999999999998,1.0,0.9999999999999998,44,8,2.785384334379315,1,10,balanced,1,1,44,44,False,,2.785384334379315,False,False,False,True,0,916,49,1,0,reliability
1784738685718.3572,0.1,0.1,0.8,603.1365777080063,620.3333333333334,0.12062731554160125,416.3327002215891,506.1886672997785,0.027106917960079326,0.9999999999999998,1.0,0.9999999999999998,43,8,2.7852265766498316,1,10,balanced,1,1,43,43,False,,2.7852265766498316,False,False,False,True,0,917,49,1,0,reliability
1784738691521.183,0.1,0.1,0.8,606.0298273155415,624.6666666666666,0.1212059654631083,368.21360153256705,467.8639846743295,0.02389683799416725,0.9999999999999998,1.0,0.9999999999999998,41,8,2.7854897196542723,1,10,balanced,1,1,41,41,False,,2.7854897196542723,False,False,False,True,0,918,49,1,0,reliability
1784738694359.046,0.1,0.1,0.8,606.1742543171114,625.2222222222222,0.12123485086342227,395.5863437328954,521.056376573618,0.02572290485209442,0.9999999999999998,1.0,0.9999999999999998,40,8,2.7853042244284483,1,10,balanced,1,1,40,40,False,,2.7853042244284483,False,False,False,True,0,919,49,1,0,reliability
1784738697188.206,0.1,0.1,0.8,610.6609105180534,631.0,0.12213218210361067,351.1767925561029,458.2006020799124,0.022760293032428477,0.9999999999999998,1.0,0.9999999999999998,38,8,2.785510752486396,1,10,balanced,1,1,38,38,False,,2.785510752486396,False,False,False,True,0,920,49,1,0,reliability
1784738700027.709,0.1,0.1,0.8,610.6985871271585,631.2222222222222,0.1221397174254317,331.1076902025178,424.1078270388615,0.02142146032038144,0.9999999999999998,1.0,0.9999999999999998,37,8,2.7856438822254184,1,10,balanced,1,1,37,37,False,,2.7856438822254184,False,False,False,True,0,921,49,1,0,reliability
1784738702860.982,0.1,0.1,0.8,615.0596546310832,636.5555555555555,0.12301193092621664,310.86640211640207,391.49029982363317,0.020071140901694602,0.9999999999999998,1.0,0.9999999999999998,35,8,2.785691692817209,1,10,balanced,1,1,35,35,False,,2.785691692817209,False,False,False,True,0,922,49,1,0,reliability
1784738705699.537,0.1,0.1,0.8,615.8963893249606,638.5555555555555,0.12317927786499212,263.05776014109347,352.419165196943,0.016881771857311104,0.9999999999999998,1.0,0.9999999999999998,34,8,2.7859938950277696,1,10,balanced,1,1,34,34,False,,2.7859938950277696,False,False,False,True,0,923,49,1,0,reliability
1784738708534.966,0.1,0.1,0.8,621.065934065934,645.3333333333334,0.1242131868131868,276.33597883597884,355.18224573780134,0.017767576973714398,0.9999999999999998,1.0,0.9999999999999998,32,8,2.78580192362131,1,10,balanced,1,1,32,32,False,,2.78580192362131,False,False,False,True,0,924,49,1,0,reliability
1784738711478.6848,0.1,0.1,0.8,630.2417582417582,656.5555555555555,0.12604835164835165,248.66858237547893,320.73481116584566,0.015921853393961235,0.9999999999999998,1.0,0.9999999999999998,29,8,2.7858029794957684,1,10,balanced,1,1,29,29,False,,2.7858029794957684,False,False,False,True,0,925,49,1,0,reliability
1784738714407.998,0.1,0.1,0.8,634.0784929356357,660.8888888888889,0.12681569858712716,274.429012345679,339.7589653145208,0.017640361063754436,0.9999999999999998,1.0,0.9999999999999998,28,8,2.7855543940349117,1,10,balanced,1,1,28,28,False,,2.7855543940349117,False,False,False,True,0,926,49,1,0,reliability
1784738717849.0369,0.1,0.1,0.8,466.5337519623233,528.6666666666666,0.09330675039246467,1467.4126984126983,1505.7460317460318,0.09722566366995986,0.7205651491365777,0.7777777777777778,0.7205651491365777,26,8,2.5573988779030197,1,10,balanced,1,1,26,26,False,,2.5573988779030197,False,False,False,True,0,927,49,1,0,reliability
1784738720789.341,0.1,0.1,0.8,644.1569858712716,675.0,0.12883139717425432,240.88403880070544,308.57583774250446,0.015402537611788222,0.9999999999999998,1.0,0.9999999999999998,25,8,2.7855766065213956,1,10,balanced,1,1,25,25,False,,2.7855766065213956,False,False,False,True,0,928,49,1,0,reliability
1784738726667.613,0.1,0.1,0.8,653.6985871271585,686.7777777777778,0.1307397174254317,197.1747388414055,264.59639126305797,0.012486640349660141,0.9999999999999998,1.0,0.9999999999999998,23,8,2.7856773642224906,1,10,balanced,1,1,23,23,False,,2.7856773642224906,False,False,False,True,0,929,49,1,0,reliability
1784738729709.8179,0.1,0.1,0.8,658.0470957613815,692.5555555555555,0.13160941915227628,199.90299823633157,274.24456202233984,0.012668645646186229,0.9999999999999998,1.0,0.9999999999999998,22,8,2.785572193520154,1,10,balanced,1,1,22,22,False,,2.785572193520154,False,False,False,True,0,930,49,1,0,reliability
1784738732946.379,0.1,0.1,0.8,582.6357927786498,621.4444444444445,0.11652715855572997,172.54424283154123,222.17405913978493,0.010843511863344979,0.8885400313971741,0.8888888888888888,0.8885400313971741,20,8,2.6980949580758318,1,10,balanced,1,1,20,20,False,,2.6980949580758318,False,False,False,True,0,931,49,1,0,reliability
1784738735981.466,0.1,0.1,0.8,678.2841444270015,718.1111111111111,0.1356568288854003,175.17331433998098,225.55238999683445,0.01101890022281394,0.9999999999999998,1.0,0.9999999999999998,19,8,2.7853324270891786,1,10,balanced,1,1,19,19,False,,2.7853324270891786,False,False,False,True,0,932,49,1,0,reliability
1784738739119.411,0.1,0.1,0.8,692.2056514913658,737.1111111111111,0.13844113029827315,142.01866549088768,181.11111111111111,0.008807115776576897,0.9999999999999998,1.0,0.9999999999999998,17,8,2.7852751753925147,1,10,balanced,1,1,17,17,False,,2.7852751753925147,False,False,False,True,0,933,49,1,0,reliability
1784738742364.6582,0.1,0.1,0.8,703.2715855572998,750.2222222222222,0.14065431711145995,124.24603174603173,160.55555555555554,0.007621483105138875,0.9999999999999998,1.0,0.9999999999999998,16,8,2.78517241997834,1,10,balanced,1,1,16,16,False,,2.78517241997834,False,False,False,True,0,934,49,1,0,reliability
1784738745699.2842,0.1,0.1,0.8,726.5510204081631,780.0,0.14531020408163262,113.6897413286302,146.71516754850092,0.00691726092919481,0.9999999999999998,1.0,0.9999999999999998,14,8,2.784777253498917,1,10,balanced,1,1,14,14,False,,2.784777253498917,False,False,False,True,0,935,49,1,0,reliability
1784738749636.7249,0.1,0.1,0.8,584.116169544741,592.4444444444445,0.11682323390894819,85.88797130463797,124.31014347681013,0.00506257313573302,0.8304552590266874,0.7777777777777778,0.8304552590266874,13,8,2.6521756265168817,1,10,balanced,1,1,13,13,False,,2.6521756265168817,False,False,False,True,0,936,49,1,0,reliability
1784738753175.75,0.1,0.1,0.8,775.7660910518053,843.3333333333334,0.15515321821036107,83.91240446796002,103.18489124044679,0.0049307808184096075,0.9999999999999998,1.0,0.9999999999999998,11,8,2.7839916000971225,1,10,balanced,1,1,11,11,False,,2.7839916000971225,False,False,False,True,0,937,49,1,0,reliability
1784738756723.732,0.1,0.1,0.8,800.4489795918367,875.1111111111111,0.16008979591836736,80.82858499525166,97.01171256726813,0.004725055703485768,0.9999999999999998,1.0,0.9999999999999998,10,8,2.7835185148378145,1,10,balanced,1,1,10,10,False,,2.7835185148378145,False,False,False,True,0,938,49,1,0,reliability
1784738763486.754,0.1,0.1,0.8,711.9654631083203,813.4444444444445,0.14239309262166405,69.68518518518518,80.22222222222223,0.003981666790205816,0.8398744113029826,0.8888888888888888,0.8398744113029826,10,8,2.6572620531011992,1,10,balanced,1,2,8,10,True,requested_slotframe_below_minimum (8 < 10),2.6572620531011992,False,False,False,True,0,939,49,1,0,reliability
1784738767118.9138,0.1,0.1,0.8,799.0894819466247,874.0,0.15981789638932495,78.15990593768372,94.06231628453851,0.0045470250792317354,0.9999999999999998,1.0,0.9999999999999998,10,8,2.783563507853144,1,10,balanced,1,2,8,10,True,requested_slotframe_below_minimum (8 < 10),2.783563507853144,False,False,False,True,0,940,49,1,0,reliability
1784738770661.351,0.1,0.1,0.8,800.0204081632653,874.1111111111111,0.16000408163265306,78.57708135485913,95.125039569484,0.004574855327208748,0.9999999999999998,1.0,0.9999999999999998,10,8,2.7835421063040138,1,10,balanced,1,2,8,10,True,requested_slotframe_below_minimum (8 < 10),2.7835421063040138,False,False,False,True,0,941,49,1,0,reliability
1784738774300.168,0.1,0.1,0.8,797.7912087912088,873.5555555555555,0.15955824175824176,109.56360511916067,143.93761588206033,0.006642001675727863,0.9939531368102794,0.9958847736625513,0.9939531368102794,10,8,2.7785424851048264,1,10,balanced,1,2,8,10,True,requested_slotframe_below_minimum (8 < 10),2.7785424851048264,False,False,False,True,0,942,49,1,0,reliability
1784738777940.864,0.1,0.1,0.8,797.0800627943484,872.5555555555555,0.15941601255886967,85.39535567313344,109.27542621987067,0.005029710184998895,0.9999999999999998,1.0,0.9999999999999998,10,8,2.783555427725613,1,10,balanced,1,2,8,10,True,requested_slotframe_below_minimum (8 < 10),2.783555427725613,False,False,False,True,0,943,49,1,0,reliability
1784738781586.051,0.1,0.1,0.8,798.9576138147567,874.6666666666666,0.15979152276295133,78.06731334509112,94.34597295708406,0.004540848121753911,0.9999999999999998,1.0,0.9999999999999998,10,8,2.783566762911529,1,10,balanced,1,2,8,10,True,requested_slotframe_below_minimum (8 < 10),2.783566762911529,False,False,False,True,0,944,49,1,0,reliability
1784738785224.9502,0.1,0.1,0.8,798.4631083202512,873.8888888888889,0.15969262166405024,103.21722516166959,127.20017636684302,0.006218627429064015,0.9999999999999998,1.0,0.9999999999999998,10,8,2.7834088750906885,1,10,balanced,1,2,8,10,True,requested_slotframe_below_minimum (8 < 10),2.7834088750906885,False,False,False,True,0,945,49,1,0,reliability
1784738788858.8,0.1,0.1,0.8,799.1397174254317,874.6666666666666,0.15982794348508636,103.07686654908876,128.68900646678424,0.006209263945903186,0.9999999999999998,1.0,0.9999999999999998,10,8,2.783396279256901,1,10,balanced,1,2,8,10,True,requested_slotframe_below_minimum (8 < 10),2.783396279256901,False,False,False,True,0,946,49,1,0,reliability
1784738792499.415,0.1,0.1,0.8,798.3846153846154,873.6666666666666,0.15967692307692308,123.66769547325103,157.24426807760142,0.007582901632638494,0.9999999999999998,1.0,0.9999999999999998,10,8,2.7832740175290436,1,10,balanced,1,2,8,10,True,requested_slotframe_below_minimum (8 < 10),2.7832740175290436,False,False,False,True,0,947,49,1,0,reliability
1784738799080.496,0.1,0.1,0.8,798.7394034536891,873.5555555555555,0.1597478806907378,107.24500293944737,132.69694297472074,0.006487325079349391,0.9942812289751064,0.9960317460317459,0.9942812289751064,10,8,2.7788014626030764,1,10,balanced,1,2,8,10,True,requested_slotframe_below_minimum (8 < 10),2.7788014626030764,False,False,False,True,0,948,49,1,0,reliability
1784738802620.627,0.1,0.1,0.8,799.4536891679747,874.8888888888889,0.15989073783359495,110.15194681861348,138.66096866096868,0.006681250621655335,0.9999999999999998,1.0,0.9999999999999998,10,8,2.7833428011544745,1,10,balanced,1,2,8,10,True,requested_slotframe_below_minimum (8 < 10),2.7833428011544745,False,False,False,True,0,949,49,1,0,reliability
1784738806158.598,0.1,0.1,0.8,798.7927786499215,873.8888888888889,0.1597585557299843,98.58341247230135,120.45109211775879,0.005909500498485747,0.9999999999999998,1.0,0.9999999999999998,10,8,2.783433194377153,1,10,balanced,1,2,8,10,True,requested_slotframe_below_minimum (8 < 10),2.783433194377153,False,False,False,True,0,950,49,1,0,reliability
1784738809695.51,0.1,0.1,0.8,797.3171114599685,872.4444444444445,0.1594634222919937,129.17774612219057,163.98543842988286,0.007950483397077423,0.9999999999999998,1.0,0.9999999999999998,10,8,2.7832586094310927,1,10,balanced,1,2,8,10,True,requested_slotframe_below_minimum (8 < 10),2.7832586094310927,False,False,False,True,0,951,49,1,0,reliability
1784738813333.822,0.1,0.1,0.8,798.6043956043956,873.6666666666666,0.15972087912087912,107.58156966490299,140.19841269841268,0.006509777829546564,0.9999999999999998,1.0,0.9999999999999998,10,8,2.7833769343049575,1,10,balanced,1,2,8,10,True,requested_slotframe_below_minimum (8 < 10),2.7833769343049575,False,False,False,True,0,952,49,1,0,reliability
1784738816968.323,0.1,0.1,0.8,798.1821036106751,873.4444444444445,0.15963642072213502,111.6982657260435,148.32010582010582,0.006784407319949533,0.9999999999999998,1.0,0.9999999999999998,10,8,2.7833579171957914,1,10,balanced,1,2,8,10,True,requested_slotframe_below_minimum (8 < 10),2.7833579171957914,False,False,False,True,0,953,49,1,0,reliability
1784738820606.875,0.1,0.1,0.8,797.2496075353217,872.4444444444445,0.15944992150706436,118.35611405055849,172.97912992357436,0.0072285599766883585,0.9999999999999998,1.0,0.9999999999999998,10,8,2.7833321518516243,1,10,balanced,1,2,8,10,True,requested_slotframe_below_minimum (8 < 10),2.7833321518516243,False,False,False,True,0,954,49,1,0,reliability
1784738824243.658,0.1,0.1,0.8,799.2731554160124,874.2222222222222,0.15985463108320247,96.96270293492515,124.26943426943429,0.005801381116405947,0.9999999999999998,1.0,0.9999999999999998,10,8,2.783434398780039,1,10,balanced,1,2,8,10,True,requested_slotframe_below_minimum (8 < 10),2.783434398780039,False,False,False,True,0,955,49,1,0,reliability
1784738827882.607,0.1,0.1,0.8,797.921507064364,872.1111111111111,0.1595843014128728,124.303972776195,168.13616424727536,0.007625348417357905,0.9940694226408511,0.9958847736625516,0.9940694226408511,10,8,2.778534573129658,1,10,balanced,1,2,8,10,True,requested_slotframe_below_minimum (8 < 10),2.778534573129658,False,False,False,True,0,956,49,1,0,reliability
1784738834453.238,0.1,0.1,0.8,800.0596546310833,876.0,0.16001193092621666,93.6552028218695,113.35537918871252,0.005580734010798499,0.9999999999999998,1.0,0.9999999999999998,10,8,2.783440733506298,1,10,balanced,1,2,8,10,True,requested_slotframe_below_minimum (8 < 10),2.783440733506298,False,False,False,True,0,957,49,1,0,reliability
1784738837988.442,0.1,0.1,0.8,796.8445839874411,872.4444444444445,0.1593689167974882,100.1127888572333,126.76878759100981,0.006011526941776738,0.9999999999999998,1.0,0.9999999999999998,10,8,2.7834619556260733,1,10,balanced,1,2,8,10,True,requested_slotframe_below_minimum (8 < 10),2.7834619556260733,False,False,False,True,0,958,49,1,0,reliability
1784738841621.065,0.1,0.1,0.8,798.2637362637363,872.7777777777778,0.15965274725274725,107.46325690770134,128.91387419165196,0.00650188505054712,0.9999999999999998,1.0,0.9999999999999998,10,8,2.7833845367696703,1,10,balanced,1,2,8,10,True,requested_slotframe_below_minimum (8 < 10),2.7833845367696703,False,False,False,True,0,959,49,1,0,reliability
1784738845267.0369,0.1,0.1,0.8,797.7708006279435,872.6666666666666,0.15955416012558868,82.60214579659025,99.72369194591415,0.004843371967751184,0.9942812289751064,0.9960317460317462,0.9942812289751064,10,8,2.7789852299707514,1,10,balanced,1,2,8,10,True,requested_slotframe_below_minimum (8 < 10),2.7789852299707514,False,False,False,True,0,960,49,1,0,reliability
1784738848802.2349,0.1,0.1,0.8,797.9529042386184,872.6666666666666,0.15959058084772368,105.35533396644506,139.89395378284266,0.006361263106500671,0.9999999999999998,1.0,0.9999999999999998,10,8,2.7834048156045776,1,10,balanced,1,2,8,10,True,requested_slotframe_below_minimum (8 < 10),2.7834048156045776,False,False,False,True,0,961,49,1,0,reliability
1784738852335.45,0.1,0.1,0.8,796.337519623234,871.2222222222222,0.1592675039246468,88.65147198480531,117.29344729344729,0.005246929418599421,0.9999999999999998,1.0,0.9999999999999998,10,8,2.783548556665675,1,10,balanced,1,2,8,10,True,requested_slotframe_below_minimum (8 < 10),2.783548556665675,False,False,False,True,0,962,49,1,0,reliability
1784738855967.69,0.1,0.1,0.8,798.2715855572997,873.1111111111111,0.15965431711145994,91.74088771310991,119.45473251028807,0.005453027866118073,0.9999999999999998,1.0,0.9999999999999998,10,8,2.783489265502242,1,10,balanced,1,2,8,10,True,requested_slotframe_below_minimum (8 < 10),2.783489265502242,False,False,False,True,0,963,49,1,0,reliability
1784738859609.151,0.1,0.1,0.8,797.6797488226059,872.3333333333334,0.15953594976452118,91.55570252792475,116.08318636096413,0.005440673951162425,0.9999999999999998,1.0,0.9999999999999998,10,8,2.7835023376284314,1,10,balanced,1,2,8,10,True,requested_slotframe_below_minimum (8 < 10),2.7835023376284314,False,False,False,True,0,964,49,1,0,reliability
1784738863240.653,0.1,0.1,0.8,797.6200941915226,873.4444444444445,0.15952401883830453,95.35832994166327,121.76559037670148,0.0056943515638200985,0.9958718530147099,0.9958847736625513,0.9958718530147099,10,8,2.7801756453715556,1,10,balanced,1,2,8,10,True,requested_slotframe_below_minimum (8 < 10),2.7801756453715556,False,False,False,True,0,965,49,1,0,reliability
1784738869802.9211,0.1,0.1,0.8,795.4050235478807,870.2222222222222,0.15908100470957612,154.2144326866549,216.36390358612582,0.009620709318656098,0.988234365785386,0.9919165196942975,0.988234365785386,10,8,2.7737173212254858,1,10,balanced,1,2,8,10,True,requested_slotframe_below_minimum (8 < 10),2.7737173212254858,False,False,False,True,0,966,49,1,0,reliability
1784738873347.073,0.1,0.1,0.8,795.7770800627943,870.7777777777778,0.15915541601255886,152.85929091484647,209.5346628679962,0.009530306265166542,0.9999999999999998,1.0,0.9999999999999998,10,8,2.7831314277722274,1,10,balanced,1,2,8,10,True,requested_slotframe_below_minimum (8 < 10),2.7831314277722274,False,False,False,True,0,967,49,1,0,reliability
1784738876878.762,0.1,0.1,0.8,797.6483516483516,872.8888888888889,0.15952967032967033,140.0807217473884,195.7154162709718,0.008677833338718372,0.9999999999999998,1.0,0.9999999999999998,10,8,2.783179249633161,1,10,balanced,1,2,8,10,True,requested_slotframe_below_minimum (8 < 10),2.783179249633161,False,False,False,True,0,968,49,1,0,reliability
1784738880517.19,0.1,0.1,0.8,798.4411302982732,873.6666666666666,0.15968822605965463,1807.6253832587165,1741.6836295391852,0.11992163997723258,0.9717612319653135,0.9754556143445033,0.9717612319653135,10,8,2.749447998968562,1,10,balanced,1,2,8,10,True,requested_slotframe_below_minimum (8 < 10),2.749447998968562,False,False,False,True,0,969,49,1,0,reliability
1784738884158.447,0.1,0.1,0.8,796.9811616954473,871.8888888888889,0.15939623233908948,127.75940623162843,165.99353321575546,0.00785586432499189,0.9999999999999998,1.0,0.9999999999999998,10,8,2.783274790333592,1,10,balanced,1,2,8,10,True,requested_slotframe_below_minimum (8 < 10),2.783274790333592,False,False,False,True,0,970,49,1,0,reliability
1784738887693.405,0.1,0.1,0.8,798.668759811617,874.1111111111111,0.1597337519623234,78.50743906299462,95.72966128521685,0.00457020941047329,0.9999999999999998,1.0,0.9999999999999998,10,8,2.7835696038627202,1,10,balanced,1,2,8,10,True,requested_slotframe_below_minimum (8 < 10),2.7835696038627202,False,False,False,True,0,971,49,1,0,reliability
1784738891238.949,0.1,0.1,0.8,798.7974882260596,873.1111111111111,0.1597594976452119,100.50015827793605,139.90819879708772,0.0060373687977275554,0.9999999999999998,1.0,0.9999999999999998,10,8,2.783420313355706,1,10,balanced,1,2,8,10,True,requested_slotframe_below_minimum (8 < 10),2.783420313355706,False,False,False,True,0,972,49,1,0,reliability
1784738894889.5881,0.1,0.1,0.8,798.2323390894818,874.1111111111111,0.15964646781789635,88.7551440329218,112.45590828924162,0.00525384549919425,0.9999999999999998,1.0,0.9999999999999998,10,8,2.783509968668291,1,10,balanced,1,2,8,10,True,requested_slotframe_below_minimum (8 < 10),2.783509968668291,False,False,False,True,0,973,49,1,0,reliability
1784738898521.6848,0.1,0.1,0.8,797.2778649921506,871.8888888888889,0.15945557299843013,87.03924162257495,107.99235743680188,0.005139375691966307,0.9999999999999998,1.0,0.9999999999999998,10,8,2.78354050513096,1,10,balanced,1,2,8,10,True,requested_slotframe_below_minimum (8 < 10),2.78354050513096,False,False,False,True,0,974,49,1,0,reliability
1784738904994.841,0.1,0.1,0.8,797.3563579277863,872.4444444444445,0.15947127158555727,80.57613168724279,97.86008230452677,0.004708214255319733,0.9999999999999998,1.0,0.9999999999999998,10,8,2.783582051415912,1,10,balanced,1,2,8,10,True,requested_slotframe_below_minimum (8 < 10),2.783582051415912,False,False,False,True,0,975,49,1,0,reliability
1784738908525.2449,0.1,0.1,0.8,798.5321821036107,873.2222222222222,0.15970643642072213,87.19294080405191,115.31339031339033,0.005149629139696592,0.9999999999999998,1.0,0.9999999999999998,10,8,2.7835143934439577,1,10,balanced,1,2,8,10,True,requested_slotframe_below_minimum (8 < 10),2.7835143934439577,False,False,False,True,0,976,49,1,0,reliability
1784738947542.0798,0.1,0.1,0.8,799.1522762951334,873.6666666666666,0.1598304552590267,684.7504296115407,838.6998598109709,0.045013370888028065,0.9899724236458929,0.9919165196942975,0.9899724236458929,10,8,2.771493556302009,1,10,balanced,1,2,8,10,True,requested_slotframe_below_minimum (8 < 10),2.771493556302009,False,False,False,True,1,977,49,1,0,reliability
1784738951078.794,0.1,0.1,0.8,797.9560439560438,873.6666666666666,0.15959120879120875,89.4974675530231,115.37353592909147,0.0053033667480335625,0.9999999999999998,1.0,0.9999999999999998,10,8,2.7835105424460753,1,10,balanced,1,2,8,10,True,requested_slotframe_below_minimum (8 < 10),2.7835105424460753,False,False,False,True,0,978,49,1,0,reliability
1784738954624.872,0.1,0.1,0.8,796.259026687598,871.1111111111111,0.1592518053375196,91.72839506172839,121.76954732510288,0.005452194467093288,0.9999999999999998,1.0,0.9999999999999998,10,8,2.7835296000195386,1,10,balanced,1,2,8,10,True,requested_slotframe_below_minimum (8 < 10),2.7835296000195386,False,False,False,True,0,979,49,1,0,reliability
1784738958262.5981,0.1,0.1,0.8,798.1915227629513,873.8888888888889,0.15963830455259026,85.87522045855378,108.38771310993533,0.0050617225122450826,0.9999999999999998,1.0,0.9999999999999998,10,8,2.7835299972935164,1,10,balanced,1,2,8,10,True,requested_slotframe_below_minimum (8 < 10),2.7835299972935164,False,False,False,True,0,980,49,1,0,reliability
1784738961895.514,0.1,0.1,0.8,797.8524332810046,872.6666666666666,0.1595704866562009,114.37977660199881,147.8042328042328,0.006963293969446218,0.9999999999999998,1.0,0.9999999999999998,10,8,2.783346621937435,1,10,balanced,1,2,8,10,True,requested_slotframe_below_minimum (8 < 10),2.783346621937435,False,False,False,True,0,981,49,1,0,reliability
1784738965538.394,0.1,0.1,0.8,795.3406593406593,870.8888888888889,0.15906813186813185,198.76989779767558,229.05722877945098,0.012593055223327257,0.9898249898249896,0.9917695473251028,0.9898249898249896,10,8,2.774693873150846,1,10,balanced,1,2,8,10,True,requested_slotframe_below_minimum (8 < 10),2.774693873150846,False,False,False,True,0,982,49,1,0,reliability
1784738972104.301,0.1,0.1,0.8,798.3500784929356,872.7777777777778,0.15967001569858713,104.90667254556143,134.62815990593768,0.006331332391298294,0.9999999999999998,1.0,0.9999999999999998,10,8,2.7833998651910115,1,10,balanced,1,2,8,10,True,requested_slotframe_below_minimum (8 < 10),2.7833998651910115,False,False,False,True,0,983,49,1,0,reliability
1784738975645.7,0.1,0.1,0.8,797.425431711146,872.3333333333334,0.1594850863422292,106.73076923076923,137.71288382399496,0.006453019962025966,0.9999999999999998,1.0,0.9999999999999998,10,8,2.7834061893695745,1,10,balanced,1,2,8,10,True,requested_slotframe_below_minimum (8 < 10),2.7834061893695745,False,False,False,True,0,984,49,1,0,reliability
1784738979279.52,0.1,0.1,0.8,796.9450549450548,872.1111111111111,0.15938901098901095,120.49071812960702,153.9041514041514,0.007370961849873717,0.9958718530147099,0.9958847736625513,0.9958718530147099,10,8,2.7800214851278797,1,10,balanced,1,2,8,10,True,requested_slotframe_below_minimum (8 < 10),2.7800214851278797,False,False,False,True,0,985,49,1,0,reliability
1784738982809.9438,0.1,0.1,0.8,796.7503924646782,871.5555555555555,0.15935007849293564,139.66603355492245,191.13643558088,0.008650169016339056,0.9999999999999998,1.0,0.9999999999999998,10,8,2.7831999752490724,1,10,balanced,1,2,8,10,True,requested_slotframe_below_minimum (8 < 10),2.7831999752490724,False,False,False,True,0,986,49,1,0,reliability
1784738986449.524,0.1,0.1,0.8,796.74568288854,872.0,0.15934913657770802,113.1687242798354,155.96707818930042,0.006882503287514036,0.9999999999999998,1.0,0.9999999999999998,10,8,2.7833768360134776,1,10,balanced,1,2,8,10,True,requested_slotframe_below_minimum (8 < 10),2.7833768360134776,False,False,False,True,0,987,49,1,0,reliability
1784738990084.537,0.1,0.1,0.8,797.6891679748821,872.6666666666666,0.15953783359497642,167.38756613756613,205.8068783068783,0.010499504078556779,0.9999999999999998,1.0,0.9999999999999998,10,8,2.7829962662326464,1,10,balanced,1,2,8,10,True,requested_slotframe_below_minimum (8 < 10),2.7829962662326464,False,False,False,True,0,988,49,1,0,reliability
1784738993725.273,0.1,0.1,0.8,795.8006279434851,870.8888888888889,0.15916012558869702,128.81687242798353,165.01322751322752,0.007926409101266413,0.9999999999999998,1.0,0.9999999999999998,10,8,2.7832913465310036,1,10,balanced,1,2,8,10,True,requested_slotframe_below_minimum (8 < 10),2.7832913465310036,False,False,False,True,0,989,49,1,0,reliability
1784738997260.632,0.1,0.1,0.8,797.1758241758241,872.1111111111111,0.15943516483516482,110.77002215891105,145.207344096233,0.006722483132682525,0.9999999999999998,1.0,0.9999999999999998,10,8,2.783384235203215,1,10,balanced,1,2,8,10,True,requested_slotframe_below_minimum (8 < 10),2.783384235203215,False,False,False,True,0,990,49,1,0,reliability
1784739000898.814,0.1,0.1,0.8,797.5949764521192,872.5555555555555,0.15951899529042385,157.05510107176772,235.6666395333062,0.00981021354714928,0.9881388452817024,0.9917695473251028,0.9881388452817024,10,8,2.7735781553416046,1,10,balanced,1,2,8,10,True,requested_slotframe_below_minimum (8 < 10),2.7735781553416046,False,False,False,True,0,991,49,1,0,reliability
1784739007386.9219,0.1,0.1,0.8,796.6436420722134,872.0,0.15932872841444268,136.24248179803735,181.91199746755302,0.008421779973184614,0.9999999999999998,1.0,0.9999999999999998,10,8,2.7832249491612373,1,10,balanced,1,2,8,10,True,requested_slotframe_below_minimum (8 < 10),2.7832249491612373,False,False,False,True,0,992,49,1,0,reliability
1784739010936.2258,0.1,0.1,0.8,797.3799058084771,872.1111111111111,0.15947598116169542,122.87116176005065,160.85470085470087,0.007529763959976695,0.9999999999999998,1.0,0.9999999999999998,10,8,2.7832994254878325,1,10,balanced,1,2,8,10,True,requested_slotframe_below_minimum (8 < 10),2.7832994254878325,False,False,False,True,0,993,49,1,0,reliability
1784739014473.357,0.1,0.1,0.8,797.4458398744113,872.5555555555555,0.15948916797488225,152.55144032921808,228.8477366255144,0.009509769201415483,0.9999999999999998,1.0,0.9999999999999998,10,8,2.78310010628237,1,10,balanced,1,2,8,10,True,requested_slotframe_below_minimum (8 < 10),2.78310010628237,False,False,False,True,0,994,49,1,0,reliability
1784739018016.306,0.1,0.1,0.8,796.497645211931,871.6666666666666,0.1592995290423862,107.54273504273505,140.23899968344415,0.006507187127600737,0.9999999999999998,1.0,0.9999999999999998,10,8,2.783419328383001,1,10,balanced,1,2,8,10,True,requested_slotframe_below_minimum (8 < 10),2.783419328383001,False,False,False,True,0,995,49,1,0,reliability
1784739021649.498,0.1,0.1,0.8,797.9638932496075,872.8888888888889,0.1595927786499215,138.7610229276896,186.01116990005877,0.00858979472499597,0.9999999999999998,1.0,0.9999999999999998,10,8,2.7831817426625083,1,10,balanced,1,2,8,10,True,requested_slotframe_below_minimum (8 < 10),2.7831817426625083,False,False,False,True,0,996,49,1,0,reliability
1784739025291.0571,0.1,0.1,0.8,796.1632653061224,871.6666666666666,0.15923265306122447,110.23221634332747,143.18636096413871,0.006686605493217309,0.9942812289751064,0.9960317460317462,0.9942812289751064,10,8,2.7788330573246407,1,10,balanced,1,2,8,10,True,requested_slotframe_below_minimum (8 < 10),2.7788330573246407,False,False,False,True,0,997,49,1,0,reliability
1784739028834.207,0.1,0.1,0.8,797.0973312401883,872.0,0.15941946624803766,113.7037037037037,153.41563786008228,0.006918192375163688,0.9999999999999998,1.0,0.9999999999999998,10,8,2.78336623413768,1,10,balanced,1,2,8,10,True,requested_slotframe_below_minimum (8 < 10),2.78336623413768,False,False,False,True,0,998,49,1,0,reliability
1784739032469.521,0.1,0.1,0.8,797.4631083202512,872.7777777777778,0.15949262166405023,100.03894767783656,124.2283950617284,0.00600660091246408,0.9999999999999998,1.0,0.9999999999999998,10,8,2.7834500777423483,1,10,balanced,1,2,8,10,True,requested_slotframe_below_minimum (8 < 10),2.7834500777423483,False,False,False,True,0,999,49,1,0,reliability
1784739036003.72,0.1,0.1,0.8,799.3233908948195,873.7777777777778,0.15986467817896388,122.94238683127571,160.5761316872428,0.007534515465728866,0.9999999999999998,1.0,0.9999999999999998,10,8,2.7832600806355305,1,10,balanced,1,2,8,10,True,requested_slotframe_below_minimum (8 < 10),2.7832600806355305,False,False,False,True,0,1000,49,1,0,reliability
1784739042456.347,0.1,0.1,0.8,797.485086342229,871.8888888888889,0.1594970172684458,104.75308641975307,130.4320987654321,0.006321086485640632,0.9999999999999998,1.0,0.9999999999999998,10,8,2.7834181896245913,1,10,balanced,1,2,8,10,True,requested_slotframe_below_minimum (8 < 10),2.7834181896245913,False,False,False,True,0,1001,49,1,0,reliability
1784739046093.879,0.1,0.1,0.8,796.3500784929355,871.1111111111111,0.1592700156985871,173.01660787771897,218.2039976484421,0.010875023874430885,0.997925543843911,0.9960317460317462,0.997925543843911,10,8,2.781325931117827,1,10,balanced,1,2,8,10,True,requested_slotframe_below_minimum (8 < 10),2.781325931117827,False,False,False,True,0,1002,49,1,0,reliability
1784739049636.937,0.1,0.1,0.8,796.010989010989,871.3333333333334,0.1592021978021978,170.93621399176953,217.9138968027857,0.010736238425068014,0.9999999999999998,1.0,0.9999999999999998,10,8,2.783006156377273,1,10,balanced,1,2,8,10,True,requested_slotframe_below_minimum (8 < 10),2.783006156377273,False,False,False,True,0,1003,49,1,0,reliability
1784739053179.6829,0.1,0.1,0.8,798.1412872841444,873.5555555555555,0.15962825745682888,156.71098448876225,209.18012029123145,0.009787257137342378,0.9999999999999998,1.0,0.9999999999999998,10,8,2.783058448540583,1,10,balanced,1,2,8,10,True,requested_slotframe_below_minimum (8 < 10),2.783058448540583,False,False,False,True,0,1004,49,1,0,reliability
1784739056818.9531,0.1,0.1,0.8,797.5290423861852,873.0,0.15950580847723705,167.20238095238096,232.5793650793651,0.010487150163601132,0.9999999999999998,1.0,0.9999999999999998,10,8,2.783000704135916,1,10,balanced,1,2,8,10,True,requested_slotframe_below_minimum (8 < 10),2.783000704135916,False,False,False,True,0,1005,49,1,0,reliability
1784739060458.017,0.1,0.1,0.8,797.1397174254316,872.3333333333334,0.15942794348508632,166.9481187536743,200.2219282774838,0.010470188042273135,0.9999999999999998,1.0,0.9999999999999998,10,8,2.783010186847264,1,10,balanced,1,2,8,10,True,requested_slotframe_below_minimum (8 < 10),2.783010186847264,False,False,False,True,0,1006,49,1,0,reliability
1784739063994.975,0.1,0.1,0.8,799.7080062794349,874.6666666666666,0.159941601255887,81.74817980373535,100.0553972776195,0.004786402922197155,0.9999999999999998,1.0,0.9999999999999998,10,8,2.7835271995821915,1,10,balanced,1,2,8,10,True,requested_slotframe_below_minimum (8 < 10),2.7835271995821915,False,False,False,True,0,1007,49,1,0,reliability
1784739067528.648,0.1,0.1,0.8,798.5777080062793,873.6666666666666,0.15971554160125587,76.9681861348528,92.61949984172206,0.004467524091717998,0.9999999999999998,1.0,0.9999999999999998,10,8,2.7835816934307025,1,10,balanced,1,2,8,10,True,requested_slotframe_below_minimum (8 < 10),2.7835816934307025,False,False,False,True,0,1008,49,1,0,reliability
1784739071063.828,0.1,0.1,0.8,795.3594976452118,870.3333333333334,0.15907189952904235,95.664767331434,117.22855333966446,0.005714794351663376,0.9999999999999998,1.0,0.9999999999999998,10,8,2.7835213306119293,1,10,balanced,1,2,8,10,True,requested_slotframe_below_minimum (8 < 10),2.7835213306119293,False,False,False,True,0,1009,49,1,0,reliability
1784739074597.451,0.1,0.1,0.8,796.5604395604395,871.8888888888889,0.1593120879120879,129.81956315289648,174.4207027540361,0.007993299743355336,0.9999999999999998,1.0,0.9999999999999998,10,8,2.7832694612344557,1,10,balanced,1,2,8,10,True,requested_slotframe_below_minimum (8 < 10),2.7832694612344557,False,False,False,True,0,1010,49,1,0,reliability
1784739081089.9192,0.1,0.1,0.8,796.8351648351648,871.3333333333334,0.15936703296703297,141.3991769547325,179.72459639126308,0.008765788989641927,0.9999999999999998,1.0,0.9999999999999998,10,8,2.783186717804332,1,10,balanced,1,2,8,10,True,requested_slotframe_below_minimum (8 < 10),2.783186717804332,False,False,False,True,0,1011,49,1,0,reliability
1784739084626.6938,0.1,0.1,0.8,796.2464678178962,871.4444444444445,0.15924929356357925,111.8463121240899,138.75435264324153,0.006794283664048693,0.9999999999999998,1.0,0.9999999999999998,10,8,2.7833956422772372,1,10,balanced,1,2,8,10,True,requested_slotframe_below_minimum (8 < 10),2.7833956422772372,False,False,False,True,0,1012,49,1,0,reliability
1784739088162.873,0.1,0.1,0.8,797.0172684458397,871.8888888888889,0.15940345368916795,145.57771446660334,197.43114909781576,0.009044543993769402,0.9999999999999998,1.0,0.9999999999999998,10,8,2.783155200231706,1,10,balanced,1,2,8,10,True,requested_slotframe_below_minimum (8 < 10),2.783155200231706,False,False,False,True,0,1013,49,1,0,reliability
1784739091800.929,0.1,0.1,0.8,795.6985871271585,870.5555555555555,0.1591397174254317,167.07875457875457,223.56227106227107,0.01047890290718843,0.9885624579502129,0.9920634920634921,0.9885624579502129,10,8,2.7738881043269084,1,10,balanced,1,2,8,10,True,requested_slotframe_below_minimum (8 < 10),2.7738881043269084,False,False,False,True,0,1014,49,1,0,reliability
1784739095344.751,0.1,0.1,0.8,798.2967032967032,873.1111111111111,0.15965934065934065,193.6625514403292,268.3539094650206,0.01225233832156966,0.9999999999999998,1.0,0.9999999999999998,10,8,2.782808832101909,1,10,balanced,1,2,8,10,True,requested_slotframe_below_minimum (8 < 10),2.782808832101909,False,False,False,True,0,1015,49,1,0,reliability
1784739098984.498,0.1,0.1,0.8,795.8461538461538,871.1111111111111,0.15916923076923076,138.65079365079364,180.83333333333334,0.008582441204189035,0.9999999999999998,1.0,0.9999999999999998,10,8,2.7832248328026576,1,10,balanced,1,2,8,10,True,requested_slotframe_below_minimum (8 < 10),2.7832248328026576,False,False,False,True,0,1016,49,1,0,reliability
1784739102517.947,0.1,0.1,0.8,796.9905808477238,872.1111111111111,0.15939811616954475,139.11839189616967,175.98765432098764,0.008613635216555681,0.9999999999999998,1.0,0.9999999999999998,10,8,2.78319882486139,1,10,balanced,1,2,8,10,True,requested_slotframe_below_minimum (8 < 10),2.78319882486139,False,False,False,True,0,1017,49,1,0,reliability
1784739106147.909,0.1,0.1,0.8,797.1083202511774,871.7777777777778,0.15942166405023547,151.41274363496584,207.34635734635737,0.009433805445961696,0.9940694226408511,0.9958847736625516,0.9940694226408511,10,8,2.778369991163061,1,10,balanced,1,2,8,10,True,requested_slotframe_below_minimum (8 < 10),2.778369991163061,False,False,False,True,0,1018,49,1,0,reliability
1784739109791.41,0.1,0.1,0.8,796.3830455259026,871.0,0.15927660910518052,130.13741916519695,163.6081716637272,0.008014504280533486,0.9999999999999998,1.0,0.9999999999999998,10,8,2.7832708886614284,1,10,balanced,1,2,8,10,True,requested_slotframe_below_minimum (8 < 10),2.7832708886614284,False,False,False,True,0,1019,49,1,0,reliability
1784739116350.067,0.1,0.1,0.8,797.4615384615383,872.5555555555555,0.15949230769230766,155.46330212996878,218.42219508886177,0.009704022823880505,0.9940694226408511,0.9958847736625516,0.9940694226408511,10,8,2.778335905061062,1,10,balanced,1,2,8,10,True,requested_slotframe_below_minimum (8 < 10),2.778335905061062,False,False,False,True,0,1020,49,1,0,reliability
1784739119987.3208,0.1,0.1,0.8,797.3296703296702,872.1111111111111,0.15946593406593404,155.33549269660378,214.53488897933343,0.009695496510780773,0.9940694226408511,0.9958847736625513,0.9940694226408511,10,8,2.7783393950550095,1,10,balanced,1,2,8,10,True,requested_slotframe_below_minimum (8 < 10),2.7783393950550095,False,False,False,True,0,1021,49,1,0,reliability
1784739123629.3708,0.1,0.1,0.8,798.3783359497644,872.6666666666666,0.15967566718995288,436.0992402659069,554.1484647040203,0.02842556639532401,0.9977324263038547,0.9958847736625513,0.9977324263038547,10,8,2.779375817684556,1,10,balanced,1,2,8,10,True,requested_slotframe_below_minimum (8 < 10),2.779375817684556,False,False,False,True,0,1022,49,1,0,reliability
1784739127164.0479,0.1,0.1,0.8,796.2574568288853,871.4444444444445,0.15925149136577707,275.2619499841722,247.01804368471034,0.01769592728380068,0.9940694226408511,0.9958847736625513,0.9940694226408511,10,8,2.777560796247723,1,10,balanced,1,2,8,10,True,requested_slotframe_below_minimum (8 < 10),2.777560796247723,False,False,False,True,0,1023,49,1,0,reliability
1784739130702.8,0.1,0.1,0.8,798.7394034536891,873.3333333333334,0.1597478806907378,87.61158594491927,112.44697689142134,0.005177557434617696,0.9999999999999998,1.0,0.9999999999999998,10,8,2.7835074561874644,1,10,balanced,1,2,8,10,True,requested_slotframe_below_minimum (8 < 10),2.7835074561874644,False,False,False,True,0,1024,49,1,0,reliability
1784739134344.244,0.1,0.1,0.8,797.2951334379906,872.2222222222222,0.15945902668759812,102.21560846560845,133.94326866549088,0.006151808436665007,0.9999999999999998,1.0,0.9999999999999998,10,8,2.7834389164875732,1,10,balanced,1,2,8,10,True,requested_slotframe_below_minimum (8 < 10),2.7834389164875732,False,False,False,True,0,1025,49,1,0,reliability
1784739137886.982,0.1,0.1,0.8,797.6875981161695,873.4444444444445,0.1595375196232339,109.46502057613168,151.68724279835394,0.006635424988401046,0.9999999999999998,1.0,0.9999999999999998,10,8,2.7833827055388363,1,10,balanced,1,2,8,10,True,requested_slotframe_below_minimum (8 < 10),2.7833827055388363,False,False,False,True,0,1026,49,1,0,reliability
1784739141429.677,0.1,0.1,0.8,795.8838304552589,870.5555555555555,0.15917676609105177,122.10667932890154,182.5593542260209,0.007478764464903372,0.9999999999999998,1.0,0.9999999999999998,10,8,2.783334446944404,1,10,balanced,1,2,8,10,True,requested_slotframe_below_minimum (8 < 10),2.783334446944404,False,False,False,True,0,1027,49,1,0,reliability
1784739145067.047,0.1,0.1,0.8,797.8257456828884,872.2222222222222,0.15956514913657768,95.1190476190476,129.72222222222223,0.005678388767114583,0.9999999999999998,1.0,0.9999999999999998,10,8,2.783475646209631,1,10,balanced,1,2,8,10,True,requested_slotframe_below_minimum (8 < 10),2.783475646209631,False,False,False,True,0,1028,49,1,0,reliability
1784739151768.881,0.1,0.1,0.8,798.5400313971742,873.3333333333334,0.15970800627943482,78.17239858906525,93.37595532039977,0.004547858478256521,0.9999999999999998,1.0,0.9999999999999998,10,8,2.7835744135242306,1,10,balanced,1,2,8,10,True,requested_slotframe_below_minimum (8 < 10),2.7835744135242306,False,False,False,True,0,1029,49,1,0,reliability
1784739155411.376,0.1,0.1,0.8,799.3265306122448,873.7777777777778,0.15986530612244895,80.20429159318049,93.51557907113462,0.004683408378464342,0.9999999999999998,1.0,0.9999999999999998,10,8,2.7835451285499087,1,10,balanced,1,2,8,10,True,requested_slotframe_below_minimum (8 < 10),2.7835451285499087,False,False,False,True,0,1030,49,1,0,reliability
1784739158952.003,0.1,0.1,0.8,797.7613814756671,872.8888888888889,0.1595522762951334,78.78600823045267,95.26748971193416,0.004588793077415121,0.9999999999999998,1.0,0.9999999999999998,10,8,2.783585893062745,1,10,balanced,1,2,8,10,True,requested_slotframe_below_minimum (8 < 10),2.783585893062745,False,False,False,True,0,1031,49,1,0,reliability
1784739162480.884,0.1,0.1,0.8,799.5463108320253,874.4444444444445,0.15990926216640505,89.71984805318137,117.77144666033554,0.0053182020048820125,0.9999999999999998,1.0,0.9999999999999998,10,8,2.783477253582871,1,10,balanced,1,2,8,10,True,requested_slotframe_below_minimum (8 < 10),2.783477253582871,False,False,False,True,0,1032,49,1,0,reliability
1784739166119.195,0.1,0.1,0.8,799.7205651491365,874.7777777777778,0.1599441130298273,90.37551440329217,118.15255731922399,0.0053619422550561825,0.9999999999999998,1.0,0.9999999999999998,10,8,2.7834693944715116,1,10,balanced,1,2,8,10,True,requested_slotframe_below_minimum (8 < 10),2.7834693944715116,False,False,False,True,0,1033,49,1,0,reliability
1784739175269.892,0.1,0.1,0.8,797.0643642072214,872.8888888888889,0.1594128728414443,84.53941120607786,106.218740107629,0.004972609153173973,0.9999999999999998,1.0,0.9999999999999998,10,8,2.783561451800538,1,10,balanced,1,2,8,10,True,requested_slotframe_below_minimum (8 < 10),2.783561451800538,False,False,False,True,0,1034,49,1,0,reliability
1784739202250.864,0.1,0.1,0.8,799.3704866562009,873.6666666666666,0.1598740973312402,101.19816397594174,124.65337132003798,0.006083933554098848,0.9999999999999998,1.0,0.9999999999999998,10,8,2.783404196911466,1,10,balanced,1,2,8,10,True,requested_slotframe_below_minimum (8 < 10),2.783404196911466,False,False,False,True,0,1035,49,1,0,reliability
1784739229053.709,0.1,0.1,0.8,797.0455259026687,871.7777777777778,0.15940910518053375,100.40677429566318,122.54827477049697,0.006031139045741373,0.9999999999999998,1.0,0.9999999999999998,10,8,2.7834559755773722,1,10,balanced,1,2,8,10,True,requested_slotframe_below_minimum (8 < 10),2.7834559755773722,False,False,False,True,0,1036,49,1,0,reliability
1784739255880.2,0.1,0.1,0.8,797.9560439560439,872.8888888888889,0.15959120879120878,106.23140234251346,133.50269072491295,0.006419706627252399,0.9999999999999998,1.0,0.9999999999999998,10,8,2.7833989084581536,1,10,balanced,1,2,8,10,True,requested_slotframe_below_minimum (8 < 10),2.7833989084581536,False,False,False,True,0,1037,49,1,0,reliability
1784739279740.7988,0.1,0.1,0.8,798.1459968602826,873.1111111111111,0.15962919937205652,98.12361506805951,120.91959480848371,0.005878826889130054,0.9999999999999998,1.0,0.9999999999999998,10,8,2.7834491973738813,1,10,balanced,1,2,8,10,True,requested_slotframe_below_minimum (8 < 10),2.7834491973738813,False,False,False,True,0,1038,49,1,0,reliability
1784739306420.74,0.1,0.1,0.8,797.3971742543171,872.5555555555555,0.1594794348508634,111.77271288382398,140.38619816397593,0.006789373774771446,0.9999999999999998,1.0,0.9999999999999998,10,8,2.7833731191374365,1,10,balanced,1,2,8,10,True,requested_slotframe_below_minimum (8 < 10),2.7833731191374365,False,False,False,True,0,1039,49,1,0,reliability
1784739333311.136,0.1,0.1,0.8,798.5635792778648,874.5555555555555,0.15971271585557298,104.65495409939854,137.8695789806901,0.006314539966604305,0.9999999999999998,1.0,0.9999999999999998,10,8,2.783397274417782,1,10,balanced,1,2,8,10,True,requested_slotframe_below_minimum (8 < 10),2.783397274417782,False,False,False,True,0,1040,49,1,0,reliability
1784739360210.064,0.1,0.1,0.8,796.739403453689,871.8888888888889,0.1593478806907378,102.88224121557454,127.32510288065843,0.006196280267883558,0.9999999999999998,1.0,0.9999999999999998,10,8,2.783445583904138,1,10,balanced,1,2,8,10,True,requested_slotframe_below_minimum (8 < 10),2.783445583904138,False,False,False,True,0,1041,49,1,0,reliability
1784739384469.7622,0.1,0.1,0.8,797.386185243328,871.6666666666666,0.1594772370486656,130.75894270338713,172.0117125672681,0.008055966824775659,0.9824076150606762,0.9879482657260437,0.9824076150606762,10,8,2.769172771661197,1,10,balanced,1,2,8,10,True,requested_slotframe_below_minimum (8 < 10),2.769172771661197,False,False,False,True,0,1042,49,1,0,reliability
1784739411463.5142,0.1,0.1,0.8,796.7551020408162,871.8888888888889,0.15935102040816324,112.14941437163658,147.94871794871793,0.006814503960749605,0.9999999999999998,1.0,0.9999999999999998,10,8,2.7833834475631085,1,10,balanced,1,2,8,10,True,requested_slotframe_below_minimum (8 < 10),2.7833834475631085,False,False,False,True,0,1043,49,1,0,reliability
1784739438055.439,0.1,0.1,0.8,797.2260596546311,872.3333333333334,0.1594452119309262,106.98322253877808,131.57803102247547,0.006469861410192,0.9999999999999998,1.0,0.9999999999999998,10,8,2.783408492665888,1,10,balanced,1,2,8,10,True,requested_slotframe_below_minimum (8 < 10),2.783408492665888,False,False,False,True,0,1044,49,1,0,reliability
1784739461809.489,0.1,0.1,0.8,798.7158555729984,872.3333333333334,0.15974317111459968,97.76511554289331,124.47768281101614,0.0058549109768441165,0.9999999999999998,1.0,0.9999999999999998,10,8,2.7834401917908553,1,10,balanced,1,2,8,10,True,requested_slotframe_below_minimum (8 < 10),2.7834401917908553,False,False,False,True,0,1045,49,1,0,reliability
1784739488496.988,0.1,0.1,0.8,798.4536891679747,873.2222222222222,0.15969073783359494,114.41437163659387,142.4897119341564,0.0069656018436687036,0.9999999999999998,1.0,0.9999999999999998,10,8,2.7833343660322734,1,10,balanced,1,2,8,10,True,requested_slotframe_below_minimum (8 < 10),2.7833343660322734,False,False,False,True,0,1046,49,1,0,reliability
1784739515090.041,0.1,0.1,0.8,798.4960753532181,873.3333333333334,0.1596992150706436,114.59322570433682,139.3763849319405,0.006977533402557493,0.9999999999999998,1.0,0.9999999999999998,10,8,2.7833323251526796,1,10,balanced,1,2,8,10,True,requested_slotframe_below_minimum (8 < 10),2.7833323251526796,False,False,False,True,0,1047,49,1,0,reliability
1784739542173.871,0.1,0.1,0.8,799.4128728414443,873.7777777777778,0.15988257456828886,104.68898385565052,127.67806267806269,0.006316810130463677,0.9999999999999998,1.0,0.9999999999999998,10,8,2.7833800615301243,1,10,balanced,1,2,8,10,True,requested_slotframe_below_minimum (8 < 10),2.7833800615301243,False,False,False,True,0,1048,49,1,0,reliability
1784739566126.9,0.1,0.1,0.8,798.0549450549449,873.4444444444445,0.159610989010989,158.68857233301677,209.07230136119026,0.009919184278386709,0.993841323511653,0.9957264957264957,0.993841323511653,10,8,2.778120041480385,1,10,balanced,1,2,8,10,True,requested_slotframe_below_minimum (8 < 10),2.778120041480385,False,False,False,True,0,1049,49,1,0,reliability
1784739593515.415,0.1,0.1,0.8,798.8084772370485,873.5555555555555,0.1597616954474097,153.01915163026277,188.11174422285535,0.009540970755854755,0.9940694226408511,0.9958847736625516,0.9940694226408511,10,8,2.7783252714923545,1,10,balanced,1,2,8,10,True,requested_slotframe_below_minimum (8 < 10),2.7783252714923545,False,False,False,True,0,1050,49,1,0,reliability
1784739620401.385,0.1,0.1,0.8,797.2025117739402,872.1111111111111,0.15944050235478804,125.63073757518202,165.17410572966128,0.0077138584106192145,0.9999999999999998,1.0,0.9999999999999998,10,8,2.783284563923459,1,10,balanced,1,2,8,10,True,requested_slotframe_below_minimum (8 < 10),2.783284563923459,False,False,False,True,0,1051,49,1,0,reliability
1784739647426.613,0.1,0.1,0.8,797.4709576138148,872.8888888888889,0.15949419152276295,101.82731877176322,131.6983222538778,0.006125905188243043,0.9999999999999998,1.0,0.9999999999999998,10,8,2.783437990328899,1,10,balanced,1,2,8,10,True,requested_slotframe_below_minimum (8 < 10),2.783437990328899,False,False,False,True,0,1052,49,1,0,reliability
1784739671166.323,0.1,0.1,0.8,798.8178963893248,873.6666666666666,0.15976357927786497,143.2969294080405,182.64324153213042,0.008892390220683156,0.9999999999999998,1.0,0.9999999999999998,10,8,2.783134403050145,1,10,balanced,1,2,8,10,True,requested_slotframe_below_minimum (8 < 10),2.783134403050145,False,False,False,True,0,1053,49,1,0,reliability
1784739697686.328,0.1,0.1,0.8,797.1350078492936,872.4444444444445,0.15942700156985873,114.90899018676797,145.39252928141818,0.006998598411392126,0.9999999999999998,1.0,0.9999999999999998,10,8,2.7833574400018746,1,10,balanced,1,2,8,10,True,requested_slotframe_below_minimum (8 < 10),2.7833574400018746,False,False,False,True,0,1054,49,1,0,reliability
1784739724169.863,0.1,0.1,0.8,796.7723704866561,871.8888888888889,0.15935447409733122,112.33459955682176,137.7445394112061,0.006826857875705254,0.9940694226408511,0.9958847736625516,0.9940694226408511,10,8,2.7786374049153775,1,10,balanced,1,2,8,10,True,requested_slotframe_below_minimum (8 < 10),2.7786374049153775,False,False,False,True,0,1055,49,1,0,reliability
1784739750940.958,0.1,0.1,0.8,797.833594976452,873.3333333333334,0.1595667189952904,131.22665400443177,177.95188350743905,0.008087168379214927,0.9999999999999998,1.0,0.9999999999999998,10,8,2.7832346112625492,1,10,balanced,1,2,8,10,True,requested_slotframe_below_minimum (8 < 10),2.7832346112625492,False,False,False,True,0,1056,49,1,0,reliability
1784739774894.644,0.1,0.1,0.8,797.4568288854002,872.3333333333334,0.15949136577708004,107.49762583095917,141.16809116809114,0.006504177840624361,0.9999999999999998,1.0,0.9999999999999998,10,8,2.7834004456382293,1,10,balanced,1,2,8,10,True,requested_slotframe_below_minimum (8 < 10),2.7834004456382293,False,False,False,True,0,1057,49,1,0,reliability
1784739802023.3691,0.1,0.1,0.8,796.8995290423861,871.1111111111111,0.15937990580847722,93.02310857866412,124.69135802469135,0.005538566282766119,0.9999999999999998,1.0,0.9999999999999998,10,8,2.7835081527908754,1,10,balanced,1,2,8,10,True,requested_slotframe_below_minimum (8 < 10),2.7835081527908754,False,False,False,True,0,1058,49,1,0,reliability
1784739828910.624,0.1,0.1,0.8,798.0313971742543,873.1111111111111,0.15960627943485084,108.74485596707818,155.80721747388415,0.006587381985795743,0.9999999999999998,1.0,0.9999999999999998,10,8,2.783380633857935,1,10,balanced,1,2,8,10,True,requested_slotframe_below_minimum (8 < 10),2.783380633857935,False,False,False,True,0,1059,49,1,0,reliability
1784739855787.679,0.1,0.1,0.8,798.5871271585557,873.1111111111111,0.15971742543171114,90.62361506805951,119.90819879708768,0.005378493333426252,0.9999999999999998,1.0,0.9999999999999998,10,8,2.783490408123486,1,10,balanced,1,2,8,10,True,requested_slotframe_below_minimum (8 < 10),2.783490408123486,False,False,False,True,0,1060,49,1,0,reliability
1784739879645.513,0.1,0.1,0.8,800.7990580847722,875.1111111111111,0.16015981161695445,98.78205128205128,129.1057296612852,0.005922751920083474,0.9999999999999998,1.0,0.9999999999999998,10,8,2.783391743646296,1,10,balanced,1,2,8,10,True,requested_slotframe_below_minimum (8 < 10),2.783391743646296,False,False,False,True,0,1061,49,1,0,reliability
1784739907055.26,0.1,0.1,0.8,798.3453689167974,873.4444444444445,0.15966907378335948,831.5861145027812,740.1152037263149,0.05480894693147306,0.9840563820155657,0.9839800117577896,0.9840563820155657,10,8,2.7657973035409693,1,10,balanced,1,2,8,10,True,requested_slotframe_below_minimum (8 < 10),2.7657973035409693,False,False,False,True,0,1062,49,1,0,reliability
1784739933577.2751,0.1,0.1,0.8,799.6938775510204,874.1111111111111,0.15993877551020408,78.86831275720165,94.10414688192466,0.0045942837062842995,0.9999999999999998,1.0,0.9999999999999998,10,8,2.783546694078351,1,10,balanced,1,2,8,10,True,requested_slotframe_below_minimum (8 < 10),2.783546694078351,False,False,False,True,0,1063,49,1,0,reliability
1784739960272.198,0.1,0.1,0.8,799.0816326530612,873.6666666666666,0.15981632653061223,79.29170623615069,95.93700538144984,0.004622528768255549,0.9999999999999998,1.0,0.9999999999999998,10,8,2.7835561144701133,1,10,balanced,1,2,8,10,True,requested_slotframe_below_minimum (8 < 10),2.7835561144701133,False,False,False,True,0,1064,49,1,0,reliability
1784739984124.848,0.1,0.1,0.8,799.1208791208791,874.5555555555555,0.15982417582417582,77.33618233618233,93.09591642924977,0.004492073538104225,0.9999999999999998,1.0,0.9999999999999998,10,8,2.783568375063772,1,10,balanced,1,2,8,10,True,requested_slotframe_below_minimum (8 < 10),2.783568375063772,False,False,False,True,0,1065,49,1,0,reliability
1784740010704.4219,0.1,0.1,0.8,798.5337519623233,873.5555555555555,0.15970675039246465,76.89616967394744,89.58372902817347,0.004462719791457468,0.9999999999999998,1.0,0.9999999999999998,10,8,2.7835830529816077,1,10,balanced,1,2,8,10,True,requested_slotframe_below_minimum (8 < 10),2.7835830529816077,False,False,False,True,0,1066,49,1,0,reliability
1784740037323.478,0.1,0.1,0.8,798.0361067503923,873.2222222222222,0.15960722135007846,78.38477366255142,94.34472934472934,0.00456202626167788,0.9999999999999998,1.0,0.9999999999999998,10,8,2.783583075238824,1,10,balanced,1,2,8,10,True,requested_slotframe_below_minimum (8 < 10),2.783583075238824,False,False,False,True,0,1067,49,1,0,reliability
1784740061180.837,0.1,0.1,0.8,799.5761381475667,874.2222222222222,0.15991522762951332,78.79787907565684,93.96486229819565,0.004589584995040483,0.9999999999999998,1.0,0.9999999999999998,10,8,2.7835495187375443,1,10,balanced,1,2,8,10,True,requested_slotframe_below_minimum (8 < 10),2.7835495187375443,False,False,False,True,0,1068,49,1,0,reliability
1784740088150.647,0.1,0.1,0.8,798.8210361067504,874.1111111111111,0.15976420722135007,74.37242798353908,89.23868312757202,0.004294358104305476,0.9999999999999998,1.0,0.9999999999999998,10,8,2.7835941434674343,1,10,balanced,1,2,8,10,True,requested_slotframe_below_minimum (8 < 10),2.7835941434674343,False,False,False,True,0,1069,49,1,0,reliability
1784740114752.5662,0.1,0.1,0.8,797.2103610675039,872.0,0.15944207221350076,83.77572016460904,100.23899968344413,0.004921662452609009,0.9999999999999998,1.0,0.9999999999999998,10,8,2.7835636265333887,1,10,balanced,1,2,8,10,True,requested_slotframe_below_minimum (8 < 10),2.7835636265333887,False,False,False,True,0,1070,49,1,0,reliability
1784740141891.37,0.1,0.1,0.8,798.8445839874411,873.5555555555555,0.15976891679748823,84.79265590376701,106.83760683760683,0.004989503395848366,0.9999999999999998,1.0,0.9999999999999998,10,8,2.783524157980666,1,10,balanced,1,2,8,10,True,requested_slotframe_below_minimum (8 < 10),2.783524157980666,False,False,False,True,0,1071,49,1,0,reliability
1784740165855.29,0.1,0.1,0.8,797.7802197802198,872.7777777777778,0.15955604395604395,96.43187717632162,117.14358974358976,0.005765969124504444,0.993841323511653,0.9957264957264957,0.993841323511653,10,8,2.778540857501268,1,10,balanced,1,2,8,10,True,requested_slotframe_below_minimum (8 < 10),2.778540857501268,False,False,False,True,0,1072,49,1,0,reliability
1784740192981.478,0.1,0.1,0.8,797.9042386185243,872.5555555555555,0.15958084772370487,96.53846153846153,122.9582146248813,0.005773079488890029,0.9999999999999998,1.0,0.9999999999999998,10,8,2.7834646072787406,1,10,balanced,1,2,8,10,True,requested_slotframe_below_minimum (8 < 10),2.7834646072787406,False,False,False,True,0,1073,49,1,0,reliability
1784740219669.641,0.1,0.1,0.8,798.1145996860282,872.8888888888889,0.15962291993720565,74.13263691041469,88.17347261791707,0.004278361368273162,0.9999999999999998,1.0,0.9999999999999998,10,8,2.783609871869452,1,10,balanced,1,2,8,10,True,requested_slotframe_below_minimum (8 < 10),2.783609871869452,False,False,False,True,0,1074,49,1,0,reliability
1784740246639.7551,0.1,0.1,0.8,798.0737833594975,872.4444444444445,0.1596147566718995,99.80610952833175,123.30009496676163,0.005991068013898048,0.9999999999999998,1.0,0.9999999999999998,10,8,2.78343941753142,1,10,balanced,1,2,8,10,True,requested_slotframe_below_minimum (8 < 10),2.78343941753142,False,False,False,True,0,1075,49,1,0,reliability
1784740270597.83,0.1,0.1,0.8,796.8901098901099,871.3333333333334,0.15937802197802198,160.56030389363724,219.18170307059196,0.010044049625993146,0.9999999999999998,1.0,0.9999999999999998,10,8,2.7830577928395983,1,10,balanced,1,2,8,10,True,requested_slotframe_below_minimum (8 < 10),2.7830577928395983,False,False,False,True,0,1076,49,1,0,reliability
1784740297426.227,0.1,0.1,0.8,795.9686028257456,871.0,0.15919372056514913,127.3148148148148,159.2022792022792,0.007826205124403922,0.9999999999999998,1.0,0.9999999999999998,10,8,2.7832980074310445,1,10,balanced,1,2,8,10,True,requested_slotframe_below_minimum (8 < 10),2.7832980074310445,False,False,False,True,0,1077,49,1,0,reliability
1784740323997.0269,0.1,0.1,0.8,797.8257456828885,872.4444444444445,0.1595651491365777,98.12203228869896,121.43558088002533,0.0058787213001133395,0.9999999999999998,1.0,0.9999999999999998,10,8,2.7834556129563306,1,10,balanced,1,2,8,10,True,requested_slotframe_below_minimum (8 < 10),2.7834556129563306,False,False,False,True,0,1078,49,1,0,reliability
1784740351103.379,0.1,0.1,0.8,797.5274725274725,872.3333333333334,0.1595054945054945,97.77936055713833,117.07185818296928,0.005855861277994552,0.9881388452817024,0.9917695473251028,0.9881388452817024,10,8,2.773974940647013,1,10,balanced,1,2,8,10,True,requested_slotframe_below_minimum (8 < 10),2.773974940647013,False,False,False,True,0,1079,49,1,0,reliability
1784740375063.0469,0.1,0.1,0.8,798.1459968602826,873.2222222222222,0.15962919937205652,107.38841405508072,130.11396011396013,0.0064968921984710284,0.9999999999999998,1.0,0.9999999999999998,10,8,2.783387390842947,1,10,balanced,1,2,8,10,True,requested_slotframe_below_minimum (8 < 10),2.783387390842947,False,False,False,True,0,1080,49,1,0,reliability
1784740599484.66,0.1,0.1,0.8,60.35007849293564,115.44444444444444,0.012070015698587127,166.00694444444443,110.67129629629629,0.010407401230449928,0.058084772370486655,0.1111111111111111,0.058084772370486655,10,8,2.0442200762034854,1,10,balanced,1,2,8,10,True,requested_slotframe_below_minimum (8 < 10),2.0442200762034854,False,False,False,True,0,1081,49,1,0,reliability
1784740623844.758,0.1,0.1,0.8,798.7127158555729,874.3333333333334,0.15974254317111458,133.52098765432098,177.4946502057613,0.008240225994284254,0.9881388452817024,0.9917695473251028,0.9881388452817024,10,8,2.773712799308822,1,10,balanced,1,2,8,10,True,requested_slotframe_below_minimum (8 < 10),2.773712799308822,False,False,False,True,0,1082,49,1,0,reliability
1784740650668.183,0.1,0.1,0.8,797.6530612244898,873.1111111111111,0.15953061224489795,139.87496043051598,175.30864197530866,0.008664106766545429,0.9999999999999998,1.0,0.9999999999999998,10,8,2.7831805280988555,1,10,balanced,1,2,8,10,True,requested_slotframe_below_minimum (8 < 10),2.7831805280988555,False,False,False,True,0,1083,49,1,0,reliability
1784740677289.8,0.1,0.1,0.8,798.0549450549449,873.1111111111111,0.159610989010989,193.8263691041469,274.113643558088,0.01226326678479966,0.9999999999999998,1.0,0.9999999999999998,10,8,2.782812574420421,1,10,balanced,1,2,8,10,True,requested_slotframe_below_minimum (8 < 10),2.782812574420421,False,False,False,True,0,1084,49,1,0,reliability
1784740704153.894,0.1,0.1,0.8,798.1412872841444,873.6666666666666,0.15962825745682888,152.605254827477,191.87875910098137,0.00951335922798379,0.9999999999999998,1.0,0.9999999999999998,10,8,2.7830858383315187,1,10,balanced,1,2,8,10,True,requested_slotframe_below_minimum (8 < 10),2.7830858383315187,False,False,False,True,0,1085,49,1,0,reliability
1784740728407.751,0.1,0.1,0.8,797.1789638932495,871.7777777777778,0.1594357927786499,147.48258942703384,185.1361190250079,0.009171620375385848,0.9958718530147099,0.9958847736625513,0.9958718530147099,10,8,2.7798367410963642,1,10,balanced,1,2,8,10,True,requested_slotframe_below_minimum (8 < 10),2.7798367410963642,False,False,False,True,0,1086,49,1,0,reliability
1784740755211.561,0.1,0.1,0.8,797.0219780219779,872.0,0.1594043956043956,166.8605571383349,209.26559037670148,0.010464346707027013,0.9999999999999998,1.0,0.9999999999999998,10,8,2.7830131257688575,1,10,balanced,1,2,8,10,True,requested_slotframe_below_minimum (8 < 10),2.7830131257688575,False,False,False,True,0,1087,49,1,0,reliability
1784740782848.5078,0.1,0.1,0.8,799.7519623233909,874.5555555555555,0.15995039246467818,101.93573915796136,137.08135485913263,0.006133138035888016,0.9798929339745666,0.9838330393885949,0.9798929339745666,10,8,2.7673059941295968,1,10,balanced,1,2,8,10,True,requested_slotframe_below_minimum (8 < 10),2.7673059941295968,False,False,False,True,0,1088,49,1,0,reliability
1784740809813.072,0.1,0.1,0.8,797.6043956043954,872.3333333333334,0.1595208791208791,233.7179487179487,352.5514403292181,0.014924479567574964,0.9838362695505551,0.9876543209876544,0.9838362695505551,10,8,2.7696244797715988,1,10,balanced,1,2,8,10,True,requested_slotframe_below_minimum (8 < 10),2.7696244797715988,False,False,False,True,0,1089,49,1,0,reliability
1784740833569.349,0.1,0.1,0.8,795.9952904238619,871.5555555555555,0.1591990580847724,123.23361823361823,169.94618550174107,0.007553943844804419,0.9999999999999998,1.0,0.9999999999999998,10,8,2.783324699807042,1,10,balanced,1,2,8,10,True,requested_slotframe_below_minimum (8 < 10),2.783324699807042,False,False,False,True,0,1090,49,1,0,reliability
1784740860185.459,0.1,0.1,0.8,798.1695447409732,872.8888888888889,0.15963390894819462,126.28996517885406,169.21177587844255,0.007757836236080991,0.9999999999999998,1.0,0.9999999999999998,10,8,2.7832608254815723,1,10,balanced,1,2,8,10,True,requested_slotframe_below_minimum (8 < 10),2.7832608254815723,False,False,False,True,0,1091,49,1,0,reliability
1784740887187.748,0.1,0.1,0.8,797.059654631083,871.5555555555555,0.1594119309262166,123.46945235834124,173.9316239316239,0.0075696766082949465,0.9999999999999998,1.0,0.9999999999999998,10,8,2.7833018392465485,1,10,balanced,1,2,8,10,True,requested_slotframe_below_minimum (8 < 10),2.7833018392465485,False,False,False,True,0,1092,49,1,0,reliability
1784740911147.218,0.1,0.1,0.8,796.5478806907378,871.5555555555555,0.15930957613814756,135.1804368471035,168.79392212725546,0.008350929742968879,0.9999999999999998,1.0,0.9999999999999998,10,8,2.7832339494118883,1,10,balanced,1,2,8,10,True,requested_slotframe_below_minimum (8 < 10),2.7832339494118883,False,False,False,True,0,1093,49,1,0,reliability
1784740937877.276,0.1,0.1,0.8,799.6562009419151,874.6666666666666,0.15993124018838303,115.28094333649886,152.03703703703704,0.0070234118303201375,0.9838944124658409,0.9876543209876544,0.9838944124658409,10,8,2.7704200647708026,1,10,balanced,1,2,8,10,True,requested_slotframe_below_minimum (8 < 10),2.7704200647708026,False,False,False,True,0,1094,49,1,0,reliability
1784740964865.958,0.1,0.1,0.8,797.3783359497644,872.3333333333334,0.15947566718995287,104.08515352959799,136.52105096549542,0.006276527920586924,0.9999999999999998,1.0,0.9999999999999998,10,8,2.7834247804889456,1,10,balanced,1,2,8,10,True,requested_slotframe_below_minimum (8 < 10),2.7834247804889456,False,False,False,True,0,1095,49,1,0,reliability
1784740991550.98,0.1,0.1,0.8,797.0219780219779,871.5555555555555,0.1594043956043956,105.51123773345994,132.2712883823995,0.006371663624647094,0.9999999999999998,1.0,0.9999999999999998,10,8,2.7834223940770957,1,10,balanced,1,2,8,10,True,requested_slotframe_below_minimum (8 < 10),2.7834223940770957,False,False,False,True,0,1096,49,1,0,reliability
1784741015409.111,0.1,0.1,0.8,797.6671899529042,872.8888888888889,0.15953343799058084,118.90471668249445,163.38714783159227,0.007265157884089023,0.9999999999999998,1.0,0.9999999999999998,10,8,2.783320140412533,1,10,balanced,1,2,8,10,True,requested_slotframe_below_minimum (8 < 10),2.783320140412533,False,False,False,True,0,1097,49,1,0,reliability
1784741042227.645,0.1,0.1,0.8,797.4144427001569,872.3333333333334,0.15948288854003137,103.55017410572965,129.05349794238683,0.006240838832937268,0.9999999999999998,1.0,0.9999999999999998,10,8,2.7834276272627028,1,10,balanced,1,2,8,10,True,requested_slotframe_below_minimum (8 < 10),2.7834276272627028,False,False,False,True,0,1098,49,1,0,reliability
1784741069445.138,0.1,0.1,0.8,798.5557299843013,873.0,0.15971114599686026,96.1261475150364,114.72143083254196,0.005745573550035784,0.9999999999999998,1.0,0.9999999999999998,10,8,2.7834543280453103,1,10,balanced,1,2,8,10,True,requested_slotframe_below_minimum (8 < 10),2.7834543280453103,False,False,False,True,0,1099,49,1,0,reliability
1784741096171.284,0.1,0.1,0.8,797.6640502354786,872.7777777777778,0.1595328100470957,112.26274137385249,138.6983222538778,0.006822064134346397,0.9999999999999998,1.0,0.9999999999999998,10,8,2.783364512581856,1,10,balanced,1,2,8,10,True,requested_slotframe_below_minimum (8 < 10),2.783364512581856,False,False,False,True,0,1100,49,1,0,reliability
1784741120138.649,0.1,0.1,0.8,797.4552590266874,872.3333333333334,0.15949105180533749,120.06410256410257,154.94618550174107,0.007342501838832727,0.9999999999999998,1.0,0.9999999999999998,10,8,2.783316644635583,1,10,balanced,1,2,8,10,True,requested_slotframe_below_minimum (8 < 10),2.783316644635583,False,False,False,True,0,1101,49,1,0,reliability
1784741147130.6492,0.1,0.1,0.8,797.2464678178964,872.5555555555555,0.15944929356357926,94.62092434314657,120.05381449825894,0.005645158395139864,0.9999999999999998,1.0,0.9999999999999998,10,8,2.783490554804128,1,10,balanced,1,2,8,10,True,requested_slotframe_below_minimum (8 < 10),2.783490554804128,False,False,False,True,0,1102,49,1,0,reliability
1784741173948.8809,0.1,0.1,0.8,797.0518053375196,871.5555555555555,0.15941036106750392,113.64039252928141,138.27477049699272,0.006913968814495091,0.9940694226408511,0.9958847736625513,0.9940694226408511,10,8,2.778623105124481,1,10,balanced,1,2,8,10,True,requested_slotframe_below_minimum (8 < 10),2.778623105124481,False,False,False,True,0,1103,49,1,0,reliability
1784741201056.22,0.1,0.1,0.8,796.9293563579278,872.3333333333334,0.15938587127158554,129.6082621082621,161.00189933523268,0.007979203609623889,0.9999999999999998,1.0,0.9999999999999998,10,8,2.783263492511879,1,10,balanced,1,2,8,10,True,requested_slotframe_below_minimum (8 < 10),2.783263492511879,False,False,False,True,0,1104,49,1,0,reliability
1784741227823.593,0.1,0.1,0.8,682.4819466248039,758.4444444444445,0.13649638932496078,98.52807646356034,124.03345280764636,0.005905808970217501,0.8885400313971741,0.8888888888888888,0.8885400313971741,10,8,2.6965918052882216,1,10,balanced,1,2,8,10,True,requested_slotframe_below_minimum (8 < 10),2.6965918052882216,False,False,False,True,0,1105,49,1,0,reliability
1784741254640.39,0.1,0.1,0.8,799.0345368916797,874.0,0.15980690737833594,92.87353592909147,113.02943969610637,0.005528588120686556,0.9999999999999998,1.0,0.9999999999999998,10,8,2.7834664504500974,1,10,balanced,1,2,8,10,True,requested_slotframe_below_minimum (8 < 10),2.7834664504500974,False,False,False,True,0,1106,49,1,0,reliability
1784741281256.1172,0.1,0.1,0.8,798.7974882260597,874.2222222222222,0.15975949764521194,87.79281418170305,114.48084836973726,0.005189647377031557,0.9999999999999998,1.0,0.9999999999999998,10,8,2.7835050854977754,1,10,balanced,1,2,8,10,True,requested_slotframe_below_minimum (8 < 10),2.7835050854977754,False,False,False,True,0,1107,49,1,0,reliability
1784741307761.19,0.1,0.1,0.8,798.1915227629513,873.1111111111111,0.15963830455259026,85.52864830642608,110.51282051282053,0.005038602288620819,0.9999999999999998,1.0,0.9999999999999998,10,8,2.783532309315879,1,10,balanced,1,2,8,10,True,requested_slotframe_below_minimum (8 < 10),2.783532309315879,False,False,False,True,0,1108,49,1,0,reliability
1784741331519.0972,0.1,0.1,0.8,798.3469387755101,873.6666666666666,0.15966938775510203,87.64957264957266,108.34441278885726,0.005180091571018857,0.9999999999999998,1.0,0.9999999999999998,10,8,2.7835150520673877,1,10,balanced,1,2,8,10,True,requested_slotframe_below_minimum (8 < 10),2.7835150520673877,False,False,False,True,0,1109,49,1,0,reliability
1784741358431.999,0.1,0.1,0.8,796.9544740973313,871.8888888888889,0.15939089481946625,91.46881924659702,122.16049382716048,0.005434877868352036,0.9999999999999998,1.0,0.9999999999999998,10,8,2.783517422731218,1,10,balanced,1,2,8,10,True,requested_slotframe_below_minimum (8 < 10),2.783517422731218,False,False,False,True,0,1110,49,1,0,reliability
1784741385454.8691,0.1,0.1,0.8,799.1193092621663,874.3333333333334,0.15982386185243327,295.361316872428,370.0641975308642,0.019036778977480188,0.993841323511653,0.9957264957264957,0.993841323511653,10,8,2.777186994726331,1,10,balanced,1,2,8,10,True,requested_slotframe_below_minimum (8 < 10),2.777186994726331,False,False,False,True,0,1111,49,1,0,reliability
1784741412356.124,0.1,0.1,0.8,797.6718995290424,872.6666666666666,0.1595343799058085,83.75751820196264,98.33649889205444,0.004920448178916787,0.9999999999999998,1.0,0.9999999999999998,10,8,2.7835545171915275,1,10,balanced,1,2,8,10,True,requested_slotframe_below_minimum (8 < 10),2.7835545171915275,False,False,False,True,0,1112,49,1,0,reliability
1784741436215.7422,0.1,0.1,0.8,796.9026687598116,872.1111111111111,0.15938053375196232,101.10636277302943,128.0832541943653,0.0060778093911293815,0.9999999999999998,1.0,0.9999999999999998,10,8,2.783454165685691,1,10,balanced,1,2,8,10,True,requested_slotframe_below_minimum (8 < 10),2.783454165685691,False,False,False,True,0,1113,49,1,0,reliability
1784741463189.056,0.1,0.1,0.8,798.7692307692307,873.0,0.15975384615384614,100.62044950933839,125.02849002849001,0.006045393562997891,0.9958718530147099,0.9958847736625513,0.9958718530147099,10,8,2.7801175584400837,1,10,balanced,1,2,8,10,True,requested_slotframe_below_minimum (8 < 10),2.7801175584400837,False,False,False,True,0,1114,49,1,0,reliability
1784741490092.03,0.1,0.1,0.8,797.3893249607535,872.1111111111111,0.1594778649921507,100.14719848053181,119.6011396011396,0.006013822447000121,0.9999999999999998,1.0,0.9999999999999998,10,8,2.7834508312560846,1,10,balanced,1,2,8,10,True,requested_slotframe_below_minimum (8 < 10),2.7834508312560846,False,False,False,True,0,1115,49,1,0,reliability
1784741517038.241,0.1,0.1,0.8,798.4034536891679,873.1111111111111,0.15968069073783359,98.1386514719848,117.38999683444126,0.005879829984788846,0.9956974242688525,0.9958847736625513,0.9956974242688525,10,8,2.78000188734282,1,10,balanced,1,2,8,10,True,requested_slotframe_below_minimum (8 < 10),2.78000188734282,False,False,False,True,0,1116,49,1,0,reliability
1784741540894.598,0.1,0.1,0.8,798.5525902668759,872.5555555555555,0.1597105180533752,94.6304210193099,117.548274770497,0.005645791929240154,0.9999999999999998,1.0,0.9999999999999998,10,8,2.7834643690017384,1,10,balanced,1,2,8,10,True,requested_slotframe_below_minimum (8 < 10),2.7834643690017384,False,False,False,True,0,1117,49,1,0,reliability
1784741567685.108,0.1,0.1,0.8,795.8367346938775,870.0,0.1591673469387755,106.50522317188984,133.91579613801838,0.006437973527144085,0.9940694226408511,0.9958847736625513,0.9940694226408511,10,8,2.778695006066089,1,10,balanced,1,2,8,10,True,requested_slotframe_below_minimum (8 < 10),2.778695006066089,False,False,False,True,0,1118,49,1,0,reliability
1784741594543.271,0.1,0.1,0.8,797.8649921507064,872.3333333333334,0.15957299843014128,81.69040835707503,99.67394745172523,0.00478254892308706,0.9999999999999998,1.0,0.9999999999999998,10,8,2.783564445264677,1,10,balanced,1,2,8,10,True,requested_slotframe_below_minimum (8 < 10),2.783564445264677,False,False,False,True,0,1119,49,1,0,reliability
1784741618299.0251,0.1,0.1,0.8,798.5290423861851,873.8888888888889,0.15970580847723703,80.81354859132637,96.95473251028807,0.004724052607826976,0.9999999999999998,1.0,0.9999999999999998,10,8,2.7835570138914933,1,10,balanced,1,2,8,10,True,requested_slotframe_below_minimum (8 < 10),2.7835570138914933,False,False,False,True,0,1120,49,1,0,reliability
1784741644925.521,0.1,0.1,0.8,797.6970172684458,872.7777777777778,0.15953940345368917,79.26717315606204,95.70433681544793,0.0046208921384964675,0.9999999999999998,1.0,0.9999999999999998,10,8,2.783583970440781,1,10,balanced,1,2,8,10,True,requested_slotframe_below_minimum (8 < 10),2.783583970440781,False,False,False,True,0,1121,49,1,0,reliability
1784741671639.967,0.1,0.1,0.8,797.4348508634222,873.0,0.15948697017268443,77.49446027223804,92.10351377018043,0.00450263243977572,0.9999999999999998,1.0,0.9999999999999998,10,8,2.7836010397387536,1,10,balanced,1,2,8,10,True,requested_slotframe_below_minimum (8 < 10),2.7836010397387536,False,False,False,True,0,1122,49,1,0,reliability
1784741698448.915,0.1,0.1,0.8,796.6766091051805,872.3333333333334,0.1593353218210361,79.52516619183285,96.26147515036405,0.004638103148221004,0.9999999999999998,1.0,0.9999999999999998,10,8,2.7836026575030743,1,10,balanced,1,2,8,10,True,requested_slotframe_below_minimum (8 < 10),2.7836026575030743,False,False,False,True,0,1123,49,1,0,reliability
1784741722314.012,0.1,0.1,0.8,798.419152276295,873.4444444444445,0.159683830455259,78.63247863247864,93.09749920861032,0.004578550942793772,0.9999999999999998,1.0,0.9999999999999998,10,8,2.7835737618601946,1,10,balanced,1,2,8,10,True,requested_slotframe_below_minimum (8 < 10),2.7835737618601946,False,False,False,True,0,1124,49,1,0,reliability
1784741748719.462,0.1,0.1,0.8,796.6248037676608,871.3333333333334,0.15932496075353214,135.70591959480848,165.13453624564735,0.008385985296518244,0.9999999999999998,1.0,0.9999999999999998,10,8,2.783228905394995,1,10,balanced,1,2,8,10,True,requested_slotframe_below_minimum (8 < 10),2.783228905394995,False,False,False,True,0,1125,49,1,0,reliability
1784741775738.647,0.1,0.1,0.8,796.6624803767661,871.4444444444445,0.1593324960753532,146.0082304526749,193.2098765432099,0.00907326420631587,0.9999999999999998,1.0,0.9999999999999998,10,8,2.783159423971833,1,10,balanced,1,2,8,10,True,requested_slotframe_below_minimum (8 < 10),2.783159423971833,False,False,False,True,0,1126,49,1,0,reliability
1784741802378.0352,0.1,0.1,0.8,796.8979591836734,871.3333333333334,0.15937959183673467,155.98448876226652,205.99081987970877,0.009738791778670215,0.9999999999999998,1.0,0.9999999999999998,10,8,2.7830881616384593,1,10,balanced,1,2,8,10,True,requested_slotframe_below_minimum (8 < 10),2.7830881616384593,False,False,False,True,0,1127,49,1,0,reliability
1784741826136.401,0.1,0.1,0.8,795.5918367346937,870.4444444444445,0.15911836734693874,156.05808800253246,192.35359290914846,0.009743701667947462,0.9899412756555612,0.9917695473251028,0.9899412756555612,10,8,2.7750668136229604,1,10,balanced,1,2,8,10,True,requested_slotframe_below_minimum (8 < 10),2.7750668136229604,False,False,False,True,0,1128,49,1,0,reliability
1784741852708.807,0.1,0.1,0.8,795.0847723704865,870.1111111111111,0.1590169544740973,161.46407090851534,202.67806267806267,0.010104340954537381,0.9999999999999998,1.0,0.9999999999999998,10,8,2.7830878704571362,1,10,balanced,1,2,8,10,True,requested_slotframe_below_minimum (8 < 10),2.7830878704571362,False,False,False,True,0,1129,49,1,0,reliability
1784741879540.055,0.1,0.1,0.8,798.4034536891679,873.2222222222222,0.15968069073783359,164.40962329851217,208.28110161443496,0.010300842114643908,0.9939531368102794,0.9958847736625513,0.9939531368102794,10,8,2.778164356162976,1,10,balanced,1,2,8,10,True,requested_slotframe_below_minimum (8 < 10),2.778164356162976,False,False,False,True,0,1130,49,1,0,reliability
1784741906511.59,0.1,0.1,0.8,798.026687598116,873.1111111111111,0.15960533751962322,83.45125039569483,100.23583412472301,0.004900016704182443,0.9999999999999998,1.0,0.9999999999999998,10,8,2.7835494645776193,1,10,balanced,1,2,8,10,True,requested_slotframe_below_minimum (8 < 10),2.7835494645776193,False,False,False,True,0,1131,49,1,0,reliability
1784741930169.047,0.1,0.1,0.8,797.7786499215069,872.2222222222222,0.1595557299843014,87.0718581829693,107.00538144982589,0.005141551579917898,0.9999999999999998,1.0,0.9999999999999998,10,8,2.7835302718435777,1,10,balanced,1,2,8,10,True,requested_slotframe_below_minimum (8 < 10),2.7835302718435777,False,False,False,True,0,1132,49,1,0,reliability
1784741956903.758,0.1,0.1,0.8,797.8100470957613,872.5555555555555,0.15956200941915227,107.89094650205762,132.50712250712252,0.006530416711278027,0.9999999999999998,1.0,0.9999999999999998,10,8,2.7833907573869565,1,10,balanced,1,2,8,10,True,requested_slotframe_below_minimum (8 < 10),2.7833907573869565,False,False,False,True,0,1133,49,1,0,reliability
1784741983689.186,0.1,0.1,0.8,797.197802197802,871.8888888888889,0.1594395604395604,122.97879075656851,158.49319404874961,0.00753694401311331,0.9999999999999998,1.0,0.9999999999999998,10,8,2.7833023495547327,1,10,balanced,1,2,8,10,True,requested_slotframe_below_minimum (8 < 10),2.7833023495547327,False,False,False,True,0,1134,49,1,0,reliability
1784742007338.574,0.1,0.1,0.8,798.5620094191521,873.3333333333334,0.15971240188383043,96.22032288698955,119.30674264007595,0.005751856096530323,0.9999999999999998,1.0,0.9999999999999998,10,8,2.783453574201964,1,10,balanced,1,2,8,10,True,requested_slotframe_below_minimum (8 < 10),2.783453574201964,False,False,False,True,0,1135,49,1,0,reliability
1784742033890.92,0.1,0.1,0.8,798.624803767661,873.3333333333334,0.1597249607535322,107.610794555239,130.82779360557137,0.006511727455319479,0.9999999999999998,1.0,0.9999999999999998,10,8,2.783376331179115,1,10,balanced,1,2,8,10,True,requested_slotframe_below_minimum (8 < 10),2.783376331179115,False,False,False,True,0,1136,49,1,0,reliability
1784742060955.1711,0.1,0.1,0.8,797.712715855573,872.2222222222222,0.1595425431711146,106.28876226654005,133.71079455523898,0.0064235331732181485,0.9937205651491365,0.9957264957264957,0.9937205651491365,10,8,2.778379844484876,1,10,balanced,1,2,8,10,True,requested_slotframe_below_minimum (8 < 10),2.778379844484876,False,False,False,True,0,1137,49,1,0,reliability
1784742087938.0159,0.1,0.1,0.8,796.4348508634223,871.6666666666666,0.15928697017268445,127.9067742956632,160.01107945552388,0.007865695416655317,0.9999999999999998,1.0,0.9999999999999998,10,8,2.7832847334410658,1,10,balanced,1,2,8,10,True,requested_slotframe_below_minimum (8 < 10),2.7832847334410658,False,False,False,True,0,1138,49,1,0,reliability
1784742111599.194,0.1,0.1,0.8,797.9340659340659,872.7777777777778,0.15958681318681317,141.32003798670465,180.96232985121875,0.00876050953880618,0.9999999999999998,1.0,0.9999999999999998,10,8,2.783165267727438,1,10,balanced,1,2,8,10,True,requested_slotframe_below_minimum (8 < 10),2.783165267727438,False,False,False,True,0,1139,49,1,0,reliability
1784742138416.019,0.1,0.1,0.8,796.993720565149,872.1111111111111,0.15939874411302982,112.03308008863564,146.38176638176637,0.006806743168021057,0.9999999999999998,1.0,0.9999999999999998,10,8,2.7833794512718946,1,10,balanced,1,2,8,10,True,requested_slotframe_below_minimum (8 < 10),2.7833794512718946,False,False,False,True,0,1140,49,1,0,reliability
1784742165400.743,0.1,0.1,0.8,797.0737833594975,872.4444444444445,0.1594147566718995,95.761316872428,114.26400759734094,0.005721235281682988,0.9999999999999998,1.0,0.9999999999999998,10,8,2.783486400804642,1,10,balanced,1,2,8,10,True,requested_slotframe_below_minimum (8 < 10),2.783486400804642,False,False,False,True,0,1141,49,1,0,reliability
1784742188350.488,0.1,0.1,0.8,797.8555729984299,872.5555555555555,0.15957111459968598,108.78205128205127,128.8034188034188,0.0065898633276885435,0.9999999999999998,1.0,0.9999999999999998,10,8,2.7833839022072624,1,10,balanced,1,2,8,10,True,requested_slotframe_below_minimum (8 < 10),2.7833839022072624,False,False,False,True,0,1142,49,1,0,reliability
1784742217455.127,0.1,0.1,0.8,797.6216640502354,872.4444444444445,0.15952433281004708,190.13827160493827,229.74156378600824,0.012017229593391479,0.9937205651491365,0.9957264957264957,0.9937205651491365,10,8,2.7778222958789653,1,10,balanced,1,2,8,10,True,requested_slotframe_below_minimum (8 < 10),2.7778222958789653,False,False,False,True,0,1143,49,1,0,reliability
1784742244013.279,0.1,0.1,0.8,797.0800627943484,872.2222222222222,0.15941601255886967,92.66856600189932,110.50807217473886,0.0055149143430219694,0.9899412756555612,0.9917695473251028,0.9899412756555612,10,8,2.7754599278342598,1,10,balanced,1,2,8,10,True,requested_slotframe_below_minimum (8 < 10),2.7754599278342598,False,False,False,True,0,1144,49,1,0,reliability
1784742302010.4648,0.1,0.1,0.8,798.7456828885399,873.6666666666666,0.15974913657770798,97.84108895220007,122.45805634694524,0.005859979249646436,0.9999999999999998,1.0,0.9999999999999998,10,8,2.783439088417264,1,10,balanced,1,2,8,10,True,requested_slotframe_below_minimum (8 < 10),2.783439088417264,False,False,False,True,1,1145,49,1,0,reliability
1784742328706.794,0.1,0.1,0.8,796.87284144427,872.2222222222222,0.159374568288854,101.48860398860398,128.91104779993668,0.0061033091386660425,0.9999999999999998,1.0,0.9999999999999998,10,8,2.783452212257248,1,10,balanced,1,2,8,10,True,requested_slotframe_below_minimum (8 < 10),2.783452212257248,False,False,False,True,0,1146,49,1,0,reliability
1784742355731.029,0.1,0.1,0.8,798.4285714285713,873.2222222222222,0.15968571428571426,383.88572333016776,484.68502690724915,0.0249423431174228,0.9939531368102794,0.9958847736625513,0.9939531368102794,10,8,2.77669970370791,1,10,balanced,1,2,8,10,True,requested_slotframe_below_minimum (8 < 10),2.77669970370791,False,False,False,True,0,1147,49,1,0,reliability
1784742382498.088,0.1,0.1,0.8,798.2778649921506,873.3333333333334,0.1596555729984301,115.24137385248495,152.72871161760048,0.0070207721049022655,0.9999999999999998,1.0,0.9999999999999998,10,8,2.7833323654896667,1,10,balanced,1,2,8,10,True,requested_slotframe_below_minimum (8 < 10),2.7833323654896667,False,False,False,True,0,1148,49,1,0,reliability
1784742406456.422,0.1,0.1,0.8,797.2935635792777,872.6666666666666,0.15945871271585554,115.96707818930041,152.71604938271605,0.007069184669066072,0.9999999999999998,1.0,0.9999999999999998,10,8,2.7833472102615078,1,10,balanced,1,2,8,10,True,requested_slotframe_below_minimum (8 < 10),2.7833472102615078,False,False,False,True,0,1149,49,1,0,reliability
1784742433117.91,0.1,0.1,0.8,797.5714285714284,872.1111111111111,0.1595142857142857,106.19499841722065,143.67521367521366,0.006417278079867955,0.9999999999999998,1.0,0.9999999999999998,10,8,2.7834068436205843,1,10,balanced,1,2,8,10,True,requested_slotframe_below_minimum (8 < 10),2.7834068436205843,False,False,False,True,0,1150,49,1,0,reliability
1784742460131.743,0.1,0.1,0.8,798.0910518053374,873.7777777777778,0.1596182103610675,105.94650205761316,133.8588160810383,0.006400700604243707,0.9999999999999998,1.0,0.9999999999999998,10,8,2.7833981089034685,1,10,balanced,1,2,8,10,True,requested_slotframe_below_minimum (8 < 10),2.7833981089034685,False,False,False,True,0,1151,49,1,0,reliability
1784742484187.611,0.1,0.1,0.8,799.4474097331239,873.6666666666666,0.15988948194662478,104.37955049066161,147.5546058879392,0.006296167477695905,0.9999999999999998,1.0,0.9999999999999998,10,8,2.7833814350575676,1,10,balanced,1,2,8,10,True,requested_slotframe_below_minimum (8 < 10),2.7833814350575676,False,False,False,True,0,1152,49,1,0,reliability
1784742510911.656,0.1,0.1,0.8,798.2637362637362,873.4444444444445,0.15965274725274722,80.06172839506172,95.67901234567903,0.004673897824887373,0.9999999999999998,1.0,0.9999999999999998,10,8,2.7835673354922363,1,10,balanced,1,2,8,10,True,requested_slotframe_below_minimum (8 < 10),2.7835673354922363,False,False,False,True,0,1153,49,1,0,reliability
1784742538025.325,0.1,0.1,0.8,800.2605965463108,875.3333333333334,0.16005211930926216,79.28537511870844,95.54922443811333,0.0046221064121886885,0.9899412756555612,0.9917695473251028,0.9899412756555612,10,8,2.775485597952304,1,10,balanced,1,2,8,10,True,requested_slotframe_below_minimum (8 < 10),2.775485597952304,False,False,False,True,0,1154,49,1,0,reliability
1784742564862.7861,0.1,0.1,0.8,798.4332810047094,873.2222222222222,0.15968665620094188,79.5789806900918,94.84330484330484,0.004641693174789313,0.9978487121344262,0.9958847736625513,0.9978487121344262,10,8,2.781846134769968,1,10,balanced,1,2,8,10,True,requested_slotframe_below_minimum (8 < 10),2.781846134769968,False,False,False,True,0,1155,49,1,0,reliability
1784742588629.2961,0.1,0.1,0.8,797.6467817896388,872.6666666666666,0.15952935635792775,83.32937638493193,99.87496043051598,0.004891886349895393,0.9999999999999998,1.0,0.9999999999999998,10,8,2.7835578757292176,1,10,balanced,1,2,8,10,True,requested_slotframe_below_minimum (8 < 10),2.7835578757292176,False,False,False,True,0,1156,49,1,0,reliability
1784742615313.257,0.1,0.1,0.8,800.3186813186813,875.5555555555555,0.16006373626373627,81.00348211459323,95.3276353276353,0.004736723289832771,0.9999999999999998,1.0,0.9999999999999998,10,8,2.783519954044643,1,10,balanced,1,2,8,10,True,requested_slotframe_below_minimum (8 < 10),2.783519954044643,False,False,False,True,0,1157,49,1,0,reliability
1784742641984.834,0.1,0.1,0.8,797.6970172684458,872.8888888888889,0.15953940345368917,76.35881608103828,90.85786641342196,0.0044268723202827405,0.9999999999999998,1.0,0.9999999999999998,10,8,2.7836033724226024,1,10,balanced,1,2,8,10,True,requested_slotframe_below_minimum (8 < 10),2.7836033724226024,False,False,False,True,0,1158,49,1,0,reliability
1784742668806.672,0.1,0.1,0.8,796.3375196232339,871.6666666666666,0.15926750392464678,79.50775561886672,96.1522633744856,0.004636941669037139,0.9999999999999998,1.0,0.9999999999999998,10,8,2.7836095554406315,1,10,balanced,1,2,8,10,True,requested_slotframe_below_minimum (8 < 10),2.7836095554406315,False,False,False,True,0,1159,49,1,0,reliability
1784742692665.667,0.1,0.1,0.8,799.054945054945,873.7777777777778,0.159810989010989,76.9753086419753,91.74897119341564,0.004467999242293215,0.9999999999999998,1.0,0.9999999999999998,10,8,2.7835721011746717,1,10,balanced,1,2,8,10,True,requested_slotframe_below_minimum (8 < 10),2.7835721011746717,False,False,False,True,0,1160,49,1,0,reliability
1784742719784.73,0.1,0.1,0.8,798.098901098901,873.7777777777778,0.1596197802197802,76.03830326052548,92.13675213675214,0.004405490544397964,0.9999999999999998,1.0,0.9999999999999998,10,8,2.783597472923582,1,10,balanced,1,2,8,10,True,requested_slotframe_below_minimum (8 < 10),2.783597472923582,False,False,False,True,0,1161,49,1,0,reliability
1784742746791.686,0.1,0.1,0.8,798.4270015698585,873.1111111111111,0.1596854003139717,76.69357391579612,94.32731877176323,0.004449204397317954,0.9999999999999998,1.0,0.9999999999999998,10,8,2.783586539528871,1,10,balanced,1,2,8,10,True,requested_slotframe_below_minimum (8 < 10),2.783586539528871,False,False,False,True,0,1162,49,1,0,reliability
1784742773724.946,0.1,0.1,0.8,798.938775510204,873.8888888888889,0.1597877551020408,81.06125356125355,98.33016777461222,0.0047405772889428655,0.9999999999999998,1.0,0.9999999999999998,10,8,2.7835471667609015,1,10,balanced,1,2,8,10,True,requested_slotframe_below_minimum (8 < 10),2.7835471667609015,False,False,False,True,0,1163,49,1,0,reliability
1784742797485.697,0.1,0.1,0.8,800.2354788069072,875.3333333333334,0.16004709576138143,78.47340930674264,95.25799303577081,0.0045679392466139185,0.9999999999999998,1.0,0.9999999999999998,10,8,2.7835384964992,1,10,balanced,1,2,8,10,True,requested_slotframe_below_minimum (8 < 10),2.7835384964992,False,False,False,True,0,1164,49,1,0,reliability
1784742824598.642,0.1,0.1,0.8,799.9999999999999,874.2222222222222,0.15999999999999998,96.65558721114276,108.3602405824628,0.005780893076126935,0.9939531368102794,0.9958847736625513,0.9939531368102794,10,8,2.7785844201406107,1,10,balanced,1,2,8,10,True,requested_slotframe_below_minimum (8 < 10),2.7785844201406107,False,False,False,True,0,1165,49,1,0,reliability
1784742851607.481,0.1,0.1,0.8,798.2841444270016,873.2222222222222,0.1596568288854003,245.40044317822097,285.2025957581513,0.01570383209994803,0.9999999999999998,1.0,0.9999999999999998,10,8,2.782463933901465,1,10,balanced,1,2,8,10,True,requested_slotframe_below_minimum (8 < 10),2.782463933901465,False,False,False,True,0,1166,49,1,0,reliability
1784742878820.575,0.1,0.1,0.8,800.2951334379906,874.8888888888889,0.1600590266875981,76.00189933523266,92.769863880975,0.00440306199701352,0.9999999999999998,1.0,0.9999999999999998,10,8,2.7835537911315384,1,10,balanced,1,2,8,10,True,requested_slotframe_below_minimum (8 < 10),2.7835537911315384,False,False,False,True,0,1167,49,1,0,reliability
1784742902686.1838,0.1,0.1,0.8,799.1224489795917,873.3333333333334,0.15982448979591835,87.24596391263059,105.0743906299462,0.005153166371756544,0.9999999999999998,1.0,0.9999999999999998,10,8,2.7835022343832323,1,10,balanced,1,2,8,10,True,requested_slotframe_below_minimum (8 < 10),2.7835022343832323,False,False,False,True,0,1168,49,1,0,reliability
1784742929819.386,0.1,0.1,0.8,796.1726844583987,871.0,0.15923453689167974,96.91199746755301,116.69199113643556,0.005797998496834757,0.9999999999999998,1.0,0.9999999999999998,10,8,2.7834967464611484,1,10,balanced,1,2,8,10,True,requested_slotframe_below_minimum (8 < 10),2.7834967464611484,False,False,False,True,0,1169,49,1,0,reliability
1784742956734.172,0.1,0.1,0.8,798.1711145996859,872.8888888888889,0.15963422291993717,101.57723963279518,123.53592909148463,0.00610922212360208,0.9999999999999998,1.0,0.9999999999999998,10,8,2.783425655495646,1,10,balanced,1,2,8,10,True,requested_slotframe_below_minimum (8 < 10),2.783425655495646,False,False,False,True,0,1170,49,1,0,reliability
1784742983880.999,0.1,0.1,0.8,798.8540031397173,874.1111111111111,0.15977080062794347,109.45077556188666,132.19373219373222,0.006634474687250611,0.9999999999999998,1.0,0.9999999999999998,10,8,2.7833594724684803,1,10,balanced,1,2,8,10,True,requested_slotframe_below_minimum (8 < 10),2.7833594724684803,False,False,False,True,0,1171,49,1,0,reliability
1784743007638.9128,0.1,0.1,0.8,798.6891679748821,874.2222222222222,0.15973783359497642,79.78632478632478,95.12662234884458,0.004655525335978972,0.9999999999999998,1.0,0.9999999999999998,10,8,2.783560664106904,1,10,balanced,1,2,8,10,True,requested_slotframe_below_minimum (8 < 10),2.783560664106904,False,False,False,True,0,1172,49,1,0,reliability
1784743037134.784,0.1,0.1,0.8,708.789638932496,811.6666666666666,0.1417579277864992,67.57706093189964,73.53285543608125,0.0038410314164042452,0.8367346938775508,0.8888888888888888,0.8367346938775508,10,8,2.6548278591817502,1,10,balanced,1,2,8,10,True,requested_slotframe_below_minimum (8 < 10),2.6548278591817502,False,False,False,True,0,1173,49,1,0,reliability
1784743063912.473,0.1,0.1,0.8,797.9654631083201,873.1111111111111,0.15959309262166402,80.61649256093699,94.64387464387465,0.004710906775245964,0.9999999999999998,1.0,0.9999999999999998,10,8,2.783569600060309,1,10,balanced,1,2,8,10,True,requested_slotframe_below_minimum (8 < 10),2.783569600060309,False,False,False,True,0,1174,49,1,0,reliability
1784743090707.36,0.1,0.1,0.8,796.4285714285712,871.1111111111111,0.15928571428571425,73.43858816081038,89.69768914213358,0.004232060584443654,0.9999999999999998,1.0,0.9999999999999998,10,8,2.783648222512984,1,10,balanced,1,2,8,10,True,requested_slotframe_below_minimum (8 < 10),2.783648222512984,False,False,False,True,0,1175,49,1,0,reliability
1784743114759.887,0.1,0.1,0.8,798.0376766091051,872.0,0.15960753532182104,94.85913263691042,113.4900284900285,0.005661049542155465,0.9999999999999998,1.0,0.9999999999999998,10,8,2.783473141513602,1,10,balanced,1,2,8,10,True,requested_slotframe_below_minimum (8 < 10),2.783473141513602,False,False,False,True,0,1176,49,1,0,reliability
1784743141641.963,0.1,0.1,0.8,797.3783359497644,871.6666666666666,0.15947566718995287,108.34124723013612,126.68091168091168,0.0065604567865334305,0.9999999999999998,1.0,0.9999999999999998,10,8,2.7833963876023513,1,10,balanced,1,2,8,10,True,requested_slotframe_below_minimum (8 < 10),2.7833963876023513,False,False,False,True,0,1177,49,1,0,reliability
1784743168647.851,0.1,0.1,0.8,798.0863422291993,873.1111111111111,0.15961726844583987,115.75815131370686,134.55682177904401,0.007055246918859697,0.9999999999999998,1.0,0.9999999999999998,10,8,2.78333274846353,1,10,balanced,1,2,8,10,True,requested_slotframe_below_minimum (8 < 10),2.78333274846353,False,False,False,True,0,1178,49,1,0,reliability
1784743195761.595,0.1,0.1,0.8,798.7362637362637,873.5555555555555,0.15974725274725274,109.21968977524533,142.11142766698322,0.006619058690810229,0.9940694226408511,0.9958847736625516,0.9940694226408511,10,8,2.7786189069688745,1,10,balanced,1,2,8,10,True,requested_slotframe_below_minimum (8 < 10),2.7786189069688745,False,False,False,True,0,1179,49,1,0,reliability
1784743219624.491,0.1,0.1,0.8,797.4191522762951,872.3333333333334,0.15948383045525902,95.80642608420385,121.10161443494775,0.0057242445686593625,0.9999999999999998,1.0,0.9999999999999998,10,8,2.783479192497608,1,10,balanced,1,2,8,10,True,requested_slotframe_below_minimum (8 < 10),2.783479192497608,False,False,False,True,0,1180,49,1,0,reliability
1784743246154.2612,0.1,0.1,0.8,797.734693877551,872.5555555555555,0.15954693877551018,111.76796454574232,132.67647989870213,0.006789057007721302,0.9999999999999998,1.0,0.9999999999999998,10,8,2.7833664004216767,1,10,balanced,1,2,8,10,True,requested_slotframe_below_minimum (8 < 10),2.7833664004216767,False,False,False,True,0,1181,49,1,0,reliability
1784743273245.596,0.1,0.1,0.8,798.4552590266876,873.6666666666666,0.15969105180533752,117.90756568534346,163.1133270022159,0.007198636803558603,0.9958718530147099,0.9958847736625513,0.9958718530147099,10,8,2.7800085135508783,1,10,balanced,1,2,8,10,True,requested_slotframe_below_minimum (8 < 10),2.7800085135508783,False,False,False,True,0,1182,49,1,0,reliability
1784743297207.198,0.1,0.1,0.8,798.1883830455259,873.6666666666666,0.1596376766091052,137.707344096233,179.20069642291864,0.008519502608154301,0.9939531368102794,0.9958847736625513,0.9939531368102794,10,8,2.7783467915264977,1,10,balanced,1,2,8,10,True,requested_slotframe_below_minimum (8 < 10),2.7783467915264977,False,False,False,True,0,1183,49,1,0,reliability
1784743324202.019,0.1,0.1,0.8,798.3956043956043,873.2222222222222,0.15967912087912087,128.13152896486227,158.8255777144666,0.007880689057028838,0.9940694226408511,0.9958847736625516,0.9940694226408511,10,8,2.778499557119066,1,10,balanced,1,2,8,10,True,requested_slotframe_below_minimum (8 < 10),2.778499557119066,False,False,False,True,0,1184,49,1,0,reliability
1784743350887.653,0.1,0.1,0.8,796.3736263736264,871.7777777777778,0.15927472527472528,157.6915163026274,202.97404241848687,0.009852669533197292,0.9999999999999998,1.0,0.9999999999999998,10,8,2.7830872605192076,1,10,balanced,1,2,8,10,True,requested_slotframe_below_minimum (8 < 10),2.7830872605192076,False,False,False,True,0,1185,49,1,0,reliability
1784743377384.388,0.1,0.1,0.8,798.3029827315539,873.2222222222222,0.1596605965463108,651.1475150364039,865.164609053498,0.04277168212384282,0.993841323511653,0.9957264957264957,0.993841323511653,10,8,2.774829830942307,1,10,balanced,1,2,8,10,True,requested_slotframe_below_minimum (8 < 10),2.774829830942307,False,False,False,True,0,1186,49,1,0,reliability
1784743401648.97,0.1,0.1,0.8,797.0078492935636,872.4444444444445,0.15940156985871273,128.27477049699272,165.6980056980057,0.007890244863041542,0.9939531368102794,0.9958847736625513,0.9939531368102794,10,8,2.7784333279760483,1,10,balanced,1,2,8,10,True,requested_slotframe_below_minimum (8 < 10),2.7784333279760483,False,False,False,True,0,1187,49,1,0,reliability
1784743428439.75,0.1,0.1,0.8,796.8712715855572,871.6666666666666,0.15937425431711144,131.52659069325736,165.97815764482434,0.008107177497882413,0.9999999999999998,1.0,0.9999999999999998,10,8,2.7832518568185005,1,10,balanced,1,2,8,10,True,requested_slotframe_below_minimum (8 < 10),2.7832518568185005,False,False,False,True,0,1188,49,1,0,reliability
1784743455225.046,0.1,0.1,0.8,795.4222919937204,870.4444444444445,0.15908445839874408,131.26780626780626,167.88224121557454,0.008089913693649517,0.9999999999999998,1.0,0.9999999999999998,10,8,2.7832825627907605,1,10,balanced,1,2,8,10,True,requested_slotframe_below_minimum (8 < 10),2.7832825627907605,False,False,False,True,0,1189,49,1,0,reliability
1784743482142.07,0.1,0.1,0.8,796.1051805337518,871.3333333333334,0.15922103610675034,125.71779044001265,164.8227287116176,0.007719665806538535,0.9999999999999998,1.0,0.9999999999999998,10,8,2.783305929808671,1,10,balanced,1,2,8,10,True,requested_slotframe_below_minimum (8 < 10),2.783305929808671,False,False,False,True,0,1190,49,1,0,reliability
1784743506412.4639,0.1,0.1,0.8,798.2433281004709,873.0,0.15964866562009417,163.54621715732824,196.0224754669199,0.0102432433060259,0.9940694226408511,0.9958847736625516,0.9940694226408511,10,8,2.778266347220069,1,10,balanced,1,2,8,10,True,requested_slotframe_below_minimum (8 < 10),2.778266347220069,False,False,False,True,0,1191,49,1,0,reliability
1784743533345.362,0.1,0.1,0.8,795.5368916797488,870.6666666666666,0.15910737833594976,122.59417537195314,150.76289965178853,0.007511285882051577,0.9999999999999998,1.0,0.9999999999999998,10,8,2.7833381335781997,1,10,balanced,1,2,8,10,True,requested_slotframe_below_minimum (8 < 10),2.7833381335781997,False,False,False,True,0,1192,49,1,0,reliability
1784743560115.364,0.1,0.1,0.8,797.2072213500783,872.1111111111111,0.15944144427001566,135.80800886356442,171.84710351377018,0.008392795788096359,0.9999999999999998,1.0,0.9999999999999998,10,8,2.7832165759941887,1,10,balanced,1,2,8,10,True,requested_slotframe_below_minimum (8 < 10),2.7832165759941887,False,False,False,True,0,1193,49,1,0,reliability
1784743588235.758,0.1,0.1,0.8,798.4113029827315,873.6666666666666,0.1596822605965463,536.6431488264822,492.3612761723873,0.03513296523192009,0.9602530878041082,0.9638447971781304,0.9602530878041082,10,8,2.74872094766044,1,10,balanced,1,2,8,10,True,requested_slotframe_below_minimum (8 < 10),2.74872094766044,False,False,False,True,0,1194,49,1,0,reliability
1784743612393.474,0.1,0.1,0.8,797.87284144427,872.7777777777778,0.159574568288854,73.34836973725861,90.12978790756569,0.004226042010490901,0.9999999999999998,1.0,0.9999999999999998,10,8,2.783619938970065,1,10,balanced,1,2,8,10,True,requested_slotframe_below_minimum (8 < 10),2.783619938970065,False,False,False,True,0,1195,49,1,0,reliability
1784743639114.796,0.1,0.1,0.8,800.8021978021976,875.4444444444445,0.16016043956043952,83.10224754669198,100.06172839506173,0.004876734325996797,0.9999999999999998,1.0,0.9999999999999998,10,8,2.783496282611356,1,10,balanced,1,2,8,10,True,requested_slotframe_below_minimum (8 < 10),2.783496282611356,False,False,False,True,0,1196,49,1,0,reliability
1784743666500.541,0.1,0.1,0.8,799.1130298273154,873.6666666666666,0.15982260596546308,84.66682494460271,100.34979423868315,0.004981109069019527,0.9740848720440556,0.9797178130511462,0.9740848720440556,10,8,2.7627875261317962,1,10,balanced,1,2,8,10,True,requested_slotframe_below_minimum (8 < 10),2.7627875261317962,False,False,False,True,0,1197,49,1,0,reliability
1784743693409.783,0.1,0.1,0.8,797.5290423861852,872.8888888888889,0.15950580847723705,72.75403608736943,88.01836024058247,0.0041863933347144385,0.9999999999999998,1.0,0.9999999999999998,10,8,2.7836307798188047,1,10,balanced,1,2,8,10,True,requested_slotframe_below_minimum (8 < 10),2.7836307798188047,False,False,False,True,0,1198,49,1,0,reliability
1784743717184.679,0.1,0.1,0.8,798.4835164835164,873.7777777777778,0.15969670329670327,96.62314023425134,123.89047166824945,0.005778728501284278,0.9999999999999998,1.0,0.9999999999999998,10,8,2.783452456820201,1,10,balanced,1,2,8,10,True,requested_slotframe_below_minimum (8 < 10),2.783452456820201,False,False,False,True,0,1199,49,1,0,reliability
1784743744314.352,0.1,0.1,0.8,798.6326530612243,873.2222222222222,0.15972653061224487,131.661918328585,156.8914213358658,0.00811620535881154,0.9999999999999998,1.0,0.9999999999999998,10,8,2.783215726402894,1,10,balanced,1,2,8,10,True,requested_slotframe_below_minimum (8 < 10),2.783215726402894,False,False,False,True,0,1200,49,1,0,reliability
