timestamp,alpha,beta,delta,power_wam,power_mean,power_normalized,delay_wam,delay_mean,delay_normalized,pdr_wam,pdr_mean,pdr_normalized,current_sf_len,last_ts_in_schedule,reward,action,returned_reward,terminated,truncated,wait_timeout,valid_cycle,wait_attempts,cycle_idx,seed,alpha_weight,beta_weight,delta_weight,profile
1781384039920.812,0.4,0.3,0.3,780.0722135007849,848.3333333333334,0.15601444270015696,164.77168407723963,221.0848821959933,0.010324995602217453,0.9863198026463331,0.988095238095238,0.9863198026463331,11,8,2.230392665033172,0,2.230392665033172,False,False,False,True,0,1,8,0.4,0.3,0.3,balanced
1781384043434.236,0.4,0.3,0.3,795.7817896389325,871.4444444444445,0.1591563579277865,1989.4444444444443,2059.588477366255,0.13205099696093692,0.9999999999999998,1.0,0.9999999999999998,10,8,2.1967221577406044,1,2.1967221577406044,False,False,False,True,0,2,8,0.4,0.3,0.3,balanced
1781384050439.23,0.4,0.3,0.3,773.083202511774,840.7777777777778,0.1546166405023548,231.45502645502646,301.9091710758378,0.014773517441963072,0.9999999999999998,1.0,0.9999999999999998,11,8,2.233721288566469,0,2.233721288566469,False,False,False,True,0,3,8,0.4,0.3,0.3,balanced
1781384053756.651,0.4,0.3,0.3,735.9183673469388,793.6666666666666,0.14718367346938777,163.86904761904762,197.46031746031747,0.01026477969439944,0.9999999999999998,1.0,0.9999999999999998,13,8,2.2380470967039248,0,2.2380470967039248,False,False,False,True,0,4,8,0.4,0.3,0.3,balanced
1781384056969.2668,0.4,0.3,0.3,723.7974882260596,777.8888888888889,0.14475949764521193,145.13888888888886,184.24603174603175,0.009015269438885181,0.9999999999999998,1.0,0.9999999999999998,14,8,2.2393916201102497,0,2.2393916201102497,False,False,False,True,0,5,8,0.4,0.3,0.3,balanced
1781384060287.103,0.4,0.3,0.3,740.7755102040816,798.7777777777778,0.1481551020408163,147.47654094876313,209.39526522859856,0.009171216874500543,0.9960192868356132,0.9960317460317462,0.9960192868356132,13,8,2.236792380172007,1,2.236792380172007,False,False,False,True,0,6,8,0.4,0.3,0.3,balanced
1781384063513.5442,0.4,0.3,0.3,723.4285714285713,776.6666666666666,0.14468571428571428,136.2610229276896,175.09700176366843,0.008423016873094703,0.9999999999999998,1.0,0.9999999999999998,14,8,2.2395988092237857,0,2.2395988092237857,False,False,False,True,0,7,8,0.4,0.3,0.3,balanced
1781384066629.843,0.4,0.3,0.3,698.9450549450548,746.2222222222222,0.13978901098901098,135.44973544973544,168.5949441504997,0.008368894959955667,0.9999999999999998,1.0,0.9999999999999998,16,8,2.2415737271164087,0,2.2415737271164087,False,False,False,True,0,8,8,0.4,0.3,0.3,balanced
1781384069642.772,0.4,0.3,0.3,691.6687598116168,736.3333333333334,0.13833375196232336,169.41120607787275,206.2298195631529,0.010634503407463159,0.9999999999999998,1.0,0.9999999999999998,17,8,2.241476148192832,0,2.241476148192832,False,False,False,True,0,9,8,0.4,0.3,0.3,balanced
1781384072656.3088,0.4,0.3,0.3,675.0627943485086,714.5555555555555,0.13501255886970173,154.24088771310994,186.38741916519697,0.009622474163649763,0.9999999999999998,1.0,0.9999999999999998,19,8,2.2431082342030244,0,2.2431082342030244,False,False,False,True,0,10,8,0.4,0.3,0.3,balanced
1781384075668.814,0.4,0.3,0.3,670.9183673469387,708.6666666666666,0.13418367346938773,1719.7619047619046,1826.9841269841268,0.114060167095524,0.9999999999999998,1.0,0.9999999999999998,20,8,2.2121084804835878,0,2.2121084804835878,False,False,False,True,0,11,8,0.4,0.3,0.3,balanced
1781384078581.6072,0.4,0.3,0.3,659.7503924646782,693.2222222222222,0.13195007849293564,137.20238095238096,164.76190476190476,0.008485815940785922,0.9999999999999998,1.0,0.9999999999999998,22,8,2.24467422382059,0,2.24467422382059,False,False,False,True,0,12,8,0.4,0.3,0.3,balanced
1781384085178.486,0.4,0.3,0.3,670.7770800627943,708.8888888888889,0.13415541601255887,146.4880952380952,184.56349206349205,0.009105276533562056,0.9999999999999998,1.0,0.9999999999999998,20,8,2.2436062506349077,1,2.2436062506349077,False,False,False,True,0,13,8,0.4,0.3,0.3,balanced
1781384088190.626,0.4,0.3,0.3,676.447409733124,715.8888888888889,0.1352894819466248,130.89873603762493,167.02380952380952,0.008065292597573378,0.9999999999999998,1.0,0.9999999999999998,19,8,2.243464619442078,1,2.243464619442078,False,False,False,True,0,14,8,0.4,0.3,0.3,balanced
1781384091215.1611,0.4,0.3,0.3,669.7912087912088,706.7777777777778,0.13395824175824175,138.89256319811875,175.56584362139918,0.008598569926492244,0.9942812289751064,0.9960317460317462,0.9942812289751064,20,8,2.2421215010112876,0,2.2421215010112876,False,False,False,True,0,15,8,0.4,0.3,0.3,balanced
1781384094129.3188,0.4,0.3,0.3,658.9372056514914,692.6666666666666,0.13178744113029828,156.847442680776,198.33333333333337,0.009796360418997731,0.9999999999999998,1.0,0.9999999999999998,22,8,2.2443461154221813,0,2.2443461154221813,False,False,False,True,0,16,8,0.4,0.3,0.3,balanced
1781384097054.034,0.4,0.3,0.3,653.1805337519622,685.8888888888889,0.13063610675039244,148.5363813141591,181.26588432143987,0.00924192003430014,0.9999999999999998,1.0,0.9999999999999998,23,8,2.244972981289553,0,2.244972981289553,False,False,False,True,0,17,8,0.4,0.3,0.3,balanced
1781384099966.943,0.4,0.3,0.3,645.0486656200942,674.8888888888889,0.12900973312401884,194.62301587301585,226.82539682539678,0.01231641199953408,0.9999999999999998,1.0,0.9999999999999998,25,8,2.244701183150532,0,2.244701183150532,False,False,False,True,0,18,8,0.4,0.3,0.3,balanced
1781384102780.77,0.4,0.3,0.3,638.447409733124,667.6666666666666,0.1276894819466248,204.09385881608102,253.61981639759415,0.012948222736229555,0.9940694226408511,0.9958847736625513,0.9940694226408511,26,8,2.2432605671927366,0,2.2432605671927366,False,False,False,True,0,19,8,0.4,0.3,0.3,balanced
1781384141606.859,0.4,0.3,0.3,634.5761381475667,662.1111111111111,0.12691522762951332,234.74867724867724,276.4814814814815,0.014993240643674265,0.9999999999999998,1.0,0.9999999999999998,28,8,2.2447359367550925,0,2.2447359367550925,False,False,False,True,1,20,8,0.4,0.3,0.3,balanced
1781384144429.847,0.4,0.3,0.3,629.74568288854,656.3333333333334,0.125949136577708,252.4228395061728,301.2874779541446,0.01617230416985809,0.9999999999999998,1.0,0.9999999999999998,29,8,2.2447686541179594,0,2.2447686541179594,False,False,False,True,0,21,8,0.4,0.3,0.3,balanced
1781384147243.805,0.4,0.3,0.3,623.0706436420721,647.3333333333334,0.12461412872841443,532.2589653145208,702.5455614344503,0.03484049134853374,0.988450325185019,0.9920634920634921,0.988450325185019,32,8,2.2362372986595798,0,2.2362372986595798,False,False,False,True,0,22,8,0.4,0.3,0.3,balanced
1781384149965.392,0.4,0.3,0.3,617.3846153846154,639.4444444444445,0.12347692307692307,308.698955365622,407.1351693573916,0.019926548056412408,0.9999999999999998,1.0,0.9999999999999998,34,8,2.244631266352307,0,2.244631266352307,False,False,False,True,0,23,8,0.4,0.3,0.3,balanced
1781384156267.811,0.4,0.3,0.3,614.9010989010989,636.8888888888889,0.12298021978021978,229.73251028806584,280.4938271604938,0.014658606423486714,0.9999999999999998,1.0,0.9999999999999998,35,8,2.2464103301608658,0,2.2464103301608658,False,False,False,True,0,24,8,0.4,0.3,0.3,balanced
1781384158991.888,0.4,0.3,0.3,612.2794348508635,633.1111111111111,0.12245588697017269,234.56643151087596,283.78894767783663,0.014981082822606802,0.9999999999999998,1.0,0.9999999999999998,37,8,2.246523320365149,0,2.246523320365149,False,False,False,True,0,25,8,0.4,0.3,0.3,balanced
1781384161712.352,0.4,0.3,0.3,610.0235478806907,630.6666666666666,0.12200470957613814,246.74235743680188,295.2542621987066,0.015793352730940752,0.9999999999999998,1.0,0.9999999999999998,38,8,2.2464601103502626,0,2.2464601103502626,False,False,False,True,0,26,8,0.4,0.3,0.3,balanced
1781384164424.785,0.4,0.3,0.3,607.3092621664049,626.3333333333334,0.12146185243328098,269.3761022927689,331.73280423280426,0.01730327566996457,0.9999999999999998,1.0,0.9999999999999998,40,8,2.246224276325698,0,2.246224276325698,False,False,False,True,0,27,8,0.4,0.3,0.3,balanced
1781384167146.453,0.4,0.3,0.3,603.9073783359497,622.4444444444445,0.12078147566718994,275.1587301587301,312.9761904761905,0.01768904137149634,0.9999999999999998,1.0,0.9999999999999998,41,8,2.246380697321675,0,2.246380697321675,False,False,False,True,0,28,8,0.4,0.3,0.3,balanced
1781384170162.985,0.4,0.3,0.3,604.4254317111458,624.7777777777778,0.12088508634222916,612.5605908252968,609.4747322394383,0.04019750439128064,0.8919651776794634,0.8552188552188552,0.8919651776794634,43,8,2.207176267449563,0,2.207176267449563,False,False,False,True,0,29,8,0.4,0.3,0.3,balanced
1781384172887.794,0.4,0.3,0.3,604.248037676609,623.0,0.1208496075353218,305.0095532039976,371.14050558495,0.019680423829486163,0.9999999999999998,1.0,0.9999999999999998,41,8,2.2457560298370254,1,2.2457560298370254,False,False,False,True,0,30,8,0.4,0.3,0.3,balanced
1781384175611.3801,0.4,0.3,0.3,608.3296703296703,628.0,0.12166593406593407,278.4920634920635,338.7301587301588,0.01791141184069803,0.9999999999999998,1.0,0.9999999999999998,40,8,2.2459602028214167,1,2.2459602028214167,False,False,False,True,0,31,8,0.4,0.3,0.3,balanced
1781384178329.467,0.4,0.3,0.3,607.1475667189952,626.0,0.12142951334379905,295.9582598471488,363.2039976484421,0.01907660172429278,0.9999999999999998,1.0,0.9999999999999998,41,8,2.2457052141451923,0,2.2457052141451923,False,False,False,True,0,32,8,0.4,0.3,0.3,balanced
1781384181052.5269,0.4,0.3,0.3,601.8697017268445,619.5555555555555,0.1203739403453689,317.3412698412698,386.38888888888886,0.020503086713893916,0.9999999999999998,1.0,0.9999999999999998,43,8,2.245699497847684,0,2.245699497847684,False,False,False,True,0,33,8,0.4,0.3,0.3,balanced
1781384183769.216,0.4,0.3,0.3,606.8744113029827,624.8888888888889,0.12137488226059655,296.72692533803644,366.3109935332157,0.01912788027605313,0.9999999999999998,1.0,0.9999999999999998,41,8,2.2457116830129453,1,2.2457116830129453,False,False,False,True,0,34,8,0.4,0.3,0.3,balanced
1781384186492.5688,0.4,0.3,0.3,609.7746268656717,626.4444444444445,0.12195492537313435,270.773719744308,352.22030027585583,0.017396512324503535,1.0000000000000002,1.0,1.0,40,8,2.245999076153395,1,2.245999076153395,False,False,False,True,0,35,8,0.4,0.3,0.3,balanced
1781384193002.1492,0.4,0.3,0.3,523.1955223880598,563.0,0.10463910447761196,272.01790796963945,313.6435931899641,0.017479513540336188,0.8447761194029851,0.8888888888888888,0.8447761194029851,41,8,2.20633333996775,0,2.20633333996775,False,False,False,True,0,36,8,0.4,0.3,0.3,balanced
1781384195714.105,0.4,0.3,0.3,602.3893249607536,620.6666666666666,0.12047786499215071,280.5268959435626,327.27513227513225,0.018047157834794034,0.9999999999999998,1.0,0.9999999999999998,43,8,2.2463947066527012,0,2.2463947066527012,False,False,False,True,0,37,8,0.4,0.3,0.3,balanced
1781384198439.1921,0.4,0.3,0.3,601.0675039246468,618.4444444444445,0.12021350078492934,288.7691570881226,344.1858237547892,0.018597008478193636,0.9999999999999998,1.0,0.9999999999999998,44,8,2.24633549714257,0,2.24633549714257,False,False,False,True,0,38,8,0.4,0.3,0.3,balanced
1781384201157.6108,0.4,0.3,0.3,599.3155416012559,615.8888888888889,0.11986310832025117,278.7144225506294,325.2011494252874,0.017926245667153395,0.9999999999999998,1.0,0.9999999999999998,46,8,2.2466768829717534,0,2.2466768829717534,False,False,False,True,0,39,8,0.4,0.3,0.3,balanced
1781384203880.73,0.4,0.3,0.3,597.6216640502355,614.3333333333334,0.1195243328100471,316.7063492063492,369.6825396825397,0.02046073043404598,0.9999999999999998,1.0,0.9999999999999998,47,8,2.2460520477457675,0,2.2460520477457675,False,False,False,True,0,40,8,0.4,0.3,0.3,balanced
1781384206499.833,0.4,0.3,0.3,594.9434850863422,610.8888888888889,0.11898869701726844,355.6853434631212,431.44824311490976,0.02306106360661249,0.9999999999999998,1.0,0.9999999999999998,49,8,2.245486202111109,0,2.245486202111109,False,False,False,True,0,41,8,0.4,0.3,0.3,balanced
1781384209615.9092,0.4,0.3,0.3,435.1836734693877,477.8888888888889,0.08703673469387754,272.4391534391534,300.989417989418,0.01750761530614766,0.7284144427001569,0.7777777777777778,0.7284144427001569,50,8,2.178457354340652,0,2.178457354340652,False,False,False,True,0,42,8,0.4,0.3,0.3,balanced
1781384212342.072,0.4,0.3,0.3,590.7660910518052,605.6666666666666,0.11815321821036105,342.84688013136287,422.508210180624,0.02220459507213895,0.9999999999999998,1.0,0.9999999999999998,52,8,2.2460773341942137,0,2.2460773341942137,False,False,False,True,0,43,8,0.4,0.3,0.3,balanced
1781384215065.949,0.4,0.3,0.3,592.9968602825744,608.4444444444445,0.11859937205651488,304.1461412151067,356.76792556102896,0.019622824630760954,0.9944784279759648,0.9961685823754789,0.9944784279759648,50,8,2.245016932180955,1,2.245016932180955,False,False,False,True,0,44,8,0.4,0.3,0.3,balanced
1781384217689.836,0.4,0.3,0.3,590.5494505494505,606.3333333333334,0.1181098901098901,379.24817980373535,455.9037670148781,0.024632967298447987,0.9999999999999998,1.0,0.9999999999999998,52,8,2.2453661537665095,0,2.2453661537665095,False,False,False,True,0,45,8,0.4,0.3,0.3,balanced
1781384220402.588,0.4,0.3,0.3,591.1020408163265,606.0,0.1182204081632653,352.5050680127309,413.1628453850676,0.022848903803384314,0.9942812289751064,0.9960317460317462,0.9942812289751064,53,8,2.2441415342862103,0,2.2441415342862103,False,False,False,True,0,46,8,0.4,0.3,0.3,balanced
1781384223027.861,0.4,0.3,0.3,589.5682888540031,603.8888888888889,0.11791365777080061,353.9197530864197,398.54700854700855,0.022943279058466957,0.9999999999999998,1.0,0.9999999999999998,55,8,2.2459515531741396,0,2.2459515531741396,False,False,False,True,0,47,8,0.4,0.3,0.3,balanced
1781384229234.208,0.4,0.3,0.3,586.3657770800628,601.1111111111111,0.11727315541601256,357.0348324514991,401.65049970605526,0.02315108955647092,0.9999999999999998,1.0,0.9999999999999998,56,8,2.2461454109666534,0,2.2461454109666534,False,False,False,True,0,48,8,0.4,0.3,0.3,balanced
1781384231853.908,0.4,0.3,0.3,587.7582417582418,601.3333333333334,0.11755164835164834,402.3264595486818,453.7960701849591,0.026172545667023466,0.9999999999999998,1.0,0.9999999999999998,58,8,2.2451275769592334,0,2.2451275769592334,False,False,False,True,0,49,8,0.4,0.3,0.3,balanced
1781384234476.537,0.4,0.3,0.3,585.8806907378337,599.5555555555555,0.11717613814756674,408.8874191651969,505.0396825396825,0.026610234767524808,0.9940694226408511,0.9958847736625513,0.9940694226408511,59,8,2.243367301102971,0,2.243367301102971,False,False,False,True,0,50,8,0.4,0.3,0.3,balanced
1781384237100.363,0.4,0.3,0.3,584.3861852433281,597.8888888888889,0.11687723704866562,477.29717813051144,568.0379188712521,0.031173927827252264,0.9999999999999998,1.0,0.9999999999999998,61,8,2.243896926832358,0,2.243896926832358,False,False,False,True,0,51,8,0.4,0.3,0.3,balanced
1781384239722.771,0.4,0.3,0.3,584.7189952904239,597.3333333333334,0.11694379905808477,525.7157554379776,624.1137566137565,0.03440398635343413,0.9999999999999998,1.0,0.9999999999999998,64,8,2.2429012844707357,0,2.2429012844707357,False,False,False,True,0,52,8,0.4,0.3,0.3,balanced
1781384242346.523,0.4,0.3,0.3,584.8822605965463,597.8888888888889,0.11697645211930927,446.385949441505,555.1528512639624,0.029111804499099732,0.9999999999999998,1.0,0.9999999999999998,61,8,2.244475877802546,1,2.244475877802546,False,False,False,True,0,53,8,0.4,0.3,0.3,balanced
1781384244968.112,0.4,0.3,0.3,581.9309262166404,594.0,0.11638618524332808,554.3569958847737,685.7480893592005,0.03631467617643587,0.9999999999999998,1.0,0.9999999999999998,64,8,2.242551123049738,0,2.242551123049738,False,False,False,True,0,54,8,0.4,0.3,0.3,balanced
1781384247591.281,0.4,0.3,0.3,582.3343799058084,594.5555555555555,0.11646687598116168,501.7195767195767,604.8059964726631,0.0328031738972366,0.9999999999999998,1.0,0.9999999999999998,65,8,2.243572297438364,0,2.243572297438364,False,False,False,True,0,55,8,0.4,0.3,0.3,balanced
1781384250212.758,0.4,0.3,0.3,580.8634222919936,592.6666666666666,0.11617268445839872,498.6765138154027,583.9462081128747,0.03260016769949318,0.9941690962099123,0.9960317460317462,0.9941690962099123,67,8,2.2420016047697664,0,2.2420016047697664,False,False,False,True,0,56,8,0.4,0.3,0.3,balanced
1781384252832.118,0.4,0.3,0.3,580.8524332810047,592.3333333333334,0.11617048665620093,528.5927395649617,637.5617283950617,0.03459591324649511,0.9999999999999998,1.0,0.9999999999999998,68,8,2.243153031363571,0,2.243153031363571,False,False,False,True,0,57,8,0.4,0.3,0.3,balanced
1781384255453.55,0.4,0.3,0.3,579.2480376766091,591.4444444444445,0.11584960753532182,464.538506760729,527.3691945914168,0.030322782305585657,0.9999999999999998,1.0,0.9999999999999998,67,8,2.2445633222941956,1,2.2445633222941956,False,False,False,True,0,58,8,0.4,0.3,0.3,balanced
1781384258070.435,0.4,0.3,0.3,581.4772370486656,593.7777777777778,0.11629544740973313,438.79556143445035,492.42651381540264,0.028605441056334245,0.9999999999999998,1.0,0.9999999999999998,65,8,2.2449001887192064,1,2.2449001887192064,False,False,False,True,0,59,8,0.4,0.3,0.3,balanced
1781384264270.1199,0.4,0.3,0.3,583.3218210361067,595.8888888888889,0.11666436420722134,430.60846560846556,488.0114638447972,0.028059270554267216,0.9999999999999998,1.0,0.9999999999999998,64,8,2.2449164731508313,1,2.2449164731508313,False,False,False,True,0,60,8,0.4,0.3,0.3,balanced
1781384266896.003,0.4,0.3,0.3,584.1365777080063,596.8888888888889,0.11682731554160125,435.7539682539682,511.77395649617876,0.0284025329055349,0.9999999999999998,1.0,0.9999999999999998,61,8,2.244748313911699,1,2.244748313911699,False,False,False,True,0,61,8,0.4,0.3,0.3,balanced
1781384269616.942,0.4,0.3,0.3,582.4662480376766,595.1111111111111,0.1164932496075353,1818.2345792068013,2054.63449102338,0.12062939154148107,0.9445756097057998,0.9463510308337894,0.9445756097057998,64,8,2.2005865656062813,0,2.2005865656062813,False,False,False,True,0,62,8,0.4,0.3,0.3,balanced
1781384272542.9658,0.4,0.3,0.3,585.6766091051804,598.4444444444445,0.11713532182103609,799.6464646464647,990.5387205387207,0.05267821645406702,0.8258362516604273,0.8629807692307693,0.8258362516604273,61,8,2.1850932818334936,1,2.1850932818334936,False,False,False,True,0,63,8,0.4,0.3,0.3,balanced
1781384275161.5789,0.4,0.3,0.3,587.1365777080061,600.3333333333334,0.11742731554160123,412.74985302763076,498.65520282186947,0.026867902136599783,0.9999999999999998,1.0,0.9999999999999998,59,8,2.2449687031423795,1,2.2449687031423795,False,False,False,True,0,64,8,0.4,0.3,0.3,balanced
1781384277781.166,0.4,0.3,0.3,585.8712715855573,599.6666666666666,0.11717425431711147,423.63609641387416,523.2172251616696,0.027594135851492604,0.9999999999999998,1.0,0.9999999999999998,59,8,2.2448520575177078,2,2.2448520575177078,False,False,False,True,0,65,8,0.4,0.3,0.3,balanced
1781384280402.9219,0.4,0.3,0.3,586.4521193092621,600.0,0.11729042386185243,437.8203997648442,513.6654908877131,0.0285403869089289,0.9999999999999998,1.0,0.9999999999999998,58,8,2.2445217143825804,1,2.2445217143825804,False,False,False,True,0,66,8,0.4,0.3,0.3,balanced
1781384283022.4258,0.4,0.3,0.3,587.8712715855572,601.6666666666666,0.11757425431711145,370.8774250440917,461.2022339800117,0.024074544699405717,0.9999999999999998,1.0,0.9999999999999998,56,8,2.2457479348633336,1,2.2457479348633336,False,False,False,True,0,67,8,0.4,0.3,0.3,balanced
1781384285744.47,0.4,0.3,0.3,588.7880690737834,603.4444444444445,0.11775761381475668,457.1148056923918,507.65599343185556,0.02982753873865189,0.9999999999999998,1.0,0.9999999999999998,55,8,2.2439486928525016,1,2.2439486928525016,False,False,False,True,0,68,8,0.4,0.3,0.3,balanced
1781384288362.178,0.4,0.3,0.3,590.2919937205652,604.8888888888889,0.11805839874411304,374.4412788857233,423.8619816397594,0.024312293454684678,0.9999999999999998,1.0,0.9999999999999998,53,8,2.245482952465949,1,2.245482952465949,False,False,False,True,0,69,8,0.4,0.3,0.3,balanced
1781384291075.326,0.4,0.3,0.3,591.9419152276295,606.8888888888889,0.11838838304552589,333.7801039956213,375.3024083196497,0.02159974009310349,0.9999999999999998,1.0,0.9999999999999998,52,8,2.2461647247538585,1,2.2461647247538585,False,False,False,True,0,70,8,0.4,0.3,0.3,balanced
1781384293697.531,0.4,0.3,0.3,589.1428571428572,603.7777777777778,0.11782857142857145,350.7201646090535,385.3086419753086,0.022729830861177684,0.9999999999999998,1.0,0.9999999999999998,53,8,2.246049622170218,0,2.246049622170218,False,False,False,True,0,71,8,0.4,0.3,0.3,balanced
1781384299906.796,0.4,0.3,0.3,591.1836734693878,606.6666666666666,0.11823673469387756,308.46866096866097,341.1712567268123,0.019911184854480384,0.9999999999999998,1.0,0.9999999999999998,52,8,2.246731950666105,1,2.246731950666105,False,False,False,True,0,72,8,0.4,0.3,0.3,balanced
1781384302633.6182,0.4,0.3,0.3,592.2747252747253,608.3333333333334,0.11845494505494505,352.53489326765185,390.3721948549535,0.022850893480163566,0.9999999999999998,1.0,0.9999999999999998,50,8,2.245762753933973,1,2.245762753933973,False,False,False,True,0,73,8,0.4,0.3,0.3,balanced
1781384305355.073,0.4,0.3,0.3,594.6420722135007,610.0,0.11892841444270014,278.07129173508486,322.29611384783794,0.017883341676790183,0.9999999999999998,1.0,0.9999999999999998,49,8,2.247063631719883,1,2.247063631719883,False,False,False,True,0,74,8,0.4,0.3,0.3,balanced
1781384308078.23,0.4,0.3,0.3,597.5918367346937,614.0,0.11951836734693874,315.93459222769565,354.49917898193763,0.020409245645610117,0.9999999999999998,1.0,0.9999999999999998,47,8,2.2460698793675413,1,2.2460698793675413,False,False,False,True,0,75,8,0.4,0.3,0.3,balanced
1781384310804.445,0.4,0.3,0.3,599.1522762951334,616.1111111111111,0.11983045525902669,301.1843185550082,348.90257252326217,0.019425238062375463,0.9999999999999998,1.0,0.9999999999999998,46,8,2.2462402464776767,1,2.2462402464776767,False,False,False,True,0,76,8,0.4,0.3,0.3,balanced
1781384313530.125,0.4,0.3,0.3,600.8367346938775,618.2222222222222,0.1201673469387755,295.0417350848385,355.87848932676513,0.019015459311863808,0.9999999999999998,1.0,0.9999999999999998,44,8,2.2462284234309307,1,2.2462284234309307,False,False,False,True,0,77,8,0.4,0.3,0.3,balanced
1781384316253.298,0.4,0.3,0.3,601.7472527472527,619.8888888888889,0.12034945054945054,323.0298353909465,387.85126396237507,0.02088257741100377,0.9999999999999998,1.0,0.9999999999999998,43,8,2.245595446556919,1,2.245595446556919,False,False,False,True,0,78,8,0.4,0.3,0.3,balanced
1781384318967.774,0.4,0.3,0.3,601.6875981161695,620.0,0.1203375196232339,296.70634920634916,362.8571428571429,0.019126507618835834,0.9999999999999998,1.0,0.9999999999999998,43,8,2.2461270398650557,2,2.2461270398650557,False,False,False,True,0,79,8,0.4,0.3,0.3,balanced
1781384321686.575,0.4,0.3,0.3,606.6938775510203,624.7777777777778,0.12133877551020406,313.91313932980603,366.95326278659616,0.02027439221679827,0.9999999999999998,1.0,0.9999999999999998,41,8,2.2453821721308787,1,2.2453821721308787,False,False,False,True,0,80,8,0.4,0.3,0.3,balanced
1781384324405.3992,0.4,0.3,0.3,607.270015698587,626.3333333333334,0.12145400313971741,284.71707818930037,345.02645502645504,0.018326689672401624,0.9999999999999998,1.0,0.9999999999999998,40,8,2.2459203918423927,1,2.2459203918423927,False,False,False,True,0,81,8,0.4,0.3,0.3,balanced
1781384327121.805,0.4,0.3,0.3,611.5368916797488,631.6666666666666,0.12230737833594976,282.17960023515576,331.0949441504997,0.018157411623426,0.9999999999999998,1.0,0.9999999999999998,38,8,2.245629825178592,1,2.245629825178592,False,False,False,True,0,82,8,0.4,0.3,0.3,balanced
1781384329948.071,0.4,0.3,0.3,610.1522762951333,631.4444444444445,0.12203045525902667,635.2817308277079,714.5556366437593,0.04171325756022067,0.9850051426406106,0.9885057471264369,0.9850051426406106,37,8,2.2341753834205065,1,2.2341753834205065,False,False,False,True,0,83,8,0.4,0.3,0.3,balanced
1781384336249.1719,0.4,0.3,0.3,614.0612244897959,636.0,0.12281224489795918,253.24153213042098,306.1047799936689,0.016226920088753902,0.9999999999999998,1.0,0.9999999999999998,35,8,2.24600702601419,1,2.24600702601419,False,False,False,True,0,84,8,0.4,0.3,0.3,balanced
1781384339061.832,0.4,0.3,0.3,616.2072213500785,638.7777777777778,0.1232414442700157,242.70388615216203,298.3251231527094,0.015523941704613877,0.9999999999999998,1.0,0.9999999999999998,34,8,2.2460462397806094,1,2.2460462397806094,False,False,False,True,0,85,8,0.4,0.3,0.3,balanced
1781384341884.785,0.4,0.3,0.3,622.9230769230769,646.6666666666666,0.12458461538461538,227.20412941677307,294.9212430821626,0.014489935251285729,0.9942812289751064,0.9960317460317462,0.9942812289751064,32,8,2.2441035419633,1,2.2441035419633,False,False,False,True,0,86,8,0.4,0.3,0.3,balanced
1781384344709.458,0.4,0.3,0.3,640.3342816500711,658.5555555555555,0.12806685633001422,204.15178571428572,255.59523809523813,0.012952087105689509,0.9999999999999999,1.0,0.9999999999999999,29,8,2.2448876313362875,1,2.2448876313362875,False,False,False,True,0,87,8,0.4,0.3,0.3,balanced
1781384347525.043,0.4,0.3,0.3,622.1868131868132,646.4444444444445,0.12443736263736264,231.58730158730154,273.1746031746032,0.01478234166693139,0.9999999999999998,1.0,0.9999999999999998,32,8,2.2457903524449754,0,2.2457903524449754,False,False,False,True,0,88,8,0.4,0.3,0.3,balanced
1781384350439.229,0.4,0.3,0.3,617.4270015698586,640.3333333333334,0.12348540031397172,421.5048843910324,403.53412045821915,0.027451960266246325,0.9748299319727889,0.9518518518518518,0.9748299319727889,34,8,2.234819231386374,0,2.234819231386374,False,False,False,True,0,89,8,0.4,0.3,0.3,balanced
1781384353164.252,0.4,0.3,0.3,623.7441130298273,647.2222222222222,0.12474882260596547,223.8216207660652,261.4640709085154,0.014264284240564723,0.9999999999999998,1.0,0.9999999999999998,32,8,2.245821185685444,1,2.245821185685444,False,False,False,True,0,90,8,0.4,0.3,0.3,balanced
1781384355979.85,0.4,0.3,0.3,630.7708006279433,657.1111111111111,0.12615416012558867,187.24500293944737,234.1358024691358,0.011824216340189951,0.9999999999999998,1.0,0.9999999999999998,29,8,2.2459910710477073,1,2.2459910710477073,False,False,False,True,0,91,8,0.4,0.3,0.3,balanced
1781384358993.511,0.4,0.3,0.3,547.1758241758241,600.5555555555555,0.10943516483516483,135.0483870967742,157.5973715651135,0.008342120553487271,0.8398744113029827,0.8888888888888888,0.8398744113029827,28,8,2.2056856212907827,1,2.2056856212907827,False,False,False,True,0,92,8,0.4,0.3,0.3,balanced
1781384361819.299,0.4,0.3,0.3,641.2637362637362,670.0,0.12825274725274724,171.94840139284582,218.25894270338713,0.010803762601257226,0.9999999999999998,1.0,0.9999999999999998,26,8,2.245457772318524,1,2.245457772318524,False,False,False,True,0,93,8,0.4,0.3,0.3,balanced
1781384364746.1628,0.4,0.3,0.3,643.6200941915226,674.1111111111111,0.12872401883830453,189.26587301587298,244.16666666666666,0.011959030888317077,0.9999999999999998,1.0,0.9999999999999998,25,8,2.244922683198183,1,2.244922683198183,False,False,False,True,0,94,8,0.4,0.3,0.3,balanced
1781384371249.102,0.4,0.3,0.3,653.822605965463,686.5555555555555,0.1307645211930926,172.38462669018222,203.29512051734275,0.010832863688471129,0.9999999999999998,1.0,0.9999999999999998,23,8,2.2444443324162213,1,2.2444443324162213,False,False,False,True,0,95,8,0.4,0.3,0.3,balanced
1781384374167.227,0.4,0.3,0.3,656.7268445839875,690.6666666666666,0.1313453689167975,166.7166372721928,204.53262786596122,0.010454745648578572,0.9999999999999998,1.0,0.9999999999999998,22,8,2.2443254287387076,1,2.2443254287387076,False,False,False,True,0,96,8,0.4,0.3,0.3,balanced
1781384377186.9841,0.4,0.3,0.3,671.2637362637362,708.6666666666666,0.13425274725274725,157.02228327228326,194.34371184371184,0.009808024234308424,0.9999999999999998,1.0,0.9999999999999998,20,8,2.2433564938286086,1,2.2433564938286086,False,False,False,True,0,97,8,0.4,0.3,0.3,balanced
1781384382506.611,0.4,0.3,0.3,676.0455259026687,718.6666666666666,0.13520910518053375,991.7568951488478,978.5615051101163,0.0654941224248731,0.49772660057607626,0.4921585593139095,0.49772660057607626,19,8,2.0755861013731476,1,2.0755861013731476,False,False,False,True,0,98,8,0.4,0.3,0.3,balanced
1781384385522.6719,0.4,0.3,0.3,671.8712715855572,709.7777777777778,0.13437425431711145,123.31349206349206,152.5793650793651,0.007559272319112212,0.9999999999999998,1.0,0.9999999999999998,20,8,2.2439825165774216,0,2.2439825165774216,False,False,False,True,0,99,8,0.4,0.3,0.3,balanced
1781384388537.931,0.4,0.3,0.3,677.3814756671899,717.0,0.13547629513343798,129.0511803011803,159.91498213720436,0.007942040046776537,0.99587185301471,0.9958847736625513,0.99587185301471,19,8,2.242188425837005,1,2.242188425837005,False,False,False,True,0,100,8,0.4,0.3,0.3,balanced
1781384391559.266,0.4,0.3,0.3,692.7849293563578,737.2222222222222,0.13855698587127155,111.02089268755937,137.33776511554288,0.006739218991831846,0.9999999999999998,1.0,0.9999999999999998,17,8,2.2425554399539416,1,2.2425554399539416,False,False,False,True,0,101,8,0.4,0.3,0.3,balanced
1781384394674.0999,0.4,0.3,0.3,701.5902668759812,749.1111111111111,0.14031805337519623,108.9587007642563,133.27748383303938,0.006601647816161195,0.9999999999999998,1.0,0.9999999999999998,16,8,2.2418922843050733,1,2.2418922843050733,False,False,False,True,0,102,8,0.4,0.3,0.3,balanced
1781384397997.4238,0.4,0.3,0.3,724.7598116169544,778.3333333333334,0.1449519623233909,6123.73162845385,6219.506172839506,0.4078540112377485,0.9960192868356132,0.9960317460317462,0.9960192868356132,14,8,2.118468797750003,1,2.118468797750003,False,False,False,True,0,103,8,0.4,0.3,0.3,balanced
1781384401811.897,0.4,0.3,0.3,550.1475667189952,634.7777777777778,0.11002951334379904,68.70541549953313,80.5219421101774,0.0039163052367934045,0.7284144427001569,0.7777777777777778,0.7284144427001569,13,8,2.1733376359014893,1,2.1733376359014893,False,False,False,True,0,104,8,0.4,0.3,0.3,balanced
1781384408805.156,0.4,0.3,0.3,775.8665620094191,843.7777777777778,0.1551733124018838,122.5970017636684,176.96355085243977,0.007511474433867138,0.9999999999999998,1.0,0.9999999999999998,11,8,2.235677232709086,1,2.235677232709086,False,False,False,True,0,105,8,0.4,0.3,0.3,balanced
1781384412429.419,0.4,0.3,0.3,797.4631083202512,872.2222222222222,0.15949262166405023,99.47344322344323,121.72466422466421,0.005968875465206353,0.9999999999999998,1.0,0.9999999999999998,10,8,2.234412288694818,1,2.234412288694818,False,False,False,True,0,106,8,0.4,0.3,0.3,balanced
1781384415846.817,0.4,0.3,0.3,774.9952904238619,842.7777777777778,0.15499905808477238,101.86287477954144,126.15373309817753,0.006128277170082818,0.9999999999999998,1.0,0.9999999999999998,11,8,2.236161893615066,0,2.236161893615066,False,False,False,True,0,107,8,0.4,0.3,0.3,balanced
1781384419371.322,0.4,0.3,0.3,797.767660910518,872.8888888888889,0.1595535321821036,105.45267489711934,126.29629629629628,0.006367756831028641,0.9999999999999998,1.0,0.9999999999999998,10,8,2.23426826007785,1,2.23426826007785,False,False,False,True,0,108,8,0.4,0.3,0.3,balanced
1781384422785.822,0.4,0.3,0.3,773.2919937205652,841.3333333333334,0.15465839874411302,145.734126984127,182.70723104056435,0.009054978451242628,0.9999999999999998,1.0,0.9999999999999998,11,8,2.235420146966982,0,2.235420146966982,False,False,False,True,0,109,8,0.4,0.3,0.3,balanced
1781384426011.3088,0.4,0.3,0.3,739.1255886970171,796.7777777777778,0.1478251177394034,124.14609053497942,166.190250079139,0.007614815912940588,0.9999999999999998,1.0,0.9999999999999998,13,8,2.2385855081303565,0,2.2385855081303565,False,False,False,True,0,110,8,0.4,0.3,0.3,balanced
1781384429232.76,0.4,0.3,0.3,724.6059654631083,778.2222222222222,0.14492119309262166,123.86169900058786,155.85684891240447,0.007595843829258697,0.9999999999999998,1.0,0.9999999999999998,14,8,2.2397527696141735,0,2.2397527696141735,False,False,False,True,0,111,8,0.4,0.3,0.3,balanced
1781384432459.9011,0.4,0.3,0.3,737.5368916797488,795.8888888888889,0.14750737833594976,118.18930041152264,147.4897119341564,0.007217431648533865,0.9999999999999998,1.0,0.9999999999999998,13,8,2.2388318191710597,1,2.2388318191710597,False,False,False,True,0,112,8,0.4,0.3,0.3,balanced
1781384435680.509,0.4,0.3,0.3,726.1962323390894,779.6666666666666,0.14523924646781788,118.96723646723645,150.48591326369103,0.007269328650249263,0.9999999999999998,1.0,0.9999999999999998,14,8,2.239723502817798,0,2.239723502817798,False,False,False,True,0,113,8,0.4,0.3,0.3,balanced
1781384442389.2578,0.4,0.3,0.3,702.425431711146,749.7777777777778,0.1404850863422292,104.24603174603176,129.9206349206349,0.006287260289928737,0.9999999999999998,1.0,0.9999999999999998,16,8,2.24191978737613,0,2.24191978737613,False,False,False,True,0,114,8,0.4,0.3,0.3,balanced
1781384445516.867,0.4,0.3,0.3,691.276295133438,735.5555555555555,0.1382552590266876,145.2336860670194,181.10964138741917,0.009021593466779146,0.9960192868356132,0.9960317460317462,0.9960192868356132,17,8,2.2407972043999753,0,2.2407972043999753,False,False,False,True,0,115,8,0.4,0.3,0.3,balanced
1781384448639.2568,0.4,0.3,0.3,677.7409733124018,717.4444444444445,0.13554819466248036,1749.4650205761318,1726.6475602586715,0.11604169583563254,0.9714970110818105,0.9768746579091407,0.9714970110818105,19,8,2.2024173167088614,0,2.2024173167088614,False,False,False,True,0,116,8,0.4,0.3,0.3,balanced
1781384451555.2102,0.4,0.3,0.3,670.590266875981,707.5555555555555,0.1341180533751962,137.79993668882557,167.9851218740108,0.008525679565632126,0.9999999999999998,1.0,0.9999999999999998,20,8,2.2437950747802318,0,2.2437950747802318,False,False,False,True,0,117,8,0.4,0.3,0.3,balanced
1781384454572.29,0.4,0.3,0.3,676.1193092621663,715.3333333333334,0.13522386185243326,159.08990186767963,203.20037986704654,0.009945957429464952,0.9999999999999998,1.0,0.9999999999999998,19,8,2.2429266680301874,1,2.2429266680301874,False,False,False,True,0,118,8,0.4,0.3,0.3,balanced
1781384457597.586,0.4,0.3,0.3,669.4222919937206,706.6666666666666,0.1338844583987441,177.65873015873015,212.42063492063494,0.011184705147346909,0.9999999999999998,1.0,0.9999999999999998,20,8,2.243090805096298,0,2.243090805096298,False,False,False,True,0,119,8,0.4,0.3,0.3,balanced
1781384460517.7468,0.4,0.3,0.3,658.5510204081631,692.7777777777778,0.13171020408163261,177.17948717948718,216.5764482431149,0.011152734301500145,0.9999999999999998,1.0,0.9999999999999998,22,8,2.243970098076897,0,2.243970098076897,False,False,False,True,0,120,8,0.4,0.3,0.3,balanced
1781384463642.7568,0.4,0.3,0.3,566.0989010989011,625.6666666666666,0.11321978021978023,134.69295101553166,148.06212664277183,0.008318409007040138,0.836278928444827,0.8853046594982079,0.836278928444827,23,8,2.2031002437434237,0,2.2031002437434237,False,False,False,True,0,121,8,0.4,0.3,0.3,balanced
1781384466563.536,0.4,0.3,0.3,643.4819466248039,673.4444444444445,0.12869638932496077,157.9214559386973,188.0254515599343,0.009868009068625571,0.9999999999999998,1.0,0.9999999999999998,25,8,2.245561041549428,0,2.245561041549428,False,False,False,True,0,122,8,0.4,0.3,0.3,balanced
1781384469489.2112,0.4,0.3,0.3,641.5133437990581,670.4444444444445,0.12830266875981164,166.68650793650792,210.5952380952381,0.010452735686224677,0.9999999999999998,1.0,0.9999999999999998,26,8,2.245543111790208,0,2.245543111790208,False,False,False,True,0,123,8,0.4,0.3,0.3,balanced
1781384472306.084,0.4,0.3,0.3,634.486656200942,661.7777777777778,0.1268973312401884,191.90770135214575,233.15108759553206,0.012135270270323266,0.9999999999999998,1.0,0.9999999999999998,28,8,2.2456004864228274,0,2.2456004864228274,False,False,False,True,0,124,8,0.4,0.3,0.3,balanced
1781384478703.428,0.4,0.3,0.3,629.8869701726844,656.0,0.1259773940345369,225.68489124044677,273.3980011757789,0.01438858513945609,0.9999999999999998,1.0,0.9999999999999998,29,8,2.245292466844348,0,2.245292466844348,False,False,False,True,0,125,8,0.4,0.3,0.3,balanced
1781384481525.186,0.4,0.3,0.3,622.5478806907378,646.5555555555555,0.12450957613814756,229.52723043240286,281.68445539135195,0.014644911970140284,0.9999999999999998,1.0,0.9999999999999998,32,8,2.245802695953699,0,2.245802695953699,False,False,False,True,0,126,8,0.4,0.3,0.3,balanced
1781384484341.606,0.4,0.3,0.3,615.9999999999999,639.0,0.12319999999999998,247.1626984126984,295.3968253968254,0.015821394156951194,0.9999999999999998,1.0,0.9999999999999998,34,8,2.2459735817529145,0,2.2459735817529145,False,False,False,True,0,127,8,0.4,0.3,0.3,balanced
1781384487155.2278,0.4,0.3,0.3,614.596546310832,636.3333333333334,0.12291930926216639,274.3371546149324,323.2774838330394,0.01763423312974866,0.9999999999999998,1.0,0.9999999999999998,35,8,2.245542006356209,0,2.245542006356209,False,False,False,True,0,128,8,0.4,0.3,0.3,balanced
1781384489875.646,0.4,0.3,0.3,609.9089481946625,630.5555555555555,0.1219817896389325,296.8268665490888,357.9791299235744,0.01913454746825142,0.9999999999999998,1.0,0.9999999999999998,37,8,2.2454669199039516,0,2.2454669199039516,False,False,False,True,0,129,8,0.4,0.3,0.3,balanced
1781384492701.312,0.4,0.3,0.3,609.131868131868,629.3333333333334,0.12182637362637361,295.4043513957307,368.8259441707718,0.019039649859621796,0.9999999999999998,1.0,0.9999999999999998,38,8,2.245557555591564,0,2.245557555591564,False,False,False,True,0,130,8,0.4,0.3,0.3,balanced
1781384495424.1309,0.4,0.3,0.3,606.1287284144427,625.0,0.12122574568288853,266.5116108171664,329.4929453262787,0.01711218217592838,0.9999999999999998,1.0,0.9999999999999998,40,8,2.246376047074066,0,2.246376047074066,False,False,False,True,0,131,8,0.4,0.3,0.3,balanced
1781384498142.7861,0.4,0.3,0.3,605.3673469387754,624.3333333333334,0.12107346938775508,291.13536155202814,347.6557907113463,0.01875486067725338,0.9999999999999998,1.0,0.9999999999999998,41,8,2.2459441540417218,0,2.2459441540417218,False,False,False,True,0,132,8,0.4,0.3,0.3,balanced
1781384500868.97,0.4,0.3,0.3,599.9827315541601,617.5555555555555,0.11999654631083201,276.1199294532627,349.96325690770135,0.017753164072932804,0.9999999999999998,1.0,0.9999999999999998,43,8,2.246675432253787,0,2.246675432253787,False,False,False,True,0,133,8,0.4,0.3,0.3,balanced
1781384503593.071,0.4,0.3,0.3,599.0753532182104,617.2222222222222,0.11981507064364207,346.06390257252326,405.25041050903116,0.02241920630904091,0.9999999999999998,1.0,0.9999999999999998,44,8,2.2453482098498307,0,2.2453482098498307,False,False,False,True,0,134,8,0.4,0.3,0.3,balanced
1781384506318.474,0.4,0.3,0.3,600.7425431711146,618.8888888888889,0.12014850863422291,266.67254556143445,314.4870664315109,0.0171229183163065,0.9999999999999998,1.0,0.9999999999999998,43,8,2.246803721051419,1,2.246803721051419,False,False,False,True,0,135,8,0.4,0.3,0.3,balanced
1781384509244.3481,0.4,0.3,0.3,527.4489795918367,544.8888888888889,0.10548979591836735,272.92282706093187,331.945564516129,0.017539881725212265,0.8885400313971742,0.8888888888888888,0.8885400313971742,44,8,2.2191041265342415,0,2.2191041265342415,False,False,False,True,0,136,8,0.4,0.3,0.3,balanced
1781384515550.0432,0.4,0.3,0.3,596.9638932496075,613.4444444444445,0.1193927786499215,344.0530925013684,413.1800766283525,0.022285062875341453,0.9999999999999998,1.0,0.9999999999999998,46,8,2.245557369677429,0,2.245557369677429,False,False,False,True,0,137,8,0.4,0.3,0.3,balanced
1781384518273.508,0.4,0.3,0.3,596.2967032967032,613.1111111111111,0.11925934065934064,307.7138447971781,349.91181657848324,0.019860830206616286,0.9999999999999998,1.0,0.9999999999999998,47,8,2.246338014674279,0,2.246338014674279,False,False,False,True,0,138,8,0.4,0.3,0.3,balanced
1781384520990.1309,0.4,0.3,0.3,594.4976452119308,610.4444444444445,0.11889952904238617,300.16009852216746,340.0451559934318,0.019356911175594894,0.9999999999999998,1.0,0.9999999999999998,49,8,2.246633115030367,0,2.246633115030367,False,False,False,True,0,139,8,0.4,0.3,0.3,balanced
1781384523714.0,0.4,0.3,0.3,592.1475667189952,607.8888888888889,0.11842951334379904,391.9198139025724,460.91954022988506,0.025478306464481147,0.9999999999999998,1.0,0.9999999999999998,50,8,2.2449847027231358,0,2.2449847027231358,False,False,False,True,0,140,8,0.4,0.3,0.3,balanced
1781384526334.155,0.4,0.3,0.3,590.5211930926217,605.2222222222222,0.11810423861852434,395.18201962646407,473.00094966761634,0.025695931929717416,0.9999999999999998,1.0,0.9999999999999998,52,8,2.245049524973675,0,2.245049524973675,False,False,False,True,0,141,8,0.4,0.3,0.3,balanced
1781384528958.976,0.4,0.3,0.3,589.1255886970173,603.4444444444445,0.11782511773940346,446.3960113960113,511.18708452041784,0.02911247574356313,0.9999999999999998,1.0,0.9999999999999998,53,8,2.2441362101811695,0,2.2441362101811695,False,False,False,True,0,142,8,0.4,0.3,0.3,balanced
1781384531581.786,0.4,0.3,0.3,588.8979591836735,602.8888888888889,0.1177795918367347,448.9072604350382,520.1219870664315,0.02928000403169034,0.9999999999999998,1.0,0.9999999999999998,55,8,2.244104162055799,0,2.244104162055799,False,False,False,True,0,143,8,0.4,0.3,0.3,balanced
1781384534205.994,0.4,0.3,0.3,586.5259026687598,600.7777777777778,0.11730518053375197,463.8065843621399,572.3045267489712,0.030273954927427613,0.9999999999999998,1.0,0.9999999999999998,56,8,2.2439957413082707,0,2.2439957413082707,False,False,False,True,0,144,8,0.4,0.3,0.3,balanced
1781384536818.595,0.4,0.3,0.3,585.5855572998431,599.3333333333334,0.11711711145996863,408.8455320399765,490.08671369782473,0.026607440429618177,0.9999999999999998,1.0,0.9999999999999998,58,8,2.245170923287127,0,2.245170923287127,False,False,False,True,0,145,8,0.4,0.3,0.3,balanced
1781384539641.012,0.4,0.3,0.3,500.10204081632645,539.8888888888889,0.1000204081632653,382.8752240143369,408.46886200716847,0.02487493155532601,0.8398744113029827,0.8888888888888888,0.8398744113029827,59,8,2.204491680658991,0,2.204491680658991,False,False,False,True,0,146,8,0.4,0.3,0.3,balanced
1781384578276.4548,0.4,0.3,0.3,582.9654631083201,595.8888888888889,0.11659309262166402,438.7992357436802,480.0161669606114,0.028605686173694474,0.9999999999999998,1.0,0.9999999999999998,61,8,2.244781057099226,0,2.244781057099226,False,False,False,True,1,147,8,0.4,0.3,0.3,balanced
1781384580897.425,0.4,0.3,0.3,581.839874411303,593.5555555555555,0.1163679748822606,461.0677542621986,497.21046443268665,0.030091244447111313,0.9999999999999998,1.0,0.9999999999999998,64,8,2.2444254367129624,0,2.2444254367129624,False,False,False,True,0,148,8,0.4,0.3,0.3,balanced
1781384587103.3389,0.4,0.3,0.3,580.4788069073783,592.7777777777778,0.11609576138147565,436.22354497354496,478.29805996472663,0.028433858904172445,0.9999999999999998,1.0,0.9999999999999998,65,8,2.245031537776158,0,2.245031537776158,False,False,False,True,0,149,8,0.4,0.3,0.3,balanced
1781384589721.167,0.4,0.3,0.3,581.2276295133437,592.7777777777778,0.11624552590266873,487.9174015285126,561.8151087595531,0.031882415045264345,0.9942812289751064,0.9960317460317462,0.9942812289751064,67,8,2.242221433817885,0,2.242221433817885,False,False,False,True,0,150,8,0.4,0.3,0.3,balanced
1781384593944.813,0.4,0.3,0.3,150.8992382271468,273.44444444444446,0.030179847645429362,295.5246913580247,199.68518518518516,0.019047677875785506,0.24549861495844874,0.4444444444444444,0.24549861495844874,68,8,2.055863342066627,0,2.055863342066627,False,False,False,True,0,151,8,0.4,0.3,0.3,balanced
1781384596967.532,0.4,0.3,0.3,424.5761381475667,463.1111111111111,0.08491522762951334,372.57936507936506,419.82539682539687,0.02418808306066478,0.7238394258802422,0.7746031746031746,0.7238394258802422,67,8,2.175929311794068,1,2.175929311794068,False,False,False,True,0,152,8,0.4,0.3,0.3,balanced
1781384599593.799,0.4,0.3,0.3,582.4521193092621,594.2222222222222,0.11649042386185242,457.10170487948255,551.7563198118753,0.029826664768477822,0.9999999999999998,1.0,0.9999999999999998,65,8,2.2444558310247156,1,2.2444558310247156,False,False,False,True,0,153,8,0.4,0.3,0.3,balanced
1781384602218.8809,0.4,0.3,0.3,583.6436420722134,596.1111111111111,0.11672872841444268,459.51205173427394,557.9203409758966,0.029987461756789454,0.9999999999999998,1.0,0.9999999999999998,64,8,2.2443122701071863,1,2.2443122701071863,False,False,False,True,0,154,8,0.4,0.3,0.3,balanced
1781384604839.4612,0.4,0.3,0.3,583.8163265306123,597.0,0.11676326530612245,423.5574661963551,525.2527924750148,0.027588890339983664,0.9999999999999998,1.0,0.9999999999999998,61,8,2.245018026775556,1,2.245018026775556,False,False,False,True,0,155,8,0.4,0.3,0.3,balanced
1781384607459.716,0.4,0.3,0.3,586.1020408163265,598.8888888888889,0.1172204081632653,423.8022317188984,514.444557500113,0.027605218927211368,0.9942812289751064,0.9960317460317462,0.9942812289751064,59,8,2.2431146397490624,1,2.2431146397490624,False,False,False,True,0,156,8,0.4,0.3,0.3,balanced
1781384610084.347,0.4,0.3,0.3,587.2103610675039,600.5555555555555,0.11744207221350077,390.9950029394474,454.0196942974721,0.025416611270143254,0.9999999999999998,1.0,0.9999999999999998,58,8,2.2453981877335565,1,2.2453981877335565,False,False,False,True,0,157,8,0.4,0.3,0.3,balanced
1781384612699.915,0.4,0.3,0.3,588.8571428571428,601.8888888888889,0.11777142857142855,489.7863247863248,585.0047483380816,0.032007093047786844,0.9999999999999998,1.0,0.9999999999999998,56,8,2.2432893006570924,1,2.2432893006570924,False,False,False,True,0,158,8,0.4,0.3,0.3,balanced
1781384615725.2842,0.4,0.3,0.3,590.9199372056514,605.3333333333334,0.11818398744113029,1127.6031746031747,1328.6984126984128,0.07455658269534188,0.7811977938028357,0.8193701723113489,0.7811977938028357,55,8,2.164718768355796,1,2.164718768355796,False,False,False,True,0,159,8,0.4,0.3,0.3,balanced
1781384621925.792,0.4,0.3,0.3,590.6059654631083,605.3333333333334,0.11812119309262166,351.25118708452044,432.1082621082621,0.022765255976285554,0.9999999999999998,1.0,0.9999999999999998,53,8,2.2459219459700654,1,2.2459219459700654,False,False,False,True,0,160,8,0.4,0.3,0.3,balanced
1781384624545.725,0.4,0.3,0.3,591.8021978021977,607.1111111111111,0.11836043956043954,379.37559354226016,441.0509654954099,0.02464146721429354,0.9999999999999998,1.0,0.9999999999999998,52,8,2.245263384011536,1,2.245263384011536,False,False,False,True,0,161,8,0.4,0.3,0.3,balanced
1781384627169.898,0.4,0.3,0.3,590.6389324960753,605.8888888888889,0.11812778649921506,374.917695473251,438.8065843621399,0.024344075748715877,0.9999999999999998,1.0,0.9999999999999998,53,8,2.2454456626756993,0,2.2454456626756993,False,False,False,True,0,162,8,0.4,0.3,0.3,balanced
1781384629785.381,0.4,0.3,0.3,590.2182103610675,604.7777777777778,0.11804364207221349,329.7008547008547,381.26464070908514,0.021327608719203115,0.9999999999999998,1.0,0.9999999999999998,52,8,2.2463842605553537,1,2.2463842605553537,False,False,False,True,0,163,8,0.4,0.3,0.3,balanced
1781384632508.897,0.4,0.3,0.3,590.2731554160124,606.1111111111111,0.11805463108320248,426.99096880131367,466.07690202517784,0.02781794321556462,0.9999999999999998,1.0,0.9999999999999998,50,8,2.2444327646020494,1,2.2444327646020494,False,False,False,True,0,164,8,0.4,0.3,0.3,balanced
1781384635231.112,0.4,0.3,0.3,594.0361067503924,609.5555555555555,0.11880722135007847,358.65786352855315,422.98759350483493,0.02325936381111095,0.9999999999999998,1.0,0.9999999999999998,49,8,2.2454993023166354,1,2.2454993023166354,False,False,False,True,0,165,8,0.4,0.3,0.3,balanced
1781384637948.139,0.4,0.3,0.3,594.4285714285713,610.5555555555555,0.11888571428571426,356.66666666666663,429.484126984127,0.02312652879697576,0.9999999999999998,1.0,0.9999999999999998,47,8,2.2455077556466216,1,2.2455077556466216,False,False,False,True,0,166,8,0.4,0.3,0.3,balanced
1781384640668.5679,0.4,0.3,0.3,598.5054945054944,615.1111111111111,0.11970109890109888,3259.6164021164022,3611.468253968254,0.21678561721923964,0.9999999999999998,1.0,0.9999999999999998,46,8,2.1870838752737884,1,2.1870838752737884,False,False,False,True,0,167,8,0.4,0.3,0.3,balanced
1781384643395.162,0.4,0.3,0.3,601.447409733124,618.6666666666666,0.1202894819466248,305.727969348659,380.0684181718664,0.01972835019003729,0.9999999999999998,1.0,0.9999999999999998,44,8,2.2459657021643387,1,2.2459657021643387,False,False,False,True,0,168,8,0.4,0.3,0.3,balanced
1781384646119.4602,0.4,0.3,0.3,600.8744113029827,618.5555555555555,0.12017488226059654,293.78968253968253,367.14285714285717,0.01893193345828436,0.9999999999999998,1.0,0.9999999999999998,43,8,2.246250467058276,1,2.246250467058276,False,False,False,True,0,169,8,0.4,0.3,0.3,balanced
1781384648846.557,0.4,0.3,0.3,606.9952904238618,625.4444444444445,0.12139905808477236,277.2405937683715,348.3524397413287,0.017827924867803303,0.9999999999999998,1.0,0.9999999999999998,41,8,2.24609199930575,1,2.24609199930575,False,False,False,True,0,170,8,0.4,0.3,0.3,balanced
1781384651569.824,0.4,0.3,0.3,600.1334379905808,618.5555555555555,0.12002668759811616,299.40476190476187,366.031746031746,0.019306521808189585,0.9999999999999998,1.0,0.9999999999999998,43,8,2.2461973684182968,0,2.2461973684182968,False,False,False,True,0,171,8,0.4,0.3,0.3,balanced
1781384657872.815,0.4,0.3,0.3,603.574568288854,622.2222222222222,0.1207149136577708,277.1141975308642,343.02175191064083,0.017819492830611353,0.9999999999999998,1.0,0.9999999999999998,41,8,2.2463681866877083,1,2.2463681866877083,False,False,False,True,0,172,8,0.4,0.3,0.3,balanced
1781384660592.8782,0.4,0.3,0.3,605.9277864992151,625.0,0.12118555729984302,300.02136752136755,359.3431465653688,0.019347656272272685,0.9940694226408511,0.9958847736625513,0.9940694226408511,40,8,2.243942306990636,1,2.243942306990636,False,False,False,True,0,173,8,0.4,0.3,0.3,balanced
1781384663310.385,0.4,0.3,0.3,607.0455259026686,626.7777777777778,0.12140910518053372,316.6887125220458,392.0796590241035,0.020459553870716865,0.9999999999999998,1.0,0.9999999999999998,38,8,2.2452984917665715,1,2.2452984917665715,False,False,False,True,0,174,8,0.4,0.3,0.3,balanced
1781384666022.639,0.4,0.3,0.3,606.8226059654631,626.1111111111111,0.12136452119309263,299.52821869488537,357.2516166960611,0.019314757751493352,0.9999999999999998,1.0,0.9999999999999998,40,8,2.245659764197315,0,2.245659764197315,False,False,False,True,0,175,8,0.4,0.3,0.3,balanced
1781384668738.409,0.4,0.3,0.3,609.0957613814755,628.7777777777778,0.12181915227629511,249.65020576131687,301.19341563786,0.015987338609827675,0.9999999999999998,1.0,0.9999999999999998,38,8,2.2464761375065336,1,2.2464761375065336,False,False,False,True,0,176,8,0.4,0.3,0.3,balanced
1781384671464.119,0.4,0.3,0.3,609.4427001569858,629.7777777777778,0.12188854003139715,384.84488762266534,457.1383349161127,0.02500633006155206,0.9999999999999998,1.0,0.9999999999999998,37,8,2.2437426849689754,1,2.2437426849689754,False,False,False,True,0,177,8,0.4,0.3,0.3,balanced
1781384674185.021,0.4,0.3,0.3,614.480376766091,636.2222222222222,0.1228960753532182,323.1426084203862,395.7439062994619,0.020890100628444708,0.9999999999999998,1.0,0.9999999999999998,35,8,2.2445745396701793,1,2.2445745396701793,False,False,False,True,0,178,8,0.4,0.3,0.3,balanced
1781384677005.814,0.4,0.3,0.3,616.4050235478805,639.5555555555555,0.1232810047095761,268.32157554379774,317.5749559082892,0.017232926987578234,0.9999999999999998,1.0,0.9999999999999998,34,8,2.245517720019896,1,2.245517720019896,False,False,False,True,0,179,8,0.4,0.3,0.3,balanced
1781384679830.2021,0.4,0.3,0.3,621.7582417582416,645.4444444444445,0.12435164835164833,237.1729611384783,273.2744937055282,0.015154967387490214,0.9999999999999998,1.0,0.9999999999999998,32,8,2.2457128504430934,1,2.2457128504430934,False,False,False,True,0,180,8,0.4,0.3,0.3,balanced
1781384682649.095,0.4,0.3,0.3,631.8697017268445,657.7777777777778,0.1263739403453689,197.8084723918057,249.30097680097683,0.012528917437745543,0.99587185301471,0.9958847736625513,0.99587185301471,29,8,2.2444533045349417,1,2.2444533045349417,False,False,False,True,0,181,8,0.4,0.3,0.3,balanced
1781384685461.8162,0.4,0.3,0.3,621.2417582417582,645.6666666666666,0.12424835164835164,239.3253968253968,280.19841269841277,0.015298558827578173,0.9999999999999998,1.0,0.9999999999999998,32,8,2.2457110916923857,0,2.2457110916923857,False,False,False,True,0,182,8,0.4,0.3,0.3,balanced
1781384688186.066,0.4,0.3,0.3,616.8979591836734,639.3333333333334,0.12337959183673468,257.7817347261792,308.40614118391903,0.016529802183200746,0.9999999999999998,1.0,0.9999999999999998,34,8,2.2456892226103458,0,2.2456892226103458,False,False,False,True,0,183,8,0.4,0.3,0.3,balanced
1781384694487.219,0.4,0.3,0.3,622.3249607535321,646.2222222222222,0.12446499215070642,244.855175688509,305.30389363722696,0.015667456683689726,0.9999999999999998,1.0,0.9999999999999998,32,8,2.2455137661346103,1,2.2455137661346103,False,False,False,True,0,184,8,0.4,0.3,0.3,balanced
1781384697205.574,0.4,0.3,0.3,620.2464678178964,642.5555555555555,0.12404929356357927,260.96707818930037,317.3251028806584,0.016742300079339585,0.9999999999999998,1.0,0.9999999999999998,34,8,2.2453575925507665,0,2.2453575925507665,False,False,False,True,0,185,8,0.4,0.3,0.3,balanced
1781384700023.982,0.4,0.3,0.3,622.6310832025117,646.2222222222222,0.12452621664050234,200.51997810618496,239.3021346469622,0.012709805077130418,0.9944784279759649,0.9961685823754789,0.9944784279759649,32,8,2.244720100213449,1,2.244720100213449,False,False,False,True,0,186,8,0.4,0.3,0.3,balanced
1781384702844.786,0.4,0.3,0.3,631.8728414442701,658.4444444444445,0.12637456828885402,197.00543797766022,236.98706643151087,0.012475346095907953,0.9999999999999998,1.0,0.9999999999999998,29,8,2.245707568855686,1,2.245707568855686,False,False,False,True,0,187,8,0.4,0.3,0.3,balanced
1781384705861.465,0.4,0.3,0.3,546.9152276295134,600.0,0.10938304552590268,150.0024641577061,170.0251642771804,0.009339724093242569,0.8398744113029827,0.8888888888888888,0.8398744113029827,28,8,2.205407187952561,1,2.205407187952561,False,False,False,True,0,188,8,0.4,0.3,0.3,balanced
1781384708686.3552,0.4,0.3,0.3,638.9089481946625,667.6666666666666,0.1277817896389325,170.88714783159227,195.96549540993985,0.010732965165549852,0.9999999999999998,1.0,0.9999999999999998,26,8,2.245667394594762,1,2.245667394594762,False,False,False,True,0,189,8,0.4,0.3,0.3,balanced
1781384711606.6611,0.4,0.3,0.3,645.1255886970172,676.1111111111111,0.12902511773940342,167.92842445620224,210.10288065843622,0.010535585353982805,0.9999999999999998,1.0,0.9999999999999998,25,8,2.245229277298044,1,2.245229277298044,False,False,False,True,0,190,8,0.4,0.3,0.3,balanced
1781384714530.032,0.4,0.3,0.3,651.4207221350078,685.1111111111111,0.13028414442700156,215.76572604350383,252.9997060552616,0.013726866313776107,0.9999999999999998,1.0,0.9999999999999998,23,8,2.2437682823350666,1,2.2437682823350666,False,False,False,True,0,191,8,0.4,0.3,0.3,balanced
1781384717448.048,0.4,0.3,0.3,656.2967032967032,690.7777777777778,0.13125934065934064,192.03409758965313,229.65314520870075,0.01214370230751522,0.9999999999999998,1.0,0.9999999999999998,22,8,2.243853153044009,1,2.243853153044009,False,False,False,True,0,192,8,0.4,0.3,0.3,balanced
1781384720360.208,0.4,0.3,0.3,651.6891679748824,684.5555555555555,0.13033783359497647,178.47736625514403,208.35390946502056,0.011239317295206407,0.9999999999999998,1.0,0.9999999999999998,23,8,2.2444930713734474,0,2.2444930713734474,False,False,False,True,0,193,8,0.4,0.3,0.3,balanced
1781384723186.2031,0.4,0.3,0.3,644.74568288854,674.6666666666666,0.128949136577708,182.28395061728395,220.0411522633745,0.011493258880405867,0.9999999999999998,1.0,0.9999999999999998,25,8,2.244972367704795,0,2.244972367704795,False,False,False,True,0,194,8,0.4,0.3,0.3,balanced
1781384729690.755,0.4,0.3,0.3,651.5384615384614,684.2222222222222,0.1303076923076923,199.7795414462081,245.14844209288654,0.012660409702882462,0.9999999999999998,1.0,0.9999999999999998,23,8,2.2440788001660583,1,2.2440788001660583,False,False,False,True,0,195,8,0.4,0.3,0.3,balanced
1781384732609.446,0.4,0.3,0.3,658.6860282574567,693.4444444444445,0.13173720565149133,170.16975308641975,206.69312169312167,0.010685106943723799,0.9999999999999998,1.0,0.9999999999999998,22,8,2.2440995856562864,1,2.2440995856562864,False,False,False,True,0,196,8,0.4,0.3,0.3,balanced
1781384735631.3691,0.4,0.3,0.3,670.3155416012559,708.7777777777778,0.13406310832025117,161.03174603174602,196.54761904761907,0.010075500068828954,0.9999999999999998,1.0,0.9999999999999998,20,8,2.2433521066512507,1,2.2433521066512507,False,False,False,True,0,197,8,0.4,0.3,0.3,balanced
1781384738649.8872,0.4,0.3,0.3,676.2119309262166,715.4444444444445,0.1352423861852433,151.4344503233392,179.07554379776602,0.009435253523905217,0.9999999999999998,1.0,0.9999999999999998,19,8,2.243072469468731,1,2.243072469468731,False,False,False,True,0,198,8,0.4,0.3,0.3,balanced
1781384741968.873,0.4,0.3,0.3,605.0580847723703,675.7777777777778,0.12101161695447406,128.0573476702509,143.79450418160093,0.007875740338242222,0.8398744113029826,0.8888888888888888,0.8398744113029826,17,8,2.2011949545076326,1,2.2011949545076326,False,False,False,True,0,199,8,0.4,0.3,0.3,balanced
1781384745087.5872,0.4,0.3,0.3,701.6938775510204,749.0,0.14033877551020407,168.76984126984127,208.69488536155205,0.010591717229475734,0.9999999999999998,1.0,0.9999999999999998,16,8,2.2406869746270757,1,2.2406869746270757,False,False,False,True,0,200,8,0.4,0.3,0.3,balanced
1781384748301.326,0.4,0.3,0.3,723.993720565149,777.4444444444445,0.14479874411302981,141.6176005064894,171.99746755302309,0.008780360273948592,0.9999999999999998,1.0,0.9999999999999998,14,8,2.2394463942726035,1,2.2394463942726035,False,False,False,True,0,201,8,0.4,0.3,0.3,balanced
1781384751619.507,0.4,0.3,0.3,738.171114599686,796.1111111111111,0.1476342229199372,134.24603174603172,162.14285714285717,0.008288594512743944,0.9999999999999998,1.0,0.9999999999999998,13,8,2.238459732478202,1,2.238459732478202,False,False,False,True,0,202,8,0.4,0.3,0.3,balanced
1781384754835.349,0.4,0.3,0.3,724.3155416012557,777.6666666666666,0.14486310832025115,132.58597883597884,165.7980599647266,0.008177850489391517,0.9999999999999998,1.0,0.9999999999999998,14,8,2.239601401525082,0,2.239601401525082,False,False,False,True,0,203,8,0.4,0.3,0.3,balanced
1781384758049.953,0.4,0.3,0.3,740.1412872841444,797.3333333333334,0.14802825745682888,118.7037037037037,144.19753086419755,0.007251748078966224,0.9999999999999998,1.0,0.9999999999999998,13,8,2.2386131725935785,1,2.2386131725935785,False,False,False,True,0,204,8,0.4,0.3,0.3,balanced
1781384765038.104,0.4,0.3,0.3,775.1616954474097,843.8888888888889,0.15503233908948194,76.96739474517251,94.4681861348528,0.00446747129720964,0.9999999999999998,1.0,0.9999999999999998,11,8,2.236646822975044,1,2.236646822975044,False,False,False,True,0,205,8,0.4,0.3,0.3,balanced
1781384768552.0288,0.4,0.3,0.3,799.8210361067503,874.6666666666666,0.15996420722135005,78.23412698412699,95.65549676660788,0.004551976449908405,0.9999999999999998,1.0,0.9999999999999998,10,8,2.2346487241764876,1,2.2346487241764876,False,False,False,True,0,206,8,0.4,0.3,0.3,balanced
1781384772276.4102,0.4,0.3,0.3,688.7503924646782,783.5555555555555,0.13775007849293563,89.20908004778973,98.47670250896057,0.005284128088578368,0.836278928444827,0.8853046594982079,0.836278928444827,11,8,2.1941984087097004,0,2.1941984087097004,False,False,False,True,0,207,8,0.4,0.3,0.3,balanced
1781384776004.38,0.4,0.3,0.3,797.9701726844584,870.3333333333334,0.15959403453689167,182.0304057373023,179.22035563414875,0.011476344612228304,0.9606840614229776,0.9570242656449552,0.9606840614229776,10,8,2.2209247012284683,1,2.2209247012284683,False,False,False,True,0,208,8,0.4,0.3,0.3,balanced
1781384779424.0078,0.4,0.3,0.3,775.2621664050235,843.3333333333334,0.1550524332810047,97.3993239271017,127.40299823633157,0.00583050860087403,0.9999999999999998,1.0,0.9999999999999998,11,8,2.2362298741073356,0,2.2362298741073356,False,False,False,True,0,209,8,0.4,0.3,0.3,balanced
1781384782639.563,0.4,0.3,0.3,738.5070643642072,795.8888888888889,0.14770141287284144,152.11301044634376,211.85660018993352,0.009480521043785441,0.9837199837199836,0.9876543209876544,0.9837199837199836,13,8,2.233191273653723,0,2.233191273653723,False,False,False,True,0,210,8,0.4,0.3,0.3,balanced
1781384785853.562,0.4,0.3,0.3,724.4521193092621,778.2222222222222,0.1448904238618524,102.03630217519105,125.48353909465021,0.006139846709485727,0.9999999999999998,1.0,0.9999999999999998,14,8,2.240201876442413,0,2.240201876442413,False,False,False,True,0,211,8,0.4,0.3,0.3,balanced
1781384789078.6182,0.4,0.3,0.3,736.0518053375195,794.1111111111111,0.1472103610675039,128.73377651155428,176.41658752769865,0.007920865677888878,0.9940694226408511,0.9958847736625513,0.9940694226408511,13,8,2.236960422661887,1,2.236960422661887,False,False,False,True,0,212,8,0.4,0.3,0.3,balanced
1781384792296.453,0.4,0.3,0.3,723.4364207221349,777.6666666666666,0.144687284144427,146.167695473251,192.21928277483835,0.0090839022997499,0.9999999999999998,1.0,0.9999999999999998,14,8,2.2393999156523043,0,2.2393999156523043,False,False,False,True,0,213,8,0.4,0.3,0.3,balanced
1781384795414.55,0.4,0.3,0.3,700.7912087912088,747.8888888888889,0.14015824175824176,132.53877809433365,161.69074752408085,0.008174701674071624,0.9960192868356132,0.9960317460317462,0.9960192868356132,16,8,2.240290078845166,0,2.240290078845166,False,False,False,True,0,214,8,0.4,0.3,0.3,balanced
1781384802129.018,0.4,0.3,0.3,692.767660910518,736.7777777777778,0.1385535321821036,111.32936507936508,138.0952380952381,0.006759797536982326,0.9999999999999998,1.0,0.9999999999999998,17,8,2.242550647866064,0,2.242550647866064,False,False,False,True,0,215,8,0.4,0.3,0.3,balanced
1781384805249.851,0.4,0.3,0.3,702.2323390894819,749.4444444444445,0.14044646781789638,103.12022339800119,130.84950029394474,0.006212156330753915,0.9999999999999998,1.0,0.9999999999999998,16,8,2.2419577659736154,1,2.2419577659736154,False,False,False,True,0,216,8,0.4,0.3,0.3,balanced
1781384808366.242,0.4,0.3,0.3,691.9811616954473,736.3333333333334,0.13839623233908946,103.25396825396825,132.81746031746033,0.006221078602666328,0.9999999999999998,1.0,0.9999999999999998,17,8,2.2427751834835643,0,2.2427751834835643,False,False,False,True,0,217,8,0.4,0.3,0.3,balanced
1781384811394.808,0.4,0.3,0.3,677.1507064364207,716.6666666666666,0.13543014128728414,127.75279247501469,163.17460317460316,0.007855423113743475,0.9999999999999998,1.0,0.9999999999999998,19,8,2.243471316550963,0,2.243471316550963,False,False,False,True,0,218,8,0.4,0.3,0.3,balanced
1781384814418.202,0.4,0.3,0.3,672.065934065934,709.5555555555555,0.1344131868131868,130.95238095238093,164.3253968253968,0.008068871311032752,0.9999999999999998,1.0,0.9999999999999998,20,8,2.2438140638814152,0,2.2438140638814152,False,False,False,True,0,219,8,0.4,0.3,0.3,balanced
1781384817345.396,0.4,0.3,0.3,659.3265306122448,693.7777777777778,0.13186530612244896,137.35201012978789,173.51060462171574,0.008495797873901794,0.9999999999999998,1.0,0.9999999999999998,22,8,2.24470513818885,0,2.24470513818885,False,False,False,True,0,220,8,0.4,0.3,0.3,balanced
1781384820264.6538,0.4,0.3,0.3,653.8131868131868,687.0,0.13076263736263735,173.20987654320987,213.96825396825398,0.010887917047579044,0.9999999999999998,1.0,0.9999999999999998,23,8,2.244428569940671,0,2.244428569940671,False,False,False,True,0,221,8,0.4,0.3,0.3,balanced
1781384823188.801,0.4,0.3,0.3,644.1507064364207,674.5555555555555,0.12883014128728415,168.1376573617953,208.98467432950193,0.010549543519799554,0.9999999999999998,1.0,0.9999999999999998,25,8,2.2453030804291463,0,2.2453030804291463,False,False,False,True,0,222,8,0.4,0.3,0.3,balanced
1781384826100.962,0.4,0.3,0.3,639.9638932496075,669.2222222222222,0.1279927786499215,168.94909688013135,210.17241379310343,0.010603675575725908,0.9999999999999998,1.0,0.9999999999999998,26,8,2.2456217858673133,0,2.2456217858673133,False,False,False,True,0,223,8,0.4,0.3,0.3,balanced
1781384828916.331,0.4,0.3,0.3,632.2715855572998,659.6666666666666,0.12645431711145996,325.3226043503821,452.0017636684303,0.021035530643788,0.9999999999999998,1.0,0.9999999999999998,28,8,2.2431076139622794,0,2.2431076139622794,False,False,False,True,0,224,8,0.4,0.3,0.3,balanced
1781384831734.127,0.4,0.3,0.3,629.6703296703297,656.6666666666666,0.12593406593406595,193.55305702527926,220.31158142269254,0.012245033824234773,0.9999999999999998,1.0,0.9999999999999998,29,8,2.2459528634791033,0,2.2459528634791033,False,False,False,True,0,225,8,0.4,0.3,0.3,balanced
1781384838838.205,0.4,0.3,0.3,416.2009419152276,429.55555555555554,0.08324018838304552,153.57147696476963,186.01761517615176,0.009577817008990635,0.6703296703296704,0.6666666666666666,0.6703296703296704,32,8,2.1649294806429857,0,2.1649294806429857,False,False,False,True,0,226,8,0.4,0.3,0.3,balanced
1781384841665.141,0.4,0.3,0.3,630.2935635792777,656.3333333333334,0.12605871271585553,174.97060552616108,215.57907113462667,0.011005377286601807,0.9999999999999998,1.0,0.9999999999999998,29,8,2.246274901727677,1,2.246274901727677,False,False,False,True,0,227,8,0.4,0.3,0.3,balanced
1781384844478.89,0.4,0.3,0.3,634.1224489795919,661.7777777777778,0.12682448979591837,175.4651675485009,213.14520870076427,0.011038370083288918,0.9999999999999998,1.0,0.9999999999999998,28,8,2.2459586930566457,1,2.2459586930566457,False,False,False,True,0,228,8,0.4,0.3,0.3,balanced
1781384847301.964,0.4,0.3,0.3,631.4222919937205,657.2222222222222,0.1262844583987441,181.52851263962373,233.5978835978836,0.011442862751142343,0.9999999999999998,1.0,0.9999999999999998,29,8,2.2460533578151596,0,2.2460533578151596,False,False,False,True,0,229,8,0.4,0.3,0.3,balanced
1781384850119.284,0.4,0.3,0.3,623.1946624803767,646.7777777777778,0.12463893249607534,204.7420634920635,249.56349206349205,0.01299146520961064,0.9999999999999998,1.0,0.9999999999999998,32,8,2.2462469874386866,0,2.2462469874386866,False,False,False,True,0,230,8,0.4,0.3,0.3,balanced
1781384852837.594,0.4,0.3,0.3,618.4960753532182,640.7777777777778,0.12369921507064364,238.5857866413422,297.05444761000314,0.015249218588481802,0.9999999999999998,1.0,0.9999999999999998,34,8,2.245945548395198,0,2.245945548395198,False,False,False,True,0,231,8,0.4,0.3,0.3,balanced
1781384855662.655,0.4,0.3,0.3,622.839874411303,646.4444444444445,0.1245679748822606,197.29474548440066,246.76792556102905,0.012494646129713186,0.9999999999999998,1.0,0.9999999999999998,32,8,2.246424416208182,1,2.246424416208182,False,False,False,True,0,232,8,0.4,0.3,0.3,balanced
1781384858487.911,0.4,0.3,0.3,623.4050235478807,647.4444444444445,0.12468100470957613,192.38095238095238,222.06349206349208,0.012166841386321039,0.9999999999999998,1.0,0.9999999999999998,32,8,2.246477545700273,2,2.246477545700273,False,False,False,True,0,233,8,0.4,0.3,0.3,balanced
1781384861305.5488,0.4,0.3,0.3,630.1946624803767,656.8888888888889,0.12603893249607534,195.67460317460316,236.710758377425,0.012386564588032233,0.9999999999999998,1.0,0.9999999999999998,29,8,2.24586845762516,1,2.24586845762516,False,False,False,True,0,234,8,0.4,0.3,0.3,balanced
1781384864130.861,0.4,0.3,0.3,622.3893249607536,646.3333333333334,0.12447786499215072,418.63977072310405,541.1566725455615,0.027260825265050304,0.9958510876878222,0.9960317460317462,0.9958510876878222,32,8,2.2407859327299713,0,2.2407859327299713,False,False,False,True,0,235,8,0.4,0.3,0.3,balanced
1781384866954.0999,0.4,0.3,0.3,617.0219780219779,640.3333333333334,0.12340439560439559,254.3650033448884,296.4182326826005,0.016301868135082616,0.9999999999999998,1.0,0.9999999999999998,34,8,2.245747681317717,0,2.245747681317717,False,False,False,True,0,236,8,0.4,0.3,0.3,balanced
1781384873958.913,0.4,0.3,0.3,360.6656200941915,441.3333333333333,0.0721331240188383,187.52235772357722,200.3482384823848,0.011842718994234638,0.5604395604395604,0.6666666666666666,0.5604395604395604,35,8,2.1357258028260624,0,2.1357258028260624,False,False,False,True,0,237,8,0.4,0.3,0.3,balanced
1781384876675.8372,0.4,0.3,0.3,613.335949764521,634.3333333333334,0.12266718995290421,260.8491611269389,313.8667299778411,0.016734433697594323,0.9999999999999998,1.0,0.9999999999999998,37,8,2.24591279390956,0,2.24591279390956,False,False,False,True,0,238,8,0.4,0.3,0.3,balanced
1781384879399.2952,0.4,0.3,0.3,611.2291993720564,631.6666666666666,0.12224583987441129,263.19370958259844,321.2889476778365,0.016890841199639656,0.9999999999999998,1.0,0.9999999999999998,38,8,2.2460344116903435,0,2.2460344116903435,False,False,False,True,0,239,8,0.4,0.3,0.3,balanced
1781384882123.565,0.4,0.3,0.3,609.0706436420721,627.5555555555555,0.12181412872841442,289.9676660787772,347.5867136978248,0.018676962380171927,0.9999999999999998,1.0,0.9999999999999998,40,8,2.2456712597945825,0,2.2456712597945825,False,False,False,True,0,240,8,0.4,0.3,0.3,balanced
1781384884846.652,0.4,0.3,0.3,604.0251177394034,622.6666666666666,0.12080502354788068,254.0975896531452,322.4368018812463,0.016284028662651447,0.9999999999999998,1.0,0.9999999999999998,41,8,2.246792781982052,0,2.246792781982052,False,False,False,True,0,241,8,0.4,0.3,0.3,balanced
1781384887570.342,0.4,0.3,0.3,602.8445839874412,620.6666666666666,0.12056891679748824,341.9642857142857,410.515873015873,0.022145716191746878,0.9999999999999998,1.0,0.9999999999999998,43,8,2.2451287184234805,0,2.2451287184234805,False,False,False,True,0,242,8,0.4,0.3,0.3,balanced
1781384890292.4868,0.4,0.3,0.3,598.3610675039246,617.1111111111111,0.11967221350078491,276.38273125342084,331.64340448823214,0.017770695880815267,0.9999999999999998,1.0,0.9999999999999998,44,8,2.2467999058354415,0,2.2467999058354415,False,False,False,True,0,243,8,0.4,0.3,0.3,balanced
1781384893015.968,0.4,0.3,0.3,596.6436420722135,614.4444444444445,0.11932872841444271,309.3301860974275,360.8880678708265,0.01996865817861424,0.9999999999999998,1.0,0.9999999999999998,46,8,2.2462779111806386,0,2.2462779111806386,False,False,False,True,0,244,8,0.4,0.3,0.3,balanced
1781384895735.1328,0.4,0.3,0.3,597.0266875981162,613.7777777777778,0.11940533751962323,323.5721127531472,380.615763546798,0.020918753352444776,0.9999999999999998,1.0,0.9999999999999998,47,8,2.2459622389864173,0,2.2459622389864173,False,False,False,True,0,245,8,0.4,0.3,0.3,balanced
1781384898450.5652,0.4,0.3,0.3,593.8901098901098,610.4444444444445,0.11877802197802195,387.6046798029556,459.02572523262177,0.02519043894616115,0.9999999999999998,1.0,0.9999999999999998,49,8,2.244931659524943,0,2.244931659524943,False,False,False,True,0,246,8,0.4,0.3,0.3,balanced
1781384901173.223,0.4,0.3,0.3,595.447409733124,611.8888888888889,0.1190894819466248,389.08935413245763,452.66009852216746,0.02528948326434007,0.9999999999999998,1.0,0.9999999999999998,47,8,2.244777362242048,1,2.244777362242048,False,False,False,True,0,247,8,0.4,0.3,0.3,balanced
1781384903792.757,0.4,0.3,0.3,596.5808477237049,612.5555555555555,0.11931616954474097,325.1329534662868,393.1339031339032,0.021022878816963762,0.9999999999999998,1.0,0.9999999999999998,49,8,2.2459666685370143,0,2.2459666685370143,False,False,False,True,0,248,8,0.4,0.3,0.3,balanced
1781384910095.339,0.4,0.3,0.3,594.1946624803768,609.6666666666666,0.11883893249607536,374.8323754789272,433.0145046524357,0.024338383954564856,0.9999999999999998,1.0,0.9999999999999998,50,8,2.2451629118152003,0,2.2451629118152003,False,False,False,True,0,249,8,0.4,0.3,0.3,balanced
1781384912816.4922,0.4,0.3,0.3,592.0533751962323,607.2222222222222,0.11841067503924646,446.7022441160372,544.6401204159824,0.02913290487765425,0.9999999999999998,1.0,0.9999999999999998,52,8,2.243895858521005,0,2.243895858521005,False,False,False,True,0,250,8,0.4,0.3,0.3,balanced
1781384915541.5771,0.4,0.3,0.3,592.7535321821036,607.5555555555555,0.11855070643642072,305.1402572523262,353.09250136836346,0.019689143245652182,0.9999999999999998,1.0,0.9999999999999998,53,8,2.246672974451736,0,2.246672974451736,False,False,False,True,0,251,8,0.4,0.3,0.3,balanced
1781384918161.229,0.4,0.3,0.3,590.690737833595,604.8888888888889,0.118138147566719,391.1728395061728,446.8724279835391,0.02542847495037844,0.9999999999999998,1.0,0.9999999999999998,55,8,2.2451161984881987,0,2.2451161984881987,False,False,False,True,0,252,8,0.4,0.3,0.3,balanced
1781384920882.793,0.4,0.3,0.3,590.6279434850863,604.1111111111111,0.11812558869701727,449.2788724685276,537.0771756978653,0.02930479469436475,0.9999999999999998,1.0,0.9999999999999998,56,8,2.2439583261128835,0,2.2439583261128835,False,False,False,True,0,253,8,0.4,0.3,0.3,balanced
1781384923501.335,0.4,0.3,0.3,586.8681318681317,600.2222222222222,0.11737362637362635,391.7141500474834,478.2905982905983,0.025464586394094955,0.9999999999999998,1.0,0.9999999999999998,58,8,2.245411173532321,0,2.245411173532321,False,False,False,True,0,254,8,0.4,0.3,0.3,balanced
1781384926122.636,0.4,0.3,0.3,586.9403453689167,599.6666666666666,0.11738806907378334,399.58700764256315,463.56554967666074,0.025989793705307747,0.9999999999999998,1.0,0.9999999999999998,59,8,2.2452478342588944,0,2.2452478342588944,False,False,False,True,0,255,8,0.4,0.3,0.3,balanced
1781384928739.831,0.4,0.3,0.3,585.4740973312402,598.8888888888889,0.11709481946624803,483.5662845385068,548.2289829512051,0.03159214706727864,0.9999999999999998,1.0,0.9999999999999998,61,8,2.2436844280933173,0,2.2436844280933173,False,False,False,True,0,256,8,0.4,0.3,0.3,balanced
1781384931357.0508,0.4,0.3,0.3,580.1350078492935,592.7777777777778,0.1160270015698587,473.10258671369775,544.1240446796003,0.030894101848812392,0.9999999999999998,1.0,0.9999999999999998,64,8,2.2443209688174126,0,2.2443209688174126,False,False,False,True,0,257,8,0.4,0.3,0.3,balanced
1781384933981.138,0.4,0.3,0.3,581.6310832025117,593.4444444444445,0.11632621664050234,517.3045267489713,582.5102880658437,0.03384286369239301,0.9999999999999998,1.0,0.9999999999999998,65,8,2.243316654236081,0,2.243316654236081,False,False,False,True,0,258,8,0.4,0.3,0.3,balanced
1781384936601.637,0.4,0.3,0.3,578.8304552590267,590.6666666666666,0.11576609105180535,611.0510220232442,691.8272057160947,0.040096799334439236,0.9840418462867442,0.9878012933568487,0.9840418462867442,67,8,2.2368770776649693,0,2.2368770776649693,False,False,False,True,0,259,8,0.4,0.3,0.3,balanced
1781384943503.566,0.4,0.3,0.3,387.9010989010989,393.55555555555554,0.07758021978021978,558.5749399022228,566.2386294405579,0.03659606003350386,0.6584966212398581,0.6561461794019934,0.6584966212398581,68,8,2.1555380804498183,0,2.1555380804498183,False,False,False,True,0,260,8,0.4,0.3,0.3,balanced
1781384946328.0999,0.4,0.3,0.3,493.894819466248,532.0,0.0987789638932496,452.37399193548384,496.6364247311828,0.029511273644795454,0.8398744113029826,0.8888888888888888,0.8398744113029826,67,8,2.2035973557401562,1,2.2035973557401562,False,False,False,True,0,261,8,0.4,0.3,0.3,balanced
1781384948956.2622,0.4,0.3,0.3,582.0141287284143,594.7777777777778,0.11640282574568286,449.7126690182245,559.6825396825396,0.029333733757053004,0.9999999999999998,1.0,0.9999999999999998,65,8,2.244638749574611,1,2.244638749574611,False,False,False,True,0,262,8,0.4,0.3,0.3,balanced
1781384951582.436,0.4,0.3,0.3,581.6091051805337,594.0,0.11632182103610673,472.97986478542026,591.7533803644915,0.03088591492898067,0.9999999999999998,1.0,0.9999999999999998,64,8,2.2442054971068632,1,2.2442054971068632,False,False,False,True,0,263,8,0.4,0.3,0.3,balanced
1781384954206.311,0.4,0.3,0.3,584.043956043956,596.3333333333334,0.11680879120879119,437.73589065255726,503.0996472663139,0.02853474920964358,0.9999999999999998,1.0,0.9999999999999998,61,8,2.2447160587535904,1,2.2447160587535904,False,False,False,True,0,264,8,0.4,0.3,0.3,balanced
1781384956827.881,0.4,0.3,0.3,585.3767660910518,598.3333333333334,0.11707535321821036,384.41358024691357,443.586125808348,0.024977557054497238,0.9999999999999998,1.0,0.9999999999999998,59,8,2.2456765915963666,1,2.2456765915963666,False,False,False,True,0,265,8,0.4,0.3,0.3,balanced
1781384959447.741,0.4,0.3,0.3,585.1365777080063,598.6666666666666,0.11702731554160126,410.22633744855966,488.3950617283951,0.02669955553359304,0.9999999999999998,1.0,0.9999999999999998,58,8,2.2451792071232815,1,2.2451792071232815,False,False,False,True,0,266,8,0.4,0.3,0.3,balanced
1781384962162.663,0.4,0.3,0.3,589.1664050235479,602.8888888888889,0.11783328100470958,367.1873289545703,436.85276409414337,0.02382837417975786,0.9999999999999998,1.0,0.9999999999999998,56,8,2.2457181753441886,1,2.2457181753441886,False,False,False,True,0,267,8,0.4,0.3,0.3,balanced
1781384964783.3071,0.4,0.3,0.3,589.4662480376766,603.8888888888889,0.11789324960753532,419.4666033554922,496.58594491927823,0.02731598421317493,0.9918911398503234,0.9919165196942975,0.9918911398503234,55,8,2.2422152468481302,1,2.2422152468481302,False,False,False,True,0,268,8,0.4,0.3,0.3,balanced
1781384967405.7961,0.4,0.3,0.3,590.7598116169545,605.7777777777778,0.1181519623233909,360.6521050965495,415.42260208926876,0.02339240194106401,0.9999999999999998,1.0,0.9999999999999998,53,8,2.2457214944883246,1,2.2457214944883246,False,False,False,True,0,269,8,0.4,0.3,0.3,balanced
1781384970030.112,0.4,0.3,0.3,591.320251177394,606.0,0.1182640502354788,348.198797087686,403.9696106362773,0.022561627557550767,0.9999999999999998,1.0,0.9999999999999998,52,8,2.245925891638543,1,2.245925891638543,False,False,False,True,0,270,8,0.4,0.3,0.3,balanced
1781384972648.1409,0.4,0.3,0.3,593.0879120879121,609.1111111111111,0.11861758241758241,347.71842355175687,390.66318455207346,0.022529581290977777,0.9999999999999998,1.0,0.9999999999999998,50,8,2.2457940926456734,1,2.2457940926456734,False,False,False,True,0,271,8,0.4,0.3,0.3,balanced
1781384975374.335,0.4,0.3,0.3,596.5086342229198,612.0,0.11930172684458396,2235.6900352733683,2400.1513815402704,0.14847832123237947,0.9999999999999998,1.0,0.9999999999999998,49,8,2.2077358128924525,1,2.2077358128924525,False,False,False,True,0,272,8,0.4,0.3,0.3,balanced
1781384981680.252,0.4,0.3,0.3,597.4238618524332,614.1111111111111,0.11948477237048664,360.5644499178982,417.2427476737821,0.023386554364102613,0.9999999999999998,1.0,0.9999999999999998,47,8,2.2451901247425745,1,2.2451901247425745,False,False,False,True,0,273,8,0.4,0.3,0.3,balanced
1781384984403.9321,0.4,0.3,0.3,596.0627943485086,612.3333333333334,0.11921255886970172,342.83730158730157,411.5079365079365,0.022203956076537797,0.9999999999999998,1.0,0.9999999999999998,46,8,2.245653789629158,1,2.245653789629158,False,False,False,True,0,274,8,0.4,0.3,0.3,balanced
1781384987126.149,0.4,0.3,0.3,596.7535321821036,613.4444444444445,0.11935070643642073,345.6709288653733,432.6910640799529,0.022392990584748054,0.9999999999999998,1.0,0.9999999999999998,47,8,2.2455418202500073,0,2.2455418202500073,False,False,False,True,0,275,8,0.4,0.3,0.3,balanced
1781384989845.386,0.4,0.3,0.3,599.6985871271585,617.0,0.11993971742543169,349.39039408866995,421.36562671045436,0.022641120352813206,0.9999999999999998,1.0,0.9999999999999998,46,8,2.2452317769239833,1,2.2452317769239833,False,False,False,True,0,276,8,0.4,0.3,0.3,balanced
1781384992562.7551,0.4,0.3,0.3,601.0533751962323,619.2222222222222,0.12021067503924646,308.9256319811875,368.4626690182245,0.019941669912020513,0.9999999999999998,1.0,0.9999999999999998,44,8,2.2459332290106953,1,2.2459332290106953,False,False,False,True,0,277,8,0.4,0.3,0.3,balanced
1781384995281.775,0.4,0.3,0.3,601.8492935635792,619.8888888888889,0.12036985871271584,336.59391534391534,398.90211640211635,0.021787452658033044,0.9999999999999998,1.0,0.9999999999999998,43,8,2.2453158207175035,1,2.2453158207175035,False,False,False,True,0,278,8,0.4,0.3,0.3,balanced
1781384998005.311,0.4,0.3,0.3,605.1883830455258,624.3333333333334,0.12103767660910517,280.89359200470307,332.48677248677245,0.0180716205473451,0.9999999999999998,1.0,0.9999999999999998,41,8,2.246163443192154,1,2.246163443192154,False,False,False,True,0,279,8,0.4,0.3,0.3,balanced
1781385000724.3718,0.4,0.3,0.3,607.47409733124,626.6666666666666,0.121494819466248,274.7317754262199,323.4553203997648,0.017660558734237483,0.9999999999999998,1.0,0.9999999999999998,40,8,2.2461039045932294,1,2.2461039045932294,False,False,False,True,0,280,8,0.4,0.3,0.3,balanced
1781385003442.931,0.4,0.3,0.3,612.1569858712716,631.7777777777778,0.12243139717425432,244.09465020576133,309.87654320987656,0.015616721161158195,0.9999999999999998,1.0,0.9999999999999998,38,8,2.246342424781951,1,2.246342424781951,False,False,False,True,0,281,8,0.4,0.3,0.3,balanced
1781385006657.769,0.4,0.3,0.3,614.7723704866561,638.6666666666666,0.12295447409733122,838.9913414589251,902.5476792867685,0.055302958069307885,0.8048873395512051,0.8071895424836601,0.8048873395512051,37,8,2.1756935248056366,1,2.1756935248056366,False,False,False,True,0,282,8,0.4,0.3,0.3,balanced
1781385009381.5269,0.4,0.3,0.3,616.7127158555729,638.6666666666666,0.12334254317111458,227.28236783792337,265.1139601139601,0.014495154625611966,0.9999999999999998,1.0,0.9999999999999998,35,8,2.2463144363438703,1,2.2463144363438703,False,False,False,True,0,283,8,0.4,0.3,0.3,balanced
1781385015783.836,0.4,0.3,0.3,620.5604395604395,643.0,0.1241120879120879,225.30719759168034,276.7391899288451,0.014363388765288882,0.9999999999999998,1.0,0.9999999999999998,34,8,2.2460461482055782,1,2.2460461482055782,False,False,False,True,0,284,8,0.4,0.3,0.3,balanced
1781385018608.613,0.4,0.3,0.3,623.0,646.4444444444445,0.1246,212.2516166960611,262.6058201058201,0.01349243607045104,0.9999999999999998,1.0,0.9999999999999998,32,8,2.2461122691788646,1,2.2461122691788646,False,False,False,True,0,285,8,0.4,0.3,0.3,balanced
1781385021433.575,0.4,0.3,0.3,631.49136577708,657.6666666666666,0.126298273155416,183.39432686654908,223.86243386243385,0.011567333346667718,0.9999999999999998,1.0,0.9999999999999998,29,8,2.246010490733833,1,2.246010490733833,False,False,False,True,0,286,8,0.4,0.3,0.3,balanced
1781385024258.152,0.4,0.3,0.3,635.5196232339089,662.8888888888889,0.12710392464678177,179.74279835390945,227.16196355085242,0.01132373571407001,0.9999999999999998,1.0,0.9999999999999998,28,8,2.245761309427066,1,2.245761309427066,False,False,False,True,0,287,8,0.4,0.3,0.3,balanced
1781385027081.047,0.4,0.3,0.3,641.3861852433281,671.0,0.12827723704866562,165.5943336498892,199.5789806900918,0.01037987549365505,0.9999999999999998,1.0,0.9999999999999998,26,8,2.245575142532437,1,2.245575142532437,False,False,False,True,0,288,8,0.4,0.3,0.3,balanced
1781385029895.558,0.4,0.3,0.3,646.2967032967034,676.8888888888889,0.1292593406593407,153.23994935106043,183.53118075340296,0.009555700423686487,0.9999999999999998,1.0,0.9999999999999998,25,8,2.2454295536091577,1,2.2454295536091577,False,False,False,True,0,289,8,0.4,0.3,0.3,balanced
1781385032708.954,0.4,0.3,0.3,640.8602825745684,670.3333333333334,0.12817205651491367,168.05318138651472,205.75498575498577,0.01054390803112173,0.9999999999999998,1.0,0.9999999999999998,26,8,2.245568004984698,0,2.245568004984698,False,False,False,True,0,290,8,0.4,0.3,0.3,balanced
1781385035524.179,0.4,0.3,0.3,645.037676609105,675.3333333333334,0.129007535321821,165.66555872111428,201.7679645457423,0.010384626999407223,0.9999999999999998,1.0,0.9999999999999998,25,8,2.2452815977714495,1,2.2452815977714495,False,False,False,True,0,291,8,0.4,0.3,0.3,balanced
1781385038443.609,0.4,0.3,0.3,653.4113029827314,685.2222222222222,0.13068226059654628,173.1275720164609,208.60082304526748,0.010882426418709866,0.9999999999999998,1.0,0.9999999999999998,23,8,2.2444623678357685,1,2.2444623678357685,False,False,False,True,0,292,8,0.4,0.3,0.3,balanced
1781385041256.112,0.4,0.3,0.3,642.789638932496,674.1111111111111,0.12855792778649922,182.83396644507755,215.0918012029123,0.011529951063714313,0.9999999999999998,1.0,0.9999999999999998,25,8,2.2451178435662857,0,2.2451178435662857,False,False,False,True,0,293,8,0.4,0.3,0.3,balanced
1781385044174.268,0.4,0.3,0.3,654.2841444270016,687.5555555555555,0.13085682888540032,154.02659069325733,195.7818930041152,0.009608178164993817,0.9939531368102794,0.9958847736625513,0.9939531368102794,23,8,2.2429607560394254,1,2.2429607560394254,False,False,False,True,0,294,8,0.4,0.3,0.3,balanced
1781385047095.355,0.4,0.3,0.3,660.2982731554159,694.2222222222222,0.13205965463108318,163.44209288653732,198.73015873015873,0.010236297057140582,0.9999999999999998,1.0,0.9999999999999998,22,8,2.2441052490304245,1,2.2441052490304245,False,False,False,True,0,295,8,0.4,0.3,0.3,balanced
1781385053689.248,0.4,0.3,0.3,670.2307692307692,708.0,0.13404615384615384,158.92342739564964,189.19165196942973,0.009934851727528329,0.9999999999999998,1.0,0.9999999999999998,20,8,2.24340108294328,1,2.24340108294328,False,False,False,True,0,296,8,0.4,0.3,0.3,balanced
1781385056712.875,0.4,0.3,0.3,677.6357927786498,718.1111111111111,0.13552715855572997,139.00499706055263,174.67519106407997,0.008606070517715319,0.9999999999999998,1.0,0.9999999999999998,19,8,2.2432073154223935,1,2.2432073154223935,False,False,False,True,0,297,8,0.4,0.3,0.3,balanced
1781385060027.8489,0.4,0.3,0.3,691.2605965463108,735.3333333333334,0.13825211930926215,252.94963214487828,315.42614601018676,0.016207447107730373,0.8646952919954667,0.8880237300704485,0.8646952919954667,17,8,2.199245505742616,1,2.199245505742616,False,False,False,True,0,298,8,0.4,0.3,0.3,balanced
1781385063144.712,0.4,0.3,0.3,700.5620094191522,746.8888888888889,0.14011240188383045,116.78130511463844,145.83480305702528,0.007123502676093292,0.9999999999999998,1.0,0.9999999999999998,16,8,2.24181798844364,1,2.24181798844364,False,False,False,True,0,299,8,0.4,0.3,0.3,balanced
1781385066357.928,0.4,0.3,0.3,726.2339089481947,779.1111111111111,0.14524678178963893,88.3833039388595,112.12375073486184,0.005229039622338859,0.9999999999999998,1.0,0.9999999999999998,14,8,2.2403325753974426,1,2.2403325753974426,False,False,False,True,0,300,8,0.4,0.3,0.3,balanced
1781385069671.4329,0.4,0.3,0.3,739.4945054945055,797.4444444444445,0.14789890109890108,82.51763668430335,104.0461493239271,0.004837734268465867,0.9999999999999998,1.0,0.9999999999999998,13,8,2.2393891192799,1,2.2393891192799,False,False,False,True,0,301,8,0.4,0.3,0.3,balanced
1781385073087.56,0.4,0.3,0.3,776.6609105180534,844.7777777777778,0.15533218210361066,82.27971102971104,103.7951657396102,0.004821861976631823,0.9940694226408511,0.9958847736625513,0.9940694226408511,11,8,2.2346413953578215,1,2.2346413953578215,False,False,False,True,0,302,8,0.4,0.3,0.3,balanced
1781385076600.546,0.4,0.3,0.3,797.7189952904239,872.2222222222222,0.15954379905808477,330.3986342875231,368.3410211187989,0.02137415839142916,0.99587185301471,0.9958847736625513,0.99587185301471,10,8,2.2285317887637506,1,2.2285317887637506,False,False,False,True,0,303,8,0.4,0.3,0.3,balanced
1781385080027.4229,0.4,0.3,0.3,776.0832025117737,844.0,0.15521664050235473,107.57874327318773,133.46583457694567,0.006509589277731003,0.9940694226408511,0.9958847736625513,0.9940694226408511,11,8,2.2341812938079944,0,2.2341812938079944,False,False,False,True,0,304,8,0.4,0.3,0.3,balanced
1781385086942.3499,0.4,0.3,0.3,738.3390894819465,796.4444444444445,0.1476678178963893,105.90388007054676,127.28395061728396,0.006397857242865027,0.9999999999999998,1.0,0.9999999999999998,13,8,2.2390135156685846,0,2.2390135156685846,False,False,False,True,0,305,8,0.4,0.3,0.3,balanced
1781385090164.26,0.4,0.3,0.3,723.2401883830455,777.8888888888889,0.1446480376766091,133.09009406231627,167.53674309229865,0.008211480591215228,0.9999999999999998,1.0,0.9999999999999998,14,8,2.239677340751992,0,2.239677340751992,False,False,False,True,0,306,8,0.4,0.3,0.3,balanced
1781385093289.266,0.4,0.3,0.3,701.9952904238618,748.4444444444445,0.14039905808477235,143.9484126984127,189.7413286302175,0.008935851414170293,0.9999999999999998,1.0,0.9999999999999998,16,8,2.24115962134184,0,2.24115962134184,False,False,False,True,0,307,8,0.4,0.3,0.3,balanced
1781385096312.779,0.4,0.3,0.3,693.8744113029827,738.0,0.13877488226059653,168.76384931940487,217.4992086103197,0.010591317499626742,0.9999999999999998,1.0,0.9999999999999998,17,8,2.2413126518458735,0,2.2413126518458735,False,False,False,True,0,308,8,0.4,0.3,0.3,balanced
1781385099434.745,0.4,0.3,0.3,702.2244897959183,749.5555555555555,0.14044489795918366,118.78086419753086,148.40388007054673,0.007256895543531078,0.9999999999999998,1.0,0.9999999999999998,16,8,2.241644972153267,1,2.241644972153267,False,False,False,True,0,309,8,0.4,0.3,0.3,balanced
1781385102458.885,0.4,0.3,0.3,691.0910518053374,736.3333333333334,0.1382182103610675,147.66065210509652,191.83760683760684,0.009183499139766278,0.9958718530147099,0.9958847736625513,0.9958718530147099,17,8,2.240719222018056,0,2.240719222018056,False,False,False,True,0,310,8,0.4,0.3,0.3,balanced
1781385105473.598,0.4,0.3,0.3,679.4003139717425,718.2222222222222,0.1358800627943485,117.31684981684981,148.5293718627052,0.007159229474106058,0.9999999999999998,1.0,0.9999999999999998,19,8,2.2435002060400286,0,2.2435002060400286,False,False,False,True,0,311,8,0.4,0.3,0.3,balanced
1781385108399.2432,0.4,0.3,0.3,670.342229199372,708.4444444444445,0.1340684458398744,129.50063311174424,161.53687875910097,0.007972023556487275,0.9999999999999998,1.0,0.9999999999999998,20,8,2.2439810145971038,0,2.2439810145971038,False,False,False,True,0,312,8,0.4,0.3,0.3,balanced
1781385111419.138,0.4,0.3,0.3,676.822605965463,716.3333333333334,0.1353645211930926,141.74015285126393,166.96942974720753,0.008788535880671376,0.9999999999999998,1.0,0.9999999999999998,19,8,2.2432176307585614,1,2.2432176307585614,False,False,False,True,0,313,8,0.4,0.3,0.3,balanced
1781385114344.826,0.4,0.3,0.3,667.0989010989011,704.8888888888889,0.13341978021978024,153.5728078505856,190.01519468186132,0.009577905793901642,0.9999999999999998,1.0,0.9999999999999998,20,8,2.243758716173917,0,2.243758716173917,False,False,False,True,0,314,8,0.4,0.3,0.3,balanced
1781385117467.4421,0.4,0.3,0.3,658.7127158555729,695.0,0.13174254317111458,271.11480809302947,271.2672581837736,0.01741926671734686,0.9813298945952007,0.9642857142857143,0.9813298945952007,22,8,2.2364761710949104,0,2.2364761710949104,False,False,False,True,0,315,8,0.4,0.3,0.3,balanced
1781385123970.8071,0.4,0.3,0.3,653.3233908948193,686.0,0.13066467817896388,178.77057613168722,216.04497354497354,0.01125887766055285,0.9999999999999998,1.0,0.9999999999999998,23,8,2.2443564654302484,0,2.2443564654302484,False,False,False,True,0,316,8,0.4,0.3,0.3,balanced
1781385126890.346,0.4,0.3,0.3,646.094191522763,677.0,0.1292188383045526,152.73515579071136,185.1954732510288,0.009522025069427042,0.9999999999999998,1.0,0.9999999999999998,25,8,2.2454558571573506,0,2.2454558571573506,False,False,False,True,0,317,8,0.4,0.3,0.3,balanced
1781385129710.9321,0.4,0.3,0.3,641.4756671899528,670.6666666666666,0.12829513343799057,184.15637860082305,225.4732510288066,0.011618170687179656,0.9999999999999998,1.0,0.9999999999999998,26,8,2.2451964954186496,0,2.2451964954186496,False,False,False,True,0,318,8,0.4,0.3,0.3,balanced
1781385132630.498,0.4,0.3,0.3,644.2072213500784,674.1111111111111,0.12884144427001568,191.09621115368242,212.0177279085325,0.012081134833467807,0.9942812289751064,0.9960317460317462,0.9942812289751064,25,8,2.2431234505344855,1,2.2431234505344855,False,False,False,True,0,319,8,0.4,0.3,0.3,balanced
1781385135548.345,0.4,0.3,0.3,639.7127158555729,669.0,0.1279425431711146,277.75835949207595,352.3510861920824,0.017862465609878315,0.984257805686377,0.9879482657260437,0.984257805686377,26,8,2.2387415847545036,0,2.2387415847545036,False,False,False,True,0,320,8,0.4,0.3,0.3,balanced
1781385138368.9011,0.4,0.3,0.3,632.1868131868132,659.0,0.12643736263736263,189.85229276895944,223.9638447971781,0.01199815161900997,0.9999999999999998,1.0,0.9999999999999998,28,8,2.245825609459352,0,2.245825609459352,False,False,False,True,0,321,8,0.4,0.3,0.3,balanced
1781385141192.8452,0.4,0.3,0.3,629.9466248037676,656.2222222222222,0.12598932496075352,192.90564373897703,244.3885949441505,0.012201844145362043,0.9999999999999998,1.0,0.9999999999999998,29,8,2.24594371677209,0,2.24594371677209,False,False,False,True,0,322,8,0.4,0.3,0.3,balanced
1781385144012.871,0.4,0.3,0.3,622.1601255886969,645.8888888888889,0.12443202511773939,247.52668308702786,280.9797482211276,0.015845675989795055,0.9999999999999998,1.0,0.9999999999999998,32,8,2.245473487155966,0,2.245473487155966,False,False,False,True,0,323,8,0.4,0.3,0.3,balanced
1781385146734.586,0.4,0.3,0.3,616.0518053375196,639.0,0.12321036106750391,236.04938271604937,286.0857866413422,0.015080012189196088,0.9999999999999998,1.0,0.9999999999999998,34,8,2.2461918519162394,0,2.2461918519162394,False,False,False,True,0,324,8,0.4,0.3,0.3,balanced
1781385149559.378,0.4,0.3,0.3,614.2605965463108,636.1111111111111,0.12285211930926217,262.6354679802955,307.2947454844007,0.016853600265530056,0.9999999999999998,1.0,0.9999999999999998,35,8,2.245803072196636,0,2.245803072196636,False,False,False,True,0,325,8,0.4,0.3,0.3,balanced
1781385152280.739,0.4,0.3,0.3,609.0596546310832,630.1111111111111,0.12181193092621663,294.6582892416226,361.8680188124633,0.018989879202243,0.9999999999999998,1.0,0.9999999999999998,37,8,2.24557826386884,0,2.24557826386884,False,False,False,True,0,326,8,0.4,0.3,0.3,balanced
1781385158588.155,0.4,0.3,0.3,616.0816326530612,637.4444444444445,0.12321632653061224,242.0845204178537,276.7964545742323,0.0154826231099302,0.9999999999999998,1.0,0.9999999999999998,35,8,2.246068682454776,1,2.246068682454776,False,False,False,True,0,327,8,0.4,0.3,0.3,balanced
1781385161307.1511,0.4,0.3,0.3,611.226059654631,632.3333333333334,0.12224521193092619,247.21046443268662,302.92034097589647,0.015824580682634197,0.9999999999999998,1.0,0.9999999999999998,37,8,2.246354541022839,0,2.246354541022839,False,False,False,True,0,328,8,0.4,0.3,0.3,balanced
1781385164232.025,0.4,0.3,0.3,617.0879120879121,638.8888888888889,0.12341758241758241,322.59498207885304,443.0083632019116,0.02085356785049053,0.8706677937447167,0.9102564102564104,0.8706677937447167,35,8,2.205577234801235,1,2.205577234801235,False,False,False,True,0,329,8,0.4,0.3,0.3,balanced
1781385166949.1748,0.4,0.3,0.3,610.9984301412873,631.6666666666666,0.12219968602825745,250.18993352326683,307.7366255144033,0.016023344464527474,0.9999999999999998,1.0,0.9999999999999998,37,8,2.246313122249339,0,2.246313122249339,False,False,False,True,0,330,8,0.4,0.3,0.3,balanced
1781385169672.7148,0.4,0.3,0.3,609.1114599686028,628.7777777777778,0.12182229199372056,272.76353276353274,325.07439062994615,0.017529255020916127,0.9939531368102794,0.9958847736625513,0.9939531368102794,38,8,2.2441982477393205,0,2.2441982477393205,False,False,False,True,0,331,8,0.4,0.3,0.3,balanced
1781385172397.371,0.4,0.3,0.3,606.2229199372056,625.0,0.12124458398744112,296.48074661963545,346.37419165196945,0.019111457412917643,0.9999999999999998,1.0,0.9999999999999998,40,8,2.2457687291811483,0,2.2457687291811483,False,False,False,True,0,332,8,0.4,0.3,0.3,balanced
1781385175120.126,0.4,0.3,0.3,605.4552590266876,624.0,0.12109105180533752,256.28968253968253,326.3888888888889,0.016430265679765344,0.9999999999999998,1.0,0.9999999999999998,41,8,2.2466344995739354,0,2.2466344995739354,False,False,False,True,0,333,8,0.4,0.3,0.3,balanced
1781385177836.672,0.4,0.3,0.3,602.0502354788068,620.2222222222222,0.12041004709576136,309.91516146688565,368.70005473453745,0.020007682552827595,0.9999999999999998,1.0,0.9999999999999998,43,8,2.245833676395847,0,2.245833676395847,False,False,False,True,0,334,8,0.4,0.3,0.3,balanced
1781385180561.354,0.4,0.3,0.3,607.5054945054944,626.7777777777778,0.12150109890109889,290.0624632569077,359.320987654321,0.01868328640806589,0.9999999999999998,1.0,0.9999999999999998,41,8,2.2457945745171406,1,2.2457945745171406,False,False,False,True,0,335,8,0.4,0.3,0.3,balanced
1781385183287.431,0.4,0.3,0.3,603.9623233908948,622.7777777777778,0.12079246467817896,293.69047619047615,363.0555555555555,0.018925315289558115,0.9999999999999998,1.0,0.9999999999999998,43,8,2.246005419541861,0,2.246005419541861,False,False,False,True,0,336,8,0.4,0.3,0.3,balanced
1781385186011.2651,0.4,0.3,0.3,600.0690737833594,618.0,0.12001381475667187,341.3242210464433,403.86390358612584,0.022103016747594618,0.9999999999999998,1.0,0.9999999999999998,44,8,2.245363569073053,0,2.245363569073053,False,False,False,True,0,337,8,0.4,0.3,0.3,balanced
1781385189933.409,0.4,0.3,0.3,605.2166405023547,627.0,0.12104332810047094,2464.0825456104953,2803.2016138289428,0.16371464613812511,0.5688666935487853,0.6262170299024402,0.5688666935487853,46,8,2.0731282829830096,0,2.0731282829830096,False,False,False,True,0,338,8,0.4,0.3,0.3,balanced
1781385196226.314,0.4,0.3,0.3,596.5431711145997,612.8888888888889,0.11930863422291993,320.8399217498834,372.3470980559103,0.020736485773841455,0.9960192868356132,0.9960317460317462,0.9960192868356132,47,8,2.2448613866293634,0,2.2448613866293634,False,False,False,True,0,339,8,0.4,0.3,0.3,balanced
1781385198849.394,0.4,0.3,0.3,593.2653061224489,609.5555555555555,0.11865306122448978,319.1255144032922,390.5840455840456,0.02062211570402216,0.9999999999999998,1.0,0.9999999999999998,49,8,2.2463521407989973,0,2.2463521407989973,False,False,False,True,0,340,8,0.4,0.3,0.3,balanced
1781385201471.76,0.4,0.3,0.3,593.3563579277865,608.8888888888889,0.11867127158555729,387.34093067426403,434.3526432415321,0.025172843940911543,0.9999999999999998,1.0,0.9999999999999998,50,8,2.2449796381835037,0,2.2449796381835037,False,False,False,True,0,341,8,0.4,0.3,0.3,balanced
1781385204192.697,0.4,0.3,0.3,593.2103610675039,608.2222222222222,0.11864207221350077,366.67761357416526,436.21100164203614,0.023794370485267863,0.9999999999999998,1.0,0.9999999999999998,52,8,2.2454048599690193,0,2.2454048599690193,False,False,False,True,0,342,8,0.4,0.3,0.3,balanced
1781385206815.544,0.4,0.3,0.3,590.9120879120878,606.2222222222222,0.11818241758241757,339.2560937005381,415.83729028173474,0.02196504961311128,0.9999999999999998,1.0,0.9999999999999998,53,8,2.2461375180830996,0,2.2461375180830996,False,False,False,True,0,343,8,0.4,0.3,0.3,balanced
1781385209428.184,0.4,0.3,0.3,589.7692307692307,603.5555555555555,0.11795384615384615,372.0884773662551,427.67489711934155,0.0241553353813379,0.9999999999999998,1.0,0.9999999999999998,55,8,2.24557186092406,0,2.24557186092406,False,False,False,True,0,344,8,0.4,0.3,0.3,balanced
1781385212044.837,0.4,0.3,0.3,589.1836734693877,602.6666666666666,0.11783673469387754,404.2798353909465,502.09876543209873,0.026302857597794965,0.9999999999999998,1.0,0.9999999999999998,56,8,2.2449744488431103,0,2.2449744488431103,False,False,False,True,0,345,8,0.4,0.3,0.3,balanced
1781385214667.268,0.4,0.3,0.3,585.7142857142857,599.0,0.11714285714285713,553.179012345679,665.6158142269254,0.03623609155074576,0.9999999999999998,1.0,0.9999999999999998,58,8,2.2422720296776335,0,2.2422720296776335,False,False,False,True,0,346,8,0.4,0.3,0.3,balanced
1781385218387.319,0.4,0.3,0.3,272.320251177394,338.8888888888889,0.0544640502354788,242.93698034769463,234.14162887377174,0.01553949168430251,0.4568288854003139,0.5555555555555556,0.4568288854003139,59,8,2.110601198020612,0,2.110601198020612,False,False,False,True,0,347,8,0.4,0.3,0.3,balanced
1781385225717.3792,0.4,0.3,0.3,72.2574568288854,138.22222222222223,0.014451491365777079,750.7425284163252,500.4950189442168,0.04941577908047533,0.11568550497121927,0.2212962962962963,0.11568550497121927,58,8,2.0141003212209125,1,2.0141003212209125,False,False,False,True,0,348,8,0.4,0.3,0.3,balanced
1781385231917.793,0.4,0.3,0.3,585.6106750392464,598.8888888888889,0.11712213500784928,485.54085831863614,553.5846560846562,0.03172387313666685,0.9999999999999998,1.0,0.9999999999999998,59,8,2.2436339840558603,0,2.2436339840558603,False,False,False,True,0,349,8,0.4,0.3,0.3,balanced
1781385234537.934,0.4,0.3,0.3,584.4160125588696,596.7777777777778,0.11688320251177392,419.65020576131684,504.8148148148148,0.027328232539113866,0.9999999999999998,1.0,0.9999999999999998,61,8,2.245048249233556,0,2.245048249233556,False,False,False,True,0,350,8,0.4,0.3,0.3,balanced
1781385237153.853,0.4,0.3,0.3,580.6043956043956,593.2222222222222,0.11612087912087911,515.7253086419753,615.1190476190475,0.03373751225096566,0.9999999999999998,1.0,0.9999999999999998,64,8,2.2434303946763587,0,2.2434303946763587,False,False,False,True,0,351,8,0.4,0.3,0.3,balanced
1781385240176.516,0.4,0.3,0.3,419.5447409733124,462.8888888888889,0.08390894819466248,445.01719576719574,508.4065255731923,0.029020493380066428,0.7205651491365775,0.7777777777777778,0.7205651491365775,65,8,2.1738998174490884,0,2.1738998174490884,False,False,False,True,0,352,8,0.4,0.3,0.3,balanced
1781385242799.586,0.4,0.3,0.3,581.4113029827315,592.6666666666666,0.1162822605965463,563.7316284538507,651.8400940623163,0.0369400686093296,0.9942812289751064,0.9960317460317462,0.9942812289751064,67,8,2.2406894438711147,0,2.2406894438711147,False,False,False,True,0,353,8,0.4,0.3,0.3,balanced
1781385245425.781,0.4,0.3,0.3,583.1240188383044,594.7777777777778,0.11662480376766089,598.6265432098764,711.089065255732,0.03926794817944473,0.9999999999999998,1.0,0.9999999999999998,65,8,2.2415696940391023,1,2.2415696940391023,False,False,False,True,0,354,8,0.4,0.3,0.3,balanced
1781385248050.803,0.4,0.3,0.3,581.5463108320251,593.0,0.11630926216640503,530.8774250440918,640.3468547912993,0.03474832722108684,0.9999999999999998,1.0,0.9999999999999998,67,8,2.2430517969671118,0,2.2430517969671118,False,False,False,True,0,355,8,0.4,0.3,0.3,balanced
1781385250678.025,0.4,0.3,0.3,579.8885400313972,591.4444444444445,0.11597770800627943,563.9094650205761,675.4732510288065,0.03695193228956479,0.9999999999999998,1.0,0.9999999999999998,68,8,2.242523337110619,0,2.242523337110619,False,False,False,True,0,356,8,0.4,0.3,0.3,balanced
1781385253302.751,0.4,0.3,0.3,579.0894819466248,591.4444444444445,0.11581789638932496,558.3619929453263,677.4661963550852,0.03658185409908781,0.9999999999999998,1.0,0.9999999999999998,68,8,2.2426982852145434,2,2.2426982852145434,False,False,False,True,0,357,8,0.4,0.3,0.3,balanced
1781385255915.844,0.4,0.3,0.3,580.2558869701727,592.1111111111111,0.11605117739403453,573.9087301587301,695.7539682539682,0.03761899467369781,0.9999999999999998,1.0,0.9999999999999998,67,8,2.2422938306402767,1,2.2422938306402767,False,False,False,True,0,358,8,0.4,0.3,0.3,balanced
1781385258528.485,0.4,0.3,0.3,581.3877551020408,593.5555555555555,0.11627755102040817,495.59229864785414,610.1851851851851,0.03239441618731515,0.9999999999999998,1.0,0.9999999999999998,65,8,2.243770654735642,1,2.243770654735642,False,False,False,True,0,359,8,0.4,0.3,0.3,balanced
1781385261152.41,0.4,0.3,0.3,581.6436420722135,593.6666666666666,0.11632872841444271,437.80423280423275,535.2763080540858,0.02853930839254388,0.9999999999999998,1.0,0.9999999999999998,64,8,2.2449067161164598,1,2.2449067161164598,False,False,False,True,0,360,8,0.4,0.3,0.3,balanced
1781385267365.562,0.4,0.3,0.3,582.4097331240188,595.7777777777778,0.11648194662480375,575.5864197530864,676.0390946502057,0.03773091526037935,0.9999999999999998,1.0,0.9999999999999998,61,8,2.2420879467719645,1,2.2420879467719645,False,False,False,True,0,361,8,0.4,0.3,0.3,balanced
1781385269990.753,0.4,0.3,0.3,585.054945054945,598.4444444444445,0.11701098901098901,487.253086419753,582.4309229864785,0.03183809782653456,0.9999999999999998,1.0,0.9999999999999998,59,8,2.243644175047644,1,2.243644175047644,False,False,False,True,0,362,8,0.4,0.3,0.3,balanced
1781385272616.6438,0.4,0.3,0.3,585.1868131868132,598.5555555555555,0.11703736263736264,463.1114050558495,551.7151675485007,0.030227578722871882,0.9999999999999998,1.0,0.9999999999999998,58,8,2.2441167813281933,1,2.2441167813281933,False,False,False,True,0,363,8,0.4,0.3,0.3,balanced
1781385275241.001,0.4,0.3,0.3,585.1177394034536,598.5555555555555,0.11702354788069072,451.0111699000588,539.8030570252793,0.029420358232158692,0.9999999999999998,1.0,0.9999999999999998,59,8,2.244364473378076,0,2.244364473378076,False,False,False,True,0,364,8,0.4,0.3,0.3,balanced
1781385277857.1128,0.4,0.3,0.3,585.5698587127158,599.6666666666666,0.11711397174254316,464.592151675485,573.2172251616697,0.030326361019045033,0.9999999999999998,1.0,0.9999999999999998,58,8,2.244056502997269,1,2.244056502997269,False,False,False,True,0,365,8,0.4,0.3,0.3,balanced
1781385280481.175,0.4,0.3,0.3,586.7315541601256,600.2222222222222,0.11734631083202512,388.7669018224574,483.4273956496179,0.02526797210289909,0.9999999999999998,1.0,0.9999999999999998,56,8,2.24548108403632,1,2.24548108403632,False,False,False,True,0,366,8,0.4,0.3,0.3,balanced
1781385283094.461,0.4,0.3,0.3,588.9199372056513,603.2222222222222,0.11778398744113026,390.4732510288065,451.68724279835385,0.025381804604990427,0.9999999999999998,1.0,0.9999999999999998,55,8,2.2452718636420506,1,2.2452718636420506,False,False,False,True,0,367,8,0.4,0.3,0.3,balanced
1781385285708.205,0.4,0.3,0.3,590.9434850863422,606.2222222222222,0.11818869701726845,369.1152263374485,446.7901234567901,0.02395698641343886,0.9999999999999998,1.0,0.9999999999999998,53,8,2.245537425269061,1,2.245537425269061,False,False,False,True,0,368,8,0.4,0.3,0.3,balanced
1781385288326.103,0.4,0.3,0.3,592.3281004709576,606.8888888888889,0.11846562009419151,378.80895853118074,455.5207344096233,0.02460366634630959,0.9999999999999998,1.0,0.9999999999999998,53,8,2.2452326520584305,2,2.2452326520584305,False,False,False,True,0,369,8,0.4,0.3,0.3,balanced
1781385290950.594,0.4,0.3,0.3,592.2244897959184,606.7777777777778,0.11844489795918368,343.3697372586262,414.23551756885087,0.022239475467553445,0.9999999999999998,1.0,0.9999999999999998,52,8,2.2459501981760606,1,2.2459501981760606,False,False,False,True,0,370,8,0.4,0.3,0.3,balanced
1781385293575.5278,0.4,0.3,0.3,591.1004709576137,605.2222222222222,0.11822009419152273,365.54566318455204,437.6756885090219,0.023718856783492465,0.9939531368102794,0.9958847736625513,0.9939531368102794,53,8,2.2437822463314268,0,2.2437822463314268,False,False,False,True,0,371,8,0.4,0.3,0.3,balanced
1781385296199.1528,0.4,0.3,0.3,588.905808477237,603.3333333333334,0.11778116169544739,329.56790123456784,410.8230452674897,0.021318739241799056,0.9999999999999998,1.0,0.9999999999999998,55,8,2.2464919135492813,0,2.2464919135492813,False,False,False,True,0,372,8,0.4,0.3,0.3,balanced
1781385302404.451,0.4,0.3,0.3,591.8241758241758,606.2222222222222,0.11836483516483515,383.70212092434315,462.3884140550807,0.024930094791483864,0.9940694226408511,0.9958847736625513,0.9940694226408511,53,8,2.243395864288876,1,2.243395864288876,False,False,False,True,0,373,8,0.4,0.3,0.3,balanced
1781385305017.4402,0.4,0.3,0.3,588.0690737833595,602.8888888888889,0.1176138147566719,410.80981775426216,497.4632569077014,0.026738480170397743,0.9999999999999998,1.0,0.9999999999999998,55,8,2.244932930046212,0,2.244932930046212,False,False,False,True,0,374,8,0.4,0.3,0.3,balanced
1781385307640.1082,0.4,0.3,0.3,590.4772370486656,605.6666666666666,0.11809544740973313,428.9711934156378,489.67078189300406,0.02795004625854822,0.9999999999999998,1.0,0.9999999999999998,53,8,2.244376807158542,1,2.244376807158542,False,False,False,True,0,375,8,0.4,0.3,0.3,balanced
1781385314563.88,0.4,0.3,0.3,595.5572998430141,614.4444444444445,0.11911145996860283,65080.55244312183,76340.49026753036,1.0,0.29715737417157645,0.3001160438285398,0.29715737417157645,52,8,1.7415026282640318,1,1.7415026282640318,False,False,False,True,0,376,8,0.4,0.3,0.3,balanced
1781385317177.31,0.4,0.3,0.3,593.4992150706436,609.1111111111111,0.11869984301412871,385.39094650205766,437.61316872427983,0.02504275827231872,0.9999999999999998,1.0,0.9999999999999998,50,8,2.2450072353126527,1,2.2450072353126527,False,False,False,True,0,377,8,0.4,0.3,0.3,balanced
1781385319901.446,0.4,0.3,0.3,593.8540031397175,609.3333333333334,0.1187708006279435,360.9496442255063,417.7914614121511,0.023412251115777605,0.9999999999999998,1.0,0.9999999999999998,49,8,2.2454680044140893,1,2.2454680044140893,False,False,False,True,0,378,8,0.4,0.3,0.3,balanced
1781385322622.395,0.4,0.3,0.3,598.2841444270017,614.5555555555555,0.11965682888540034,306.58524904214556,380.28598795840173,0.0197855402963406,0.9999999999999998,1.0,0.9999999999999998,47,8,2.2462016063569377,1,2.2462016063569377,False,False,False,True,0,379,8,0.4,0.3,0.3,balanced
1781385325339.8088,0.4,0.3,0.3,600.458398744113,617.4444444444445,0.1200916797488226,303.7527367268747,367.35632183908046,0.01959658016857069,0.9999999999999998,1.0,0.9999999999999998,46,8,2.2460843540499,1,2.2460843540499,False,False,False,True,0,380,8,0.4,0.3,0.3,balanced
1781385328060.935,0.4,0.3,0.3,602.8194662480377,620.2222222222222,0.12056389324960753,288.3675424192665,353.7643678160919,0.018570216305488094,0.9999999999999998,1.0,0.9999999999999998,44,8,2.2462033778085106,1,2.2462033778085106,False,False,False,True,0,381,8,0.4,0.3,0.3,balanced
1781385330784.9988,0.4,0.3,0.3,602.7048665620094,620.3333333333334,0.12054097331240189,322.1230158730159,386.54761904761904,0.020822082446498726,0.9999999999999998,1.0,0.9999999999999998,43,8,2.2455369859410896,1,2.2455369859410896,False,False,False,True,0,382,8,0.4,0.3,0.3,balanced
1781385333505.149,0.4,0.3,0.3,604.9466248037676,623.7777777777778,0.12098932496075351,284.0189594356261,355.10435038212813,0.01828011737395771,0.9999999999999998,1.0,0.9999999999999998,41,8,2.246120234803511,1,2.246120234803511,False,False,False,True,0,383,8,0.4,0.3,0.3,balanced
1781385339817.518,0.4,0.3,0.3,605.7598116169544,625.2222222222222,0.12115196232339087,280.08597883597884,338.55673133450915,0.0180177437515663,0.9999999999999998,1.0,0.9999999999999998,40,8,2.2461338919451737,1,2.2461338919451737,False,False,False,True,0,384,8,0.4,0.3,0.3,balanced
1781385342543.271,0.4,0.3,0.3,610.6483516483516,630.7777777777778,0.12212967032967033,308.7029688418577,357.03262786596116,0.019926815799990505,0.9999999999999998,1.0,0.9999999999999998,38,8,2.245170087128135,1,2.245170087128135,False,False,False,True,0,385,8,0.4,0.3,0.3,balanced
1781385345268.1812,0.4,0.3,0.3,605.6263736263736,626.1111111111111,0.12112527472527472,305.42034097589647,365.68489124044686,0.019707827950360003,0.9999999999999998,1.0,0.9999999999999998,40,8,2.245637541724782,0,2.245637541724782,False,False,False,True,0,386,8,0.4,0.3,0.3,balanced
1781385347990.938,0.4,0.3,0.3,610.353218210361,630.6666666666666,0.1220706436420722,237.7520576131687,289.3430335097002,0.015193599573927198,0.9999999999999998,1.0,0.9999999999999998,38,8,2.2466136626709927,1,2.2466136626709927,False,False,False,True,0,387,8,0.4,0.3,0.3,balanced
1781385350712.6602,0.4,0.3,0.3,610.2213500784928,630.2222222222222,0.12204427001569856,265.4725161669606,317.200176366843,0.01704286298645501,0.9999999999999998,1.0,0.9999999999999998,37,8,2.246069433097784,1,2.246069433097784,False,False,False,True,0,388,8,0.4,0.3,0.3,balanced
1781385353534.365,0.4,0.3,0.3,616.2668759811615,638.4444444444445,0.1232533751962323,221.91228790366722,271.3423645320197,0.01413691046722263,0.9999999999999998,1.0,0.9999999999999998,35,8,2.2464575767813404,1,2.2464575767813404,False,False,False,True,0,389,8,0.4,0.3,0.3,balanced
1781385356256.364,0.4,0.3,0.3,616.3359497645212,639.3333333333334,0.12326718995290423,251.99588477366254,289.835390946502,0.016143821532599235,0.9999999999999998,1.0,0.9999999999999998,34,8,2.2458499775590584,1,2.2458499775590584,False,False,False,True,0,390,8,0.4,0.3,0.3,balanced
1781385359069.705,0.4,0.3,0.3,622.342229199372,646.2222222222222,0.1244684458398744,222.05467372134038,272.0972957084068,0.014146409187547724,0.9999999999999998,1.0,0.9999999999999998,32,8,2.245968698907786,1,2.245968698907786,False,False,False,True,0,391,8,0.4,0.3,0.3,balanced
1781385361887.995,0.4,0.3,0.3,631.0879120879121,657.0,0.1262175824175824,205.7179600235156,248.03350970017638,0.013056568380488031,0.9999999999999998,1.0,0.9999999999999998,29,8,2.2455959965188206,1,2.2455959965188206,False,False,False,True,0,392,8,0.4,0.3,0.3,balanced
1781385364712.2441,0.4,0.3,0.3,633.2653061224489,660.1111111111111,0.12665306122448977,211.48148148148147,257.8189300411522,0.013441059471746595,0.9999999999999998,1.0,0.9999999999999998,28,8,2.24530645766868,1,2.24530645766868,False,False,False,True,0,393,8,0.4,0.3,0.3,balanced
1781385367553.248,0.4,0.3,0.3,641.3971742543171,671.0,0.1282794348508634,143.3744855967078,172.3868312757202,0.00889756408250219,0.9999999999999998,1.0,0.9999999999999998,26,8,2.246018956834904,1,2.246018956834904,False,False,False,True,0,394,8,0.4,0.3,0.3,balanced
1781385374052.813,0.4,0.3,0.3,645.49136577708,676.4444444444445,0.129098273155416,193.80004662571713,223.51269030387803,0.012261510782235967,0.9999999999999998,1.0,0.9999999999999998,25,8,2.244682237503163,1,2.244682237503163,False,False,False,True,0,395,8,0.4,0.3,0.3,balanced
1781385376975.7322,0.4,0.3,0.3,654.3610675039246,687.1111111111111,0.13087221350078493,152.38609641387416,188.09670781893004,0.00949873892020508,0.9999999999999998,1.0,0.9999999999999998,23,8,2.2448014929236244,1,2.2448014929236244,False,False,False,True,0,396,8,0.4,0.3,0.3,balanced
1781385379902.39,0.4,0.3,0.3,661.0078492935635,695.3333333333334,0.1322015698587127,156.73427395649617,192.43092298647855,0.009788810804302613,0.9999999999999998,1.0,0.9999999999999998,22,8,2.244182728815224,1,2.244182728815224,False,False,False,True,0,397,8,0.4,0.3,0.3,balanced
1781385382927.643,0.4,0.3,0.3,672.070643642072,709.7777777777778,0.1344141287284144,138.35317460317458,166.7857142857143,0.008562586698010312,0.9999999999999998,1.0,0.9999999999999998,20,8,2.243665572499231,1,2.243665572499231,False,False,False,True,0,398,8,0.4,0.3,0.3,balanced
1781385385950.8518,0.4,0.3,0.3,678.1836734693876,717.7777777777778,0.13563673469387752,132.25970017636683,162.69400352733686,0.008156084067802992,0.9999999999999998,1.0,0.9999999999999998,19,8,2.243298480902108,1,2.243298480902108,False,False,False,True,0,399,8,0.4,0.3,0.3,balanced
1781385389072.092,0.4,0.3,0.3,693.3469387755101,737.6666666666666,0.138669387755102,111.08169129720852,140.34756431308153,0.006743274936438194,0.9999999999999998,1.0,0.9999999999999998,17,8,2.2425092624170277,1,2.2425092624170277,False,False,False,True,0,400,8,0.4,0.3,0.3,balanced
1781385392183.64,0.4,0.3,0.3,699.4285714285713,746.1111111111111,0.13988571428571428,126.38888888888887,155.95238095238093,0.007764435549625675,0.9999999999999998,1.0,0.9999999999999998,16,8,2.2417163836208265,1,2.2417163836208265,False,False,False,True,0,401,8,0.4,0.3,0.3,balanced
1781385395396.45,0.4,0.3,0.3,724.9890109890108,778.5555555555555,0.14499780219780217,106.68356848912404,143.26572604350383,0.006449871146706074,0.9999999999999998,1.0,0.9999999999999998,14,8,2.2400659177768674,1,2.2400659177768674,False,False,False,True,0,402,8,0.4,0.3,0.3,balanced
1781385398716.806,0.4,0.3,0.3,738.8932496075354,796.7777777777778,0.14777864992150708,118.29365079365078,146.34920634920636,0.007224392981564428,0.9999999999999998,1.0,0.9999999999999998,13,8,2.238721222136928,1,2.238721222136928,False,False,False,True,0,403,8,0.4,0.3,0.3,balanced
1781385402140.2139,0.4,0.3,0.3,776.5981161695447,844.8888888888889,0.15531962323390894,97.01793062904173,135.84068195179304,0.005805065418882037,0.9999999999999998,1.0,0.9999999999999998,11,8,2.236130631080772,1,2.236130631080772,False,False,False,True,0,404,8,0.4,0.3,0.3,balanced
1781385405657.757,0.4,0.3,0.3,798.0439560439561,873.3333333333334,0.1596087912087912,96.20811287477954,125.08524397413287,0.005751041552687094,0.9999999999999998,1.0,0.9999999999999998,10,8,2.2344311710506775,1,2.2344311710506775,False,False,False,True,0,405,8,0.4,0.3,0.3,balanced
1781385412772.9932,0.4,0.3,0.3,798.0188383045524,872.8888888888889,0.1596037676609105,96.16181657848325,127.6058201058201,0.005747953073948183,0.9999999999999998,1.0,0.9999999999999998,10,8,2.2344341070134512,2,2.2344341070134512,False,False,False,True,0,406,8,0.4,0.3,0.3,balanced
1781385416186.172,0.4,0.3,0.3,772.8257456828884,840.8888888888889,0.15456514913657768,99.41578483245148,144.86625514403292,0.005965029008168878,0.9999999999999998,1.0,0.9999999999999998,11,8,2.236384431642918,0,2.236384431642918,False,False,False,True,0,407,8,0.4,0.3,0.3,balanced
1781385419511.89,0.4,0.3,0.3,737.5400313971742,796.1111111111111,0.14750800627943483,104.21957671957671,135.23662551440327,0.006285495444935071,0.9999999999999998,1.0,0.9999999999999998,13,8,2.2391111488547457,0,2.2391111488547457,False,False,False,True,0,408,8,0.4,0.3,0.3,balanced
1781385423635.152,0.4,0.3,0.3,461.93092621664044,597.1111111111111,0.09238618524332809,111.49150510735875,102.41697936210132,0.006770614083212725,0.5164835164835164,0.6666666666666666,0.5164835164835164,14,8,2.1159593966227597,0,2.1159593966227597,False,False,False,True,0,409,8,0.4,0.3,0.3,balanced
1781385426758.1228,0.4,0.3,0.3,702.6075353218209,750.0,0.1405215070643642,119.23647854203409,151.15079365079364,0.007287290096199739,0.9999999999999998,1.0,0.9999999999999998,16,8,2.2416052101453943,0,2.2416052101453943,False,False,False,True,0,410,8,0.4,0.3,0.3,balanced
1781385429780.215,0.4,0.3,0.3,693.1789638932495,737.7777777777778,0.1386357927786499,132.31006647673314,165.18676796454577,0.008159444061156314,0.9999999999999998,1.0,0.9999999999999998,17,8,2.242097849670193,0,2.242097849670193,False,False,False,True,0,411,8,0.4,0.3,0.3,balanced
1781385432804.846,0.4,0.3,0.3,677.6043956043954,717.0,0.1355208791208791,146.18312757201642,178.46266901822457,0.00908493179266287,0.9999999999999998,1.0,0.9999999999999998,19,8,2.2430661688138493,0,2.2430661688138493,False,False,False,True,0,412,8,0.4,0.3,0.3,balanced
1781385435828.916,0.4,0.3,0.3,670.0769230769231,707.8888888888889,0.13401538461538462,5813.295120517343,6143.296590241034,0.38714443765959594,0.9999999999999998,1.0,0.9999999999999998,20,8,2.1302505148559674,0,2.1302505148559674,False,False,False,True,0,413,8,0.4,0.3,0.3,balanced
1781385438741.944,0.4,0.3,0.3,657.8979591836734,691.7777777777778,0.13157959183673468,135.17857142857142,173.03203997648444,0.008350805298770608,0.9999999999999998,1.0,0.9999999999999998,22,8,2.244862921675675,0,2.244862921675675,False,False,False,True,0,414,8,0.4,0.3,0.3,balanced
1781385445232.625,0.4,0.3,0.3,655.1695447409733,687.6666666666666,0.13103390894819467,162.13172115949894,196.66757111201557,0.010148880664409535,0.9999999999999998,1.0,0.9999999999999998,23,8,2.244541772221399,0,2.244541772221399,False,False,False,True,0,415,8,0.4,0.3,0.3,balanced
1781385448148.7751,0.4,0.3,0.3,644.8806907378337,675.2222222222222,0.12897613814756673,164.36581422692535,202.88506760728984,0.010297919561502692,0.9999999999999998,1.0,0.9999999999999998,25,8,2.2453201688725226,0,2.2453201688725226,False,False,False,True,0,416,8,0.4,0.3,0.3,balanced
1781385451076.387,0.4,0.3,0.3,654.3249607535321,686.3333333333334,0.1308649921507064,140.7194297472075,181.43298059964727,0.008720442277999165,0.9999999999999998,1.0,0.9999999999999998,23,8,2.2450378704563176,1,2.2450378704563176,False,False,False,True,0,417,8,0.4,0.3,0.3,balanced
1781385453998.042,0.4,0.3,0.3,645.0910518053374,675.2222222222222,0.12901821036106748,167.3067313345091,197.28982951205174,0.010494111496631695,0.9999999999999998,1.0,0.9999999999999998,25,8,2.2452444824065836,0,2.2452444824065836,False,False,False,True,0,418,8,0.4,0.3,0.3,balanced
1781385456820.033,0.4,0.3,0.3,638.6891679748823,668.2222222222222,0.12773783359497645,234.0281734726179,274.9540993985438,0.014945175014851094,0.9999999999999998,1.0,0.9999999999999998,26,8,2.244421314057554,0,2.244421314057554,False,False,False,True,0,419,8,0.4,0.3,0.3,balanced
1781385459944.344,0.4,0.3,0.3,637.9419152276295,665.7777777777778,0.1275883830455259,440.26004043745974,483.44565833409916,0.028703138121244812,0.9119654142139443,0.9001408457957402,0.9119654142139443,28,8,2.2139433296095996,0,2.2139433296095996,False,False,False,True,0,420,8,0.4,0.3,0.3,balanced
1781385462758.049,0.4,0.3,0.3,631.0957613814757,657.3333333333334,0.12621915227629513,200.21017048794823,246.115520282187,0.01268913745750155,0.9999999999999998,1.0,0.9999999999999998,29,8,2.2457055978522313,0,2.2457055978522313,False,False,False,True,0,421,8,0.4,0.3,0.3,balanced
1781385465580.43,0.4,0.3,0.3,622.2747252747254,646.0,0.12445494505494507,235.62944718117134,285.7033388067871,0.015051997810618502,0.9999999999999998,1.0,0.9999999999999998,32,8,2.2457024226348365,0,2.2457024226348365,False,False,False,True,0,422,8,0.4,0.3,0.3,balanced
1781385468403.5972,0.4,0.3,0.3,616.3108320251176,638.7777777777778,0.12326216640502352,249.21182266009853,285.6171319102354,0.015958093573055273,0.9999999999999998,1.0,0.9999999999999998,34,8,2.245907705366074,0,2.245907705366074,False,False,False,True,0,423,8,0.4,0.3,0.3,balanced
1781385471221.869,0.4,0.3,0.3,614.4850863422291,636.5555555555555,0.12289701726844582,233.0480295566502,278.8574165298303,0.014879788496107417,0.9906349807827639,0.9923371647509579,0.9906349807827639,35,8,2.2435677507786185,0,2.2435677507786185,False,False,False,True,0,424,8,0.4,0.3,0.3,balanced
1781385473941.585,0.4,0.3,0.3,609.960753532182,630.5555555555555,0.1219921507064364,322.787444037444,386.7608420386198,0.020866407207301135,0.9915692772835628,0.9917695473251028,0.9915692772835628,37,8,2.242414000740304,0,2.242414000740304,False,False,False,True,0,425,8,0.4,0.3,0.3,balanced
1781385476664.777,0.4,0.3,0.3,608.5243328100471,629.2222222222222,0.12170486656200942,275.0132275132275,330.29394473838914,0.017679334724031187,0.9999999999999998,1.0,0.9999999999999998,38,8,2.2460142529579867,0,2.2460142529579867,False,False,False,True,0,426,8,0.4,0.3,0.3,balanced
1781385482976.366,0.4,0.3,0.3,612.1193092621663,632.7777777777778,0.12242386185243327,215.35273368606698,268.449441504997,0.013699315122486124,0.9999999999999998,1.0,0.9999999999999998,37,8,2.2469206607222807,1,2.2469206607222807,False,False,False,True,0,427,8,0.4,0.3,0.3,balanced
1781385485695.1301,0.4,0.3,0.3,610.4395604395605,630.3333333333334,0.1220879120879121,245.18885949441506,297.91740152851264,0.015689717111035027,0.9999999999999998,1.0,0.9999999999999998,38,8,2.2464579200315247,0,2.2464579200315247,False,False,False,True,0,428,8,0.4,0.3,0.3,balanced
1781385488420.357,0.4,0.3,0.3,611.5729984301412,632.5555555555555,0.12231459968602823,1621.3258603536378,1675.5515986071541,0.10749338628109659,0.9776959623898399,0.9795708406819519,0.9776959623898399,37,8,2.212134932958212,1,2.212134932958212,False,False,False,True,0,429,8,0.4,0.3,0.3,balanced
1781385491138.237,0.4,0.3,0.3,610.9984301412871,631.0,0.12219968602825743,270.8024691358025,337.1560846560846,0.017398430229206303,0.9999999999999998,1.0,0.9999999999999998,38,8,2.245900596519935,0,2.245900596519935,False,False,False,True,0,430,8,0.4,0.3,0.3,balanced
1781385493861.134,0.4,0.3,0.3,611.0627943485085,631.6666666666666,0.12221255886970171,270.02645502645504,324.1416813639036,0.017346661442725488,0.9960192868356132,0.9960317460317462,0.9960192868356132,37,8,2.2447167640699854,1,2.2447167640699854,False,False,False,True,0,431,8,0.4,0.3,0.3,balanced
1781385496578.2249,0.4,0.3,0.3,607.5321821036106,627.8888888888889,0.12150643642072212,300.8024691358025,366.8636096413874,0.019399764452021514,0.9999999999999998,1.0,0.9999999999999998,38,8,2.2455774960961046,0,2.2455774960961046,False,False,False,True,0,432,8,0.4,0.3,0.3,balanced
1781385499304.198,0.4,0.3,0.3,603.9136577708006,623.1111111111111,0.12078273155416011,413.7294238683127,486.4888300999412,0.026933250424837407,0.9999999999999998,1.0,0.9999999999999998,40,8,2.2436069322508847,0,2.2436069322508847,False,False,False,True,0,433,8,0.4,0.3,0.3,balanced
1781385502025.748,0.4,0.3,0.3,603.9544740973313,622.2222222222222,0.12079089481946625,329.3422986478542,398.9814814814815,0.02130368903588087,0.9999999999999998,1.0,0.9999999999999998,41,8,2.245292535361449,0,2.245292535361449,False,False,False,True,0,434,8,0.4,0.3,0.3,balanced
1781385504745.357,0.4,0.3,0.3,600.9073783359497,618.4444444444445,0.12018147566718994,313.752052545156,352.1729611384784,0.02026364593363282,0.9999999999999998,1.0,0.9999999999999998,43,8,2.245848315953034,0,2.245848315953034,False,False,False,True,0,435,8,0.4,0.3,0.3,balanced
1781385507469.959,0.4,0.3,0.3,598.4191522762951,615.6666666666666,0.11968383045525902,322.32320237588436,379.6459993107503,0.020835437116469936,0.9999999999999998,1.0,0.9999999999999998,44,8,2.245875836682955,0,2.245875836682955,False,False,False,True,0,436,8,0.4,0.3,0.3,balanced
1781385510194.279,0.4,0.3,0.3,600.0596546310832,618.1111111111111,0.12001193092621663,301.6687192118227,364.47454844006575,0.019457552982776696,0.9999999999999998,1.0,0.9999999999999998,43,8,2.24615796173468,1,2.24615796173468,False,False,False,True,0,437,8,0.4,0.3,0.3,balanced
1781385512915.2988,0.4,0.3,0.3,597.7817896389324,615.1111111111111,0.11955635792778649,367.39189928845104,427.6792556102901,0.0238420213000968,0.9999999999999998,1.0,0.9999999999999998,44,8,2.245024850438856,0,2.245024850438856,False,False,False,True,0,438,8,0.4,0.3,0.3,balanced
1781385519211.405,0.4,0.3,0.3,597.668759811617,613.6666666666666,0.1195337519623234,324.3808155446086,393.12260536398463,0.020972702838199374,0.9999999999999998,1.0,0.9999999999999998,46,8,2.245894688363611,0,2.245894688363611,False,False,False,True,0,439,8,0.4,0.3,0.3,balanced
1781385521935.009,0.4,0.3,0.3,595.7315541601255,611.4444444444445,0.11914631083202509,394.3561850027367,469.1187739463601,0.02564083955988904,0.9999999999999998,1.0,0.9999999999999998,47,8,2.244649223799223,0,2.244649223799223,False,False,False,True,0,440,8,0.4,0.3,0.3,balanced
1781385524559.567,0.4,0.3,0.3,593.026687598116,609.3333333333334,0.11860533751962321,401.95473251028807,473.78600823045264,0.0261477473322407,0.9999999999999998,1.0,0.9999999999999998,49,8,2.2447135407924783,0,2.2447135407924783,False,False,False,True,0,441,8,0.4,0.3,0.3,balanced
1781385527181.761,0.4,0.3,0.3,591.9780219780221,607.4444444444445,0.11839560439560441,403.87147831592273,461.9088319088319,0.026275615631482504,0.9999999999999998,1.0,0.9999999999999998,50,8,2.2447590735523133,0,2.2447590735523133,False,False,False,True,0,442,8,0.4,0.3,0.3,balanced
1781385529794.73,0.4,0.3,0.3,590.8806907378336,605.6666666666666,0.11817613814756671,338.280658436214,392.74567901234576,0.021899977213890195,0.9957130781306605,0.9957264957264957,0.9957130781306605,52,8,2.2448734750160044,0,2.2448734750160044,False,False,False,True,0,443,8,0.4,0.3,0.3,balanced
1781385568448.148,0.4,0.3,0.3,590.0094191522763,604.7777777777778,0.11800188383045526,377.5751820196264,474.9256093700539,0.024521359707780282,0.9881388452817024,0.9917695473251028,0.9881388452817024,53,8,2.2418844921399943,0,2.2418844921399943,False,False,False,True,1,444,8,0.4,0.3,0.3,balanced
1781385571070.041,0.4,0.3,0.3,587.6420722135008,601.8888888888889,0.11752841444270017,432.8600823045267,504.32098765432096,0.02820947847261686,0.9999999999999998,1.0,0.9999999999999998,55,8,2.2445257906811347,0,2.2445257906811347,False,False,False,True,0,445,8,0.4,0.3,0.3,balanced
1781385573686.6602,0.4,0.3,0.3,587.5368916797487,601.6666666666666,0.11750737833594974,457.0781893004115,569.3827160493827,0.02982509601737235,0.9999999999999998,1.0,0.9999999999999998,56,8,2.2440495198604085,0,2.2440495198604085,False,False,False,True,0,446,8,0.4,0.3,0.3,balanced
1781385576400.922,0.4,0.3,0.3,496.50235478806906,537.8888888888889,0.09930047095761381,458.1353767560664,600.3703703703704,0.029895622198536784,0.9241982507288627,0.9484126984126983,0.9241982507288627,58,8,2.2285706001760524,0,2.2285706001760524,False,False,False,True,0,447,8,0.4,0.3,0.3,balanced
1781385580725.7979,0.4,0.3,0.3,591.2025117739403,607.7777777777778,0.11824050235478806,7785.16976754772,9594.383275394197,0.5186904447997145,0.45008478701550664,0.5155211330796126,0.45008478701550664,56,8,1.9321221017228225,1,1.9321221017228225,False,False,False,True,0,448,8,0.4,0.3,0.3,balanced
1781385583346.956,0.4,0.3,0.3,586.563579277865,600.2222222222222,0.11731271585557299,556.2735155790712,665.953850676073,0.03644252939153243,0.9999999999999998,1.0,0.9999999999999998,58,8,2.242142154840311,0,2.242142154840311,False,False,False,True,0,449,8,0.4,0.3,0.3,balanced
1781385589556.178,0.4,0.3,0.3,584.2386185243328,597.3333333333334,0.11684772370486655,469.71487360376244,560.2116402116403,0.030668103642679283,0.9999999999999998,1.0,0.9999999999999998,59,8,2.2440604794252494,0,2.2440604794252494,False,False,False,True,0,450,8,0.4,0.3,0.3,balanced
1781385592181.128,0.4,0.3,0.3,586.3312401883829,599.2222222222222,0.11726624803767659,470.2182539682539,570.1734273956496,0.03070168472103095,0.9999999999999998,1.0,0.9999999999999998,61,8,2.24388299536862,0,2.24388299536862,False,False,False,True,0,451,8,0.4,0.3,0.3,balanced
1781385594805.1401,0.4,0.3,0.3,583.1350078492935,595.7777777777778,0.11662700156985871,523.1723985890652,613.7566137566137,0.03423431611668214,0.9999999999999998,1.0,0.9999999999999998,64,8,2.2430789045370516,0,2.2430789045370516,False,False,False,True,0,452,8,0.4,0.3,0.3,balanced
1781385597429.061,0.4,0.3,0.3,583.2590266875981,595.0,0.1166518053375196,487.8321575543797,563.835978835979,0.031876728322506986,0.9999999999999998,1.0,0.9999999999999998,65,8,2.24377625936824,0,2.24377625936824,False,False,False,True,0,453,8,0.4,0.3,0.3,balanced
1781385600048.817,0.4,0.3,0.3,584.1946624803768,596.1111111111111,0.11683893249607535,456.9650205761316,547.2325102880659,0.029817546402677225,0.9999999999999998,1.0,0.9999999999999998,64,8,2.2443191630807666,1,2.2443191630807666,False,False,False,True,0,454,8,0.4,0.3,0.3,balanced
1781385602670.45,0.4,0.3,0.3,585.0832025117738,597.7777777777778,0.11701664050235476,419.7332451499118,491.8533215755437,0.02733377219145509,0.9999999999999998,1.0,0.9999999999999998,61,8,2.2449932121416216,1,2.2449932121416216,False,False,False,True,0,455,8,0.4,0.3,0.3,balanced
1781385641308.114,0.4,0.3,0.3,586.585557299843,599.7777777777778,0.1173171114599686,427.69400352733675,494.61052322163437,0.027864843464131872,0.9999999999999998,1.0,0.9999999999999998,59,8,2.2447137023767727,1,2.2447137023767727,False,False,False,True,1,456,8,0.4,0.3,0.3,balanced
1781385643929.748,0.4,0.3,0.3,585.7817896389325,598.7777777777778,0.1171563579277865,453.37889476778366,548.6934156378601,0.029578311859091638,0.9999999999999998,1.0,0.9999999999999998,61,8,2.244263963271158,0,2.244263963271158,False,False,False,True,0,457,8,0.4,0.3,0.3,balanced
1781385646553.261,0.4,0.3,0.3,583.6059654631083,596.2222222222222,0.11672119309262166,504.0674603174602,588.9021164021163,0.03295980389042429,0.9999999999999998,1.0,0.9999999999999998,64,8,2.243423581595824,0,2.243423581595824,False,False,False,True,0,458,8,0.4,0.3,0.3,balanced
1781385649176.996,0.4,0.3,0.3,582.8461538461538,594.8888888888889,0.11656923076923076,520.4416519694298,647.4691358024692,0.03405214489455836,0.9999999999999998,1.0,0.9999999999999998,64,8,2.2431566642239402,2,2.2431566642239402,False,False,False,True,0,459,8,0.4,0.3,0.3,balanced
1781385651992.783,0.4,0.3,0.3,494.3657770800628,532.2222222222222,0.09887315541601256,639.5430107526881,849.15770609319,0.04199753240511595,0.9359497645211929,0.9555555555555555,0.9359497645211929,65,8,2.228636407468418,0,2.228636407468418,False,False,False,True,0,460,8,0.4,0.3,0.3,balanced
1781385654613.359,0.4,0.3,0.3,579.7409733124019,592.0,0.11594819466248038,677.554379776602,856.3771310993534,0.044533314194569844,0.9999999999999998,1.0,0.9999999999999998,67,8,2.240260727876637,0,2.240260727876637,False,False,False,True,0,461,8,0.4,0.3,0.3,balanced
1781385660820.141,0.4,0.3,0.3,580.734693877551,592.3333333333334,0.11614693877551019,584.0895061728394,672.007642563198,0.038298165855426246,0.9999999999999998,1.0,0.9999999999999998,68,8,2.242051774733168,0,2.242051774733168,False,False,False,True,0,462,8,0.4,0.3,0.3,balanced
1781385663443.5361,0.4,0.3,0.3,580.778649921507,592.4444444444445,0.11615572998430142,503.7103174603174,617.2222222222222,0.03293597848300983,0.9999999999999998,1.0,0.9999999999999998,67,8,2.2436569144613765,1,2.2436569144613765,False,False,False,True,0,463,8,0.4,0.3,0.3,balanced
1781385666060.995,0.4,0.3,0.3,582.3547880690738,594.2222222222222,0.11647095761381476,445.354203409759,524.022633744856,0.02904297554434683,0.9999999999999998,1.0,0.9999999999999998,65,8,2.24469872429117,1,2.24469872429117,False,False,False,True,0,464,8,0.4,0.3,0.3,balanced
1781385669786.96,0.4,0.3,0.3,245.78649921507062,341.55555555555554,0.049157299843014125,319.3020408163265,262.40136054421765,0.02063389198241004,0.40031397174254313,0.5555555555555556,0.40031397174254313,67,8,2.0942411039908344,0,2.0942411039908344,False,False,False,True,0,465,8,0.4,0.3,0.3,balanced
1781385672412.592,0.4,0.3,0.3,579.9387755102041,592.4444444444445,0.11598775510204082,529.9838330393885,583.4582598471487,0.03468871467907862,0.9999999999999998,1.0,0.9999999999999998,65,8,2.24319828355546,1,2.24319828355546,False,False,False,True,0,466,8,0.4,0.3,0.3,balanced
1781385675028.21,0.4,0.3,0.3,582.8681318681317,595.0,0.11657362637362635,431.7511757789535,537.9085831863609,0.028135502053299098,0.9999999999999998,1.0,0.9999999999999998,65,8,2.2449298988345596,2,2.2449298988345596,False,False,False,True,0,467,8,0.4,0.3,0.3,balanced
1781385677652.19,0.4,0.3,0.3,581.0973312401883,592.8888888888889,0.11621946624803765,508.30173427395647,626.6945914168136,0.033242277136354664,0.9999999999999998,1.0,0.9999999999999998,67,8,2.2435395303598784,0,2.2435395303598784,False,False,False,True,0,468,8,0.4,0.3,0.3,balanced
1781385680272.967,0.4,0.3,0.3,585.0329670329669,596.7777777777778,0.11700659340659338,463.6610817166373,562.5411522633744,0.03026424827996246,0.9999999999999998,1.0,0.9999999999999998,65,8,2.2441180881533738,1,2.2441180881533738,False,False,False,True,0,469,8,0.4,0.3,0.3,balanced
1781385683485.7869,0.4,0.3,0.3,333.1632653061224,402.3333333333333,0.06663265306122448,327.39600271002706,336.7764227642276,0.02117384941361088,0.5604395604395603,0.6666666666666666,0.5604395604395603,67,8,2.135126652083295,0,2.135126652083295,False,False,False,True,0,470,8,0.4,0.3,0.3,balanced
1781385686109.552,0.4,0.3,0.3,583.1538461538461,594.8888888888889,0.11663076923076922,453.2025279247501,562.1252204585537,0.02956654622580054,0.9999999999999998,1.0,0.9999999999999998,65,8,2.244477728439952,1,2.244477728439952,False,False,False,True,0,471,8,0.4,0.3,0.3,balanced
1781385688734.172,0.4,0.3,0.3,581.5478806907378,593.6666666666666,0.11630957613814756,519.3878600823044,635.1601998824221,0.033981845235644056,0.9999999999999998,1.0,0.9999999999999998,67,8,2.243281615974048,0,2.243281615974048,False,False,False,True,0,472,8,0.4,0.3,0.3,balanced
1781385691356.013,0.4,0.3,0.3,579.8147566718994,591.6666666666666,0.11596295133437988,479.3312757201646,581.8371546149324,0.031309624797876225,0.9999999999999998,1.0,0.9999999999999998,68,8,2.244221932026885,0,2.244221932026885,False,False,False,True,0,473,8,0.4,0.3,0.3,balanced
1781385697571.817,0.4,0.3,0.3,580.8571428571428,592.5555555555555,0.11617142857142855,463.23412698412693,574.6031746031745,0.030235765642703596,0.9999999999999998,1.0,0.9999999999999998,67,8,2.2444606988786173,1,2.2444606988786173,False,False,False,True,0,474,8,0.4,0.3,0.3,balanced
1781385700190.804,0.4,0.3,0.3,582.0361067503923,593.7777777777778,0.11640722135007846,461.5020576131687,521.8224573780129,0.03012021731909064,0.9999999999999998,1.0,0.9999999999999998,65,8,2.244401046264241,1,2.244401046264241,False,False,False,True,0,475,8,0.4,0.3,0.3,balanced
1781385708414.379,0.4,0.3,0.3,583.1538461538461,598.8888888888889,0.11663076923076922,292900.96585939,341825.45343006955,1.0,0.2779152083298035,0.27719771817724265,0.2779152083298035,64,8,1.7367222548066334,1,1.7367222548066334,False,False,False,True,0,476,8,0.4,0.3,0.3,balanced
1781385711034.765,0.4,0.3,0.3,583.1287284144427,596.1111111111111,0.11662574568288853,440.1058201058201,524.1813639035861,0.028692849906992668,0.9999999999999998,1.0,0.9999999999999998,61,8,2.2447418467547466,1,2.2447418467547466,False,False,False,True,0,477,8,0.4,0.3,0.3,balanced
1781385713858.4248,0.4,0.3,0.3,547.9230769230768,528.4444444444445,0.10958461538461536,350.77116935483866,447.8326612903226,0.022733233445953214,0.9419152276295131,0.8888888888888888,0.9419152276295131,59,8,2.231920752101222,1,2.231920752101222,False,False,False,True,0,478,8,0.4,0.3,0.3,balanced
1781385716481.138,0.4,0.3,0.3,585.6656200941915,598.8888888888889,0.1171331240188383,420.5011757789535,479.90887713109936,0.027385001719743396,0.9999999999999998,1.0,0.9999999999999998,58,8,2.2449312498765415,1,2.2449312498765415,False,False,False,True,0,479,8,0.4,0.3,0.3,balanced
1781385719105.605,0.4,0.3,0.3,587.5117739403454,601.1111111111111,0.11750235478806907,377.25308641975306,437.0884773662552,0.02449987234287879,0.9999999999999998,1.0,0.9999999999999998,56,8,2.2456490963819085,1,2.2456490963819085,False,False,False,True,0,480,8,0.4,0.3,0.3,balanced
1781385721728.5818,0.4,0.3,0.3,584.1271585557299,597.7777777777778,0.11682543171114598,448.5920047031158,518.396531452087,0.02925897296218251,0.9999999999999998,1.0,0.9999999999999998,58,8,2.2444921354268867,0,2.2444921354268867,False,False,False,True,0,481,8,0.4,0.3,0.3,balanced
1781385732128.8801,0.4,0.3,0.3,591.8210361067503,610.1111111111111,0.11836420722135006,81707.43456638456,94549.85802165803,1.0,0.29079237398300045,0.2770484638015086,0.29079237398300045,59,8,1.7398920293063602,0,1.7398920293063602,False,False,False,True,0,482,8,0.4,0.3,0.3,balanced
1781385735447.212,0.4,0.3,0.3,393.18995290423857,400.22222222222223,0.07863799058084771,240.80332946186607,275.20712349980636,0.015397153399724221,0.6703296703296704,0.6666666666666666,0.6703296703296704,58,8,2.165024558846645,1,2.165024558846645,False,False,False,True,0,483,8,0.4,0.3,0.3,balanced
1781385738073.804,0.4,0.3,0.3,589.5651491365777,603.4444444444445,0.11791302982731554,358.22728711617594,416.63184552073443,0.0232306395674567,0.9999999999999998,1.0,0.9999999999999998,56,8,2.2458655961988367,1,2.2458655961988367,False,False,False,True,0,484,8,0.4,0.3,0.3,balanced
1781385740690.9968,0.4,0.3,0.3,588.7739403453688,603.5555555555555,0.11775478806907376,405.60993533215753,458.57289829512047,0.026391590082198636,0.9999999999999998,1.0,0.9999999999999998,55,8,2.244980607747711,1,2.244980607747711,False,False,False,True,0,485,8,0.4,0.3,0.3,balanced
1781385743317.194,0.4,0.3,0.3,590.3171114599686,605.0,0.11806342229199372,739.5061728395062,800.4115226337449,0.04866618898195505,0.9999999999999998,1.0,0.9999999999999998,53,8,2.238174774388616,1,2.238174774388616,False,False,False,True,0,486,8,0.4,0.3,0.3,balanced
1781385746036.716,0.4,0.3,0.3,591.7660910518053,607.5555555555555,0.11835321821036107,397.7490421455939,472.07717569786536,0.025867180930326476,0.9999999999999998,1.0,0.9999999999999998,52,8,2.2448985584367573,1,2.2448985584367573,False,False,False,True,0,487,8,0.4,0.3,0.3,balanced
1781385748754.3918,0.4,0.3,0.3,594.9356357927786,611.1111111111111,0.11898712715855572,389.4386922499949,457.18061383770186,0.025312788008672107,0.9942812289751064,0.9960317460317462,0.9942812289751064,50,8,2.243095681426508,1,2.243095681426508,False,False,False,True,0,488,8,0.4,0.3,0.3,balanced
1781385751475.168,0.4,0.3,0.3,594.065934065934,609.4444444444445,0.1188131868131868,368.9819376026273,420.6704980842912,0.02394809456988841,0.9999999999999998,1.0,0.9999999999999998,49,8,2.2452902969037587,1,2.2452902969037587,False,False,False,True,0,489,8,0.4,0.3,0.3,balanced
1781385790223.385,0.4,0.3,0.3,596.2323390894819,612.8888888888889,0.11924646781789638,337.6410934744268,371.35949441505,0.02185731110569892,0.9999999999999998,1.0,0.9999999999999998,47,8,2.2457442195411317,1,2.2457442195411317,False,False,False,True,1,490,8,0.4,0.3,0.3,balanced
1781385792943.276,0.4,0.3,0.3,597.1365777080063,614.5555555555555,0.11942731554160126,353.75068418171867,392.33990147783254,0.022932000278967222,0.9999999999999998,1.0,0.9999999999999998,46,8,2.2453494736996693,1,2.2453494736996693,False,False,False,True,0,491,8,0.4,0.3,0.3,balanced
1781385795664.256,0.4,0.3,0.3,600.9058084772371,618.1111111111111,0.12018116169544742,671.2089237568165,674.3857061768939,0.04411000158484433,0.9901323166629288,0.9920634920634921,0.9901323166629288,44,8,2.2357342298452463,1,2.2357342298452463,False,False,False,True,0,492,8,0.4,0.3,0.3,balanced
1781385798385.553,0.4,0.3,0.3,600.5321821036106,618.2222222222222,0.12010643642072212,337.98512187401076,402.0225659114548,0.021880261632689177,0.9940694226408511,0.9958847736625513,0.9940694226408511,43,8,2.2436141737341595,1,2.2436141737341595,False,False,False,True,0,493,8,0.4,0.3,0.3,balanced
1781385804694.635,0.4,0.3,0.3,605.8414442700156,624.2222222222222,0.12116828885400312,291.1360964138742,332.1678424456202,0.018754909700725433,0.9999999999999998,1.0,0.9999999999999998,41,8,2.245906211548181,1,2.245906211548181,False,False,False,True,0,494,8,0.4,0.3,0.3,balanced
1781385807420.02,0.4,0.3,0.3,600.2229199372056,618.3333333333334,0.12004458398744111,304.7391240446796,348.7669018224574,0.019662383191773155,0.9999999999999998,1.0,0.9999999999999998,43,8,2.2460834514474914,0,2.2460834514474914,False,False,False,True,0,495,8,0.4,0.3,0.3,balanced
1781385810145.012,0.4,0.3,0.3,601.8147566718995,619.6666666666666,0.12036295133437991,313.74853027630803,366.9826572604351,0.02026341095905991,0.9958510876878222,0.9960317460317462,0.9958510876878222,43,8,2.2445311224848767,2,2.2445311224848767,False,False,False,True,0,496,8,0.4,0.3,0.3,balanced
1781385812867.764,0.4,0.3,0.3,605.204081632653,624.1111111111111,0.1210408163265306,268.6831275720165,346.09053497942386,0.017257046535824983,0.9999999999999998,1.0,0.9999999999999998,41,8,2.24640655950864,1,2.24640655950864,False,False,False,True,0,497,8,0.4,0.3,0.3,balanced
1781385815589.376,0.4,0.3,0.3,606.8712715855573,626.0,0.12137425431711146,250.86939809162033,299.57389318500435,0.01606867232098868,0.9942812289751064,0.9960317460317462,0.9942812289751064,40,8,2.244914065269391,1,2.244914065269391,False,False,False,True,0,498,8,0.4,0.3,0.3,balanced
1781385818311.435,0.4,0.3,0.3,607.8461538461539,627.7777777777778,0.12156923076923079,274.28497942386826,332.3530276308054,0.017630752463233375,0.9999999999999998,1.0,0.9999999999999998,38,8,2.2460830819533375,1,2.2460830819533375,False,False,False,True,0,499,8,0.4,0.3,0.3,balanced
1781385821030.592,0.4,0.3,0.3,611.2684458398744,632.6666666666666,0.12225368916797488,305.9541898430787,341.762537873649,0.019743441617283437,0.9999999999999998,1.0,0.9999999999999998,37,8,2.245175491847625,1,2.245175491847625,False,False,False,True,0,500,8,0.4,0.3,0.3,balanced
1781385823754.8772,0.4,0.3,0.3,612.4627374573795,637.4444444444445,0.1224925474914759,274.4301994301994,314.8971193415638,0.017640440255516972,0.9999999999999999,1.0,0.9999999999999999,35,8,2.2457108489267545,1,2.2457108489267545,False,False,False,True,0,501,8,0.4,0.3,0.3,balanced
1781385826573.699,0.4,0.3,0.3,616.9560439560439,639.7777777777778,0.12339120879120878,231.12654320987653,260.78483245149914,0.014751603949958407,0.9999999999999998,1.0,0.9999999999999998,34,8,2.246218035298529,1,2.246218035298529,False,False,False,True,0,502,8,0.4,0.3,0.3,balanced
1781385829398.244,0.4,0.3,0.3,622.7111459968602,646.6666666666666,0.12454222919937204,252.21854791299236,311.9929453262787,0.016158675644629243,0.9999999999999998,1.0,0.9999999999999998,32,8,2.2453355056268625,1,2.2453355056268625,False,False,False,True,0,503,8,0.4,0.3,0.3,balanced
1781385832212.423,0.4,0.3,0.3,629.0612244897959,655.6666666666666,0.12581224489795917,5883.132207298874,5990.327974494641,0.3918033493861824,0.9958718530147099,0.9958847736625513,0.9958718530147099,29,8,2.1308956531293743,1,2.1308956531293743,False,False,False,True,0,504,8,0.4,0.3,0.3,balanced
1781385835033.093,0.4,0.3,0.3,632.734693877551,659.7777777777778,0.12654693877551018,272.11165377832043,327.6283181838737,0.01748576743017481,0.9956974242688527,0.9958847736625513,0.9956974242688527,28,8,2.2428447215413994,1,2.2428447215413994,False,False,False,True,0,505,8,0.4,0.3,0.3,balanced
1781385841438.1868,0.4,0.3,0.3,641.425431711146,670.4444444444445,0.12828508634222918,177.7865961199294,218.82422104644326,0.01119323523148295,0.9999999999999998,1.0,0.9999999999999998,26,8,2.2453279948936635,1,2.2453279948936635,False,False,False,True,0,506,8,0.4,0.3,0.3,balanced
1781385844362.4092,0.4,0.3,0.3,644.3908948194662,674.4444444444445,0.12887817896389325,144.9206349206349,183.57142857142856,0.009000709467687452,0.9999999999999998,1.0,0.9999999999999998,25,8,2.2457485155741366,1,2.2457485155741366,False,False,False,True,0,507,8,0.4,0.3,0.3,balanced
1781385847283.142,0.4,0.3,0.3,654.8383045525902,687.1111111111111,0.13096766091051804,150.17014878125988,186.3073757518202,0.009350910525767838,0.9999999999999998,1.0,0.9999999999999998,23,8,2.2448076624780624,1,2.2448076624780624,False,False,False,True,0,508,8,0.4,0.3,0.3,balanced
1781385850707.443,0.4,0.3,0.3,485.64050235478805,547.2222222222222,0.09712810047095762,140.8253968253968,154.12698412698413,0.008727511462668232,0.7284144427001569,0.7777777777777778,0.7284144427001569,22,8,2.1770548391828637,1,2.1770548391828637,False,False,False,True,0,509,8,0.4,0.3,0.3,balanced
1781385853933.2869,0.4,0.3,0.3,624.0769230769231,620.2222222222222,0.12481538461538462,142.75149342891277,191.95459976105136,0.00885600356430372,0.9419152276295133,0.8888888888888888,0.9419152276295133,20,8,2.229991613373409,1,2.229991613373409,False,False,False,True,0,510,8,0.4,0.3,0.3,balanced
1781385857057.211,0.4,0.3,0.3,675.7378335949765,715.3333333333334,0.13514756671899528,310.29693486590037,331.59003831417624,0.020033151091787882,0.9699561522221618,0.9425287356321839,0.9699561522221618,19,8,2.230917873651514,1,2.230917873651514,False,False,False,True,0,511,8,0.4,0.3,0.3,balanced
1781385860169.876,0.4,0.3,0.3,692.0894819466248,736.6666666666666,0.13841789638932497,164.75823045267487,200.32480893592006,0.010324098095575374,0.9999999999999998,1.0,0.9999999999999998,17,8,2.241535612015597,1,2.241535612015597,False,False,False,True,0,512,8,0.4,0.3,0.3,balanced
1781385863282.03,0.4,0.3,0.3,701.5117739403453,749.1111111111111,0.14030235478806904,156.57113462669017,194.6310993533216,0.00977792759350835,0.9999999999999998,1.0,0.9999999999999998,16,8,2.2409456798067198,1,2.2409456798067198,False,False,False,True,0,513,8,0.4,0.3,0.3,balanced
1781385866502.429,0.4,0.3,0.3,723.5337519623233,777.2222222222222,0.14470675039246467,137.1082621082621,167.38841405508072,0.008479537165327691,0.9999999999999998,1.0,0.9999999999999998,14,8,2.239573438693416,1,2.239573438693416,False,False,False,True,0,514,8,0.4,0.3,0.3,balanced
1781385869728.163,0.4,0.3,0.3,737.4788069073783,795.6666666666666,0.14749576138147566,117.03703703703704,147.44855967078192,0.007140562844365379,0.9999999999999998,1.0,0.9999999999999998,13,8,2.2388595265941,1,2.2388595265941,False,False,False,True,0,515,8,0.4,0.3,0.3,balanced
1781385876732.9768,0.4,0.3,0.3,774.4128728414441,843.0,0.15488257456828883,150.44679600235156,189.55614344503235,0.009369365977475088,0.9999999999999998,1.0,0.9999999999999998,11,8,2.2352361603794417,1,2.2352361603794417,False,False,False,True,0,516,8,0.4,0.3,0.3,balanced
1781385880258.269,0.4,0.3,0.3,797.5164835164834,872.4444444444445,0.1595032967032967,114.93827160493827,146.4079952968842,0.007000551808201352,0.9999999999999998,1.0,0.9999999999999998,10,8,2.2340985157762208,1,2.2340985157762208,False,False,False,True,0,517,8,0.4,0.3,0.3,balanced
1781385883674.681,0.4,0.3,0.3,773.7362637362638,841.4444444444445,0.15474725274725276,117.48971193415636,144.40329218106996,0.007170761303145854,0.9999999999999998,1.0,0.9999999999999998,11,8,2.2359498705101553,0,2.2359498705101553,False,False,False,True,0,518,8,0.4,0.3,0.3,balanced
1781385886988.044,0.4,0.3,0.3,737.8649921507064,795.3333333333334,0.14757299843014127,138.78012933568488,168.2745443856555,0.008591069335269172,0.9999999999999998,1.0,0.9999999999999998,13,8,2.2383934798273626,0,2.2383934798273626,False,False,False,True,0,519,8,0.4,0.3,0.3,balanced
1781385890200.325,0.4,0.3,0.3,725.1036106750392,778.7777777777778,0.14502072213500786,111.70120517342738,140.72163433274545,0.006784603413837718,0.9999999999999998,1.0,0.9999999999999998,14,8,2.2399563301218457,0,2.2399563301218457,False,False,False,True,0,520,8,0.4,0.3,0.3,balanced
1781385893322.915,0.4,0.3,0.3,700.4364207221349,747.3333333333334,0.14008728414442698,147.16207660652105,193.65780310224756,0.009150238599501072,0.9940694226408511,0.9958847736625513,0.9940694226408511,16,8,2.239440841554634,0,2.239440841554634,False,False,False,True,0,521,8,0.4,0.3,0.3,balanced
1781385896340.627,0.4,0.3,0.3,695.8147566718995,740.0,0.13916295133437992,127.91231402342511,163.1497309275087,0.007866064978213816,0.9999999999999998,1.0,0.9999999999999998,17,8,2.2419749999727836,0,2.2419749999727836,False,False,False,True,0,522,8,0.4,0.3,0.3,balanced
1781385899361.491,0.4,0.3,0.3,677.3956043956042,717.2222222222222,0.13547912087912084,126.4587007642563,154.85155790711346,0.0077690927794700675,0.9999999999999998,1.0,0.9999999999999998,19,8,2.2434776238145107,0,2.2434776238145107,False,False,False,True,0,523,8,0.4,0.3,0.3,balanced
1781385902374.891,0.4,0.3,0.3,670.6844583987441,708.3333333333334,0.13413689167974882,141.74603174603175,169.92063492063494,0.008788928068447749,0.9999999999999998,1.0,0.9999999999999998,20,8,2.243708564907566,0,2.243708564907566,False,False,False,True,0,524,8,0.4,0.3,0.3,balanced
1781385905394.402,0.4,0.3,0.3,659.359497645212,694.1111111111111,0.13187189952904238,154.10440613026816,182.811986863711,0.009613369321565588,0.9999999999999998,1.0,0.9999999999999998,22,8,2.2443672293919135,0,2.2443672293919135,False,False,False,True,0,525,8,0.4,0.3,0.3,balanced
1781385911905.616,0.4,0.3,0.3,653.2229199372056,686.4444444444445,0.1306445839874411,154.47236919459138,191.53145208700764,0.009637916557344322,0.9999999999999998,1.0,0.9999999999999998,23,8,2.24485079143782,0,2.24485079143782,False,False,False,True,0,526,8,0.4,0.3,0.3,balanced
1781385914728.483,0.4,0.3,0.3,643.8587127158555,674.2222222222222,0.1287717425431711,167.33855650522315,204.4428616650839,0.010496234590074927,0.9999999999999998,1.0,0.9999999999999998,25,8,2.245342432605709,0,2.245342432605709,False,False,False,True,0,527,8,0.4,0.3,0.3,balanced
1781385917550.334,0.4,0.3,0.3,639.7880690737833,668.8888888888889,0.12795761381475665,191.09053497942386,236.33744855967078,0.012080756169407863,0.9999999999999998,1.0,0.9999999999999998,26,8,2.245192727623275,0,2.245192727623275,False,False,False,True,0,528,8,0.4,0.3,0.3,balanced
1781385920371.339,0.4,0.3,0.3,644.5886970172684,675.0,0.12891773940345366,197.08679962013295,239.0184868629313,0.012480773823891457,0.9999999999999998,1.0,0.9999999999999998,25,8,2.244688672091451,1,2.244688672091451,False,False,False,True,0,529,8,0.4,0.3,0.3,balanced
1781385923383.7422,0.4,0.3,0.3,653.9968602825745,686.1111111111111,0.1307993720565149,185.05208903484763,272.82448458310523,0.011677924552024524,0.9246467817896388,0.9487179487179487,0.9246467817896388,23,8,2.2215709083486783,1,2.2215709083486783,False,False,False,True,0,530,8,0.4,0.3,0.3,balanced
1781385926204.583,0.4,0.3,0.3,645.1083202511774,675.4444444444445,0.12902166405023546,175.34501424501423,217.4841405508072,0.01103035451934718,0.9999999999999998,1.0,0.9999999999999998,25,8,2.2450822280241014,0,2.2450822280241014,False,False,False,True,0,531,8,0.4,0.3,0.3,balanced
1781385929025.661,0.4,0.3,0.3,640.7755102040815,670.1111111111111,0.1281551020408163,164.4855967078189,207.119341563786,0.010305910387446224,0.9999999999999998,1.0,0.9999999999999998,26,8,2.2456461860674395,0,2.2456461860674395,False,False,False,True,0,532,8,0.4,0.3,0.3,balanced
1781385931847.31,0.4,0.3,0.3,645.1224489795917,675.6666666666666,0.12902448979591835,171.8755935422602,208.91263057929726,0.010798905506488338,0.9999999999999998,1.0,0.9999999999999998,25,8,2.245150532429686,1,2.245150532429686,False,False,False,True,0,533,8,0.4,0.3,0.3,balanced
1781385934670.062,0.4,0.3,0.3,641.8649921507064,670.8888888888889,0.12837299843014127,166.89300411522635,212.92181069958846,0.01046651128186967,0.9999999999999998,1.0,0.9999999999999998,26,8,2.2455108472433825,0,2.2455108472433825,False,False,False,True,0,534,8,0.4,0.3,0.3,balanced
1781385937491.6921,0.4,0.3,0.3,636.0313971742544,662.8888888888889,0.12720627943485088,200.8641975308642,240.6995884773663,0.012732768347622695,0.9999999999999998,1.0,0.9999999999999998,28,8,2.245297657721773,0,2.245297657721773,False,False,False,True,0,535,8,0.4,0.3,0.3,balanced
1781385940313.586,0.4,0.3,0.3,629.3296703296702,655.7777777777778,0.12586593406593405,219.27028218694883,259.8045267489712,0.013960659251964566,0.9999999999999998,1.0,0.9999999999999998,29,8,2.245465428598037,0,2.245465428598037,False,False,False,True,0,536,8,0.4,0.3,0.3,balanced
1781385943138.1172,0.4,0.3,0.3,622.5808477237049,646.7777777777778,0.12451616954474098,219.00205761316872,268.3377425044092,0.013942765684667693,0.9999999999999998,1.0,0.9999999999999998,32,8,2.246010702476703,0,2.246010702476703,False,False,False,True,0,537,8,0.4,0.3,0.3,balanced
1781385949436.647,0.4,0.3,0.3,616.5525902668759,639.2222222222222,0.12331051805337517,223.47974042418488,271.23140234251355,0.014241477012954295,0.9999999999999998,1.0,0.9999999999999998,34,8,2.2464033496747637,0,2.2464033496747637,False,False,False,True,0,538,8,0.4,0.3,0.3,balanced
1781385952153.012,0.4,0.3,0.3,616.2291993720564,638.0,0.12324583987441129,265.31655587211145,321.25039569484017,0.01703245869727228,0.9999999999999998,1.0,0.9999999999999998,35,8,2.2455919264410538,0,2.2455919264410538,False,False,False,True,0,539,8,0.4,0.3,0.3,balanced
1781385954873.72,0.4,0.3,0.3,613.021978021978,633.5555555555555,0.12260439560439561,259.9199000587889,318.14961787184006,0.01667244163167371,0.9999999999999998,1.0,0.9999999999999998,37,8,2.2459565092687397,0,2.2459565092687397,False,False,False,True,0,540,8,0.4,0.3,0.3,balanced
1781385957594.929,0.4,0.3,0.3,609.0486656200943,629.0,0.12180973312401887,240.4732510288066,286.8724279835391,0.015375133490914383,0.9999999999999998,1.0,0.9999999999999998,38,8,2.246663566703118,0,2.246663566703118,False,False,False,True,0,541,8,0.4,0.3,0.3,balanced
1781385960307.451,0.4,0.3,0.3,608.0502354788068,627.8888888888889,0.12161004709576137,286.09053497942386,325.0617283950617,0.018418314541656027,0.9999999999999998,1.0,0.9999999999999998,40,8,2.2458304867991985,0,2.2458304867991985,False,False,False,True,0,542,8,0.4,0.3,0.3,balanced
1781385963030.208,0.4,0.3,0.3,604.2904238618523,622.7777777777778,0.12085808477237046,316.7982069370958,365.0720164609054,0.020466858368051757,0.9999999999999998,1.0,0.9999999999999998,41,8,2.2455167085806362,0,2.2455167085806362,False,False,False,True,0,543,8,0.4,0.3,0.3,balanced
1781385965755.689,0.4,0.3,0.3,601.7284144427001,620.2222222222222,0.12034568288854003,504.8772780717225,602.7175191064081,0.03301382775661925,0.9958510876878222,0.9960317460317462,0.9958510876878222,43,8,2.240712904823945,0,2.240712904823945,False,False,False,True,0,544,8,0.4,0.3,0.3,balanced
1781385968478.858,0.4,0.3,0.3,600.5337519623233,618.4444444444445,0.12010675039246467,284.6634332745444,324.1196355085244,0.018323110958942256,0.9999999999999998,1.0,0.9999999999999998,44,8,2.2464603665553313,0,2.2464603665553313,False,False,False,True,0,545,8,0.4,0.3,0.3,balanced
1781385971193.445,0.4,0.3,0.3,596.850863422292,613.8888888888889,0.1193701726844584,336.74162257495584,400.2880658436213,0.021797306375914333,0.9999999999999998,1.0,0.9999999999999998,46,8,2.245712739013442,0,2.245712739013442,False,False,False,True,0,546,8,0.4,0.3,0.3,balanced
1781385973917.933,0.4,0.3,0.3,597.6640502354787,613.6666666666666,0.11953281004709575,360.16625615763536,404.85632183908046,0.023359990404111765,0.9999999999999998,1.0,0.9999999999999998,47,8,2.245178878859928,0,2.245178878859928,False,False,False,True,0,547,8,0.4,0.3,0.3,balanced
1781385976535.326,0.4,0.3,0.3,592.9010989010989,609.5555555555555,0.11858021978021978,310.77714466603356,339.88287432731875,0.020065186435359143,0.9999999999999998,1.0,0.9999999999999998,49,8,2.2465483561573043,0,2.2465483561573043,False,False,False,True,0,548,8,0.4,0.3,0.3,balanced
1781385982737.177,0.4,0.3,0.3,591.767660910518,607.0,0.1183535321821036,357.6432415321304,397.46280468502687,0.023191677220288885,0.9999999999999998,1.0,0.9999999999999998,50,8,2.245701083961072,0,2.245701083961072,False,False,False,True,0,549,8,0.4,0.3,0.3,balanced
1781385985350.668,0.4,0.3,0.3,593.221350078493,608.0,0.11864427001569859,352.3092750870528,424.9066160177272,0.022835842233959493,0.9940694226408511,0.9958847736625513,0.9940694226408511,52,8,2.2439123661157883,0,2.2439123661157883,False,False,False,True,0,550,8,0.4,0.3,0.3,balanced
1781385987970.443,0.4,0.3,0.3,591.1208791208791,606.0,0.11822417582417581,350.3292181069959,423.9917695473251,0.022703750374049092,0.9999999999999998,1.0,0.9999999999999998,53,8,2.245899204558115,0,2.245899204558115,False,False,False,True,0,551,8,0.4,0.3,0.3,balanced
1781385990596.26,0.4,0.3,0.3,590.2386185243327,605.6666666666666,0.11804772370486653,394.97150997151,454.0598290598291,0.02568188859049433,0.9999999999999998,1.0,0.9999999999999998,52,8,2.245076343940905,1,2.245076343940905,False,False,False,True,0,552,8,0.4,0.3,0.3,balanced
1781385993220.988,0.4,0.3,0.3,591.1350078492935,605.4444444444445,0.1182270015698587,365.161669606114,432.47795414462075,0.023693240133830153,0.9999999999999998,1.0,0.9999999999999998,53,8,2.2456012273319073,0,2.2456012273319073,False,False,False,True,0,553,8,0.4,0.3,0.3,balanced
1781385995946.429,0.4,0.3,0.3,589.9167974882259,603.8888888888889,0.11798335949764518,398.30938697318004,477.57252326217844,0.025904562172994,0.9979970768148105,0.9961685823754789,0.9979970768148105,55,8,2.244434410593487,0,2.244434410593487,False,False,False,True,0,554,8,0.4,0.3,0.3,balanced
1781385998570.616,0.4,0.3,0.3,591.2323390894819,606.0,0.11824646781789638,503.30467372134035,580.8450911228688,0.03290891752644032,0.9999999999999998,1.0,0.9999999999999998,56,8,2.2428287376149094,0,2.2428287376149094,False,False,False,True,0,555,8,0.4,0.3,0.3,balanced
1781386001190.752,0.4,0.3,0.3,586.9623233908948,600.4444444444445,0.11739246467817896,389.9875073486184,476.7342739564962,0.02534940008996787,0.9999999999999998,1.0,0.9999999999999998,58,8,2.245438194101738,0,2.245438194101738,False,False,False,True,0,556,8,0.4,0.3,0.3,balanced
1781386004216.415,0.4,0.3,0.3,482.5808477237049,463.22222222222223,0.09651616954474097,337.5286596119929,421.1331569664903,0.021849810514475845,0.8304552590266875,0.7777777777777778,0.8304552590266875,56,8,2.203975166735767,1,2.203975166735767,False,False,False,True,0,557,8,0.4,0.3,0.3,balanced
1781386006839.273,0.4,0.3,0.3,588.0643642072213,602.2222222222222,0.11761287284144425,367.4404761904762,441.09053497942386,0.02384526192064551,0.9999999999999998,1.0,0.9999999999999998,56,8,2.2458012722872285,2,2.2458012722872285,False,False,False,True,0,558,8,0.4,0.3,0.3,balanced
1781386009464.981,0.4,0.3,0.3,590.5902668759811,605.0,0.11811805337519622,326.8201962646407,377.51978474200695,0.0211354367087819,0.9999999999999998,1.0,0.9999999999999998,55,8,2.2464121476372867,1,2.2464121476372867,False,False,False,True,0,559,8,0.4,0.3,0.3,balanced
1781386012087.941,0.4,0.3,0.3,587.1177394034537,601.4444444444445,0.11742354788069075,314.1358024691358,372.18106995884773,0.02028924632882827,0.9999999999999998,1.0,0.9999999999999998,56,8,2.246943806949075,0,2.246943806949075,False,False,False,True,0,560,8,0.4,0.3,0.3,balanced
1781386014712.5908,0.4,0.3,0.3,588.9434850863422,603.2222222222222,0.11778869701726845,330.761316872428,367.65432098765433,0.021398353360402134,0.9999999999999998,1.0,0.9999999999999998,55,8,2.246465015184972,1,2.246465015184972,False,False,False,True,0,561,8,0.4,0.3,0.3,balanced
1781386020913.114,0.4,0.3,0.3,586.9262166405024,601.1111111111111,0.11738524332810048,368.4156378600823,439.835390946502,0.023910316068050854,0.9999999999999998,1.0,0.9999999999999998,56,8,2.2458728078483445,0,2.2458728078483445,False,False,False,True,0,562,8,0.4,0.3,0.3,balanced
1781386023532.835,0.4,0.3,0.3,587.3014128728414,600.6666666666666,0.11746028257456828,541.9080405191517,666.0272238050015,0.035484192162718586,0.9999999999999998,1.0,0.9999999999999998,58,8,2.242370629321357,0,2.242370629321357,False,False,False,True,0,563,8,0.4,0.3,0.3,balanced
1781386026159.3079,0.4,0.3,0.3,583.9183673469387,597.4444444444445,0.11678367346938774,464.5936213991769,500.2042915931804,0.03032645906598912,0.9999999999999998,1.0,0.9999999999999998,59,8,2.2441885928924483,0,2.2441885928924483,False,False,False,True,0,564,8,0.4,0.3,0.3,balanced
1781386028782.002,0.4,0.3,0.3,582.945054945055,596.0,0.11658901098901099,452.5837742504409,499.4473838918284,0.02952526846233762,0.9999999999999998,1.0,0.9999999999999998,61,8,2.2445068150656944,0,2.2445068150656944,False,False,False,True,0,565,8,0.4,0.3,0.3,balanced
1781386031504.0159,0.4,0.3,0.3,546.2103610675039,526.1111111111111,0.10924207221350077,441.7592592592592,545.3333333333334,0.028803152719096677,0.9419152276295131,0.8888888888888888,0.9419152276295131,64,8,2.2302367935877245,0,2.2302367935877245,False,False,False,True,0,566,8,0.4,0.3,0.3,balanced
1781386034118.05,0.4,0.3,0.3,582.215070643642,594.0,0.1164430141287284,559.0101976213086,637.6559037670148,0.03662509657246889,0.9940694226408511,0.9958847736625513,0.9940694226408511,65,8,2.240656092169023,0,2.240656092169023,False,False,False,True,0,567,8,0.4,0.3,0.3,balanced
1781386036741.565,0.4,0.3,0.3,580.6326530612245,592.4444444444445,0.11612653061224489,467.6278659611993,550.0088183421517,0.030528876982068,0.9960192868356132,0.9960317460317462,0.9960192868356132,67,8,2.2431965107111655,0,2.2431965107111655,False,False,False,True,0,568,8,0.4,0.3,0.3,balanced
1781386039356.152,0.4,0.3,0.3,580.1962323390894,591.6666666666666,0.11603924646781788,484.74206349206344,559.6428571428571,0.031670584622552594,0.9999999999999998,1.0,0.9999999999999998,68,8,2.244083126026107,0,2.244083126026107,False,False,False,True,0,569,8,0.4,0.3,0.3,balanced
1781386041968.52,0.4,0.3,0.3,580.7708006279435,592.4444444444445,0.1161541601255887,591.0824514991182,696.3271604938273,0.038764673215418155,0.9999999999999998,1.0,0.9999999999999998,67,8,2.241908933985139,1,2.241908933985139,False,False,False,True,0,570,8,0.4,0.3,0.3,balanced
1781386044592.969,0.4,0.3,0.3,579.1036106750392,592.1111111111111,0.11582072213500785,510.0580540858318,578.3392122281011,0.03335944323454515,0.9999999999999998,1.0,0.9999999999999998,65,8,2.2436638781756333,1,2.2436638781756333,False,False,False,True,0,571,8,0.4,0.3,0.3,balanced
1781386047214.24,0.4,0.3,0.3,581.2967032967033,593.7777777777778,0.11625934065934065,603.1297766019987,704.4415049970606,0.03956836401614401,0.9999999999999998,1.0,0.9999999999999998,64,8,2.2416257545314204,1,2.2416257545314204,False,False,False,True,0,572,8,0.4,0.3,0.3,balanced
1781386049835.4011,0.4,0.3,0.3,583.425431711146,595.3333333333334,0.1166850863422292,559.8118753674308,671.9106407995296,0.03667857740943501,0.9999999999999998,1.0,0.9999999999999998,61,8,2.2423223922402777,1,2.2423223922402777,False,False,False,True,0,573,8,0.4,0.3,0.3,balanced
1781386056044.7039,0.4,0.3,0.3,583.1632653061224,595.8888888888889,0.11663265306122449,646.8143738977072,776.4535567313346,0.04248261333540409,0.9999999999999998,1.0,0.9999999999999998,61,8,2.240602154774889,2,2.240602154774889,False,False,False,True,0,574,8,0.4,0.3,0.3,balanced
1781386058668.21,0.4,0.3,0.3,583.5117739403452,596.5555555555555,0.11670235478806903,584.9162257495591,708.0261610817165,0.03835331726147826,0.9960192868356132,0.9960317460317462,0.9960192868356132,59,8,2.2406188489570127,1,2.2406188489570127,False,False,False,True,0,575,8,0.4,0.3,0.3,balanced
1781386061291.535,0.4,0.3,0.3,584.5431711145997,597.3333333333334,0.11690863422291993,506.43151087595527,617.0311581422693,0.033117512399997016,0.988450325185019,0.9920634920634921,0.988450325185019,61,8,2.2398363901463387,0,2.2398363901463387,False,False,False,True,0,576,8,0.4,0.3,0.3,balanced
1781386063910.9731,0.4,0.3,0.3,586.9858712715856,599.7777777777778,0.11739717425431712,405.5261610817167,501.6622574955908,0.02638600140638537,0.9999999999999998,1.0,0.9999999999999998,59,8,2.2451253298763576,1,2.2451253298763576,False,False,False,True,0,577,8,0.4,0.3,0.3,balanced
1781386066531.1538,0.4,0.3,0.3,585.9529042386184,599.3333333333334,0.11719058084772369,424.74833808167136,498.90946502057625,0.027668334761952726,0.9940694226408511,0.9958847736625513,0.9940694226408511,58,8,2.24304409402458,1,2.24304409402458,False,False,False,True,0,578,8,0.4,0.3,0.3,balanced
1781386069153.6711,0.4,0.3,0.3,587.5902668759811,601.0,0.11751805337519622,381.86654908877125,448.94326866549085,0.024807641700385005,0.9942812289751064,0.9960317460317462,0.9942812289751064,56,8,2.243834854832338,1,2.243834854832338,False,False,False,True,0,579,8,0.4,0.3,0.3,balanced
1781386071767.553,0.4,0.3,0.3,590.0455259026687,604.3333333333334,0.11800910518053374,345.09496676163343,406.06204495093385,0.022354567495772745,0.9999999999999998,1.0,0.9999999999999998,55,8,2.2460899876790545,1,2.2460899876790545,False,False,False,True,0,580,8,0.4,0.3,0.3,balanced
1781386074493.346,0.4,0.3,0.3,589.6530612244898,604.2222222222222,0.11793061224489795,358.431855500821,425.85249042145597,0.023244286557759904,0.9999999999999998,1.0,0.9999999999999998,53,8,2.245854469134713,1,2.245854469134713,False,False,False,True,0,581,8,0.4,0.3,0.3,balanced
1781386077115.3901,0.4,0.3,0.3,593.0596546310832,608.2222222222222,0.11861193092621664,350.178854067743,402.909148464704,0.02269371941746117,0.9999999999999998,1.0,0.9999999999999998,52,8,2.245747111804275,1,2.245747111804275,False,False,False,True,0,582,8,0.4,0.3,0.3,balanced
1781386079829.74,0.4,0.3,0.3,592.9701726844584,607.7777777777778,0.11859403453689167,343.6836343732895,412.54926108374383,0.022260415902154072,0.9999999999999998,1.0,0.9999999999999998,50,8,2.245884261414597,1,2.245884261414597,False,False,False,True,0,583,8,0.4,0.3,0.3,balanced
1781386082549.4558,0.4,0.3,0.3,594.9073783359497,610.8888888888889,0.11898147566718995,498.65368241805027,548.7786089318656,0.03259864459093064,0.9999999999999998,1.0,0.9999999999999998,49,8,2.242627816355845,1,2.242627816355845,False,False,False,True,0,584,8,0.4,0.3,0.3,balanced
1781386085270.074,0.4,0.3,0.3,597.5007849293563,613.8888888888889,0.11950015698587126,353.6083743842364,403.7370005473454,0.022922506630035786,0.9999999999999998,1.0,0.9999999999999998,47,8,2.2453231852166406,1,2.2453231852166406,False,False,False,True,0,585,8,0.4,0.3,0.3,balanced
1781386091573.14,0.4,0.3,0.3,596.8587127158555,611.6666666666666,0.11937174254317111,344.37876299945265,424.0996168582376,0.022306788725780697,0.9999999999999998,1.0,0.9999999999999998,49,8,2.2455592663649973,0,2.2455592663649973,False,False,False,True,0,586,8,0.4,0.3,0.3,balanced
1781386094293.181,0.4,0.3,0.3,596.6797488226059,613.3333333333334,0.11933594976452118,325.69923371647513,395.96195949644226,0.021060656018443973,0.9999999999999998,1.0,0.9999999999999998,47,8,2.2459474232886585,1,2.2459474232886585,False,False,False,True,0,587,8,0.4,0.3,0.3,balanced
1781386097013.8408,0.4,0.3,0.3,600.0518053375196,616.8888888888889,0.12001036106750392,336.2787356321839,404.30487137383693,0.02176642665991887,0.9999999999999998,1.0,0.9999999999999998,46,8,2.245465927575023,1,2.245465927575023,False,False,False,True,0,588,8,0.4,0.3,0.3,balanced
1781386099725.447,0.4,0.3,0.3,598.9309262166405,614.5555555555555,0.1197861852433281,291.6798941798941,366.384479717813,0.018791187070039635,0.9999999999999998,1.0,0.9999999999999998,47,8,2.2464481697816567,0,2.2464481697816567,False,False,False,True,0,589,8,0.4,0.3,0.3,balanced
1781386102442.964,0.4,0.3,0.3,598.2433281004709,615.3333333333334,0.11964866562009417,297.32142857142856,370.2777777777777,0.01916754026493853,0.9999999999999998,1.0,0.9999999999999998,46,8,2.246390271672481,1,2.246390271672481,False,False,False,True,0,590,8,0.4,0.3,0.3,balanced
1781386105156.084,0.4,0.3,0.3,598.8524332810047,616.4444444444445,0.11977048665620094,335.51518883415434,401.0112205801861,0.021715489581998287,0.9999999999999998,1.0,0.9999999999999998,44,8,2.24557715846292,1,2.24557715846292,False,False,False,True,0,591,8,0.4,0.3,0.3,balanced
1781386107870.657,0.4,0.3,0.3,600.61852433281,618.8888888888889,0.120123704866562,346.4351851851851,421.194885361552,0.022443974995676123,0.9999999999999998,1.0,0.9999999999999998,43,8,2.2452173255546723,1,2.2452173255546723,False,False,False,True,0,592,8,0.4,0.3,0.3,balanced
1781386110590.7239,0.4,0.3,0.3,606.0690737833594,624.7777777777778,0.12121381475667188,254.38712522045853,319.2210464432687,0.01630334391063766,0.9999999999999998,1.0,0.9999999999999998,41,8,2.2466234709241397,1,2.2466234709241397,False,False,False,True,0,593,8,0.4,0.3,0.3,balanced
1781386113313.98,0.4,0.3,0.3,605.5180533751962,625.1111111111111,0.12110361067503925,320.1271310993533,388.26425631981186,0.020688934696421166,0.9999999999999998,1.0,0.9999999999999998,40,8,2.2453518753210577,1,2.2453518753210577,False,False,False,True,0,594,8,0.4,0.3,0.3,balanced
1781386116040.104,0.4,0.3,0.3,610.2323390894819,630.6666666666666,0.12204646781789638,279.27836566725455,327.310405643739,0.017963866955787496,0.9999999999999998,1.0,0.9999999999999998,38,8,2.245792252786105,1,2.245792252786105,False,False,False,True,0,595,8,0.4,0.3,0.3,balanced
1781386118761.903,0.4,0.3,0.3,612.7723704866562,633.3333333333334,0.12255447409733124,325.20208700764255,389.20194003527337,0.021027490794372418,0.9999999999999998,1.0,0.9999999999999998,37,8,2.244669963122756,1,2.244669963122756,False,False,False,True,0,596,8,0.4,0.3,0.3,balanced
1781386121577.964,0.4,0.3,0.3,615.8131868131867,637.6666666666666,0.12316263736263734,250.30159743761277,295.71317075148494,0.016030793691635275,0.9848678766694249,0.9883689107827038,0.9848678766694249,35,8,2.241386069948282,1,2.241386069948282,False,False,False,True,0,597,8,0.4,0.3,0.3,balanced
1781386127978.2368,0.4,0.3,0.3,617.9999999999999,641.0,0.12359999999999997,214.95826491516146,277.1606458675424,0.013672999660784621,0.9999999999999998,1.0,0.9999999999999998,34,8,2.2464581001017647,1,2.2464581001017647,False,False,False,True,0,598,8,0.4,0.3,0.3,balanced
1781386130801.3152,0.4,0.3,0.3,623.0565149136577,646.8888888888889,0.12461130298273154,178.2370664315109,221.71222810111698,0.01122328661984729,0.9999999999999998,1.0,0.9999999999999998,32,8,2.246788492820953,1,2.246788492820953,False,False,False,True,0,599,8,0.4,0.3,0.3,balanced
1781386133621.5588,0.4,0.3,0.3,631.7833594976452,658.3333333333334,0.12635667189952904,189.55981775426218,220.88771310993533,0.01197864027713557,0.9999999999999998,1.0,0.9999999999999998,29,8,2.2458637391570475,1,2.2458637391570475,False,False,False,True,0,600,8,0.4,0.3,0.3,balanced
1781386136446.032,0.4,0.3,0.3,623.6718995290424,647.1111111111111,0.12473437990580849,177.49247400109468,222.9871373836891,0.011173614009412587,0.9999999999999998,1.0,0.9999999999999998,32,8,2.246754163834853,0,2.246754163834853,False,False,False,True,0,601,8,0.4,0.3,0.3,balanced
1781386139470.789,0.4,0.3,0.3,542.4631083202512,594.5555555555555,0.10849262166405024,163.98017473118279,192.15165770609323,0.0102721931108194,0.8398744113029827,0.8888888888888888,0.8398744113029827,29,8,2.205483616792029,1,2.205483616792029,False,False,False,True,0,602,8,0.4,0.3,0.3,balanced
1781386142296.142,0.4,0.3,0.3,634.0094191522762,661.6666666666666,0.12680188383045524,204.6413874191652,243.7419165196943,0.012984748993940308,0.9999999999999998,1.0,0.9999999999999998,28,8,2.245383821769636,1,2.245383821769636,False,False,False,True,0,603,8,0.4,0.3,0.3,balanced
1781386145119.7678,0.4,0.3,0.3,640.3218210361067,668.8888888888889,0.12806436420722134,285.47325102880654,345.10288065843616,0.018377134825137195,0.9999999999999998,1.0,0.9999999999999998,26,8,2.24326111386957,1,2.24326111386957,False,False,False,True,0,604,8,0.4,0.3,0.3,balanced
1781386148033.0369,0.4,0.3,0.3,643.934065934066,674.3333333333334,0.1287868131868132,225.2504105090312,259.37328954570336,0.014359600434224897,0.9999999999999998,1.0,0.9999999999999998,25,8,2.244177394595007,1,2.244177394595007,False,False,False,True,0,605,8,0.4,0.3,0.3,balanced
1781386150956.602,0.4,0.3,0.3,652.0455259026687,685.2222222222222,0.13040910518053375,171.07142857142858,202.26190476190476,0.010745258743924522,0.9999999999999998,1.0,0.9999999999999998,23,8,2.244612780304609,1,2.244612780304609,False,False,False,True,0,606,8,0.4,0.3,0.3,balanced
1781386153880.733,0.4,0.3,0.3,657.4285714285713,691.8888888888889,0.13148571428571426,160.28964862298193,202.13358657803101,0.010025993904134885,0.9999999999999998,1.0,0.9999999999999998,22,8,2.244397916114474,1,2.244397916114474,False,False,False,True,0,607,8,0.4,0.3,0.3,balanced
1781386156807.179,0.4,0.3,0.3,653.3076923076923,686.0,0.13066153846153844,194.4459141681364,230.50705467372134,0.01230459734277094,0.9999999999999998,1.0,0.9999999999999998,23,8,2.2440440054125532,0,2.2440440054125532,False,False,False,True,0,608,8,0.4,0.3,0.3,balanced
1781386163306.617,0.4,0.3,0.3,645.0298273155414,675.7777777777778,0.12900596546310827,306.3095238095238,326.07142857142856,0.019767146351535942,0.9999999999999998,1.0,0.9999999999999998,25,8,2.242467469909296,0,2.242467469909296,False,False,False,True,0,609,8,0.4,0.3,0.3,balanced
1781386166123.403,0.4,0.3,0.3,640.204081632653,669.3333333333334,0.1280408163265306,186.97372586261474,235.45267489711932,0.011806119136932271,0.9999999999999998,1.0,0.9999999999999998,26,8,2.245241837728308,0,2.245241837728308,False,False,False,True,0,610,8,0.4,0.3,0.3,balanced
1781386169343.2678,0.4,0.3,0.3,470.48665620094187,533.0,0.09409733124018838,158.43871487989134,186.7911892029539,0.009902516002661196,0.7127118979459915,0.7713352007469655,0.7127118979459915,25,8,2.1732038820869235,1,2.1732038820869235,False,False,False,True,0,611,8,0.4,0.3,0.3,balanced
1781386172262.756,0.4,0.3,0.3,651.5949764521192,684.7777777777778,0.13031899529042384,152.69253380364492,189.33274544385657,0.009519181708048361,0.9999999999999998,1.0,0.9999999999999998,23,8,2.2450166473714157,1,2.2450166473714157,False,False,False,True,0,612,8,0.4,0.3,0.3,balanced
1781386175385.437,0.4,0.3,0.3,573.2841444270016,607.4444444444445,0.11465682888540032,156.49999999999997,195.40740740740742,0.009773182121414275,0.8885400313971742,0.8888888888888888,0.8885400313971742,22,8,2.2177673232285677,1,2.2177673232285677,False,False,False,True,0,613,8,0.4,0.3,0.3,balanced
1781386178305.773,0.4,0.3,0.3,669.4097331240189,707.4444444444445,0.13388194662480377,169.66919911364354,203.9854384298829,0.010651714417187695,0.9999999999999998,1.0,0.9999999999999998,20,8,2.243251707024922,1,2.243251707024922,False,False,False,True,0,614,8,0.4,0.3,0.3,balanced
1781386181822.135,0.4,0.3,0.3,502.6310832025118,597.8888888888889,0.10052621664050236,164.17195767195764,181.69135802469137,0.010284987169576895,0.6720340883606191,0.7746031746031746,0.6720340883606191,19,8,2.1583142437011116,1,2.1583142437011116,False,False,False,True,0,615,8,0.4,0.3,0.3,balanced
1781386184839.3208,0.4,0.3,0.3,675.993720565149,716.0,0.13519874411302982,167.9842739564962,206.81363903586123,0.01053931113785832,0.9999999999999998,1.0,0.9999999999999998,19,8,2.2427587090134304,2,2.2427587090134304,False,False,False,True,0,616,8,0.4,0.3,0.3,balanced
1781386187964.34,0.4,0.3,0.3,691.0612244897958,735.6666666666666,0.13821224489795916,171.8143738977072,202.10905349794237,0.010794821474163257,0.9999999999999998,1.0,0.9999999999999998,17,8,2.2414766555985675,1,2.2414766555985675,False,False,False,True,0,617,8,0.4,0.3,0.3,balanced
1781386227103.3,0.4,0.3,0.3,703.5117739403453,750.0,0.14070235478806906,106.58877131099351,131.65196942974723,0.006443547118812109,0.9999999999999998,1.0,0.9999999999999998,16,8,2.2417859939491285,1,2.2417859939491285,False,False,False,True,1,618,8,0.4,0.3,0.3,balanced
1781386233706.654,0.4,0.3,0.3,694.1255886970173,738.2222222222222,0.13882511773940345,109.94301994301993,134.985754985755,0.0066673128714489615,0.9999999999999998,1.0,0.9999999999999998,17,8,2.242469759042804,0,2.242469759042804,False,False,False,True,0,619,8,0.4,0.3,0.3,balanced
1781386236819.9612,0.4,0.3,0.3,702.6954474097331,749.7777777777778,0.14053908948194663,109.99632569077012,137.90858318636094,0.006670868958690468,0.9999999999999998,1.0,0.9999999999999998,16,8,2.241783103519614,1,2.241783103519614,False,False,False,True,0,620,8,0.4,0.3,0.3,balanced
1781386240037.539,0.4,0.3,0.3,725.5714285714286,779.6666666666666,0.14511428571428572,89.72222222222221,113.40388007054672,0.005318360388407085,0.9999999999999998,1.0,0.9999999999999998,14,8,2.2403587775977636,1,2.2403587775977636,False,False,False,True,0,621,8,0.4,0.3,0.3,balanced
1781386243260.9192,0.4,0.3,0.3,741.7032967032967,799.6666666666666,0.14834065934065935,87.72633744855968,110.26748971193416,0.005185212638329531,0.9999999999999998,1.0,0.9999999999999998,13,8,2.2391081724722373,1,2.2391081724722373,False,False,False,True,0,622,8,0.4,0.3,0.3,balanced
1781386246673.058,0.4,0.3,0.3,775.0313971742544,843.1111111111111,0.15500627943485087,76.80849500293945,100.36596119929453,0.004456870914138723,0.9999999999999998,1.0,0.9999999999999998,11,8,2.236660426951818,1,2.236660426951818,False,False,False,True,0,623,8,0.4,0.3,0.3,balanced
1781386250193.007,0.4,0.3,0.3,800.0518053375195,874.5555555555555,0.16001036106750388,78.67430922986478,93.4920634920635,0.004581341509664095,0.9999999999999998,1.0,0.9999999999999998,10,8,2.234621453120099,1,2.234621453120099,False,False,False,True,0,624,8,0.4,0.3,0.3,balanced
1781386253611.5862,0.4,0.3,0.3,776.74568288854,845.4444444444445,0.15534913657770802,78.44723691945914,99.12698412698413,0.00456619325680181,0.9999999999999998,1.0,0.9999999999999998,11,8,2.236490487391876,0,2.236490487391876,False,False,False,True,0,625,8,0.4,0.3,0.3,balanced
1781386257137.455,0.4,0.3,0.3,750.541601255887,807.6666666666666,0.1501083202511774,164.7265395894428,216.6736722059303,0.01032198396193748,0.911851589270944,0.9307048984468338,0.911851589270944,13,8,2.210415553492231,0,2.210415553492231,False,False,False,True,0,626,8,0.4,0.3,0.3,balanced
1781386260365.3591,0.4,0.3,0.3,725.4050235478807,779.6666666666666,0.14508100470957613,106.41828336272782,140.06907701352145,0.006432173673297386,0.9999999999999998,1.0,0.9999999999999998,14,8,2.2400379460141804,0,2.2400379460141804,False,False,False,True,0,627,8,0.4,0.3,0.3,balanced
1781386263484.0889,0.4,0.3,0.3,700.2857142857142,747.6666666666666,0.14005714285714285,113.10111699000588,140.37918871252205,0.006877993128085782,0.9942812289751064,0.9960317460317462,0.9942812289751064,16,8,2.240198113611249,0,2.240198113611249,False,False,False,True,0,628,8,0.4,0.3,0.3,balanced
1781386270588.852,0.4,0.3,0.3,513.2700156985871,584.0,0.10265400313971743,95.19374416433239,109.91036414565826,0.0056833718588614,0.7284144427001569,0.7777777777777778,0.7284144427001569,17,8,2.1757577199965015,0,2.1757577199965015,False,False,False,True,0,629,8,0.4,0.3,0.3,balanced
1781386273614.959,0.4,0.3,0.3,676.7284144427001,716.7777777777778,0.13534568288854001,151.25661375661375,192.473544973545,0.00942338984367003,0.9903005158107199,0.9920634920634921,0.9903005158107199,19,8,2.2401248646346987,0,2.2401248646346987,False,False,False,True,0,630,8,0.4,0.3,0.3,balanced
1781386276534.641,0.4,0.3,0.3,672.4976452119307,710.5555555555555,0.13449952904238616,123.64988920544475,159.65811965811966,0.007581713756200451,0.9999999999999998,1.0,0.9999999999999998,20,8,2.2439256742561855,0,2.2439256742561855,False,False,False,True,0,631,8,0.4,0.3,0.3,balanced
1781386279456.729,0.4,0.3,0.3,657.6766091051805,692.0,0.1315353218210361,147.81084656084656,177.3309817754262,0.009193518783245267,0.9999999999999998,1.0,0.9999999999999998,22,8,2.244627815636612,0,2.244627815636612,False,False,False,True,0,632,8,0.4,0.3,0.3,balanced
1781386282480.4238,0.4,0.3,0.3,669.9309262166405,708.1111111111111,0.1339861852433281,141.6468253968254,173.015873015873,0.008782309899721508,0.9999999999999998,1.0,0.9999999999999998,20,8,2.243770832932752,1,2.243770832932752,False,False,False,True,0,633,8,0.4,0.3,0.3,balanced
1781386285400.772,0.4,0.3,0.3,658.6860282574568,693.0,0.13173720565149136,146.9319517930629,176.277189888301,0.009134886710677978,0.9999999999999998,1.0,0.9999999999999998,22,8,2.2445646517262,0,2.2445646517262,False,False,False,True,0,634,8,0.4,0.3,0.3,balanced
1781386288315.7139,0.4,0.3,0.3,654.1459968602825,687.3333333333334,0.1308291993720565,153.43841857730746,194.99999999999997,0.009568940532175281,0.9999999999999998,1.0,0.9999999999999998,23,8,2.2447976380915247,0,2.2447976380915247,False,False,False,True,0,635,8,0.4,0.3,0.3,balanced
1781386291240.566,0.4,0.3,0.3,645.1271585557299,675.3333333333334,0.12902543171114597,153.2676518883415,187.9501915708812,0.009557548491550468,0.9999999999999998,1.0,0.9999999999999998,25,8,2.2455225627680764,0,2.2455225627680764,False,False,False,True,0,636,8,0.4,0.3,0.3,balanced
1781386294157.1008,0.4,0.3,0.3,639.9811616954473,669.4444444444445,0.12799623233908947,192.88451012588942,235.29146141215108,0.012200434297924577,0.9999999999999998,1.0,0.9999999999999998,26,8,2.2451413767749866,0,2.2451413767749866,False,False,False,True,0,637,8,0.4,0.3,0.3,balanced
1781386296970.8408,0.4,0.3,0.3,632.164835164835,659.6666666666666,0.126432967032967,263.63609641387416,331.6343327454438,0.016920353329811486,0.9999999999999998,1.0,0.9999999999999998,28,8,2.24435070718787,0,2.24435070718787,False,False,False,True,0,638,8,0.4,0.3,0.3,balanced
1781386299794.197,0.4,0.3,0.3,630.10989010989,656.0,0.126021978021978,188.17019400352734,225.80393885949442,0.011885936891496154,0.9999999999999998,1.0,0.9999999999999998,29,8,2.24602542772376,0,2.24602542772376,False,False,False,True,0,639,8,0.4,0.3,0.3,balanced
1781386306095.97,0.4,0.3,0.3,621.6891679748821,645.5555555555555,0.12433783359497642,223.4124723013612,271.6682494460272,0.014236989479743908,0.9999999999999998,1.0,0.9999999999999998,32,8,2.245993769718086,0,2.245993769718086,False,False,False,True,0,640,8,0.4,0.3,0.3,balanced
1781386309515.438,0.4,0.3,0.3,414.0910518053375,426.44444444444446,0.0828182103610675,185.63787262872629,224.7079945799458,0.01171700284381096,0.6703296703296702,0.6666666666666666,0.6703296703296702,34,8,2.164456516101331,0,2.164456516101331,False,False,False,True,0,641,8,0.4,0.3,0.3,balanced
1781386312236.9421,0.4,0.3,0.3,617.1632653061224,639.4444444444445,0.12343265306122449,263.6008230452675,315.0617283950617,0.016918000203153268,0.9999999999999998,1.0,0.9999999999999998,34,8,2.2455515387145644,2,2.2455515387145644,False,False,False,True,0,642,8,0.4,0.3,0.3,balanced
1781386314961.043,0.4,0.3,0.3,614.1365777080061,635.8888888888889,0.12282731554160123,257.60050648939534,308.33175055397277,0.01651771224078688,0.9999999999999998,1.0,0.9999999999999998,35,8,2.245913760111123,0,2.245913760111123,False,False,False,True,0,643,8,0.4,0.3,0.3,balanced
1781386317683.145,0.4,0.3,0.3,609.552590266876,631.0,0.1219105180533752,277.78586125808346,329.9132863021752,0.017864300284061604,0.9999999999999998,1.0,0.9999999999999998,37,8,2.2458765026934313,0,2.2458765026934313,False,False,False,True,0,644,8,0.4,0.3,0.3,balanced
1781386320397.441,0.4,0.3,0.3,608.5494505494504,628.5555555555555,0.12170989010989008,327.00911228689006,385.1175778953556,0.021148039512134092,0.9999999999999998,1.0,0.9999999999999998,38,8,2.244971632102404,0,2.244971632102404,False,False,False,True,0,645,8,0.4,0.3,0.3,balanced
1781386323115.151,0.4,0.3,0.3,604.4222919937205,623.6666666666666,0.1208844583987441,317.08406819517927,360.9935332157554,0.020485928498677735,0.9999999999999998,1.0,0.9999999999999998,40,8,2.245500438090899,0,2.245500438090899,False,False,False,True,0,646,8,0.4,0.3,0.3,balanced
1781386325841.043,0.4,0.3,0.3,604.7739403453688,623.5555555555555,0.12095478806907377,318.0489417989419,361.9753086419753,0.02055029631747444,0.9999999999999998,1.0,0.9999999999999998,41,8,2.245452995877128,0,2.245452995877128,False,False,False,True,0,647,8,0.4,0.3,0.3,balanced
1781386328566.823,0.4,0.3,0.3,600.6499215070643,618.2222222222222,0.12012998430141286,297.3248494800219,361.364258347017,0.019167768477653228,0.9999999999999998,1.0,0.9999999999999998,43,8,2.2461976757361386,0,2.2461976757361386,False,False,False,True,0,648,8,0.4,0.3,0.3,balanced
1781386331286.4202,0.4,0.3,0.3,600.563579277865,618.1111111111111,0.120112715855573,337.0710180623974,370.90311986863713,0.021819280724642922,0.9999999999999998,1.0,0.9999999999999998,44,8,2.245409129440378,0,2.245409129440378,False,False,False,True,0,649,8,0.4,0.3,0.3,balanced
1781386333999.779,0.4,0.3,0.3,597.2370486656201,614.2222222222222,0.11944740973312402,268.66174055829225,306.9567597153804,0.017255619783741977,0.9999999999999998,1.0,0.9999999999999998,46,8,2.2470443501716275,0,2.2470443501716275,False,False,False,True,0,650,8,0.4,0.3,0.3,balanced
1781386336713.876,0.4,0.3,0.3,597.0816326530612,613.0,0.11941632653061224,330.3544061302682,370.9469074986316,0.02137120788060495,0.9999999999999998,1.0,0.9999999999999998,47,8,2.2458221070235735,0,2.2458221070235735,False,False,False,True,0,651,8,0.4,0.3,0.3,balanced
1781386343030.277,0.4,0.3,0.3,593.9764521193093,609.3333333333334,0.11879529042386186,312.3371647509578,358.72331691297205,0.020169257154833743,0.9999999999999998,1.0,0.9999999999999998,49,8,2.246431106684005,0,2.246431106684005,False,False,False,True,0,652,8,0.4,0.3,0.3,balanced
1781386345655.243,0.4,0.3,0.3,594.1287284144427,609.6666666666666,0.11882574568288853,378.81370686926243,440.23108578664136,0.024603983113359734,0.9999999999999998,1.0,0.9999999999999998,50,8,2.2450885067928366,0,2.2450885067928366,False,False,False,True,0,653,8,0.4,0.3,0.3,balanced
1781386348280.582,0.4,0.3,0.3,591.1758241758241,606.6666666666666,0.11823516483516483,331.1182336182336,397.41215574548914,0.021422163683671353,0.9999999999999998,1.0,0.9999999999999998,52,8,2.2462792849608326,0,2.2462792849608326,False,False,False,True,0,654,8,0.4,0.3,0.3,balanced
1781386350898.275,0.4,0.3,0.3,592.1130298273155,606.4444444444445,0.1184226059654631,379.8559670781893,462.55144032921805,0.024673513480866528,0.9999999999999998,1.0,0.9999999999999998,53,8,2.2452289035695547,0,2.2452289035695547,False,False,False,True,0,655,8,0.4,0.3,0.3,balanced
1781386389534.348,0.4,0.3,0.3,590.4395604395604,604.4444444444445,0.11808791208791208,402.46359607470714,488.7543526432416,0.026181694201114554,0.9939531368102794,0.9958847736625513,0.9939531368102794,55,8,2.2430962679475845,0,2.2430962679475845,False,False,False,True,1,656,8,0.4,0.3,0.3,balanced
1781386392152.8772,0.4,0.3,0.3,588.0753532182102,602.1111111111111,0.11761507064364204,382.7829218106996,463.50823045267487,0.024868773970026656,0.9999999999999998,1.0,0.9999999999999998,56,8,2.245493339551535,0,2.245493339551535,False,False,False,True,0,657,8,0.4,0.3,0.3,balanced
1781386394776.978,0.4,0.3,0.3,588.7189952904238,602.1111111111111,0.11774379905808476,471.29997060552614,570.8788947677837,0.030773847271883,0.9999999999999998,1.0,0.9999999999999998,58,8,2.2436703261952013,0,2.2436703261952013,False,False,False,True,0,658,8,0.4,0.3,0.3,balanced
1781386397390.742,0.4,0.3,0.3,586.4395604395604,600.0,0.11728791208791209,415.85537918871256,514.075543797766,0.02707507532946715,0.9999999999999998,1.0,0.9999999999999998,59,8,2.244962312565995,0,2.244962312565995,False,False,False,True,0,659,8,0.4,0.3,0.3,balanced
1781386400012.857,0.4,0.3,0.3,586.6640502354788,599.1111111111111,0.11733281004709577,406.6960611405056,515.789241622575,0.026464046773882963,0.9999999999999998,1.0,0.9999999999999998,61,8,2.2451276619489966,0,2.2451276619489966,False,False,False,True,0,660,8,0.4,0.3,0.3,balanced
1781386402826.497,0.4,0.3,0.3,580.9010989010989,593.5555555555555,0.11618021978021978,609.7334229390681,869.5150089605736,0.04000890079646885,0.8553704360155973,0.899641577060932,0.8553704360155973,64,8,2.1981363726536505,0,2.1981363726536505,False,False,False,True,0,661,8,0.4,0.3,0.3,balanced
1781386405443.75,0.4,0.3,0.3,580.5023547880689,592.5555555555555,0.11610047095761379,512.2156084656084,598.5185185185185,0.033503376148472874,0.9999999999999998,1.0,0.9999999999999998,65,8,2.2435087987724125,0,2.2435087987724125,False,False,False,True,0,662,8,0.4,0.3,0.3,balanced
1781386408060.896,0.4,0.3,0.3,579.1397174254316,590.5555555555555,0.11582794348508632,479.3540564373898,558.9182833627278,0.031311144525509656,0.9999999999999998,1.0,0.9999999999999998,67,8,2.2442754792483126,0,2.2442754792483126,False,False,False,True,0,663,8,0.4,0.3,0.3,balanced
1781386414258.7969,0.4,0.3,0.3,579.2527472527472,590.5555555555555,0.11585054945054944,503.3825690770135,570.4409171075838,0.03291411401447722,0.9999999999999998,1.0,0.9999999999999998,68,8,2.2437855460154372,0,2.2437855460154372,False,False,False,True,0,664,8,0.4,0.3,0.3,balanced
1781386417080.852,0.4,0.3,0.3,495.4646781789639,534.0,0.09909293563579277,408.5742607526881,449.6235065710872,0.026589343612587597,0.8347090697321111,0.8853046594982079,0.8347090697321111,67,8,2.20279874358154,1,2.20279874358154,False,False,False,True,0,665,8,0.4,0.3,0.3,balanced
1781386419696.7249,0.4,0.3,0.3,581.9403453689168,593.7777777777778,0.11638806907378337,462.6381540270429,562.2604350382128,0.03019600760687411,0.9999999999999998,1.0,0.9999999999999998,65,8,2.2443859700884246,1,2.2443859700884246,False,False,False,True,0,666,8,0.4,0.3,0.3,balanced
1781386423024.631,0.4,0.3,0.3,389.88540031397173,395.77777777777777,0.07797708006279434,290.7723577235772,343.2520325203252,0.018730644277756985,0.6703296703296704,0.6666666666666666,0.6703296703296704,64,8,2.164288875790456,1,2.164288875790456,False,False,False,True,0,667,8,0.4,0.3,0.3,balanced
1781386425650.076,0.4,0.3,0.3,584.3328100470958,597.5555555555555,0.11686656200941915,449.2269253380364,528.4803057025279,0.029301329242030445,0.9999999999999998,1.0,0.9999999999999998,61,8,2.2444629764236232,1,2.2444629764236232,False,False,False,True,0,668,8,0.4,0.3,0.3,balanced
1781386428275.468,0.4,0.3,0.3,585.6703296703297,598.4444444444445,0.11713406593406595,510.59670781893,619.4238683127572,0.033395377439555035,0.9999999999999998,1.0,0.9999999999999998,59,8,2.2431277603945072,1,2.2431277603945072,False,False,False,True,0,669,8,0.4,0.3,0.3,balanced
1781386430896.479,0.4,0.3,0.3,584.4379905808477,596.6666666666666,0.11688759811616953,420.6819517930629,510.8759553203997,0.027397061493866774,0.9999999999999998,1.0,0.9999999999999998,59,8,2.245025842305372,2,2.245025842305372,False,False,False,True,0,670,8,0.4,0.3,0.3,balanced
1781386433515.403,0.4,0.3,0.3,584.204081632653,597.2222222222222,0.11684081632653061,438.93151087595527,523.3098177542621,0.028614510398662793,0.9999999999999998,1.0,0.9999999999999998,61,8,2.244679320349789,0,2.244679320349789,False,False,False,True,0,671,8,0.4,0.3,0.3,balanced
1781386436238.821,0.4,0.3,0.3,592.6153846153846,603.1111111111111,0.11852307692307693,579.8156763769789,729.5820916702143,0.03801305379432814,0.9906349807827639,0.9923371647509579,0.9906349807827639,59,8,2.2383773473273,1,2.2383773473273,False,False,False,True,0,672,8,0.4,0.3,0.3,balanced
1781386474881.5132,0.4,0.3,0.3,583.563579277865,596.2222222222222,0.116712715855573,420.8994708994708,520.674603174603,0.02741157244159245,0.9999999999999998,1.0,0.9999999999999998,61,8,2.245091441925293,0,2.245091441925293,False,False,False,True,1,673,8,0.4,0.3,0.3,balanced
1781386477493.646,0.4,0.3,0.3,584.1350078492935,597.3333333333334,0.1168270015698587,443.1305114638448,530.8259847148736,0.028894630517934942,0.9999999999999998,1.0,0.9999999999999998,59,8,2.244600810216676,1,2.244600810216676,False,False,False,True,0,674,8,0.4,0.3,0.3,balanced
1781386480105.0479,0.4,0.3,0.3,586.098901098901,599.1111111111111,0.1172197802197802,451.1388097499208,573.1829692940804,0.02942887323214949,0.9999999999999998,1.0,0.9999999999999998,58,8,2.244283425942443,1,2.244283425942443,False,False,False,True,0,675,8,0.4,0.3,0.3,balanced
1781386486305.785,0.4,0.3,0.3,585.4756671899528,598.7777777777778,0.11709513343799055,394.6369782480893,488.2833627278072,0.025659571597604357,0.9999999999999998,1.0,0.9999999999999998,59,8,2.2454640751455224,0,2.2454640751455224,False,False,False,True,0,676,8,0.4,0.3,0.3,balanced
1781386488918.127,0.4,0.3,0.3,586.5117739403453,600.3333333333334,0.11730235478806905,462.741769547325,556.8489124044679,0.030202919916432622,0.9999999999999998,1.0,0.9999999999999998,58,8,2.2440181821098424,1,2.2440181821098424,False,False,False,True,0,677,8,0.4,0.3,0.3,balanced
1781386491538.783,0.4,0.3,0.3,589.0251177394034,602.3333333333334,0.11780502354788068,413.8271604938271,515.0617283950619,0.02693977054661955,0.9999999999999998,1.0,0.9999999999999998,56,8,2.2447960594168617,1,2.2447960594168617,False,False,False,True,0,678,8,0.4,0.3,0.3,balanced
1781386494156.317,0.4,0.3,0.3,588.2354788069075,601.4444444444445,0.1176470957613815,387.40446796002345,475.02645502645504,0.02517708258572538,0.9999999999999998,1.0,0.9999999999999998,56,8,2.2453880369197297,2,2.2453880369197297,False,False,False,True,0,679,8,0.4,0.3,0.3,balanced
1781386496778.604,0.4,0.3,0.3,590.3940345368916,604.2222222222222,0.11807880690737832,353.33186360964135,443.7007642563198,0.022904060280829978,0.9999999999999998,1.0,0.9999999999999998,55,8,2.2458972591527995,1,2.2458972591527995,False,False,False,True,0,680,8,0.4,0.3,0.3,balanced
1781386499400.367,0.4,0.3,0.3,591.6389324960753,606.4444444444445,0.11832778649921506,347.4881291547958,430.2025957581513,0.02251421808904575,0.9999999999999998,1.0,0.9999999999999998,53,8,2.2459146199736,1,2.2459146199736,False,False,False,True,0,681,8,0.4,0.3,0.3,balanced
1781386502023.256,0.4,0.3,0.3,590.5494505494505,605.2222222222222,0.1181098901098901,335.2611585944919,383.9981006647674,0.021698542934922745,0.9999999999999998,1.0,0.9999999999999998,52,8,2.246246481075567,1,2.246246481075567,False,False,False,True,0,682,8,0.4,0.3,0.3,balanced
1781386540661.8398,0.4,0.3,0.3,595.9952904238618,610.7777777777778,0.11919905808477235,321.40550807217465,398.8603988603989,0.020774216682600044,0.9999999999999998,1.0,0.9999999999999998,50,8,2.246088111761311,1,2.246088111761311,False,False,False,True,1,683,8,0.4,0.3,0.3,balanced
1781386543281.905,0.4,0.3,0.3,595.0125588697017,610.5555555555555,0.11900251177394035,345.0395694840139,416.5194681861349,0.02235087188018772,0.9999999999999998,1.0,0.9999999999999998,49,8,2.2456937337263674,1,2.2456937337263674,False,False,False,True,0,684,8,0.4,0.3,0.3,balanced
1781386545999.4111,0.4,0.3,0.3,597.2951334379906,613.8888888888889,0.11945902668759811,305.16313932980603,363.0717225161669,0.019690669735143832,0.9999999999999998,1.0,0.9999999999999998,47,8,2.2463091884044175,1,2.2463091884044175,False,False,False,True,0,685,8,0.4,0.3,0.3,balanced
1781386548723.888,0.4,0.3,0.3,595.2323390894819,610.6666666666666,0.11904646781789638,356.4443076081007,415.3817733990148,0.023111694970520395,0.9999999999999998,1.0,0.9999999999999998,49,8,2.245447904381685,0,2.245447904381685,False,False,False,True,0,686,8,0.4,0.3,0.3,balanced
1781386551447.5242,0.4,0.3,0.3,597.0188383045527,612.7777777777778,0.11940376766091053,338.61111111111114,420.3968253968254,0.021922022088799942,0.9999999999999998,1.0,0.9999999999999998,47,8,2.2456618863089957,1,2.2456618863089957,False,False,False,True,0,687,8,0.4,0.3,0.3,balanced
1781386557744.118,0.4,0.3,0.3,597.2857142857142,614.3333333333334,0.11945714285714285,334.62301587301585,395.9920634920635,0.02165597170600506,0.9999999999999998,1.0,0.9999999999999998,46,8,2.245720351345341,1,2.245720351345341,False,False,False,True,0,688,8,0.4,0.3,0.3,balanced
1781386560460.765,0.4,0.3,0.3,599.8775510204082,617.1111111111111,0.11997551020408163,304.2952928297755,363.06376573617956,0.019632774705121783,0.9999999999999998,1.0,0.9999999999999998,44,8,2.246119963506831,1,2.246119963506831,False,False,False,True,0,689,8,0.4,0.3,0.3,balanced
1781386563182.3562,0.4,0.3,0.3,601.1664050235479,619.2222222222222,0.12023328100470958,318.68606701940035,385.8994708994709,0.020592799667738516,0.9999999999999998,1.0,0.9999999999999998,43,8,2.2457288476977944,1,2.2457288476977944,False,False,False,True,0,690,8,0.4,0.3,0.3,balanced
1781386565900.296,0.4,0.3,0.3,601.9905808477237,619.3333333333334,0.12039811616954474,321.72276956759714,396.8582375478927,0.020795381558879063,0.9999999999999998,1.0,0.9999999999999998,44,8,2.2456021390645184,0,2.2456021390645184,False,False,False,True,0,691,8,0.4,0.3,0.3,balanced
1781386568621.5361,0.4,0.3,0.3,603.607535321821,622.0,0.12072150706436421,327.2383891828336,384.2915931804821,0.021163334835412516,0.9999999999999998,1.0,0.9999999999999998,43,8,2.2453623967236305,1,2.2453623967236305,False,False,False,True,0,692,8,0.4,0.3,0.3,balanced
1781386571344.1729,0.4,0.3,0.3,600.3312401883829,617.7777777777778,0.12006624803767658,316.8533215755438,378.0908289241622,0.020470535128455224,0.9999999999999998,1.0,0.9999999999999998,44,8,2.245832340246393,0,2.245832340246393,False,False,False,True,0,693,8,0.4,0.3,0.3,balanced
1781386574766.46,0.4,0.3,0.3,350.88383045525893,426.6666666666667,0.07017676609105179,220.70815589108273,231.06529874822556,0.014056581447036873,0.5577857516633027,0.6640211640211641,0.5577857516633027,43,8,2.135048044628459,1,2.135048044628459,False,False,False,True,0,694,8,0.4,0.3,0.3,balanced
1781386577488.728,0.4,0.3,0.3,605.1883830455259,623.0,0.1210376766091052,313.0379188712522,372.97619047619054,0.02021600526159121,0.9999999999999998,1.0,0.9999999999999998,41,8,2.2455201277778807,1,2.2455201277778807,False,False,False,True,0,695,8,0.4,0.3,0.3,balanced
1781386580213.29,0.4,0.3,0.3,605.8649921507064,625.2222222222222,0.12117299843014127,293.75220458553787,357.04144620811286,0.018929433261209997,0.9999999999999998,1.0,0.9999999999999998,40,8,2.2458519706495803,1,2.2458519706495803,False,False,False,True,0,696,8,0.4,0.3,0.3,balanced
1781386582932.878,0.4,0.3,0.3,607.1020408163265,627.5555555555555,0.1214204081632653,283.26425631981186,337.8777189888301,0.018229770268166235,0.9999999999999998,1.0,0.9999999999999998,38,8,2.245962905654244,1,2.245962905654244,False,False,False,True,0,697,8,0.4,0.3,0.3,balanced
1781386585657.217,0.4,0.3,0.3,611.6200941915228,632.2222222222222,0.12232401883830456,286.7988287432732,351.4070908515353,0.01846556562663597,0.9999999999999998,1.0,0.9999999999999998,37,8,2.2455307227766874,1,2.2455307227766874,False,False,False,True,0,698,8,0.4,0.3,0.3,balanced
1781386592168.05,0.4,0.3,0.3,573.0376766091051,558.1111111111111,0.11460753532182102,227.94059886499403,278.5303166069295,0.01453906596831181,0.9419152276295131,0.8888888888888888,0.9419152276295131,35,8,2.232369834369632,1,2.232369834369632,False,False,False,True,0,699,8,0.4,0.3,0.3,balanced
1781386594891.3938,0.4,0.3,0.3,611.4835164835165,631.7777777777778,0.1222967032967033,234.03586125808343,284.9823633156966,0.014945687875789421,0.9999999999999998,1.0,0.9999999999999998,37,8,2.246597612318582,0,2.246597612318582,False,False,False,True,0,700,8,0.4,0.3,0.3,balanced
1781386597715.404,0.4,0.3,0.3,618.3516483516484,639.7777777777778,0.12367032967032968,239.15093048713734,309.34044882320745,0.015286919979128575,0.9999999999999998,1.0,0.9999999999999998,35,8,2.2459457921381296,1,2.2459457921381296,False,False,False,True,0,701,8,0.4,0.3,0.3,balanced
1781386600540.683,0.4,0.3,0.3,617.4929356357927,640.0,0.12349858712715854,242.10454296661192,298.5933223864258,0.015483958836998794,0.9999999999999998,1.0,0.9999999999999998,34,8,2.2459553774980368,1,2.2459553774980368,False,False,False,True,0,702,8,0.4,0.3,0.3,balanced
1781386603365.526,0.4,0.3,0.3,622.3924646781788,646.5555555555555,0.12447849293563577,242.91666666666669,287.19135802469134,0.015538136535468091,0.9999999999999998,1.0,0.9999999999999998,32,8,2.245547161865105,1,2.245547161865105,False,False,False,True,0,703,8,0.4,0.3,0.3,balanced
1781386606188.411,0.4,0.3,0.3,628.61852433281,655.1111111111111,0.125723704866562,223.22089947089944,265.90241034685477,0.014224209437685086,0.9999999999999998,1.0,0.9999999999999998,29,8,2.2454432552220696,1,2.2454432552220696,False,False,False,True,0,704,8,0.4,0.3,0.3,balanced
1781386609008.462,0.4,0.3,0.3,619.6232339089481,643.6666666666666,0.12392464678178962,224.46281599059375,253.40828924162255,0.014307059105443212,0.9999999999999998,1.0,0.9999999999999998,32,8,2.246138023555651,0,2.246138023555651,False,False,False,True,0,705,8,0.4,0.3,0.3,balanced
1781386611822.433,0.4,0.3,0.3,629.2354788069073,655.2222222222222,0.12584709576138145,205.14917695473247,254.86331569664904,0.013018624213124247,0.9999999999999998,1.0,0.9999999999999998,29,8,2.2457555744315103,1,2.2457555744315103,False,False,False,True,0,706,8,0.4,0.3,0.3,balanced
1781386614849.394,0.4,0.3,0.3,536.2621664050235,586.5555555555555,0.10725243328100471,204.31059587813618,225.18033154121864,0.012962681512884336,0.8398744113029827,0.8888888888888888,0.8398744113029827,32,8,2.2051725456246274,0,2.2051725456246274,False,False,False,True,0,707,8,0.4,0.3,0.3,balanced
1781386617668.045,0.4,0.3,0.3,623.0470957613815,647.5555555555555,0.12460941915227629,230.83333333333331,278.7698412698413,0.014732043584611961,0.9999999999999998,1.0,0.9999999999999998,32,8,2.245736619263706,2,2.245736619263706,False,False,False,True,0,708,8,0.4,0.3,0.3,balanced
1781386620482.5261,0.4,0.3,0.3,630.3830455259025,656.3333333333334,0.1260766091051805,171.6144914756026,202.67930629041743,0.010781487089766685,0.9999999999999998,1.0,0.9999999999999998,29,8,2.2463349102309977,1,2.2463349102309977,False,False,False,True,0,709,8,0.4,0.3,0.3,balanced
1781386623294.857,0.4,0.3,0.3,632.8963893249608,660.0,0.12657927786499215,225.96707818930042,259.34156378600824,0.014407410152721843,0.9999999999999998,1.0,0.9999999999999998,28,8,2.2450460658081863,1,2.2450460658081863,False,False,False,True,0,710,8,0.4,0.3,0.3,balanced
1781386629690.15,0.4,0.3,0.3,640.9293563579278,670.3333333333334,0.12818587127158554,187.67619499841723,236.48490028490025,0.011852981654330703,0.993841323511653,0.9957264957264957,0.993841323511653,26,8,2.2433221540485624,1,2.2433221540485624,False,False,False,True,0,711,8,0.4,0.3,0.3,balanced
1781386632615.406,0.4,0.3,0.3,646.3343799058085,676.5555555555555,0.1292668759811617,153.59126984126985,195.19841269841268,0.009579137414360898,0.9999999999999998,1.0,0.9999999999999998,25,8,2.245419508383227,1,2.245419508383227,False,False,False,True,0,712,8,0.4,0.3,0.3,balanced
1781386635535.1729,0.4,0.3,0.3,654.7362637362637,687.7777777777778,0.13094725274725275,148.76690182245738,184.9588477366255,0.009257298320377411,0.9999999999999998,1.0,0.9999999999999998,23,8,2.2448439094049855,1,2.2448439094049855,False,False,False,True,0,713,8,0.4,0.3,0.3,balanced
1781386638462.392,0.4,0.3,0.3,659.2935635792778,693.6666666666666,0.13185871271585556,142.96369782480892,173.831569664903,0.008870159961628347,0.9999999999999998,1.0,0.9999999999999998,22,8,2.244595466925169,1,2.244595466925169,False,False,False,True,0,714,8,0.4,0.3,0.3,balanced
1781386641485.6829,0.4,0.3,0.3,671.2794348508633,708.5555555555555,0.13425588697017266,127.96516754850089,156.20811287477954,0.007869590897164836,0.9999999999999998,1.0,0.9999999999999998,20,8,2.2439367679427815,1,2.2439367679427815,False,False,False,True,0,715,8,0.4,0.3,0.3,balanced
1781386644509.787,0.4,0.3,0.3,677.4756671899529,716.8888888888889,0.13549513343799058,125.9722222222222,160.95238095238096,0.0077366392409754636,0.9999999999999998,1.0,0.9999999999999998,19,8,2.243480954852511,1,2.243480954852511,False,False,False,True,0,716,8,0.4,0.3,0.3,balanced
1781386647534.51,0.4,0.3,0.3,693.3610675039246,737.2222222222222,0.1386722135007849,115.72016460905351,151.44032921810697,0.00705271278245854,0.9999999999999998,1.0,0.9999999999999998,17,8,2.2424153007649483,1,2.2424153007649483,False,False,False,True,0,717,8,0.4,0.3,0.3,balanced
1781386650649.1821,0.4,0.3,0.3,701.6813186813187,748.1111111111111,0.14033626373626373,92.99235743680188,115.47912992357436,0.0055365148390128,0.9999999999999998,1.0,0.9999999999999998,16,8,2.2422045400537907,1,2.2422045400537907,False,False,False,True,0,718,8,0.4,0.3,0.3,balanced
1781386653773.741,0.4,0.3,0.3,701.8304552590266,749.0,0.14036609105180534,117.19316691538913,150.36630036630035,0.007150978446657047,0.9958718530147099,0.9958847736625513,0.9958718530147099,16,8,2.2404698259496936,2,2.2404698259496936,False,False,False,True,0,719,8,0.4,0.3,0.3,balanced
1781386656999.4011,0.4,0.3,0.3,725.3390894819465,778.7777777777778,0.1450678178963893,113.55746619635507,139.6957671957672,0.006908436704226488,0.9999999999999998,1.0,0.9999999999999998,14,8,2.239900341830176,1,2.239900341830176,False,False,False,True,0,720,8,0.4,0.3,0.3,balanced
1781386664116.941,0.4,0.3,0.3,735.1475667189953,792.1111111111111,0.14702951334379907,286.4877011736594,317.8602619064352,0.018444809951544988,0.9296685252350274,0.9097062579821201,0.9296685252350274,13,8,2.214555309247525,1,2.214555309247525,False,False,False,True,0,721,8,0.4,0.3,0.3,balanced
1781386667742.804,0.4,0.3,0.3,688.076923076923,782.3333333333334,0.13761538461538458,78.11409796893668,93.363201911589,0.004543969177380699,0.8398744113029826,0.8888888888888888,0.8398744113029826,11,8,2.1955529787915267,1,2.1955529787915267,False,False,False,True,0,722,8,0.4,0.3,0.3,balanced
1781386671268.741,0.4,0.3,0.3,797.1459968602826,872.5555555555555,0.15942919937205652,88.89844209288654,114.75161669606115,0.005263405076243265,0.9999999999999998,1.0,0.9999999999999998,10,8,2.2346492987283044,1,2.2346492987283044,False,False,False,True,0,723,8,0.4,0.3,0.3,balanced
1781386674682.863,0.4,0.3,0.3,775.302982731554,843.2222222222222,0.1550605965463108,90.87448559670781,122.52057613168725,0.0053952291925755715,0.9999999999999998,1.0,0.9999999999999998,11,8,2.236357192623703,0,2.236357192623703,False,False,False,True,0,724,8,0.4,0.3,0.3,balanced
1781386678211.226,0.4,0.3,0.3,796.6452119309262,871.1111111111111,0.15932904238618523,101.12286890064668,122.73074661963551,0.006078910533732267,0.9999999999999998,1.0,0.9999999999999998,10,8,2.2344447098854063,1,2.2344447098854063,False,False,False,True,0,725,8,0.4,0.3,0.3,balanced
1781386681634.196,0.4,0.3,0.3,775.0156985871271,843.2222222222222,0.1550031397174254,88.96384479717811,119.401822457378,0.005267768165255378,0.9999999999999998,1.0,0.9999999999999998,11,8,2.2364184136634533,0,2.2364184136634533,False,False,False,True,0,726,8,0.4,0.3,0.3,balanced
1781386684849.16,0.4,0.3,0.3,738.120879120879,796.0,0.14762417582417578,124.60430515986071,161.43083254194366,0.007645383933279568,0.9958718530147099,0.9958847736625513,0.9958718530147099,13,8,2.237418270394759,0,2.237418270394759,False,False,False,True,0,727,8,0.4,0.3,0.3,balanced
1781386688071.069,0.4,0.3,0.3,722.6373626373626,776.4444444444445,0.14452747252747253,157.2251616696061,194.6487360376249,0.009821558483629493,0.9999999999999998,1.0,0.9999999999999998,14,8,2.2392425434439223,0,2.2392425434439223,False,False,False,True,0,728,8,0.4,0.3,0.3,balanced
1781386691196.056,0.4,0.3,0.3,699.1004709576138,746.4444444444445,0.13982009419152275,209.9911816578483,255.83333333333334,0.013341639870436845,0.9999999999999998,1.0,0.9999999999999998,16,8,2.24006947036226,0,2.24006947036226,False,False,False,True,0,729,8,0.4,0.3,0.3,balanced
1781386694521.291,0.4,0.3,0.3,601.2904238618523,645.8888888888889,0.12025808477237046,130.50067204301072,166.53449820788532,0.00803873729439698,0.8885400313971742,0.8888888888888888,0.8885400313971742,17,8,2.216047154321885,0,2.216047154321885,False,False,False,True,0,730,8,0.4,0.3,0.3,balanced
1781386701111.0881,0.4,0.3,0.3,676.5682888540031,716.4444444444445,0.13531365777080062,161.31172839506172,192.9379776601999,0.010094178011678567,0.9999999999999998,1.0,0.9999999999999998,19,8,2.242846283488176,0,2.242846283488176,False,False,False,True,0,731,8,0.4,0.3,0.3,balanced
1781386704128.813,0.4,0.3,0.3,667.8775510204081,705.8888888888889,0.13357551020408162,211.42416225749554,249.2372134038801,0.013437235640926987,0.9999999999999998,1.0,0.9999999999999998,20,8,2.2425386252260893,0,2.2425386252260893,False,False,False,True,0,732,8,0.4,0.3,0.3,balanced
1781386707051.0718,0.4,0.3,0.3,657.3186813186812,692.3333333333334,0.13146373626373625,166.0386424275313,202.9855740966852,0.01040951583906146,0.9939531368102794,0.9958847736625513,0.9939531368102794,22,8,2.242477591785871,0,2.242477591785871,False,False,False,True,0,733,8,0.4,0.3,0.3,balanced
1781386709970.4949,0.4,0.3,0.3,653.9419152276294,687.2222222222222,0.13078838304552587,156.68136390358612,187.11787184009407,0.009785281114315285,0.9999999999999998,1.0,0.9999999999999998,23,8,2.244749062447495,0,2.244749062447495,False,False,False,True,0,734,8,0.4,0.3,0.3,balanced
1781386712791.411,0.4,0.3,0.3,645.7174254317111,676.2222222222222,0.12914348508634224,186.8423551756885,222.33618233618233,0.01179735524854493,0.9999999999999998,1.0,0.9999999999999998,25,8,2.2448033993908996,0,2.2448033993908996,False,False,False,True,0,735,8,0.4,0.3,0.3,balanced
1781386715714.467,0.4,0.3,0.3,642.1475667189952,671.4444444444445,0.12842951334379904,183.28224776500633,220.9459952563401,0.011559856421948388,0.9944784279759648,0.9961685823754789,0.9944784279759648,26,8,2.2435037661286854,0,2.2435037661286854,False,False,False,True,0,736,8,0.4,0.3,0.3,balanced
1781386754565.398,0.4,0.3,0.3,634.2700156985871,661.0,0.12685400313971743,197.79835390946502,236.6255144032922,0.012528242422245832,0.9999999999999998,1.0,0.9999999999999998,28,8,2.2454999260174393,0,2.2454999260174393,False,False,False,True,1,737,8,0.4,0.3,0.3,balanced
1781386757390.579,0.4,0.3,0.3,629.8351648351648,656.3333333333334,0.12596703296703296,238.370076425632,281.38300999412115,0.015234828313918078,0.9999999999999998,1.0,0.9999999999999998,29,8,2.2450427383190115,0,2.2450427383190115,False,False,False,True,0,738,8,0.4,0.3,0.3,balanced
1781386760203.968,0.4,0.3,0.3,631.0313971742544,659.0,0.12620627943485088,206.24723013611904,256.9732736399403,0.01309187659347025,0.9958718530147099,0.9958847736625513,0.9958718530147099,28,8,2.2443514811524317,1,2.2443514811524317,False,False,False,True,0,739,8,0.4,0.3,0.3,balanced
1781386763026.356,0.4,0.3,0.3,628.320251177394,655.2222222222222,0.1256640502354788,189.80673133450907,228.80658436213992,0.0119951121637431,0.9999999999999998,1.0,0.9999999999999998,29,8,2.2461358462566854,0,2.2461358462566854,False,False,False,True,0,740,8,0.4,0.3,0.3,balanced
1781386765846.216,0.4,0.3,0.3,622.5667189952904,646.5555555555555,0.12451334379905808,216.42446633825944,258.2799671592775,0.013770811630304166,0.9999999999999998,1.0,0.9999999999999998,32,8,2.2460634189912856,0,2.2460634189912856,False,False,False,True,0,741,8,0.4,0.3,0.3,balanced
1781386772152.54,0.4,0.3,0.3,617.9262166405022,640.3333333333334,0.12358524332810043,215.0411522633745,262.3045267489712,0.013678529170338526,0.9999999999999998,1.0,0.9999999999999998,34,8,2.246462343917658,0,2.246462343917658,False,False,False,True,0,742,8,0.4,0.3,0.3,balanced
1781386774873.973,0.4,0.3,0.3,623.4772370486656,647.7777777777778,0.12469544740973312,232.0307059195948,294.2260208926876,0.014811921675756824,0.9999999999999998,1.0,0.9999999999999998,32,8,2.2456782445333796,1,2.2456782445333796,False,False,False,True,0,743,8,0.4,0.3,0.3,balanced
1781386777588.237,0.4,0.3,0.3,619.0596546310832,641.4444444444445,0.12381193092621663,221.8273187717632,278.5058562836341,0.014131242079503883,0.9999999999999998,1.0,0.9999999999999998,34,8,2.2462358550056623,0,2.2462358550056623,False,False,False,True,0,744,8,0.4,0.3,0.3,balanced
1781386780308.517,0.4,0.3,0.3,614.2668759811618,636.0,0.12285337519623235,242.16049382716048,293.9094650205762,0.01548769138273252,0.9999999999999998,1.0,0.9999999999999998,35,8,2.2462123425066873,0,2.2462123425066873,False,False,False,True,0,745,8,0.4,0.3,0.3,balanced
1781386783025.117,0.4,0.3,0.3,617.0973312401884,639.7777777777778,0.12341946624803768,243.84773662551441,296.87242798353907,0.015600249274550662,0.9999999999999998,1.0,0.9999999999999998,34,8,2.24595213871842,1,2.24595213871842,False,False,False,True,0,746,8,0.4,0.3,0.3,balanced
1781386785739.479,0.4,0.3,0.3,617.3642072213501,639.3333333333334,0.12347284144427001,211.00823045267487,257.9012345679012,0.013409488355748823,0.9999999999999998,1.0,0.9999999999999998,35,8,2.246588016915567,0,2.246588016915567,False,False,False,True,0,747,8,0.4,0.3,0.3,balanced
1781386788455.545,0.4,0.3,0.3,612.1334379905808,633.3333333333334,0.12242668759811616,250.80393885949442,308.9756025867137,0.016064305460940256,0.9999999999999998,1.0,0.9999999999999998,37,8,2.2462100333224715,0,2.2462100333224715,False,False,False,True,0,748,8,0.4,0.3,0.3,balanced
1781386791179.858,0.4,0.3,0.3,611.4160125588696,631.1111111111111,0.12228320251177392,221.83291502735946,262.55087505087505,0.014131615412098697,0.99587185301471,0.9958847736625513,0.99587185301471,38,8,2.2456087902760737,0,2.2456087902760737,False,False,False,True,0,749,8,0.4,0.3,0.3,balanced
1781386794101.28,0.4,0.3,0.3,524.2967032967032,571.4444444444445,0.10485934065934063,221.27240143369175,235.9856630824373,0.014094222910853353,0.8398744113029826,0.8888888888888888,0.8398744113029826,37,8,2.2057903202539024,1,2.2057903202539024,False,False,False,True,0,750,8,0.4,0.3,0.3,balanced
1781386796822.7861,0.4,0.3,0.3,613.828885400314,636.0,0.1227657770800628,266.0462171573283,321.21874010762895,0.01708113523397787,0.9999999999999998,1.0,0.9999999999999998,35,8,2.2457693485977814,1,2.2457693485977814,False,False,False,True,0,751,8,0.4,0.3,0.3,balanced
1781386799542.479,0.4,0.3,0.3,610.6938775510204,631.2222222222222,0.12213877551020408,291.955467372134,355.135214579659,0.018809570872056973,0.9999999999999998,1.0,0.9999999999999998,37,8,2.245501618534301,0,2.245501618534301,False,False,False,True,0,752,8,0.4,0.3,0.3,balanced
1781386802667.461,0.4,0.3,0.3,433.71899529042383,509.0,0.08674379905808477,240.4878618113912,261.5845004668534,0.015376108192888005,0.6766091051805337,0.7777777777777778,0.6766091051805337,38,8,2.1636723794730597,0,2.1636723794730597,False,False,False,True,0,753,8,0.4,0.3,0.3,balanced
1781386808968.2231,0.4,0.3,0.3,605.1240188383046,624.3333333333334,0.12102480376766091,357.00249853027634,439.2034097589653,0.02314893252370089,0.9999999999999998,1.0,0.9999999999999998,40,8,2.2446453987358255,0,2.2446453987358255,False,False,False,True,0,754,8,0.4,0.3,0.3,balanced
1781386811681.767,0.4,0.3,0.3,604.6138147566719,624.0,0.12092276295133438,285.25352733686066,344.7589653145209,0.018362476806995372,0.9999999999999998,1.0,0.9999999999999998,41,8,2.2461221517773677,0,2.2461221517773677,False,False,False,True,0,755,8,0.4,0.3,0.3,balanced
1781386814403.874,0.4,0.3,0.3,601.0470957613815,619.4444444444445,0.12020941915227629,322.9761904761904,385.8730158730159,0.02087899869754439,0.9999999999999998,1.0,0.9999999999999998,43,8,2.2456525327298262,0,2.2456525327298262,False,False,False,True,0,756,8,0.4,0.3,0.3,balanced
1781386817125.0662,0.4,0.3,0.3,599.0408163265306,616.6666666666666,0.11980816326530612,350.22372742200326,413.6617405582923,0.022696712970113626,0.9999999999999998,1.0,0.9999999999999998,44,8,2.2452677208028433,0,2.2452677208028433,False,False,False,True,0,757,8,0.4,0.3,0.3,balanced
1781386819947.22,0.4,0.3,0.3,600.4678178963893,618.4444444444445,0.12009356357927786,500.5,480.8888888888889,0.032721814543028686,0.9508513464557418,0.9059829059829059,0.9508513464557418,43,8,2.2274014341421027,1,2.2274014341421027,False,False,False,True,0,758,8,0.4,0.3,0.3,balanced
1781386822669.2742,0.4,0.3,0.3,600.4631083202511,618.1111111111111,0.12009262166405021,344.5108100711549,419.46223316912966,0.02231559773656804,0.9999999999999998,1.0,0.9999999999999998,44,8,2.2452682720134094,0,2.2452682720134094,False,False,False,True,0,759,8,0.4,0.3,0.3,balanced
1781386825392.967,0.4,0.3,0.3,597.2307692307692,614.2222222222222,0.11944615384615384,393.2984400656814,444.7331691297208,0.02557027618850443,0.9999999999999998,1.0,0.9999999999999998,46,8,2.244550455604987,0,2.244550455604987,False,False,False,True,0,760,8,0.4,0.3,0.3,balanced
1781386828015.5598,0.4,0.3,0.3,596.083202511774,612.3333333333334,0.1192166405023548,307.54827477049696,384.556821779044,0.019849784841260636,0.9999999999999998,1.0,0.9999999999999998,47,8,2.24635840834668,0,2.24635840834668,False,False,False,True,0,761,8,0.4,0.3,0.3,balanced
1781386830635.546,0.4,0.3,0.3,594.8037676609105,610.4444444444445,0.11896075353218209,348.1275720164609,424.7736625514403,0.02255687605179859,0.9999999999999998,1.0,0.9999999999999998,49,8,2.2456486357715875,0,2.2456486357715875,False,False,False,True,0,762,8,0.4,0.3,0.3,balanced
1781386833352.507,0.4,0.3,0.3,595.4018838304553,610.7777777777778,0.11908037676609105,386.1728395061728,443.6919459141681,0.025094919246575906,0.9999999999999998,1.0,0.9999999999999998,50,8,2.2448393735195906,0,2.2448393735195906,False,False,False,True,0,763,8,0.4,0.3,0.3,balanced
1781386835975.962,0.4,0.3,0.3,590.8383045525902,605.8888888888889,0.11816766091051804,344.1769547325103,399.4650205761317,0.022293325866078073,0.9999999999999998,1.0,0.9999999999999998,52,8,2.2460449378759693,0,2.2460449378759693,False,False,False,True,0,764,8,0.4,0.3,0.3,balanced
1781386838599.0369,0.4,0.3,0.3,592.3736263736263,606.8888888888889,0.11847472527472526,338.3594491927825,392.75878442545115,0.021905233435142262,0.9999999999999998,1.0,0.9999999999999998,53,8,2.2460385398595673,0,2.2460385398595673,False,False,False,True,0,765,8,0.4,0.3,0.3,balanced
1781386844803.459,0.4,0.3,0.3,590.3218210361066,604.1111111111111,0.11806436420722131,341.613643558088,398.01361190250077,0.022122324453508202,0.9999999999999998,1.0,0.9999999999999998,55,8,2.246137556981059,0,2.246137556981059,False,False,False,True,0,766,8,0.4,0.3,0.3,balanced
1781386847828.7449,0.4,0.3,0.3,551.2951334379906,531.1111111111111,0.11025902668759811,1116.4974323062559,1078.342203548086,0.0738157059577222,0.8592434776108244,0.8153439153439154,0.8592434776108244,56,8,2.1915247208208912,0,2.1915247208208912,False,False,False,True,0,767,8,0.4,0.3,0.3,balanced
1781386850454.107,0.4,0.3,0.3,585.6420722135007,599.1111111111111,0.11712841444270014,392.28395061728395,483.84140550807217,0.025502598440112337,0.9999999999999998,1.0,0.9999999999999998,58,8,2.2454978546908864,0,2.2454978546908864,False,False,False,True,0,768,8,0.4,0.3,0.3,balanced
1781386853067.959,0.4,0.3,0.3,587.6263736263737,600.7777777777778,0.11752527472527474,412.88947677836563,506.67548500881844,0.02687721659628857,0.9999999999999998,1.0,0.9999999999999998,59,8,2.2449267251310037,0,2.2449267251310037,False,False,False,True,0,769,8,0.4,0.3,0.3,balanced
1781386855694.21,0.4,0.3,0.3,584.6169544740973,597.2222222222222,0.11692339089481946,456.7026748971193,547.2075249853027,0.029800045023156727,0.9999999999999998,1.0,0.9999999999999998,61,8,2.2442906301351253,0,2.2442906301351253,False,False,False,True,0,770,8,0.4,0.3,0.3,balanced
1781386858319.678,0.4,0.3,0.3,586.7425431711146,600.0,0.11734850863422291,397.30848369737254,500.5982905982907,0.02583779077367395,0.9999999999999998,1.0,0.9999999999999998,59,8,2.2453092593142085,1,2.2453092593142085,False,False,False,True,0,771,8,0.4,0.3,0.3,balanced
1781386860940.137,0.4,0.3,0.3,586.2967032967033,599.7777777777778,0.11725934065934066,418.90285126396236,494.11816578483246,0.027278375668042854,0.9999999999999998,1.0,0.9999999999999998,58,8,2.2449127510358506,1,2.2449127510358506,False,False,False,True,0,772,8,0.4,0.3,0.3,balanced
1781386863552.033,0.4,0.3,0.3,588.0784929356357,601.3333333333334,0.11761569858712714,359.73567584678693,430.00158277936055,0.023331265900386054,0.9999999999999998,1.0,0.9999999999999998,56,8,2.2459543407950333,1,2.2459543407950333,False,False,False,True,0,773,8,0.4,0.3,0.3,balanced
1781386866173.6519,0.4,0.3,0.3,586.7943485086342,600.1111111111111,0.11735886970172685,399.1049382716049,472.81746031746036,0.025957634307645423,0.9999999999999998,1.0,0.9999999999999998,58,8,2.2452691618270157,0,2.2452691618270157,False,False,False,True,0,774,8,0.4,0.3,0.3,balanced
1781386868796.739,0.4,0.3,0.3,589.3987441130297,603.0,0.11787974882260593,424.8559670781893,510.6172839506172,0.027675514815089345,0.9999999999999998,1.0,0.9999999999999998,56,8,2.244545446026431,1,2.244545446026431,False,False,False,True,0,775,8,0.4,0.3,0.3,balanced
1781386871418.072,0.4,0.3,0.3,596.4899959167008,605.3333333333334,0.11929799918334015,717.7182077182076,723.0753402975624,0.04721268897386308,1.0,1.0,1.0,55,8,2.238116993634505,1,2.238116993634505,False,False,False,True,0,776,8,0.4,0.3,0.3,balanced
1781386874035.66,0.4,0.3,0.3,588.723704866562,602.4444444444445,0.1177447409733124,398.952539230317,472.60231538009316,0.025947467593750297,0.9999999999999998,1.0,0.9999999999999998,56,8,2.24511786333255,0,2.24511786333255,False,False,False,True,0,777,8,0.4,0.3,0.3,balanced
1781386880239.2932,0.4,0.3,0.3,586.4427001569859,600.1111111111111,0.11728854003139717,434.1622574955908,507.310405643739,0.028296348065082775,0.9999999999999998,1.0,0.9999999999999998,58,8,2.244595679567916,0,2.244595679567916,False,False,False,True,0,778,8,0.4,0.3,0.3,balanced
1781386882862.737,0.4,0.3,0.3,585.3108320251176,598.6666666666666,0.11706216640502352,382.3699294532628,476.6843033509701,0.024841222778736675,0.9999999999999998,1.0,0.9999999999999998,59,8,2.2457227666043695,0,2.2457227666043695,False,False,False,True,0,779,8,0.4,0.3,0.3,balanced
1781386885688.3608,0.4,0.3,0.3,496.18524332810046,534.8888888888889,0.0992370486656201,381.55353942652323,422.3308691756272,0.02478676046874738,0.8398744113029827,0.8888888888888888,0.8398744113029827,61,8,2.2048314757840224,0,2.2048314757840224,False,False,False,True,0,780,8,0.4,0.3,0.3,balanced
1781386888311.48,0.4,0.3,0.3,584.7472527472526,597.6666666666666,0.11694945054945051,441.53659611992947,488.015873015873,0.028788298607066675,0.9999999999999998,1.0,0.9999999999999998,59,8,2.2445837301980998,1,2.2445837301980998,False,False,False,True,0,781,8,0.4,0.3,0.3,balanced
1781386890935.163,0.4,0.3,0.3,585.6342229199372,598.3333333333334,0.11712684458398744,419.94415049970604,518.317166372722,0.027347841927932357,0.9999999999999998,1.0,0.9999999999999998,61,8,2.244944909588025,0,2.244944909588025,False,False,False,True,0,782,8,0.4,0.3,0.3,balanced
1781386893560.896,0.4,0.3,0.3,583.5180533751961,595.8888888888889,0.11670361067503923,455.1954732510288,561.8092298647854,0.02969949788198991,0.9999999999999998,1.0,0.9999999999999998,64,8,2.2444087063653875,0,2.2444087063653875,False,False,False,True,0,783,8,0.4,0.3,0.3,balanced
1781386896182.218,0.4,0.3,0.3,582.8335949764521,595.2222222222222,0.11656671899529042,462.1788653733098,526.0787771898883,0.030165367936845218,0.9999999999999998,1.0,0.9999999999999998,65,8,2.2443237020208304,0,2.2443237020208304,False,False,False,True,0,784,8,0.4,0.3,0.3,balanced
1781386898806.087,0.4,0.3,0.3,581.3689167974882,593.0,0.11627378335949763,516.8489124044679,599.2533803644915,0.03381246913972434,0.9999999999999998,1.0,0.9999999999999998,67,8,2.2433467459142835,0,2.2433467459142835,False,False,False,True,0,785,8,0.4,0.3,0.3,balanced
1781386901429.7112,0.4,0.3,0.3,580.4160125588696,592.5555555555555,0.11608320251177393,416.01484420928864,466.62992357436804,0.027085713422901177,0.9999999999999998,1.0,0.9999999999999998,68,8,2.24544100496842,0,2.24544100496842,False,False,False,True,0,786,8,0.4,0.3,0.3,balanced
1781386904052.4941,0.4,0.3,0.3,583.1098901098902,594.6666666666666,0.11662197802197805,433.531746031746,483.73015873015873,0.028254285926067112,0.9999999999999998,1.0,0.9999999999999998,67,8,2.2448749230133886,1,2.2448749230133886,False,False,False,True,0,787,8,0.4,0.3,0.3,balanced
1781386906675.034,0.4,0.3,0.3,582.1004709576139,595.1111111111111,0.11642009419152277,387.55144032921805,438.559670781893,0.025186887280134625,0.9999999999999998,1.0,0.9999999999999998,65,8,2.2458758961393506,1,2.2458758961393506,False,False,False,True,0,788,8,0.4,0.3,0.3,balanced
1781386909297.558,0.4,0.3,0.3,582.8759811616954,595.7777777777778,0.11657519623233908,403.4573554017998,446.85908741464294,0.0262479890194663,0.9999999999999998,1.0,0.9999999999999998,64,8,2.2454955248012243,1,2.2454955248012243,False,False,False,True,0,789,8,0.4,0.3,0.3,balanced
1781386915505.6719,0.4,0.3,0.3,584.8901098901098,597.7777777777778,0.11697802197802196,389.20487948265725,442.2957084068196,0.02529719009223864,0.9999999999999998,1.0,0.9999999999999998,61,8,2.2456196341811197,1,2.2456196341811197,False,False,False,True,0,790,8,0.4,0.3,0.3,balanced
1781386918126.783,0.4,0.3,0.3,585.8163265306122,599.3333333333334,0.11716326530612244,395.68489124044675,433.4832451499118,0.02572947906874228,0.9999999999999998,1.0,0.9999999999999998,59,8,2.2454158501569284,1,2.2454158501569284,False,False,False,True,0,791,8,0.4,0.3,0.3,balanced
1781386920753.262,0.4,0.3,0.3,583.2904238618523,596.1111111111111,0.11665808477237047,473.1481481481481,520.1646090534979,0.030897141304079258,0.9999999999999998,1.0,0.9999999999999998,61,8,2.244067623699828,0,2.244067623699828,False,False,False,True,0,792,8,0.4,0.3,0.3,balanced
1781386923371.287,0.4,0.3,0.3,585.9576138147567,599.0,0.11719152276295133,398.06143445032336,442.5837742504409,0.025888020977339783,0.9942812289751064,0.9960317460317462,0.9942812289751064,59,8,2.2436413532941493,1,2.2436413532941493,False,False,False,True,0,793,8,0.4,0.3,0.3,balanced
1781386925987.5842,0.4,0.3,0.3,586.3233908948193,599.2222222222222,0.11726467817896387,380.60303893637223,481.3247863247864,0.024723351496755985,0.9999999999999998,1.0,0.9999999999999998,58,8,2.2456771232793877,1,2.2456771232793877,False,False,False,True,0,794,8,0.4,0.3,0.3,balanced
1781386928905.045,0.4,0.3,0.3,588.2731554160125,601.4444444444445,0.1176546310832025,893.6280964405966,1167.6016113516114,0.058947838321587495,0.850484039769754,0.8782407407407408,0.850484039769754,56,8,2.190399008001169,1,2.190399008001169,False,False,False,True,0,795,8,0.4,0.3,0.3,balanced
1781386931528.3389,0.4,0.3,0.3,588.723704866562,602.2222222222222,0.1177447409733124,426.3168724279835,507.40740740740745,0.027772973477517247,0.9999999999999998,1.0,0.9999999999999998,55,8,2.24457021156742,1,2.24457021156742,False,False,False,True,0,796,8,0.4,0.3,0.3,balanced
1781386934151.624,0.4,0.3,0.3,590.199372056515,604.5555555555555,0.11803987441130301,356.0034821145932,438.0610952833175,0.023082286998972197,0.99587185301471,0.9958847736625513,0.99587185301471,53,8,2.2446209200402003,1,2.2446209200402003,False,False,False,True,0,797,8,0.4,0.3,0.3,balanced
1781386936864.687,0.4,0.3,0.3,592.9921507064364,608.0,0.11859843014128728,412.97254150702423,426.4527458492976,0.026882757939094344,0.9906349807827639,0.9923371647509579,0.9906349807827639,52,8,2.241686294796586,1,2.241686294796586,False,False,False,True,0,798,8,0.4,0.3,0.3,balanced
1781386939488.291,0.4,0.3,0.3,594.2119309262166,609.5555555555555,0.11884238618524333,291.275720164609,345.0205761316872,0.018764224160414213,0.9999999999999998,1.0,0.9999999999999998,50,8,2.2468337782777783,1,2.2468337782777783,False,False,False,True,0,799,8,0.4,0.3,0.3,balanced
1781386942105.74,0.4,0.3,0.3,594.2747252747253,610.7777777777778,0.11885494505494505,365.32209559987336,463.4235517568851,0.02370394233488148,0.9999999999999998,1.0,0.9999999999999998,49,8,2.2453468392775573,1,2.2453468392775573,False,False,False,True,0,800,8,0.4,0.3,0.3,balanced
1781386944724.875,0.4,0.3,0.3,592.5211930926217,608.0,0.11850423861852434,378.28822412155745,459.1057296612852,0.02456892755981037,0.9999999999999998,1.0,0.9999999999999998,50,8,2.245227626284647,0,2.245227626284647,False,False,False,True,0,801,8,0.4,0.3,0.3,balanced
1781386951030.629,0.4,0.3,0.3,594.6797488226059,610.4444444444445,0.11893594976452118,379.70238095238096,427.73809523809524,0.02466326757520887,0.9999999999999998,1.0,0.9999999999999998,49,8,2.2450266398216288,1,2.2450266398216288,False,False,False,True,0,802,8,0.4,0.3,0.3,balanced
1781386953756.081,0.4,0.3,0.3,596.5353218210361,613.3333333333334,0.11930706436420721,366.11932129173505,435.37356321839076,0.023757126170229157,0.9999999999999998,1.0,0.9999999999999998,47,8,2.245150036403248,1,2.245150036403248,False,False,False,True,0,803,8,0.4,0.3,0.3,balanced
1781386956482.1929,0.4,0.3,0.3,598.3594976452118,614.8888888888889,0.11967189952904236,7385.404965404965,7603.861077194411,0.4920216788128729,0.9880225594511307,0.9917695473251028,0.9880225594511307,46,8,2.10093150437986,1,2.10093150437986,False,False,False,True,0,804,8,0.4,0.3,0.3,balanced
1781386959206.062,0.4,0.3,0.3,598.0612244897958,615.2222222222222,0.11961224489795916,418.81025867136975,502.7425044091711,0.027272198710565028,0.9999999999999998,1.0,0.9999999999999998,46,8,2.243973442427647,2,2.243973442427647,False,False,False,True,0,805,8,0.4,0.3,0.3,balanced
1781386961931.751,0.4,0.3,0.3,600.8665620094192,618.6666666666666,0.12017331240188385,336.12342638204706,397.1688560481664,0.021756065802671583,0.9999999999999998,1.0,0.9999999999999998,44,8,2.245403855298445,1,2.245403855298445,False,False,False,True,0,806,8,0.4,0.3,0.3,balanced
1781386964644.471,0.4,0.3,0.3,600.9576138147567,619.3333333333334,0.12019152276295134,297.00396825396825,352.40005878894766,0.01914636212501456,0.9999999999999998,1.0,0.9999999999999998,43,8,2.246179482257315,1,2.246179482257315,False,False,False,True,0,807,8,0.4,0.3,0.3,balanced
1781386967368.3838,0.4,0.3,0.3,605.6797488226059,624.6666666666666,0.12113594976452119,276.3196422918645,316.5614118391897,0.01776648714422045,0.9958510876878222,0.9960317460317462,0.9958510876878222,41,8,2.244971000257272,1,2.244971000257272,False,False,False,True,0,808,8,0.4,0.3,0.3,balanced
1781386970091.54,0.4,0.3,0.3,601.1083202511774,619.3333333333334,0.12022166405023547,267.62051734273956,319.8427395649618,0.017186158595246134,0.9999999999999998,1.0,0.9999999999999998,43,8,2.246755486801332,0,2.246755486801332,False,False,False,True,0,809,8,0.4,0.3,0.3,balanced
1781386972816.846,0.4,0.3,0.3,606.105180533752,624.7777777777778,0.1212210361067504,276.8106995884774,319.5767195767196,0.017799246136656264,0.9999999999999998,1.0,0.9999999999999998,41,8,2.246171811716303,1,2.246171811716303,False,False,False,True,0,810,8,0.4,0.3,0.3,balanced
1781386975534.029,0.4,0.3,0.3,606.5117739403452,625.7777777777778,0.12130235478806903,253.78600823045264,293.2510288065844,0.016263242710503844,0.9999999999999998,1.0,0.9999999999999998,40,8,2.2466000852716212,1,2.2466000852716212,False,False,False,True,0,811,8,0.4,0.3,0.3,balanced
1781386978454.7861,0.4,0.3,0.3,572.1255886970173,556.8888888888889,0.11442511773940346,232.23622311827958,282.8326612903226,0.014825631962526991,0.9384321036106749,0.8854166666666666,0.9384321036106749,38,8,2.231311894398683,1,2.231311894398683,False,False,False,True,0,812,8,0.4,0.3,0.3,balanced
1781387017192.642,0.4,0.3,0.3,610.4128728414443,631.0,0.12208257456828885,277.72633744855966,323.0408583186361,0.017860329382825862,0.9999999999999998,1.0,0.9999999999999998,37,8,2.245808871357837,1,2.245808871357837,False,False,False,True,1,813,8,0.4,0.3,0.3,balanced
1781387023497.607,0.4,0.3,0.3,614.8775510204081,636.6666666666666,0.12297551020408161,252.8213042101931,299.4666033554922,0.016198886204816083,0.9999999999999998,1.0,0.9999999999999998,35,8,2.2459501300569222,1,2.2459501300569222,False,False,False,True,0,814,8,0.4,0.3,0.3,balanced
1781387026214.529,0.4,0.3,0.3,615.9733124018838,638.2222222222222,0.12319466248037676,249.42386831275718,313.4567901234568,0.015972239380437438,0.9999999999999998,1.0,0.9999999999999998,34,8,2.245930463193718,1,2.245930463193718,False,False,False,True,0,815,8,0.4,0.3,0.3,balanced
1781387029027.4092,0.4,0.3,0.3,619.2574568288854,643.3333333333334,0.12385149136577708,255.10655496766609,331.23750734861846,0.01635133788977092,0.9999999999999998,1.0,0.9999999999999998,32,8,2.2455540020867577,1,2.2455540020867577,False,False,False,True,0,816,8,0.4,0.3,0.3,balanced
1781387031840.242,0.4,0.3,0.3,630.5149136577709,657.1111111111111,0.12610298273155418,253.24368018812464,308.4156378600823,0.016227063388133733,0.9999999999999998,1.0,0.9999999999999998,29,8,2.2446906878909383,1,2.2446906878909383,False,False,False,True,0,817,8,0.4,0.3,0.3,balanced
1781387034658.9128,0.4,0.3,0.3,632.6467817896389,659.7777777777778,0.12652935635792778,168.33259847148736,204.66931216931215,0.010562548263608229,0.9999999999999998,1.0,0.9999999999999998,28,8,2.2462194929777466,1,2.2462194929777466,False,False,False,True,0,818,8,0.4,0.3,0.3,balanced
1781387037483.577,0.4,0.3,0.3,640.9340659340658,670.2222222222222,0.12818681318681316,170.74074074074073,222.9218106995885,0.010723198181503718,0.9999999999999998,1.0,0.9999999999999998,26,8,2.2455083152708237,1,2.2455083152708237,False,False,False,True,0,819,8,0.4,0.3,0.3,balanced
1781387040410.644,0.4,0.3,0.3,646.4379905808477,676.8888888888889,0.12928759811616952,180.75396825396822,217.3809523809524,0.011391192011605619,0.9999999999999998,1.0,0.9999999999999998,25,8,2.2448676031500505,1,2.2448676031500505,False,False,False,True,0,820,8,0.4,0.3,0.3,balanced
1781387043335.645,0.4,0.3,0.3,654.5557299843013,687.3333333333334,0.13091114599686024,176.1089065255732,215.0514403292181,0.011081314644801414,0.9999999999999998,1.0,0.9999999999999998,23,8,2.2443111472078154,1,2.2443111472078154,False,False,False,True,0,821,8,0.4,0.3,0.3,balanced
1781387046255.415,0.4,0.3,0.3,658.032967032967,692.2222222222222,0.1316065934065934,230.515138154027,282.03556731334515,0.014710816421215944,0.9999999999999998,1.0,0.9999999999999998,22,8,2.242944117710998,1,2.242944117710998,False,False,False,True,0,822,8,0.4,0.3,0.3,balanced
1781387049279.656,0.4,0.3,0.3,668.9921507064365,707.1111111111111,0.1337984301412873,136.87389770723104,165.19253380364492,0.008463902448781258,0.9999999999999998,1.0,0.9999999999999998,20,8,2.2439414572088507,1,2.2439414572088507,False,False,False,True,0,823,8,0.4,0.3,0.3,balanced
1781387052298.368,0.4,0.3,0.3,676.4474097331239,716.2222222222222,0.13528948194662477,152.38683127572014,186.37860082304528,0.009498787943677128,0.9999999999999998,1.0,0.9999999999999998,19,8,2.243034570838247,1,2.243034570838247,False,False,False,True,0,824,8,0.4,0.3,0.3,balanced
1781387059004.3782,0.4,0.3,0.3,687.8241758241757,730.3333333333334,0.13756483516483514,159.5597417340712,197.86297107178333,0.009977300982926698,0.9850051426406106,0.9885057471264369,0.9850051426406106,17,8,2.2374824184313713,1,2.2374824184313713,False,False,False,True,0,825,8,0.4,0.3,0.3,balanced
1781387062123.198,0.4,0.3,0.3,699.2841444270016,745.7777777777778,0.13985682888540032,135.37851037851036,177.27818477818477,0.008364143454203493,0.9940694226408511,0.9958847736625513,0.9940694226408511,16,8,2.239768852201834,1,2.239768852201834,False,False,False,True,0,826,8,0.4,0.3,0.3,balanced
1781387065548.6082,0.4,0.3,0.3,637.7111459968602,718.0,0.12754222919937203,127.35185185185183,137.81481481481484,0.007828675907395052,0.8398744113029826,0.8888888888888888,0.8398744113029826,14,8,2.1985968289389275,1,2.1985968289389275,False,False,False,True,0,827,8,0.4,0.3,0.3,balanced
1781387068964.671,0.4,0.3,0.3,737.9089481946626,795.2222222222222,0.1475817896389325,13627.096108623886,14291.098448876226,0.9084120152517602,0.9940694226408511,0.9958847736625513,0.9940694226408511,13,8,1.9666645063611543,1,1.9666645063611543,False,False,False,True,0,828,8,0.4,0.3,0.3,balanced
1781387072383.2368,0.4,0.3,0.3,774.8854003139717,842.3333333333334,0.15497708006279434,118.21061140505584,152.74838330393885,0.007218853329223205,0.9999999999999998,1.0,0.9999999999999998,11,8,2.2358435119761153,1,2.2358435119761153,False,False,False,True,0,829,8,0.4,0.3,0.3,balanced
1781387075907.457,0.4,0.3,0.3,797.2213500784928,872.6666666666666,0.15944427001569858,109.3827160493827,138.02469135802468,0.0066299343595318675,0.9999999999999998,1.0,0.9999999999999998,10,8,2.234233311685861,1,2.234233311685861,False,False,False,True,0,830,8,0.4,0.3,0.3,balanced
1781387079321.645,0.4,0.3,0.3,774.0486656200943,842.6666666666666,0.15480973312401886,114.89271017048793,149.56349206349208,0.0069975123529344855,0.9999999999999998,1.0,0.9999999999999998,11,8,2.235976853044512,0,2.235976853044512,False,False,False,True,0,831,8,0.4,0.3,0.3,balanced
1781387082546.905,0.4,0.3,0.3,737.9152276295132,795.3333333333334,0.14758304552590265,124.90503323836656,162.2712883823995,0.007665445846455407,0.9999999999999998,1.0,0.9999999999999998,13,8,2.2386671480357023,0,2.2386671480357023,False,False,False,True,0,832,8,0.4,0.3,0.3,balanced
1781387085772.328,0.4,0.3,0.3,722.6938775510203,776.0,0.14453877551020405,138.35390946502056,178.93004115226339,0.008562635721482359,0.9999999999999998,1.0,0.9999999999999998,14,8,2.2396156990794736,0,2.2396156990794736,False,False,False,True,0,833,8,0.4,0.3,0.3,balanced
1781387088884.915,0.4,0.3,0.3,701.2778649921506,748.2222222222222,0.1402555729984301,1031.7416225749557,1109.917695473251,0.0681615492044667,0.9999999999999998,1.0,0.9999999999999998,16,8,2.2234493060392877,0,2.2234493060392877,False,False,False,True,0,834,8,0.4,0.3,0.3,balanced
1781387095599.143,0.4,0.3,0.3,692.7299843014129,736.5555555555555,0.13854599686028257,155.3676570343237,201.6228010672455,0.009697642230441875,0.99587185301471,0.9958847736625513,0.99587185301471,17,8,2.2404338644911674,0,2.2404338644911674,False,False,False,True,0,835,8,0.4,0.3,0.3,balanced
1781387098622.507,0.4,0.3,0.3,675.5698587127157,714.4444444444445,0.13511397174254314,143.9557613168724,175.570252792475,0.008936341648890754,0.9999999999999998,1.0,0.9999999999999998,19,8,2.2432735088083153,0,2.2432735088083153,False,False,False,True,0,836,8,0.4,0.3,0.3,balanced
1781387101547.136,0.4,0.3,0.3,669.3610675039246,707.3333333333334,0.1338722135007849,159.48717948717947,186.86134852801518,0.009972460272660405,0.9999999999999998,1.0,0.9999999999999998,20,8,2.2434593765178876,0,2.2434593765178876,False,False,False,True,0,837,8,0.4,0.3,0.3,balanced
1781387104563.4812,0.4,0.3,0.3,676.3061224489795,715.4444444444445,0.1352612244897959,146.67181069958846,181.2007642563198,0.009117532401573614,0.9999999999999998,1.0,0.9999999999999998,19,8,2.2431602504836095,1,2.2431602504836095,False,False,False,True,0,838,8,0.4,0.3,0.3,balanced
1781387107476.445,0.4,0.3,0.3,669.8665620094192,707.5555555555555,0.13397331240188384,166.42924976258308,202.33459955682176,0.010435573699972186,0.9999999999999998,1.0,0.9999999999999998,20,8,2.2432800029292546,0,2.2432800029292546,False,False,False,True,0,839,8,0.4,0.3,0.3,balanced
1781387110388.8582,0.4,0.3,0.3,658.026687598116,692.0,0.1316053375196232,205.4394473838918,248.2422104644327,0.013037988484582508,0.9999999999999998,1.0,0.9999999999999998,22,8,2.243446468446776,0,2.243446468446776,False,False,False,True,0,840,8,0.4,0.3,0.3,balanced
1781387113501.96,0.4,0.3,0.3,652.9623233908947,685.7777777777778,0.13059246467817892,523.657962109575,543.4819935142517,0.03426670861304703,0.8772836380209651,0.916415770609319,0.8772836380209651,23,8,2.200668092951104,0,2.200668092951104,False,False,False,True,0,841,8,0.4,0.3,0.3,balanced
1781387116426.398,0.4,0.3,0.3,657.5400313971742,691.1111111111111,0.13150800627943485,219.49243657576991,261.9213810880478,0.013975479424667772,0.9940694226408511,0.9958847736625513,0.9940694226408511,22,8,2.241424980453081,1,2.241424980453081,False,False,False,True,0,842,8,0.4,0.3,0.3,balanced
1781387119448.482,0.4,0.3,0.3,652.0957613814757,685.6666666666666,0.13041915227629514,340.38697318007667,336.7956577266922,0.022040491873253947,0.963428106285249,0.9300411522633745,0.963428106285249,23,8,2.2302486234130803,0,2.2302486234130803,False,False,False,True,0,843,8,0.4,0.3,0.3,balanced
1781387122261.389,0.4,0.3,0.3,644.3956043956043,674.8888888888889,0.12887912087912087,200.70196264640708,242.35675846786958,0.012721945473409412,0.9999999999999998,1.0,0.9999999999999998,25,8,2.244631768006329,0,2.244631768006329,False,False,False,True,0,844,8,0.4,0.3,0.3,balanced
1781387125088.42,0.4,0.3,0.3,638.9183673469388,668.3333333333334,0.12778367346938777,201.09686609686608,247.81418170307063,0.012748289933079792,0.9999999999999998,1.0,0.9999999999999998,26,8,2.2450620436323208,0,2.2450620436323208,False,False,False,True,0,845,8,0.4,0.3,0.3,balanced
1781387131493.385,0.4,0.3,0.3,635.3547880690737,662.5555555555555,0.12707095761381473,190.41446208112873,227.84832451499116,0.012035654575125333,0.988562457950213,0.9920634920634921,0.988562457950213,28,8,2.2421296579670003,0,2.2421296579670003,False,False,False,True,0,846,8,0.4,0.3,0.3,balanced
1781387134307.031,0.4,0.3,0.3,630.9340659340659,656.7777777777778,0.12618681318681318,220.09920634920633,266.03027630805406,0.01401595772843271,0.9999999999999998,1.0,0.9999999999999998,29,8,2.2453204874067447,0,2.2453204874067447,False,False,False,True,0,847,8,0.4,0.3,0.3,balanced
1781387137024.492,0.4,0.3,0.3,622.9152276295133,646.4444444444445,0.12458304552590266,212.07977207977206,264.5077556188667,0.013480972120064848,0.9999999999999998,1.0,0.9999999999999998,32,8,2.2461224901536196,0,2.2461224901536196,False,False,False,True,0,848,8,0.4,0.3,0.3,balanced
1781387139742.9758,0.4,0.3,0.3,621.2025117739403,644.8888888888889,0.12424050235478805,255.18360240582462,320.9512503956949,0.01635647781226315,0.9999999999999998,1.0,0.9999999999999998,32,8,2.245396855714406,2,2.245396855714406,False,False,False,True,0,849,8,0.4,0.3,0.3,balanced
1781387142467.21,0.4,0.3,0.3,617.171114599686,639.2222222222222,0.1234342229199372,245.94604983493875,281.945461945462,0.0157402301424242,0.9999999999999998,1.0,0.9999999999999998,34,8,2.245904241789298,0,2.245904241789298,False,False,False,True,0,850,8,0.4,0.3,0.3,balanced
1781387145181.187,0.4,0.3,0.3,613.3076923076923,635.7777777777778,0.12266153846153845,258.10699588477365,290.61728395061726,0.016551500726135666,0.9999999999999998,1.0,0.9999999999999998,35,8,2.245969934397544,0,2.245969934397544,False,False,False,True,0,851,8,0.4,0.3,0.3,balanced
1781387147898.9102,0.4,0.3,0.3,610.8963893249608,631.1111111111111,0.12217927786499215,266.77322163433274,310.1308054085832,0.017129634531976835,0.9999999999999998,1.0,0.9999999999999998,37,8,2.24598939849441,0,2.24598939849441,False,False,False,True,0,852,8,0.4,0.3,0.3,balanced
1781387153426.528,0.4,0.3,0.3,151.49921507064363,222.11111111111111,0.030299843014128726,272.4931412894376,210.37722908093278,0.017511216897227323,0.22762951334379902,0.3333333333333333,0.22762951334379902,38,8,2.05091555172832,0,2.05091555172832,False,False,False,True,0,853,8,0.4,0.3,0.3,balanced
1781387156151.791,0.4,0.3,0.3,607.4960753532181,626.5555555555555,0.12149921507064362,243.74999999999997,294.4106407995297,0.01559372915276851,0.9999999999999998,1.0,0.9999999999999998,40,8,2.246722195225912,0,2.246722195225912,False,False,False,True,0,854,8,0.4,0.3,0.3,balanced
1781387158875.611,0.4,0.3,0.3,604.1742543171114,623.0,0.12083485086342227,284.00279247501464,338.3230452674897,0.01827903885757269,0.9999999999999998,1.0,0.9999999999999998,41,8,2.246182347997359,0,2.246182347997359,False,False,False,True,0,855,8,0.4,0.3,0.3,balanced
1781387165183.975,0.4,0.3,0.3,600.4976452119308,618.3333333333334,0.12009952904238616,321.4190182245738,383.0761316872428,0.02077511796027844,0.9999999999999998,1.0,0.9999999999999998,43,8,2.245727652994962,0,2.245727652994962,False,False,False,True,0,856,8,0.4,0.3,0.3,balanced
1781387167908.705,0.4,0.3,0.3,599.7817896389324,617.0,0.11995635792778649,321.07142857142856,397.26190476190476,0.020751929858000572,0.9999999999999998,1.0,0.9999999999999998,44,8,2.2457918778714854,0,2.2457918778714854,False,False,False,True,0,857,8,0.4,0.3,0.3,balanced
1781387171832.0562,0.4,0.3,0.3,602.7252747252746,622.7777777777778,0.12054505494505492,2992.4305279541713,3041.919238155601,0.19896134275878394,0.5193516547619891,0.5723326647085513,0.5193516547619891,43,8,2.0478990716229397,1,2.0478990716229397,False,False,False,True,0,858,8,0.4,0.3,0.3,balanced
1781387174557.334,0.4,0.3,0.3,602.3171114599686,619.6666666666666,0.12046342229199372,255.3092501368363,287.1538040503558,0.01636485991573291,0.9999999999999998,1.0,0.9999999999999998,44,8,2.2469051731084826,0,2.2469051731084826,False,False,False,True,0,859,8,0.4,0.3,0.3,balanced
1781387177277.515,0.4,0.3,0.3,596.9277864992151,614.1111111111111,0.11938555729984303,333.17166372721925,378.92563198118756,0.02155915034871376,0.9999999999999998,1.0,0.9999999999999998,46,8,2.2457780319754486,0,2.2457780319754486,False,False,False,True,0,860,8,0.4,0.3,0.3,balanced
1781387180003.29,0.4,0.3,0.3,596.4992150706436,613.0,0.11929984301412871,318.78291674268684,402.3455269719638,0.020599260623261298,0.988562457950213,0.9920634920634921,0.988562457950213,47,8,2.242669021992434,0,2.242669021992434,False,False,False,True,0,861,8,0.4,0.3,0.3,balanced
1781387182725.921,0.4,0.3,0.3,594.6985871271585,610.6666666666666,0.11893971742543169,336.6981390257252,371.6160372194855,0.02179440553874084,0.9999999999999998,1.0,0.9999999999999998,49,8,2.245885791368205,0,2.245885791368205,False,False,False,True,0,862,8,0.4,0.3,0.3,balanced
1781387185439.616,0.4,0.3,0.3,594.7001569858712,610.0,0.11894003139717424,306.2164750957854,359.2583470169677,0.01976093896569616,0.9999999999999998,1.0,0.9999999999999998,50,8,2.246495705751421,0,2.246495705751421,False,False,False,True,0,863,8,0.4,0.3,0.3,balanced
1781387188266.572,0.4,0.3,0.3,501.6216640502354,544.8888888888889,0.10032433281004707,370.1254480286738,380.7885304659498,0.02402437945488151,0.8367346938775508,0.8888888888888888,0.8367346938775508,52,8,2.203683361202782,0,2.203683361202782,False,False,False,True,0,864,8,0.4,0.3,0.3,balanced
1781387190882.3882,0.4,0.3,0.3,590.4536891679747,605.3333333333334,0.11809073783359494,347.3575498575498,405.66160177271286,0.022505506995166766,0.9939531368102794,0.9958847736625513,0.9939531368102794,53,8,2.244197993811096,0,2.244197993811096,False,False,False,True,0,865,8,0.4,0.3,0.3,balanced
1781387193506.167,0.4,0.3,0.3,588.032967032967,602.0,0.11760659340659341,424.1133043910822,494.646361868584,0.027625970940032166,0.9940694226408511,0.9958847736625513,0.9940694226408511,55,8,2.2428903981476083,0,2.2428903981476083,False,False,False,True,0,866,8,0.4,0.3,0.3,balanced
1781387196129.618,0.4,0.3,0.3,587.3469387755101,601.4444444444445,0.11746938775510203,545.0118708452042,642.122507122507,0.03569125222449661,0.9880225594511307,0.9917695473251028,0.9880225594511307,56,8,2.2387116370659492,0,2.2387116370659492,False,False,False,True,0,867,8,0.4,0.3,0.3,balanced
1781387202328.591,0.4,0.3,0.3,586.4270015698587,600.2222222222222,0.11728540031397174,388.2921810699589,463.95061728395063,0.02523630293995723,0.9999999999999998,1.0,0.9999999999999998,58,8,2.245514948992424,0,2.245514948992424,False,False,False,True,0,868,8,0.4,0.3,0.3,balanced
1781387204950.1418,0.4,0.3,0.3,587.9136577708006,601.4444444444445,0.11758273155416012,391.0493827160493,468.5596707818929,0.02542023900707467,0.9999999999999998,1.0,0.9999999999999998,59,8,2.2453408356762137,0,2.2453408356762137,False,False,False,True,0,869,8,0.4,0.3,0.3,balanced
1781387207566.241,0.4,0.3,0.3,584.5808477237048,597.3333333333334,0.11691616954474096,434.22031158142266,481.1228689006466,0.028300220919374428,0.9999999999999998,1.0,0.9999999999999998,61,8,2.244743465906291,0,2.244743465906291,False,False,False,True,0,870,8,0.4,0.3,0.3,balanced
1781387210190.378,0.4,0.3,0.3,580.61852433281,593.3333333333334,0.116123704866562,411.08024691358025,466.1052322163433,0.026756520808110758,0.9999999999999998,1.0,0.9999999999999998,64,8,2.2455235618109417,0,2.2455235618109417,False,False,False,True,0,871,8,0.4,0.3,0.3,balanced
1781387212815.472,0.4,0.3,0.3,581.0847723704867,592.6666666666666,0.11621695447409734,501.5079365079365,584.7619047619048,0.03278905513728729,0.9999999999999998,1.0,0.9999999999999998,65,8,2.243676501669175,0,2.243676501669175,False,False,False,True,0,872,8,0.4,0.3,0.3,balanced
1781387221046.206,0.4,0.3,0.3,588.5745682888539,605.4444444444445,0.11771491365777079,5005.986105261841,4769.246287209523,0.33328793230565984,0.20745976486232057,0.21187615396106618,0.20745976486232057,67,8,1.91516558430389,0,1.91516558430389,False,False,False,True,0,873,8,0.4,0.3,0.3,balanced
1781387223869.504,0.4,0.3,0.3,583.0172684458398,594.0,0.11660345368916797,718.6491935483871,938.8496863799285,0.047274796100626224,0.8598901098901097,0.9027777777777778,0.8598901098901097,68,8,2.1971432126611776,0,2.1971432126611776,False,False,False,True,0,874,8,0.4,0.3,0.3,balanced
1781387226492.0461,0.4,0.3,0.3,581.1491365777078,593.0,0.11622982731554157,468.4266607877719,577.6322751322751,0.030582165496182246,0.9999999999999998,1.0,0.9999999999999998,67,8,2.2443334194249287,1,2.2443334194249287,False,False,False,True,0,875,8,0.4,0.3,0.3,balanced
1781387229105.7688,0.4,0.3,0.3,582.6766091051805,594.3333333333334,0.11653532182103611,468.21208112874774,564.1122868900646,0.030567850642344747,0.9999999999999998,1.0,0.9999999999999998,65,8,2.244215516078882,1,2.244215516078882,False,False,False,True,0,876,8,0.4,0.3,0.3,balanced
1781387231730.0972,0.4,0.3,0.3,583.3563579277863,595.6666666666666,0.11667127158555728,484.7729276895943,586.7680776014108,0.03167264360837854,0.9999999999999998,1.0,0.9999999999999998,64,8,2.2438296982832635,1,2.2438296982832635,False,False,False,True,0,877,8,0.4,0.3,0.3,balanced
1781387237932.68,0.4,0.3,0.3,585.8037676609104,598.2222222222222,0.11716075353218207,524.0571722516166,605.5055849500293,0.03429334037702579,0.9999999999999998,1.0,0.9999999999999998,61,8,2.242847696474019,1,2.242847696474019,False,False,False,True,0,878,8,0.4,0.3,0.3,balanced
1781387240551.493,0.4,0.3,0.3,584.4207221350077,597.7777777777778,0.11688414442700154,390.32921810699594,436.09053497942386,0.025372196004469376,0.9999999999999998,1.0,0.9999999999999998,59,8,2.2456346834278587,1,2.2456346834278587,False,False,False,True,0,879,8,0.4,0.3,0.3,balanced
1781387243175.4302,0.4,0.3,0.3,585.4615384615385,599.1111111111111,0.11709230769230769,444.76557907113454,514.6340388007054,0.029003707743237794,0.9999999999999998,1.0,0.9999999999999998,58,8,2.2444619646001054,1,2.2444619646001054,False,False,False,True,0,880,8,0.4,0.3,0.3,balanced
1781387245798.323,0.4,0.3,0.3,583.4521193092621,596.3333333333334,0.11669042386185242,475.8788947677836,554.3048206937096,0.03107931252620304,0.9999999999999998,1.0,0.9999999999999998,59,8,2.2440000366973982,0,2.2440000366973982,False,False,False,True,0,881,8,0.4,0.3,0.3,balanced
1781387248422.356,0.4,0.3,0.3,587.425431711146,601.3333333333334,0.11748508634222919,427.28711617600504,492.73764301542076,0.027837699544763513,0.9960192868356132,0.9960317460317462,0.9960192868356132,58,8,2.243460441650363,1,2.243460441650363,False,False,False,True,0,882,8,0.4,0.3,0.3,balanced
1781387251046.417,0.4,0.3,0.3,587.9638932496075,602.3333333333334,0.1175927786499215,916.7977547144213,917.6578257133814,0.060493512656065465,0.9940694226408511,0.9958847736625513,0.9940694226408511,56,8,2.233035661535467,1,2.233035661535467,False,False,False,True,0,883,8,0.4,0.3,0.3,balanced
1781387253670.126,0.4,0.3,0.3,589.6813186813187,603.5555555555555,0.11793626373626373,339.9382716049383,393.045267489712,0.02201055847931543,0.9999999999999998,1.0,0.9999999999999998,55,8,2.2462223269617,1,2.2462223269617,False,False,False,True,0,884,8,0.4,0.3,0.3,balanced
1781387256384.337,0.4,0.3,0.3,591.4740973312402,606.5555555555555,0.11829481946624804,357.1298576902025,415.632183908046,0.023157428798545866,0.9944784279759649,0.9961685823754789,0.9944784279759649,53,8,2.2440783719667263,1,2.2440783719667263,False,False,False,True,0,885,8,0.4,0.3,0.3,balanced
1781387259006.682,0.4,0.3,0.3,589.8869701726844,604.1111111111111,0.11797739403453689,341.3991769547325,389.6296296296296,0.02210801714174333,0.9999999999999998,1.0,0.9999999999999998,55,8,2.246176637243662,0,2.246176637243662,False,False,False,True,0,886,8,0.4,0.3,0.3,balanced
1781387261629.3362,0.4,0.3,0.3,592.0141287284143,606.4444444444445,0.11840282574568287,388.37301587301585,445.0029394473838,0.02524169552188231,0.9999999999999998,1.0,0.9999999999999998,53,8,2.245066361045162,1,2.245066361045162,False,False,False,True,0,887,8,0.4,0.3,0.3,balanced
1781387264248.052,0.4,0.3,0.3,592.74568288854,607.8888888888889,0.118549136577708,361.58990186767966,433.9965178854068,0.02345496343346762,0.9999999999999998,1.0,0.9999999999999998,52,8,2.2455438563388763,1,2.2455438563388763,False,False,False,True,0,888,8,0.4,0.3,0.3,balanced
1781387266973.285,0.4,0.3,0.3,595.8806907378334,610.5555555555555,0.1191761381475667,345.9065407772304,418.6576354679803,0.022408708524164805,0.9999999999999998,1.0,0.9999999999999998,50,8,2.245606932183724,1,2.245606932183724,False,False,False,True,0,889,8,0.4,0.3,0.3,balanced
1781387273186.964,0.4,0.3,0.3,593.3642072213501,608.2222222222222,0.11867284144427001,397.0908515352959,473.8936372269705,0.025823272283875643,0.9999999999999998,1.0,0.9999999999999998,52,8,2.244783881737129,0,2.244783881737129,False,False,False,True,0,890,8,0.4,0.3,0.3,balanced
1781387296528.438,0.4,0.3,0.3,595.789638932496,610.8888888888889,0.11915792778649921,601.8882557771446,670.0379867046532,0.03948554074564007,0.9956974242688527,0.9958847736625513,0.9956974242688527,50,8,2.239200393942364,1,2.239200393942364,False,False,False,True,0,891,8,0.4,0.3,0.3,balanced
1781387323162.559,0.4,0.3,0.3,596.6813186813187,613.0,0.11933626373626373,555.3339664450775,625.5840455840456,0.03637985099700317,0.9999999999999998,1.0,0.9999999999999998,49,8,2.2413515392063936,1,2.2413515392063936,False,False,False,True,0,892,8,0.4,0.3,0.3,balanced
1781387349775.802,0.4,0.3,0.3,593.5996860282573,609.0,0.11871993720565147,318.75118708452044,371.3042101930991,0.020597143901569075,0.9999999999999998,1.0,0.9999999999999998,50,8,2.2463328819472688,0,2.2463328819472688,False,False,False,True,0,893,8,0.4,0.3,0.3,balanced
1781387372815.65,0.4,0.3,0.3,595.5321821036107,611.3333333333334,0.11910643642072213,308.2375751820196,362.24754669199115,0.01989576885804,0.9999999999999998,1.0,0.9999999999999998,49,8,2.246388694774299,1,2.246388694774299,False,False,False,True,0,894,8,0.4,0.3,0.3,balanced
1781387399533.794,0.4,0.3,0.3,595.9984301412873,613.2222222222222,0.11919968602825745,309.34393795504906,365.3371320037987,0.019969575580723754,0.9999999999999998,1.0,0.9999999999999998,47,8,2.24632925291448,1,2.24632925291448,False,False,False,True,0,895,8,0.4,0.3,0.3,balanced
1781387426365.291,0.4,0.3,0.3,598.7817896389325,615.4444444444445,0.11975635792778651,318.41247230136116,373.75435264324153,0.020574547851992073,0.9899412756555612,0.9917695473251028,0.9899412756555612,46,8,2.242907475169956,1,2.242907475169956,False,False,False,True,0,896,8,0.4,0.3,0.3,balanced
1781387453087.368,0.4,0.3,0.3,600.5274725274726,618.2222222222222,0.12010549450549451,298.72348844571064,354.65495409939854,0.01926107327856642,0.9999999999999998,1.0,0.9999999999999998,44,8,2.246179480214232,1,2.246179480214232,False,False,False,True,0,897,8,0.4,0.3,0.3,balanced
1781387476221.334,0.4,0.3,0.3,602.3814756671899,620.7777777777778,0.12047629513343798,283.72348844571064,327.24438113327,0.018260406167158814,0.9999999999999998,1.0,0.9999999999999998,43,8,2.246331360096477,1,2.246331360096477,False,False,False,True,0,898,8,0.4,0.3,0.3,balanced
1781387506628.853,0.4,0.3,0.3,606.9058084772371,626.2222222222222,0.12138116169544742,541.6032546082948,684.2396633384537,0.0354638595469176,0.8063564183069677,0.8424145299145299,0.8063564183069677,41,8,2.182715302949836,1,2.182715302949836,False,False,False,True,0,899,8,0.4,0.3,0.3,balanced
1781387533252.834,0.4,0.3,0.3,607.7221350078493,627.2222222222222,0.12154442700156985,263.34836973725857,300.78822412155745,0.01690115875498723,0.9999999999999998,1.0,0.9999999999999998,40,8,2.246311881572876,1,2.246311881572876,False,False,False,True,0,900,8,0.4,0.3,0.3,balanced
1781387559764.226,0.4,0.3,0.3,609.9042386185243,630.5555555555555,0.12198084772370486,264.2505539727762,307.26812282367837,0.016961344494514755,0.9999999999999998,1.0,0.9999999999999998,38,8,2.246119257562164,1,2.246119257562164,False,False,False,True,0,901,8,0.4,0.3,0.3,balanced
1781387582805.299,0.4,0.3,0.3,611.5682888540031,632.4444444444445,0.12231365777080061,260.1883507439063,299.5109211775879,0.016690350283115832,0.9999999999999998,1.0,0.9999999999999998,37,8,2.246067431806745,1,2.246067431806745,False,False,False,True,0,902,8,0.4,0.3,0.3,balanced
1781387609338.047,0.4,0.3,0.3,615.210361067504,637.6666666666666,0.1230420722135008,222.70496992719214,269.15954415954417,0.014189791189272324,0.9999999999999998,1.0,0.9999999999999998,35,8,2.246526233757818,1,2.246526233757818,False,False,False,True,0,903,8,0.4,0.3,0.3,balanced
1781387636143.878,0.4,0.3,0.3,617.0737833594975,639.4444444444445,0.1234147566718995,225.8958531180753,265.71383349161124,0.014402658646969668,0.9999999999999998,1.0,0.9999999999999998,34,8,2.246313299737149,1,2.246313299737149,False,False,False,True,0,904,8,0.4,0.3,0.3,balanced
1781387659378.818,0.4,0.3,0.3,615.1004709576138,636.4444444444445,0.12302009419152275,236.36039886039887,287.67173156062046,0.015100760430980579,0.9940694226408511,0.9958847736625513,0.9940694226408511,35,8,2.244482560986352,0,2.244482560986352,False,False,False,True,0,905,8,0.4,0.3,0.3,balanced
1781387686308.155,0.4,0.3,0.3,617.3485086342229,639.7777777777778,0.12346970172684457,237.8094333649889,295.22317188983857,0.015197427175783115,0.9939531368102794,0.9958847736625513,0.9939531368102794,34,8,2.244238832199611,1,2.244238832199611,False,False,False,True,0,906,8,0.4,0.3,0.3,balanced
1781387713025.701,0.4,0.3,0.3,618.2182103610675,640.0,0.1236436420722135,266.10873694207027,313.5612535612535,0.01708530600013811,0.9999999999999998,1.0,0.9999999999999998,34,8,2.245416951371073,2,2.245416951371073,False,False,False,True,0,907,8,0.4,0.3,0.3,balanced
1781387739853.559,0.4,0.3,0.3,623.3029827315542,647.0,0.12466059654631083,222.4406457739791,284.76100031655585,0.014172157823480927,0.9999999999999998,1.0,0.9999999999999998,32,8,2.2458841140344314,1,2.2458841140344314,False,False,False,True,0,908,8,0.4,0.3,0.3,balanced
1781387763088.968,0.4,0.3,0.3,622.23704866562,646.1111111111111,0.124447409733124,219.4571066793289,269.0788224121557,0.013973122526973242,0.9999999999999998,1.0,0.9999999999999998,32,8,2.2460290993486582,2,2.2460290993486582,False,False,False,True,0,909,8,0.4,0.3,0.3,balanced
1781387789904.358,0.4,0.3,0.3,631.5792778649922,657.5555555555555,0.12631585557299843,204.10414688192466,244.53466286799625,0.012948909064838202,0.9999999999999998,1.0,0.9999999999999998,29,8,2.245588985051349,1,2.245588985051349,False,False,False,True,0,910,8,0.4,0.3,0.3,balanced
1781387816818.695,0.4,0.3,0.3,635.2982731554159,662.7777777777778,0.12705965463108318,160.40677429566318,203.5264324153213,0.010033807491371793,0.9999999999999998,1.0,0.9999999999999998,28,8,2.246165995900155,1,2.246165995900155,False,False,False,True,0,911,8,0.4,0.3,0.3,balanced
1781387839950.676,0.4,0.3,0.3,641.4992150706436,670.4444444444445,0.12829984301412872,141.4316239316239,178.81924659702435,0.008767953564484583,0.9999999999999998,1.0,0.9999999999999998,26,8,2.246049676725003,1,2.246049676725003,False,False,False,True,0,912,8,0.4,0.3,0.3,balanced
1781387866569.279,0.4,0.3,0.3,645.0612244897959,675.0,0.12901224489795918,168.54779993668882,203.36182336182338,0.010576904598845152,0.9999999999999998,1.0,0.9999999999999998,25,8,2.2452220306611625,1,2.2452220306611625,False,False,False,True,0,913,8,0.4,0.3,0.3,balanced
1781387893285.2449,0.4,0.3,0.3,653.4615384615385,686.6666666666666,0.1306923076923077,186.36593858816082,244.27350427350427,0.01176557295451373,0.9999999999999998,1.0,0.9999999999999998,23,8,2.244193405036723,1,2.244193405036723,False,False,False,True,0,914,8,0.4,0.3,0.3,balanced
1781387919806.977,0.4,0.3,0.3,656.7205651491365,690.0,0.1313441130298273,147.3219373219373,182.1304210193099,0.00916090309018928,0.9999999999999998,1.0,0.9999999999999998,23,8,2.2447140838610125,2,2.2447140838610125,False,False,False,True,0,915,8,0.4,0.3,0.3,balanced
1781387942942.945,0.4,0.3,0.3,644.8194662480375,675.1111111111111,0.1289638932496075,165.92592592592592,205.4590060145616,0.010401996392656833,0.9999999999999998,1.0,0.9999999999999998,25,8,2.2452938437823597,0,2.2452938437823597,False,False,False,True,0,916,8,0.4,0.3,0.3,balanced
1781387969856.5,0.4,0.3,0.3,641.392464678179,670.8888888888889,0.12827849293563579,176.35406774295663,215.28015194681862,0.011097669629283298,0.9999999999999998,1.0,0.9999999999999998,26,8,2.2453593019369604,0,2.2453593019369604,False,False,False,True,0,917,8,0.4,0.3,0.3,balanced
1781387996994.47,0.4,0.3,0.3,642.778649921507,673.2222222222222,0.1285557299843014,176.14852801519464,237.12668566001906,0.011083957839572691,0.9957130781306605,0.9957264957264957,0.9957130781306605,25,8,2.243966444093606,1,2.243966444093606,False,False,False,True,0,918,8,0.4,0.3,0.3,balanced
1781388020331.037,0.4,0.3,0.3,652.6091051805337,686.2222222222222,0.13052182103610674,202.3179803735359,255.43051598607155,0.012829751859475377,0.9999999999999998,1.0,0.9999999999999998,23,8,2.2439423460277146,1,2.2439423460277146,False,False,False,True,0,919,8,0.4,0.3,0.3,balanced
1781388047164.0068,0.4,0.3,0.3,644.4992150706436,674.2222222222222,0.1288998430141287,211.74501424501423,267.28869895536565,0.013458640043029635,0.9958718530147099,0.9958847736625513,0.9958718530147099,25,8,2.243164026685853,0,2.243164026685853,False,False,False,True,0,920,8,0.4,0.3,0.3,balanced
1781388073785.767,0.4,0.3,0.3,652.0345368916796,684.8888888888889,0.13040690737833593,203.76938904716684,265.4115226337449,0.01292657698780299,0.9999999999999998,1.0,0.9999999999999998,23,8,2.2439592639523247,1,2.2439592639523247,False,False,False,True,0,921,8,0.4,0.3,0.3,balanced
1781388100598.215,0.4,0.3,0.3,656.23704866562,690.4444444444445,0.13124740973312402,209.11522633744858,259.5884773662551,0.013283203891757743,0.9999999999999998,1.0,0.9999999999999998,22,8,2.243516074939223,1,2.243516074939223,False,False,False,True,0,922,8,0.4,0.3,0.3,balanced
1781388124032.218,0.4,0.3,0.3,669.3124018838305,706.6666666666666,0.1338624803767661,167.0449509338398,204.94460272238047,0.010476647827474303,0.9999999999999998,1.0,0.9999999999999998,20,8,2.2433120135010514,1,2.2433120135010514,False,False,False,True,0,923,8,0.4,0.3,0.3,balanced
1781388151367.864,0.4,0.3,0.3,658.4788069073784,693.0,0.13169576138147568,160.9496676163343,200.69167458056347,0.010070024524105024,0.9999999999999998,1.0,0.9999999999999998,22,8,2.244300688090178,0,2.244300688090178,False,False,False,True,0,924,8,0.4,0.3,0.3,balanced
1781388178286.997,0.4,0.3,0.3,668.3704866562009,707.1111111111111,0.1336740973312402,169.80610952833175,205.62836340614118,0.010660847867133538,0.9999999999999998,1.0,0.9999999999999998,20,8,2.243332106707364,1,2.243332106707364,False,False,False,True,0,925,8,0.4,0.3,0.3,balanced
1781388205315.53,0.4,0.3,0.3,674.0502354788068,714.3333333333334,0.13481004709576136,164.82668566001897,212.58467869578982,0.010328664820548297,0.9999999999999998,1.0,0.9999999999999998,19,8,2.242977381715531,1,2.242977381715531,False,False,False,True,0,926,8,0.4,0.3,0.3,balanced
1781388232159.1,0.4,0.3,0.3,605.0502354788068,675.7777777777778,0.12101004709576137,133.2222222222222,151.2962962962963,0.00822029501148914,0.8398744113029827,0.8888888888888888,0.8398744113029827,17,8,2.2010922160491435,1,2.2010922160491435,False,False,False,True,0,927,8,0.4,0.3,0.3,balanced
1781388259278.913,0.4,0.3,0.3,700.3704866562008,747.2222222222222,0.14007409733124015,132.84425451092116,165.61886672997787,0.008195080354297609,0.9999999999999998,1.0,0.9999999999999998,16,8,2.2415118369612146,1,2.2415118369612146,False,False,False,True,0,928,8,0.4,0.3,0.3,balanced
1781388286298.177,0.4,0.3,0.3,690.7095761381476,735.1111111111111,0.1381419152276295,180.1661918328585,209.94935106046216,0.01135198077604126,0.9999999999999998,1.0,0.9999999999999998,17,8,2.2413376396761358,0,2.2413376396761358,False,False,False,True,0,929,8,0.4,0.3,0.3,balanced
1781388313028.99,0.4,0.3,0.3,702.1208791208792,749.0,0.14042417582417582,146.724438113327,184.16745805634696,0.009121043236379387,0.9999999999999998,1.0,0.9999999999999998,16,8,2.2410940166994155,1,2.2410940166994155,False,False,False,True,0,930,8,0.4,0.3,0.3,balanced
1781388336465.3472,0.4,0.3,0.3,723.0722135007849,776.3333333333334,0.14461444270015697,111.90724912947135,139.37796771130104,0.006798348841192218,0.9999999999999998,1.0,0.9999999999999998,14,8,2.2401147182675794,1,2.2401147182675794,False,False,False,True,0,931,8,0.4,0.3,0.3,balanced
1781388363993.8728,0.4,0.3,0.3,738.6499215070643,796.3333333333334,0.14772998430141285,150.31972143083254,186.1538461538461,0.009360888687847402,0.9999999999999998,1.0,0.9999999999999998,13,8,2.2380997396730806,1,2.2380997396730806,False,False,False,True,0,932,8,0.4,0.3,0.3,balanced
1781388391214.394,0.4,0.3,0.3,774.23704866562,842.5555555555555,0.154847409733124,137.40899018676794,180.1361190250079,0.008499599078503532,0.9999999999999998,1.0,0.9999999999999998,11,8,2.235511156383199,1,2.235511156383199,False,False,False,True,0,933,8,0.4,0.3,0.3,balanced
1781388421441.3271,0.4,0.3,0.3,710.5259026687597,812.6666666666666,0.14210518053375196,82.60565237094714,93.52679932435215,0.004843605895326694,0.8398744113029827,0.8888888888888888,0.8398744113029827,10,8,2.193667169408796,1,2.193667169408796,False,False,False,True,0,934,8,0.4,0.3,0.3,balanced
1781388445377.137,0.4,0.3,0.3,775.2543171114598,843.3333333333334,0.15505086342229196,99.6858182969294,131.97689142133586,0.005983043248627712,0.9999999999999998,1.0,0.9999999999999998,11,8,2.236184741656495,0,2.236184741656495,False,False,False,True,0,935,8,0.4,0.3,0.3,balanced
1781388472597.6318,0.4,0.3,0.3,737.8822605965464,796.8888888888889,0.14757645211930928,103.67521367521367,133.97594175371955,0.006249180365257749,0.9999999999999998,1.0,0.9999999999999998,13,8,2.239094665042699,0,2.239094665042699,False,False,False,True,0,936,8,0.4,0.3,0.3,balanced
1781388500314.631,0.4,0.3,0.3,725.3281004709575,779.3333333333334,0.1450656200941915,119.73092750870529,157.85691674580562,0.007320275350814229,0.9999999999999998,1.0,0.9999999999999998,14,8,2.2397776693570792,0,2.2397776693570792,False,False,False,True,0,937,8,0.4,0.3,0.3,balanced
1781388527940.1938,0.4,0.3,0.3,726.7394034536891,780.2222222222222,0.1453478806907378,98.29772079772079,129.4571066793289,0.005890441680968698,0.9999999999999998,1.0,0.9999999999999998,14,8,2.2400937152194142,2,2.2400937152194142,False,False,False,True,0,938,8,0.4,0.3,0.3,balanced
1781388551487.183,0.4,0.3,0.3,703.0015698587127,750.6666666666666,0.14060031397174255,102.53640392529282,127.35517568850901,0.006173209067731342,0.9999999999999998,1.0,0.9999999999999998,16,8,2.2419079116909835,0,2.2419079116909835,False,False,False,True,0,939,8,0.4,0.3,0.3,balanced
1781388578501.7012,0.4,0.3,0.3,693.0533751962324,737.4444444444445,0.13861067503924648,111.82098765432099,144.2054447610003,0.006792594239781253,0.9999999999999998,1.0,0.9999999999999998,17,8,2.242517951712367,0,2.242517951712367,False,False,False,True,0,940,8,0.4,0.3,0.3,balanced
1781388605515.1428,0.4,0.3,0.3,677.8241758241759,717.4444444444445,0.13556483516483517,125.21763216207658,156.51471984805318,0.00768629967725661,0.9999999999999998,1.0,0.9999999999999998,19,8,2.243468176030889,0,2.243468176030889,False,False,False,True,0,941,8,0.4,0.3,0.3,balanced
1781388628952.39,0.4,0.3,0.3,693.0408163265306,737.2222222222222,0.13860816326530612,292.6349477682811,333.7156062044951,0.018854899784408345,0.993841323511653,0.9957264957264957,0.993841323511653,17,8,2.2370526618120508,1,2.2370526618120508,False,False,False,True,0,942,8,0.4,0.3,0.3,balanced
1781388655877.416,0.4,0.3,0.3,677.9544740973312,717.4444444444445,0.13559089481946623,124.77366255144031,155.1471984805318,0.007656681958068066,0.9999999999999998,1.0,0.9999999999999998,19,8,2.243466637484793,0,2.243466637484793,False,False,False,True,0,943,8,0.4,0.3,0.3,balanced
1781388682696.43,0.4,0.3,0.3,692.6671899529042,737.3333333333334,0.13853343799058085,104.8377651155429,137.5102880658436,0.006326735498034882,0.9999999999999998,1.0,0.9999999999999998,17,8,2.242688604154357,1,2.242688604154357,False,False,False,True,0,944,8,0.4,0.3,0.3,balanced
1781388712518.955,0.4,0.3,0.3,591.2182103610675,657.4444444444445,0.1182436420722135,115.1296296296296,124.77777777777777,0.007013317520322189,0.8398744113029826,0.8888888888888888,0.8398744113029826,19,8,2.202560871305913,0,2.202560871305913,False,False,False,True,0,945,8,0.4,0.3,0.3,balanced
1781388736055.065,0.4,0.3,0.3,671.8257456828885,709.1111111111111,0.1343651491365777,131.49018676796453,160.06805951250396,0.008104748950497967,0.9999999999999998,1.0,0.9999999999999998,20,8,2.2438225156602196,0,2.2438225156602196,False,False,False,True,0,946,8,0.4,0.3,0.3,balanced
1781388763581.2122,0.4,0.3,0.3,660.5211930926215,694.6666666666666,0.1321042386185243,142.64075430742096,184.07554379776604,0.008848616031182185,0.9899412756555612,0.9917695473251028,0.9899412756555612,22,8,2.241486102439904,0,2.241486102439904,False,False,False,True,0,947,8,0.4,0.3,0.3,balanced
1781388790405.9702,0.4,0.3,0.3,654.0361067503924,686.7777777777778,0.13080722135007847,152.4438113327002,192.0132953466287,0.009502589148278865,0.9999999999999998,1.0,0.9999999999999998,23,8,2.244826334715485,0,2.244826334715485,False,False,False,True,0,948,8,0.4,0.3,0.3,balanced
1781388816925.998,0.4,0.3,0.3,645.5855572998429,675.8888888888889,0.12911711145996857,165.26986388097498,204.6169673947452,0.010358229745228485,0.9999999999999998,1.0,0.9999999999999998,25,8,2.245245686492444,0,2.245245686492444,False,False,False,True,0,949,8,0.4,0.3,0.3,balanced
1781388840271.384,0.4,0.3,0.3,640.9795918367346,669.8888888888889,0.12819591836734692,165.38382399493509,199.1215574548908,0.01036583215443196,0.9999999999999998,1.0,0.9999999999999998,26,8,2.2456118830067315,0,2.2456118830067315,False,False,False,True,0,950,8,0.4,0.3,0.3,balanced
1781388869889.376,0.4,0.3,0.3,545.6970172684458,599.7777777777778,0.10913940345368917,165.55922218102415,178.39315288592263,0.010377533167513286,0.8361590790162218,0.8851851851851852,0.8361590790162218,28,8,2.204078702373137,0,2.204078702373137,False,False,False,True,0,951,8,0.4,0.3,0.3,balanced
1781388896513.8372,0.4,0.3,0.3,629.5384615384615,656.2222222222222,0.1259076923076923,226.01614434947766,261.19658119658123,0.014410683412240003,0.9999999999999998,1.0,0.9999999999999998,29,8,2.245313718053251,0,2.245313718053251,False,False,False,True,0,952,8,0.4,0.3,0.3,balanced
1781388923830.594,0.4,0.3,0.3,624.2464678178964,648.2222222222222,0.12484929356357927,1084.670958259847,1215.9968253968254,0.07169252556770161,0.9881388452817023,0.9917695473251028,0.9881388452817023,32,8,2.2249941784887683,0,2.2249941784887683,False,False,False,True,0,953,8,0.4,0.3,0.3,balanced
1781388946965.782,0.4,0.3,0.3,614.8053375196232,638.0,0.12296106750392465,237.7793605571383,280.66160177271286,0.01519542098446553,0.9999999999999998,1.0,0.9999999999999998,34,8,2.2462569467030904,0,2.2462569467030904,False,False,False,True,0,954,8,0.4,0.3,0.3,balanced
1781388973776.9138,0.4,0.3,0.3,614.7927786499214,636.2222222222222,0.12295855572998428,226.7980373535929,270.1044634377967,0.014462844386497191,0.9999999999999998,1.0,0.9999999999999998,35,8,2.246477724392057,0,2.246477724392057,False,False,False,True,0,955,8,0.4,0.3,0.3,balanced
1781389000402.226,0.4,0.3,0.3,611.7425431711144,632.5555555555555,0.12234850863422289,241.74026590693256,281.4055080721747,0.0154596574987947,0.9999999999999998,1.0,0.9999999999999998,37,8,2.2464226992966725,0,2.2464226992966725,False,False,False,True,0,956,8,0.4,0.3,0.3,balanced
1781389023635.578,0.4,0.3,0.3,615.596546310832,637.6666666666666,0.1231193092621664,226.66468819246595,266.4407249129472,0.014453948511838956,0.9914261562613209,0.9914529914529915,0.9914261562613209,35,8,2.243843938619978,1,2.243843938619978,False,False,False,True,0,957,8,0.4,0.3,0.3,balanced
1781389050637.729,0.4,0.3,0.3,612.1899529042387,633.0,0.12243799058084774,242.78806584362138,288.7970876859766,0.015529557427859999,0.9999999999999998,1.0,0.9999999999999998,37,8,2.246365936539303,0,2.246365936539303,False,False,False,True,0,958,8,0.4,0.3,0.3,balanced
1781389077258.574,0.4,0.3,0.3,611.4427001569858,631.6666666666666,0.12228854003139715,225.8270022158911,283.54700854700855,0.014398065524742569,0.9999999999999998,1.0,0.9999999999999998,38,8,2.2467651643300184,0,2.2467651643300184,False,False,False,True,0,959,8,0.4,0.3,0.3,balanced
1781389103787.1511,0.4,0.3,0.3,611.6452119309263,632.3333333333334,0.12232904238618525,258.5857866413422,305.0728078505856,0.016583441403691942,0.9999999999999998,1.0,0.9999999999999998,37,8,2.246093350624418,1,2.246093350624418,False,False,False,True,0,960,8,0.4,0.3,0.3,balanced
1781389126721.007,0.4,0.3,0.3,609.8163265306122,630.0,0.12196326530612243,253.55017410572964,296.74738841405514,0.01624750994701332,0.9999999999999998,1.0,0.9999999999999998,38,8,2.246340440893447,0,2.246340440893447,False,False,False,True,0,961,8,0.4,0.3,0.3,balanced
1781389153445.558,0.4,0.3,0.3,607.3861852433281,626.7777777777778,0.12147723704866562,256.93969610636276,305.02690724912947,0.01647362882630839,0.9958718530147099,0.9958847736625513,0.9958718530147099,40,8,2.245228572437054,0,2.245228572437054,False,False,False,True,0,962,8,0.4,0.3,0.3,balanced
1781389180365.269,0.4,0.3,0.3,605.026687598116,623.7777777777778,0.12100533751962321,279.07803102247544,341.2013295346629,0.017950502403100428,0.9999999999999998,1.0,0.9999999999999998,41,8,2.2462127142712207,0,2.2462127142712207,False,False,False,True,0,963,8,0.4,0.3,0.3,balanced
1781389203699.734,0.4,0.3,0.3,601.5510204081633,620.0,0.12031020408163265,272.8774928774929,339.1326369104147,0.017536857430119606,0.9939531368102794,0.9958847736625513,0.9939531368102794,43,8,2.2448008021813948,0,2.2448008021813948,False,False,False,True,0,964,8,0.4,0.3,0.3,balanced
1781389230315.1099,0.4,0.3,0.3,600.5211930926216,618.4444444444445,0.12010423861852432,324.8377651155429,376.926242481798,0.02100318646534642,0.9999999999999998,1.0,0.9999999999999998,44,8,2.245657348612986,0,2.245657348612986,False,False,False,True,0,965,8,0.4,0.3,0.3,balanced
1781389256835.7861,0.4,0.3,0.3,596.8069073783358,613.6666666666666,0.11936138147566716,312.04336815447925,364.5884773662551,0.020149657648731105,0.9999999999999998,1.0,0.9999999999999998,46,8,2.246210550115114,0,2.246210550115114,False,False,False,True,0,966,8,0.4,0.3,0.3,balanced
1781389283460.255,0.4,0.3,0.3,595.7221350078494,612.1111111111111,0.11914442700156988,328.20750237416905,392.2491294713517,0.021227985481932558,0.9999999999999998,1.0,0.9999999999999998,47,8,2.245973833554792,0,2.245973833554792,False,False,False,True,0,967,8,0.4,0.3,0.3,balanced
1781389306289.0042,0.4,0.3,0.3,594.6875981161695,610.5555555555555,0.1189375196232339,339.5781893004115,406.2994618550174,0.021986536978012776,0.9999999999999998,1.0,0.9999999999999998,49,8,2.2458290310573026,0,2.2458290310573026,False,False,False,True,0,968,8,0.4,0.3,0.3,balanced
1781389332909.6912,0.4,0.3,0.3,596.4144427001569,613.2222222222222,0.11928288854003137,316.3912630579297,362.3393478949035,0.020439710677647077,0.9999999999999998,1.0,0.9999999999999998,47,8,2.246154931380693,1,2.246154931380693,False,False,False,True,0,969,8,0.4,0.3,0.3,balanced
1781389359622.801,0.4,0.3,0.3,594.6200941915228,610.3333333333334,0.11892401883830456,361.0794555239,440.88319088319093,0.02342091097557705,0.9940694226408511,0.9958847736625513,0.9940694226408511,49,8,2.2436249459642603,0,2.2436249459642603,False,False,False,True,0,970,8,0.4,0.3,0.3,balanced
1781389382658.314,0.4,0.3,0.3,593.1193092621664,608.3333333333334,0.11862386185243329,406.6310541310541,485.4779993668882,0.026459710082125023,0.9999999999999998,1.0,0.9999999999999998,50,8,2.244612542234389,0,2.244612542234389,False,False,False,True,0,971,8,0.4,0.3,0.3,balanced
1781389409169.355,0.4,0.3,0.3,591.2386185243327,605.7777777777778,0.11824772370486653,388.281101614435,478.7970876859765,0.025235563816840226,0.9999999999999998,1.0,0.9999999999999998,52,8,2.245130241373001,0,2.245130241373001,False,False,False,True,0,972,8,0.4,0.3,0.3,balanced
1781389435684.329,0.4,0.3,0.3,590.8728414442699,605.8888888888889,0.11817456828885398,386.95394112060774,475.1566951566951,0.02514702742632473,0.9999999999999998,1.0,0.9999999999999998,53,8,2.245186064456561,0,2.245186064456561,False,False,False,True,0,973,8,0.4,0.3,0.3,balanced
1781389462687.35,0.4,0.3,0.3,587.9497645211931,601.6666666666666,0.11758995290423861,531.781418170307,621.6255144032922,0.034808633633776315,0.9940694226408511,0.9958847736625513,0.9940694226408511,55,8,2.240742255540427,0,2.240742255540427,False,False,False,True,0,974,8,0.4,0.3,0.3,balanced
1781389485719.84,0.4,0.3,0.3,587.3657770800628,601.8888888888889,0.11747315541601255,511.5764482431149,580.2374169040835,0.03346073704090159,0.9999999999999998,1.0,0.9999999999999998,56,8,2.2429725167213244,0,2.2429725167213244,False,False,False,True,0,975,8,0.4,0.3,0.3,balanced
1781389512446.706,0.4,0.3,0.3,589.7959183673469,603.8888888888889,0.11795918367346937,480.96707818930037,580.9876543209878,0.03141875104665112,0.9999999999999998,1.0,0.9999999999999998,55,8,2.243390701216617,1,2.243390701216617,False,False,False,True,0,976,8,0.4,0.3,0.3,balanced
1781389539371.1382,0.4,0.3,0.3,587.9795918367346,601.7777777777778,0.11759591836734691,527.2325102880658,629.0202595758151,0.03450517079973754,0.9999999999999998,1.0,0.9999999999999998,56,8,2.2426100814131398,0,2.2426100814131398,False,False,False,True,0,977,8,0.4,0.3,0.3,balanced
1781389569590.884,0.4,0.3,0.3,588.309262166405,601.8888888888889,0.117661852433281,707.8512764424764,935.1604908988684,0.04655445473265353,0.8749379652605458,0.8979689366786141,0.8749379652605458,58,8,2.201450312185055,0,2.201450312185055,False,False,False,True,0,978,8,0.4,0.3,0.3,balanced
1781389592526.543,0.4,0.3,0.3,586.7566718995289,599.8888888888889,0.11735133437990578,464.079613801836,561.7236467236467,0.03029216903281094,0.9999999999999998,1.0,0.9999999999999998,59,8,2.2439718155381945,0,2.2439718155381945,False,False,False,True,0,979,8,0.4,0.3,0.3,balanced
1781389619341.8281,0.4,0.3,0.3,582.1789638932496,595.6666666666666,0.11643579277864992,586.8755935422602,691.7268122823679,0.03848402892209874,0.9999999999999998,1.0,0.9999999999999998,61,8,2.2418804742119103,0,2.2418804742119103,False,False,False,True,0,980,8,0.4,0.3,0.3,balanced
1781389645857.6191,0.4,0.3,0.3,585.6436420722134,599.1111111111111,0.11712872841444269,491.48227287116174,615.0269072491296,0.03212023167919691,0.9999999999999998,1.0,0.9999999999999998,59,8,2.243512439130464,1,2.243512439130464,False,False,False,True,0,981,8,0.4,0.3,0.3,balanced
1781389669090.211,0.4,0.3,0.3,584.171114599686,597.0,0.1168342229199372,552.2325102880659,649.6502057613169,0.036172949318750224,0.9999999999999998,1.0,0.9999999999999998,61,8,2.2424144260364,0,2.2424144260364,False,False,False,True,0,982,8,0.4,0.3,0.3,balanced
1781389695912.598,0.4,0.3,0.3,581.5777080062794,594.0,0.11631554160125589,470.1836024058246,548.7005381449826,0.030699373075772154,0.9999999999999998,1.0,0.9999999999999998,64,8,2.244263971436766,0,2.244263971436766,False,False,False,True,0,983,8,0.4,0.3,0.3,balanced
1781389722724.7979,0.4,0.3,0.3,580.1946624803768,592.1111111111111,0.11603893249607536,479.79423868312756,576.8724279835391,0.031340509585265346,0.9999999999999998,1.0,0.9999999999999998,65,8,2.2441822741259903,0,2.2441822741259903,False,False,False,True,0,984,8,0.4,0.3,0.3,balanced
1781389752042.811,0.4,0.3,0.3,584.0753532182102,595.2222222222222,0.11681507064364205,569.8844189016603,816.1430395913154,0.037350528278963326,0.8551244673693653,0.8994708994708994,0.8551244673693653,67,8,2.198606153469664,0,2.198606153469664,False,False,False,True,0,985,8,0.4,0.3,0.3,balanced
1781389775377.625,0.4,0.3,0.3,582.5620094191522,594.1111111111111,0.11651240188383044,562.1177587844254,680.8610319721431,0.036832405522643455,0.9999999999999998,1.0,0.9999999999999998,68,8,2.242345317589675,0,2.242345317589675,False,False,False,True,0,986,8,0.4,0.3,0.3,balanced
1781389804797.963,0.4,0.3,0.3,494.2464678178963,532.8888888888889,0.09884929356357926,667.4208173690932,841.6385696040868,0.04385729268639715,0.8521917642796762,0.8974358974358974,0.8521917642796762,67,8,2.202960624052552,1,2.202960624052552,False,False,False,True,0,987,8,0.4,0.3,0.3,balanced
1781389831620.594,0.4,0.3,0.3,582.2072213500785,594.2222222222222,0.1164414442700157,566.2124089901866,669.3336498892054,0.037105564308885036,0.9999999999999998,1.0,0.9999999999999998,65,8,2.242291752999328,1,2.242291752999328,False,False,False,True,0,988,8,0.4,0.3,0.3,balanced
1781389858241.911,0.4,0.3,0.3,583.574568288854,595.5555555555555,0.11671491365777081,532.3773345995568,613.602405824628,0.0348483878985695,0.9999999999999998,1.0,0.9999999999999998,64,8,2.2428595181673208,1,2.2428595181673208,False,False,False,True,0,989,8,0.4,0.3,0.3,balanced
1781389881573.724,0.4,0.3,0.3,583.8163265306122,596.8888888888889,0.11676326530612244,508.66334283000947,598.156062044951,0.033266400455637724,0.9999999999999998,1.0,0.9999999999999998,61,8,2.2433147737408596,1,2.2433147737408596,False,False,False,True,0,990,8,0.4,0.3,0.3,balanced
1781389908188.8271,0.4,0.3,0.3,585.640502354788,598.6666666666666,0.1171281004709576,478.0413105413105,584.0550807217473,0.031223569749253537,0.9999999999999998,1.0,0.9999999999999998,59,8,2.2437816888868407,1,2.2437816888868407,False,False,False,True,0,991,8,0.4,0.3,0.3,balanced
1781389934914.334,0.4,0.3,0.3,585.6954474097331,599.1111111111111,0.11713908948194662,541.2662234884456,633.2905982905983,0.03544137581644066,0.9999999999999998,1.0,0.9999999999999998,58,8,2.242511951462289,1,2.242511951462289,False,False,False,True,0,992,8,0.4,0.3,0.3,balanced
1781389961620.1638,0.4,0.3,0.3,587.9026687598116,602.0,0.11758053375196233,427.8426717315606,518.5248496359608,0.02787476128963046,0.9999999999999998,1.0,0.9999999999999998,56,8,2.244605358112326,1,2.244605358112326,False,False,False,True,0,993,8,0.4,0.3,0.3,balanced
1781389984755.2559,0.4,0.3,0.3,588.1899529042386,602.1111111111111,0.11763799058084771,418.99176954732513,503.5359290914846,0.02728430750816045,0.9999999999999998,1.0,0.9999999999999998,55,8,2.2447595115152126,1,2.2447595115152126,False,False,False,True,0,994,8,0.4,0.3,0.3,balanced
1781390050217.546,0.4,0.3,0.3,502.32496075353214,543.7777777777778,0.10046499215070642,319.5740740740741,341.55555555555554,0.020652039631359177,0.8398744113029826,0.8888888888888888,0.8398744113029826,53,8,2.2055807146412043,1,2.2055807146412043,False,False,False,True,1,995,8,0.4,0.3,0.3,balanced
1781390076934.233,0.4,0.3,0.3,591.7362637362637,606.7777777777778,0.11834725274725275,347.7849002849003,378.56916745805637,0.022534016029679804,0.9999999999999998,1.0,0.9999999999999998,52,8,2.2459008940921947,1,2.2459008940921947,False,False,False,True,0,996,8,0.4,0.3,0.3,balanced
1781390103558.604,0.4,0.3,0.3,594.1177394034537,609.8888888888889,0.11882354788069074,353.53434631212406,389.6866096866097,0.02291756813289687,0.9999999999999998,1.0,0.9999999999999998,50,8,2.2455953104078548,1,2.2455953104078548,False,False,False,True,0,997,8,0.4,0.3,0.3,balanced
1781390126795.255,0.4,0.3,0.3,594.8869701726844,610.2222222222222,0.11897739403453689,306.74817980373535,347.2253877809433,0.01979640959331123,0.9999999999999998,1.0,0.9999999999999998,49,8,2.2464701195081918,1,2.2464701195081918,False,False,False,True,0,998,8,0.4,0.3,0.3,balanced
1781390156209.003,0.4,0.3,0.3,526.2778649921506,543.4444444444445,0.10525557299843012,310.1481481481481,376.81481481481484,0.020023225360116616,0.8885400313971742,0.8888888888888888,0.8885400313971742,47,8,2.218452812611745,1,2.218452812611745,False,False,False,True,0,999,8,0.4,0.3,0.3,balanced
1781390183326.772,0.4,0.3,0.3,598.4160125588696,615.5555555555555,0.11968320251177393,306.8463754352643,376.8203228869896,0.019802960335908226,0.9879107461525043,0.9916112693890473,0.9879107461525043,46,8,2.242559054740269,1,2.242559054740269,False,False,False,True,0,1000,8,0.4,0.3,0.3,balanced
1781390206365.1272,0.4,0.3,0.3,600.2166405023547,617.0,0.12004332810047094,316.4648622981956,399.0012662234884,0.020444620566924324,0.9999999999999998,1.0,0.9999999999999998,44,8,2.2458492825897345,1,2.2458492825897345,False,False,False,True,0,1001,8,0.4,0.3,0.3,balanced
1781390233193.243,0.4,0.3,0.3,603.2009419152276,621.0,0.12064018838304554,294.58293763849315,370.99398543842995,0.018984852410840105,0.9999999999999998,1.0,0.9999999999999998,43,8,2.24604846892353,1,2.24604846892353,False,False,False,True,0,1002,8,0.4,0.3,0.3,balanced
1781390260020.258,0.4,0.3,0.3,602.3720565149137,619.2222222222222,0.12047441130298273,330.6062044950933,386.37226970560306,0.021388005636764063,0.9999999999999998,1.0,0.9999999999999998,44,8,2.2453938337877775,0,2.2453938337877775,False,False,False,True,0,1003,8,0.4,0.3,0.3,balanced
1781390286940.443,0.4,0.3,0.3,603.8524332810047,621.4444444444445,0.12077048665620094,280.31180753402975,327.8869895536562,0.018032809041629738,0.9999999999999998,1.0,0.9999999999999998,43,8,2.2462819626250305,1,2.2462819626250305,False,False,False,True,0,1004,8,0.4,0.3,0.3,balanced
1781390310077.801,0.4,0.3,0.3,606.0266875981162,624.7777777777778,0.12120533751962323,262.08293763849315,296.92940804051915,0.016816740336123626,0.9999999999999998,1.0,0.9999999999999998,41,8,2.2464728428913134,1,2.2464728428913134,False,False,False,True,0,1005,8,0.4,0.3,0.3,balanced
1781390336700.1582,0.4,0.3,0.3,603.7331240188382,621.5555555555555,0.12074662480376765,315.2405824628047,377.16999050332385,0.02036294746249531,0.9999999999999998,1.0,0.9999999999999998,43,8,2.2455924658397444,0,2.2455924658397444,False,False,False,True,0,1006,8,0.4,0.3,0.3,balanced
1781390363420.49,0.4,0.3,0.3,604.2244897959184,623.2222222222222,0.12084489795918368,262.6764798987021,327.3345995568218,0.016856336217391736,0.9999999999999998,1.0,0.9999999999999998,41,8,2.246605139951109,1,2.246605139951109,False,False,False,True,0,1007,8,0.4,0.3,0.3,balanced
1781390390149.194,0.4,0.3,0.3,607.4740973312402,626.7777777777778,0.12149481946624803,238.99176954732508,289.1057296612852,0.015276302171269185,0.9999999999999998,1.0,0.9999999999999998,40,8,2.24681918156212,1,2.24681918156212,False,False,False,True,0,1008,8,0.4,0.3,0.3,balanced
1781390413390.883,0.4,0.3,0.3,609.905808477237,629.7777777777778,0.1219811616954474,208.34283000949665,258.35074390629944,0.013231676451600845,0.9999999999999998,1.0,0.9999999999999998,38,8,2.2472380323863406,1,2.2472380323863406,False,False,False,True,0,1009,8,0.4,0.3,0.3,balanced
1781390439915.677,0.4,0.3,0.3,611.574568288854,633.0,0.12231491365777081,225.0079138968028,266.176005064894,0.014343423208592582,0.9999999999999998,1.0,0.9999999999999998,37,8,2.246771007574314,1,2.246771007574314,False,False,False,True,0,1010,8,0.4,0.3,0.3,balanced
1781390469543.123,0.4,0.3,0.3,539.0329670329671,560.4444444444445,0.10780659340659342,178.88878589379144,223.0230297037861,0.01126676356863185,0.879526003949967,0.8817204301075269,0.879526003949967,35,8,2.217355134751763,1,2.217355134751763,False,False,False,True,0,1011,8,0.4,0.3,0.3,balanced
1781390492876.494,0.4,0.3,0.3,611.1993720565149,632.4444444444445,0.12223987441130298,252.9211142766698,313.2677429566318,0.016205544648210127,0.9999999999999998,1.0,0.9999999999999998,37,8,2.2462423868410157,0,2.2462423868410157,False,False,False,True,0,1012,8,0.4,0.3,0.3,balanced
1781390519780.616,0.4,0.3,0.3,610.9843014128728,631.4444444444445,0.12219686028257457,229.3423551756885,270.68059512503953,0.014632578730866479,0.9999999999999998,1.0,0.9999999999999998,38,8,2.2467314822677102,0,2.2467314822677102,False,False,False,True,0,1013,8,0.4,0.3,0.3,balanced
1781390546603.2542,0.4,0.3,0.3,611.8791208791209,632.7777777777778,0.12237582417582418,249.20148781259894,319.18012029123133,0.015957404123588988,0.9999999999999998,1.0,0.9999999999999998,37,8,2.2462624490925935,1,2.2462624490925935,False,False,False,True,0,1014,8,0.4,0.3,0.3,balanced
1781390573325.332,0.4,0.3,0.3,614.8712715855572,637.1111111111111,0.12297425431711144,223.09908198797083,270.3102247546692,0.014216082854434346,0.9999999999999998,1.0,0.9999999999999998,35,8,2.246545473416825,1,2.246545473416825,False,False,False,True,0,1015,8,0.4,0.3,0.3,balanced
1781390596063.465,0.4,0.3,0.3,618.7912087912088,640.5555555555555,0.12375824175824175,270.2382082937638,325.4241848686293,0.01736078774474742,0.9999999999999998,1.0,0.9999999999999998,34,8,2.245288466973279,1,2.245288466973279,False,False,False,True,0,1016,8,0.4,0.3,0.3,balanced
1781390622673.606,0.4,0.3,0.3,623.3924646781788,647.6666666666666,0.12467849293563577,211.82731877176317,255.85470085470084,0.01346413067189881,0.9999999999999998,1.0,0.9999999999999998,32,8,2.246089363624176,1,2.246089363624176,False,False,False,True,0,1017,8,0.4,0.3,0.3,balanced
1781390649389.597,0.4,0.3,0.3,631.2700156985871,657.4444444444445,0.12625400313971744,195.52943969610635,221.40075973409307,0.012376880566784947,0.9999999999999998,1.0,0.9999999999999998,29,8,2.2457853345740775,1,2.2457853345740775,False,False,False,True,0,1018,8,0.4,0.3,0.3,balanced
1781390672722.121,0.4,0.3,0.3,632.4207221350078,660.0,0.12648414442700157,190.33396644507755,235.44950933839826,0.012030284619418116,0.9999999999999998,1.0,0.9999999999999998,28,8,2.2457972568433737,1,2.2457972568433737,False,False,False,True,0,1019,8,0.4,0.3,0.3,balanced
1781390699442.7021,0.4,0.3,0.3,641.1036106750394,670.8888888888889,0.12822072213500788,173.56995884773661,204.07565685343465,0.010911938548881695,0.9940694226408511,0.9958847736625513,0.9940694226408511,26,8,2.243658956373588,1,2.243658956373588,False,False,False,True,0,1020,8,0.4,0.3,0.3,balanced
1781390726169.85,0.4,0.3,0.3,634.2354788069074,661.2222222222222,0.12684709576138148,207.85612535612537,237.77461221905665,0.013199207828961,0.9999999999999998,1.0,0.9999999999999998,28,8,2.245301399346759,0,2.245301399346759,False,False,False,True,0,1021,8,0.4,0.3,0.3,balanced
1781390752979.5898,0.4,0.3,0.3,628.4018838304553,655.2222222222222,0.12568037676609106,195.88081671415003,236.93732193732194,0.012400321328495665,0.9999999999999998,1.0,0.9999999999999998,29,8,2.246007752895015,0,2.246007752895015,False,False,False,True,0,1022,8,0.4,0.3,0.3,balanced
1781390776220.767,0.4,0.3,0.3,618.4489795918366,642.4444444444445,0.12368979591836733,776.0798353909463,885.8913580246913,0.05110605973255145,0.9977659702934427,0.9957264957264957,0.9977659702934427,32,8,2.2345220548009204,0,2.2345220548009204,False,False,False,True,0,1023,8,0.4,0.3,0.3,balanced
1781390803252.896,0.4,0.3,0.3,630.8445839874411,656.8888888888889,0.1261689167974882,217.42481798037355,280.38778094333657,0.013837546229511244,0.9999999999999998,1.0,0.9999999999999998,29,8,2.245381169412151,1,2.245381169412151,False,False,False,True,0,1024,8,0.4,0.3,0.3,balanced
1781390830071.317,0.4,0.3,0.3,635.4207221350077,662.1111111111111,0.12708414442700156,218.8217157328268,244.36619183285853,0.013930734872103188,0.9999999999999998,1.0,0.9999999999999998,28,8,2.2449871217675685,1,2.2449871217675685,False,False,False,True,0,1025,8,0.4,0.3,0.3,balanced
1781390856889.714,0.4,0.3,0.3,640.2543171114598,670.0,0.12805086342229197,225.45267489711935,259.79423868312756,0.014373093722289483,0.9958718530147099,0.9958847736625513,0.9958718530147099,26,8,2.243229282418809,1,2.243229282418809,False,False,False,True,0,1026,8,0.4,0.3,0.3,balanced
1781390880024.78,0.4,0.3,0.3,644.1538461538461,674.4444444444445,0.12883076923076922,182.81813865147194,214.34314656536878,0.01152889517354716,0.9999999999999998,1.0,0.9999999999999998,25,8,2.245009023755628,1,2.245009023755628,False,False,False,True,0,1027,8,0.4,0.3,0.3,balanced
1781390906738.26,0.4,0.3,0.3,641.1224489795918,669.8888888888889,0.12822448979591836,179.46818613485277,211.42291864514084,0.011305416019669964,0.9999999999999998,1.0,0.9999999999999998,26,8,2.2453185792757315,0,2.2453185792757315,False,False,False,True,0,1028,8,0.4,0.3,0.3,balanced
1781390933464.396,0.4,0.3,0.3,644.4992150706437,675.4444444444445,0.12889984301412874,202.02437480215255,237.26179170623612,0.012810165096874753,0.9999999999999998,1.0,0.9999999999999998,25,8,2.244597013265286,1,2.244597013265286,False,False,False,True,0,1029,8,0.4,0.3,0.3,balanced
1781390956805.609,0.4,0.3,0.3,640.4583987441129,669.2222222222222,0.12809167974882257,202.90914846470397,233.4235517568851,0.01286918935721841,0.9999999999999998,1.0,0.9999999999999998,26,8,2.2449025712933053,0,2.2449025712933053,False,False,False,True,0,1030,8,0.4,0.3,0.3,balanced
1781390983736.733,0.4,0.3,0.3,643.2056514913659,674.0,0.12864113029827318,207.41927825261158,246.79645457423237,0.01317006526034767,0.9999999999999998,1.0,0.9999999999999998,25,8,2.2445925283025865,1,2.2445925283025865,False,False,False,True,0,1031,8,0.4,0.3,0.3,balanced
1781391010664.605,0.4,0.3,0.3,652.2621664050235,685.1111111111111,0.1304524332810047,179.11522633744855,215.67901234567898,0.011281869668942532,0.9999999999999998,1.0,0.9999999999999998,23,8,2.2444344657869153,1,2.2444344657869153,False,False,False,True,0,1032,8,0.4,0.3,0.3,balanced
1781391037587.454,0.4,0.3,0.3,656.5761381475667,690.2222222222222,0.13131522762951334,156.93099081987967,191.8771763216208,0.009801934010665755,0.9999999999999998,1.0,0.9999999999999998,22,8,2.244533328744995,1,2.244533328744995,False,False,False,True,0,1033,8,0.4,0.3,0.3,balanced
1781391061028.0261,0.4,0.3,0.3,653.1789638932496,685.7777777777778,0.13063579277864992,205.99398543842983,250.93700538144978,0.013074982350795853,0.9999999999999998,1.0,0.9999999999999998,23,8,2.2438231881833013,0,2.2438231881833013,False,False,False,True,0,1034,8,0.4,0.3,0.3,balanced
1781391087837.926,0.4,0.3,0.3,662.4462686567163,691.2222222222222,0.13248925373134326,186.42952907658793,215.1076289965179,0.011769815148538221,0.9999999999999998,1.0,0.9999999999999998,22,8,2.243473353962901,1,2.243473353962901,False,False,False,True,0,1035,8,0.4,0.3,0.3,balanced
1781391117169.135,0.4,0.3,0.3,622.6985871271585,619.0,0.1245397174254317,144.51724137931035,174.7381864623244,0.00897379862437027,0.9419152276295131,0.8888888888888888,0.9419152276295131,20,8,2.2300665417313703,1,2.2300665417313703,False,False,False,True,0,1036,8,0.4,0.3,0.3,balanced
1781391144196.395,0.4,0.3,0.3,658.2025117739403,692.8888888888889,0.13164050235478805,169.42624248179803,203.0468502690725,0.01063550650312195,0.9999999999999998,1.0,0.9999999999999998,22,8,2.244153147107148,0,2.244153147107148,False,False,False,True,0,1037,8,0.4,0.3,0.3,balanced
1781391167533.0962,0.4,0.3,0.3,669.8854003139717,707.5555555555555,0.13397708006279432,162.18581829692943,199.09781576448242,0.010152489546159401,0.9999999999999998,1.0,0.9999999999999998,20,8,2.2433634211110345,1,2.2433634211110345,False,False,False,True,0,1038,8,0.4,0.3,0.3,balanced
1781391194751.1958,0.4,0.3,0.3,676.1946624803767,715.8888888888889,0.13523893249607533,169.74992086103194,205.65527065527067,0.010657099457040155,0.9999999999999998,1.0,0.9999999999999998,19,8,2.2427072971644577,1,2.2427072971644577,False,False,False,True,0,1039,8,0.4,0.3,0.3,balanced
1781391221774.4,0.4,0.3,0.3,692.0219780219779,736.3333333333334,0.13840439560439557,137.45805634694523,166.1712567268123,0.008502872338021696,0.99587185301471,0.9958847736625513,0.99587185301471,17,8,2.2408489359612482,1,2.2408489359612482,False,False,False,True,0,1040,8,0.4,0.3,0.3,balanced
1781391245115.269,0.4,0.3,0.3,675.4395604395604,715.4444444444445,0.13508791208791207,160.96628679962012,196.85185185185185,0.010071133208780529,0.9999999999999998,1.0,0.9999999999999998,19,8,2.242943495202201,0,2.242943495202201,False,False,False,True,0,1041,8,0.4,0.3,0.3,balanced
1781391272224.3801,0.4,0.3,0.3,693.4521193092621,737.5555555555555,0.13869042386185243,192.7817347261792,237.91864514086734,0.01219357803376779,0.9940694226408511,0.9958847736625513,0.9940694226408511,17,8,2.239086583837384,1,2.239086583837384,False,False,False,True,0,1042,8,0.4,0.3,0.3,balanced
1781391299241.379,0.4,0.3,0.3,700.3171114599685,747.4444444444445,0.1400634222919937,118.76780626780628,144.14055080721747,0.00725602443414318,0.9999999999999998,1.0,0.9999999999999998,16,8,2.2417978237529597,1,2.2417978237529597,False,False,False,True,0,1043,8,0.4,0.3,0.3,balanced
1781391326165.26,0.4,0.3,0.3,724.5620094191522,778.0,0.14491240188383045,120.52943969610637,142.105096549541,0.0073735450097469225,0.9999999999999998,1.0,0.9999999999999998,14,8,2.2398229757435435,1,2.2398229757435435,False,False,False,True,0,1044,8,0.4,0.3,0.3,balanced
1781391349600.952,0.4,0.3,0.3,738.3940345368916,795.8888888888889,0.1476788069073783,104.46976891421336,136.093700538145,0.006302186051648656,0.9999999999999998,1.0,0.9999999999999998,13,8,2.239037821421554,1,2.239037821421554,False,False,False,True,0,1045,8,0.4,0.3,0.3,balanced
1781391376739.468,0.4,0.3,0.3,773.5054945054944,841.2222222222222,0.15470109890109887,107.94555238999682,140.6236150680595,0.006534059532354691,0.9999999999999998,1.0,0.9999999999999998,11,8,2.236159342579854,1,2.236159342579854,False,False,False,True,0,1046,8,0.4,0.3,0.3,balanced
1781391403973.32,0.4,0.3,0.3,798.5871271585556,873.4444444444445,0.15971742543171114,107.45726495726494,138.24311490978158,0.006501485320698128,0.9999999999999998,1.0,0.9999999999999998,10,8,2.234162584231106,1,2.234162584231106,False,False,False,True,0,1047,8,0.4,0.3,0.3,balanced
1781391431094.187,0.4,0.3,0.3,775.4050235478808,843.6666666666666,0.15508100470957614,105.36483064260841,134.55049066160177,0.006361896640600962,0.9999999999999998,1.0,0.9999999999999998,11,8,2.236059029123989,0,2.236059029123989,False,False,False,True,0,1048,8,0.4,0.3,0.3,balanced
1781391454430.495,0.4,0.3,0.3,776.171114599686,844.4444444444445,0.15523422291993721,86.06521050965495,110.36720481164924,0.005074396965287188,0.9999999999999998,1.0,0.9999999999999998,11,8,2.236383991742439,2,2.236383991742439,False,False,False,True,0,1049,8,0.4,0.3,0.3,balanced
1781391481447.8718,0.4,0.3,0.3,799.7441130298273,874.6666666666666,0.15994882260596546,78.86039886039886,92.22855333966444,0.0045937557612007246,0.9999999999999998,1.0,0.9999999999999998,10,8,2.2346423442292536,1,2.2346423442292536,False,False,False,True,0,1050,8,0.4,0.3,0.3,balanced
1781391514576.753,0.4,0.3,0.3,577.8351648351647,672.5555555555555,0.11556703296703294,58.27217553688141,66.98879551820727,0.0032202918970567988,0.7284144427001569,0.7777777777777778,0.7284144427001569,11,8,2.171331432054117,0,2.171331432054117,False,False,False,True,0,1051,8,0.4,0.3,0.3,balanced
1781391541408.546,0.4,0.3,0.3,737.6059654631082,794.8888888888889,0.14752119309262163,88.92845837290281,110.99081987970878,0.005265407496524537,0.9999999999999998,1.0,0.9999999999999998,13,8,2.239411900513994,0,2.239411900513994,False,False,False,True,0,1052,8,0.4,0.3,0.3,balanced
1781391564451.476,0.4,0.3,0.3,723.4568288854002,777.2222222222222,0.14469136577708006,89.4642291864514,112.1161760050649,0.005301149378682549,0.9999999999999998,1.0,0.9999999999999998,14,8,2.2405331088755633,0,2.2405331088755633,False,False,False,True,0,1053,8,0.4,0.3,0.3,balanced
1781391591172.374,0.4,0.3,0.3,702.6671899529041,749.4444444444445,0.14053343799058082,119.85517568850901,151.6033554922444,0.007328564088626351,0.9999999999999998,1.0,0.9999999999999998,16,8,2.24158805557718,0,2.24158805557718,False,False,False,True,0,1054,8,0.4,0.3,0.3,balanced
1781391617792.554,0.4,0.3,0.3,693.3783359497645,737.4444444444445,0.1386756671899529,128.71715732826843,159.59955682177903,0.007919756993213371,0.9999999999999998,1.0,0.9999999999999998,17,8,2.242153806026055,0,2.242153806026055,False,False,False,True,0,1055,8,0.4,0.3,0.3,balanced
1781391644810.886,0.4,0.3,0.3,675.4113029827315,714.8888888888889,0.1350822605965463,120.72095599873379,151.32003798670465,0.007386321280769432,0.9999999999999998,1.0,0.9999999999999998,19,8,2.2437511993771504,0,2.2437511993771504,False,False,False,True,0,1056,8,0.4,0.3,0.3,balanced
1781391668351.918,0.4,0.3,0.3,669.839874411303,707.6666666666666,0.1339679748822606,150.72570433681545,185.5286483064261,0.009387972270634787,0.9999999999999998,1.0,0.9999999999999998,20,8,2.243596418365905,0,2.243596418365905,False,False,False,True,0,1057,8,0.4,0.3,0.3,balanced
1781391695670.503,0.4,0.3,0.3,677.4945054945055,716.6666666666666,0.1354989010989011,129.6153846153846,156.8376068376068,0.007979678760199107,0.9999999999999998,1.0,0.9999999999999998,19,8,2.2434065359323796,1,2.2434065359323796,False,False,False,True,0,1058,8,0.4,0.3,0.3,balanced
1781391724492.882,0.4,0.3,0.3,672.3281004709576,709.1111111111111,0.13446562009419152,190.19293924466336,259.5361247947455,0.012020876534000224,0.9145238997455746,0.9406130268199233,0.9145238997455746,20,8,2.2169646589257956,0,2.2169646589257956,False,False,False,True,0,1059,8,0.4,0.3,0.3,balanced
1781391747729.395,0.4,0.3,0.3,657.6687598116168,691.7777777777778,0.13153375196232336,151.45220006331115,187.34409623298512,0.009436437629306947,0.9999999999999998,1.0,0.9999999999999998,22,8,2.2445555679262785,0,2.2445555679262785,False,False,False,True,0,1060,8,0.4,0.3,0.3,balanced
1781391774848.681,0.4,0.3,0.3,653.0204081632652,686.1111111111111,0.13060408163265302,158.47974042418485,194.99841722063942,0.009905252863521338,0.9999999999999998,1.0,0.9999999999999998,23,8,2.2447867914878823,0,2.2447867914878823,False,False,False,True,0,1061,8,0.4,0.3,0.3,balanced
1781391801872.447,0.4,0.3,0.3,644.3155416012559,674.5555555555555,0.12886310832025116,191.62630579297243,244.24026590693256,0.012116498051565873,0.9999999999999998,1.0,0.9999999999999998,25,8,2.24481980725643,0,2.24481980725643,False,False,False,True,0,1062,8,0.4,0.3,0.3,balanced
1781391836808.362,0.4,0.3,0.3,643.7221350078493,674.0,0.12874442700156985,455.35802469135797,493.20370370370375,0.029710341874006535,0.7628820159432402,0.7625781625781625,0.7628820159432402,26,8,2.168453731420142,0,2.168453731420142,False,False,False,True,0,1063,8,0.4,0.3,0.3,balanced
1781391863640.6108,0.4,0.3,0.3,632.6656200941916,660.3333333333334,0.12653312401883832,174.5267489711934,205.86261475150363,0.010975767109485883,0.9999999999999998,1.0,0.9999999999999998,28,8,2.2460940202596187,0,2.2460940202596187,False,False,False,True,0,1064,8,0.4,0.3,0.3,balanced
1781391887179.19,0.4,0.3,0.3,640.4756671899529,669.3333333333334,0.1280951334379906,340.99240265906934,401.951566951567,0.02208088076444759,0.9899412756555612,0.9917695473251028,0.9899412756555612,26,8,2.2391200650921377,1,2.2391200650921377,False,False,False,True,0,1065,8,0.4,0.3,0.3,balanced
1781391914089.668,0.4,0.3,0.3,643.1836734693876,673.7777777777778,0.1286367346938775,168.41009813232034,210.85153529597972,0.01056771835439095,0.9940694226408511,0.9958847736625513,0.9940694226408511,25,8,2.243595817408387,1,2.243595817408387,False,False,False,True,0,1066,8,0.4,0.3,0.3,balanced
1781391941113.176,0.4,0.3,0.3,642.3375196232339,671.0,0.1284675039246468,160.34108895220004,200.33713200379867,0.010029425547178122,0.9999999999999998,1.0,0.9999999999999998,26,8,2.2456041707659877,0,2.2456041707659877,False,False,False,True,0,1067,8,0.4,0.3,0.3,balanced
1781391968027.694,0.4,0.3,0.3,634.8901098901098,661.7777777777778,0.12697802197802197,200.0126622348844,251.30737575182022,0.012675961456630047,0.9999999999999998,1.0,0.9999999999999998,28,8,2.2454060027718024,0,2.2454060027718024,False,False,False,True,0,1068,8,0.4,0.3,0.3,balanced
1781391991373.451,0.4,0.3,0.3,630.6310832025118,657.3333333333334,0.12612621664050236,191.72602089268753,237.93763849319404,0.012123150159618915,0.9999999999999998,1.0,0.9999999999999998,29,8,2.245912568295913,0,2.245912568295913,False,False,False,True,0,1069,8,0.4,0.3,0.3,balanced
1781392020695.071,0.4,0.3,0.3,614.1221455124801,626.8888888888889,0.12282442910249601,1661.2079937079939,1801.9091710758378,0.11015396889312834,0.9292676152630005,0.9252873563218391,0.9292676152630005,32,8,2.1966043222699634,0,2.1966043222699634,False,False,False,True,0,1070,8,0.4,0.3,0.3,balanced
1781392047519.72,0.4,0.3,0.3,618.3343799058085,640.8888888888889,0.1236668759811617,240.8776511554289,296.24089901867677,0.01540211148468505,0.9999999999999998,1.0,0.9999999999999998,34,8,2.24591261616213,0,2.24591261616213,False,False,False,True,0,1071,8,0.4,0.3,0.3,balanced
1781392074556.98,0.4,0.3,0.3,615.5808477237049,636.8888888888889,0.12311616954474097,220.88556505223167,272.9423868312757,0.014068416614558484,0.9999999999999998,1.0,0.9999999999999998,35,8,2.246533007197736,0,2.246533007197736,False,False,False,True,0,1072,8,0.4,0.3,0.3,balanced
1781392100400.878,0.4,0.3,0.3,524.6248037676609,573.3333333333334,0.10492496075353218,230.037037037037,271.7037037037037,0.014678921750302668,0.8367346938775508,0.8888888888888888,0.8367346938775508,37,8,2.2046467473367617,0,2.2046467473367617,False,False,False,True,0,1073,8,0.4,0.3,0.3,balanced
1781392127021.8079,0.4,0.3,0.3,608.5777080062794,629.5555555555555,0.12171554160125587,259.4848053181387,328.88730610952837,0.016643415965186037,0.9999999999999998,1.0,0.9999999999999998,38,8,2.246320758569942,0,2.246320758569942,False,False,False,True,0,1074,8,0.4,0.3,0.3,balanced
1781392153737.745,0.4,0.3,0.3,606.3626373626374,625.2222222222222,0.12127252747252748,262.0821462488129,320.2659069325736,0.01681668754161527,0.9999999999999998,1.0,0.9999999999999998,40,8,2.2464459827485044,0,2.2464459827485044,False,False,False,True,0,1075,8,0.4,0.3,0.3,balanced
1781392183774.883,0.4,0.3,0.3,517.5839874411303,563.4444444444445,0.10351679748822605,7220.588837685611,7144.490527393752,0.4810266069169854,0.8360020931449502,0.8814814814814815,0.8360020931449502,41,8,2.065085926873099,0,2.065085926873099,False,False,False,True,0,1076,8,0.4,0.3,0.3,balanced
1781392206814.969,0.4,0.3,0.3,604.2354788069073,623.7777777777778,0.12084709576138146,319.7546691991136,399.59164292497627,0.02066408733816635,0.9999999999999998,1.0,0.9999999999999998,40,8,2.2454619354939975,1,2.2454619354939975,False,False,False,True,0,1077,8,0.4,0.3,0.3,balanced
1781392233435.416,0.4,0.3,0.3,603.9544740973313,622.3333333333334,0.12079089481946625,284.12162076606523,339.1965178854068,0.018286966028423297,0.9977659702934427,0.9957264957264957,0.9977659702934427,41,8,2.2455273433517196,0,2.2455273433517196,False,False,False,True,0,1078,8,0.4,0.3,0.3,balanced
1781392260253.582,0.4,0.3,0.3,606.7519623233908,626.3333333333334,0.12135039246467816,298.5612535612535,342.55460588793926,0.019250250404353138,0.9999999999999998,1.0,0.9999999999999998,40,8,2.245684767892823,1,2.245684767892823,False,False,False,True,0,1079,8,0.4,0.3,0.3,balanced
1781392283292.5168,0.4,0.3,0.3,602.3736263736264,621.5555555555555,0.12047472527472528,255.99161126938904,297.2380500158278,0.016410381005296133,0.9999999999999998,1.0,0.9999999999999998,41,8,2.246886995588521,0,2.246886995588521,False,False,False,True,0,1080,8,0.4,0.3,0.3,balanced
1781392310116.847,0.4,0.3,0.3,600.6389324960753,618.8888888888889,0.12012778649921506,313.22649572649567,355.00158277936055,0.02022858543872553,0.9999999999999998,1.0,0.9999999999999998,43,8,2.245880309768696,0,2.245880309768696,False,False,False,True,0,1081,8,0.4,0.3,0.3,balanced
1781392336926.6428,0.4,0.3,0.3,600.6609105180532,618.3333333333334,0.12013218210361065,348.6071541627097,404.49984172206393,0.022588869523863225,0.9999999999999998,1.0,0.9999999999999998,44,8,2.2451704663013965,0,2.2451704663013965,False,False,False,True,0,1082,8,0.4,0.3,0.3,balanced
1781392363665.174,0.4,0.3,0.3,597.8194662480377,614.4444444444445,0.11956389324960753,336.91278885723335,385.9876543209877,0.0218087250738648,0.9999999999999998,1.0,0.9999999999999998,46,8,2.2456318251779974,0,2.2456318251779974,False,False,False,True,0,1083,8,0.4,0.3,0.3,balanced
1781392386899.3772,0.4,0.3,0.3,595.7331240188382,611.6666666666666,0.11914662480376764,525.3917378917378,663.3760683760685,0.034382370773298046,0.9999999999999998,1.0,0.9999999999999998,47,8,2.2420266388465033,0,2.2420266388465033,False,False,False,True,0,1084,8,0.4,0.3,0.3,balanced
1781392414215.98,0.4,0.3,0.3,592.1569858712716,607.7777777777778,0.11843139717425431,361.8360240582462,430.68059512503964,0.02347138252556679,0.9999999999999998,1.0,0.9999999999999998,49,8,2.245586026372628,0,2.245586026372628,False,False,False,True,0,1085,8,0.4,0.3,0.3,balanced
1781392441038.937,0.4,0.3,0.3,593.3908948194662,608.5555555555555,0.11867817896389324,376.19104146881926,449.95726495726495,0.02442902211266306,0.9999999999999998,1.0,0.9999999999999998,50,8,2.2452000217806436,0,2.2452000217806436,False,False,False,True,0,1086,8,0.4,0.3,0.3,balanced
1781392464378.721,0.4,0.3,0.3,589.2668759811617,604.5555555555555,0.11785337519623233,424.0329218106995,502.39791073124405,0.027620608526397566,0.9999999999999998,1.0,0.9999999999999998,52,8,2.2445724673635876,0,2.2445724673635876,False,False,False,True,0,1087,8,0.4,0.3,0.3,balanced
1781392491200.009,0.4,0.3,0.3,589.3783359497645,604.2222222222222,0.1178756671899529,387.8521684077239,453.6752136752136,0.025206949193310468,0.9999999999999998,1.0,0.9999999999999998,53,8,2.2452876483660256,0,2.2452876483660256,False,False,False,True,0,1088,8,0.4,0.3,0.3,balanced
1781392520316.8171,0.4,0.3,0.3,588.9309262166404,603.2222222222222,0.11778618524332808,487.3911238825032,630.0159642401021,0.03184730646314231,0.8558869701726843,0.8999999999999999,0.8558869701726843,55,8,2.200097425015531,0,2.200097425015531,False,False,False,True,0,1089,8,0.4,0.3,0.3,balanced
1781392547039.743,0.4,0.3,0.3,587.3312401883829,601.0,0.1174662480376766,388.40297562519777,449.84330484330485,0.02524369417112727,0.9999999999999998,1.0,0.9999999999999998,56,8,2.2454403925335913,0,2.2454403925335913,False,False,False,True,0,1090,8,0.4,0.3,0.3,balanced
1781392570075.639,0.4,0.3,0.3,588.2276295133438,602.4444444444445,0.11764552590266876,407.2372586261475,471.8724279835391,0.02650015067552685,0.9999999999999998,1.0,0.9999999999999998,55,8,2.244991744436274,1,2.244991744436274,False,False,False,True,0,1091,8,0.4,0.3,0.3,balanced
1781392683726.329,0.4,0.3,0.3,73.76766091051805,141.11111111111111,0.01475353218210361,206.67471988795518,137.7831465919701,0.013120394922478665,0.11616954474097331,0.2222222222222222,0.11616954474097331,56,8,2.025013332072707,0,2.025013332072707,False,False,False,True,0,1092,8,0.4,0.3,0.3,balanced
1781392707063.987,0.4,0.3,0.3,589.6357927786499,603.3333333333334,0.11792715855573,387.3773345995568,481.48306426084196,0.025175272488295982,0.9999999999999998,1.0,0.9999999999999998,55,8,2.2452765548312192,1,2.2452765548312192,False,False,False,True,0,1093,8,0.4,0.3,0.3,balanced
1781392736786.616,0.4,0.3,0.3,502.0706436420721,543.2222222222222,0.10041412872841443,371.77777777777777,409.0740740740741,0.024134608257356756,0.8398744113029827,0.8888888888888888,0.8398744113029827,56,8,2.204556289422322,0,2.204556289422322,False,False,False,True,0,1094,8,0.4,0.3,0.3,balanced
1781392767603.039,0.4,0.3,0.3,588.215070643642,602.1111111111111,0.1176430141287284,932.5318514502574,1108.9578627149785,0.06154315219814926,0.8688770999115826,0.8943805874840357,0.8688770999115826,58,8,2.1951429786625387,0,2.1951429786625387,False,False,False,True,0,1095,8,0.4,0.3,0.3,balanced
1781392794418.957,0.4,0.3,0.3,585.2904238618523,599.2222222222222,0.11705808477237047,441.19262424817975,536.6587527698639,0.028765351851112727,0.9999999999999998,1.0,0.9999999999999998,59,8,2.244547160535718,0,2.244547160535718,False,False,False,True,0,1096,8,0.4,0.3,0.3,balanced
1781392818050.137,0.4,0.3,0.3,584.414442700157,597.0,0.1168828885400314,453.88176638176634,549.8987021209243,0.0296118589981165,0.9999999999999998,1.0,0.9999999999999998,61,8,2.2443632868845524,0,2.2443632868845524,False,False,False,True,0,1097,8,0.4,0.3,0.3,balanced
1781392846382.322,0.4,0.3,0.3,582.0737833594976,594.6666666666666,0.11641475667189952,514.7538778094333,634.9762583095918,0.03367270699195686,0.9999999999999998,1.0,0.9999999999999998,64,8,2.2433322852336532,0,2.2433322852336532,False,False,False,True,0,1098,8,0.4,0.3,0.3,balanced
1781392873195.76,0.4,0.3,0.3,585.3296703296702,598.2222222222222,0.11706593406593403,419.51012978790754,520.9354226020891,0.02731888791113459,0.9999999999999998,1.0,0.9999999999999998,61,8,2.244977960000286,1,2.244977960000286,False,False,False,True,0,1099,8,0.4,0.3,0.3,balanced
1781392899729.5188,0.4,0.3,0.3,584.116169544741,596.0,0.11682323390894819,492.32589427033867,580.357708135486,0.03217651062510598,0.9999999999999998,1.0,0.9999999999999998,64,8,2.243617753248889,0,2.243617753248889,False,False,False,True,0,1100,8,0.4,0.3,0.3,balanced
1781392922762.86,0.4,0.3,0.3,582.9356357927785,595.0,0.1165871271585557,513.0800886356441,616.968977524533,0.03356104660678079,0.9999999999999998,1.0,0.9999999999999998,65,8,2.2432968351545433,0,2.2432968351545433,False,False,False,True,0,1101,8,0.4,0.3,0.3,balanced
1781392953589.1719,0.4,0.3,0.3,545.1287284144427,524.2222222222222,0.10902574568288853,1068.7203181003583,1027.162858422939,0.07062844016680175,0.8739253943335575,0.8439153439153438,0.8739253943335575,67,8,2.1973787879768714,0,2.1973787879768714,False,False,False,True,0,1102,8,0.4,0.3,0.3,balanced
1781392980214.965,0.4,0.3,0.3,580.0141287284143,592.1111111111111,0.11600282574568287,525.1709401709402,588.1006647673315,0.03436764110546632,0.9940694226408511,0.9958847736625513,0.9940694226408511,68,8,2.2415094041623425,0,2.2415094041623425,False,False,False,True,0,1103,8,0.4,0.3,0.3,balanced
1781393006937.4338,0.4,0.3,0.3,580.4945054945053,592.4444444444445,0.11609890109890107,538.3159227603672,598.7290281734726,0.035244557889284,0.9999999999999998,1.0,0.9999999999999998,67,8,2.2429870721936545,1,2.2429870721936545,False,False,False,True,0,1104,8,0.4,0.3,0.3,balanced
1781393029968.105,0.4,0.3,0.3,581.6938775510204,593.6666666666666,0.11633877551020408,476.5234251345362,520.1788540677429,0.031122309882223895,0.9999999999999998,1.0,0.9999999999999998,65,8,2.244127796831251,1,2.244127796831251,False,False,False,True,0,1105,8,0.4,0.3,0.3,balanced
1781393056381.092,0.4,0.3,0.3,579.9843014128728,591.6666666666666,0.11599686028257457,514.608262108262,586.1775878442545,0.03366299280241908,0.9999999999999998,1.0,0.9999999999999998,67,8,2.2435023580462445,0,2.2435023580462445,False,False,False,True,0,1106,8,0.4,0.3,0.3,balanced
1781393083099.911,0.4,0.3,0.3,580.1287284144427,591.5555555555555,0.11602574568288854,575.7993035770813,708.0215257993036,0.037745116983127505,0.9999999999999998,1.0,0.9999999999999998,68,8,2.2422661666319064,0,2.2422661666319064,False,False,False,True,0,1107,8,0.4,0.3,0.3,balanced
1781393106437.9019,0.4,0.3,0.3,581.215070643642,593.1111111111111,0.1162430141287284,515.7605254827477,665.636277302944,0.03373986160658757,0.9999999999999998,1.0,0.9999999999999998,68,8,2.243380835866532,2,2.243380835866532,False,False,False,True,0,1108,8,0.4,0.3,0.3,balanced
1781393133348.948,0.4,0.3,0.3,581.828885400314,593.4444444444445,0.1163657770800628,500.0680595125039,622.437480215258,0.03269299930036717,0.9999999999999998,1.0,0.9999999999999998,67,8,2.2436457893778647,1,2.2436457893778647,False,False,False,True,0,1109,8,0.4,0.3,0.3,balanced
1781393159974.603,0.4,0.3,0.3,581.5337519623234,593.8888888888889,0.11630675039246469,494.258467869579,589.1310541310542,0.03230543481451494,0.9999999999999998,1.0,0.9999999999999998,65,8,2.2437856693986595,1,2.2437856693986595,False,False,False,True,0,1110,8,0.4,0.3,0.3,balanced
1781393186591.145,0.4,0.3,0.3,582.2653061224489,594.5555555555555,0.11645306122448978,484.05508072174734,581.9768914213358,0.031624755218261996,0.9999999999999998,1.0,0.9999999999999998,64,8,2.2439313489447255,1,2.2439313489447255,False,False,False,True,0,1111,8,0.4,0.3,0.3,balanced
1781393209426.954,0.4,0.3,0.3,585.2888540031396,597.7777777777778,0.11705777080062792,428.79550490661603,519.4745172522951,0.027938325877692863,0.9999999999999998,1.0,0.9999999999999998,61,8,2.2447953939164407,1,2.2447953939164407,False,False,False,True,0,1112,8,0.4,0.3,0.3,balanced
1781393235753.157,0.4,0.3,0.3,585.7362637362637,598.6666666666666,0.11714725274725274,464.76337448559667,539.9936688825578,0.0303377834880318,0.9999999999999998,1.0,0.9999999999999998,59,8,2.244039763854689,1,2.244039763854689,False,False,False,True,0,1113,8,0.4,0.3,0.3,balanced
1781393262366.577,0.4,0.3,0.3,583.3139717425431,596.0,0.11666279434850862,457.0156695156695,546.7917062361507,0.02982092525121211,0.9999999999999998,1.0,0.9999999999999998,61,8,2.244388604685233,0,2.244388604685233,False,False,False,True,0,1114,8,0.4,0.3,0.3,balanced
1781393285605.011,0.4,0.3,0.3,583.3767660910518,595.4444444444445,0.11667535321821035,434.82905982905976,539.7815764482431,0.028340831209410257,0.9999999999999998,1.0,0.9999999999999998,64,8,2.2448276093498927,0,2.2448276093498927,False,False,False,True,0,1115,8,0.4,0.3,0.3,balanced
1781393312225.892,0.4,0.3,0.3,584.12715855573,596.8888888888889,0.11682543171114601,563.0365622032289,622.6733143399811,0.03689369994684649,0.9999999999999998,1.0,0.9999999999999998,61,8,2.2422017173314877,1,2.2422017173314877,False,False,False,True,0,1116,8,0.4,0.3,0.3,balanced
1781393339045.1602,0.4,0.3,0.3,585.4866562009419,598.8888888888889,0.11709733124018837,441.73156062044944,542.1557454890789,0.028801304911304167,0.9999999999999998,1.0,0.9999999999999998,59,8,2.2445206760305334,1,2.2445206760305334,False,False,False,True,0,1117,8,0.4,0.3,0.3,balanced
1781393365667.1091,0.4,0.3,0.3,584.6781789638933,597.6666666666666,0.11693563579277866,385.05144032921805,474.09465020576135,0.02502010942823336,0.9999999999999998,1.0,0.9999999999999998,58,8,2.2457197128544184,1,2.2457197128544184,False,False,False,True,0,1118,8,0.4,0.3,0.3,balanced
1781393388396.728,0.4,0.3,0.3,587.4348508634223,601.5555555555555,0.11748697017268446,402.8632478632478,489.09939854384294,0.026208355427835076,0.9999999999999998,1.0,0.9999999999999998,56,8,2.2451427053025754,1,2.2451427053025754,False,False,False,True,0,1119,8,0.4,0.3,0.3,balanced
1781393414910.376,0.4,0.3,0.3,586.8508634222919,600.3333333333334,0.11737017268445839,469.8205761316873,565.046913580247,0.03067515517889842,0.9955319405868854,0.9957264957264957,0.9955319405868854,58,8,2.2425089665486126,0,2.2425089665486126,False,False,False,True,0,1120,8,0.4,0.3,0.3,balanced
1781393441527.3809,0.4,0.3,0.3,589.734693877551,603.7777777777778,0.1179469387755102,443.2336182336182,537.8015194681861,0.028901508888166658,0.9999999999999998,1.0,0.9999999999999998,56,8,2.244150771823346,1,2.244150771823346,False,False,False,True,0,1121,8,0.4,0.3,0.3,balanced
1781393464859.831,0.4,0.3,0.3,589.7142857142857,604.1111111111111,0.11794285714285713,395.87132003798666,482.75403608736946,0.025741915946496774,0.9999999999999998,1.0,0.9999999999999998,55,8,2.245100282358908,1,2.245100282358908,False,False,False,True,0,1122,8,0.4,0.3,0.3,balanced
1781393491667.419,0.4,0.3,0.3,589.1773940345369,603.6666666666666,0.11783547880690737,426.2171573282685,493.6182336182336,0.02776632136946421,0.9999999999999998,1.0,0.9999999999999998,56,8,2.244535912066398,0,2.244535912066398,False,False,False,True,0,1123,8,0.4,0.3,0.3,balanced
1781393518189.039,0.4,0.3,0.3,589.2998430141287,603.5555555555555,0.11785996860282573,373.4639126305792,449.22285533396644,0.02424709223686319,0.9999999999999998,1.0,0.9999999999999998,55,8,2.2455818848878106,1,2.2455818848878106,False,False,False,True,0,1124,8,0.4,0.3,0.3,balanced
1781393544894.379,0.4,0.3,0.3,591.010989010989,605.3333333333334,0.11820219780219779,396.6785375118708,474.6359607470719,0.0257957663450214,0.9999999999999998,1.0,0.9999999999999998,53,8,2.2449803909756145,1,2.2449803909756145,False,False,False,True,0,1125,8,0.4,0.3,0.3,balanced
1781393568329.174,0.4,0.3,0.3,591.2229199372057,606.5555555555555,0.11824458398744114,387.43323836657163,481.4176005064894,0.025179001892366354,0.993841323511653,0.9957264957264957,0.993841323511653,52,8,2.2433008628908095,1,2.2433008628908095,False,False,False,True,0,1126,8,0.4,0.3,0.3,balanced
1781393595148.726,0.4,0.3,0.3,591.1632653061224,606.4444444444445,0.11823265306122448,325.55238999683445,407.10351377018037,0.021050859906393226,0.9999999999999998,1.0,0.9999999999999998,52,8,2.246391680803592,2,2.246391680803592,False,False,False,True,0,1127,8,0.4,0.3,0.3,balanced
1781393621663.255,0.4,0.3,0.3,594.6216640502354,609.8888888888889,0.11892433281004708,353.88572333016776,433.7052864830643,0.022941008894607588,0.9999999999999998,1.0,0.9999999999999998,50,8,2.245547964207599,1,2.245547964207599,False,False,False,True,0,1128,8,0.4,0.3,0.3,balanced
1781393644599.641,0.4,0.3,0.3,594.3783359497645,610.5555555555555,0.1188756671899529,354.9509338398227,433.20037986704654,0.023012070302856753,0.9999999999999998,1.0,0.9999999999999998,49,8,2.245546112033162,1,2.245546112033162,False,False,False,True,0,1129,8,0.4,0.3,0.3,balanced
1781393671426.476,0.4,0.3,0.3,597.2888540031397,613.6666666666666,0.11945777080062794,315.4495093383982,380.0348211459323,0.02037688521270168,0.9999999999999998,1.0,0.9999999999999998,47,8,2.246103826115938,1,2.246103826115938,False,False,False,True,0,1130,8,0.4,0.3,0.3,balanced
1781393698140.497,0.4,0.3,0.3,598.3987441130298,615.5555555555555,0.11967974882260596,303.3626147515036,366.7774612219057,0.019570554686557946,0.9999999999999998,1.0,0.9999999999999998,46,8,2.24625693406499,1,2.24625693406499,False,False,False,True,0,1131,8,0.4,0.3,0.3,balanced
1781393724865.0068,0.4,0.3,0.3,601.4788069073783,619.2222222222222,0.12029576138147566,306.03355492244384,362.9455523899968,0.019748736152264433,0.9999999999999998,1.0,0.9999999999999998,44,8,2.2459570746017303,1,2.2459570746017303,False,False,False,True,0,1132,8,0.4,0.3,0.3,balanced
1781393748292.092,0.4,0.3,0.3,602.8430141287283,620.3333333333334,0.12056860282574566,257.09639126305797,312.05603038936374,0.016484082138963175,0.9999999999999998,1.0,0.9999999999999998,43,8,2.246827334228013,1,2.246827334228013,False,False,False,True,0,1133,8,0.4,0.3,0.3,balanced
1781393775124.0698,0.4,0.3,0.3,604.5023547880689,623.5555555555555,0.12090047095761379,278.59370053814496,319.3684710351377,0.017918192163985654,0.9999999999999998,1.0,0.9999999999999998,41,8,2.2462643539677587,1,2.2462643539677587,False,False,False,True,0,1134,8,0.4,0.3,0.3,balanced
1781393801941.949,0.4,0.3,0.3,606.9324960753531,625.2222222222222,0.12138649921507062,255.72966128521682,315.5634694523583,0.01639290602302981,0.9999999999999998,1.0,0.9999999999999998,40,8,2.246527528507063,1,2.246527528507063,False,False,False,True,0,1135,8,0.4,0.3,0.3,balanced
1781393825181.232,0.4,0.3,0.3,609.1051805337519,629.3333333333334,0.12182103610675038,239.57977207977208,287.16840772396324,0.01531552849097879,0.9940694226408511,0.9958847736625513,0.9940694226408511,38,8,2.2448977538022614,1,2.2448977538022614,False,False,False,True,0,1136,8,0.4,0.3,0.3,balanced
1781393852088.705,0.4,0.3,0.3,609.4772370486656,630.1111111111111,0.12189544740973313,262.7746122190567,305.96391263057933,0.016862882736428064,0.9999999999999998,1.0,0.9999999999999998,37,8,2.2461829562151783,1,2.2461829562151783,False,False,False,True,0,1137,8,0.4,0.3,0.3,balanced
1781393878916.1938,0.4,0.3,0.3,616.0627943485085,637.5555555555555,0.12321255886970171,251.95868945868946,303.67046533713204,0.016141340190706434,0.9999999999999998,1.0,0.9999999999999998,35,8,2.2458725743949075,1,2.2458725743949075,False,False,False,True,0,1138,8,0.4,0.3,0.3,balanced
1781393905637.781,0.4,0.3,0.3,611.8320251177392,632.8888888888889,0.12236640502354786,230.47325102880657,280.0015827793606,0.01470802208330931,0.9999999999999998,1.0,0.9999999999999998,37,8,2.246641031365588,0,2.246641031365588,False,False,False,True,0,1139,8,0.4,0.3,0.3,balanced
1781393928970.259,0.4,0.3,0.3,614.7237048665619,636.4444444444445,0.12294474097331237,224.8084836973726,260.30705919594806,0.014330118992486497,0.9999999999999998,1.0,0.9999999999999998,35,8,2.246523067912929,1,2.246523067912929,False,False,False,True,0,1140,8,0.4,0.3,0.3,balanced
1781393955989.2932,0.4,0.3,0.3,616.7252747252746,638.2222222222222,0.12334505494505493,201.7489711934156,255.37037037037038,0.01279179260796635,0.9999999999999998,1.0,0.9999999999999998,34,8,2.246824440239588,1,2.246824440239588,False,False,False,True,0,1141,8,0.4,0.3,0.3,balanced
1781393982700.372,0.4,0.3,0.3,622.6342229199371,646.4444444444445,0.12452684458398741,220.56426084203858,270.0174105729661,0.014046982044165348,0.9999999999999998,1.0,0.9999999999999998,32,8,2.2459751675531554,1,2.2459751675531554,False,False,False,True,0,1142,8,0.4,0.3,0.3,balanced
1781394009507.654,0.4,0.3,0.3,628.8524332810047,654.7777777777778,0.12577048665620094,195.66081038303258,236.20924343146564,0.012385644455172286,0.9999999999999998,1.0,0.9999999999999998,29,8,2.245976112000968,1,2.245976112000968,False,False,False,True,0,1143,8,0.4,0.3,0.3,balanced
1781394032632.8472,0.4,0.3,0.3,633.8697017268446,661.3333333333334,0.12677394034536893,213.78125989237103,261.5147198480532,0.013594480313033425,0.9999999999999998,1.0,0.9999999999999998,28,8,2.2452120797679425,1,2.2452120797679425,False,False,False,True,0,1144,8,0.4,0.3,0.3,balanced
1781394059548.926,0.4,0.3,0.3,641.0753532182104,670.3333333333334,0.12821507064364207,159.5148781259892,195.2437480215258,0.009974308080452916,0.9999999999999998,1.0,0.9999999999999998,26,8,2.2457216793184074,1,2.2457216793184074,False,False,False,True,0,1145,8,0.4,0.3,0.3,balanced
1781394086154.3428,0.4,0.3,0.3,644.1538461538462,674.6666666666666,0.12883076923076925,169.90424184868627,210.23741690408355,0.010667394386169864,0.9999999999999998,1.0,0.9999999999999998,25,8,2.2452674739918415,1,2.2452674739918415,False,False,False,True,0,1146,8,0.4,0.3,0.3,balanced
1781394109379.7769,0.4,0.3,0.3,653.9952904238619,686.6666666666666,0.13079905808477238,155.73361823361822,194.95251661918326,0.009722055919520895,0.9999999999999998,1.0,0.9999999999999998,23,8,2.2447637599902346,1,2.2447637599902346,False,False,False,True,0,1147,8,0.4,0.3,0.3,balanced
1781394136292.164,0.4,0.3,0.3,642.4897959183672,672.6666666666666,0.12849795918367346,180.29518835074387,209.18170307059194,0.011360586280903527,0.9999999999999998,1.0,0.9999999999999998,25,8,2.2451926404422595,0,2.2451926404422595,False,False,False,True,0,1148,8,0.4,0.3,0.3,balanced
1781394163315.947,0.4,0.3,0.3,654.0910518053374,687.0,0.1308182103610675,149.50221589110475,180.9195948084837,0.009306351960714127,0.9999999999999998,1.0,0.9999999999999998,23,8,2.2448808102673588,1,2.2448808102673588,False,False,False,True,0,1149,8,0.4,0.3,0.3,balanced
1781394190119.8052,0.4,0.3,0.3,658.5651491365777,692.3333333333334,0.13171302982731553,135.49382716049382,164.0946502057613,0.008371836368278441,0.9999999999999998,1.0,0.9999999999999998,22,8,2.24480323715859,1,2.24480323715859,False,False,False,True,0,1150,8,0.4,0.3,0.3,balanced
1781394213451.718,0.4,0.3,0.3,671.4756671899529,709.4444444444445,0.13429513343799057,125.14324153213039,150.43051598607155,0.007681336993471006,0.9999999999999998,1.0,0.9999999999999998,20,8,2.2439775455267625,1,2.2439775455267625,False,False,False,True,0,1151,8,0.4,0.3,0.3,balanced
1781394240261.094,0.4,0.3,0.3,677.0816326530611,716.1111111111111,0.13541632653061222,124.83222538778092,152.2966128521684,0.007660588751686519,0.9999999999999998,1.0,0.9999999999999998,19,8,2.243535292762249,1,2.243535292762249,False,False,False,True,0,1152,8,0.4,0.3,0.3,balanced
1781394267179.846,0.4,0.3,0.3,694.3453689167974,738.3333333333334,0.13886907378335947,125.37353592909149,169.4048749604305,0.007696700195403035,0.9999999999999998,1.0,0.9999999999999998,17,8,2.2421433604280354,1,2.2421433604280354,False,False,False,True,0,1153,8,0.4,0.3,0.3,balanced
1781394290313.167,0.4,0.3,0.3,702.2291993720565,749.2222222222222,0.1404458398744113,112.0639442861665,140.84995251661923,0.006808802153846999,0.9999999999999998,1.0,0.9999999999999998,16,8,2.2417790234040815,1,2.2417790234040815,False,False,False,True,0,1154,8,0.4,0.3,0.3,balanced
1781394317235.6812,0.4,0.3,0.3,726.9576138147567,780.2222222222222,0.14539152276295134,101.33032605254826,133.36973725862615,0.006092750236994547,0.9999999999999998,1.0,0.9999999999999998,14,8,2.240015565823721,1,2.240015565823721,False,False,False,True,0,1155,8,0.4,0.3,0.3,balanced
1781394344357.0671,0.4,0.3,0.3,739.0722135007848,796.5555555555555,0.14781444270015695,83.82079772079771,105.80557138334916,0.004924669627805051,0.9937205651491364,0.9957264957264957,0.9937205651491364,13,8,2.2375129915763368,1,2.2375129915763368,False,False,False,True,0,1156,8,0.4,0.3,0.3,balanced
1781394371265.828,0.4,0.3,0.3,774.4474097331239,842.3333333333334,0.15488948194662477,87.7097182652738,115.56505223171888,0.005184103953654023,0.9999999999999998,1.0,0.9999999999999998,11,8,2.236488976035254,1,2.236488976035254,False,False,False,True,0,1157,8,0.4,0.3,0.3,balanced
1781394394492.791,0.4,0.3,0.3,798.9513343799058,873.5555555555555,0.15979026687598116,78.289806900918,94.93827160493827,0.004555690920674983,0.9939531368102794,0.9958847736625513,0.9939531368102794,10,8,2.2329031270164887,1,2.2329031270164887,False,False,False,True,0,1158,8,0.4,0.3,0.3,balanced
1781394421202.035,0.4,0.3,0.3,776.662480376766,844.6666666666666,0.1553324960753532,74.94935106046218,92.88065843621399,0.004332845300898077,0.9999999999999998,1.0,0.9999999999999998,11,8,2.2365671479795894,0,2.2365671479795894,False,False,False,True,0,1159,8,0.4,0.3,0.3,balanced
1781394449437.713,0.4,0.3,0.3,739.9026687598115,797.5555555555555,0.1479805337519623,103.0026455026455,147.91005291005294,0.006204312575226518,0.9599686028257455,0.9722222222222222,0.9599686028257455,13,8,2.2269370735743705,0,2.2269370735743705,False,False,False,True,0,1160,8,0.4,0.3,0.3,balanced
1781394476556.073,0.4,0.3,0.3,725.2496075353218,779.0,0.14504992150706436,95.17173156062046,122.1968977524533,0.0056819033729566685,0.9999999999999998,1.0,0.9999999999999998,14,8,2.2402754603852872,0,2.2402754603852872,False,False,False,True,0,1161,8,0.4,0.3,0.3,balanced
1781394499891.9219,0.4,0.3,0.3,702.9136577708006,749.4444444444445,0.14058273155416012,109.45868945868943,134.9889205444761,0.006635002632334185,0.9999999999999998,1.0,0.9999999999999998,16,8,2.2417764065886354,0,2.2417764065886354,False,False,False,True,0,1162,8,0.4,0.3,0.3,balanced
1781394533211.8982,0.4,0.3,0.3,537.4442700156985,618.5555555555555,0.1074888540031397,92.08776844070961,104.30532212885154,0.0054761686751640835,0.7284144427001569,0.7777777777777778,0.7284144427001569,14,8,2.173885940606242,1,2.173885940606242,False,False,False,True,0,1163,8,0.4,0.3,0.3,balanced
1781394560319.99,0.4,0.3,0.3,701.7111459968602,748.7777777777778,0.14034222919937203,124.50617283950618,153.33333333333334,0.00763883741424324,0.9999999999999998,1.0,0.9999999999999998,16,8,2.2415714570959784,0,2.2415714570959784,False,False,False,True,0,1164,8,0.4,0.3,0.3,balanced
1781394587144.0881,0.4,0.3,0.3,693.2496075353218,737.8888888888889,0.13864992150706437,123.94586894586895,162.55460588793923,0.007601458902326147,0.9999999999999998,1.0,0.9999999999999998,17,8,2.242259593726476,0,2.242259593726476,False,False,False,True,0,1165,8,0.4,0.3,0.3,balanced
1781394610575.9429,0.4,0.3,0.3,677.0502354788068,716.8888888888889,0.13541004709576138,135.90376701487813,175.61095283317508,0.008399183923607613,0.9999999999999998,1.0,0.9999999999999998,19,8,2.2433162259846133,0,2.2433162259846133,False,False,False,True,0,1166,8,0.4,0.3,0.3,balanced
1781394637598.5142,0.4,0.3,0.3,671.1334379905809,709.2222222222222,0.13422668759811618,169.07407407407408,200.5761316872428,0.010612012946902874,0.9999999999999998,1.0,0.9999999999999998,20,8,2.2431257210766824,0,2.2431257210766824,False,False,False,True,0,1167,8,0.4,0.3,0.3,balanced
1781394664604.496,0.4,0.3,0.3,657.0345368916797,691.0,0.13140690737833596,776.5020576131686,1008.6277302943969,0.05113422665865034,0.99587185301471,0.9958847736625513,0.99587185301471,22,8,2.2308585249554835,0,2.2308585249554835,False,False,False,True,0,1168,8,0.4,0.3,0.3,balanced
1781394691424.361,0.4,0.3,0.3,652.657770800628,685.3333333333334,0.1305315541601256,183.19958847736623,222.24279835390945,0.011554342126575466,0.9999999999999998,1.0,0.9999999999999998,23,8,2.244321075697977,0,2.244321075697977,False,False,False,True,0,1169,8,0.4,0.3,0.3,balanced
1781394717255.445,0.4,0.3,0.3,569.8963893249608,631.4444444444445,0.11397927786499215,151.60344827586206,165.58492975734356,0.009446527570104207,0.8398744113029826,0.8888888888888888,0.8398744113029826,22,8,2.2035366539738668,1,2.2035366539738668,False,False,False,True,0,1170,8,0.4,0.3,0.3,balanced
1781394746972.7932,0.4,0.3,0.3,582.5321821036107,646.7777777777778,0.11650643642072214,130.20370370370372,141.14814814814815,0.008018926197712056,0.8398744113029826,0.8888888888888888,0.8398744113029826,20,8,2.202954070963292,1,2.202954070963292,False,False,False,True,0,1171,8,0.4,0.3,0.3,balanced
1781394773984.071,0.4,0.3,0.3,661.2747252747254,695.5555555555555,0.13225494505494506,150.89110477999367,188.22728711617597,0.009399006322881499,0.9999999999999998,1.0,0.9999999999999998,22,8,2.2442783200811576,0,2.2442783200811576,False,False,False,True,0,1172,8,0.4,0.3,0.3,balanced
1781394800900.749,0.4,0.3,0.3,652.7817896389324,685.6666666666666,0.1305563579277865,151.98163975941753,192.52295030072807,0.009471757155398101,0.9999999999999998,1.0,0.9999999999999998,23,8,2.2449359296822657,0,2.2449359296822657,False,False,False,True,0,1173,8,0.4,0.3,0.3,balanced
1781394823933.105,0.4,0.3,0.3,644.3469387755101,674.4444444444445,0.12886938775510204,194.1690408357075,246.43241532130423,0.012286126806918447,0.9999999999999998,1.0,0.9999999999999998,25,8,2.2447664068558835,0,2.2447664068558835,False,False,False,True,0,1174,8,0.4,0.3,0.3,balanced
1781394850651.4958,0.4,0.3,0.3,641.3406593406593,670.3333333333334,0.12826813186813185,171.23456790123453,216.67774612219057,0.010756141954718782,0.9999999999999998,1.0,0.9999999999999998,26,8,2.2454659046663314,0,2.2454659046663314,False,False,False,True,0,1175,8,0.4,0.3,0.3,balanced
1781394877363.484,0.4,0.3,0.3,633.3155416012559,660.6666666666666,0.12666310832025118,206.19420702754033,249.97784108895223,0.013088339361410295,0.9999999999999998,1.0,0.9999999999999998,28,8,2.2454082548634764,0,2.2454082548634764,False,False,False,True,0,1176,8,0.4,0.3,0.3,balanced
1781394900499.6282,0.4,0.3,0.3,630.2684458398743,655.5555555555555,0.12605368916797485,221.96185501741056,270.5808800253245,0.014140217145924654,0.9999999999999998,1.0,0.9999999999999998,29,8,2.2453364591890326,0,2.2453364591890326,False,False,False,True,0,1177,8,0.4,0.3,0.3,balanced
1781394927311.1511,0.4,0.3,0.3,621.4646781789638,645.4444444444445,0.12429293563579276,245.1440329218107,287.5815131370687,0.015686726679240207,0.9999999999999998,1.0,0.9999999999999998,32,8,2.245576807741911,0,2.245576807741911,False,False,False,True,0,1178,8,0.4,0.3,0.3,balanced
1781394954220.4312,0.4,0.3,0.3,616.2401883830455,638.7777777777778,0.1232480376766091,265.17489711934155,319.68502690724915,0.017023008480276287,0.9999999999999998,1.0,0.9999999999999998,34,8,2.2455938823852732,0,2.2455938823852732,False,False,False,True,0,1179,8,0.4,0.3,0.3,balanced
1781394981245.915,0.4,0.3,0.3,615.1789638932496,637.1111111111111,0.12303579277864993,247.8252611585945,298.54226020892685,0.015865594473555338,0.9999999999999998,1.0,0.9999999999999998,35,8,2.2460260045464735,0,2.2460260045464735,False,False,False,True,0,1180,8,0.4,0.3,0.3,balanced
1781395004376.154,0.4,0.3,0.3,610.2119309262166,631.2222222222222,0.12204238618524332,269.59322570433676,323.18930041152265,0.017317760220436074,0.9999999999999998,1.0,0.9999999999999998,37,8,2.245987717459772,0,2.245987717459772,False,False,False,True,0,1181,8,0.4,0.3,0.3,balanced
1781395030893.014,0.4,0.3,0.3,610.4317111459968,630.7777777777778,0.12208634222919937,276.40471668249444,342.15732826843936,0.017772162553868875,0.9999999999999998,1.0,0.9999999999999998,38,8,2.2458338143421597,0,2.2458338143421597,False,False,False,True,0,1182,8,0.4,0.3,0.3,balanced
1781395057310.8152,0.4,0.3,0.3,607.0282574568289,626.6666666666666,0.12140565149136578,293.2660652105096,349.36530547641655,0.018897002348933264,0.9999999999999998,1.0,0.9999999999999998,40,8,2.245768638698774,0,2.245768638698774,False,False,False,True,0,1183,8,0.4,0.3,0.3,balanced
1781395138959.387,0.4,0.3,0.3,614.3281004709576,640.3333333333334,0.12286562009419151,2961.8219076190576,2988.9372870613133,0.19691940677912326,0.33457033758672616,0.3195563520934924,0.33457033758672616,41,8,1.9921490312046042,0,1.9921490312046042,False,False,False,True,0,1184,8,0.4,0.3,0.3,balanced
1781395171973.743,0.4,0.3,0.3,441.2935635792779,485.8888888888889,0.08825871271585557,237.71755368814192,244.703081232493,0.015191297777727946,0.7284144427001569,0.7777777777777778,0.7284144427001569,43,8,2.1786634583903863,0,2.1786634583903863,False,False,False,True,0,1185,8,0.4,0.3,0.3,balanced
1781395198594.9211,0.4,0.3,0.3,601.3720565149137,618.5555555555555,0.12027441130298273,280.67109844887625,333.0832541943653,0.018056777748424034,0.9999999999999998,1.0,0.9999999999999998,44,8,2.2464732021542795,0,2.2464732021542795,False,False,False,True,0,1186,8,0.4,0.3,0.3,balanced
1781395221621.795,0.4,0.3,0.3,597.5337519623233,614.1111111111111,0.11950675039246467,331.30500158277937,384.3478949034504,0.02143462318764372,0.9999999999999998,1.0,0.9999999999999998,46,8,2.245766912886721,0,2.245766912886721,False,False,False,True,0,1187,8,0.4,0.3,0.3,balanced
1781395248538.6099,0.4,0.3,0.3,596.5588697017268,613.1111111111111,0.11931177394034537,357.65352959797406,428.6213991769548,0.023192363548897536,0.9940694226408511,0.9958847736625513,0.9940694226408511,47,8,2.243538408151448,0,2.243538408151448,False,False,False,True,0,1188,8,0.4,0.3,0.3,balanced
1781395275450.285,0.4,0.3,0.3,594.5886970172684,610.3333333333334,0.11891773940345367,302.534029756252,345.3687875910098,0.01951527883630767,0.9999999999999998,1.0,0.9999999999999998,49,8,2.246578320587726,0,2.246578320587726,False,False,False,True,0,1189,8,0.4,0.3,0.3,balanced
1781395302165.724,0.4,0.3,0.3,593.5478806907378,608.5555555555555,0.11870957613814756,314.434947768281,363.78284267173154,0.020309202652987392,0.9999999999999998,1.0,0.9999999999999998,50,8,2.2464234087488446,0,2.2464234087488446,False,False,False,True,0,1190,8,0.4,0.3,0.3,balanced
1781395325202.419,0.4,0.3,0.3,594.2276295133437,609.5555555555555,0.11884552590266874,326.71177587844255,397.00379867046536,0.021128203861136927,0.9999999999999998,1.0,0.9999999999999998,49,8,2.2461233284805915,1,2.2461233284805915,False,False,False,True,0,1191,8,0.4,0.3,0.3,balanced
1781395352323.725,0.4,0.3,0.3,595.5981161695447,610.8888888888889,0.11911962323390894,333.3510830733053,416.9327997105775,0.021571119617965664,0.9999999999999998,1.0,0.9999999999999998,50,8,2.2458808148210467,0,2.2458808148210467,False,False,False,True,0,1192,8,0.4,0.3,0.3,balanced
1781395378950.042,0.4,0.3,0.3,592.5557299843014,607.2222222222222,0.11851114599686027,394.80927508705287,471.3358657803102,0.025671065716281045,0.9999999999999998,1.0,0.9999999999999998,52,8,2.2448942218863714,0,2.2448942218863714,False,False,False,True,0,1193,8,0.4,0.3,0.3,balanced
1781395402084.137,0.4,0.3,0.3,592.7001569858712,607.3333333333334,0.11854003139717424,393.34599556821775,486.34377967711293,0.02557344867032807,0.9999999999999998,1.0,0.9999999999999998,53,8,2.244911952840032,0,2.244911952840032,False,False,False,True,0,1194,8,0.4,0.3,0.3,balanced
1781395428597.433,0.4,0.3,0.3,591.0816326530612,605.4444444444445,0.11821632653061225,386.690408357075,469.70560303893643,0.025129446855041693,0.9999999999999998,1.0,0.9999999999999998,52,8,2.2451746353312423,1,2.2451746353312423,False,False,False,True,0,1195,8,0.4,0.3,0.3,balanced
1781395455022.9348,0.4,0.3,0.3,591.563579277865,606.1111111111111,0.11831271585557299,382.1628679962013,469.4666033554922,0.024827409472728573,0.9999999999999998,1.0,0.9999999999999998,53,8,2.245226690815952,0,2.245226690815952,False,False,False,True,0,1196,8,0.4,0.3,0.3,balanced
1781395481535.707,0.4,0.3,0.3,590.0204081632654,604.1111111111111,0.11800408163265308,391.03197214308324,464.64704020259575,0.02541907752789081,0.9999999999999998,1.0,0.9999999999999998,55,8,2.2451726440885715,0,2.2451726440885715,False,False,False,True,0,1197,8,0.4,0.3,0.3,balanced
1781395504675.51,0.4,0.3,0.3,586.8084772370487,600.3333333333334,0.11736169544740974,376.2931307375751,458.54226020892685,0.02443583260424117,0.9999999999999998,1.0,0.9999999999999998,56,8,2.2457245720397636,0,2.2457245720397636,False,False,False,True,0,1198,8,0.4,0.3,0.3,balanced
1781395531193.42,0.4,0.3,0.3,587.8916797488226,602.0,0.11757833594976452,423.6696739474517,505.829376384932,0.02759637584706149,0.9999999999999998,1.0,0.9999999999999998,58,8,2.2446897528659755,0,2.2446897528659755,False,False,False,True,0,1199,8,0.4,0.3,0.3,balanced
1781395557919.032,0.4,0.3,0.3,587.6923076923076,601.0,0.11753846153846152,478.23520101297873,559.0756568534347,0.031236504403801116,0.9999999999999998,1.0,0.9999999999999998,59,8,2.243613664063475,0,2.243613664063475,False,True,False,True,0,1200,8,0.4,0.3,0.3,balanced
