timestamp,alpha,beta,delta,power_wam,power_mean,power_normalized,delay_wam,delay_mean,delay_normalized,pdr_wam,pdr_mean,pdr_normalized,current_sf_len,last_ts_in_schedule,reward,action,returned_reward,terminated,truncated,wait_timeout,valid_cycle,wait_attempts,cycle_idx,seed,alpha_weight,beta_weight,delta_weight,profile
1781459147567.89,0.4,0.3,0.3,772.8854003139717,841.5555555555555,0.15457708006279433,166.19341563786006,213.29218106995884,0.010419840936481658,1.0,1.0,1.0,11,8,2.235043215693938,0,2.235043215693938,False,False,False,True,0,1,16,0.4,0.3,0.3,balanced
1781459150882.0789,0.4,0.3,0.3,737.2339089481947,795.1111111111111,0.14744678178963894,230.8252498530276,284.32539682539687,0.014731504326419453,1.0,1.0,1.0,13,8,2.2366018359862188,0,2.2366018359862188,False,False,False,True,0,2,16,0.4,0.3,0.3,balanced
1781459154098.29,0.4,0.3,0.3,724.6546310832025,777.7777777777778,0.1449309262166405,226.45943562610228,276.7871840094062,0.014440255878992813,1.0,1.0,1.0,14,8,2.237695552749646,0,2.237695552749646,False,False,False,True,0,3,16,0.4,0.3,0.3,balanced
1781459157321.0508,0.4,0.3,0.3,738.5133437990581,796.2222222222222,0.14770266875981164,171.47910731244065,222.24438113327002,0.010772455457801243,1.0,1.0,1.0,13,8,2.2376871958587348,1,2.2376871958587348,False,False,False,True,0,4,16,0.4,0.3,0.3,balanced
1781459160537.403,0.4,0.3,0.3,725.4348508634222,779.1111111111111,0.14508697017268443,243.79115226337447,291.4094650205761,0.0155964744672031,1.0,1.0,1.0,14,8,2.2372862695907654,0,2.2372862695907654,False,False,False,True,0,5,16,0.4,0.3,0.3,balanced
1781459163655.945,0.4,0.3,0.3,703.3673469387754,749.4444444444445,0.14067346938775507,135.20870076425632,168.86831275720166,0.008352815261124505,1.0,1.0,1.0,16,8,2.2412247676665604,0,2.2412247676665604,False,False,False,True,0,6,16,0.4,0.3,0.3,balanced
1781459166678.192,0.4,0.3,0.3,692.4882260596546,736.8888888888889,0.13849764521193092,154.320987654321,189.54732510288065,0.009627817722102801,1.0,1.0,1.0,17,8,2.241712596598597,0,2.241712596598597,False,False,False,True,0,7,16,0.4,0.3,0.3,balanced
1781459173287.0469,0.4,0.3,0.3,676.6844583987441,716.1111111111111,0.13533689167974883,169.03659611992944,210.62316284538505,0.010609512749828515,1.0,1.0,1.0,19,8,2.242682389503152,0,2.242682389503152,False,False,False,True,0,8,16,0.4,0.3,0.3,balanced
1781459176211.79,0.4,0.3,0.3,669.7582417582416,707.3333333333334,0.13395164835164833,232.11934156378604,293.00411522633743,0.014817834660692865,1.0,1.0,1.0,20,8,2.241973990261133,0,2.241973990261133,False,False,False,True,0,9,16,0.4,0.3,0.3,balanced
1781459179125.279,0.4,0.3,0.3,658.5777080062793,692.0,0.13171554160125587,780.9106634106633,1029.6717993940215,0.0514283297805646,0.9845817447858264,0.988095238095238,0.9845817447858264,22,8,2.227259807861076,0,2.227259807861076,False,False,False,True,0,10,16,0.4,0.3,0.3,balanced
1781459182047.643,0.4,0.3,0.3,653.9890109890109,686.7777777777778,0.13079780219780218,219.36801881246325,277.5867136978248,0.013967179373746714,1.0,1.0,1.0,23,8,2.2434907253087553,0,2.2434907253087553,False,False,False,True,0,11,16,0.4,0.3,0.3,balanced
1781459184970.063,0.4,0.3,0.3,656.5761381475667,690.5555555555555,0.13131522762951334,464.6565368787591,501.5400443178221,0.030330656229403542,0.9797081225652654,0.9835390946502057,0.9797081225652654,22,8,2.232287148848953,1,2.232287148848953,False,False,False,True,0,12,16,0.4,0.3,0.3,balanced
1781459187881.878,0.4,0.3,0.3,653.4992150706436,686.0,0.1306998430141287,209.31318681318677,261.92002442002445,0.013296410060919731,0.9940694226408512,0.9958847736625513,0.9940694226408512,23,8,2.241951966568328,0,2.241951966568328,False,False,False,True,0,13,16,0.4,0.3,0.3,balanced
1781459190793.8982,0.4,0.3,0.3,642.0109890109891,672.0,0.1284021978021978,265.98248494800214,332.63820470717025,0.017076883585590535,1.0,1.0,1.0,25,8,2.2435160558034437,0,2.2435160558034437,False,False,False,True,0,14,16,0.4,0.3,0.3,balanced
1781459193815.459,0.4,0.3,0.3,641.4489795918366,670.6666666666666,0.12828979591836734,285.89225589225583,378.0437710437711,0.018405087117562096,0.8965986394557823,0.9296296296296297,0.8965986394557823,26,8,2.212142147334119,0,2.212142147334119,False,False,False,True,0,15,16,0.4,0.3,0.3,balanced
1781459196631.226,0.4,0.3,0.3,632.1805337519623,659.2222222222222,0.12643610675039246,280.4563492063492,351.05820105820106,0.0180424515814776,1.0,1.0,1.0,28,8,2.2440128218254,0,2.2440128218254,False,False,False,True,0,16,16,0.4,0.3,0.3,balanced
1781459199444.978,0.4,0.3,0.3,630.7974882260596,656.4444444444445,0.12615949764521192,282.71531452087004,351.847442680776,0.018193149734547703,1.0,1.0,1.0,29,8,2.244078256021551,0,2.244078256021551,False,False,False,True,0,17,16,0.4,0.3,0.3,balanced
1781459202857.2258,0.4,0.3,0.3,417.80062794348504,430.6666666666667,0.083560125588697,220.98915989159892,265.47425474254743,0.014075327544469574,0.6703296703296703,0.6666666666666666,0.6703296703296703,32,8,2.1634522526000812,0,2.1634522526000812,False,False,False,True,0,18,16,0.4,0.3,0.3,balanced
1781459209147.392,0.4,0.3,0.3,618.5934065934066,640.4444444444445,0.12371868131868131,338.2716049382716,418.0246913580247,0.02189937324471458,1.0,1.0,1.0,34,8,2.243942715499113,0,2.243942715499113,False,False,False,True,0,19,16,0.4,0.3,0.3,balanced
1781459211858.677,0.4,0.3,0.3,623.9073783359497,647.7777777777778,0.12478147566718994,330.6054131054131,395.07913896802785,0.02138795284225571,1.0,1.0,1.0,32,8,2.2436710238804474,1,2.2436710238804474,False,False,False,True,0,20,16,0.4,0.3,0.3,balanced
1781459214570.585,0.4,0.3,0.3,617.6923076923076,640.3333333333334,0.12353846153846153,361.46090534979425,447.1604938271605,0.023446357928605353,1.0,1.0,1.0,34,8,2.2435507080060337,0,2.2435507080060337,False,False,False,True,0,21,16,0.4,0.3,0.3,balanced
1781459217283.473,0.4,0.3,0.3,615.0643642072213,636.3333333333334,0.12301287284144426,330.0051440329218,409.88683127572017,0.021347908207666563,1.0,1.0,1.0,35,8,2.2443904784011224,0,2.2443904784011224,False,False,False,True,0,22,16,0.4,0.3,0.3,balanced
1781459220007.0789,0.4,0.3,0.3,609.5290423861852,629.8888888888889,0.12190580847723705,351.8540564373897,435.67901234567904,0.02280547407854501,1.0,1.0,1.0,37,8,2.2443960343855416,0,2.2443960343855416,False,False,False,True,0,23,16,0.4,0.3,0.3,balanced
1781459222722.5598,0.4,0.3,0.3,609.9230769230768,630.1111111111111,0.12198461538461536,362.32142857142856,454.52380952380946,0.023503764414371485,1.0,1.0,1.0,38,8,2.2441550245218425,0,2.2441550245218425,False,False,False,True,0,24,16,0.4,0.3,0.3,balanced
1781459226548.737,0.4,0.3,0.3,611.5541601255886,633.8888888888889,0.12231083202511772,1708.5609775370415,2082.213530165658,0.11331294046277796,0.5247144845828059,0.5695836017788847,0.5247144845828059,40,8,2.0744961304259615,0,2.0744961304259615,False,False,False,True,0,25,16,0.4,0.3,0.3,balanced
1781459229264.951,0.4,0.3,0.3,604.3736263736263,622.6666666666666,0.12087472527472526,359.5662287903667,439.1338259441708,0.02331996189395375,1.0,1.0,1.0,41,8,2.2446541213219238,0,2.2446541213219238,False,False,False,True,0,26,16,0.4,0.3,0.3,balanced
1781459231977.849,0.4,0.3,0.3,600.3390894819465,618.0,0.1200678178963893,419.5580186097427,513.6535303776683,0.027322082629068892,1.0,1.0,1.0,43,8,2.2437762480527237,0,2.2437762480527237,False,False,False,True,0,27,16,0.4,0.3,0.3,balanced
1781459234695.719,0.4,0.3,0.3,604.7849293563579,623.2222222222222,0.12095698587127159,385.65476190476187,465.9126984126985,0.025060357698783314,1.0,1.0,1.0,41,8,2.2440990983418563,1,2.2440990983418563,False,False,False,True,0,28,16,0.4,0.3,0.3,balanced
1781459237411.788,0.4,0.3,0.3,600.3076923076924,618.1111111111111,0.12006153846153847,373.85878489326757,453.9203612479475,0.024273434615961813,1.0,1.0,1.0,43,8,2.2446933542305962,0,2.2446933542305962,False,False,False,True,0,29,16,0.4,0.3,0.3,balanced
1781459243712.137,0.4,0.3,0.3,600.4003139717425,617.8888888888889,0.1200800627943485,450.54324028461957,535.411877394636,0.029389142113717116,1.0,1.0,1.0,44,8,2.2431512322481453,0,2.2431512322481453,False,False,False,True,0,30,16,0.4,0.3,0.3,balanced
1781459246429.597,0.4,0.3,0.3,602.1805337519622,620.3333333333334,0.12043610675039244,465.52271483305964,570.5295566502463,0.030388439948836533,1.0,1.0,1.0,43,8,2.2427090253151922,1,2.2427090253151922,False,False,False,True,0,31,16,0.4,0.3,0.3,balanced
1781459249040.648,0.4,0.3,0.3,601.0894819466247,619.0,0.12021789638932494,420.64339981006646,501.61601772712885,0.027394489647102498,1.0,1.0,1.0,44,8,2.243694494550139,0,2.243694494550139,False,False,False,True,0,32,16,0.4,0.3,0.3,balanced
1781459251657.237,0.4,0.3,0.3,596.8178963893249,613.3333333333334,0.11936357927786498,473.43621399176953,561.6935739157962,0.030916358505121384,1.0,1.0,1.0,46,8,2.2429796607373174,0,2.2429796607373174,False,False,False,True,0,33,16,0.4,0.3,0.3,balanced
1781459254379.917,0.4,0.3,0.3,593.6091051805337,610.0,0.11872182103610673,697.9291593180482,779.2783656672545,0.04589253898052356,1.0,1.0,1.0,47,8,2.2387435098914,0,2.2387435098914,False,False,False,True,0,34,16,0.4,0.3,0.3,balanced
1781459257395.597,0.4,0.3,0.3,522.2150706436421,537.8888888888889,0.10444301412872842,1350.8057889822596,2184.7992530345473,0.08944668372129817,0.8885400313971743,0.8888888888888888,0.8885400313971743,49,8,2.1979507986512714,0,2.1979507986512714,False,False,False,True,0,35,16,0.4,0.3,0.3,balanced
1781459260218.77,0.4,0.3,0.3,594.5761381475667,609.6666666666666,0.11891522762951333,603.405017921147,805.0119474313024,0.03958672567852882,0.9014611761864508,0.9316239316239316,0.9014611761864508,50,8,2.2109962441005715,0,2.2109962441005715,False,False,False,True,0,36,16,0.4,0.3,0.3,balanced
1781459262831.0398,0.4,0.3,0.3,592.8163265306122,607.2222222222222,0.11856326530612243,484.6105232216343,606.2580834803057,0.03166180942105633,1.0,1.0,1.0,52,8,2.243076151051234,0,2.243076151051234,False,False,False,True,0,37,16,0.4,0.3,0.3,balanced
1781459265453.072,0.4,0.3,0.3,590.9199372056514,605.0,0.11818398744113029,558.4623298512187,674.9905033238366,0.03658854768854027,1.0,1.0,1.0,53,8,2.241749840716986,0,2.241749840716986,False,False,False,True,0,38,16,0.4,0.3,0.3,balanced
1781459268073.8271,0.4,0.3,0.3,588.9576138147565,602.4444444444445,0.11779152276295131,551.3874191651969,684.9265138154028,0.03611657232589706,1.0,1.0,1.0,55,8,2.2420484191970504,0,2.2420484191970504,False,False,False,True,0,39,16,0.4,0.3,0.3,balanced
1781459270686.118,0.4,0.3,0.3,587.6530612244898,601.2222222222222,0.11753061224489796,514.6913580246913,654.4032921810699,0.03366853622579662,1.0,1.0,1.0,56,8,2.242887194234302,0,2.242887194234302,False,False,False,True,0,40,16,0.4,0.3,0.3,balanced
1781459273307.586,0.4,0.3,0.3,586.3563579277866,600.0,0.11727127158555732,569.3342151675485,714.5120517342741,0.037313823560210034,1.0,1.0,1.0,58,8,2.241897344297714,0,2.241897344297714,False,False,False,True,0,41,16,0.4,0.3,0.3,balanced
1781459279515.424,0.4,0.3,0.3,586.7849293563579,599.7777777777778,0.11735698587127158,653.7977660199883,790.8891828336273,0.0429484833902594,1.0,1.0,1.0,59,8,2.2401726606344137,0,2.2401726606344137,False,False,False,True,0,42,16,0.4,0.3,0.3,balanced
1781459282139.171,0.4,0.3,0.3,584.5149136577709,596.7777777777778,0.11690298273155418,623.1474132863021,787.3206937095825,0.04090376339468327,1.0,1.0,1.0,61,8,2.2409676778889733,0,2.2409676778889733,False,False,False,True,0,43,16,0.4,0.3,0.3,balanced
1781459284764.669,0.4,0.3,0.3,584.353218210361,596.2222222222222,0.1168706436420722,686.535607857447,848.7129781670011,0.045132462165273314,0.988450325185019,0.9920634920634921,0.988450325185019,64,8,2.236247101449095,0,2.236247101449095,False,False,False,True,0,44,16,0.4,0.3,0.3,balanced
1781459287387.4731,0.4,0.3,0.3,580.8163265306122,592.3333333333334,0.11616326530612243,649.3540817774534,821.5858825437368,0.0426520401452604,1.0,1.0,1.0,65,8,2.240739081833973,0,2.240739081833973,False,False,False,True,0,45,16,0.4,0.3,0.3,balanced
1781459290012.301,0.4,0.3,0.3,582.3877551020408,594.3333333333334,0.11647755102040817,773.095238095238,932.5,0.05090695384224403,1.0,1.0,1.0,64,8,2.2381368934391634,1,2.2381368934391634,False,False,False,True,0,46,16,0.4,0.3,0.3,balanced
1781459292628.6062,0.4,0.3,0.3,590.6168973051712,592.6666666666666,0.11812337946103424,1304.9755799755799,1364.4308777642113,0.0863892981971701,0.9971647071064406,0.9960317460317462,0.9971647071064406,65,8,2.2259832708883676,0,2.2259832708883676,False,False,False,True,0,47,16,0.4,0.3,0.3,balanced
1781459295152.3298,0.4,0.3,0.3,580.789638932496,592.0,0.11615792778649921,630.4115226337448,768.5913263691042,0.04138836041586023,1.0,1.0,1.0,67,8,2.241120320760642,0,2.241120320760642,False,False,False,True,0,48,16,0.4,0.3,0.3,balanced
1781459297763.75,0.4,0.3,0.3,580.5886970172684,591.2222222222222,0.11611773940345367,609.5436507936507,751.3492063492064,0.03999624088016349,1.0,1.0,1.0,67,8,2.2415540319745695,2,2.2415540319745695,False,False,False,True,0,49,16,0.4,0.3,0.3,balanced
1781459300385.228,0.4,0.3,0.3,580.0439560439561,591.1111111111111,0.11600879120879122,592.770505179509,733.2459607938534,0.038877285202102,1.0,1.0,1.0,68,8,2.241933297955853,0,2.241933297955853,False,False,False,True,0,50,16,0.4,0.3,0.3,balanced
1781459303007.784,0.4,0.3,0.3,582.2904238618524,593.6666666666666,0.11645808477237049,551.6891647447203,709.0426445982001,0.0361367021177265,1.0,1.0,1.0,67,8,2.242575755455734,1,2.242575755455734,False,False,False,True,0,51,16,0.4,0.3,0.3,balanced
1781459305627.48,0.4,0.3,0.3,579.0706436420721,590.0,0.11581412872841443,653.5008818342152,790.9935332157554,0.04292867790755271,1.0,1.0,1.0,68,8,2.2407957451363685,0,2.2407957451363685,False,False,False,True,0,52,16,0.4,0.3,0.3,balanced
1781459308251.536,0.4,0.3,0.3,581.7331240188382,593.7777777777778,0.11634662480376765,615.2160493827159,741.3051146384481,0.04037465306088832,1.0,1.0,1.0,67,8,2.2413489541602263,1,2.2413489541602263,False,False,False,True,0,53,16,0.4,0.3,0.3,balanced
1781459310872.684,0.4,0.3,0.3,581.2291993720565,593.4444444444445,0.11624583987441131,695.5555555555555,850.9920634920634,0.045734193165814244,1.0,1.0,1.0,65,8,2.2397814061004913,1,2.2397814061004913,False,False,False,True,0,54,16,0.4,0.3,0.3,balanced
1781459317076.8,0.4,0.3,0.3,580.789638932496,592.6666666666666,0.11615792778649921,712.1421222810111,877.417695473251,0.04684070195336965,1.0,1.0,1.0,67,8,2.2394846182993895,0,2.2394846182993895,False,False,False,True,0,55,16,0.4,0.3,0.3,balanced
1781459319701.822,0.4,0.3,0.3,581.8304552590267,593.0,0.11636609105180534,613.2642563198119,779.9706055261612,0.04024444671913355,0.9960192868356132,0.9960317460317462,0.9960192868356132,65,8,2.240186015614222,1,2.240186015614222,False,False,False,True,0,56,16,0.4,0.3,0.3,balanced
1781459358322.255,0.4,0.3,0.3,580.4568288854003,592.2222222222222,0.11609136577708007,677.4712643678162,827.084017515052,0.04452776947083497,1.0,1.0,1.0,64,8,2.2402051228479176,1,2.2402051228479176,False,False,False,True,1,57,16,0.4,0.3,0.3,balanced
1781459360940.065,0.4,0.3,0.3,584.5337519623233,597.3333333333334,0.11690675039246466,508.6934156378601,659.972075249853,0.03326840664695531,1.0,1.0,1.0,61,8,2.2432567778489276,1,2.2432567778489276,False,False,False,True,0,58,16,0.4,0.3,0.3,balanced
1781459363551.576,0.4,0.3,0.3,585.287284144427,598.4444444444445,0.1170574568288854,595.5365622032289,746.5463754352643,0.03906181202156297,1.0,1.0,1.0,59,8,2.241458473661977,1,2.241458473661977,False,False,False,True,0,59,16,0.4,0.3,0.3,balanced
1781459366172.165,0.4,0.3,0.3,584.309262166405,597.0,0.116861852433281,599.9801587301587,744.9603174603175,0.03935824941495388,1.0,1.0,1.0,61,8,2.2414477842022014,0,2.2414477842022014,False,False,False,True,0,60,16,0.4,0.3,0.3,balanced
1781459368788.299,0.4,0.3,0.3,583.2700156985871,595.1111111111111,0.11665400313971742,715.2954144620812,900.5041152263374,0.04705106167192003,1.0,1.0,1.0,64,8,2.239223080242537,0,2.239223080242537,False,False,False,True,0,61,16,0.4,0.3,0.3,balanced
1781459407429.9941,0.4,0.3,0.3,585.7409733124018,597.6666666666666,0.11714819466248036,615.5393885949442,742.4897119341563,0.04039622338858867,1.0,1.0,1.0,61,8,2.241021855118431,1,2.241021855118431,False,False,False,True,1,62,16,0.4,0.3,0.3,balanced
1781459410050.6948,0.4,0.3,0.3,586.2072213500784,599.2222222222222,0.11724144427001568,496.43066295844073,630.2246416135305,0.03245034442684728,0.9939531368102796,0.9958847736625513,0.9939531368102796,59,8,2.2415542600070233,1,2.2415542600070233,False,False,False,True,0,63,16,0.4,0.3,0.3,balanced
1781459412665.411,0.4,0.3,0.3,586.6562009419152,600.0,0.11733124018838305,542.3126102292769,661.7004703115814,0.03551118146959819,1.0,1.0,1.0,58,8,2.2424141494837673,1,2.2424141494837673,False,False,False,True,0,64,16,0.4,0.3,0.3,balanced
1781459415281.418,0.4,0.3,0.3,588.9984301412871,602.5555555555555,0.11779968602825742,520.514403292181,625.1440329218108,0.034056998218290925,1.0,1.0,1.0,56,8,2.2426630261232097,1,2.2426630261232097,False,False,False,True,0,65,16,0.4,0.3,0.3,balanced
1781459418104.667,0.4,0.3,0.3,590.4050235478807,605.1111111111111,0.11808100470957614,583.4516129032257,646.6881720430107,0.03825561126772687,0.9579386131110269,0.9195402298850576,0.9579386131110269,55,8,2.2286724986691597,1,2.2286724986691597,False,False,False,True,0,66,16,0.4,0.3,0.3,balanced
1781459424314.293,0.4,0.3,0.3,586.894819466248,601.7777777777778,0.1173789638932496,539.5289535567314,668.9006466784244,0.035325480557487084,1.0,1.0,1.0,56,8,2.242450770275454,0,2.242450770275454,False,False,False,True,0,67,16,0.4,0.3,0.3,balanced
1781459427035.241,0.4,0.3,0.3,585.3390894819465,599.1111111111111,0.1170678178963893,547.4052788420605,683.4057045551299,0.035850919202272215,0.976477252515254,0.9802955665024631,0.976477252515254,58,8,2.235360772835339,0,2.235360772835339,False,False,False,True,0,68,16,0.4,0.3,0.3,balanced
1781459429655.804,0.4,0.3,0.3,586.9733124018838,600.1111111111111,0.11739466248037676,526.275720164609,652.3045267489712,0.03444134223913335,1.0,1.0,1.0,56,8,2.242709732336109,1,2.242709732336109,False,False,False,True,0,69,16,0.4,0.3,0.3,balanced
1781459432269.8381,0.4,0.3,0.3,587.8901098901099,602.2222222222222,0.11757802197802197,499.5355673133451,600.8935920047032,0.03265747613831522,1.0,1.0,1.0,55,8,2.2431715483672967,1,2.2431715483672967,False,False,False,True,0,70,16,0.4,0.3,0.3,balanced
1781459434893.004,0.4,0.3,0.3,585.684458398744,599.1111111111111,0.1171368916797488,508.6039886039885,637.716049382716,0.03326244086751091,1.0,1.0,1.0,56,8,2.243166511067847,0,2.243166511067847,False,False,False,True,0,71,16,0.4,0.3,0.3,balanced
1781459437517.994,0.4,0.3,0.3,586.480376766091,600.8888888888889,0.1172960753532182,512.7033306199972,608.9912042689821,0.033535912649766325,0.9939531368102796,0.9958847736625513,0.9939531368102796,55,8,2.2412067371068667,1,2.2412067371068667,False,False,False,True,0,72,16,0.4,0.3,0.3,balanced
1781459440130.095,0.4,0.3,0.3,589.8163265306123,604.0,0.11796326530612246,557.7366255144033,684.8559670781892,0.03654013512437647,1.0,1.0,1.0,53,8,2.241852653340238,1,2.241852653340238,False,False,False,True,0,73,16,0.4,0.3,0.3,balanced
1781459442748.4182,0.4,0.3,0.3,592.49136577708,607.0,0.118498273155416,536.6832858499524,689.4349477682812,0.03513564281854252,1.0,1.0,1.0,52,8,2.242059997892271,1,2.242059997892271,False,False,False,True,0,74,16,0.4,0.3,0.3,balanced
1781459445369.24,0.4,0.3,0.3,595.2339089481945,610.4444444444445,0.11904678178963891,540.2540360873694,660.9100981323204,0.03537385164025146,0.9978487121344264,0.9958847736625513,0.9978487121344264,50,8,2.2411237454323967,1,2.2411237454323967,False,False,False,True,0,75,16,0.4,0.3,0.3,balanced
1781459448090.4429,0.4,0.3,0.3,591.8414442700157,606.6666666666666,0.11836828885400313,474.1276683087028,583.4058565955119,0.03096248621138778,1.0,1.0,1.0,52,8,2.2433639385949826,0,2.2433639385949826,False,False,False,True,0,76,16,0.4,0.3,0.3,balanced
1781459450707.323,0.4,0.3,0.3,593.9874411302982,609.5555555555555,0.11879748822605964,484.93194048749604,583.3839822728711,0.03168325153352208,1.0,1.0,1.0,50,8,2.2429760292495193,1,2.2429760292495193,False,False,False,True,0,77,16,0.4,0.3,0.3,balanced
1781459453430.9858,0.4,0.3,0.3,592.9403453689167,608.0,0.11858806907378334,494.58333333333326,603.1089217296113,0.03232710696019568,1.0,1.0,1.0,49,8,2.2428666402824278,1,2.2428666402824278,False,False,False,True,0,78,16,0.4,0.3,0.3,balanced
1781459459734.828,0.4,0.3,0.3,595.3814756671899,611.5555555555555,0.11907629513343798,492.8529325081049,601.147951665193,0.03221166994717178,0.9958718530147102,0.9958847736625513,0.9958718530147102,47,8,2.241467536866886,1,2.241467536866886,False,False,False,True,0,79,16,0.4,0.3,0.3,balanced
1781459462454.532,0.4,0.3,0.3,598.5070643642073,615.3333333333334,0.11970141287284146,468.45017636684304,587.0590828924162,0.030583734247287726,1.0,1.0,1.0,46,8,2.242944314576677,1,2.242944314576677,False,False,False,True,0,80,16,0.4,0.3,0.3,balanced
1781459465180.2112,0.4,0.3,0.3,601.497645211931,618.7777777777778,0.1202995290423862,410.0992063492063,521.2698412698413,0.026691074472929042,1.0,1.0,1.0,44,8,2.243872866041167,1,2.243872866041167,False,False,False,True,0,81,16,0.4,0.3,0.3,balanced
1781459467904.1309,0.4,0.3,0.3,601.4113029827315,619.4444444444445,0.1202822605965463,417.38300492610836,529.0695128626162,0.027176984985063934,1.0,1.0,1.0,43,8,2.2437340002658623,1,2.2437340002658623,False,False,False,True,0,82,16,0.4,0.3,0.3,balanced
1781459470627.626,0.4,0.3,0.3,604.9419152276295,624.1111111111111,0.1209883830455259,371.2345679012345,480.39535567313345,0.024098370106820182,1.0,1.0,1.0,41,8,2.2443751357497437,1,2.2443751357497437,False,False,False,True,0,83,16,0.4,0.3,0.3,balanced
1781459473352.149,0.4,0.3,0.3,607.7001569858712,627.3333333333334,0.12154003139717424,390.7003233392122,490.60111699000595,0.025396952857852716,1.0,1.0,1.0,40,8,2.2437649015837744,1,2.2437649015837744,False,False,False,True,0,84,16,0.4,0.3,0.3,balanced
1781459476071.86,0.4,0.3,0.3,611.1726844583987,631.0,0.12223453689167975,395.11537330981776,492.0473251028807,0.025691485877906456,1.0,1.0,1.0,38,8,2.2433987394799564,1,2.2433987394799564,False,False,False,True,0,85,16,0.4,0.3,0.3,balanced
1781459478785.722,0.4,0.3,0.3,612.4756671899528,633.1111111111111,0.12249513343799055,343.71082621082616,442.3092750870529,0.022262229900655513,1.0,1.0,1.0,37,8,2.244323277654607,1,2.244323277654607,False,False,False,True,0,86,16,0.4,0.3,0.3,balanced
1781459481509.6482,0.4,0.3,0.3,614.4897959183673,636.4444444444445,0.12289795918367347,313.74044679600235,401.20958259847146,0.0202628717008674,1.0,1.0,1.0,35,8,2.2447619548162705,1,2.2447619548162705,False,False,False,True,0,87,16,0.4,0.3,0.3,balanced
1781459484337.5571,0.4,0.3,0.3,615.6970172684458,638.3333333333334,0.12313940345368916,493.98604269293924,569.9589490968801,0.03228726102020942,1.0,1.0,1.0,34,8,2.2410580603124615,1,2.2410580603124615,False,False,False,True,0,88,16,0.4,0.3,0.3,balanced
1781459487059.771,0.4,0.3,0.3,622.5478806907378,646.4444444444445,0.12450957613814756,301.0351377018044,384.12155745489076,0.01941528603747861,1.0,1.0,1.0,32,8,2.244371583733497,1,2.244371583733497,False,False,False,True,0,89,16,0.4,0.3,0.3,balanced
1781459489876.595,0.4,0.3,0.3,629.971742543171,656.5555555555555,0.1259943485086342,238.77572016460903,303.56995884773664,0.015261889270487593,1.0,1.0,1.0,29,8,2.2450236938154,1,2.2450236938154,False,False,False,True,0,90,16,0.4,0.3,0.3,balanced
1781459496294.241,0.4,0.3,0.3,632.1083202511772,659.4444444444445,0.12642166405023544,220.69811875367432,273.3318636096414,0.014055911858150388,1.0,1.0,1.0,28,8,2.2452145608224607,1,2.2452145608224607,False,False,False,True,0,91,16,0.4,0.3,0.3,balanced
1781459499116.6848,0.4,0.3,0.3,640.1993720565148,670.0,0.12803987441130296,199.27983539094646,255.9259259259259,0.012627073741891025,1.0,1.0,1.0,26,8,2.2449959281129113,1,2.2449959281129113,False,False,False,True,0,92,16,0.4,0.3,0.3,balanced
1781459502042.017,0.4,0.3,0.3,645.9277864992151,675.5555555555555,0.12918555729984302,214.7633744855967,281.43004115226336,0.01365999829790505,1.0,1.0,1.0,25,8,2.2442277775906914,1,2.2442277775906914,False,False,False,True,0,93,16,0.4,0.3,0.3,balanced
1781459504865.3171,0.4,0.3,0.3,644.734693877551,674.8888888888889,0.1289469387755102,206.3477366255144,263.25735992402656,0.013098581496031646,1.0,1.0,1.0,25,8,2.2444916500409864,2,2.2444916500409864,False,False,False,True,0,94,16,0.4,0.3,0.3,balanced
1781459507784.479,0.4,0.3,0.3,653.5824175824174,686.2222222222222,0.1307164835164835,213.8778659611993,262.6690182245738,0.013600925014089346,1.0,1.0,1.0,23,8,2.24363312908918,1,2.24363312908918,False,False,False,True,0,95,16,0.4,0.3,0.3,balanced
1781459510707.669,0.4,0.3,0.3,658.3689167974882,692.4444444444445,0.13167378335949764,191.3521457965902,253.06143445032336,0.012098208525456318,1.0,1.0,1.0,22,8,2.243701024098564,1,2.243701024098564,False,False,False,True,0,96,16,0.4,0.3,0.3,balanced
1781459513723.198,0.4,0.3,0.3,670.2339089481945,708.1111111111111,0.1340467817896389,179.9390064667842,222.88065843621402,0.011336824981106351,1.0,1.0,1.0,20,8,2.2429802397898126,1,2.2429802397898126,False,False,False,True,0,97,16,0.4,0.3,0.3,balanced
1781459516735.6902,0.4,0.3,0.3,677.6640502354787,716.8888888888889,0.13553281004709575,171.00823045267487,215.5055849500294,0.010741042725328543,1.0,1.0,1.0,19,8,2.242564563163563,1,2.242564563163563,False,False,False,True,0,98,16,0.4,0.3,0.3,balanced
1781459519753.443,0.4,0.3,0.3,669.668759811617,707.8888888888889,0.13393375196232338,191.1662257495591,247.92328042328043,0.012085805587028625,1.0,1.0,1.0,20,8,2.242800757538962,0,2.242800757538962,False,False,False,True,0,99,16,0.4,0.3,0.3,balanced
1781459522766.249,0.4,0.3,0.3,678.7032967032967,718.1111111111111,0.13574065934065935,167.2310405643739,211.78130511463846,0.010489062079010934,1.0,1.0,1.0,19,8,2.242557017640033,1,2.242557017640033,False,False,False,True,0,100,16,0.4,0.3,0.3,balanced
1781459525891.4941,0.4,0.3,0.3,691.8665620094191,736.7777777777778,0.13837331240188383,143.27821869488537,185.83333333333334,0.008891142007664134,1.0,1.0,1.0,17,8,2.241983332436947,1,2.241983332436947,False,False,False,True,0,101,16,0.4,0.3,0.3,balanced
1781459532598.084,0.4,0.3,0.3,703.2417582417582,750.1111111111111,0.14064835164835165,124.36875367430922,163.7962962962963,0.007629670024970595,1.0,1.0,1.0,16,8,2.2414517583331683,1,2.2414517583331683,False,False,False,True,0,102,16,0.4,0.3,0.3,balanced
1781459535815.912,0.4,0.3,0.3,725.3171114599686,779.2222222222222,0.14506342229199373,127.95267489711932,165.5055849500294,0.007868757498140049,1.0,1.0,1.0,14,8,2.2396140038337604,1,2.2396140038337604,False,False,False,True,0,103,16,0.4,0.3,0.3,balanced
1781459539137.772,0.4,0.3,0.3,740.1475667189952,797.6666666666666,0.14802951334379905,106.05379188712521,138.53615520282187,0.006407858031162456,1.0,1.0,1.0,13,8,2.238865837253132,1,2.238865837253132,False,False,False,True,0,104,16,0.4,0.3,0.3,balanced
1781459542557.462,0.4,0.3,0.3,774.8021978021977,843.1111111111111,0.15496043956043953,159.67507800841133,226.19612897390675,0.009984995197358995,1.0,1.0,1.0,11,8,2.2350203256166163,1,2.2350203256166163,False,False,False,True,0,105,16,0.4,0.3,0.3,balanced
1781459546076.884,0.4,0.3,0.3,797.7723704866561,872.6666666666666,0.15955447409733123,139.39854384298826,171.97056030389365,0.008632324472514228,0.9761863231250986,0.9800117577895355,0.9761863231250986,10,8,2.2264444099568426,1,2.2264444099568426,False,False,False,True,0,106,16,0.4,0.3,0.3,balanced
1781459549598.313,0.4,0.3,0.3,772.8241758241759,841.7777777777778,0.15456483516483518,3373.067313345091,3448.1672545561432,0.22435405692762447,0.9844135456380354,0.988095238095238,0.9844135456380354,11,8,2.1661919125471893,0,2.1661919125471893,False,False,False,True,0,107,16,0.4,0.3,0.3,balanced
1781459552811.802,0.4,0.3,0.3,739.0392464678177,796.7777777777778,0.14780784929356355,115.5460588793922,153.49161126938904,0.007041097990619894,1.0,1.0,1.0,13,8,2.2387645308853887,0,2.2387645308853887,False,False,False,True,0,108,16,0.4,0.3,0.3,balanced
1781459556132.0269,0.4,0.3,0.3,739.039246467818,797.0,0.14780784929356358,115.09406231628454,142.95120517342738,0.0070109447842751525,1.0,1.0,1.0,13,8,2.238773576847292,2,2.238773576847292,False,False,False,True,0,109,16,0.4,0.3,0.3,balanced
1781459559345.123,0.4,0.3,0.3,724.5557299843014,778.3333333333334,0.14491114599686028,121.15373309817753,156.1390358612581,0.007415192334768347,1.0,1.0,1.0,14,8,2.2398109839008256,0,2.2398109839008256,False,False,False,True,0,110,16,0.4,0.3,0.3,balanced
1781459566041.869,0.4,0.3,0.3,701.6091051805338,749.1111111111111,0.14032182103610677,134.23721340388008,171.3771310993533,0.00828800623107939,1.0,1.0,1.0,16,8,2.2413848697162333,0,2.2413848697162333,False,False,False,True,0,111,16,0.4,0.3,0.3,balanced
1781459569264.66,0.4,0.3,0.3,725.2825745682889,779.0,0.14505651491365776,117.37654320987653,153.2363315696649,0.007163211688450736,1.0,1.0,1.0,14,8,2.239828430528002,1,2.239828430528002,False,False,False,True,0,112,16,0.4,0.3,0.3,balanced
1781459572387.234,0.4,0.3,0.3,702.6734693877551,750.2222222222222,0.14053469387755102,145.00079138968027,184.98100664767333,0.009006056797176802,1.0,1.0,1.0,16,8,2.2410843054098266,0,2.2410843054098266,False,False,False,True,0,113,16,0.4,0.3,0.3,balanced
1781459575612.8599,0.4,0.3,0.3,724.6609105180532,778.6666666666666,0.14493218210361064,122.88212815990592,159.52087007642564,0.007530495541021075,1.0,1.0,1.0,14,8,2.2397679784962494,1,2.2397679784962494,False,False,False,True,0,114,16,0.4,0.3,0.3,balanced
1781459578730.081,0.4,0.3,0.3,701.98273155416,748.7777777777778,0.14039654631083198,125.49970605526163,157.72339800117578,0.007705117148449741,1.0,1.0,1.0,16,8,2.241529846331132,0,2.241529846331132,False,False,False,True,0,115,16,0.4,0.3,0.3,balanced
1781459581747.326,0.4,0.3,0.3,693.5400313971743,738.0,0.13870800627943486,143.7321937321937,183.5042735042735,0.008921427200279768,1.0,1.0,1.0,17,8,2.241840369328142,0,2.241840369328142,False,False,False,True,0,116,16,0.4,0.3,0.3,balanced
1781459584965.7642,0.4,0.3,0.3,677.0706436420721,716.5555555555555,0.13541412872841443,13720.096687546878,13676.852257292869,0.9146161899631007,0.959364116999585,0.9590038314176245,0.959364116999585,19,8,1.9592587266195796,0,1.9592587266195796,False,False,False,True,0,117,16,0.4,0.3,0.3,balanced
1781459587981.638,0.4,0.3,0.3,669.6342229199372,707.6666666666666,0.13392684458398743,335.8245149911816,330.67313345091117,0.02173612508280064,0.9939448306795244,0.9920634920634921,0.9939448306795244,20,8,2.238091873845422,0,2.238091873845422,False,False,False,True,0,118,16,0.4,0.3,0.3,balanced
1781459590893.9568,0.4,0.3,0.3,657.3516483516482,692.2222222222222,0.13147032967032965,212.36552028218694,266.49323927101705,0.013500034708618209,1.0,1.0,1.0,22,8,2.2433618577192824,0,2.2433618577192824,False,False,False,True,0,119,16,0.4,0.3,0.3,balanced
1781459593817.866,0.4,0.3,0.3,655.607535321821,688.8888888888889,0.1311215070643642,199.85670194003526,264.917695473251,0.012665557167447316,1.0,1.0,1.0,23,8,2.24375173002402,0,2.24375173002402,False,False,False,True,0,120,16,0.4,0.3,0.3,balanced
1781459596642.313,0.4,0.3,0.3,644.419152276295,674.5555555555555,0.128883830455259,203.77809433364988,259.39537828426717,0.012927157727394922,1.0,1.0,1.0,25,8,2.244568320499678,0,2.244568320499678,False,False,False,True,0,121,16,0.4,0.3,0.3,balanced
1781459603145.251,0.4,0.3,0.3,654.4976452119308,687.4444444444445,0.13089952904238616,191.04864785420338,236.58142269253378,0.012077961831501225,1.0,1.0,1.0,23,8,2.244016799833595,1,2.244016799833595,False,False,False,True,0,122,16,0.4,0.3,0.3,balanced
1781459605961.917,0.4,0.3,0.3,645.4222919937205,675.3333333333334,0.1290844583987441,222.85023741690406,274.9059195948085,0.014199482149226422,0.9938413235116531,0.9957264957264957,0.9938413235116531,25,8,2.24225876904923,0,2.24225876904923,False,False,False,True,0,123,16,0.4,0.3,0.3,balanced
1781459609179.941,0.4,0.3,0.3,473.2637362637363,529.0,0.09465274725274726,196.98015873015873,233.80158730158732,0.012473659688469562,0.7284144427001569,0.7777777777777778,0.7284144427001569,26,8,2.176921136002407,0,2.176921136002407,False,False,False,True,0,124,16,0.4,0.3,0.3,balanced
1781459612006.037,0.4,0.3,0.3,634.2087912087911,661.4444444444445,0.12684175824175822,234.91255144032922,304.69282774838325,0.015004172877940576,1.0,1.0,1.0,28,8,2.2447620448399146,0,2.2447620448399146,False,False,False,True,0,125,16,0.4,0.3,0.3,balanced
1781459614827.159,0.4,0.3,0.3,630.9560439560439,657.0,0.1261912087912088,272.7204585537919,342.3853615520282,0.017526381491246957,1.0,1.0,1.0,29,8,2.2442656020361422,0,2.2442656020361422,False,False,False,True,0,126,16,0.4,0.3,0.3,balanced
1781459617640.935,0.4,0.3,0.3,623.7142857142857,647.0,0.12474285714285713,310.5069786535304,396.9102353585112,0.020047163352470337,1.0,1.0,1.0,32,8,2.244088708137116,0,2.244088708137116,False,False,False,True,0,127,16,0.4,0.3,0.3,balanced
1781459620364.8938,0.4,0.3,0.3,616.2417582417582,639.4444444444445,0.12324835164835166,334.5267489711934,418.80658436214,0.021649549631167005,1.0,1.0,1.0,34,8,2.244205794451309,0,2.244205794451309,False,False,False,True,0,128,16,0.4,0.3,0.3,balanced
1781459623088.5579,0.4,0.3,0.3,614.8885400313972,636.6666666666666,0.12297770800627943,329.3084950029394,414.62522045855377,0.02130143395616674,1.0,1.0,1.0,35,8,2.244418486610638,0,2.244418486610638,False,False,False,True,0,129,16,0.4,0.3,0.3,balanced
1781459625809.856,0.4,0.3,0.3,611.105180533752,631.2222222222222,0.12222103610675039,363.069517930629,457.1355085243974,0.023553670308914542,1.0,1.0,1.0,37,8,2.2440454844646256,0,2.2440454844646256,False,False,False,True,0,130,16,0.4,0.3,0.3,balanced
1781459628533.535,0.4,0.3,0.3,608.723704866562,629.0,0.12174474097331241,374.6766607877719,459.01087595532044,0.024327996049884715,1.0,1.0,1.0,38,8,2.2440037047957095,0,2.2440037047957095,False,False,False,True,0,131,16,0.4,0.3,0.3,balanced
1781459631257.7878,0.4,0.3,0.3,605.4662480376766,625.1111111111111,0.12109324960753531,367.4485596707819,474.21810699588485,0.023845801178838017,1.0,1.0,1.0,40,8,2.2444089598033345,0,2.2444089598033345,False,False,False,True,0,132,16,0.4,0.3,0.3,balanced
1781459637574.1702,0.4,0.3,0.3,607.1538461538462,626.1111111111111,0.12143076923076923,428.532480893592,526.0993533215756,0.027920779245736622,1.0,1.0,1.0,40,8,2.243051458533971,2,2.243051458533971,False,False,False,True,0,133,16,0.4,0.3,0.3,balanced
1781459640299.553,0.4,0.3,0.3,606.2354788069073,625.7777777777778,0.12124709576138146,371.3697824808936,461.1346266901823,0.02410739042567669,1.0,1.0,1.0,40,8,2.2442689445677444,2,2.2442689445677444,False,False,False,True,0,134,16,0.4,0.3,0.3,balanced
1781459643021.957,0.4,0.3,0.3,605.3453689167975,623.8888888888889,0.1210690737833595,421.12958401751496,496.863711001642,0.02742692355020113,1.0,1.0,1.0,41,8,2.243344293421596,0,2.243344293421596,False,False,False,True,0,135,16,0.4,0.3,0.3,balanced
1781459645743.33,0.4,0.3,0.3,601.9230769230769,620.0,0.12038461538461538,412.5821018062397,519.7769567597153,0.026856711261256817,1.0,1.0,1.0,43,8,2.2437891404677766,0,2.2437891404677766,False,False,False,True,0,136,16,0.4,0.3,0.3,balanced
1781459648466.9321,0.4,0.3,0.3,600.1255886970172,618.0,0.12002511773940344,689.760637758722,769.084767580936,0.04534760758897412,0.9942812289751065,0.9960317460317462,0.9942812289751065,44,8,2.2366700393200785,0,2.2366700393200785,False,False,False,True,0,137,16,0.4,0.3,0.3,balanced
1781459651189.833,0.4,0.3,0.3,597.9246467817895,614.8888888888889,0.11958492935635791,376.7186898173488,476.76042490218725,0.02446422213591386,1.0,1.0,1.0,46,8,2.244826761616683,0,2.244826761616683,False,False,False,True,0,138,16,0.4,0.3,0.3,balanced
1781459653909.6638,0.4,0.3,0.3,600.9999999999999,618.6666666666666,0.12019999999999997,386.46620142309786,490.723864258347,0.025114489754709663,1.0,1.0,1.0,44,8,2.244385653073587,1,2.244385653073587,False,False,False,True,0,139,16,0.4,0.3,0.3,balanced
1781459657735.1812,0.4,0.3,0.3,602.524332810047,622.1111111111111,0.1205048665620094,2480.9323642946056,2507.5445689290896,0.1648387167641498,0.5099273474422147,0.5414593826018432,0.5099273474422147,46,8,2.055324642578616,0,2.055324642578616,False,False,False,True,0,140,16,0.4,0.3,0.3,balanced
1781459660451.614,0.4,0.3,0.3,596.8367346938775,613.1111111111111,0.1193673469387755,421.5722495894909,522.0361247947454,0.02745645427548305,0.990634980782764,0.9923371647509579,0.990634980782764,47,8,2.241206619176674,0,2.241206619176674,False,False,False,True,0,141,16,0.4,0.3,0.3,balanced
1781459663177.314,0.4,0.3,0.3,594.0172684458398,610.1111111111111,0.11880345368916796,440.66297208538583,540.071154898741,0.028730018151126472,1.0,1.0,1.0,49,8,2.2438596130789947,0,2.2438596130789947,False,False,False,True,0,142,16,0.4,0.3,0.3,balanced
1781459665799.63,0.4,0.3,0.3,594.546310832025,610.4444444444445,0.118909262166405,418.14814814814815,532.716049382716,0.02722802856225138,1.0,1.0,1.0,50,8,2.2442678865647627,0,2.2442678865647627,False,False,False,True,0,143,16,0.4,0.3,0.3,balanced
1781459668511.095,0.4,0.3,0.3,591.3516483516484,606.1111111111111,0.11827032967032967,488.1473879462385,618.2335948427904,0.03189775770155027,0.981269961565528,0.9846743295019158,0.981269961565528,52,8,2.2375035292910614,0,2.2375035292910614,False,False,False,True,0,144,16,0.4,0.3,0.3,balanced
1781459674706.707,0.4,0.3,0.3,589.0690737833595,604.1111111111111,0.1178138147566719,473.94507755618866,609.6739474517252,0.030950305373995242,1.0,1.0,1.0,53,8,2.2435893824851325,0,2.2435893824851325,False,False,False,True,0,145,16,0.4,0.3,0.3,balanced
1781459677330.539,0.4,0.3,0.3,587.5086342229199,601.7777777777778,0.11750172684458399,517.6543209876544,629.3415637860084,0.033866198865087016,1.0,1.0,1.0,55,8,2.2428394496026405,0,2.2428394496026405,False,False,False,True,0,146,16,0.4,0.3,0.3,balanced
1781459679950.728,0.4,0.3,0.3,587.3265306122448,601.6666666666666,0.11746530612244896,554.8184891240446,688.2760141093474,0.03634546291688089,1.0,1.0,1.0,56,8,2.242110238675956,0,2.242110238675956,False,False,False,True,0,147,16,0.4,0.3,0.3,balanced
1781459682570.7468,0.4,0.3,0.3,585.3312401883829,598.4444444444445,0.11706624803767658,531.3264256319811,662.3030570252793,0.03477828056250708,1.0,1.0,1.0,58,8,2.2427400166161773,0,2.2427400166161773,False,False,False,True,0,148,16,0.4,0.3,0.3,balanced
1781459685194.063,0.4,0.3,0.3,584.2135007849292,597.6666666666666,0.11684270015698585,573.2363315696648,702.2898295120517,0.037574138196775506,1.0,1.0,1.0,59,8,2.241990678478173,0,2.241990678478173,False,False,False,True,0,149,16,0.4,0.3,0.3,balanced
1781459687818.9622,0.4,0.3,0.3,585.5541601255886,598.4444444444445,0.11711083202511773,551.7576764798987,692.4723013611903,0.03614127261373574,0.9935461364032792,0.9917695473251028,0.9935461364032792,61,8,2.240377126326816,0,2.240377126326816,False,False,False,True,0,150,16,0.4,0.3,0.3,balanced
1781459690442.866,0.4,0.3,0.3,584.6734693877551,598.2222222222222,0.11693469387755101,585.6327160493827,742.3280423280423,0.03840111514672333,1.0,1.0,1.0,59,8,2.2417057879049627,1,2.2417057879049627,False,False,False,True,0,151,16,0.4,0.3,0.3,balanced
1781459693060.566,0.4,0.3,0.3,586.2417582417582,599.7777777777778,0.11724835164835165,549.5855379188712,675.6481481481483,0.035996366772439704,1.0,1.0,1.0,58,8,2.2423017493089272,1,2.2423017493089272,False,False,False,True,0,152,16,0.4,0.3,0.3,balanced
1781459695673.9521,0.4,0.3,0.3,589.7394034536891,603.6666666666666,0.11794788069073782,616.6144914756027,774.7604350382129,0.040467944728192304,1.0,1.0,1.0,56,8,2.2406804643052474,1,2.2406804643052474,False,False,False,True,0,153,16,0.4,0.3,0.3,balanced
1781459698294.358,0.4,0.3,0.3,588.0722135007849,602.4444444444445,0.11761444270015697,570.1366843033509,710.7216343327455,0.03736735719168451,0.9958510876878224,0.9960317460317462,0.9958510876878224,55,8,2.2404993420687784,1,2.2404993420687784,False,False,False,True,0,154,16,0.4,0.3,0.3,balanced
1781459700906.6519,0.4,0.3,0.3,588.3846153846154,601.8888888888889,0.11767692307692307,580.9736919459141,690.9685479129923,0.03809030633395024,1.0,1.0,1.0,56,8,2.2415021388690457,0,2.2415021388690457,False,False,False,True,0,155,16,0.4,0.3,0.3,balanced
1781459703523.119,0.4,0.3,0.3,586.2668759811617,600.3333333333334,0.11725337519623233,628.2223691945914,729.0373309817754,0.041242319492634516,1.0,1.0,1.0,58,8,2.2407259540737168,0,2.2407259540737168,False,False,False,True,0,156,16,0.4,0.3,0.3,balanced
1781459709725.7239,0.4,0.3,0.3,586.0690737833595,599.5555555555555,0.1172138147566719,544.8052616108172,669.9911816578483,0.035677469086779,1.0,1.0,1.0,59,8,2.2424112333712976,0,2.2424112333712976,False,False,False,True,0,157,16,0.4,0.3,0.3,balanced
1781459712350.0781,0.4,0.3,0.3,586.0455259026686,598.7777777777778,0.11720910518053372,686.1794532627865,810.787771898883,0.04510870268597642,1.0,1.0,1.0,61,8,2.2395837471219937,0,2.2395837471219937,False,False,False,True,0,158,16,0.4,0.3,0.3,balanced
1781459714975.086,0.4,0.3,0.3,582.7927786499215,595.6666666666666,0.1165585557299843,760.839947089947,889.620811287478,0.05008938939892909,1.0,1.0,1.0,64,8,2.2383497608883274,0,2.2383497608883274,False,False,False,True,0,159,16,0.4,0.3,0.3,balanced
1781459717595.8918,0.4,0.3,0.3,582.5243328100471,595.0,0.11650486656200942,658.3730158730159,777.5396825396825,0.0432537035272192,1.0,1.0,1.0,65,8,2.2404219423170306,0,2.2404219423170306,False,False,False,True,0,160,16,0.4,0.3,0.3,balanced
1781459720214.059,0.4,0.3,0.3,579.4552590266875,592.1111111111111,0.1158910518053375,811.901822457378,924.4415049970606,0.05349578535406124,0.9860394707333483,0.988095238095238,0.9860394707333483,67,8,2.233406684891651,0,2.233406684891651,False,False,False,True,0,161,16,0.4,0.3,0.3,balanced
1781459722826.16,0.4,0.3,0.3,579.7237048665619,591.5555555555555,0.11594474097331238,617.6675485008818,775.5055849500295,0.040538195363634545,1.0,1.0,1.0,68,8,2.2414606450015846,0,2.2414606450015846,False,False,False,True,0,162,16,0.4,0.3,0.3,balanced
1781459725450.267,0.4,0.3,0.3,580.1711145996859,592.3333333333334,0.11603422291993717,712.1836702392258,927.2821417265861,0.04684347366505842,0.9942812289751064,0.9960317460317462,0.9942812289751064,67,8,2.2378176374250396,1,2.2378176374250396,False,False,False,True,0,163,16,0.4,0.3,0.3,balanced
1781459728075.781,0.4,0.3,0.3,582.2464678178964,595.0,0.11644929356357928,670.1925338036448,841.1992945326278,0.04404219705161073,1.0,1.0,1.0,65,8,2.240207623459085,1,2.240207623459085,False,False,False,True,0,164,16,0.4,0.3,0.3,balanced
1781459730688.028,0.4,0.3,0.3,581.6106750392464,594.2222222222222,0.11632213500784928,656.8900646678425,817.1310993533216,0.04315477416062992,1.0,1.0,1.0,64,8,2.2405247137486715,1,2.2405247137486715,False,False,False,True,0,165,16,0.4,0.3,0.3,balanced
1781459733312.413,0.4,0.3,0.3,583.2762951334381,596.2222222222222,0.11665525902668762,617.0576131687243,763.3068783068784,0.04049750588183618,1.0,1.0,1.0,61,8,2.241188644624774,1,2.241188644624774,False,False,False,True,0,166,16,0.4,0.3,0.3,balanced
1781459735937.239,0.4,0.3,0.3,586.0392464678179,599.1111111111111,0.11720784929356358,559.9588477366254,688.4362139917696,0.03668838210384426,1.0,1.0,1.0,59,8,2.242110345651421,1,2.242110345651421,False,False,False,True,0,167,16,0.4,0.3,0.3,balanced
1781459738552.489,0.4,0.3,0.3,587.1412872841445,601.1111111111111,0.1174282574568289,504.5120517342738,625.6084656084656,0.032989463091012264,1.0,1.0,1.0,58,8,2.243131858089965,1,2.243131858089965,False,False,False,True,0,168,16,0.4,0.3,0.3,balanced
1781459744763.747,0.4,0.3,0.3,587.0376766091051,600.6666666666666,0.11740753532182102,533.317166372722,675.0705467372134,0.03491108514828032,1.0,1.0,1.0,56,8,2.2425636603267876,1,2.2425636603267876,False,False,False,True,0,169,16,0.4,0.3,0.3,balanced
1781459747379.989,0.4,0.3,0.3,587.9654631083203,602.1111111111111,0.11759309262166405,522.9570840681952,652.66607877719,0.034219952239372596,1.0,1.0,1.0,55,8,2.2426967772795225,1,2.2426967772795225,False,False,False,True,0,170,16,0.4,0.3,0.3,balanced
1781459750102.762,0.4,0.3,0.3,588.8351648351648,603.6666666666666,0.11776703296703298,522.9228243021346,628.7370005473454,0.0342176667312965,1.0,1.0,1.0,53,8,2.2426278867937977,1,2.2426278867937977,False,False,False,True,0,171,16,0.4,0.3,0.3,balanced
1781459752726.937,0.4,0.3,0.3,591.4222919937205,606.3333333333334,0.1182844583987441,528.8065843621399,651.7283950617285,0.03461017907686057,1.0,1.0,1.0,52,8,2.242303162917444,1,2.242303162917444,False,False,False,True,0,172,16,0.4,0.3,0.3,balanced
1781459755344.53,0.4,0.3,0.3,593.9199372056514,609.6666666666666,0.11878398744113028,528.1805951250394,661.4957264957264,0.034568418620749795,1.0,1.0,1.0,50,8,2.242115879437323,1,2.242115879437323,False,False,False,True,0,173,16,0.4,0.3,0.3,balanced
1781459757967.101,0.4,0.3,0.3,594.6546310832024,610.1111111111111,0.11893092621664048,418.3649889205445,514.7325102880659,0.027242494257541328,1.0,1.0,1.0,49,8,2.244254881236081,1,2.244254881236081,False,False,False,True,0,174,16,0.4,0.3,0.3,balanced
1781459760991.555,0.4,0.3,0.3,438.4678178963893,482.0,0.08769356357927786,293.55467372134035,346.93562610229276,0.018916255751923974,0.728414442700157,0.7777777777777778,0.728414442700157,47,8,2.1777720306527586,1,2.1777720306527586,False,False,False,True,0,175,16,0.4,0.3,0.3,balanced
1781459763715.778,0.4,0.3,0.3,597.0235478806908,614.0,0.11940470957613816,438.33333333333337,533.8095238095239,0.02857460529241717,1.0,1.0,1.0,46,8,2.2436657345818194,1,2.2436657345818194,False,False,False,True,0,176,16,0.4,0.3,0.3,balanced
1781459768244.2068,0.4,0.3,0.3,557.2056514913658,541.4444444444445,0.11144113029827316,5169.7338298443365,5944.350375738057,0.34421172980949544,0.4336618907937619,0.49032674332540005,0.4336618907937619,44,8,1.9822585961759707,1,1.9822585961759707,False,False,False,True,0,177,16,0.4,0.3,0.3,balanced
1781459771060.256,0.4,0.3,0.3,560.0015698587126,542.3333333333334,0.11200031397174252,412.267585125448,533.6637544802867,0.026835729494692998,0.9419152276295133,0.8888888888888888,0.9419152276295133,46,8,2.229723723851749,0,2.229723723851749,False,False,False,True,0,178,16,0.4,0.3,0.3,balanced
1781459773676.703,0.4,0.3,0.3,600.7927786499215,618.5555555555555,0.1201585557299843,416.79803735359286,520.1313706869263,0.02713796113099352,1.0,1.0,1.0,44,8,2.2437951893687083,1,2.2437951893687083,False,False,False,True,0,179,16,0.4,0.3,0.3,balanced
1781459776400.085,0.4,0.3,0.3,601.2527472527471,619.2222222222222,0.12025054945054942,448.34017515052,552.8379857690203,0.029242173125451635,1.0,1.0,1.0,43,8,2.2431271282821448,1,2.2431271282821448,False,False,False,True,0,180,16,0.4,0.3,0.3,balanced
1781459782701.029,0.4,0.3,0.3,603.5510204081631,622.6666666666666,0.12071020408163263,420.53571428571433,513.6507936507937,0.027387305822929576,1.0,1.0,1.0,41,8,2.243499726620468,1,2.243499726620468,False,False,False,True,0,181,16,0.4,0.3,0.3,balanced
1781459785425.129,0.4,0.3,0.3,606.6452119309262,626.3333333333334,0.12132904238618523,382.1230158730158,469.2857142857143,0.024824750892129138,1.0,1.0,1.0,40,8,2.244020957777887,1,2.244020957777887,False,False,False,True,0,182,16,0.4,0.3,0.3,balanced
1781459788247.112,0.4,0.3,0.3,609.4740973312402,630.1111111111111,0.12189481946624803,350.1500131768331,444.0247116300756,0.022691795408728028,1.0,1.0,1.0,38,8,2.244434533590882,1,2.244434533590882,False,False,False,True,0,183,16,0.4,0.3,0.3,balanced
1781459790969.041,0.4,0.3,0.3,612.9795918367347,633.6666666666666,0.12259591836734694,359.4319517930629,453.2936507936508,0.02331100412228572,1.0,1.0,1.0,37,8,2.2439683314163754,1,2.2439683314163754,False,False,False,True,0,184,16,0.4,0.3,0.3,balanced
1781459793694.671,0.4,0.3,0.3,616.9340659340659,638.4444444444445,0.12338681318681317,323.7037037037037,414.074074074074,0.02092753193487016,1.0,1.0,1.0,35,8,2.244367015144814,1,2.244367015144814,False,False,False,True,0,185,16,0.4,0.3,0.3,balanced
1781459796410.809,0.4,0.3,0.3,617.938775510204,640.1111111111111,0.1235877551020408,318.88572333016776,413.8113327002216,0.020606118967989844,1.0,1.0,1.0,34,8,2.2443830622687866,1,2.2443830622687866,False,False,False,True,0,186,16,0.4,0.3,0.3,balanced
1781459799234.088,0.4,0.3,0.3,622.574568288854,646.3333333333334,0.1245149136577708,287.22222222222223,362.1825396825397,0.01849381068860722,1.0,1.0,1.0,32,8,2.2446458913303093,1,2.2446458913303093,False,False,False,True,0,187,16,0.4,0.3,0.3,balanced
1781459802054.385,0.4,0.3,0.3,632.7142857142857,658.8888888888889,0.12654285714285712,254.86992945326278,319.38859494415055,0.016335552331772033,1.0,1.0,1.0,29,8,2.2444821914433257,1,2.2444821914433257,False,False,False,True,0,188,16,0.4,0.3,0.3,balanced
1781459804879.424,0.4,0.3,0.3,635.7394034536891,663.1111111111111,0.12714788069073782,250.82462804685028,325.804051915163,0.016065685660230172,1.0,1.0,1.0,28,8,2.244321142025636,1,2.244321142025636,False,False,False,True,0,189,16,0.4,0.3,0.3,balanced
1781459807804.527,0.4,0.3,0.3,640.7142857142858,669.4444444444445,0.12814285714285717,254.3650793650793,317.5,0.01630187320647627,1.0,1.0,1.0,26,8,2.2438522951809143,1,2.2438522951809143,False,False,False,True,0,190,16,0.4,0.3,0.3,balanced
1781459810729.81,0.4,0.3,0.3,644.8540031397174,675.3333333333334,0.12897080062794347,372.8578016987979,497.5793143992378,0.024206657885176647,1.0,1.0,1.0,25,8,2.2411496823832695,1,2.2411496823832695,False,False,False,True,0,191,16,0.4,0.3,0.3,balanced
1781459817240.351,0.4,0.3,0.3,654.1805337519622,687.2222222222222,0.13083610675039245,216.23456790123456,276.603468547913,0.013758143288941599,1.0,1.0,1.0,23,8,2.2435381143131607,1,2.2435381143131607,False,False,False,True,0,192,16,0.4,0.3,0.3,balanced
1781459820265.571,0.4,0.3,0.3,658.7817896389324,693.0,0.13175635792778648,202.65873015873012,260.75396825396825,0.012852483666359582,1.0,1.0,1.0,22,8,2.2434417117289773,1,2.2434417117289773,False,False,False,True,0,193,16,0.4,0.3,0.3,balanced
1781459823290.342,0.4,0.3,0.3,671.5525902668759,709.7777777777778,0.13431051805337518,203.77326217843458,255.82238642583474,0.012926835368808178,1.0,1.0,1.0,20,8,2.2423977421680075,1,2.2423977421680075,False,False,False,True,0,194,16,0.4,0.3,0.3,balanced
1781459826311.1301,0.4,0.3,0.3,676.3610675039246,716.0,0.13527221350078492,167.80055849500292,216.78718400940625,0.010527055269846758,0.9903005158107199,0.9920634920634921,0.9903005158107199,19,8,2.239823152761948,1,2.239823152761948,False,False,False,True,0,195,16,0.4,0.3,0.3,balanced
1781459829434.664,0.4,0.3,0.3,690.6169544740973,735.0,0.13812339089481945,178.84920634920633,235.27777777777777,0.011264123172061796,1.0,1.0,1.0,17,8,2.2413714066904538,1,2.2413714066904538,False,False,False,True,0,196,16,0.4,0.3,0.3,balanced
1781459832458.063,0.4,0.3,0.3,677.6499215070643,717.7777777777778,0.13552998430141286,180.05093157870934,236.4716456383123,0.011344291633002624,0.9939531368102796,0.9958847736625513,0.9939531368102796,19,8,2.240570659832618,0,2.240570659832618,False,False,False,True,0,197,16,0.4,0.3,0.3,balanced
1781459835579.23,0.4,0.3,0.3,692.8445839874412,737.7777777777778,0.13856891679748823,154.35413245758073,202.59715380405035,0.00963002884973854,1.0,1.0,1.0,17,8,2.2416834246260833,1,2.2416834246260833,False,False,False,True,0,198,16,0.4,0.3,0.3,balanced
1781459838699.473,0.4,0.3,0.3,704.1255886970173,751.0,0.14082511773940345,4897.285137701803,5058.088341699452,0.32603636675795883,0.98938268836228,0.987801293356849,0.98938268836228,16,8,2.142673849385535,1,2.142673849385535,False,False,False,True,0,199,16,0.4,0.3,0.3,balanced
1781459841913.7039,0.4,0.3,0.3,724.1177394034536,777.7777777777778,0.1448235478806907,126.97383891828336,161.45796590241036,0.0078034582333744735,1.0,1.0,1.0,14,8,2.2397295433777114,1,2.2397295433777114,False,False,False,True,0,200,16,0.4,0.3,0.3,balanced
1781459845433.099,0.4,0.3,0.3,520.7739403453689,595.0,0.10415478806907379,94.5246913580247,113.51234567901236,0.005638738582923596,0.728414442700157,0.7777777777777778,0.728414442700157,16,8,2.1751707960075404,0,2.1751707960075404,False,False,False,True,0,201,16,0.4,0.3,0.3,balanced
1781459852134.857,0.4,0.3,0.3,724.2040816326531,777.5555555555555,0.14484081632653062,162.68597657486546,200.88319088319088,0.010185855675441325,1.0,1.0,1.0,14,8,2.2390079167667554,1,2.2390079167667554,False,False,False,True,0,202,16,0.4,0.3,0.3,balanced
1781459855353.41,0.4,0.3,0.3,737.6718995290423,795.1111111111111,0.14753437990580848,113.80658436213992,146.66666666666666,0.006925055661250161,1.0,1.0,1.0,13,8,2.2389087313393015,1,2.2389087313393015,False,False,False,True,0,203,16,0.4,0.3,0.3,balanced
1781459858570.2668,0.4,0.3,0.3,736.1742543171114,793.8888888888889,0.14723485086342228,118.0468502690725,154.63121240899017,0.007207928637029519,1.0,1.0,1.0,13,8,2.2389436810635224,2,2.2389436810635224,False,False,False,True,0,204,16,0.4,0.3,0.3,balanced
1781459861996.3738,0.4,0.3,0.3,775.2762951334379,843.3333333333334,0.15505525902668757,110.65843621399176,147.28395061728395,0.00671503910700412,1.0,1.0,1.0,11,8,2.2359633846572238,1,2.2359633846572238,False,False,False,True,0,205,16,0.4,0.3,0.3,balanced
1781459865516.659,0.4,0.3,0.3,797.8241758241757,872.4444444444445,0.15956483516483513,109.42460317460318,132.22222222222223,0.006632728697438505,1.0,1.0,1.0,10,8,2.2341842473248343,1,2.2341842473248343,False,False,False,True,0,206,16,0.4,0.3,0.3,balanced
1781459868936.908,0.4,0.3,0.3,774.9262166405024,842.8888888888889,0.15498524332810049,141.65852665852663,160.61061366616923,0.008783090504237933,0.9884503251850191,0.9920634920634921,0.9884503251850191,11,8,2.2319060730729943,0,2.2319060730729943,False,False,False,True,0,207,16,0.4,0.3,0.3,balanced
1781459872453.781,0.4,0.3,0.3,797.0612244897958,872.4444444444445,0.15941224489795916,145.04629629629628,187.12962962962965,0.009009092481407356,1.0,1.0,1.0,10,8,2.233532374296394,1,2.233532374296394,False,False,False,True,0,208,16,0.4,0.3,0.3,balanced
1781459876070.878,0.4,0.3,0.3,777.3437990580848,848.4444444444445,0.15546875981161695,198.7717569786535,219.77643982241682,0.012593179251411174,0.9724462729388837,0.9540229885057472,0.9724462729388837,11,8,2.225768424181595,0,2.225768424181595,False,False,False,True,0,209,16,0.4,0.3,0.3,balanced
1781459879287.8088,0.4,0.3,0.3,737.3092621664049,795.5555555555555,0.14746185243328097,149.9303577081355,199.86071541627098,0.009334913789735524,1.0,1.0,1.0,13,8,2.238214784889767,0,2.238214784889767,False,False,False,True,0,210,16,0.4,0.3,0.3,balanced
1781459882509.358,0.4,0.3,0.3,723.3265306122448,777.8888888888889,0.14466530612244896,163.22898295120515,218.6081716637272,0.010222080250247175,1.0,1.0,1.0,14,8,2.2390672534759464,0,2.2390672534759464,False,False,False,True,0,211,16,0.4,0.3,0.3,balanced
1781459889206.1802,0.4,0.3,0.3,702.0910518053374,748.5555555555555,0.1404182103610675,165.9479717813051,218.30393885949442,0.01040346709681822,1.0,1.0,1.0,16,8,2.2407116757265273,0,2.2407116757265273,False,False,False,True,0,212,16,0.4,0.3,0.3,balanced
1781459892428.67,0.4,0.3,0.3,725.5981161695447,779.4444444444445,0.14511962323390895,151.17063492063494,195.35714285714286,0.009417654097440623,1.0,1.0,1.0,14,8,2.2391268544772043,1,2.2391268544772043,False,False,False,True,0,213,16,0.4,0.3,0.3,balanced
1781459895544.659,0.4,0.3,0.3,701.861852433281,749.3333333333334,0.1403723704866562,202.4941211052322,268.9226925338036,0.012841502408621228,0.9960192868356132,0.9960317460317462,0.9960192868356132,16,8,2.238804387133435,0,2.238804387133435,False,False,False,True,0,214,16,0.4,0.3,0.3,balanced
1781459898556.793,0.4,0.3,0.3,691.4442700156984,736.1111111111111,0.13828885400313967,219.946185501741,282.9408040519152,0.01400574953313816,1.0,1.0,1.0,17,8,2.2404827335388027,0,2.2404827335388027,False,False,False,True,0,215,16,0.4,0.3,0.3,balanced
1781459901573.174,0.4,0.3,0.3,676.320251177394,716.0,0.1352640502354788,205.22486772486772,264.5532039976485,0.013023673630745011,0.9746019286835613,0.9801587301587303,0.9746019286835613,19,8,2.2343678564216534,0,2.2343678564216534,False,False,False,True,0,216,16,0.4,0.3,0.3,balanced
1781459904595.7861,0.4,0.3,0.3,670.5604395604396,708.3333333333334,0.13411208791208792,194.68253968253967,239.9588477366255,0.012320382900769825,1.0,1.0,1.0,20,8,2.2426590499649337,0,2.2426590499649337,False,False,False,True,0,217,16,0.4,0.3,0.3,balanced
1781459907615.835,0.4,0.3,0.3,677.2747252747253,717.1111111111111,0.13545494505494504,163.4523809523809,212.22222222222223,0.010236983385749226,1.0,1.0,1.0,19,8,2.242746926962297,1,2.242746926962297,False,False,False,True,0,218,16,0.4,0.3,0.3,balanced
1781459910541.627,0.4,0.3,0.3,672.0329670329669,709.6666666666666,0.1344065934065934,175.81623931623932,232.79107312440647,0.011061790481403558,0.9940694226408511,0.9958847736625513,0.9940694226408511,20,8,2.241139652285197,0,2.241139652285197,False,False,False,True,0,219,16,0.4,0.3,0.3,balanced
1781459913461.565,0.4,0.3,0.3,660.8838304552589,695.5555555555555,0.13217676609105178,518.1238977072311,585.1278659611994,0.033897524863724555,1.0,1.0,1.0,22,8,2.236960036104462,0,2.236960036104462,False,False,False,True,0,220,16,0.4,0.3,0.3,balanced
1781459916382.835,0.4,0.3,0.3,654.1852433281005,686.8888888888889,0.1308370486656201,217.35155790711343,285.31305114638445,0.013832658966451864,1.0,1.0,1.0,23,8,2.2435153828438166,0,2.2435153828438166,False,False,False,True,0,221,16,0.4,0.3,0.3,balanced
1781459919205.548,0.4,0.3,0.3,645.4725274725274,675.5555555555555,0.1290945054945055,243.41563786008226,306.7901234567901,0.015571423472987475,1.0,1.0,1.0,25,8,2.2436907707603018,0,2.2436907707603018,False,False,False,True,0,222,16,0.4,0.3,0.3,balanced
1781459925604.6482,0.4,0.3,0.3,641.9246467817895,671.1111111111111,0.1283849293563579,242.07378012933566,311.23162845385065,0.015481906613031065,1.0,1.0,1.0,26,8,2.2440014562735473,0,2.2440014562735473,False,False,False,True,0,223,16,0.4,0.3,0.3,balanced
1781459928428.477,0.4,0.3,0.3,633.2276295133438,660.2222222222222,0.12664552590266875,269.7494121105232,342.38683127572017,0.017328179593764058,1.0,1.0,1.0,28,8,2.2441433357608034,0,2.2441433357608034,False,False,False,True,0,224,16,0.4,0.3,0.3,balanced
1781459931453.722,0.4,0.3,0.3,637.425431711146,666.5555555555555,0.1274850863422292,445.4414877061935,617.1101171651457,0.02904879837933246,0.8630758404157417,0.892911877394636,0.8630758404157417,26,8,2.1992140780740312,1,2.1992140780740312,False,False,False,True,0,225,16,0.4,0.3,0.3,balanced
1781459934276.311,0.4,0.3,0.3,633.6169544740973,660.4444444444445,0.12672339089481946,256.5526500248722,325.02634197078646,0.016447808540685272,0.9958718530147102,0.9958847736625516,0.9958718530147102,28,8,2.24313785698428,0,2.24313785698428,False,False,False,True,0,226,16,0.4,0.3,0.3,balanced
1781459937098.802,0.4,0.3,0.3,628.3281004709576,654.2222222222222,0.12566562009419152,273.23853615520284,338.0335097001764,0.01756094303903955,1.0,1.0,1.0,29,8,2.2444654690506116,0,2.2444654690506116,False,False,False,True,0,227,16,0.4,0.3,0.3,balanced
1781459940023.221,0.4,0.3,0.3,534.6530612244898,584.7777777777778,0.10693061224489796,242.8186462324393,277.26692209450835,0.015531597480482943,0.8398744113029826,0.8888888888888888,0.8398744113029826,32,8,2.2045305992487907,0,2.2045305992487907,False,False,False,True,0,228,16,0.4,0.3,0.3,balanced
1781459942846.781,0.4,0.3,0.3,629.3265306122448,655.3333333333334,0.12586530612244898,273.8109935332157,336.6005291005291,0.017599132323763558,1.0,1.0,1.0,29,8,2.2443741378538915,1,2.2443741378538915,False,False,False,True,0,229,16,0.4,0.3,0.3,balanced
1781459945671.4548,0.4,0.3,0.3,631.8916797488226,659.8888888888889,0.12637833594976453,247.6212522045855,315.9567901234568,0.015851984803508037,1.0,1.0,1.0,28,8,2.244693070179042,1,2.244693070179042,False,False,False,True,0,230,16,0.4,0.3,0.3,balanced
1781459948492.6501,0.4,0.3,0.3,629.9120879120878,656.2222222222222,0.12598241758241757,276.4072604350382,336.50940623162853,0.017772332250502884,1.0,1.0,1.0,29,8,2.244275333291882,0,2.244275333291882,False,False,False,True,0,231,16,0.4,0.3,0.3,balanced
1781459951314.6182,0.4,0.3,0.3,619.4960753532181,643.7777777777778,0.12389921507064362,333.8690476190476,411.3095238095238,0.02160567362368563,1.0,1.0,1.0,32,8,2.243958611884637,0,2.243958611884637,False,False,False,True,0,232,16,0.4,0.3,0.3,balanced
1781459954032.134,0.4,0.3,0.3,613.8592303945447,639.5555555555555,0.12277184607890895,339.81043173350866,406.95631528964867,0.022002030135657682,1.0000000000000002,1.0,1.0,34,8,2.2442906525277393,0,2.2442906525277393,False,False,False,True,0,233,16,0.4,0.3,0.3,balanced
1781459960540.7551,0.4,0.3,0.3,614.0926216640503,635.6666666666666,0.12281852433281006,389.01015531660687,529.3249701314218,0.02528419982098778,0.8950901315433335,0.9272030651340997,0.8950901315433335,35,8,2.2118143697835797,0,2.2118143697835797,False,False,False,True,0,234,16,0.4,0.3,0.3,balanced
1781459963265.91,0.4,0.3,0.3,612.0125588697017,632.6666666666666,0.12240251177394035,348.6816578483245,448.64050558495,0.02259383974972145,1.0,1.0,1.0,37,8,2.2442608433655074,0,2.2442608433655074,False,False,False,True,0,235,16,0.4,0.3,0.3,balanced
1781459965980.8198,0.4,0.3,0.3,608.0188383045527,628.5555555555555,0.12160376766091054,356.4190182245738,463.12169312169306,0.023110007886896183,1.0,1.0,1.0,38,8,2.244425490569567,0,2.244425490569567,False,False,False,True,0,236,16,0.4,0.3,0.3,balanced
1781459968700.683,0.4,0.3,0.3,606.0376766091051,624.7777777777778,0.12120753532182102,381.39550264550263,492.7557319223986,0.024776217654803378,1.0,1.0,1.0,40,8,2.2440841205748305,0,2.2440841205748305,False,False,False,True,0,237,16,0.4,0.3,0.3,balanced
1781459971422.762,0.4,0.3,0.3,605.8320251177394,624.4444444444445,0.12116640502354788,398.4825102880658,495.96560846560845,0.025916111426822267,1.0,1.0,1.0,41,8,2.243758604562534,0,2.243758604562534,False,False,False,True,0,238,16,0.4,0.3,0.3,balanced
1781459974142.0889,0.4,0.3,0.3,603.1365777080061,620.8888888888889,0.12062731554160123,435.9082892416225,541.0993533215756,0.02841282783466461,1.0,1.0,1.0,43,8,2.24322522543296,0,2.24322522543296,False,False,False,True,0,239,16,0.4,0.3,0.3,balanced
1781459976857.7249,0.4,0.3,0.3,604.8037676609105,623.6666666666666,0.1209607535321821,403.1496178718401,499.6913580246913,0.026227459497787868,1.0,1.0,1.0,41,8,2.243747460737791,1,2.243747460737791,False,False,False,True,0,240,16,0.4,0.3,0.3,balanced
1781459979672.152,0.4,0.3,0.3,606.4756671899528,625.3333333333334,0.12129513343799056,438.2461976082666,612.8027400441193,0.02856879236879697,0.8990655602900501,0.9288359788359788,0.8990655602900501,40,8,2.21263097700118,1,2.21263097700118,False,False,False,True,0,241,16,0.4,0.3,0.3,balanced
1781459982393.819,0.4,0.3,0.3,604.3956043956043,623.0,0.12087912087912087,372.7917401528513,450.09112286890064,0.024202250844086143,1.0,1.0,1.0,41,8,2.244387676395126,0,2.244387676395126,False,False,False,True,0,242,16,0.4,0.3,0.3,balanced
1781459985111.5588,0.4,0.3,0.3,602.3108320251177,620.0,0.12046216640502355,349.18650793650795,437.89682539682536,0.022627518875017207,1.0,1.0,1.0,43,8,2.2450268777754854,0,2.2450268777754854,False,False,False,True,0,243,16,0.4,0.3,0.3,balanced
1781459988026.374,0.4,0.3,0.3,602.6718995290423,620.4444444444445,0.12053437990580847,662.9876543209875,865.8850308641975,0.04356155132228069,0.8177444675140527,0.8506571087216248,0.8177444675140527,44,8,2.1840411228952084,0,2.1840411228952084,False,False,False,True,0,244,16,0.4,0.3,0.3,balanced
1781459990745.199,0.4,0.3,0.3,597.9481946624803,615.3333333333334,0.11958963893249606,374.4690749863163,471.07553366174056,0.024314147764263928,1.0,1.0,1.0,46,8,2.2448699000977226,0,2.2448699000977226,False,False,False,True,0,245,16,0.4,0.3,0.3,balanced
1781459997046.693,0.4,0.3,0.3,597.0455259026688,613.8888888888889,0.11940910518053377,394.58059660645864,496.42036124794737,0.025655810313973224,1.0,1.0,1.0,47,8,2.2445396148335943,0,2.2445396148335943,False,False,False,True,0,246,16,0.4,0.3,0.3,balanced
1781459999770.999,0.4,0.3,0.3,595.0486656200941,610.6666666666666,0.11900973312401882,408.5721127531473,523.1061850027368,0.026589200317087877,1.0,1.0,1.0,49,8,2.244419346655266,0,2.244419346655266,False,False,False,True,0,247,16,0.4,0.3,0.3,balanced
1781460002393.086,0.4,0.3,0.3,593.4270015698587,609.0,0.11868540031397173,442.34567901234567,552.4691358024692,0.028842273449789572,1.0,1.0,1.0,50,8,2.2438731578394746,0,2.2438731578394746,False,False,False,True,0,248,16,0.4,0.3,0.3,balanced
1781460005107.859,0.4,0.3,0.3,594.9246467817896,610.7777777777778,0.11898492935635793,470.17241379310343,568.2101806239739,0.030698626670653997,0.9944784279759649,0.9961685823754789,0.9944784279759649,49,8,2.2415399686490503,1,2.2415399686490503,False,False,False,True,0,249,16,0.4,0.3,0.3,balanced
1781460007730.316,0.4,0.3,0.3,592.0141287284144,607.2222222222222,0.1184028257456829,439.1959480848369,553.9490345045901,0.028632151306526812,1.0,1.0,1.0,50,8,2.244049224309769,0,2.244049224309769,False,False,False,True,0,250,16,0.4,0.3,0.3,balanced
1781460010353.844,0.4,0.3,0.3,588.3249607535321,603.6666666666666,0.11766499215070642,448.8876452765342,554.38294216072,0.02927869548209034,1.0,1.0,1.0,52,8,2.2441503944950902,0,2.2441503944950902,False,False,False,True,0,251,16,0.4,0.3,0.3,balanced
1781460012979.9111,0.4,0.3,0.3,590.4819466248038,604.8888888888889,0.11809638932496075,477.4716049382715,589.3465020576132,0.031185564038577154,1.0,1.0,1.0,53,8,2.2434057750584424,0,2.2434057750584424,False,False,False,True,0,252,16,0.4,0.3,0.3,balanced
1781460015597.004,0.4,0.3,0.3,587.0470957613815,600.7777777777778,0.11740941915227629,510.49196174196175,629.9139646361868,0.0333883897092703,0.9940694226408511,0.9958847736625513,0.9940694226408511,55,8,2.2412405422185637,0,2.2412405422185637,False,False,False,True,0,253,16,0.4,0.3,0.3,balanced
1781460018222.0981,0.4,0.3,0.3,587.414442700157,601.6666666666666,0.1174828885400314,550.5349794238682,667.530864197531,0.03605970509832343,1.0,1.0,1.0,56,8,2.24218893305449,0,2.24218893305449,False,False,False,True,0,254,16,0.4,0.3,0.3,balanced
1781460020844.902,0.4,0.3,0.3,587.1789638932496,601.7777777777778,0.11743579277864992,510.59597295708403,631.878306878307,0.03339532841608299,1.0,1.0,1.0,55,8,2.243007084363715,1,2.243007084363715,False,False,False,True,0,255,16,0.4,0.3,0.3,balanced
1781460023461.953,0.4,0.3,0.3,587.3045525902668,601.3333333333334,0.11746091051805335,477.037037037037,608.8065843621399,0.0311565735181479,1.0,1.0,1.0,55,8,2.2436686637373344,2,2.2436686637373344,False,False,False,True,0,256,16,0.4,0.3,0.3,balanced
1781460026174.643,0.4,0.3,0.3,590.414442700157,605.3333333333334,0.1180828885400314,505.58418592901353,623.7463685739547,0.0330609863861917,0.988562457950213,0.9920634920634921,0.988562457950213,53,8,2.239417286053194,1,2.239417286053194,False,False,False,True,0,257,16,0.4,0.3,0.3,balanced
1781460032380.638,0.4,0.3,0.3,588.7127158555729,602.3333333333334,0.11774254317111459,491.87610229276896,619.6369782480892,0.032146504489177385,1.0,1.0,1.0,55,8,2.243259031384801,0,2.243259031384801,False,False,False,True,0,258,16,0.4,0.3,0.3,balanced
1781460035002.29,0.4,0.3,0.3,590.7315541601256,605.7777777777778,0.11814631083202512,529.9145299145299,656.2314023425134,0.03468409138856104,1.0,1.0,1.0,53,8,2.2423362482506217,1,2.2423362482506217,False,False,False,True,0,259,16,0.4,0.3,0.3,balanced
1781460037621.5251,0.4,0.3,0.3,588.1334379905808,602.5555555555555,0.11762668759811616,500.9494415049971,652.7042915931805,0.03275179729853216,1.0,1.0,1.0,55,8,2.2431237857711936,0,2.2431237857711936,False,False,False,True,0,260,16,0.4,0.3,0.3,balanced
1781460040246.068,0.4,0.3,0.3,587.4631083202511,601.2222222222222,0.11749262166405022,544.4708994708994,670.8230452674896,0.03565516340699796,1.0,1.0,1.0,56,8,2.2423064023122805,0,2.2423064023122805,False,False,False,True,0,261,16,0.4,0.3,0.3,balanced
1781460042871.8171,0.4,0.3,0.3,589.7189952904238,603.8888888888889,0.11794379905808476,518.4986772486773,638.9168136390359,0.03392252683446813,1.0,1.0,1.0,55,8,2.242645722326426,1,2.242645722326426,False,False,False,True,0,262,16,0.4,0.3,0.3,balanced
1781460045496.521,0.4,0.3,0.3,589.1616954474097,603.1111111111111,0.11783233908948193,501.0155790711346,615.461493239271,0.03275620941101632,1.0,1.0,1.0,56,8,2.2430402015409023,0,2.2430402015409023,False,False,False,True,0,263,16,0.4,0.3,0.3,balanced
1781460048122.8179,0.4,0.3,0.3,586.3406593406593,600.1111111111111,0.11726813186813186,529.35891783114,638.2691177135621,0.03464702587265778,0.9958718530147102,0.9958847736625513,0.9958718530147102,58,8,2.241460195395363,0,2.241460195395363,False,False,False,True,0,264,16,0.4,0.3,0.3,balanced
1781460050744.752,0.4,0.3,0.3,585.7833594976452,599.2222222222222,0.11715667189952904,541.1155202821869,667.7865961199294,0.035431322233634883,1.0,1.0,1.0,59,8,2.242507934570098,0,2.242507934570098,False,False,False,True,0,265,16,0.4,0.3,0.3,balanced
1781460053466.691,0.4,0.3,0.3,548.9733124018837,528.2222222222222,0.10979466248037674,535.1511350059736,675.8733572281959,0.03503343128792352,0.9419152276295133,0.8888888888888888,0.9419152276295133,61,8,2.2281466739103264,0,2.2281466739103264,False,False,False,True,0,266,16,0.4,0.3,0.3,balanced
1781460056291.975,0.4,0.3,0.3,499.05180533751957,539.2222222222222,0.09981036106750392,545.2189740143369,619.7087813620071,0.03570506831316457,0.8398744113029826,0.8888888888888888,0.8398744113029826,59,8,2.201326658469944,1,2.201326658469944,False,False,False,True,0,267,16,0.4,0.3,0.3,balanced
1781460058907.408,0.4,0.3,0.3,584.098901098901,597.0,0.1168197802197802,632.6190476190476,763.6904761904761,0.041535626925887095,1.0,1.0,1.0,61,8,2.240811399834322,0,2.240811399834322,False,False,False,True,0,268,16,0.4,0.3,0.3,balanced
1781460061530.859,0.4,0.3,0.3,582.0094191522761,594.6666666666666,0.11640188383045522,1304.2239858906526,1515.652557319224,0.08633915849837576,1.0,1.0,1.0,64,8,2.227537498918305,0,2.227537498918305,False,False,False,True,0,269,16,0.4,0.3,0.3,balanced
1781460067735.402,0.4,0.3,0.3,583.0533751962323,595.7777777777778,0.11661067503924646,647.9960317460318,790.7539682539683,0.04256144307845442,1.0,1.0,1.0,65,8,2.240587297060765,0,2.240587297060765,False,False,False,True,0,270,16,0.4,0.3,0.3,balanced
1781460070357.6418,0.4,0.3,0.3,581.5416012558869,593.5555555555555,0.11630832025117738,712.0477558839627,865.9209085933225,0.046834406663373095,1.0,1.0,1.0,67,8,2.239426349900517,0,2.239426349900517,False,False,False,True,0,271,16,0.4,0.3,0.3,balanced
1781460072982.605,0.4,0.3,0.3,580.4772370486655,592.2222222222222,0.1160954474097331,793.5008818342152,948.0834803057026,0.052268237614023695,1.0,1.0,1.0,68,8,2.2378813497518997,0,2.2378813497518997,False,False,False,True,0,272,16,0.4,0.3,0.3,balanced
1781460077209.9631,0.4,0.3,0.3,228.4175824175824,267.55555555555554,0.04568351648351648,357.7825784940261,404.7624597367581,0.02320097254796705,0.3877551020408163,0.4444444444444444,0.3877551020408163,67,8,2.091092832254448,1,2.091092832254448,False,False,False,True,0,273,16,0.4,0.3,0.3,balanced
1781460079831.219,0.4,0.3,0.3,582.2794348508634,595.0,0.11645588697017267,662.5793650793651,814.3650793650793,0.04353431388121181,1.0,1.0,1.0,65,8,2.2403573510475674,1,2.2403573510475674,False,False,False,True,0,274,16,0.4,0.3,0.3,balanced
1781460082444.4639,0.4,0.3,0.3,583.2731554160125,595.0,0.11665463108320251,598.9300411522634,773.8683127572016,0.03928819487339982,1.0,1.0,1.0,65,8,2.241551689104699,2,2.241551689104699,False,False,False,True,0,275,16,0.4,0.3,0.3,balanced
1781460085067.188,0.4,0.3,0.3,584.3281004709577,596.7777777777778,0.11686562009419153,640.7731877176321,787.190566635011,0.04207959891378467,1.0,1.0,1.0,64,8,2.240629872288188,1,2.240629872288188,False,False,False,True,0,276,16,0.4,0.3,0.3,balanced
1781460087680.988,0.4,0.3,0.3,585.5886970172685,598.0,0.1171177394034537,655.0205761316872,779.6707818930041,0.04303005844774431,1.0,1.0,1.0,61,8,2.2402438867042953,1,2.2402438867042953,False,False,False,True,0,277,16,0.4,0.3,0.3,balanced
1781460090304.7231,0.4,0.3,0.3,588.6891679748821,602.5555555555555,0.11773783359497643,621.440329218107,755.3497942386832,0.04078988186911988,1.0,1.0,1.0,59,8,2.2406679020012734,1,2.2406679020012734,False,False,False,True,0,278,16,0.4,0.3,0.3,balanced
1781460092917.081,0.4,0.3,0.3,588.3657770800628,602.1111111111111,0.11767315541601256,588.7962962962962,735.7142857142857,0.03861216119388233,1.0,1.0,1.0,58,8,2.2413470894754304,1,2.2413470894754304,False,False,False,True,0,279,16,0.4,0.3,0.3,balanced
1781460095537.655,0.4,0.3,0.3,589.7739403453688,602.8888888888889,0.11795478806907377,551.0111699000588,681.6152263374486,0.036091472308209395,1.0,1.0,1.0,56,8,2.2419906430799075,1,2.2419906430799075,False,False,False,True,0,280,16,0.4,0.3,0.3,balanced
1781460098161.932,0.4,0.3,0.3,589.4552590266876,603.3333333333334,0.11789105180533752,533.2649911816578,676.5711346266903,0.03490760448176503,1.0,1.0,1.0,55,8,2.2423712979333357,1,2.2423712979333357,False,False,False,True,0,281,16,0.4,0.3,0.3,balanced
1781460104364.813,0.4,0.3,0.3,591.392464678179,606.2222222222222,0.11827849293563579,547.6557907113463,658.203997648442,0.03586763113484632,1.0,1.0,1.0,53,8,2.2419283134852916,1,2.2419283134852916,False,False,False,True,0,282,16,0.4,0.3,0.3,balanced
1781460106990.471,0.4,0.3,0.3,592.3767660910518,606.8888888888889,0.11847535321821036,730.8111744222854,824.2513453624565,0.04808613571863145,0.9858131286702714,0.9876543209876544,0.9858131286702714,52,8,2.2339279565982078,1,2.2339279565982078,False,False,False,True,0,283,16,0.4,0.3,0.3,balanced
1781460109610.418,0.4,0.3,0.3,591.6985871271586,607.3333333333334,0.11833971742543171,555.7051282051281,673.3918961696739,0.03640461162142282,1.0,1.0,1.0,50,8,2.2417427295434003,1,2.2417427295434003,False,False,False,True,0,284,16,0.4,0.3,0.3,balanced
1781460112236.4768,0.4,0.3,0.3,591.1868131868131,606.3333333333334,0.11823736263736262,533.5515873015872,655.7319223985892,0.034926723635863056,1.0,1.0,1.0,52,8,2.242227037854296,0,2.242227037854296,False,False,False,True,0,285,16,0.4,0.3,0.3,balanced
1781460114859.3918,0.4,0.3,0.3,592.215070643642,608.0,0.1184430141287284,602.551440329218,748.0246913580246,0.03952978254364363,1.0,1.0,1.0,50,8,2.2407638595854156,1,2.2407638595854156,False,False,False,True,0,286,16,0.4,0.3,0.3,balanced
1781460117576.5532,0.4,0.3,0.3,594.032967032967,609.8888888888889,0.1188065934065934,447.45826491516146,539.3007662835249,0.0291833398876025,1.0,1.0,1.0,49,8,2.243722360671082,1,2.243722360671082,False,False,False,True,0,287,16,0.4,0.3,0.3,balanced
1781460120300.591,0.4,0.3,0.3,596.0894819466248,612.5555555555555,0.11921789638932496,457.7743568691844,555.6513409961685,0.029871538150045656,1.0,1.0,1.0,47,8,2.243351379999256,1,2.243351379999256,False,False,False,True,0,288,16,0.4,0.3,0.3,balanced
1781460123023.737,0.4,0.3,0.3,596.2653061224489,612.7777777777778,0.11925306122448978,449.591416813639,558.7654320987655,0.029325644884165378,1.0,1.0,1.0,46,8,2.2435010820449546,1,2.2435010820449546,False,False,False,True,0,289,16,0.4,0.3,0.3,balanced
1781460125746.677,0.4,0.3,0.3,600.302982731554,617.8888888888889,0.12006059654631081,418.991769547325,521.9282774838331,0.02728430750816044,1.0,1.0,1.0,44,8,2.2437904691290274,1,2.2437904691290274,False,False,False,True,0,290,16,0.4,0.3,0.3,balanced
1781460128470.666,0.4,0.3,0.3,600.5149136577708,618.7777777777778,0.12010298273155415,414.5723104056437,500.27483833039383,0.026989480347274428,1.0,1.0,1.0,43,8,2.243861962803196,1,2.243861962803196,False,False,False,True,0,291,16,0.4,0.3,0.3,balanced
1781460131194.3171,0.4,0.3,0.3,604.8806907378336,624.0,0.1209761381475667,397.9582711527156,488.1419300863745,0.025881138836071755,0.9915692772835629,0.9917695473251028,0.9915692772835629,41,8,2.2413159862752208,1,2.2413159862752208,False,False,False,True,0,292,16,0.4,0.3,0.3,balanced
1781460133917.689,0.4,0.3,0.3,606.861852433281,626.2222222222222,0.1213723704866562,392.44855967078195,495.3497942386832,0.025513579697850695,1.0,1.0,1.0,40,8,2.2437969778959825,1,2.2437969778959825,False,False,False,True,0,293,16,0.4,0.3,0.3,balanced
1781460140322.237,0.4,0.3,0.3,608.3359497645212,629.2222222222222,0.12166718995290424,354.3671319102353,438.69731800766283,0.02297312421015579,1.0,1.0,1.0,38,8,2.2444411867557914,1,2.2444411867557914,False,False,False,True,0,294,16,0.4,0.3,0.3,balanced
1781460143041.309,0.4,0.3,0.3,610.8963893249608,631.7777777777778,0.12217927786499215,315.43775154886265,402.8883462216795,0.02037610083714894,1.0,1.0,1.0,37,8,2.2450154586028583,1,2.2450154586028583,False,False,False,True,0,295,16,0.4,0.3,0.3,balanced
1781460145864.723,0.4,0.3,0.3,615.3987441130298,637.7777777777778,0.12307974882260596,301.28501996797013,393.1078067668106,0.01943195596851035,1.0,1.0,1.0,35,8,2.2449385136804043,1,2.2449385136804043,False,False,False,True,0,296,16,0.4,0.3,0.3,balanced
1781460148586.761,0.4,0.3,0.3,611.9811616954473,632.6666666666666,0.12239623233908946,351.0185185185185,432.83509700176364,0.02274973439082845,1.0,1.0,1.0,37,8,2.2442165867471155,0,2.2442165867471155,False,False,False,True,0,297,16,0.4,0.3,0.3,balanced
1781460151304.72,0.4,0.3,0.3,616.3171114599686,638.3333333333334,0.12326342229199372,307.61316872427983,392.3456790123457,0.019854113990945953,1.0,1.0,1.0,35,8,2.2447383968859187,1,2.2447383968859187,False,False,False,True,0,298,16,0.4,0.3,0.3,balanced
1781460154126.3052,0.4,0.3,0.3,615.3799058084771,636.8888888888889,0.12307598116169542,386.1152162014231,469.3892537858055,0.02509107513018166,1.0,1.0,1.0,35,8,2.2432422849962674,2,2.2432422849962674,False,False,False,True,0,299,16,0.4,0.3,0.3,balanced
1781460156946.321,0.4,0.3,0.3,618.6373626373625,641.1111111111111,0.12372747252747249,356.00095785440607,443.9326765188834,0.023082118602695535,1.0,1.0,1.0,34,8,2.2435843754082025,1,2.2435843754082025,False,False,False,True,0,300,16,0.4,0.3,0.3,balanced
1781460159670.839,0.4,0.3,0.3,614.7692307692307,636.3333333333334,0.12295384615384615,329.4238683127572,411.66960611405057,0.021309130641278,1.0,1.0,1.0,35,8,2.244425722346078,0,2.244425722346078,False,False,False,True,0,301,16,0.4,0.3,0.3,balanced
1781460162394.1929,0.4,0.3,0.3,610.6091051805338,631.3333333333334,0.12212182103610676,331.4711934156378,422.8644914756026,0.021445710034398786,1.0,1.0,1.0,37,8,2.2447175585752377,0,2.2447175585752377,False,False,False,True,0,302,16,0.4,0.3,0.3,balanced
1781460165212.0718,0.4,0.3,0.3,613.6875981161695,636.0,0.1227375196232339,348.31896551724134,428.1212370005473,0.0225696441305698,1.0,1.0,1.0,35,8,2.2441340989115357,1,2.2441340989115357,False,False,False,True,0,303,16,0.4,0.3,0.3,balanced
1781460167934.832,0.4,0.3,0.3,610.9764521193092,632.5555555555555,0.12219529042386185,349.1607877718988,423.54203409758964,0.022625803053495583,1.0,1.0,1.0,37,8,2.244334142914407,0,2.244334142914407,False,False,False,True,0,304,16,0.4,0.3,0.3,balanced
1781460170760.123,0.4,0.3,0.3,613.9309262166405,636.0,0.1227861852433281,337.4055829228243,418.78626163108925,0.02184159992814038,1.0,1.0,1.0,35,8,2.2443330459242268,1,2.2443330459242268,False,False,False,True,0,305,16,0.4,0.3,0.3,balanced
1781460177167.002,0.4,0.3,0.3,617.1114599686027,639.5555555555555,0.12342229199372054,309.04247501469723,378.4729570840682,0.019949464644075866,1.0,1.0,1.0,34,8,2.244646243809289,1,2.244646243809289,False,False,False,True,0,306,16,0.4,0.3,0.3,balanced
1781460179990.588,0.4,0.3,0.3,621.6860282574568,645.6666666666666,0.12433720565149135,365.42556102900926,450.3106185002737,0.023710844631688408,1.0,1.0,1.0,32,8,2.243151864349897,1,2.243151864349897,False,False,False,True,0,307,16,0.4,0.3,0.3,balanced
1781460182815.428,0.4,0.3,0.3,629.8822605965463,656.2222222222222,0.12597645211930927,648.4104938271605,768.1893004115227,0.04258909231668849,1.0,1.0,1.0,29,8,2.23683269145727,1,2.23683269145727,False,False,False,True,0,308,16,0.4,0.3,0.3,balanced
1781460185635.652,0.4,0.3,0.3,633.1397174254316,661.2222222222222,0.12662794348508633,289.1529304029304,357.4401935513046,0.018622610433817906,1.0,1.0,1.0,28,8,2.24376203947582,1,2.24376203947582,False,False,False,True,0,309,16,0.4,0.3,0.3,balanced
1781460188460.561,0.4,0.3,0.3,640.171114599686,670.2222222222222,0.1280342229199372,237.5051440329218,299.68106995884773,0.015177127687319667,1.0,1.0,1.0,26,8,2.244233172525829,1,2.244233172525829,False,False,False,True,0,310,16,0.4,0.3,0.3,balanced
1781460191285.5771,0.4,0.3,0.3,643.0408163265305,673.7777777777778,0.1286081632653061,283.72269705603037,337.0449509338398,0.01826035337265046,1.0,1.0,1.0,25,8,2.2430786286820825,1,2.2430786286820825,False,False,False,True,0,311,16,0.4,0.3,0.3,balanced
1781460194198.885,0.4,0.3,0.3,652.1773940345369,685.8888888888889,0.13043547880690737,221.13654863654864,287.9359426581649,0.01408516001578043,0.988562457950213,0.9920634920634921,0.988562457950213,23,8,2.240168997857567,1,2.240168997857567,False,False,False,True,0,312,16,0.4,0.3,0.3,balanced
1781460197115.343,0.4,0.3,0.3,658.1569858712714,693.2222222222222,0.1316313971742543,244.67620856509743,291.0430515986072,0.015655517582728314,1.0,1.0,1.0,22,8,2.2426507858554796,1,2.2426507858554796,False,False,False,True,0,313,16,0.4,0.3,0.3,balanced
1781460200140.046,0.4,0.3,0.3,670.0423861852433,708.6666666666666,0.13400847723704867,201.84913851580518,261.2215664993443,0.012798474884309885,1.0,1.0,1.0,20,8,2.2425570666398875,1,2.2425570666398875,False,False,False,True,0,314,16,0.4,0.3,0.3,balanced
1781460203165.311,0.4,0.3,0.3,679.370486656201,719.0,0.1358740973312402,212.52792475014695,246.60199882422108,0.013510868895940423,1.0,1.0,1.0,19,8,2.241597100398722,1,2.241597100398722,False,False,False,True,0,315,16,0.4,0.3,0.3,balanced
1781460206181.71,0.4,0.3,0.3,691.7080062794348,736.1111111111111,0.13834160125588696,274.9493510604621,275.289648622982,0.017675073452999474,1.0,1.0,1.0,17,8,2.2393608374617453,1,2.2393608374617453,False,False,False,True,0,316,16,0.4,0.3,0.3,balanced
1781460212890.5051,0.4,0.3,0.3,701.8587127158555,749.4444444444445,0.1403717425431711,140.86346266901822,183.88154027042916,0.008730050878520228,1.0,1.0,1.0,16,8,2.2412322877191757,1,2.2412322877191757,False,False,False,True,0,317,16,0.4,0.3,0.3,balanced
1781460216115.408,0.4,0.3,0.3,724.3689167974882,778.2222222222222,0.14487378335949763,182.03336272780717,243.80511463844798,0.011476541876438104,1.0,1.0,1.0,14,8,2.2386075240932697,1,2.2386075240932697,False,False,False,True,0,318,16,0.4,0.3,0.3,balanced
1781460219334.431,0.4,0.3,0.3,738.9042386185242,797.4444444444445,0.14778084772370484,169.9295663184552,231.2583095916429,0.010669083810437303,1.0,1.0,1.0,13,8,2.2376869357673868,1,2.2376869357673868,False,False,False,True,0,319,16,0.4,0.3,0.3,balanced
1781460222749.7139,0.4,0.3,0.3,772.3500784929355,840.8888888888889,0.1544700156985871,160.69223985890653,207.65285126396236,0.010052851224743599,1.0,1.0,1.0,11,8,2.235196138353142,1,2.235196138353142,False,False,False,True,0,320,16,0.4,0.3,0.3,balanced
1781460226272.9548,0.4,0.3,0.3,796.9717425431711,872.0,0.1593943485086342,149.41798941798942,182.40887713109936,0.009300733116610367,1.0,1.0,1.0,10,8,2.233452040661563,1,2.233452040661563,False,False,False,True,0,321,16,0.4,0.3,0.3,balanced
1781460229694.246,0.4,0.3,0.3,774.375196232339,842.6666666666666,0.1548750392464678,131.52263374485597,172.96296296296296,0.008106913525340625,1.0,1.0,1.0,11,8,2.2356179102438105,0,2.2356179102438105,False,False,False,True,0,322,16,0.4,0.3,0.3,balanced
1781460233217.247,0.4,0.3,0.3,795.5651491365776,870.3333333333334,0.1591130298273155,148.16872427983537,179.46502057613168,0.009217393214131779,1.0,1.0,1.0,10,8,2.2335895701048343,1,2.2335895701048343,False,False,False,True,0,323,16,0.4,0.3,0.3,balanced
1781460236633.396,0.4,0.3,0.3,773.4725274725275,841.7777777777778,0.1546945054945055,167.02601410934741,208.14520870076424,0.010475384530310035,1.0,1.0,1.0,11,8,2.234979582443105,0,2.234979582443105,False,False,False,True,0,324,16,0.4,0.3,0.3,balanced
1781460239957.256,0.4,0.3,0.3,738.5447409733123,797.0,0.14770894819466246,192.5918577307466,240.20429159318044,0.012180911122798305,0.9942812289751064,0.9960317460317462,0.9942812289751064,13,8,2.2355465160778274,0,2.2355465160778274,False,False,False,True,0,325,16,0.4,0.3,0.3,balanced
1781460246766.634,0.4,0.3,0.3,740.9466248037676,798.2222222222222,0.14818932496075352,109.89711934156375,149.14213358657804,0.006664250789964226,0.9958718530147102,0.9958847736625516,0.9958718530147102,13,8,2.2374865506831223,2,2.2374865506831223,False,False,False,True,0,326,16,0.4,0.3,0.3,balanced
1781460249981.109,0.4,0.3,0.3,725.0800627943485,778.1111111111111,0.1450160125588697,114.50911228689004,147.9835390946502,0.006971922100526354,1.0,1.0,1.0,14,8,2.239902018346294,0,2.239902018346294,False,False,False,True,0,327,16,0.4,0.3,0.3,balanced
1781460253099.614,0.4,0.3,0.3,700.1538461538461,747.5555555555555,0.1400307692307692,140.7179600235156,179.28424456202234,0.008720344231055076,1.0,1.0,1.0,16,8,2.241371589038376,0,2.241371589038376,False,False,False,True,0,328,16,0.4,0.3,0.3,balanced
1781460256312.715,0.4,0.3,0.3,724.7488226059654,777.7777777777778,0.14494976452119307,135.92225161669603,173.3509700176367,0.00840041705248139,1.0,1.0,1.0,14,8,2.239499969075778,1,2.239499969075778,False,False,False,True,0,329,16,0.4,0.3,0.3,balanced
1781460259429.718,0.4,0.3,0.3,702.1978021978022,750.1111111111111,0.14043956043956043,172.09582598471485,211.8724279835391,0.01081359746395696,1.0,1.0,1.0,16,8,2.240580096584989,0,2.240580096584989,False,False,False,True,0,330,16,0.4,0.3,0.3,balanced
1781460262548.775,0.4,0.3,0.3,692.5368916797489,736.4444444444445,0.13850737833594978,154.69209288653735,198.91093474426808,0.009652574575486147,1.0,1.0,1.0,17,8,2.241701276292974,0,2.241701276292974,False,False,False,True,0,331,16,0.4,0.3,0.3,balanced
1781460265662.118,0.4,0.3,0.3,703.0047095761381,750.5555555555555,0.14060094191522762,152.38462669018222,193.85655496766609,0.009498640873260989,1.0,1.0,1.0,16,8,2.2409100309719308,1,2.2409100309719308,False,False,False,True,0,332,16,0.4,0.3,0.3,balanced
1781460268786.148,0.4,0.3,0.3,693.1962323390894,737.0,0.1386392464678179,151.97383891828335,200.21017048794826,0.009471236752387148,1.0,1.0,1.0,17,8,2.2417029303871567,0,2.2417029303871567,False,False,False,True,0,333,16,0.4,0.3,0.3,balanced
1781460271808.835,0.4,0.3,0.3,677.546310832025,717.6666666666666,0.135509262166405,164.62595532039975,220.47178130511466,0.010315273870607055,1.0,1.0,1.0,19,8,2.2427017129722557,0,2.2427017129722557,False,False,False,True,0,334,16,0.4,0.3,0.3,balanced
1781460274824.311,0.4,0.3,0.3,669.8273155416013,707.6666666666666,0.13396546310832025,203.32745443856552,255.35126396237507,0.01289709502592165,1.0,1.0,1.0,20,8,2.2425446862488956,0,2.2425446862488956,False,False,False,True,0,335,16,0.4,0.3,0.3,balanced
1781460277748.7131,0.4,0.3,0.3,657.938775510204,692.6666666666666,0.1315877551020408,236.10964138741917,309.07554379776604,0.01508403211390388,1.0,1.0,1.0,22,8,2.2428396883250126,0,2.2428396883250126,False,False,False,True,0,336,16,0.4,0.3,0.3,balanced
1781460284654.365,0.4,0.3,0.3,481.1287284144427,541.0,0.09622574568288854,157.25132275132273,192.44179894179894,0.009823303719234339,0.728414442700157,0.7777777777777778,0.728414442700157,23,8,2.1770870434211216,0,2.1770870434211216,False,False,False,True,0,337,16,0.4,0.3,0.3,balanced
1781460287576.051,0.4,0.3,0.3,645.6232339089481,675.7777777777778,0.12912464678178961,278.78821281599056,363.9829512051735,0.01793116829993266,1.0,1.0,1.0,25,8,2.242970790797304,0,2.242970790797304,False,False,False,True,0,338,16,0.4,0.3,0.3,balanced
1781460290401.146,0.4,0.3,0.3,652.5397601066193,669.0,0.13050795202132384,286.83641975308643,321.02880658436214,0.01846807336578295,0.9999999999999999,1.0,0.9999999999999999,26,8,2.2422563971817357,0,2.2422563971817357,False,False,False,True,0,339,16,0.4,0.3,0.3,balanced
1781460296325.3901,0.4,0.3,0.3,645.3908948194662,678.3333333333334,0.12907817896389323,1143.7462619617224,1297.938230994152,0.07563350646842712,0.33453711519217755,0.3824339624411722,0.33453711519217755,25,8,2.026039811031568,1,2.026039811031568,False,False,False,True,0,340,16,0.4,0.3,0.3,balanced
1781460299238.6938,0.4,0.3,0.3,642.2590266875981,671.4444444444445,0.12845180533751963,233.44759168035026,285.0547345374932,0.01490644374118414,0.990634980782764,0.9923371647509579,0.990634980782764,26,8,2.241337838977466,0,2.241337838977466,False,False,False,True,0,341,16,0.4,0.3,0.3,balanced
1781460302055.5999,0.4,0.3,0.3,632.4191522762951,659.5555555555555,0.12648383045525902,268.7066431510876,330.0852439741328,0.01725861528693046,1.0,1.0,1.0,28,8,2.244228883231817,0,2.244228883231817,False,False,False,True,0,342,16,0.4,0.3,0.3,balanced
1781460304872.761,0.4,0.3,0.3,629.6970172684457,655.8888888888889,0.12593940345368915,301.4087301587302,362.691064079953,0.01944020881645965,1.0,1.0,1.0,29,8,2.2437921759735864,0,2.2437921759735864,False,False,False,True,0,343,16,0.4,0.3,0.3,balanced
1781460307797.106,0.4,0.3,0.3,622.193092621664,645.7777777777778,0.12443861852433281,364.2139880352221,497.8647576796397,0.023630019215158244,0.9401360544217687,0.9592592592592593,0.9401360544217687,32,8,2.22517636315225,0,2.22517636315225,False,False,False,True,0,344,16,0.4,0.3,0.3,balanced
1781460310513.8508,0.4,0.3,0.3,617.8084772370486,640.6666666666666,0.12356169544740972,349.9002849002849,430.99081987970874,0.022675135750519337,1.0,1.0,1.0,34,8,2.2437727810958803,0,2.2437727810958803,False,False,False,True,0,345,16,0.4,0.3,0.3,balanced
1781460313637.891,0.4,0.3,0.3,452.8147566718995,501.44444444444446,0.0905629513343799,256.73436041083096,299.7488328664799,0.01645993064782061,0.7266651715631307,0.7746031746031746,0.7266651715631307,35,8,2.176836391740841,0,2.176836391740841,False,False,False,True,0,346,16,0.4,0.3,0.3,balanced
1781460319932.552,0.4,0.3,0.3,610.8116169544741,632.3333333333334,0.1221623233908948,329.3503821281599,399.44591416813637,0.021304228294073375,1.0,1.0,1.0,37,8,2.24474380215542,0,2.24474380215542,False,False,False,True,0,347,16,0.4,0.3,0.3,balanced
1781460322649.615,0.4,0.3,0.3,611.0156985871271,631.6666666666666,0.12220313971742541,367.4406457739791,462.2032288698956,0.023845273233754443,1.0,1.0,1.0,38,8,2.2439651621429033,0,2.2439651621429033,False,False,False,True,0,348,16,0.4,0.3,0.3,balanced
1781460325365.726,0.4,0.3,0.3,606.9372056514914,626.6666666666666,0.12138744113029827,409.93974132863025,502.28248089359204,0.026680436379495014,1.0,1.0,1.0,40,8,2.243440892634032,0,2.243440892634032,False,False,False,True,0,349,16,0.4,0.3,0.3,balanced
1781460328088.455,0.4,0.3,0.3,604.0737833594976,623.0,0.12081475667189952,379.8126102292769,484.07407407407413,0.024670621096015803,1.0,1.0,1.0,41,8,2.2442729110024353,0,2.2442729110024353,False,False,False,True,0,350,16,0.4,0.3,0.3,balanced
1781460330816.957,0.4,0.3,0.3,603.6750392464678,621.7777777777778,0.12073500784929356,387.1237507348618,499.31804820693714,0.025158355619403723,1.0,1.0,1.0,43,8,2.2441584901744616,0,2.2441584901744616,False,False,False,True,0,351,16,0.4,0.3,0.3,balanced
1781460333537.343,0.4,0.3,0.3,599.8854003139718,617.6666666666666,0.11997708006279435,401.62698412698404,515.3571428571428,0.026125882863708073,1.0,1.0,1.0,44,8,2.24417140311577,0,2.24417140311577,False,False,False,True,0,352,16,0.4,0.3,0.3,balanced
1781460336260.184,0.4,0.3,0.3,602.4788069073784,620.4444444444445,0.12049576138147568,446.84181718664473,566.1220580186097,0.029142215956413926,1.0,1.0,1.0,43,8,2.2430590306604854,1,2.2430590306604854,False,False,False,True,0,353,16,0.4,0.3,0.3,balanced
1781460338980.456,0.4,0.3,0.3,601.7692307692307,619.4444444444445,0.12035384615384614,434.64285714285717,540.9126984126984,0.02832840941580101,1.0,1.0,1.0,44,8,2.2433599387137213,0,2.2433599387137213,False,False,False,True,0,354,16,0.4,0.3,0.3,balanced
1781460341701.354,0.4,0.3,0.3,599.2197802197802,615.7777777777778,0.11984395604395603,455.65108759553203,575.6672545561433,0.029729892434658574,1.0,1.0,1.0,46,8,2.24314344985202,0,2.24314344985202,False,False,False,True,0,355,16,0.4,0.3,0.3,balanced
1781460344525.217,0.4,0.3,0.3,596.353218210361,613.0,0.1192706436420722,593.8009251902466,770.7517347317125,0.038946025696480764,0.8784220387907022,0.8982078853046596,0.8784220387907022,47,8,2.2041345464714377,0,2.2041345464714377,False,False,False,True,0,356,16,0.4,0.3,0.3,balanced
1781460347247.578,0.4,0.3,0.3,594.331240188383,609.8888888888889,0.1188662480376766,443.55021893814995,544.4033935413245,0.02892262968233155,1.0,1.0,1.0,49,8,2.24377671188023,0,2.24377671188023,False,False,False,True,0,357,16,0.4,0.3,0.3,balanced
1781460349964.517,0.4,0.3,0.3,596.8492935635793,613.3333333333334,0.11936985871271585,434.2328042328043,549.4973544973545,0.02830105431839922,1.0,1.0,1.0,47,8,2.243761740219394,1,2.243761740219394,False,False,False,True,0,358,16,0.4,0.3,0.3,balanced
1781460356160.813,0.4,0.3,0.3,594.1601255886968,610.4444444444445,0.11883202511773937,462.9067742956632,574.1009813232035,0.030213927571425162,1.0,1.0,1.0,49,8,2.2434030116814765,0,2.2434030116814765,False,False,False,True,0,359,16,0.4,0.3,0.3,balanced
1781460358881.174,0.4,0.3,0.3,595.9576138147567,612.2222222222222,0.11919152276295134,524.36986863711,649.8617952928298,0.034314200709613746,1.0,1.0,1.0,47,8,2.242029130681935,1,2.242029130681935,False,False,False,True,0,360,16,0.4,0.3,0.3,balanced
1781460361604.554,0.4,0.3,0.3,593.8147566718994,609.6666666666666,0.11876295133437989,463.8286808976464,584.40065681445,0.030275429012518104,1.0,1.0,1.0,49,8,2.2434121907624927,0,2.2434121907624927,False,False,False,True,0,361,16,0.4,0.3,0.3,balanced
1781460364224.518,0.4,0.3,0.3,591.9183673469387,606.8888888888889,0.11838367346938773,465.9259259259259,563.7860082304528,0.030415338620808936,1.0,1.0,1.0,50,8,2.2435219290260022,0,2.2435219290260022,False,False,False,True,0,362,16,0.4,0.3,0.3,balanced
1781460366944.754,0.4,0.3,0.3,587.8806907378336,603.1111111111111,0.1175761381475667,479.0370522410752,585.4783697216648,0.031289996813947646,0.9942812289751065,0.9960317460317462,0.9942812289751065,52,8,2.241866914389321,0,2.241866914389321,False,False,False,True,0,363,16,0.4,0.3,0.3,balanced
1781460369566.541,0.4,0.3,0.3,588.0800627943485,602.6666666666666,0.11761601255886969,552.9982363315697,688.5008818342152,0.036224031776622395,1.0,1.0,1.0,53,8,2.242086385443465,0,2.242086385443465,False,False,False,True,0,364,16,0.4,0.3,0.3,balanced
1781460372187.4941,0.4,0.3,0.3,587.5620094191522,602.3333333333334,0.11751240188383044,728.5839212228101,858.8198118753676,0.04793755311693196,1.0,1.0,1.0,55,8,2.238613773311388,0,2.238613773311388,False,False,False,True,0,365,16,0.4,0.3,0.3,balanced
1781460374809.436,0.4,0.3,0.3,586.4160125588696,601.0,0.11728320251177393,507.49926513815393,624.2372134038801,0.03318874350488018,1.0,1.0,1.0,56,8,2.2431300959438265,0,2.2431300959438265,False,False,False,True,0,366,16,0.4,0.3,0.3,balanced
1781460377631.488,0.4,0.3,0.3,502.85243328100466,543.8888888888889,0.10057048665620093,484.5547715053763,545.108646953405,0.0316580901604654,0.8398744113029827,0.8888888888888888,0.8398744113029827,56,8,2.202236701680275,2,2.202236701680275,False,False,False,True,0,367,16,0.4,0.3,0.3,balanced
1781460380251.197,0.4,0.3,0.3,589.3076923076923,603.7777777777778,0.11786153846153845,518.8477366255144,656.5843621399176,0.03394581298369009,1.0,1.0,1.0,55,8,2.2426716407202774,1,2.2426716407202774,False,False,False,True,0,368,16,0.4,0.3,0.3,balanced
1781460382874.5242,0.4,0.3,0.3,588.8492935635792,603.1111111111111,0.11776985871271584,574.9706620539954,718.7861212861213,0.03768983736184092,0.9939531368102796,0.9958847736625513,0.9939531368102796,56,8,2.2397710463494453,0,2.2397710463494453,False,False,False,True,0,369,16,0.4,0.3,0.3,balanced
1781460385491.12,0.4,0.3,0.3,586.2605965463108,599.8888888888889,0.11725211930926216,584.9132863021752,729.7912992357437,0.03835312116759007,1.0,1.0,1.0,58,8,2.241593215926018,0,2.241593215926018,False,False,False,True,0,370,16,0.4,0.3,0.3,balanced
1781460391701.6821,0.4,0.3,0.3,588.5007849293563,601.6666666666666,0.11770015698587126,640.0712815990593,780.9523809523811,0.04203277395590789,1.0,1.0,1.0,59,8,2.240310105018879,0,2.240310105018879,False,False,False,True,0,371,16,0.4,0.3,0.3,balanced
1781460394325.444,0.4,0.3,0.3,585.1632653061224,598.8888888888889,0.11703265306122448,572.1567629900962,714.8228417672861,0.03750211894530329,0.9958718530147102,0.9958847736625513,0.9958718530147102,58,8,2.2406978589963322,1,2.2406978589963322,False,False,False,True,0,372,16,0.4,0.3,0.3,balanced
1781460396949.788,0.4,0.3,0.3,586.0690737833595,600.2222222222222,0.1172138147566719,545.8715461493239,692.8674309229864,0.03574860214471807,1.0,1.0,1.0,56,8,2.242389893453916,1,2.242389893453916,False,False,False,True,0,373,16,0.4,0.3,0.3,balanced
1781460399569.385,0.4,0.3,0.3,588.0706436420722,601.5555555555555,0.11761412872841445,505.19750825306375,635.5860805860807,0.03303519067732247,0.9940694226408511,0.9958847736625513,0.9940694226408511,58,8,2.2412646180976927,0,2.2412646180976927,False,False,False,True,0,374,16,0.4,0.3,0.3,balanced
1781460402192.183,0.4,0.3,0.3,587.3359497645212,599.8888888888889,0.11746718995290423,581.5873015873016,729.3665490887712,0.038131240933108844,1.0,1.0,1.0,59,8,2.2415737517389056,0,2.2415737517389056,False,False,False,True,0,375,16,0.4,0.3,0.3,balanced
1781460404807.939,0.4,0.3,0.3,586.1020408163265,598.3333333333334,0.1172204081632653,607.0965608465609,757.3618459729571,0.03983299271824956,1.0,1.0,1.0,61,8,2.2411619389192188,0,2.2411619389192188,False,False,False,True,0,376,16,0.4,0.3,0.3,balanced
1781460407430.5989,0.4,0.3,0.3,584.8744113029826,598.0,0.11697488226059652,616.5917107583774,742.4441504997061,0.040466425000558866,1.0,1.0,1.0,59,8,2.2410701195955935,1,2.2410701195955935,False,False,False,True,0,377,16,0.4,0.3,0.3,balanced
1781460410050.989,0.4,0.3,0.3,583.0533751962323,596.0,0.11661067503924646,594.6700470311581,744.7648442092886,0.03900400580594784,1.0,1.0,1.0,61,8,2.241654528242517,0,2.241654528242517,False,False,False,True,0,378,16,0.4,0.3,0.3,balanced
1781460412674.823,0.4,0.3,0.3,580.5604395604395,592.8888888888889,0.1161120879120879,669.7619047619048,787.1031746031746,0.044013469296991646,1.0,1.0,1.0,64,8,2.240351124046067,0,2.240351124046067,False,False,False,True,0,379,16,0.4,0.3,0.3,balanced
1781460415301.517,0.4,0.3,0.3,584.8540031397173,597.7777777777778,0.11697080062794346,1220.4267851490074,1519.408831908832,0.08074895164436341,0.9918828337195683,0.9919165196942975,0.9918828337195683,61,8,2.226551844371384,1,2.226551844371384,False,False,False,True,0,380,16,0.4,0.3,0.3,balanced
1781460417927.3738,0.4,0.3,0.3,581.3908948194662,593.1111111111111,0.11627817896389324,700.4171754171754,884.8871704427261,0.04605851737272684,1.0,1.0,1.0,64,8,2.2396711732026247,0,2.2396711732026247,False,False,False,True,0,381,16,0.4,0.3,0.3,balanced
1781460420550.3818,0.4,0.3,0.3,581.9686028257456,593.6666666666666,0.11639372056514913,715.0220458553792,879.2489711934156,0.04703282494031883,1.0,1.0,1.0,65,8,2.2393326642918447,0,2.2393326642918447,False,False,False,True,0,382,16,0.4,0.3,0.3,balanced
1781460426765.084,0.4,0.3,0.3,581.5981161695447,593.0,0.11631962323390894,667.1560846560847,838.1305114638449,0.04383963206511572,1.0,1.0,1.0,67,8,2.2403202610869015,0,2.2403202610869015,False,False,False,True,0,383,16,0.4,0.3,0.3,balanced
1781460429387.123,0.4,0.3,0.3,579.916797488226,591.0,0.11598335949764521,649.3966784244562,811.2301587301587,0.04265488181617453,1.0,1.0,1.0,68,8,2.2408101916560894,0,2.2408101916560894,False,False,False,True,0,384,16,0.4,0.3,0.3,balanced
1781460432002.501,0.4,0.3,0.3,579.2386185243329,591.0,0.11584772370486658,578.58759553204,716.6005291005291,0.037931127120216145,1.0,1.0,1.0,67,8,2.2422815723819887,1,2.2422815723819887,False,False,False,True,0,385,16,0.4,0.3,0.3,balanced
1781460434624.228,0.4,0.3,0.3,581.9481946624803,594.3333333333334,0.11638963893249607,661.7754262198706,823.5243974132864,0.04348068220279323,1.0,1.0,1.0,65,8,2.2403999397661636,1,2.2403999397661636,False,False,False,True,0,386,16,0.4,0.3,0.3,balanced
1781460437245.0571,0.4,0.3,0.3,582.0549450549449,593.7777777777778,0.116410989010989,712.5360082304526,874.3871252204585,0.04686697853438643,1.0,1.0,1.0,64,8,2.2393755108352886,1,2.2393755108352886,False,False,False,True,0,387,16,0.4,0.3,0.3,balanced
1781460439865.5342,0.4,0.3,0.3,585.8037676609105,599.1111111111111,0.1171607535321821,637.162076606521,799.8417220639443,0.0418386975721495,1.0,1.0,1.0,61,8,2.2405840893154823,1,2.2405840893154823,False,False,False,True,0,388,16,0.4,0.3,0.3,balanced
1781460442487.07,0.4,0.3,0.3,580.9623233908948,593.3333333333334,0.11619246467817895,867.8336272780716,1068.5508524397412,0.057227059858443736,1.0,1.0,1.0,64,8,2.2363548961711954,0,2.2363548961711954,False,False,False,True,0,389,16,0.4,0.3,0.3,balanced
1781460445105.292,0.4,0.3,0.3,581.9984301412871,595.4444444444445,0.11639968602825743,628.1349206349206,754.6134626690183,0.04123648569946101,1.0,1.0,1.0,61,8,2.241069179878859,1,2.241069179878859,False,False,False,True,0,390,16,0.4,0.3,0.3,balanced
1781460447729.029,0.4,0.3,0.3,582.3437990580848,595.0,0.11646875981161695,568.3512526568081,703.6822231266675,0.03724824900979374,0.9942812289751064,0.9960317460317462,0.9942812289751064,61,8,2.240522390064947,2,2.240522390064947,False,False,False,True,0,391,16,0.4,0.3,0.3,balanced
1781460450353.29,0.4,0.3,0.3,583.5353218210361,595.7777777777778,0.11670706436420722,584.8015873015873,751.1904761904763,0.03834566959983905,1.0,1.0,1.0,64,8,2.2418134733743655,0,2.2418134733743655,False,False,False,True,0,392,16,0.4,0.3,0.3,balanced
1781460452966.347,0.4,0.3,0.3,583.4034536891679,596.2222222222222,0.11668069073783359,612.7777777777777,781.6666666666665,0.04021199318063894,1.0,1.0,1.0,61,8,2.241264125750675,1,2.241264125750675,False,False,False,True,0,393,16,0.4,0.3,0.3,balanced
1781460455582.723,0.4,0.3,0.3,582.3092621664049,594.5555555555555,0.11646185243328099,573.2142857142858,736.3888888888889,0.03757266749261413,1.0,1.0,1.0,64,8,2.2421434587789033,0,2.2421434587789033,False,False,False,True,0,394,16,0.4,0.3,0.3,balanced
1781460461784.791,0.4,0.3,0.3,584.993720565149,597.4444444444445,0.11699874411302981,611.2455908289242,769.4870664315108,0.04010977924142256,1.0,1.0,1.0,61,8,2.241167568582361,1,2.241167568582361,False,False,False,True,0,395,16,0.4,0.3,0.3,balanced
1781460464407.323,0.4,0.3,0.3,585.9042386185243,599.3333333333334,0.11718084772370486,563.1716637272193,702.2604350382129,0.036902712723630375,1.0,1.0,1.0,59,8,2.242056847093429,1,2.242056847093429,False,False,False,True,0,396,16,0.4,0.3,0.3,balanced
1781460467027.231,0.4,0.3,0.3,585.5604395604395,599.3333333333334,0.1171120879120879,495.80320399764844,625.9273956496178,0.032408485923792425,1.0,1.0,1.0,58,8,2.243432619058027,1,2.243432619058027,False,False,False,True,0,397,16,0.4,0.3,0.3,balanced
1781460469650.814,0.4,0.3,0.3,581.4077448747153,598.7777777777778,0.11628154897494306,564.7478991596639,644.0534979423869,0.03700786518743589,0.9999999999999999,1.0,0.9999999999999999,59,8,2.242385020853792,0,2.242385020853792,False,False,False,True,0,398,16,0.4,0.3,0.3,balanced
1781460472373.398,0.4,0.3,0.3,583.7802197802198,597.1111111111111,0.11675604395604396,737.4841518634621,1002.9184952978056,0.048531297656001476,0.9008746355685131,0.9325396825396824,0.9008746355685131,61,8,2.209000583791336,0,2.209000583791336,False,False,False,True,0,399,16,0.4,0.3,0.3,balanced
1781460474985.201,0.4,0.3,0.3,585.916797488226,599.3333333333334,0.1171833594976452,560.5731922398588,696.2727807172251,0.03672936572647491,1.0,1.0,1.0,59,8,2.2421078464829995,1,2.2421078464829995,False,False,False,True,0,400,16,0.4,0.3,0.3,balanced
1781460477611.806,0.4,0.3,0.3,587.5902668759812,600.8888888888889,0.11751805337519625,586.6629923574368,719.4209288653733,0.03846984605453214,1.0,1.0,1.0,58,8,2.241451824833562,1,2.241451824833562,False,False,False,True,0,401,16,0.4,0.3,0.3,balanced
1781460480234.7961,0.4,0.3,0.3,588.0549450549452,601.7777777777778,0.11761098901098903,570.3571428571429,695.5364491475602,0.037382064233298394,0.9960192868356132,0.9960317460317462,0.9960192868356132,56,8,2.240546771176299,1,2.240546771176299,False,False,False,True,0,402,16,0.4,0.3,0.3,balanced
1781460482852.019,0.4,0.3,0.3,595.4750692520776,596.3333333333334,0.11909501385041552,2622.7528325915423,2740.9616515172074,0.17429972198742777,0.9999999999999999,1.0,0.9999999999999999,55,8,2.2000720778636054,1,2.2000720778636054,False,False,False,True,0,403,16,0.4,0.3,0.3,balanced
1781460485476.7202,0.4,0.3,0.3,587.3579277864992,601.8888888888889,0.11747158555729983,487.0958259847149,601.9694297472074,0.03182760680351667,0.9942812289751064,0.9960317460317462,0.9942812289751064,56,8,2.241747452428557,0,2.241747452428557,False,False,False,True,0,404,16,0.4,0.3,0.3,balanced
1781460488102.9302,0.4,0.3,0.3,586.5792778649922,599.8888888888889,0.11731585557299842,616.3690476190476,761.4285714285714,0.04045157088852886,1.0,1.0,1.0,58,8,2.240938186504242,0,2.240938186504242,False,False,False,True,0,405,16,0.4,0.3,0.3,balanced
1781460490720.367,0.4,0.3,0.3,587.2684458398744,601.4444444444445,0.11745368916797488,539.3540564373897,688.993239271017,0.03531381297114007,0.9960192868356134,0.9960317460317459,0.9960192868356134,56,8,2.241230166492152,1,2.241230166492152,False,False,False,True,0,406,16,0.4,0.3,0.3,balanced
1781460497029.605,0.4,0.3,0.3,589.9262166405024,603.3333333333334,0.11798524332810048,692.3902572523261,926.0091224229155,0.04552303250515852,0.8799058084772369,0.9166666666666666,0.8799058084772369,55,8,2.2031207354603835,1,2.2031207354603835,False,False,False,True,0,407,16,0.4,0.3,0.3,balanced
1781460499652.161,0.4,0.3,0.3,587.5996860282575,601.8888888888889,0.11751993720565149,529.6325690770135,654.1137566137565,0.034665281459440526,1.0,1.0,1.0,56,8,2.2425924406799074,0,2.2425924406799074,False,False,False,True,0,408,16,0.4,0.3,0.3,balanced
1781460502272.488,0.4,0.3,0.3,588.9654631083203,603.1111111111111,0.11779309262166406,515.9898589065256,637.258965314521,0.03375516070090231,1.0,1.0,1.0,55,8,2.2427562147410636,1,2.2427562147410636,False,False,False,True,0,409,16,0.4,0.3,0.3,balanced
1781460504889.2961,0.4,0.3,0.3,591.480376766091,606.2222222222222,0.1182960753532182,530.9905937683715,665.5437977660199,0.034755876835781956,1.0,1.0,1.0,53,8,2.242254806807978,1,2.242254806807978,False,False,False,True,0,410,16,0.4,0.3,0.3,balanced
1781460507508.358,0.4,0.3,0.3,591.7142857142857,605.8888888888889,0.11834285714285714,534.2798353909465,651.5637860082304,0.03497530589666087,1.0,1.0,1.0,52,8,2.2421702653738587,1,2.2421702653738587,False,False,False,True,0,411,16,0.4,0.3,0.3,balanced
1781460510127.187,0.4,0.3,0.3,593.5368916797487,608.2222222222222,0.11870737833594974,520.5349794238682,655.2674897119341,0.03405837087550822,1.0,1.0,1.0,52,8,2.2422995374029675,2,2.2422995374029675,False,False,False,True,0,412,16,0.4,0.3,0.3,balanced
1781460512748.125,0.4,0.3,0.3,594.2527472527472,610.1111111111111,0.11885054945054944,479.7964432686655,609.592886537331,0.03134065665568149,1.0,1.0,1.0,50,8,2.243057583223076,1,2.243057583223076,False,False,False,True,0,413,16,0.4,0.3,0.3,balanced
1781460515471.8872,0.4,0.3,0.3,595.3563579277865,611.5555555555555,0.11907127158555729,475.05747126436773,581.06048166393,0.03102451442724268,1.0,1.0,1.0,49,8,2.2430641370376043,1,2.2430641370376043,False,False,False,True,0,414,16,0.4,0.3,0.3,balanced
1781460518183.165,0.4,0.3,0.3,597.3155416012559,613.5555555555555,0.11946310832025117,413.06444991789823,511.1535303776684,0.026888889254029234,1.0,1.0,1.0,47,8,2.244148089895691,1,2.244148089895691,False,False,False,True,0,415,16,0.4,0.3,0.3,balanced
1781460520903.502,0.4,0.3,0.3,596.9984301412873,613.5555555555555,0.11939968602825746,429.1625615763547,536.4272030651341,0.027962812646854882,1.0,1.0,1.0,46,8,2.2438512817946403,1,2.2438512817946403,False,False,False,True,0,416,16,0.4,0.3,0.3,balanced
1781460523622.969,0.4,0.3,0.3,597.0863422291993,613.2222222222222,0.11941726844583986,479.33908045977006,589.941160372195,0.031310145460958644,1.0,1.0,1.0,47,8,2.2428400489833766,0,2.2428400489833766,False,False,False,True,0,417,16,0.4,0.3,0.3,balanced
1781460526442.3152,0.4,0.3,0.3,510.26373626373623,554.0,0.10205274725274725,429.6469534050179,487.28315412186384,0.027995126978320073,0.8398744113029826,0.8888888888888888,0.8398744113029826,46,8,2.2027426863963,1,2.2027426863963,False,False,False,True,0,418,16,0.4,0.3,0.3,balanced
1781460529164.6099,0.4,0.3,0.3,600.967032967033,619.0,0.1201934065934066,434.21524356869185,546.5394088669951,0.028299882826463764,1.0,1.0,1.0,44,8,2.243432672514698,1,2.243432672514698,False,False,False,True,0,419,16,0.4,0.3,0.3,balanced
1781460535464.531,0.4,0.3,0.3,599.2464678178964,616.8888888888889,0.11984929356357928,2340.8984066167973,2556.7806462729836,0.15549689170225464,0.9860394707333482,0.988095238095238,0.9860394707333482,46,8,2.2012230562838964,0,2.2012230562838964,False,False,False,True,0,420,16,0.4,0.3,0.3,balanced
1781460538189.71,0.4,0.3,0.3,602.2778649921507,619.4444444444445,0.12045557299843014,468.9880952380952,563.7301587301587,0.030619619428825563,1.0,1.0,1.0,44,8,2.2426318849719804,1,2.2426318849719804,False,False,False,True,0,421,16,0.4,0.3,0.3,balanced
1781460540906.524,0.4,0.3,0.3,603.0156985871272,620.8888888888889,0.12060313971742544,488.9785420340976,568.9197530864197,0.0319532049388991,1.0,1.0,1.0,43,8,2.24217278263136,1,2.24217278263136,False,False,False,True,0,422,16,0.4,0.3,0.3,balanced
1781460543629.813,0.4,0.3,0.3,605.9874411302983,624.6666666666666,0.12119748822605966,401.6071428571429,498.4126984126985,0.026124559229962836,1.0,1.0,1.0,41,8,2.2436836369405873,1,2.2436836369405873,False,False,False,True,0,423,16,0.4,0.3,0.3,balanced
1781460546352.01,0.4,0.3,0.3,608.7331240188382,627.8888888888889,0.12174662480376765,393.0437977660199,494.2886537330981,0.025553288710208132,1.0,1.0,1.0,40,8,2.2436353634654305,1,2.2436353634654305,False,False,False,True,0,424,16,0.4,0.3,0.3,balanced
1781460549266.25,0.4,0.3,0.3,518.0266875981162,563.3333333333334,0.10360533751962323,313.3893369175627,370.02464157706095,0.02023944876034441,0.8398744113029826,0.8888888888888888,0.8398744113029826,41,8,2.204448353754942,0,2.204448353754942,False,False,False,True,0,425,16,0.4,0.3,0.3,balanced
1781460551990.8708,0.4,0.3,0.3,602.4489795918366,620.5555555555555,0.12048979591836732,406.66372721928275,490.15285126396236,0.026461889741112927,1.0,1.0,1.0,43,8,2.2438655147103193,0,2.2438655147103193,False,False,False,True,0,426,16,0.4,0.3,0.3,balanced
1781460554707.54,0.4,0.3,0.3,605.6483516483516,624.4444444444445,0.12112967032967033,334.26587301587296,421.86507936507934,0.02163214629859059,1.0,1.0,1.0,41,8,2.2450584879785547,1,2.2450584879785547,False,False,False,True,0,427,16,0.4,0.3,0.3,balanced
1781460557423.879,0.4,0.3,0.3,606.7331240188382,625.5555555555555,0.12134662480376765,398.4251910640799,490.6069958847736,0.025912287596002663,1.0,1.0,1.0,40,8,2.243687663799692,1,2.243687663799692,False,False,False,True,0,428,16,0.4,0.3,0.3,balanced
1781460560451.749,0.4,0.3,0.3,609.4238618524332,630.4444444444445,0.12188477237048664,712.1296296296296,711.4046717171717,0.04683986855434487,0.8911273058738496,0.8576083414793092,0.8911273058738496,38,8,2.2045323222476565,1,2.2045323222476565,False,False,False,True,0,429,16,0.4,0.3,0.3,balanced
1781460563872.0688,0.4,0.3,0.3,358.193092621664,437.22222222222223,0.0716386185243328,187.7811653116531,196.60569105691056,0.011859984343672655,0.5604395604395604,0.6666666666666666,0.5604395604395604,37,8,2.135918425419033,1,2.135918425419033,False,False,False,True,0,430,16,0.4,0.3,0.3,balanced
1781460570160.265,0.4,0.3,0.3,615.7692307692307,637.5555555555555,0.12315384615384614,310.2302943969611,393.12757201646093,0.02002870543008413,1.0,1.0,1.0,35,8,2.244729849909436,1,2.244729849909436,False,False,False,True,0,431,16,0.4,0.3,0.3,balanced
1781460572975.6511,0.4,0.3,0.3,617.861852433281,640.7777777777778,0.1235723704866562,294.7810618500273,366.94854953475647,0.018998069503003822,1.0,1.0,1.0,34,8,2.2448716309544365,1,2.2448716309544365,False,False,False,True,0,432,16,0.4,0.3,0.3,balanced
1781460575698.1821,0.4,0.3,0.3,623.3736263736263,647.6666666666666,0.12467472527472526,304.76891421335864,378.0579297245964,0.019664370527909182,1.0,1.0,1.0,32,8,2.244230798731737,1,2.244230798731737,False,False,False,True,0,433,16,0.4,0.3,0.3,balanced
1781460578721.873,0.4,0.3,0.3,542.9262166405024,598.1111111111111,0.10858524332810048,237.32556750298684,289.10633213859023,0.015165147932153893,0.8367346938775511,0.8888888888888888,0.8367346938775511,29,8,2.203036766452379,1,2.203036766452379,False,False,False,True,0,434,16,0.4,0.3,0.3,balanced
1781460581549.915,0.4,0.3,0.3,633.7284144427001,660.8888888888889,0.12674568288854002,253.73383303938857,318.10258671369786,0.016259762043988563,0.9942812289751065,0.9960317460317462,0.9942812289751065,28,8,2.2427081669239195,1,2.2427081669239195,False,False,False,True,0,435,16,0.4,0.3,0.3,balanced
1781460584375.0889,0.4,0.3,0.3,641.3610675039246,670.7777777777778,0.1282722135007849,231.58198797087684,295.0569800569801,0.014781987189518135,1.0,1.0,1.0,26,8,2.2442565184428305,1,2.2442565184428305,False,False,False,True,0,436,16,0.4,0.3,0.3,balanced
1781460587500.9128,0.4,0.3,0.3,645.3453689167975,675.8888888888889,0.1290690737833595,481.2524801587301,487.3809523809524,0.03143779053760708,0.9193765418255214,0.8968253968253967,0.9193765418255214,25,8,2.2147539958730307,1,2.2147539958730307,False,False,False,True,0,437,16,0.4,0.3,0.3,balanced
1781460590413.887,0.4,0.3,0.3,653.7723704866562,686.6666666666666,0.13075447409733124,198.8271604938271,257.9982363315697,0.012596875283110548,1.0,1.0,1.0,23,8,2.2439191477761344,1,2.2439191477761344,False,False,False,True,0,438,16,0.4,0.3,0.3,balanced
1781460593333.02,0.4,0.3,0.3,661.4505494505494,695.8888888888889,0.13229010989010986,179.72589653145207,231.78865373309816,0.011322608174212946,1.0,1.0,1.0,22,8,2.243687173591692,1,2.243687173591692,False,False,False,True,0,439,16,0.4,0.3,0.3,balanced
1781460596250.9912,0.4,0.3,0.3,671.8273155416013,710.0,0.13436546310832026,171.41769547325103,212.33333333333334,0.010768358603952704,0.9957130781306605,0.9957264957264957,0.9957130781306605,20,8,2.2417372306146843,1,2.2417372306146843,False,False,False,True,0,440,16,0.4,0.3,0.3,balanced
1781460599175.627,0.4,0.3,0.3,658.7943485086341,694.0,0.13175886970172682,175.52175191064077,223.2231040564374,0.011042144890636476,1.0,1.0,1.0,22,8,2.243983808652118,0,2.243983808652118,False,False,False,True,0,441,16,0.4,0.3,0.3,balanced
1781460605693.2969,0.4,0.3,0.3,671.6012558869701,709.5555555555555,0.13432025117739402,177.26179170623618,226.47989870212095,0.011158224930369325,0.9956974242688528,0.9958847736625513,0.9956974242688528,20,8,2.2416336593305872,1,2.2416336593305872,False,False,False,True,0,442,16,0.4,0.3,0.3,balanced
1781460608715.9,0.4,0.3,0.3,676.4018838304553,715.7777777777778,0.13528037676609106,183.04453262786595,226.3154027042916,0.011543998173973712,1.0,1.0,1.0,19,8,2.2424246498413716,1,2.2424246498413716,False,False,False,True,0,443,16,0.4,0.3,0.3,balanced
1781460611736.116,0.4,0.3,0.3,670.4521193092621,708.6666666666666,0.13409042386185244,175.09920634920633,218.88888888888889,0.011013956394209896,1.0,1.0,1.0,20,8,2.243059643536996,0,2.243059643536996,False,False,False,True,0,444,16,0.4,0.3,0.3,balanced
1781460614753.313,0.4,0.3,0.3,676.0784929356357,716.3333333333334,0.13521569858712715,164.45620223398,218.4758965314521,0.010303949448564376,1.0,1.0,1.0,19,8,2.2428225357305798,1,2.2428225357305798,False,False,False,True,0,445,16,0.4,0.3,0.3,balanced
1781460617870.224,0.4,0.3,0.3,693.2951334379906,738.0,0.1386590266875981,149.80085243974133,188.51851851851856,0.009326274345546453,1.0,1.0,1.0,17,8,2.2417385070212967,1,2.2417385070212967,False,False,False,True,0,446,16,0.4,0.3,0.3,balanced
1781460620993.18,0.4,0.3,0.3,700.3076923076922,748.1111111111111,0.14006153846153843,145.0374779541446,188.25102880658437,0.009008504199742803,1.0,1.0,1.0,16,8,2.241272833355462,1,2.241272833355462,False,False,False,True,0,447,16,0.4,0.3,0.3,balanced
1781460627407.634,0.4,0.3,0.3,189.29984301412873,277.77777777777777,0.03785996860282575,34.55555555555556,27.375,0.0016381291231191166,0.22762951334379902,0.3333333333333333,0.22762951334379902,17,8,2.052653427825074,0,2.052653427825074,False,False,False,True,0,448,16,0.4,0.3,0.3,balanced
1781460630536.208,0.4,0.3,0.3,701.9105180533752,749.0,0.14038210361067505,151.2470605526161,191.94738389182834,0.00942275253853343,1.0,1.0,1.0,16,8,2.24102033279417,1,2.24102033279417,False,False,False,True,0,449,16,0.4,0.3,0.3,balanced
1781460633748.7432,0.4,0.3,0.3,725.6216640502354,779.2222222222222,0.14512433281004708,116.9591416813639,146.6166960611405,0.0071353663563284795,1.0,1.0,1.0,14,8,2.2398096569690824,1,2.2398096569690824,False,False,False,True,0,450,16,0.4,0.3,0.3,balanced
1781460640554.003,0.4,0.3,0.3,739.8885400313972,797.6666666666666,0.14797770800627943,111.64450775561886,139.74358974358975,0.006780821064417536,1.0,1.0,1.0,13,8,2.238774670478163,1,2.238774670478163,False,False,False,True,0,451,16,0.4,0.3,0.3,balanced
1781460643971.932,0.4,0.3,0.3,772.6075353218209,840.5555555555555,0.15452150706436418,105.53718400940623,132.06202233980014,0.006373394530313958,1.0,1.0,1.0,11,8,2.2362793788151603,1,2.2362793788151603,False,False,False,True,0,452,16,0.4,0.3,0.3,balanced
1781460647484.8882,0.4,0.3,0.3,797.1993720565148,872.1111111111111,0.15943987441130295,259.3146565368788,267.4169040835708,0.016632065145889177,0.988562457950213,0.9920634920634921,0.988562457950213,10,8,2.227803168076776,1,2.227803168076776,False,False,False,True,0,453,16,0.4,0.3,0.3,balanced
1781460650897.516,0.4,0.3,0.3,774.7001569858712,843.0,0.15494003139717424,98.14419119974674,122.66540044317821,0.005880199546347348,0.9958718530147102,0.9958847736625513,0.9958718530147102,11,8,2.2350214834816393,0,2.2350214834816393,False,False,False,True,0,454,16,0.4,0.3,0.3,balanced
1781460654112.5022,0.4,0.3,0.3,738.4489795918366,796.5555555555555,0.14768979591836734,118.10066476733144,151.65558721114277,0.007211518663597828,1.0,1.0,1.0,13,8,2.2387606260335735,0,2.2387606260335735,False,False,False,True,0,455,16,0.4,0.3,0.3,balanced
1781460657534.034,0.4,0.3,0.3,775.8901098901098,844.5555555555555,0.15517802197802197,81.8161262605707,104.29159318048207,0.004790935707843276,0.9939531368102796,0.9958847736625513,0.9939531368102796,11,8,2.2346774515395222,1,2.2346774515395222,False,False,False,True,0,456,16,0.4,0.3,0.3,balanced
1781460661056.0999,0.4,0.3,0.3,799.2276295133437,874.0,0.15984552590266873,79.69135802469135,99.75896531452086,0.004649189994976074,1.0,1.0,1.0,10,8,2.2346670326404396,1,2.2346670326404396,False,False,False,True,0,457,16,0.4,0.3,0.3,balanced
1781460664476.86,0.4,0.3,0.3,775.7331240188382,844.0,0.15514662480376765,82.70502645502644,107.02527924750149,0.0048502352538376545,1.0,1.0,1.0,11,8,2.2364862795023415,0,2.2364862795023415,False,False,False,True,0,458,16,0.4,0.3,0.3,balanced
1781460667797.029,0.4,0.3,0.3,741.6420722135007,799.4444444444445,0.14832841444270015,109.86772486772486,134.73544973544972,0.006662289851082379,0.9942812289751064,0.9960317460317462,0.9942812289751064,13,8,2.2369543159601273,0,2.2369543159601273,False,False,False,True,0,459,16,0.4,0.3,0.3,balanced
1781460671016.541,0.4,0.3,0.3,725.8351648351648,780.2222222222222,0.14516703296703298,111.60640799529689,138.37154614932393,0.006778279385943755,1.0,1.0,1.0,14,8,2.2398997029974037,0,2.2398997029974037,False,False,False,True,0,460,16,0.4,0.3,0.3,balanced
1781460677721.1968,0.4,0.3,0.3,704.4929356357928,751.3333333333334,0.14089858712715855,130.12345679012344,165.22633744855966,0.008013572834564605,1.0,1.0,1.0,16,8,2.241236493298767,0,2.241236493298767,False,False,False,True,0,461,16,0.4,0.3,0.3,balanced
1781460680833.8,0.4,0.3,0.3,693.3940345368916,738.5555555555555,0.13867880690737833,143.6343732895457,183.49890530925012,0.00891490148696102,1.0,1.0,1.0,17,8,2.2418540067909603,0,2.2418540067909603,False,False,False,True,0,462,16,0.4,0.3,0.3,balanced
1781460686847.005,0.4,0.3,0.3,702.6624803767661,754.2222222222222,0.14053249607535323,730.155322831273,767.5370893834345,0.04804238311082542,0.42904454505950385,0.42738752145172726,0.42904454505950385,19,8,2.0580876501544623,0,2.0580876501544623,False,False,False,True,0,463,16,0.4,0.3,0.3,balanced
1781460689768.381,0.4,0.3,0.3,672.7692307692307,710.5555555555555,0.13455384615384614,170.52943969610638,216.77904400126624,0.010709102047772274,1.0,1.0,1.0,20,8,2.24296573092413,0,2.24296573092413,False,False,False,True,0,464,16,0.4,0.3,0.3,balanced
1781460692688.224,0.4,0.3,0.3,659.5054945054945,694.6666666666666,0.1319010989010989,190.679012345679,236.76072898295115,0.012053303025061975,1.0,1.0,1.0,22,8,2.243623569532042,0,2.243623569532042,False,False,False,True,0,465,16,0.4,0.3,0.3,balanced
1781460695708.131,0.4,0.3,0.3,656.2433281004708,688.6666666666666,0.13124866562009416,225.15206838936425,324.38733327571805,0.014353039919237108,0.9446876135827578,0.9604542966611933,0.9446876135827578,23,8,2.2266009058510186,0,2.2266009058510186,False,False,False,True,0,466,16,0.4,0.3,0.3,balanced
1781460698629.543,0.4,0.3,0.3,644.5714285714284,674.7777777777778,0.12891428571428568,204.8973727422003,266.44499178981937,0.013001826066857925,1.0,1.0,1.0,25,8,2.2445337378942285,0,2.2445337378942285,False,False,False,True,0,467,16,0.4,0.3,0.3,balanced
1781460701447.9749,0.4,0.3,0.3,642.3155416012559,671.3333333333334,0.12846310832025118,209.9216524216524,266.23140234251343,0.01333700149577401,1.0,1.0,1.0,26,8,2.244613656223167,0,2.244613656223167,False,False,False,True,0,468,16,0.4,0.3,0.3,balanced
1781460704266.667,0.4,0.3,0.3,634.0156985871271,661.5555555555555,0.1268031397174254,243.47001763668428,300.76572604350383,0.015575051209918898,1.0,1.0,1.0,28,8,2.244606228750054,0,2.244606228750054,False,False,False,True,0,469,16,0.4,0.3,0.3,balanced
1781460707079.2861,0.4,0.3,0.3,630.149136577708,656.2222222222222,0.1260298273155416,240.62904174015284,309.9926513815403,0.01538552646698818,1.0,1.0,1.0,29,8,2.244972411133687,0,2.244972411133687,False,False,False,True,0,470,16,0.4,0.3,0.3,balanced
1781460713481.5112,0.4,0.3,0.3,623.4018838304552,646.6666666666666,0.12468037676609103,309.30418719211826,393.1568144499179,0.01996692376198254,1.0,1.0,1.0,32,8,2.2441377721649687,0,2.2441377721649687,False,False,False,True,0,471,16,0.4,0.3,0.3,balanced
1781460716305.391,0.4,0.3,0.3,618.1350078492935,641.3333333333334,0.1236270015698587,333.76368363437325,417.0990695128626,0.021598644672072932,1.0,1.0,1.0,34,8,2.244069605970435,0,2.244069605970435,False,False,False,True,0,472,16,0.4,0.3,0.3,balanced
1781460719127.368,0.4,0.3,0.3,622.2307692307692,646.3333333333334,0.12444615384615383,307.1579091406677,398.26902025177884,0.019823743104781032,1.0,1.0,1.0,32,8,2.244274415530104,1,2.244274415530104,False,False,False,True,0,473,16,0.4,0.3,0.3,balanced
1781460722049.042,0.4,0.3,0.3,529.6593406593406,578.8888888888889,0.10593186813186813,295.2216248506571,352.49342891278377,0.01902745996335271,0.8398744113029826,0.8888888888888888,0.8398744113029826,34,8,2.2038813381491416,0,2.2038813381491416,False,False,False,True,0,474,16,0.4,0.3,0.3,balanced
1781460724863.2542,0.4,0.3,0.3,622.8665620094191,647.6666666666666,0.12457331240188382,287.2111992945326,371.10229276895944,0.018493075336526523,1.0,1.0,1.0,32,8,2.2446227524382887,1,2.2446227524382887,False,False,False,True,0,475,16,0.4,0.3,0.3,balanced
1781460727679.214,0.4,0.3,0.3,630.7299843014129,657.5555555555555,0.12614599686028258,256.4998530276308,326.05967078189303,0.01644428639277057,1.0,1.0,1.0,29,8,2.2446083153380556,1,2.2446083153380556,False,False,False,True,0,476,16,0.4,0.3,0.3,balanced
1781460730492.3699,0.4,0.3,0.3,624.3265306122448,648.1111111111111,0.12486530612244896,293.4243295019157,371.8240284619595,0.018907560340354616,1.0,1.0,1.0,32,8,2.244381609448914,0,2.244381609448914,False,False,False,True,0,477,16,0.4,0.3,0.3,balanced
1781460733218.54,0.4,0.3,0.3,620.0486656200941,642.7777777777778,0.12400973312401882,295.57613168724276,378.47736625514403,0.019051109518828737,1.0,1.0,1.0,34,8,2.2446807738947436,0,2.2446807738947436,False,False,False,True,0,478,16,0.4,0.3,0.3,balanced
1781460737344.1328,0.4,0.3,0.3,621.7299843014129,647.4444444444445,0.12434599686028257,1038.1745026215615,1151.6177260647848,0.06859069397075127,0.5608432509581541,0.5557649726557289,0.5608432509581541,35,8,2.097937368352108,0,2.097937368352108,False,False,False,True,0,479,16,0.4,0.3,0.3,balanced
1781460740058.0088,0.4,0.3,0.3,612.9372056514912,633.6666666666666,0.12258744113029825,346.8336498892054,442.84425451092125,0.022470557030634115,1.0,1.0,1.0,37,8,2.2442238564386905,0,2.2442238564386905,False,False,False,True,0,480,16,0.4,0.3,0.3,balanced
1781460743381.092,0.4,0.3,0.3,613.5243328100471,635.3333333333334,0.12270486656200942,832.1442835916521,909.8909472593683,0.054846183028128895,0.7465553022828564,0.7418300653594772,0.7465553022828564,38,8,2.1584307891516143,0,2.1584307891516143,False,False,False,True,0,481,16,0.4,0.3,0.3,balanced
1781460749679.7769,0.4,0.3,0.3,609.7817896389325,629.2222222222222,0.1219563579277865,385.86272780717223,481.06114050558494,0.025074231341372398,1.0,1.0,1.0,40,8,2.2436951874264737,0,2.2436951874264737,False,False,False,True,0,482,16,0.4,0.3,0.3,balanced
1781460752395.545,0.4,0.3,0.3,606.7409733124018,625.4444444444445,0.12134819466248037,383.49647266313934,479.58112874779533,0.024916375761383544,0.9941690962099126,0.9960317460317462,0.9941690962099126,41,8,2.2422365382695664,0,2.2422365382695664,False,False,False,True,0,483,16,0.4,0.3,0.3,balanced
1781460755118.74,0.4,0.3,0.3,601.5337519623234,619.2222222222222,0.12030675039246469,432.9960317460318,541.6269841269841,0.028218547814945417,1.0,1.0,1.0,43,8,2.2434117354985306,0,2.2434117354985306,False,False,False,True,0,484,16,0.4,0.3,0.3,balanced
1781460757839.9019,0.4,0.3,0.3,607.8744113029827,626.3333333333334,0.12157488226059654,390.7186948853615,488.9902998236331,0.02539817844465387,1.0,1.0,1.0,41,8,2.2437505935623654,1,2.2437505935623654,False,False,False,True,0,485,16,0.4,0.3,0.3,balanced
1781460760552.878,0.4,0.3,0.3,603.756671899529,621.5555555555555,0.1207513343799058,426.6071428571428,527.2222222222222,0.027792337748975503,1.0,1.0,1.0,43,8,2.243361764923345,0,2.243361764923345,False,False,False,True,0,486,16,0.4,0.3,0.3,balanced
1781460763268.7021,0.4,0.3,0.3,602.5949764521192,620.1111111111111,0.12051899529042384,445.55482069370953,553.4523809523811,0.029056358952215446,1.0,1.0,1.0,44,8,2.2430754941981657,0,2.2430754941981657,False,False,False,True,0,487,16,0.4,0.3,0.3,balanced
1781460765986.943,0.4,0.3,0.3,598.2072213500784,614.8888888888889,0.11964144427001568,464.30872306351233,577.6691702649556,0.030307453173016165,0.9942812289751065,0.9960317460317462,0.9942812289751065,46,8,2.241335555032621,0,2.241335555032621,False,False,False,True,0,488,16,0.4,0.3,0.3,balanced
1781460768709.489,0.4,0.3,0.3,596.3359497645212,612.4444444444445,0.11926718995290424,435.68281335522715,542.4876847290639,0.02839778608106919,1.0,1.0,1.0,47,8,2.2437737881945177,0,2.2437737881945177,False,False,False,True,0,489,16,0.4,0.3,0.3,balanced
1781460771335.644,0.4,0.3,0.3,593.0706436420721,608.8888888888889,0.11861412872841443,401.8106995884773,480.0411522633745,0.02613813873171963,1.0,1.0,1.0,49,8,2.2447129068891183,0,2.2447129068891183,False,False,False,True,0,490,16,0.4,0.3,0.3,balanced
1781460774053.394,0.4,0.3,0.3,591.8963893249608,607.1111111111111,0.11837927786499215,493.4510125889436,594.7030651340997,0.03225156855163066,1.0,1.0,1.0,50,8,2.242972818288514,0,2.242972818288514,False,False,False,True,0,491,16,0.4,0.3,0.3,balanced
1781460776676.431,0.4,0.3,0.3,590.8822605965462,605.7777777777778,0.11817645211930924,525.6172839506172,643.4979423868313,0.03439741720817993,1.0,1.0,1.0,52,8,2.2424101939898224,0,2.2424101939898224,False,False,False,True,0,492,16,0.4,0.3,0.3,balanced
1781460779289.1208,0.4,0.3,0.3,589.2574568288853,603.7777777777778,0.11785149136577706,535.6995884773663,637.3251028806584,0.035070019244654194,1.0,1.0,1.0,53,8,2.242338397680293,0,2.242338397680293,False,False,False,True,0,493,16,0.4,0.3,0.3,balanced
1781460785505.944,0.4,0.3,0.3,587.8916797488225,601.8888888888889,0.11757833594976451,607.6954732510287,733.477366255144,0.039872946847967224,1.0,1.0,1.0,55,8,2.241006781565704,0,2.241006781565704,False,False,False,True,0,494,16,0.4,0.3,0.3,balanced
1781460788125.0168,0.4,0.3,0.3,590.5117739403454,605.0,0.11810235478806907,535.3497942386831,678.6008230452676,0.03504668407196018,1.0,1.0,1.0,53,8,2.2422450528631845,1,2.2422450528631845,False,False,False,True,0,495,16,0.4,0.3,0.3,balanced
1781460790748.626,0.4,0.3,0.3,589.0565149136577,603.1111111111111,0.11781130298273154,518.4726179170624,627.3219373219374,0.03392078838672864,1.0,1.0,1.0,55,8,2.2426992422908887,0,2.2426992422908887,False,False,False,True,0,496,16,0.4,0.3,0.3,balanced
1781460793370.809,0.4,0.3,0.3,587.7723704866561,602.4444444444445,0.11755447409733122,523.9917695473251,636.5843621399176,0.03428897728801369,1.0,1.0,1.0,56,8,2.2426915171746633,0,2.2426915171746633,False,False,False,True,0,497,16,0.4,0.3,0.3,balanced
1781460795984.8608,0.4,0.3,0.3,586.2590266875981,599.5555555555555,0.11725180533751961,750.1677746122189,901.4040383484828,0.04937743659854696,1.0,1.0,1.0,58,8,2.238286046885428,0,2.238286046885428,False,False,False,True,0,498,16,0.4,0.3,0.3,balanced
1781460798608.708,0.4,0.3,0.3,585.4034536891679,598.8888888888889,0.11708069073783359,656.1522633744855,790.9876543209876,0.0431055545946955,1.0,1.0,1.0,59,8,2.2402360573264577,0,2.2402360573264577,False,False,False,True,0,499,16,0.4,0.3,0.3,balanced
1781460801224.211,0.4,0.3,0.3,584.4976452119308,597.2222222222222,0.11689952904238617,635.243239271017,793.0805408583186,0.041710689744564176,1.0,1.0,1.0,61,8,2.240726981459676,0,2.240726981459676,False,False,False,True,0,500,16,0.4,0.3,0.3,balanced
1781460803844.606,0.4,0.3,0.3,587.9419152276295,601.2222222222222,0.1175883830455259,626.8224573780128,768.9653145208702,0.041148929778386446,1.0,1.0,1.0,59,8,2.2406199678482737,1,2.2406199678482737,False,False,False,True,0,501,16,0.4,0.3,0.3,balanced
1781460806458.136,0.4,0.3,0.3,585.9183673469387,599.1111111111111,0.11718367346938774,626.737948265726,790.4850088183422,0.04114329207910113,1.0,1.0,1.0,61,8,2.2407835429885146,0,2.2407835429885146,False,False,False,True,0,502,16,0.4,0.3,0.3,balanced
1781460809074.008,0.4,0.3,0.3,583.8712715855572,596.0,0.11677425431711144,681.5285126396237,844.0182245737801,0.044798433131395844,1.0,1.0,1.0,64,8,2.2398507683337368,0,2.2398507683337368,False,False,False,True,0,503,16,0.4,0.3,0.3,balanced
1781460811696.22,0.4,0.3,0.3,585.2464678178964,598.5555555555555,0.11704929356357927,652.2582304526748,810.8289241622575,0.04284577921632253,1.0,1.0,1.0,61,8,2.2403265488096715,1,2.2403265488096715,False,False,False,True,0,504,16,0.4,0.3,0.3,balanced
1781460814715.097,0.4,0.3,0.3,423.22291993720563,467.0,0.08464458398744112,500.4885361552028,602.0837742504409,0.03272104977686476,0.7205651491365777,0.7777777777777778,0.7205651491365777,64,8,2.1724953962129376,0,2.1724953962129376,False,False,False,True,0,505,16,0.4,0.3,0.3,balanced
1781460820917.64,0.4,0.3,0.3,584.7833594976452,598.3333333333334,0.11695667189952903,666.7761610817165,804.757495590829,0.043814286930067815,0.9960192868356134,0.9960317460317459,0.9960192868356134,61,8,2.238878831211852,1,2.238878831211852,False,False,False,True,0,506,16,0.4,0.3,0.3,balanced
1781460823541.728,0.4,0.3,0.3,587.6985871271585,600.8888888888889,0.11753971742543169,596.9606114050558,723.53468547913,0.039156811968315934,1.0,1.0,1.0,59,8,2.2412370694393324,1,2.2412370694393324,False,False,False,True,0,507,16,0.4,0.3,0.3,balanced
1781460826157.987,0.4,0.3,0.3,586.9152276295133,599.6666666666666,0.11738304552590266,619.4121105232216,774.8074661963551,0.040654577086272285,1.0,1.0,1.0,61,8,2.240850408663757,0,2.240850408663757,False,False,False,True,0,508,16,0.4,0.3,0.3,balanced
1781460828783.01,0.4,0.3,0.3,583.8021978021978,596.3333333333334,0.11676043956043956,682.6741622574955,836.4359200470311,0.04487486072431591,1.0,1.0,1.0,64,8,2.239833365958529,0,2.239833365958529,False,False,False,True,0,509,16,0.4,0.3,0.3,balanced
1781460831404.082,0.4,0.3,0.3,584.447409733124,596.7777777777778,0.1168894819466248,649.2026748971193,810.2954144620811,0.04264193961955432,1.0,1.0,1.0,65,8,2.2404516253354836,0,2.2404516253354836,False,False,False,True,0,510,16,0.4,0.3,0.3,balanced
1781460834028.047,0.4,0.3,0.3,581.9372056514914,593.4444444444445,0.11638744113029827,790.2579365079364,953.6111111111111,0.05205189703188368,1.0,1.0,1.0,67,8,2.2378294544383155,0,2.2378294544383155,False,False,False,True,0,511,16,0.4,0.3,0.3,balanced
1781460836946.1401,0.4,0.3,0.3,542.5149136577708,521.4444444444445,0.10850298273155415,1809.7793056616586,2087.957304133775,0.12006533059784247,0.9025222821223979,0.8511381564119902,0.9025222821223979,68,8,2.191335892364745,0,2.191335892364745,False,False,False,True,0,512,16,0.4,0.3,0.3,balanced
1781460839566.8982,0.4,0.3,0.3,582.4945054945055,594.2222222222222,0.1164989010989011,658.3531746031746,819.6428571428572,0.043252379893473955,1.0,1.0,1.0,67,8,2.2404247255923972,1,2.2404247255923972,False,False,False,True,0,513,16,0.4,0.3,0.3,balanced
1781460842188.56,0.4,0.3,0.3,585.2590266875981,597.5555555555555,0.11705180533751962,694.3077601410935,854.2489711934156,0.04565095131027975,1.0,1.0,1.0,65,8,2.239483992471908,1,2.239483992471908,False,False,False,True,0,514,16,0.4,0.3,0.3,balanced
1781460844802.551,0.4,0.3,0.3,581.6263736263736,594.4444444444445,0.11632527472527472,800.7159250214805,934.345407678741,0.05274956137568249,0.9842453464902444,0.9841269841269842,0.9842453464902444,64,8,2.232918625644259,1,2.232918625644259,False,False,False,True,0,515,16,0.4,0.3,0.3,balanced
1781460847425.465,0.4,0.3,0.3,584.579277864992,597.8888888888889,0.11691585557299841,642.2222222222222,780.5952380952381,0.0421762656585872,1.0,1.0,1.0,61,8,2.2405807780732245,1,2.2405807780732245,False,False,False,True,0,516,16,0.4,0.3,0.3,balanced
1781460850044.291,0.4,0.3,0.3,586.4003139717425,599.4444444444445,0.11728006279434851,614.1872427983539,737.7013521457966,0.04030602020002361,1.0,1.0,1.0,59,8,2.2409961688222535,1,2.2409961688222535,False,False,False,True,0,517,16,0.4,0.3,0.3,balanced
1781460856263.693,0.4,0.3,0.3,586.3359497645212,600.0,0.11726718995290424,607.7763080540858,731.1302175191063,0.039878339429892315,1.0,1.0,1.0,58,8,2.2411296221898707,1,2.2411296221898707,False,False,False,True,0,518,16,0.4,0.3,0.3,balanced
1781460858889.225,0.4,0.3,0.3,588.0737833594976,602.2222222222222,0.11761475667189952,585.4014606792384,731.3570071903405,0.03838568783717401,1.0,1.0,1.0,56,8,2.241438390980088,1,2.241438390980088,False,False,False,True,0,519,16,0.4,0.3,0.3,balanced
1781460861514.4429,0.4,0.3,0.3,589.9623233908948,605.0,0.11799246467817895,528.8683127572016,660.6172839506173,0.034614297048512446,1.0,1.0,1.0,55,8,2.2424187250141747,1,2.2424187250141747,False,False,False,True,0,520,16,0.4,0.3,0.3,balanced
1781460864135.489,0.4,0.3,0.3,591.5447409733123,606.8888888888889,0.11830894819466246,555.8024691358024,675.8436213991769,0.036411105345950795,1.0,1.0,1.0,53,8,2.2417530891183497,1,2.2417530891183497,False,False,False,True,0,521,16,0.4,0.3,0.3,balanced
1781460866760.26,0.4,0.3,0.3,592.4254317111461,607.7777777777778,0.11848508634222922,496.6115520282187,615.9303350970017,0.032462411743043276,1.0,1.0,1.0,52,8,2.2428672419401954,1,2.2428672419401954,False,False,False,True,0,522,16,0.4,0.3,0.3,balanced
1781460869478.89,0.4,0.3,0.3,590.5321821036107,605.3333333333334,0.11810643642072213,660.1744663382594,766.8732895457034,0.04337388034277915,0.9423482921019867,0.9425287356321839,0.9423482921019867,53,8,2.2224497489594732,0,2.2224497489594732,False,False,False,True,0,523,16,0.4,0.3,0.3,balanced
1781460872102.946,0.4,0.3,0.3,591.7598116169544,606.8888888888889,0.11835196232339087,509.30041152263374,624.5679012345679,0.033308900034865495,1.0,1.0,1.0,52,8,2.242666545060184,1,2.242666545060184,False,False,False,True,0,524,16,0.4,0.3,0.3,balanced
1781460874926.447,0.4,0.3,0.3,520.497645211931,535.0,0.10409952904238619,571.116711469534,727.0743727598567,0.03743273592191688,0.8885400313971743,0.8888888888888888,0.8885400313971743,53,8,2.2136923770256227,0,2.2136923770256227,False,False,False,True,0,525,16,0.4,0.3,0.3,balanced
1781460877537.821,0.4,0.3,0.3,592.287284144427,606.8888888888889,0.1184574568288854,471.54083570750237,581.7236467236467,0.030789915657605228,1.0,1.0,1.0,52,8,2.243380042571164,1,2.243380042571164,False,False,False,True,0,526,16,0.4,0.3,0.3,balanced
1781460880155.2651,0.4,0.3,0.3,592.6138147566718,606.5555555555555,0.11852276295133436,592.1546149323926,745.9406231628454,0.0388361984611336,1.0,1.0,1.0,53,8,2.240940035281126,0,2.240940035281126,False,False,False,True,0,527,16,0.4,0.3,0.3,balanced
1781460882768.394,0.4,0.3,0.3,591.4113029827315,606.5555555555555,0.1182822605965463,473.63168724279836,573.3847736625515,0.03092939874868568,1.0,1.0,1.0,52,8,2.2434082761367757,1,2.2434082761367757,False,False,False,True,0,528,16,0.4,0.3,0.3,balanced
1781460885393.275,0.4,0.3,0.3,592.7912087912088,608.3333333333334,0.11855824175824176,502.76590693257367,620.2659069325736,0.03287297577935782,1.0,1.0,1.0,50,8,2.242714810562896,1,2.242714810562896,False,False,False,True,0,529,16,0.4,0.3,0.3,balanced
1781460891597.2358,0.4,0.3,0.3,593.7205651491366,609.3333333333334,0.11874411302982733,463.74485596707814,592.3868312757202,0.030269836955775727,1.0,1.0,1.0,49,8,2.2434214037013365,1,2.2434214037013365,False,False,False,True,0,530,16,0.4,0.3,0.3,balanced
1781460894210.427,0.4,0.3,0.3,598.0533751962323,614.2222222222222,0.11961067503924647,387.1604938271604,493.86831275720164,0.02516080679300603,1.0,1.0,1.0,47,8,2.2446074879463995,1,2.2446074879463995,False,False,False,True,0,531,16,0.4,0.3,0.3,balanced
1781460896923.605,0.4,0.3,0.3,597.4992150706436,614.3333333333334,0.11949984301412872,405.422140120416,503.0377668308703,0.026379062049393994,1.0,1.0,1.0,46,8,2.2442863441795304,1,2.2442863441795304,False,False,False,True,0,532,16,0.4,0.3,0.3,balanced
1781460899636.693,0.4,0.3,0.3,595.9858712715856,612.5555555555555,0.11919717425431711,422.8838259441708,529.6907498631637,0.02754395103029825,1.0,1.0,1.0,47,8,2.2440579449891835,0,2.2440579449891835,False,False,False,True,0,533,16,0.4,0.3,0.3,balanced
1781460902248.877,0.4,0.3,0.3,597.6671899529042,614.2222222222222,0.11953343799058085,469.1460905349794,583.8509021842355,0.030630159475315503,1.0,1.0,1.0,46,8,2.242997576961173,1,2.242997576961173,False,False,False,True,0,534,16,0.4,0.3,0.3,balanced
1781460904965.558,0.4,0.3,0.3,600.3940345368917,618.4444444444445,0.12007880690737834,432.7380952380952,548.0541871921182,0.028201340576257183,1.0,1.0,1.0,44,8,2.2435080750641716,1,2.2435080750641716,False,False,False,True,0,535,16,0.4,0.3,0.3,balanced
1781460907685.311,0.4,0.3,0.3,599.7864992150706,617.0,0.11995729984301413,491.58319649698956,613.4469074986316,0.03212696440940557,1.0,1.0,1.0,46,8,2.2423789907399727,0,2.2423789907399727,False,False,False,True,0,536,16,0.4,0.3,0.3,balanced
1781460910401.709,0.4,0.3,0.3,600.5902668759811,618.4444444444445,0.12011805337519622,481.97454844006563,612.3426382047071,0.03148596053636195,1.0,1.0,1.0,44,8,2.242506990489013,1,2.242506990489013,False,False,False,True,0,537,16,0.4,0.3,0.3,balanced
1781460913113.931,0.4,0.3,0.3,601.9010989010989,619.6666666666666,0.12038021978021977,471.2602880658436,611.9179894179895,0.030771200004392502,1.0,1.0,1.0,43,8,2.242616552086594,1,2.242616552086594,False,False,False,True,0,538,16,0.4,0.3,0.3,balanced
1781460915836.646,0.4,0.3,0.3,604.3877551020407,623.1111111111111,0.12087755102040815,431.27939447383886,539.1607877718989,0.02810402898424542,1.0,1.0,1.0,41,8,2.243217770896563,1,2.243217770896563,False,False,False,True,0,539,16,0.4,0.3,0.3,balanced
1781460918560.173,0.4,0.3,0.3,608.0847723704866,627.0,0.12161695447409732,401.56672545561435,511.3888888888889,0.02612186293900029,1.0,1.0,1.0,40,8,2.243516659328661,1,2.243516659328661,False,False,False,True,0,540,16,0.4,0.3,0.3,balanced
1781460921279.957,0.4,0.3,0.3,606.1130298273156,624.7777777777778,0.12122260596546312,383.6794532627865,492.21193415637856,0.02492858260592305,1.0,1.0,1.0,41,8,2.244032382832038,0,2.244032382832038,False,False,False,True,0,541,16,0.4,0.3,0.3,balanced
1781460927584.416,0.4,0.3,0.3,607.6059654631083,626.5555555555555,0.12152119309262166,417.56099353321576,513.8506760728983,0.02718885880808644,1.0,1.0,1.0,40,8,2.2432348651205256,1,2.2432348651205256,False,False,False,True,0,542,16,0.4,0.3,0.3,balanced
1781460930308.35,0.4,0.3,0.3,605.4238618524332,625.4444444444445,0.12108477237048665,392.68004115226336,500.49676660787776,0.025529022091545252,1.0,1.0,1.0,40,8,2.243907384424342,2,2.243907384424342,False,False,False,True,0,543,16,0.4,0.3,0.3,balanced
1781460933033.281,0.4,0.3,0.3,609.1836734693876,629.3333333333334,0.12183673469387751,427.3282684393795,548.8303260525483,0.027840444859198097,1.0,1.0,1.0,38,8,2.2429131726646894,1,2.2429131726646894,False,False,False,True,0,544,16,0.4,0.3,0.3,balanced
1781460935756.679,0.4,0.3,0.3,611.4929356357927,632.7777777777778,0.12229858712715855,324.23868312757196,406.7489711934156,0.02096322102251981,1.0,1.0,1.0,37,8,2.2447915988423808,1,2.2447915988423808,False,False,False,True,0,545,16,0.4,0.3,0.3,balanced
1781460938478.302,0.4,0.3,0.3,610.5086342229198,630.8888888888889,0.12210172684458397,354.16225749559084,451.4550264550264,0.022959456804242218,1.0,1.0,1.0,38,8,2.244271472220894,0,2.244271472220894,False,False,False,True,0,546,16,0.4,0.3,0.3,balanced
1781460941203.1392,0.4,0.3,0.3,611.1224489795918,632.1111111111111,0.12222448979591836,347.09288653733097,431.3256907701352,0.0224878510031575,1.0,1.0,1.0,37,8,2.2443638487806856,1,2.2443638487806856,False,False,False,True,0,547,16,0.4,0.3,0.3,balanced
1781460943926.6938,0.4,0.3,0.3,616.8461538461538,639.3333333333334,0.12336923076923076,328.82716049382714,405.1440329218107,0.02126932358197646,1.0,1.0,1.0,35,8,2.2442715106177147,1,2.2442715106177147,False,False,False,True,0,548,16,0.4,0.3,0.3,balanced
1781460946750.074,0.4,0.3,0.3,619.1287284144427,641.7777777777778,0.12382574568288854,305.4166666666667,381.64750957854403,0.019707582832999778,1.0,1.0,1.0,34,8,2.244557426876945,1,2.244557426876945,False,False,False,True,0,549,16,0.4,0.3,0.3,balanced
1781460949462.121,0.4,0.3,0.3,624.9120879120879,648.4444444444445,0.12498241758241758,310.57138334916107,388.51535295979744,0.020051459863186197,1.0,1.0,1.0,32,8,2.243991595008077,1,2.243991595008077,False,False,False,True,0,550,16,0.4,0.3,0.3,balanced
1781460952282.286,0.4,0.3,0.3,632.9811616954474,659.2222222222222,0.12659623233908948,256.63975941753716,329.3391896169674,0.016453619707640903,1.0,1.0,1.0,29,8,2.244425421152072,1,2.244425421152072,False,False,False,True,0,551,16,0.4,0.3,0.3,balanced
1781460955107.778,0.4,0.3,0.3,635.5384615384614,663.1111111111111,0.12710769230769228,252.73515579071133,326.6813639035861,0.01619313914547774,1.0,1.0,1.0,28,8,2.2442989813332797,1,2.2442989813332797,False,False,False,True,0,552,16,0.4,0.3,0.3,balanced
1781460957932.492,0.4,0.3,0.3,641.668759811617,670.6666666666666,0.12833375196232338,242.98353909465015,303.7448559670782,0.015542597671424293,1.0,1.0,1.0,26,8,2.2440037199136436,1,2.2440037199136436,False,False,False,True,0,553,16,0.4,0.3,0.3,balanced
1781460964433.2122,0.4,0.3,0.3,646.8916797488225,677.1111111111111,0.1293783359497645,215.6349206349206,272.93650793650795,0.013718140135751875,1.0,1.0,1.0,25,8,2.2441332235793685,1,2.2441332235793685,False,False,False,True,0,554,16,0.4,0.3,0.3,balanced
1781460967256.754,0.4,0.3,0.3,641.8414442700156,671.4444444444445,0.12836828885400312,220.08863564419119,278.40139284583734,0.014015252544642507,1.0,1.0,1.0,26,8,2.244448108695006,0,2.244448108695006,False,False,False,True,0,555,16,0.4,0.3,0.3,balanced
1781460970179.2258,0.4,0.3,0.3,646.9529042386184,677.3333333333334,0.12939058084772367,210.9824849480022,270.324302134647,0.013407770843762655,1.0,1.0,1.0,25,8,2.2442214364077815,1,2.2442214364077815,False,False,False,True,0,556,16,0.4,0.3,0.3,balanced
1781460973092.8408,0.4,0.3,0.3,655.9811616954473,688.7777777777778,0.13119623233908947,196.11111111111111,245.67019400352734,0.012415684530427693,1.0,1.0,1.0,23,8,2.243796801705236,1,2.243796801705236,False,False,False,True,0,557,16,0.4,0.3,0.3,balanced
1781460976021.036,0.4,0.3,0.3,661.6169544740973,695.7777777777778,0.13232339089481945,197.03262786596116,250.61434450323338,0.01247715996437366,1.0,1.0,1.0,22,8,2.24332749565276,1,2.24332749565276,False,False,False,True,0,558,16,0.4,0.3,0.3,balanced
1781460979044.706,0.4,0.3,0.3,671.8461538461538,709.3333333333334,0.13436923076923077,171.2301587301587,215.03968253968253,0.010755847813886504,1.0,1.0,1.0,20,8,2.243025553348142,1,2.243025553348142,False,False,False,True,0,559,16,0.4,0.3,0.3,balanced
1781460982069.279,0.4,0.3,0.3,677.0361067503925,717.0,0.1354072213500785,176.9775132275132,230.18665490887713,0.011139260388760053,1.0,1.0,1.0,19,8,2.2424953333433404,1,2.2424953333433404,False,False,False,True,0,560,16,0.4,0.3,0.3,balanced
1781460985194.092,0.4,0.3,0.3,691.9262166405023,735.7777777777778,0.13838524332810045,150.7779146141215,192.06622879036672,0.009391455277793295,1.0,1.0,1.0,17,8,2.2418284660854217,1,2.2418284660854217,False,False,False,True,0,561,16,0.4,0.3,0.3,balanced
1781460988216.849,0.4,0.3,0.3,678.0423861852433,717.5555555555555,0.13560847723704866,207.3794826572604,261.89594356261017,0.013167410450784551,1.0,1.0,1.0,19,8,2.2418063859699453,0,2.2418063859699453,False,False,False,True,0,562,16,0.4,0.3,0.3,balanced
1781460991142.221,0.4,0.3,0.3,669.1962323390895,706.7777777777778,0.13383924646781792,208.29218106995881,258.8888888888889,0.013228297603065965,1.0,1.0,1.0,20,8,2.242495812131953,0,2.242495812131953,False,False,False,True,0,563,16,0.4,0.3,0.3,balanced
1781460994170.404,0.4,0.3,0.3,677.171114599686,717.2222222222222,0.1354342229199372,172.79688418577308,213.28630217519105,0.010860365856289064,1.0,1.0,1.0,19,8,2.242568201075138,1,2.242568201075138,False,False,False,True,0,564,16,0.4,0.3,0.3,balanced
1781461000978.345,0.4,0.3,0.3,690.9073783359496,735.4444444444445,0.1381814756671899,711.4003133591256,616.1933064806628,0.04679121503396435,0.9545649635375181,0.9615489874110563,0.9545649635375181,17,8,2.21705953428419,1,2.21705953428419,False,False,False,True,0,565,16,0.4,0.3,0.3,balanced
1781461004103.149,0.4,0.3,0.3,701.5180533751961,748.4444444444445,0.14030361067503921,168.31643151087593,216.1169900058789,0.01056146974722321,1.0,1.0,1.0,16,8,2.2407101148058173,1,2.2407101148058173,False,False,False,True,0,566,16,0.4,0.3,0.3,balanced
1781461007327.525,0.4,0.3,0.3,723.0235478806906,777.8888888888889,0.1446047095761381,171.5108759553204,216.78718400940622,0.010774574780208164,1.0,1.0,1.0,14,8,2.238925743735482,1,2.238925743735482,False,False,False,True,0,567,16,0.4,0.3,0.3,balanced
1781461010647.5588,0.4,0.3,0.3,738.949764521193,797.3333333333334,0.1477899529042386,286.1147854203409,356.44767783656675,0.01841993231623355,1.0,1.0,1.0,13,8,2.2353580391434344,1,2.2353580391434344,False,False,False,True,0,568,16,0.4,0.3,0.3,balanced
1781461015074.1848,0.4,0.3,0.3,748.5431711145997,817.4444444444445,0.14970863422291994,489.4731972688869,594.1073140780037,0.03198620395389506,0.6729094975335577,0.711942205363258,0.6729094975335577,11,8,2.1323935343847307,1,2.1323935343847307,False,False,False,True,0,569,16,0.4,0.3,0.3,balanced
1781461018297.07,0.4,0.3,0.3,738.546310832025,796.6666666666666,0.147709262166405,182.26258309591643,238.31117442228555,0.011491833428680214,1.0,1.0,1.0,13,8,2.237468745104834,0,2.237468745104834,False,False,False,True,0,570,16,0.4,0.3,0.3,balanced
1781461021720.536,0.4,0.3,0.3,774.3516483516484,842.6666666666666,0.15487032967032968,134.70532039976484,172.0943562610229,0.008319234182772839,1.0,1.0,1.0,11,8,2.235556097877036,1,2.235556097877036,False,False,False,True,0,571,16,0.4,0.3,0.3,balanced
1781461025235.2742,0.4,0.3,0.3,798.9968602825744,874.0,0.15979937205651487,125.8259847148736,155.82598471487358,0.007726883570038265,1.0,1.0,1.0,10,8,2.2337621861063823,1,2.2337621861063823,False,False,False,True,0,572,16,0.4,0.3,0.3,balanced
1781461028662.197,0.4,0.3,0.3,774.6326530612243,842.6666666666666,0.15492653061224487,99.33602405824628,122.88224121557454,0.005959708075933707,0.991801848944706,0.9917695473251028,0.991801848944706,11,8,2.2337820300157336,0,2.2337820300157336,False,False,False,True,0,573,16,0.4,0.3,0.3,balanced
1781461035774.6821,0.4,0.3,0.3,797.4505494505493,871.8888888888889,0.15949010989010987,93.05702527924751,122.86155202821868,0.0055408289045528695,1.0,1.0,1.0,10,8,2.23454170737259,1,2.23454170737259,False,False,False,True,0,574,16,0.4,0.3,0.3,balanced
1781461039201.25,0.4,0.3,0.3,773.2904238618523,841.8888888888889,0.15465808477237047,162.69705603038935,215.55872111427666,0.010186594798558329,0.9958718530147102,0.9958847736625516,0.9958718530147102,11,8,2.233842343555897,0,2.233842343555897,False,False,False,True,0,575,16,0.4,0.3,0.3,balanced
1781461042726.289,0.4,0.3,0.3,797.4882260596545,872.8888888888889,0.1594976452119309,92.51396237507349,115.03233392122281,0.005504600558710706,1.0,1.0,1.0,10,8,2.2345495617476145,1,2.2345495617476145,False,False,False,True,0,576,16,0.4,0.3,0.3,balanced
1781461046151.847,0.4,0.3,0.3,774.535321821036,842.4444444444445,0.1549070643642072,103.52954144620811,131.5358612580835,0.006239462404683664,1.0,1.0,1.0,11,8,2.236165335532912,0,2.236165335532912,False,False,False,True,0,577,16,0.4,0.3,0.3,balanced
1781461049369.679,0.4,0.3,0.3,738.9654631083203,797.0,0.14779309262166404,163.366571699905,208.04685026907248,0.010231258952628752,1.0,1.0,1.0,13,8,2.2378133852655457,0,2.2378133852655457,False,False,False,True,0,578,16,0.4,0.3,0.3,balanced
1781461052583.0159,0.4,0.3,0.3,723.0565149136577,777.1111111111111,0.14461130298273153,161.63947677836566,207.86596119929453,0.010116042480211185,1.0,1.0,1.0,14,8,2.239120666062844,0,2.239120666062844,False,False,False,True,0,579,16,0.4,0.3,0.3,balanced
1781461055702.105,0.4,0.3,0.3,702.4788069073783,749.5555555555555,0.14049576138147565,154.8963279518835,201.04621715732827,0.009666199329678686,0.9958718530147102,0.9958847736625513,0.9958718530147102,16,8,2.239663391552919,0,2.239663391552919,False,False,False,True,0,580,16,0.4,0.3,0.3,balanced
1781461058725.6091,0.4,0.3,0.3,689.6577708006279,734.3333333333334,0.13793155416012556,152.75720164609052,197.69547325102883,0.009523495773588428,1.0,1.0,1.0,17,8,2.2419703296038733,0,2.2419703296038733,False,False,False,True,0,581,16,0.4,0.3,0.3,balanced
1781461061746.409,0.4,0.3,0.3,677.2872841444268,717.5555555555555,0.13545745682888538,214.2004703115814,265.39829512051733,0.013622446318317638,1.0,1.0,1.0,19,8,2.2417302833729504,0,2.2417302833729504,False,False,False,True,0,582,16,0.4,0.3,0.3,balanced
1781461064670.9321,0.4,0.3,0.3,671.5886970172684,709.5555555555555,0.13431773940345368,187.04415954415956,229.18803418803418,0.011810817848176088,1.0,1.0,1.0,20,8,2.2427296588841656,0,2.2427296588841656,False,False,False,True,0,583,16,0.4,0.3,0.3,balanced
1781461071170.563,0.4,0.3,0.3,659.1444270015697,693.5555555555555,0.13182888540031396,210.29394473838917,277.42504409171073,0.013361837540919892,1.0,1.0,1.0,22,8,2.2432598945775983,0,2.2432598945775983,False,False,False,True,0,584,16,0.4,0.3,0.3,balanced
1781461074093.855,0.4,0.3,0.3,654.1114599686028,687.8888888888889,0.13082229199372056,201.3690476190476,246.33303938859495,0.012766447472918451,1.0,1.0,1.0,23,8,2.2438411489606365,0,2.2438411489606365,False,False,False,True,0,585,16,0.4,0.3,0.3,balanced
1781461077018.668,0.4,0.3,0.3,659.1946624803767,694.1111111111111,0.13183893249607534,174.04467960023513,218.43033509700177,0.010943607711823558,1.0,1.0,1.0,22,8,2.243981344688023,1,2.243981344688023,False,False,False,True,0,586,16,0.4,0.3,0.3,balanced
1781461079939.941,0.4,0.3,0.3,654.2339089481947,687.5555555555555,0.13084678178963893,188.9344503233392,235.0058788947678,0.01193692130242423,1.0,1.0,1.0,23,8,2.2440802108934172,0,2.2440802108934172,False,False,False,True,0,587,16,0.4,0.3,0.3,balanced
1781461082964.224,0.4,0.3,0.3,645.5886970172684,675.8888888888889,0.12911773940345367,6293.8957307060755,6730.9605911330045,0.41920585261548204,0.9866291344123856,0.9885057471264369,0.9866291344123856,25,8,2.1185798887776897,0,2.1185798887776897,False,False,False,True,0,588,16,0.4,0.3,0.3,balanced
1781461085879.986,0.4,0.3,0.3,656.4128728414443,689.2222222222222,0.13128257456828885,190.41666666666666,250.67460317460316,0.012035801645541471,1.0,1.0,1.0,23,8,2.243876229679022,1,2.243876229679022,False,False,False,True,0,589,16,0.4,0.3,0.3,balanced
1781461088797.909,0.4,0.3,0.3,638.4822211397956,673.3333333333334,0.12769644422795912,287.28378103378105,354.15196942974717,0.01849791734715017,0.9946245911905923,0.9960317460317462,0.9946245911905923,25,8,2.241759424461849,0,2.241759424461849,False,False,False,True,0,590,16,0.4,0.3,0.3,balanced
1781461091619.3599,0.4,0.3,0.3,639.7425431711146,668.8888888888889,0.1279485086342229,249.2505539727762,310.025324469769,0.015960677383107153,1.0,1.0,1.0,26,8,2.244032393331379,0,2.244032393331379,False,False,False,True,0,591,16,0.4,0.3,0.3,balanced
1781461094542.4421,0.4,0.3,0.3,633.7064364207221,660.8888888888889,0.1267412872841444,293.6843990469751,410.34088347982873,0.018924909876382595,0.9395313681027966,0.9588477366255144,0.9395313681027966,28,8,2.225485422554266,0,2.225485422554266,False,False,False,True,0,592,16,0.4,0.3,0.3,balanced
1781461097356.925,0.4,0.3,0.3,630.2244897959183,656.6666666666666,0.12604489795918367,260.53644914756023,327.8586125808348,0.016713572324720496,1.0,1.0,1.0,29,8,2.2445679691189104,0,2.2445679691189104,False,False,False,True,0,593,16,0.4,0.3,0.3,balanced
1781461100076.339,0.4,0.3,0.3,620.6797488226059,644.7777777777778,0.12413594976452118,268.0278569167458,341.51471984805323,0.01721333268290499,1.0,1.0,1.0,32,8,2.24518162028932,0,2.24518162028932,False,False,False,True,0,594,16,0.4,0.3,0.3,balanced
1781461106478.284,0.4,0.3,0.3,617.9089481946625,640.1111111111111,0.12358178963893249,298.61590038314176,373.05418719211826,0.01925389595618024,1.0,1.0,1.0,34,8,2.244791115357573,0,2.244791115357573,False,False,False,True,0,595,16,0.4,0.3,0.3,balanced
1781461109196.583,0.4,0.3,0.3,614.6734693877552,637.3333333333334,0.12293469387755103,292.4667616334283,366.50997150997154,0.018843679895492214,1.0,1.0,1.0,35,8,2.245173018480332,0,2.245173018480332,False,False,False,True,0,596,16,0.4,0.3,0.3,balanced
1781461111910.333,0.4,0.3,0.3,612.2339089481947,633.0,0.12244678178963893,325.7201646090535,409.5399764844209,0.02106205234216501,1.0,1.0,1.0,37,8,2.244702671581495,0,2.244702671581495,False,False,False,True,0,597,16,0.4,0.3,0.3,balanced
1781461114631.654,0.4,0.3,0.3,609.9701726844584,630.1111111111111,0.12199403453689167,339.52233980011755,429.7986478542034,0.02198281119413726,1.0,1.0,1.0,38,8,2.2446075428270023,0,2.2446075428270023,False,False,False,True,0,598,16,0.4,0.3,0.3,balanced
1781461117350.542,0.4,0.3,0.3,607.1459968602826,626.2222222222222,0.12142919937205651,351.9892710170488,434.88830099941214,0.02281449439740152,1.0,1.0,1.0,40,8,2.2445839719319567,0,2.2445839719319567,False,False,False,True,0,599,16,0.4,0.3,0.3,balanced
1781461120074.3188,0.4,0.3,0.3,605.3767660910518,624.6666666666666,0.12107535321821035,387.8894767783657,471.3183421516754,0.025209438077275898,1.0,1.0,1.0,41,8,2.244007027289533,0,2.244007027289533,False,False,False,True,0,600,16,0.4,0.3,0.3,balanced
1781461122796.5168,0.4,0.3,0.3,605.3155416012559,624.8888888888889,0.12106310832025118,380.6723985890652,467.8924162257496,0.024727978558309886,1.0,1.0,1.0,40,8,2.2441563631044064,1,2.2441563631044064,False,False,False,True,0,601,16,0.4,0.3,0.3,balanced
1781461125519.765,0.4,0.3,0.3,605.6420722135007,624.2222222222222,0.12112841444270013,362.554379776602,442.0781893004115,0.02351930485501014,1.0,1.0,1.0,41,8,2.244492842766417,0,2.244492842766417,False,False,False,True,0,602,16,0.4,0.3,0.3,balanced
1781461128241.376,0.4,0.3,0.3,605.8163265306122,625.4444444444445,0.12116326530612244,370.570252792475,463.9035861258083,0.024054052888090392,1.0,1.0,1.0,40,8,2.244318478011124,1,2.244318478011124,False,False,False,True,0,603,16,0.4,0.3,0.3,balanced
1781461130963.4731,0.4,0.3,0.3,606.3265306122448,625.2222222222222,0.12126530612244897,354.1269841269841,436.7460317460317,0.022957103677583995,1.0,1.0,1.0,41,8,2.244606746447745,0,2.244606746447745,False,False,False,True,0,604,16,0.4,0.3,0.3,balanced
1781461133683.437,0.4,0.3,0.3,607.6452119309262,627.0,0.12152904238618523,397.81751684529456,491.2346809569032,0.02587174895565674,0.988234365785386,0.9919165196942975,0.988234365785386,40,8,2.2400971680944446,1,2.2400971680944446,False,False,False,True,0,605,16,0.4,0.3,0.3,balanced
1781461136400.063,0.4,0.3,0.3,603.795918367347,623.0,0.1207591836734694,388.7742504409171,488.46854791299234,0.025268462337619552,0.9844696120206323,0.988095238095238,0.9844696120206323,41,8,2.239456671435516,0,2.239456671435516,False,False,False,True,0,606,16,0.4,0.3,0.3,balanced
1781461142707.396,0.4,0.3,0.3,600.0847723704866,618.4444444444445,0.12001695447409731,412.89682539682536,532.4603174603175,0.02687770683100903,1.0,1.0,1.0,43,8,2.2439299061610583,0,2.2439299061610583,False,False,False,True,0,607,16,0.4,0.3,0.3,balanced
1781461145421.696,0.4,0.3,0.3,599.9372056514912,618.6666666666666,0.11998744113029824,432.5881834215167,551.247795414462,0.028191339787959752,1.0,1.0,1.0,44,8,2.243547621611493,0,2.243547621611493,False,False,False,True,0,608,16,0.4,0.3,0.3,balanced
1781461148145.644,0.4,0.3,0.3,602.1773940345369,620.1111111111111,0.12043547880690737,461.84921648523175,556.871110300229,0.0301433766834711,1.0,1.0,1.0,43,8,2.2427827954721957,1,2.2427827954721957,False,False,False,True,0,609,16,0.4,0.3,0.3,balanced
1781461150868.703,0.4,0.3,0.3,600.6028257456828,618.2222222222222,0.12012056514913656,409.85008818342146,505.53497942386844,0.026674455515905367,1.0,1.0,1.0,44,8,2.2439494372855737,0,2.2439494372855737,False,False,False,True,0,610,16,0.4,0.3,0.3,balanced
1781461153589.696,0.4,0.3,0.3,598.5321821036107,615.6666666666666,0.11970643642072214,415.5925013683634,524.7126436781609,0.027057538450191022,0.9944784279759649,0.9961685823754789,0.9944784279759649,46,8,2.242343692289443,0,2.242343692289443,False,False,False,True,0,611,16,0.4,0.3,0.3,balanced
1781461156308.437,0.4,0.3,0.3,596.9827315541601,614.0,0.11939654631083202,483.724279835391,589.3004115226337,0.031602687113768575,0.9706212155191747,0.9761904761904763,0.9706212155191747,47,8,2.233946939997289,0,2.233946939997289,False,False,False,True,0,612,16,0.4,0.3,0.3,balanced
1781461159034.575,0.4,0.3,0.3,600.7974882260596,617.5555555555555,0.12015949764521193,4491.929519146952,4716.421172129984,0.2989946310304838,0.9960192868356132,0.9960317460317462,0.9960192868356132,46,8,2.161043597683454,1,2.161043597683454,False,False,False,True,0,613,16,0.4,0.3,0.3,balanced
1781461161757.258,0.4,0.3,0.3,599.0816326530612,615.1111111111111,0.11981632653061224,442.74972632731243,546.0686918445539,0.028869227907092225,1.0,1.0,1.0,47,8,2.2434127010156275,0,2.2434127010156275,False,False,False,True,0,614,16,0.4,0.3,0.3,balanced
1781461164382.618,0.4,0.3,0.3,595.7802197802198,611.7777777777778,0.11915604395604396,536.10794555239,641.6397594175372,0.035097261210966645,1.0,1.0,1.0,49,8,2.2418084040542925,0,2.2418084040542925,False,False,False,True,0,615,16,0.4,0.3,0.3,balanced
1781461167005.19,0.4,0.3,0.3,594.3767660910516,610.0,0.11887535321821033,583.5406774295662,704.3621399176955,0.03826155286388034,1.0,1.0,1.0,50,8,2.240971392853552,0,2.240971392853552,False,False,False,True,0,616,16,0.4,0.3,0.3,balanced
1781461169729.117,0.4,0.3,0.3,595.6357927786498,611.2222222222222,0.11912715855572997,457.9371921182266,570.9058565955118,0.029882401075265286,1.0,1.0,1.0,49,8,2.2433844162551284,1,2.2433844162551284,False,False,False,True,0,617,16,0.4,0.3,0.3,balanced
1781461172455.854,0.4,0.3,0.3,597.5604395604396,614.0,0.11951208791208792,474.16324575807334,580.3284072249589,0.030964859623620635,1.0,1.0,1.0,47,8,2.2429057069480787,1,2.2429057069480787,False,False,False,True,0,618,16,0.4,0.3,0.3,balanced
1781461178764.817,0.4,0.3,0.3,596.2323390894819,613.4444444444445,0.11924646781789638,453.217706622879,557.4206349206348,0.02956755881406798,1.0,1.0,1.0,46,8,2.243431145228621,1,2.243431145228621,False,False,False,True,0,619,16,0.4,0.3,0.3,balanced
1781461181385.0479,0.4,0.3,0.3,597.375196232339,614.3333333333334,0.11947503924646781,503.14102564102564,592.1858182969295,0.03289800037631926,1.0,1.0,1.0,47,8,2.242340584188517,0,2.242340584188517,False,False,False,True,0,620,16,0.4,0.3,0.3,balanced
1781461184007.149,0.4,0.3,0.3,594.9089481946625,610.8888888888889,0.1189817896389325,782.5648939537828,840.8911047799936,0.05153868538717697,1.0,1.0,1.0,49,8,2.236945678528274,0,2.236945678528274,False,False,False,True,0,621,16,0.4,0.3,0.3,balanced
1781461186630.474,0.4,0.3,0.3,593.3767660910518,609.0,0.11867535321821035,518.9284583729028,645.5935422602088,0.03395119802354255,1.0,1.0,1.0,50,8,2.242344499305653,0,2.242344499305653,False,False,False,True,0,622,16,0.4,0.3,0.3,balanced
1781461189248.114,0.4,0.3,0.3,591.3296703296703,606.7777777777778,0.11826593406593407,513.2965902410347,632.8027630805409,0.03357548967585288,1.0,1.0,1.0,52,8,2.2426209794708707,0,2.2426209794708707,False,False,False,True,0,623,16,0.4,0.3,0.3,balanced
1781461191871.718,0.4,0.3,0.3,595.0455259026687,610.2222222222222,0.11900910518053374,507.835549224438,621.2709718265273,0.0332111773998958,1.0,1.0,1.0,50,8,2.242433004707818,1,2.242433004707818,False,False,False,True,0,624,16,0.4,0.3,0.3,balanced
1781461194594.5261,0.4,0.3,0.3,593.0675039246468,608.1111111111111,0.11861350078492935,538.4099616858238,661.4709906951286,0.035250831333277104,1.0,1.0,1.0,52,8,2.2419793502860452,0,2.2419793502860452,False,False,False,True,0,625,16,0.4,0.3,0.3,balanced
1781461197315.404,0.4,0.3,0.3,593.8901098901099,609.7777777777778,0.11877802197802198,505.7423371647509,615.5090311986864,0.03307153683554042,1.0,1.0,1.0,50,8,2.242567330158129,1,2.242567330158129,False,False,False,True,0,626,16,0.4,0.3,0.3,balanced
1781461200040.125,0.4,0.3,0.3,595.3516483516482,611.6666666666666,0.11907032967032964,457.2831143951834,575.5719759168037,0.029838766804215038,1.0,1.0,1.0,49,8,2.2434202380906036,1,2.2434202380906036,False,False,False,True,0,627,16,0.4,0.3,0.3,balanced
1781461202756.7,0.4,0.3,0.3,592.4662480376766,608.2222222222222,0.11849324960753531,514.8227969348658,620.7963875205254,0.03367730466543468,1.0,1.0,1.0,50,8,2.2424995087573554,0,2.2424995087573554,False,False,False,True,0,628,16,0.4,0.3,0.3,balanced
1781461205479.6619,0.4,0.3,0.3,593.1224489795917,608.0,0.11862448979591834,529.1673508483852,634.8275862068964,0.034634246220706155,1.0,1.0,1.0,52,8,2.2421599302154207,0,2.2421599302154207,False,False,False,True,0,629,16,0.4,0.3,0.3,balanced
1781461208104.982,0.4,0.3,0.3,592.1836734693877,607.1111111111111,0.11843673469387754,481.3888888888889,607.7572016460905,0.03144689051960566,1.0,1.0,1.0,53,8,2.2431912389665674,0,2.2431912389665674,False,False,False,True,0,630,16,0.4,0.3,0.3,balanced
1781461214413.017,0.4,0.3,0.3,593.5792778649922,608.7777777777778,0.11871585557299844,514.3787629994526,645.9496442255063,0.03364768265506689,1.0,1.0,1.0,52,8,2.2424193529742804,1,2.2424193529742804,False,False,False,True,0,631,16,0.4,0.3,0.3,balanced
1781461217038.737,0.4,0.3,0.3,594.0455259026687,609.7777777777778,0.11880910518053374,534.4919278252611,657.1921494143716,0.03498945482490067,1.0,1.0,1.0,50,8,2.2419795214803164,1,2.2419795214803164,False,False,False,True,0,632,16,0.4,0.3,0.3,balanced
1781461219662.882,0.4,0.3,0.3,592.2464678178964,607.4444444444445,0.11844929356357928,503.70370370370364,630.1234567901233,0.03293553727176142,1.0,1.0,1.0,52,8,2.24273962139304,0,2.24273962139304,False,False,False,True,0,633,16,0.4,0.3,0.3,balanced
1781461222286.212,0.4,0.3,0.3,591.2810047095761,606.0,0.11825620094191522,523.1275720164608,650.3497942386832,0.034231325684887313,1.0,1.0,1.0,53,8,2.2424281219177677,0,2.2424281219177677,False,False,False,True,0,634,16,0.4,0.3,0.3,balanced
1781461224907.862,0.4,0.3,0.3,594.032967032967,608.8888888888889,0.1188065934065934,510.02849002848995,640.9164292497625,0.033357470982554364,1.0,1.0,1.0,52,8,2.2424701213425964,1,2.2424701213425964,False,False,False,True,0,635,16,0.4,0.3,0.3,balanced
1781461227625.271,0.4,0.3,0.3,591.0376766091051,605.7777777777778,0.11820753532182103,539.9603174603175,669.047619047619,0.03535425733557822,1.0,1.0,1.0,53,8,2.242110708670598,0,2.242110708670598,False,False,False,True,0,636,16,0.4,0.3,0.3,balanced
1781461230341.4731,0.4,0.3,0.3,589.4081632653061,604.0,0.11788163265306123,559.7105911330049,684.4348659003831,0.036671820622615404,1.0,1.0,1.0,55,8,2.241845800751991,0,2.241845800751991,False,False,False,True,0,637,16,0.4,0.3,0.3,balanced
1781461232965.595,0.4,0.3,0.3,592.1412872841443,606.6666666666666,0.11842825745682885,558.6949984172206,708.073757518202,0.036604069273997376,1.0,1.0,1.0,53,8,2.241647476235069,1,2.241647476235069,False,False,False,True,0,638,16,0.4,0.3,0.3,balanced
1781461235585.8582,0.4,0.3,0.3,588.8430141287283,603.0,0.11776860282574567,579.4650205761316,718.8477366255144,0.03798966114583933,1.0,1.0,1.0,55,8,2.24149566052595,0,2.24149566052595,False,False,False,True,0,639,16,0.4,0.3,0.3,balanced
1781461238203.832,0.4,0.3,0.3,589.6923076923076,603.5555555555555,0.11793846153846152,542.7219282774838,683.4626690182246,0.03553848754352794,1.0,1.0,1.0,56,8,2.242163069121557,0,2.242163069121557,False,False,False,True,0,640,16,0.4,0.3,0.3,balanced
1781461240827.534,0.4,0.3,0.3,589.2574568288853,602.4444444444445,0.11785149136577706,553.3416429249762,677.0330800886355,0.036246940822213226,0.9940694226408511,0.9958847736625513,0.9940694226408511,58,8,2.2402061479992805,0,2.2402061479992805,False,False,False,True,0,641,16,0.4,0.3,0.3,balanced
1781461244041.32,0.4,0.3,0.3,590.8869701726844,603.8888888888889,0.11817739403453688,1462.6651297046035,2173.3209626630683,0.09690894794560397,0.6070016145204115,0.708550655919077,0.6070016145204115,59,8,2.1057568423586277,0,2.1057568423586277,False,False,False,True,0,642,16,0.4,0.3,0.3,balanced
1781461250244.569,0.4,0.3,0.3,583.8461538461538,596.5555555555555,0.11676923076923076,589.1446208112874,749.9647266313933,0.038635398319632246,1.0,1.0,1.0,61,8,2.241701688196418,0,2.241701688196418,False,False,False,True,0,643,16,0.4,0.3,0.3,balanced
1781461252861.001,0.4,0.3,0.3,580.5368916797488,592.7777777777778,0.11610737833594977,649.5333627278071,808.7286890064668,0.04266400018197512,1.0,1.0,1.0,64,8,2.2407578486110276,0,2.2407578486110276,False,False,False,True,0,644,16,0.4,0.3,0.3,balanced
1781461255486.444,0.4,0.3,0.3,581.010989010989,593.1111111111111,0.11620219780219779,705.8399470899471,881.0493827160494,0.04642027665710121,0.9942812289751065,0.9960317460317462,0.9942812289751065,65,8,2.2378774065745226,0,2.2378774065745226,False,False,False,True,0,645,16,0.4,0.3,0.3,balanced
1781461258308.609,0.4,0.3,0.3,511.3139717425431,522.7777777777778,0.10226279434850863,987.3773521505375,1173.1866039426523,0.06520195811544613,0.9133089133089134,0.9135802469135802,0.9133089133089134,67,8,2.2135269688186368,0,2.2135269688186368,False,False,False,True,0,646,16,0.4,0.3,0.3,balanced
1781461261330.515,0.4,0.3,0.3,583.0847723704867,595.4444444444445,0.11661695447409734,1919.454715219421,1953.4967320261437,0.1273819022828166,0.8590695019266448,0.8232323232323232,0.8590695019266448,68,8,2.1728594981035094,0,2.1728594981035094,False,False,False,True,0,647,16,0.4,0.3,0.3,balanced
1781461263953.243,0.4,0.3,0.3,580.4144427001569,591.5555555555555,0.11608288854003138,685.3475896531452,824.3577307466195,0.045053208115620094,1.0,1.0,1.0,67,8,2.2400508821493013,1,2.2400508821493013,False,False,False,True,0,648,16,0.4,0.3,0.3,balanced
1781461266579.58,0.4,0.3,0.3,582.2684458398743,594.5555555555555,0.11645368916797486,574.8398001175779,726.547619047619,0.03768110741278038,1.0,1.0,1.0,65,8,2.242114192108976,1,2.242114192108976,False,False,False,True,0,649,16,0.4,0.3,0.3,balanced
1781461269196.758,0.4,0.3,0.3,579.6452119309262,592.6666666666666,0.11592904238618523,566.0986184597296,702.6940035273369,0.0370979732127905,1.0,1.0,1.0,64,8,2.2424989910816886,1,2.2424989910816886,False,False,False,True,0,650,16,0.4,0.3,0.3,balanced
1781461271821.021,0.4,0.3,0.3,585.370486656201,598.2222222222222,0.1170740973312402,616.0493827160493,765.4732510288065,0.040430245678188745,1.0,1.0,1.0,61,8,2.2410412873640473,1,2.2410412873640473,False,False,False,True,0,651,16,0.4,0.3,0.3,balanced
1781461274434.336,0.4,0.3,0.3,585.6389324960753,599.1111111111111,0.11712778649921506,632.5609370053814,754.0392529281419,0.04153175030055914,1.0,1.0,1.0,59,8,2.2406893603101463,1,2.2406893603101463,False,False,False,True,0,652,16,0.4,0.3,0.3,balanced
1781461277046.8792,0.4,0.3,0.3,585.4945054945055,599.0,0.11709890109890109,561.9586894586895,688.9893953782843,0.03682179382646361,1.0,1.0,1.0,58,8,2.2421139014125004,1,2.2421139014125004,False,False,False,True,0,653,16,0.4,0.3,0.3,balanced
1781461279671.268,0.4,0.3,0.3,587.960753532182,602.2222222222222,0.1175921507064364,602.1470402025957,745.9306742640075,0.03950280454987296,1.0,1.0,1.0,56,8,2.2411122983524634,1,2.2411122983524634,False,False,False,True,0,654,16,0.4,0.3,0.3,balanced
1781461285868.9612,0.4,0.3,0.3,588.2260596546311,601.8888888888889,0.11764521193092621,612.38683127572,762.8189300411523,0.040185912693510344,1.0,1.0,1.0,56,8,2.240886141419576,2,2.240886141419576,False,False,False,True,0,655,16,0.4,0.3,0.3,balanced
1781461288493.4932,0.4,0.3,0.3,585.3202511773941,599.2222222222222,0.11706405023547882,568.5185185185185,720.0,0.037259407506238726,1.0,1.0,1.0,58,8,2.2419965576539367,0,2.2419965576539367,False,False,False,True,0,656,16,0.4,0.3,0.3,balanced
1781461291116.225,0.4,0.3,0.3,587.5400313971743,601.3333333333334,0.11750800627943486,550.5054131054131,686.2651471984805,0.0360577326954912,0.9957130781306606,0.9957264957264957,0.9957130781306606,59,8,2.2408934011187767,0,2.2408934011187767,False,False,False,True,0,657,16,0.4,0.3,0.3,balanced
1781461293730.8518,0.4,0.3,0.3,586.557299843014,600.2222222222222,0.1173114599686028,533.0864197530864,654.7325102880659,0.0348956917780578,1.0,1.0,1.0,58,8,2.2426067084791415,1,2.2426067084791415,False,False,False,True,0,658,16,0.4,0.3,0.3,balanced
1781461296352.9302,0.4,0.3,0.3,587.4897959183672,601.3333333333334,0.11749795918367345,546.4814814814814,659.3827160493827,0.03578929162651644,1.0,1.0,1.0,56,8,2.2422640288385756,1,2.2422640288385756,False,False,False,True,0,659,16,0.4,0.3,0.3,balanced
1781461298977.267,0.4,0.3,0.3,588.9952904238618,602.8888888888889,0.11779905808477235,573.2679306290418,681.7328042328041,0.0375762462060735,1.0,1.0,1.0,55,8,2.241607502904269,1,2.241607502904269,False,False,False,True,0,660,16,0.4,0.3,0.3,balanced
1781461301602.75,0.4,0.3,0.3,589.9450549450548,604.5555555555555,0.11798901098901096,491.37860082304525,598.7654320987655,0.03211331559860209,1.0,1.0,1.0,53,8,2.243170400924815,1,2.243170400924815,False,False,False,True,0,661,16,0.4,0.3,0.3,balanced
1781461304225.2678,0.4,0.3,0.3,591.6326530612245,607.1111111111111,0.11832653061224489,469.36213991769546,563.9506172839507,0.030644572376097096,1.0,1.0,1.0,52,8,2.243476016042273,1,2.243476016042273,False,False,False,True,0,662,16,0.4,0.3,0.3,balanced
1781461307347.738,0.4,0.3,0.3,597.1491365777078,612.3333333333334,0.11942982731554157,1268.5817901234568,1931.1064814814813,0.08396142695953682,0.6739879597022453,0.7579245912579246,0.6739879597022453,50,8,2.129236028896596,1,2.129236028896596,False,False,False,True,0,663,16,0.4,0.3,0.3,balanced
1781461309971.063,0.4,0.3,0.3,593.4050235478807,608.8888888888889,0.11868100470957613,421.58436213991763,530.8230452674896,0.027457262317539536,1.0,1.0,1.0,49,8,2.2442904194209077,1,2.2442904194209077,False,False,False,True,0,664,16,0.4,0.3,0.3,balanced
1781461312590.826,0.4,0.3,0.3,595.9262166405023,612.4444444444445,0.11918524332810046,464.1073124406457,562.2665400443179,0.03029401684060345,1.0,1.0,1.0,47,8,2.243237697616579,1,2.243237697616579,False,False,False,True,0,665,16,0.4,0.3,0.3,balanced
1781461315309.4238,0.4,0.3,0.3,595.8587127158555,612.2222222222222,0.1191717425431711,5708.202654625068,6060.603448275862,0.3801335993745876,1.0,1.0,1.0,49,8,2.1382912231703552,0,2.1382912231703552,False,False,False,True,0,666,16,0.4,0.3,0.3,balanced
1781461321504.104,0.4,0.3,0.3,596.9686028257457,613.6666666666666,0.11939372056514914,461.116650838873,574.2750870528648,0.030094506393520546,1.0,1.0,1.0,47,8,2.243214159855884,1,2.243214159855884,False,False,False,True,0,667,16,0.4,0.3,0.3,balanced
1781461324115.8472,0.4,0.3,0.3,597.6326530612245,614.1111111111111,0.11952653061224489,444.4697689142133,542.2000633111744,0.028983973910221034,1.0,1.0,1.0,46,8,2.2434941955820356,1,2.2434941955820356,False,False,False,True,0,668,16,0.4,0.3,0.3,balanced
1781461326835.573,0.4,0.3,0.3,599.9890109890109,618.0,0.11999780219780218,472.4028461959497,576.2452107279693,0.03084742136063707,1.0,1.0,1.0,44,8,2.242746652712688,1,2.242746652712688,False,False,False,True,0,669,16,0.4,0.3,0.3,balanced
1781461330261.429,0.4,0.3,0.3,341.3328100470958,441.1111111111111,0.06826656200941916,305.6910569105691,263.71273712737127,0.019725887719184064,0.5164835164835164,0.6666666666666666,0.5164835164835164,43,8,2.121720663825532,1,2.121720663825532,False,False,False,True,0,670,16,0.4,0.3,0.3,balanced
1781461332980.477,0.4,0.3,0.3,603.8540031397174,622.5555555555555,0.12077080062794349,437.3802175191064,543.371546149324,0.02851102184917321,1.0,1.0,1.0,41,8,2.2431383731940704,1,2.2431383731940704,False,False,False,True,0,671,16,0.4,0.3,0.3,balanced
1781461335704.042,0.4,0.3,0.3,605.0580847723704,624.0,0.12101161695447409,454.4598765432099,555.4717813051146,0.02965042538647164,1.0,1.0,1.0,40,8,2.242700225602269,1,2.242700225602269,False,False,False,True,0,672,16,0.4,0.3,0.3,balanced
1781461338417.086,0.4,0.3,0.3,609.530612244898,629.8888888888889,0.1219061224489796,407.06315289648626,511.86293130737573,0.02648853588368821,1.0,1.0,1.0,38,8,2.2432909902553018,1,2.2432909902553018,False,False,False,True,0,673,16,0.4,0.3,0.3,balanced
1781461341234.039,0.4,0.3,0.3,610.5039246467818,631.4444444444445,0.12210078492935636,353.8990755944779,445.48617446127025,0.022941899639391455,0.9978134110787171,0.9960317460317462,0.9978134110787171,37,8,2.243621139460055,1,2.243621139460055,False,False,False,True,0,674,16,0.4,0.3,0.3,balanced
1781461344059.9548,0.4,0.3,0.3,615.1758241758241,636.7777777777778,0.12303516483516483,363.1574986316366,444.9411603721949,0.02355953960184367,1.0,1.0,1.0,35,8,2.243718072185381,1,2.243718072185381,False,False,False,True,0,675,16,0.4,0.3,0.3,balanced
1781461346780.981,0.4,0.3,0.3,611.4819466248038,632.3333333333334,0.12229638932496074,400.0617283950617,511.1522633744857,0.026021462868249613,1.0,1.0,1.0,37,8,2.243275005409541,0,2.243275005409541,False,False,False,True,0,676,16,0.4,0.3,0.3,balanced
1781461349602.803,0.4,0.3,0.3,615.1852433281005,637.4444444444445,0.1230370486656201,339.00588396278044,428.6029009304871,0.02194835783607608,1.0,1.0,1.0,35,8,2.244200673182929,1,2.244200673182929,False,False,False,True,0,677,16,0.4,0.3,0.3,balanced
1781461352423.897,0.4,0.3,0.3,624.7490706319702,640.3333333333334,0.12494981412639404,409.65239919722677,509.19864582699824,0.026661267458120533,0.9999999999999999,1.0,0.9999999999999999,34,8,2.2420216941120064,1,2.2420216941120064,False,False,False,True,0,678,16,0.4,0.3,0.3,balanced
1781461358848.238,0.4,0.3,0.3,622.1899529042386,646.2222222222222,0.12443799058084772,327.718253968254,396.3492063492064,0.021195347162658706,1.0,1.0,1.0,32,8,2.2438661996188634,1,2.2438661996188634,False,False,False,True,0,679,16,0.4,0.3,0.3,balanced
1781461361669.7969,0.4,0.3,0.3,629.9952904238618,656.3333333333334,0.12599905808477235,269.2820399764844,351.18606701940035,0.017297000665542656,1.0,1.0,1.0,29,8,2.2444112765664284,1,2.2444112765664284,False,False,False,True,0,680,16,0.4,0.3,0.3,balanced
1781461364487.7068,0.4,0.3,0.3,633.8178963893249,660.8888888888889,0.126763579277865,255.07936507936506,318.2142857142857,0.01634952402130521,1.0,1.0,1.0,28,8,2.244389711082462,1,2.244389711082462,False,False,False,True,0,681,16,0.4,0.3,0.3,balanced
1781461367303.043,0.4,0.3,0.3,641.8288854003139,670.5555555555555,0.12836577708006278,223.9094650205761,283.86831275720164,0.014270144430992402,1.0,1.0,1.0,26,8,2.244372645838677,1,2.244372645838677,False,False,False,True,0,682,16,0.4,0.3,0.3,balanced
1781461370817.765,0.4,0.3,0.3,426.7770800627943,442.44444444444446,0.08535541601255886,178.4959349593496,228.91598915989158,0.011240556034646404,0.6703296703296704,0.6666666666666666,0.6703296703296704,28,8,2.1635845678834835,0,2.1635845678834835,False,False,False,True,0,683,16,0.4,0.3,0.3,balanced
1781461373635.149,0.4,0.3,0.3,629.7441130298272,655.8888888888889,0.12594882260596543,305.77380952380946,374.8015873015873,0.01973140824041424,1.0,1.0,1.0,29,8,2.2437010484854896,0,2.2437010484854896,False,False,False,True,0,684,16,0.4,0.3,0.3,balanced
1781461376457.843,0.4,0.3,0.3,633.6373626373626,661.5555555555555,0.12672747252747252,255.6709288653733,331.93562610229276,0.01638898791630242,0.9942812289751065,0.9960317460317462,0.9942812289751065,28,8,2.242676683306652,1,2.242676683306652,False,False,False,True,0,685,16,0.4,0.3,0.3,balanced
1781461379278.2869,0.4,0.3,0.3,632.9073783359497,659.3333333333334,0.12658147566718994,268.48985890652557,338.1554967666078,0.01724415336267682,1.0,1.0,1.0,29,8,2.244194163724321,0,2.244194163724321,False,False,False,True,0,686,16,0.4,0.3,0.3,balanced
1781461382101.5488,0.4,0.3,0.3,633.9952904238618,661.2222222222222,0.12679905808477235,265.59303350970015,331.88271604938274,0.01705090283587059,1.0,1.0,1.0,28,8,2.24416510591533,1,2.24416510591533,False,False,False,True,0,687,16,0.4,0.3,0.3,balanced
1781461384919.564,0.4,0.3,0.3,640.6781789638932,670.6666666666666,0.12813563579277865,217.41769547325103,272.61316872427983,0.013837071078936026,1.0,1.0,1.0,26,8,2.2445946243592076,1,2.2445946243592076,False,False,False,True,0,688,16,0.4,0.3,0.3,balanced
1781461387743.699,0.4,0.3,0.3,643.9984301412873,674.8888888888889,0.12879968602825745,235.98765432098764,306.66666666666674,0.015075894217544206,1.0,1.0,1.0,25,8,2.243957357323434,1,2.243957357323434,False,False,False,True,0,689,16,0.4,0.3,0.3,balanced
1781461394240.8499,0.4,0.3,0.3,654.7252747252746,687.5555555555555,0.13094505494505493,214.1269841269841,274.56349206349205,0.013617543971113016,1.0,1.0,1.0,23,8,2.243536714830644,1,2.243536714830644,False,False,False,True,0,690,16,0.4,0.3,0.3,balanced
1781461397165.3162,0.4,0.3,0.3,658.414442700157,693.1111111111111,0.1316828885400314,208.63756613756613,265.5849500293945,0.013251338634927693,0.9942812289751065,0.9960317460317462,0.9942812289751065,22,8,2.241635811686041,1,2.241635811686041,False,False,False,True,0,691,16,0.4,0.3,0.3,balanced
1781461400082.653,0.4,0.3,0.3,669.0973312401884,707.3333333333334,0.13381946624803767,184.4571066793289,236.16492560937002,0.011638232600355496,1.0,1.0,1.0,20,8,2.242980743720678,1,2.242980743720678,False,False,False,True,0,692,16,0.4,0.3,0.3,balanced
1781461403105.1519,0.4,0.3,0.3,679.1130298273156,718.7777777777778,0.1358226059654631,188.37301587301585,246.11111111111111,0.011899467369780911,1.0,1.0,1.0,19,8,2.2421011174028807,1,2.2421011174028807,False,False,False,True,0,693,16,0.4,0.3,0.3,balanced
1781461406124.862,0.4,0.3,0.3,692.0172684458398,737.2222222222222,0.13840345368916795,209.0946502057613,262.5514403292181,0.013281831234540447,1.0,1.0,1.0,17,8,2.2406540691539707,1,2.2406540691539707,False,False,False,True,0,694,16,0.4,0.3,0.3,balanced
1781461409150.8638,0.4,0.3,0.3,703.3249607535322,750.8888888888889,0.14066499215070644,154.2608420386198,196.786957898069,0.009623805339467632,1.0,1.0,1.0,16,8,2.240846861537877,1,2.240846861537877,False,False,False,True,0,695,16,0.4,0.3,0.3,balanced
1781461412169.577,0.4,0.3,0.3,694.1993720565149,738.2222222222222,0.138839874411303,177.57789535567312,226.26102292768962,0.011179312565421822,1.0,1.0,1.0,17,8,2.241110256465852,0,2.241110256465852,False,False,False,True,0,696,16,0.4,0.3,0.3,balanced
1781461415293.419,0.4,0.3,0.3,703.2072213500785,750.2222222222222,0.1406414442700157,317.4154908877131,398.8786008230452,0.020508038084570586,0.9941690962099126,0.9960317460317462,0.9941690962099126,16,8,2.2358417397295964,1,2.2358417397295964,False,False,False,True,0,697,16,0.4,0.3,0.3,balanced
1781461418410.1018,0.4,0.3,0.3,693.1664050235478,737.7777777777778,0.13863328100470956,153.016607877719,201.96502057613168,0.009540801059220746,1.0,1.0,1.0,17,8,2.24168444728035,0,2.24168444728035,False,False,False,True,0,698,16,0.4,0.3,0.3,balanced
1781461421529.1792,0.4,0.3,0.3,704.447409733124,752.1111111111111,0.1408894819466248,125.17122281011169,158.71546149323927,0.007683203656445076,1.0,1.0,1.0,16,8,2.2413392461244164,1,2.2413392461244164,False,False,False,True,0,699,16,0.4,0.3,0.3,balanced
1781461424750.356,0.4,0.3,0.3,722.9576138147565,776.5555555555555,0.1445915227629513,129.9889770723104,163.13051146384478,0.008004601539180147,1.0,1.0,1.0,14,8,2.2397620104330653,1,2.2397620104330653,False,False,False,True,0,700,16,0.4,0.3,0.3,balanced
1781461431650.144,0.4,0.3,0.3,740.4317111459968,797.8888888888889,0.14808634222919936,193.6911350321312,246.34687506335018,0.012254245165585804,0.988562457950213,0.9920634920634921,0.988562457950213,13,8,2.2336579269437085,1,2.2336579269437085,False,False,False,True,0,701,16,0.4,0.3,0.3,balanced
1781461435072.9092,0.4,0.3,0.3,772.6232339089482,842.1111111111111,0.15452464678178965,166.4344503233392,218.9315108759553,0.010435920635312823,1.0,1.0,1.0,11,8,2.2350593650966903,1,2.2350593650966903,False,False,False,True,0,702,16,0.4,0.3,0.3,balanced
1781461438585.984,0.4,0.3,0.3,797.0423861852432,871.6666666666666,0.15940847723704865,211.3616990005879,248.04820693709584,0.013433068645803061,1.0,1.0,1.0,10,8,2.2322066885114396,1,2.2322066885114396,False,False,False,True,0,703,16,0.4,0.3,0.3,balanced
1781461442009.782,0.4,0.3,0.3,773.8932496075353,842.3333333333334,0.15477864992150706,185.72898295120515,220.3071722516167,0.011723080917358583,1.0,1.0,1.0,11,8,2.2345716157561895,0,2.2345716157561895,False,False,False,True,0,704,16,0.4,0.3,0.3,balanced
1781461448924.656,0.4,0.3,0.3,164.6043956043956,309.22222222222223,0.03292087912087912,30.061728395061724,20.041152263374485,0.001338340786862023,0.17739403453689168,0.3333333333333333,0.17739403453689168,13,8,2.039648356476657,0,2.039648356476657,False,False,False,True,0,705,16,0.4,0.3,0.3,balanced
1781461452139.642,0.4,0.3,0.3,725.359497645212,779.5555555555555,0.1450718995290424,155.6415343915344,194.87801293356847,0.009715912901369873,1.0,1.0,1.0,14,8,2.239056466317972,0,2.239056466317972,False,False,False,True,0,706,16,0.4,0.3,0.3,balanced
1781461455257.386,0.4,0.3,0.3,701.1711145996859,748.4444444444445,0.14023422291993717,168.14667842445618,205.6363903586126,0.010550145325180532,1.0,1.0,1.0,16,8,2.240741267234471,0,2.240741267234471,False,False,False,True,0,707,16,0.4,0.3,0.3,balanced
1781461458371.125,0.4,0.3,0.3,691.7189952904238,736.4444444444445,0.13834379905808475,159.3099647266314,203.69341563786008,0.009960638073824643,1.0,1.0,1.0,17,8,2.2416742889546186,0,2.2416742889546186,False,False,False,True,0,708,16,0.4,0.3,0.3,balanced
1781461464980.4412,0.4,0.3,0.3,677.1569858712716,717.1111111111111,0.13543139717425431,189.66857730746617,240.70399764844205,0.01198589575099841,1.0,1.0,1.0,19,8,2.2422316724049987,0,2.2422316724049987,False,False,False,True,0,709,16,0.4,0.3,0.3,balanced
1781461468002.2322,0.4,0.3,0.3,670.8414442700156,709.7777777777778,0.13416828885400311,202.71090534979425,256.22281011169906,0.012855964332874866,1.0,1.0,1.0,20,8,2.2424758951585364,0,2.2424758951585364,False,False,False,True,0,710,16,0.4,0.3,0.3,balanced
1781461470924.785,0.4,0.3,0.3,658.756671899529,694.1111111111111,0.1317513343799058,181.71889838556504,231.03988603988606,0.011455563601438628,1.0,1.0,1.0,22,8,2.243862797167606,0,2.243862797167606,False,False,False,True,0,711,16,0.4,0.3,0.3,balanced
1781461473837.9011,0.4,0.3,0.3,652.8241758241758,686.3333333333334,0.13056483516483516,217.57128159905938,295.46443268665485,0.013847316984593688,1.0,1.0,1.0,23,8,2.2436198708386876,0,2.2436198708386876,False,False,False,True,0,712,16,0.4,0.3,0.3,balanced
1781461476760.132,0.4,0.3,0.3,643.4270015698586,673.8888888888889,0.12868540031397172,239.99265138154024,307.6954732510288,0.015343072140196147,0.9942812289751064,0.9960317460317462,0.9942812289751064,25,8,2.2422072869248844,0,2.2422072869248844,False,False,False,True,0,713,16,0.4,0.3,0.3,balanced
1781461479580.944,0.4,0.3,0.3,641.4536891679747,670.5555555555555,0.12829073783359496,257.8838239949351,320.82937638493195,0.016536612674778857,0.9939531368102796,0.9958847736625513,0.9939531368102796,26,8,2.241908662107212,0,2.241908662107212,False,False,False,True,0,714,16,0.4,0.3,0.3,balanced
1781461482393.79,0.4,0.3,0.3,634.2747252747253,661.4444444444445,0.12685494505494505,262.16416813639034,335.0837742504409,0.01682215931530289,1.0,1.0,1.0,28,8,2.244211374183431,0,2.244211374183431,False,False,False,True,0,715,16,0.4,0.3,0.3,balanced
1781461485211.6611,0.4,0.3,0.3,631.2339089481947,657.8888888888889,0.12624678178963894,264.6766607877719,332.9497354497355,0.016989770566228943,1.0,1.0,1.0,29,8,2.2444043561142757,0,2.2444043561142757,False,False,False,True,0,716,16,0.4,0.3,0.3,balanced
1781461488040.8472,0.4,0.3,0.3,634.524332810047,661.8888888888889,0.1269048665620094,281.90770135214575,358.5023515579071,0.018139272938768897,1.0,1.0,1.0,28,8,2.2437962714935655,1,2.2437962714935655,False,False,False,True,0,717,16,0.4,0.3,0.3,balanced
1781461490863.397,0.4,0.3,0.3,630.2527472527472,656.4444444444445,0.12605054945054944,296.28159905937684,375.12051734273956,0.019098172051993118,1.0,1.0,1.0,29,8,2.243850328604182,0,2.243850328604182,False,False,False,True,0,718,16,0.4,0.3,0.3,balanced
1781461495490.119,0.4,0.3,0.3,632.0345368916797,660.0,0.12640690737833596,931.9272272561745,1116.161932609301,0.06150281702843059,0.4130046879930698,0.49761101703558147,0.4130046879930698,32,8,2.0548877983380573,0,2.0548877983380573,False,False,False,True,0,719,16,0.4,0.3,0.3,balanced
1781461501888.4421,0.4,0.3,0.3,629.9010989010989,656.6666666666666,0.12598021978021978,270.84995251661917,347.51661918328585,0.01740159789970775,1.0,1.0,1.0,29,8,2.244387432718,1,2.244387432718,False,False,False,True,0,720,16,0.4,0.3,0.3,balanced
1781461504810.168,0.4,0.3,0.3,624.0643642072214,648.3333333333334,0.12481287284144428,445.3306878306878,518.0899470899471,0.029041406793241346,0.9164050235478808,0.9166666666666666,0.9164050235478808,32,8,2.2162839358898143,0,2.2162839358898143,False,False,False,True,0,721,16,0.4,0.3,0.3,balanced
1781461507528.435,0.4,0.3,0.3,616.1773940345369,639.4444444444445,0.12323547880690737,350.2880658436214,441.522633744856,0.0227010050596145,1.0,1.0,1.0,34,8,2.243895506959353,0,2.243895506959353,False,False,False,True,0,722,16,0.4,0.3,0.3,balanced
1781461510245.2031,0.4,0.3,0.3,614.3406593406593,636.8888888888889,0.12286813186813185,328.9827250938362,399.91215574548903,0.021279701473905017,1.0,1.0,1.0,35,8,2.244468836810576,0,2.244468836810576,False,False,False,True,0,723,16,0.4,0.3,0.3,balanced
1781461513069.645,0.4,0.3,0.3,609.9010989010989,630.7777777777778,0.12198021978021978,433.80566198382286,579.0710940825883,0.028272559171702658,0.887276668909322,0.9208994708994709,0.887276668909322,37,8,2.2089091450091978,0,2.2089091450091978,False,False,False,True,0,724,16,0.4,0.3,0.3,balanced
1781461515781.451,0.4,0.3,0.3,615.3469387755102,637.1111111111111,0.12306938775510205,302.9320987654321,378.08641975308643,0.01954183447401148,1.0,1.0,1.0,35,8,2.244909694555756,1,2.244909694555756,False,False,False,True,0,725,16,0.4,0.3,0.3,balanced
1781461518494.101,0.4,0.3,0.3,611.1020408163265,632.4444444444445,0.1222204081632653,313.9244448966671,411.68238140460363,0.020275146424060517,1.0,1.0,1.0,37,8,2.2450292928074758,0,2.2450292928074758,False,False,False,True,0,726,16,0.4,0.3,0.3,balanced
1781461521213.419,0.4,0.3,0.3,608.2951334379906,629.0,0.1216590266875981,357.1399176954732,446.8106995884774,0.023158099912973528,1.0,1.0,1.0,38,8,2.2443889593510686,0,2.2443889593510686,False,False,False,True,0,727,16,0.4,0.3,0.3,balanced
1781461524037.072,0.4,0.3,0.3,568.25431711146,552.4444444444445,0.113650863422292,339.40740740740745,434.5555555555556,0.021975143923109237,0.9419152276295133,0.8888888888888888,0.9419152276295133,40,8,2.2305216797430045,0,2.2305216797430045,False,False,False,True,0,728,16,0.4,0.3,0.3,balanced
1781461526762.0798,0.4,0.3,0.3,605.8838304552589,624.7777777777778,0.12117676609105178,407.89241622574957,505.7495590828924,0.02654385698637422,1.0,1.0,1.0,41,8,2.243566136467667,0,2.243566136467667,False,False,False,True,0,729,16,0.4,0.3,0.3,balanced
1781461529486.106,0.4,0.3,0.3,606.7833594976452,625.7777777777778,0.12135667189952903,373.74999999999994,451.1331569664903,0.02426617745163442,1.0,1.0,1.0,40,8,2.244177478004698,1,2.244177478004698,False,False,False,True,0,730,16,0.4,0.3,0.3,balanced
1781461532209.889,0.4,0.3,0.3,605.054945054945,623.7777777777778,0.12101098901098901,400.4556143445032,489.7148736037625,0.026047739449266392,1.0,1.0,1.0,41,8,2.2437812825608243,0,2.2437812825608243,False,False,False,True,0,731,16,0.4,0.3,0.3,balanced
1781461538513.3618,0.4,0.3,0.3,602.4850863422292,620.6666666666666,0.12049701726844585,400.4137272192828,493.0673133450912,0.02604494511135976,1.0,1.0,1.0,43,8,2.243987709559214,0,2.243987709559214,False,False,False,True,0,732,16,0.4,0.3,0.3,balanced
1781461541427.164,0.4,0.3,0.3,514.5353218210361,559.4444444444445,0.10290706436420721,346.7529121863799,396.3709677419355,0.022465170926376243,0.8398744113029827,0.8888888888888888,0.8398744113029827,44,8,2.204059946367299,0,2.204059946367299,False,False,False,True,0,733,16,0.4,0.3,0.3,balanced
1781461544140.409,0.4,0.3,0.3,597.3061224489795,614.3333333333334,0.1194612244897959,441.04816639299395,548.5249042145595,0.028755714902801464,1.0,1.0,1.0,46,8,2.243588795733241,0,2.243588795733241,False,False,False,True,0,734,16,0.4,0.3,0.3,balanced
1781461546863.066,0.4,0.3,0.3,596.8759811616954,613.4444444444445,0.1193751962323391,2719.6560846560847,2963.21722516167,0.18076424847605635,0.9941690962099126,0.9960317460317462,0.9941690962099126,47,8,2.196271375827221,0,2.196271375827221,False,False,False,True,0,735,16,0.4,0.3,0.3,balanced
1781461549581.8,0.4,0.3,0.3,594.6483516483516,610.6666666666666,0.11892967032967033,465.0396825396825,569.7222222222222,0.03035621631352118,1.0,1.0,1.0,49,8,2.2433212669740756,0,2.2433212669740756,False,False,False,True,0,736,16,0.4,0.3,0.3,balanced
1781461552298.7312,0.4,0.3,0.3,595.065934065934,610.0,0.1190131868131868,519.4084362139918,647.2457378012934,0.03398321789286136,1.0,1.0,1.0,50,8,2.242199759906867,0,2.242199759906867,False,False,False,True,0,737,16,0.4,0.3,0.3,balanced
1781461555019.6108,0.4,0.3,0.3,594.1255886970172,608.5555555555555,0.11882511773940344,502.3323754789272,634.2952928297757,0.0328440544015295,1.0,1.0,1.0,52,8,2.2426167365837797,0,2.2426167365837797,False,False,False,True,0,738,16,0.4,0.3,0.3,balanced
1781461557633.142,0.4,0.3,0.3,591.1616954474097,606.0,0.11823233908948193,533.7915479582146,673.5881608103831,0.03494273168500431,1.0,1.0,1.0,53,8,2.242224244858706,0,2.242224244858706,False,False,False,True,0,739,16,0.4,0.3,0.3,balanced
1781461560256.694,0.4,0.3,0.3,590.4395604395603,604.0,0.11808791208791206,515.2219282774838,649.9970605526162,0.033703931172614,1.0,1.0,1.0,55,8,2.2426536558130508,0,2.2426536558130508,False,False,False,True,0,740,16,0.4,0.3,0.3,balanced
1781461562871.195,0.4,0.3,0.3,589.2684458398743,603.1111111111111,0.11785368916797485,549.0961199294533,690.3718400940622,0.035963717140056924,1.0,1.0,1.0,56,8,2.242069409190793,0,2.242069409190793,False,False,False,True,0,741,16,0.4,0.3,0.3,balanced
1781461565692.657,0.4,0.3,0.3,517.1558694593278,529.3333333333334,0.10343117389186557,587.271712158809,710.3440860215054,0.03851045444688519,0.8888330216991658,0.8853046594982079,0.8888330216991658,58,8,2.2137243006189378,0,2.2137243006189378,False,False,False,True,0,742,16,0.4,0.3,0.3,balanced
1781461568305.0972,0.4,0.3,0.3,586.0863422291993,599.7777777777778,0.11721726844583986,596.681703070592,744.1864514086736,0.03913820567515624,1.0,1.0,1.0,59,8,2.241371630919117,0,2.241371630919117,False,False,False,True,0,743,16,0.4,0.3,0.3,balanced
1781461574505.792,0.4,0.3,0.3,585.3406593406593,598.5555555555555,0.11706813186813185,665.8840388007054,822.9982363315697,0.0437547724350037,1.0,1.0,1.0,61,8,2.240046315522246,0,2.240046315522246,False,False,False,True,0,744,16,0.4,0.3,0.3,balanced
1781461577129.088,0.4,0.3,0.3,583.2229199372057,595.7777777777778,0.11664458398744114,637.8292181069959,807.1252204585538,0.04188320334269485,1.0,1.0,1.0,64,8,2.2407772054022153,0,2.2407772054022153,False,False,False,True,0,745,16,0.4,0.3,0.3,balanced
1781461579754.4329,0.4,0.3,0.3,584.0737833594976,596.2222222222222,0.11681475667189953,666.2860082304527,822.5411522633744,0.04378158827421299,1.0,1.0,1.0,61,8,2.2401396208489763,1,2.2401396208489763,False,False,False,True,0,746,16,0.4,0.3,0.3,balanced
1781461582380.22,0.4,0.3,0.3,581.3956043956043,593.7777777777778,0.11627912087912086,665.0345385067607,834.6296296296296,0.04369810130131826,1.0,1.0,1.0,64,8,2.2403789212579563,0,2.2403789212579563,False,False,False,True,0,747,16,0.4,0.3,0.3,balanced
1781461585005.169,0.4,0.3,0.3,584.1805337519622,597.6666666666666,0.11683610675039245,592.9717813051146,739.296002351558,0.038890712562049005,1.0,1.0,1.0,61,8,2.241598343531228,1,2.241598343531228,False,False,False,True,0,748,16,0.4,0.3,0.3,balanced
1781461587829.3281,0.4,0.3,0.3,495.08477237048663,533.7777777777778,0.09901695447409732,547.0665322580645,604.6068548387098,0.035828321031225116,0.8398744113029827,0.8888888888888888,0.8398744113029827,64,8,2.2016070452918886,0,2.2016070452918886,False,False,False,True,0,749,16,0.4,0.3,0.3,balanced
1781461590454.236,0.4,0.3,0.3,580.1695447409734,593.0,0.11603390894819468,653.70894909688,783.5440613026819,0.042942558312,1.0,1.0,1.0,65,8,2.240703668927122,0,2.240703668927122,False,False,False,True,0,750,16,0.4,0.3,0.3,balanced
1781461593074.21,0.4,0.3,0.3,578.87284144427,591.3333333333334,0.11577456828885399,823.5927395649618,1014.922104644327,0.05427569977084468,0.9960192868356132,0.9960317460317462,0.9960192868356132,67,8,2.236213248803889,0,2.236213248803889,False,False,False,True,0,751,16,0.4,0.3,0.3,balanced
1781461595698.654,0.4,0.3,0.3,580.8178963893249,593.1111111111111,0.11616357927786498,691.6490299823632,857.6793062904173,0.04547358438841649,1.0,1.0,1.0,65,8,2.239892492972329,1,2.239892492972329,False,False,False,True,0,752,16,0.4,0.3,0.3,balanced
1781461598323.487,0.4,0.3,0.3,578.5243328100471,590.3333333333334,0.11570486656200941,685.1984126984127,829.2857142857142,0.04504325635079471,1.0,1.0,1.0,67,8,2.240205076469958,0,2.240205076469958,False,False,False,True,0,753,16,0.4,0.3,0.3,balanced
1781461601246.936,0.4,0.3,0.3,477.1240188383045,456.22222222222223,0.0954248037676609,560.8011204481792,731.8011204481793,0.036744571077263456,0.8304552590266876,0.7777777777777778,0.8304552590266876,68,8,2.199943284877763,0,2.199943284877763,False,False,False,True,0,754,16,0.4,0.3,0.3,balanced
1781461603871.1208,0.4,0.3,0.3,580.6875981161695,592.7777777777778,0.1161375196232339,684.2533803644914,846.7136978248088,0.04498021216574325,1.0,1.0,1.0,67,8,2.2400509285009833,1,2.2400509285009833,False,False,False,True,0,755,16,0.4,0.3,0.3,balanced
1781461610083.0059,0.4,0.3,0.3,581.4552590266875,593.6666666666666,0.1162910518053375,688.0437977660199,846.1081716637273,0.0452330752345577,0.9903005158107199,0.9920634920634921,0.9903005158107199,65,8,2.237003811450714,1,2.237003811450714,False,False,False,True,0,756,16,0.4,0.3,0.3,balanced
1781461612705.911,0.4,0.3,0.3,582.142857142857,594.6666666666666,0.1164285714285714,689.1784244562023,845.0837742504408,0.04530876747539708,1.0,1.0,1.0,64,8,2.2398359411859525,1,2.2398359411859525,False,False,False,True,0,757,16,0.4,0.3,0.3,balanced
1781461615330.033,0.4,0.3,0.3,583.0156985871271,595.6666666666666,0.11660313971742542,648.9851557907112,790.3968253968254,0.042627428671828636,1.0,1.0,1.0,61,8,2.2405705155114815,1,2.2405705155114815,False,False,False,True,0,758,16,0.4,0.3,0.3,balanced
1781461617947.602,0.4,0.3,0.3,586.5494505494505,600.0,0.1173098901098901,526.7584678695789,653.9601139601141,0.03447354688923141,1.0,1.0,1.0,59,8,2.2427339798892745,1,2.2427339798892745,False,False,False,True,0,759,16,0.4,0.3,0.3,balanced
1781461620569.662,0.4,0.3,0.3,584.3312401883829,597.1111111111111,0.11686624803767659,584.8251028806584,701.0479129923574,0.03834723835094452,1.0,1.0,1.0,61,8,2.2417493292796458,0,2.2417493292796458,False,False,False,True,0,760,16,0.4,0.3,0.3,balanced
1781461623191.859,0.4,0.3,0.3,585.0345368916796,598.4444444444445,0.11700690737833593,537.9585537918871,664.0167548500882,0.03522071739772429,1.0,1.0,1.0,59,8,2.2426310218293484,1,2.2426310218293484,False,False,False,True,0,761,16,0.4,0.3,0.3,balanced
1781461626014.714,0.4,0.3,0.3,497.8241758241758,539.2222222222222,0.09956483516483516,464.4724462365591,542.3958333333334,0.030318375332659048,0.8367346938775511,0.8888888888888888,0.8367346938775511,58,8,2.2020989614975335,1,2.2020989614975335,False,False,False,True,0,762,16,0.4,0.3,0.3,balanced
1781461628637.759,0.4,0.3,0.3,587.2794348508634,601.4444444444445,0.11745588697017267,547.3295120517342,665.9200470311582,0.03584586471325779,1.0,1.0,1.0,56,8,2.2422638857979535,1,2.2422638857979535,False,False,False,True,0,763,16,0.4,0.3,0.3,balanced
1781461631257.66,0.4,0.3,0.3,589.5039246467817,603.5555555555555,0.11790078492935634,519.1416813639037,638.7301587301587,0.03396542237250858,0.9958510876878224,0.9960317460317462,0.9958510876878224,55,8,2.2414053856228517,1,2.2414053856228517,False,False,False,True,0,764,16,0.4,0.3,0.3,balanced
1781461633876.038,0.4,0.3,0.3,592.4631083202511,606.7777777777778,0.11849262166405021,521.9966761633428,648.767014878126,0.03415588233244449,0.9940694226408511,0.9958847736625513,0.9940694226408511,53,8,2.240577013426902,1,2.240577013426902,False,False,False,True,0,765,16,0.4,0.3,0.3,balanced
1781461636498.564,0.4,0.3,0.3,592.1852433281005,607.6666666666666,0.11843704866562009,500.0379867046534,617.3836657169991,0.03269099310904959,1.0,1.0,1.0,52,8,2.242817882601037,1,2.242817882601037,False,False,False,True,0,766,16,0.4,0.3,0.3,balanced
1781461639314.196,0.4,0.3,0.3,506.67032967032964,548.8888888888889,0.10133406593406592,406.1075268817204,484.8530465949821,0.02642478498210276,0.8398744113029826,0.8888888888888888,0.8398744113029826,50,8,2.2035012615226375,1,2.2035012615226375,False,False,False,True,0,767,16,0.4,0.3,0.3,balanced
1781461645712.066,0.4,0.3,0.3,507.7912087912087,550.1111111111111,0.10155824175824174,362.7019115890084,427.6093189964157,0.023529146870514234,0.8398744113029826,0.8888888888888888,0.8398744113029826,49,8,2.204280282626444,1,2.204280282626444,False,False,False,True,0,768,16,0.4,0.3,0.3,balanced
1781461648429.0881,0.4,0.3,0.3,597.0408163265306,613.2222222222222,0.11940816326530612,503.45679012345676,655.8024691358025,0.032919065385153885,0.9614031288908135,0.9649698960043788,0.9614031288908135,47,8,2.2307819537455753,1,2.2307819537455753,False,False,False,True,0,769,16,0.4,0.3,0.3,balanced
1781461651053.2488,0.4,0.3,0.3,594.6153846153846,609.8888888888889,0.11892307692307692,489.75308641975306,605.4320987654321,0.03200487567843583,1.0,1.0,1.0,49,8,2.2428293065272387,0,2.2428293065272387,False,False,False,True,0,770,16,0.4,0.3,0.3,balanced
1781461653769.094,0.4,0.3,0.3,595.0926216640503,611.7777777777778,0.11901852433281006,486.48399014778323,598.7287903667215,0.0317867905368768,1.0,1.0,1.0,47,8,2.242856553105813,1,2.242856553105813,False,False,False,True,0,771,16,0.4,0.3,0.3,balanced
1781461656388.4321,0.4,0.3,0.3,597.9513343799058,614.1111111111111,0.11959026687598116,510.5128205128205,624.363722697056,0.03338978122166915,1.0,1.0,1.0,46,8,2.2421469588831067,1,2.2421469588831067,False,False,False,True,0,772,16,0.4,0.3,0.3,balanced
1781461659109.572,0.4,0.3,0.3,601.3061224489795,618.4444444444445,0.1202612244897959,470.20723104056435,561.0626102292769,0.030700949368950257,1.0,1.0,1.0,44,8,2.2426852253933967,1,2.2426852253933967,False,False,False,True,0,773,16,0.4,0.3,0.3,balanced
1781461661825.722,0.4,0.3,0.3,600.4458398744113,617.5555555555555,0.12008916797488225,401.1728395061728,478.75073486184596,0.026095586357983508,1.0,1.0,1.0,43,8,2.2441356569026523,1,2.2441356569026523,False,False,False,True,0,774,16,0.4,0.3,0.3,balanced
1781461664547.577,0.4,0.3,0.3,599.861852433281,617.4444444444445,0.1199723704866562,401.2470605526161,487.10611405055846,0.02610053772866018,1.0,1.0,1.0,44,8,2.2441808904867395,0,2.2441808904867395,False,False,False,True,0,775,16,0.4,0.3,0.3,balanced
1781461667273.456,0.4,0.3,0.3,598.2653061224489,614.8888888888889,0.11965306122448978,444.78174603174597,547.6587301587301,0.029004786259622814,1.0,1.0,1.0,46,8,2.243437339632317,0,2.243437339632317,False,False,False,True,0,776,16,0.4,0.3,0.3,balanced
1781461669998.788,0.4,0.3,0.3,599.1664050235478,616.8888888888889,0.11983328100470955,486.9760435038212,609.0446796002351,0.03181961597757313,1.0,1.0,1.0,44,8,2.2425208028048442,1,2.2425208028048442,False,False,False,True,0,777,16,0.4,0.3,0.3,balanced
1781461672719.9768,0.4,0.3,0.3,597.4018838304553,614.6666666666666,0.11948037676609106,454.2063492063492,559.0079365079365,0.02963351228861569,1.0,1.0,1.0,46,8,2.2433177956069787,0,2.2433177956069787,False,False,False,True,0,778,16,0.4,0.3,0.3,balanced
1781461675445.2778,0.4,0.3,0.3,599.5039246467817,617.6666666666666,0.11990078492935634,409.1820987654321,514.7251616696061,0.026629893179815352,1.0,1.0,1.0,44,8,2.244050718074313,1,2.244050718074313,False,False,False,True,0,779,16,0.4,0.3,0.3,balanced
1781461681757.3171,0.4,0.3,0.3,601.0879120879121,619.1111111111111,0.12021758241758242,429.1593180482069,528.641975308642,0.027962596267392056,0.9942812289751065,0.9960317460317462,0.9942812289751065,43,8,2.2418085568452812,1,2.2418085568452812,False,False,False,True,0,780,16,0.4,0.3,0.3,balanced
1781461684473.686,0.4,0.3,0.3,603.098901098901,622.2222222222222,0.1206197802197802,360.41593180482073,457.24132863021754,0.02337664655135562,1.0,1.0,1.0,41,8,2.244739093946681,1,2.244739093946681,False,False,False,True,0,781,16,0.4,0.3,0.3,balanced
1781461687196.327,0.4,0.3,0.3,606.2841444270016,625.6666666666666,0.12125682888540032,355.3299529688418,448.70811287477954,0.023037355101323667,0.9942812289751065,0.9960317460317462,0.9942812289751065,40,8,2.2428704306079745,1,2.2428704306079745,False,False,False,True,0,782,16,0.4,0.3,0.3,balanced
1781461690024.045,0.4,0.3,0.3,610.6200941915228,630.2222222222222,0.12212401883830455,393.71031746031747,487.77777777777777,0.025597752999354066,1.0,1.0,1.0,38,8,2.243471066564872,1,2.243471066564872,False,False,False,True,0,783,16,0.4,0.3,0.3,balanced
1781461692848.1392,0.4,0.3,0.3,612.978021978022,634.0,0.1225956043956044,357.9125615763546,450.61165845648605,0.023209643867668755,1.0,1.0,1.0,37,8,2.2439988650814575,1,2.2439988650814575,False,False,False,True,0,784,16,0.4,0.3,0.3,balanced
1781461695667.8618,0.4,0.3,0.3,615.4348508634223,637.4444444444445,0.12308697017268445,341.78845101258895,439.09414340448825,0.022133986058211406,1.0,1.0,1.0,35,8,2.244125016113463,1,2.244125016113463,False,False,False,True,0,785,16,0.4,0.3,0.3,balanced
1781461698486.768,0.4,0.3,0.3,616.6373626373627,639.8888888888889,0.12332747252747253,308.88888888888886,389.04761904761904,0.019939218738418203,1.0,1.0,1.0,34,8,2.2446872453674853,1,2.2446872453674853,False,False,False,True,0,786,16,0.4,0.3,0.3,balanced
1781461701308.165,0.4,0.3,0.3,620.5447409733124,645.0,0.12410894819466248,313.1106701940035,409.0241034685479,0.02022085858532378,1.0,1.0,1.0,32,8,2.244290163146538,1,2.244290163146538,False,False,False,True,0,787,16,0.4,0.3,0.3,balanced
1781461704126.953,0.4,0.3,0.3,621.0141287284144,645.1111111111111,0.1242028257456829,292.69988242210457,378.1407995296884,0.018859231649239798,1.0,1.0,1.0,32,8,2.244661100206955,2,2.244661100206955,False,False,False,True,0,788,16,0.4,0.3,0.3,balanced
1781461706947.8928,0.4,0.3,0.3,616.4505494505494,639.4444444444445,0.12329010989010987,330.66502463054184,412.0142309797482,0.021391929595099522,1.0,1.0,1.0,34,8,2.244266377165426,0,2.244266377165426,False,False,False,True,0,789,16,0.4,0.3,0.3,balanced
1781461709770.107,0.4,0.3,0.3,624.0125588697017,647.6666666666666,0.12480251177394035,297.38095238095235,358.61111111111114,0.019171511166174274,1.0,1.0,1.0,32,8,2.2443275419405717,1,2.2443275419405717,False,False,False,True,0,790,16,0.4,0.3,0.3,balanced
1781461716167.74,0.4,0.3,0.3,630.0455259026688,656.3333333333334,0.12600910518053376,241.54829738163068,303.4310134310134,0.0154468510594817,1.0,1.0,1.0,29,8,2.244962302609942,1,2.244962302609942,False,False,False,True,0,791,16,0.4,0.3,0.3,balanced
1781461718983.4521,0.4,0.3,0.3,633.0361067503924,660.4444444444445,0.12660722135007849,245.17710170487948,311.41828336272783,0.015688932735482285,1.0,1.0,1.0,28,8,2.244650431639324,1,2.244650431639324,False,False,False,True,0,792,16,0.4,0.3,0.3,balanced
1781461721800.8062,0.4,0.3,0.3,642.5321821036107,671.7777777777778,0.12850643642072213,234.2283950617284,296.9753086419753,0.014958532025465538,1.0,1.0,1.0,26,8,2.2441098658240715,1,2.2441098658240715,False,False,False,True,0,793,16,0.4,0.3,0.3,balanced
1781461724622.177,0.4,0.3,0.3,643.7723704866561,674.2222222222222,0.1287544740973312,214.03292181069958,267.4074074074074,0.0136112689666911,1.0,1.0,1.0,25,8,2.24441482967106,1,2.24441482967106,False,False,False,True,0,794,16,0.4,0.3,0.3,balanced
1781461727544.099,0.4,0.3,0.3,655.7472527472527,688.2222222222222,0.13114945054945054,201.41093474426805,253.5185185185185,0.012769241810825087,1.0,1.0,1.0,23,8,2.2437094472369723,1,2.2437094472369723,False,False,False,True,0,795,16,0.4,0.3,0.3,balanced
1781461730456.885,0.4,0.3,0.3,659.9058084772371,694.4444444444445,0.1319811616954474,184.64609053497944,234.50205761316874,0.011650839928951263,1.0,1.0,1.0,22,8,2.2437122833431355,1,2.2437122833431355,False,False,False,True,0,796,16,0.4,0.3,0.3,balanced
1781461733381.6782,0.4,0.3,0.3,671.2668759811615,709.3333333333334,0.13425337519623232,176.35802469135805,228.64197530864197,0.011097933601825087,1.0,1.0,1.0,20,8,2.2429692698409593,1,2.2429692698409593,False,False,False,True,0,797,16,0.4,0.3,0.3,balanced
1781461736405.926,0.4,0.3,0.3,677.6373626373626,717.4444444444445,0.13552747252747252,163.37301587301587,209.6031746031746,0.010231688850768236,1.0,1.0,1.0,19,8,2.2427195043337806,1,2.2427195043337806,False,False,False,True,0,798,16,0.4,0.3,0.3,balanced
1781461739429.906,0.4,0.3,0.3,693.2354788069074,737.5555555555555,0.13864709576138148,149.73251028806584,185.18518518518516,0.009321715162646153,1.0,1.0,1.0,17,8,2.2417446471466533,1,2.2417446471466533,False,False,False,True,0,799,16,0.4,0.3,0.3,balanced
1781461742547.3672,0.4,0.3,0.3,701.342229199372,748.3333333333334,0.1402684458398744,156.1111111111111,200.87301587301585,0.00974723890000741,1.0,1.0,1.0,16,8,2.240968449994048,1,2.240968449994048,False,False,False,True,0,800,16,0.4,0.3,0.3,balanced
1781461745767.8918,0.4,0.3,0.3,724.971742543171,778.7777777777778,0.14499434850863419,139.70238095238093,176.5079365079365,0.008652593792687187,1.0,1.0,1.0,14,8,2.2394064824587403,1,2.2394064824587403,False,False,False,True,0,801,16,0.4,0.3,0.3,balanced
1781461752564.944,0.4,0.3,0.3,740.2998430141286,797.8888888888889,0.14805996860282572,122.42956631845519,155.82462804685028,0.007500304624313221,1.0,1.0,1.0,13,8,2.2385259211715756,1,2.2385259211715756,False,False,False,True,0,802,16,0.4,0.3,0.3,balanced
1781461755784.577,0.4,0.3,0.3,724.281004709576,778.4444444444445,0.1448562009419152,135.14550264550263,166.4153439153439,0.008348599242528528,1.0,1.0,1.0,14,8,2.2395529398504754,0,2.2395529398504754,False,False,False,True,0,803,16,0.4,0.3,0.3,balanced
1781461759003.1829,0.4,0.3,0.3,740.0863422291993,798.0,0.14801726844583987,105.2880658436214,129.54732510288065,0.006356775573290287,1.0,1.0,1.0,13,8,2.238886059949677,1,2.238886059949677,False,False,False,True,0,804,16,0.4,0.3,0.3,balanced
1781461762427.164,0.4,0.3,0.3,776.5729984301412,845.2222222222222,0.15531459968602823,101.22942386831275,128.76690182245738,0.006086018937178969,1.0,1.0,1.0,11,8,2.236048354444435,1,2.236048354444435,False,False,False,True,0,805,16,0.4,0.3,0.3,balanced
1781461766152.613,0.4,0.3,0.3,789.4725274725273,864.1111111111111,0.15789450549450545,203.0018115942029,268.51288244766505,0.012875371020293723,0.9078037170203068,0.9303464755077658,0.9078037170203068,10,8,2.2053207016022016,1,2.2053207016022016,False,False,False,True,0,806,16,0.4,0.3,0.3,balanced
1781461769582.511,0.4,0.3,0.3,775.0188383045524,843.1111111111111,0.15500376766091048,104.2094017094017,134.43969610636276,0.006284816658399047,1.0,1.0,1.0,11,8,2.236113047938116,0,2.236113047938116,False,False,False,True,0,807,16,0.4,0.3,0.3,balanced
1781461772807.589,0.4,0.3,0.3,739.3108320251176,797.6666666666666,0.14786216640502353,132.36071541627095,171.26780626780626,0.00816282290969119,1.0,1.0,1.0,13,8,2.238406286565083,0,2.238406286565083,False,False,False,True,0,808,16,0.4,0.3,0.3,balanced
1781461776027.901,0.4,0.3,0.3,724.4018838304552,778.6666666666666,0.14488037676609103,185.16460905349797,256.50205761316874,0.011685430890827082,1.0,1.0,1.0,14,8,2.2385422200263156,0,2.2385422200263156,False,False,False,True,0,809,16,0.4,0.3,0.3,balanced
1781461779146.45,0.4,0.3,0.3,701.1365777080061,748.6666666666666,0.14022731554160123,168.82241215574547,212.26812282367837,0.010595224293245194,1.0,1.0,1.0,16,8,2.2407305064953857,0,2.2407305064953857,False,False,False,True,0,810,16,0.4,0.3,0.3,balanced
1781461782269.197,0.4,0.3,0.3,690.2260596546312,735.2222222222222,0.13804521193092623,620.5357142857142,657.6190476190476,0.04072953397503097,1.0,1.0,1.0,17,8,2.2325630550351203,0,2.2325630550351203,False,False,False,True,0,811,16,0.4,0.3,0.3,balanced
1781461788873.6018,0.4,0.3,0.3,691.5039246467818,736.0,0.13830078492935635,163.64355808800252,208.2162076606521,0.01024973703055387,1.0,1.0,1.0,17,8,2.2416047649190913,2,2.2416047649190913,False,False,False,True,0,812,16,0.4,0.3,0.3,balanced
1781461791892.6858,0.4,0.3,0.3,675.2951334379904,714.8888888888889,0.1350590266875981,173.4340094062316,229.0108759553204,0.010902869206553143,1.0,1.0,1.0,19,8,2.2427055285629947,0,2.2427055285629947,False,False,False,True,0,813,16,0.4,0.3,0.3,balanced
1781461794815.905,0.4,0.3,0.3,668.2590266875981,706.2222222222222,0.1336518053375196,181.39522000633113,231.00823045267492,0.011433970647520423,1.0,1.0,1.0,20,8,2.243109086670736,0,2.243109086670736,False,False,False,True,0,814,16,0.4,0.3,0.3,balanced
1781461797737.112,0.4,0.3,0.3,659.5039246467818,694.1111111111111,0.13190078492935636,218.17901234567898,270.18812463256904,0.013887859395975916,1.0,1.0,1.0,22,8,2.243073328209465,0,2.243073328209465,False,False,False,True,0,815,16,0.4,0.3,0.3,balanced
1781461800752.7212,0.4,0.3,0.3,654.2794348508634,687.5555555555555,0.13085588697017267,3532.199644225506,3763.619321291735,0.23496995625253542,0.9941536296216099,0.9923371647509579,0.9941536296216099,23,8,2.175412747222653,0,2.175412747222653,False,False,False,True,0,816,16,0.4,0.3,0.3,balanced
1781461803675.883,0.4,0.3,0.3,643.9513343799058,674.1111111111111,0.12879026687598116,223.14381499726326,290.7991242474001,0.014219067044513893,1.0,1.0,1.0,25,8,2.2442181731362534,0,2.2442181731362534,False,False,False,True,0,817,16,0.4,0.3,0.3,balanced
1781461806501.895,0.4,0.3,0.3,640.7127158555729,670.0,0.1281425431711146,243.50902184235514,310.92750870528647,0.015577653224973658,1.0,1.0,1.0,26,8,2.244069686764062,0,2.244069686764062,False,False,False,True,0,818,16,0.4,0.3,0.3,balanced
1781461809524.2551,0.4,0.3,0.3,590.3956043956044,579.1111111111111,0.11807912087912088,291.8301971326165,383.8552867383512,0.018801213951475416,0.9419152276295133,0.8888888888888888,0.9419152276295133,28,8,2.229702555751763,0,2.229702555751763,False,False,False,True,0,819,16,0.4,0.3,0.3,balanced
1781461812347.0,0.4,0.3,0.3,628.5996860282575,655.1111111111111,0.1257199372056515,254.94855967078186,324.1651969429747,0.016340797843280977,1.0,1.0,1.0,29,8,2.244809785764755,0,2.244809785764755,False,False,False,True,0,820,16,0.4,0.3,0.3,balanced
1781461815171.855,0.4,0.3,0.3,632.6326530612245,659.7777777777778,0.1265265306122449,245.48206937095824,312.8747795414462,0.01570927747638147,1.0,1.0,1.0,28,8,2.2446766045121875,1,2.2446766045121875,False,False,False,True,0,821,16,0.4,0.3,0.3,balanced
1781461817994.561,0.4,0.3,0.3,630.3155416012559,656.6666666666666,0.12606310832025117,276.75631981187536,334.71928277483835,0.01779561839972484,1.0,1.0,1.0,29,8,2.244236071151982,0,2.244236071151982,False,False,False,True,0,822,16,0.4,0.3,0.3,balanced
1781461824390.42,0.4,0.3,0.3,622.3563579277863,645.8888888888889,0.12447127158555726,323.4053497942387,406.67107583774253,0.020907628405219394,1.0,1.0,1.0,32,8,2.2439392028442113,0,2.2439392028442113,False,False,False,True,0,823,16,0.4,0.3,0.3,balanced
1781461827213.006,0.4,0.3,0.3,631.065934065934,656.8888888888889,0.1262131868131868,278.52722380500154,342.4042418486863,0.017913757425283627,0.9940694226408512,0.9958847736625513,0.9940694226408512,29,8,2.2423614248393955,1,2.2423614248393955,False,False,False,True,0,824,16,0.4,0.3,0.3,balanced
1781461830038.342,0.4,0.3,0.3,620.6232339089481,644.6666666666666,0.12412464678178962,295.9611992945326,388.22016460905354,0.01907679781818096,1.0,1.0,1.0,32,8,2.24462710194183,0,2.24462710194183,False,False,False,True,0,825,16,0.4,0.3,0.3,balanced
1781461832862.447,0.4,0.3,0.3,617.1083202511774,639.2222222222222,0.12342166405023547,300.978835978836,382.8350970017637,0.019411530085312607,0.9979255438439112,0.9960317460317462,0.9979255438439112,34,8,2.2441855385074856,0,2.2441855385074856,False,False,False,True,0,826,16,0.4,0.3,0.3,balanced
1781461835588.97,0.4,0.3,0.3,614.61852433281,636.3333333333334,0.122923704866562,326.7339347894903,407.6274137385248,0.021129682107370935,1.0,1.0,1.0,35,8,2.244491613421164,0,2.244491613421164,False,False,False,True,0,827,16,0.4,0.3,0.3,balanced
1781461838315.949,0.4,0.3,0.3,610.0470957613815,631.0,0.1220094191522763,352.8600823045267,442.8395061728395,0.022872587211776298,1.0,1.0,1.0,37,8,2.2443344561755567,0,2.2443344561755567,False,False,False,True,0,828,16,0.4,0.3,0.3,balanced
1781461841136.706,0.4,0.3,0.3,610.6326530612243,630.7777777777778,0.12212653061224486,331.6967706622879,421.3847837985769,0.02146075854985243,1.0,1.0,1.0,38,8,2.244711160190146,0,2.244711160190146,False,False,False,True,0,829,16,0.4,0.3,0.3,balanced
1781461843865.218,0.4,0.3,0.3,605.3563579277865,624.8888888888889,0.12107127158555729,378.41563786008237,460.98765432098764,0.02457742747565593,1.0,1.0,1.0,40,8,2.24419826312308,0,2.24419826312308,False,False,False,True,0,830,16,0.4,0.3,0.3,balanced
1781461846791.83,0.4,0.3,0.3,605.2307692307692,623.3333333333334,0.12104615384615383,389.49675712578943,493.92421915002564,0.02531666158277448,0.9108522813591937,0.9371565113500596,0.9108522813591937,41,8,2.217242224394464,0,2.217242224394464,False,False,False,True,0,831,16,0.4,0.3,0.3,balanced
1781461849515.826,0.4,0.3,0.3,601.1946624803767,619.3333333333334,0.12023893249607534,439.48717948717945,532.7033871478316,0.028651579685602363,1.0,1.0,1.0,43,8,2.243308953095889,0,2.243308953095889,False,False,False,True,0,832,16,0.4,0.3,0.3,balanced
1781461852238.84,0.4,0.3,0.3,600.651491365777,617.8888888888889,0.1201302982731554,411.21766607877714,523.8609641387419,0.026765688197383397,0.9942812289751065,0.9960317460317462,0.9942812289751065,44,8,2.242202542924055,0,2.242202542924055,False,False,False,True,0,833,16,0.4,0.3,0.3,balanced
1781461854953.2148,0.4,0.3,0.3,596.1915227629513,613.2222222222222,0.11923830455259027,438.66447728516687,538.7835249042145,0.028596696283199923,1.0,1.0,1.0,46,8,2.2437256692940037,0,2.2437256692940037,False,False,False,True,0,834,16,0.4,0.3,0.3,balanced
1781461861258.101,0.4,0.3,0.3,595.5557299843014,612.5555555555555,0.11911114599686028,466.2041598248494,607.8749315818282,0.030433899921604363,1.0,1.0,1.0,47,8,2.2432253716247748,0,2.2432253716247748,False,False,False,True,0,835,16,0.4,0.3,0.3,balanced
1781461863984.326,0.4,0.3,0.3,594.0251177394034,609.8888888888889,0.11880502354788068,8752.79541446208,8523.606701940036,0.583241855534495,0.988450325185019,0.9920634920634921,0.988450325185019,49,8,2.074040531476005,0,2.074040531476005,False,False,False,True,0,836,16,0.4,0.3,0.3,balanced
1781461866801.486,0.4,0.3,0.3,506.5102040816326,548.4444444444445,0.10130204081632652,413.1099163679808,469.7586618876942,0.026891922372780576,0.8398744113029827,0.8888888888888888,0.8398744113029827,50,8,2.20337393035253,0,2.20337393035253,False,False,False,True,0,837,16,0.4,0.3,0.3,balanced
1781461869425.8188,0.4,0.3,0.3,589.4442700156985,604.2222222222222,0.1178888540031397,444.89078822412154,549.7499208610319,0.029012060588667215,0.9977324263038547,0.9958847736625513,0.9977324263038547,52,8,2.2434605681133,0,2.2434605681133,False,False,False,True,0,838,16,0.4,0.3,0.3,balanced
1781461872046.5952,0.4,0.3,0.3,592.0219780219778,607.3333333333334,0.11840439560439556,470.49382716049377,580.0000000000001,0.030720068523048285,1.0,1.0,1.0,53,8,2.2434222212013273,0,2.2434222212013273,False,False,False,True,0,839,16,0.4,0.3,0.3,balanced
1781461874666.776,0.4,0.3,0.3,590.7582417582416,605.3333333333334,0.11815164835164833,456.5155112377334,580.9924026590693,0.02978755912193018,1.0,1.0,1.0,53,8,2.243803072922762,2,2.243803072922762,False,False,False,True,0,840,16,0.4,0.3,0.3,balanced
1781461877291.488,0.4,0.3,0.3,588.3281004709576,602.7777777777778,0.11766562009419151,504.4650205761317,627.3251028806585,0.03298632558880131,1.0,1.0,1.0,55,8,2.243037854285683,0,2.243037854285683,False,False,False,True,0,841,16,0.4,0.3,0.3,balanced
1781461879916.3252,0.4,0.3,0.3,585.3579277864992,599.0,0.11707158555729984,537.782073893185,632.1099579432913,0.03520894422236057,1.0,1.0,1.0,56,8,2.242608682510372,0,2.242608682510372,False,False,False,True,0,842,16,0.4,0.3,0.3,balanced
1781461882537.953,0.4,0.3,0.3,585.8649921507064,599.2222222222222,0.11717299843014127,520.9149029982364,638.6816578483246,0.034083716010556125,1.0,1.0,1.0,58,8,2.2429056858247765,0,2.2429056858247765,False,False,False,True,0,843,16,0.4,0.3,0.3,balanced
1781461885159.54,0.4,0.3,0.3,584.25431711146,597.6666666666666,0.11685086342229199,595.8928571428571,698.2480893592005,0.039085580863432764,1.0,1.0,1.0,59,8,2.2415339803720533,0,2.2415339803720533,False,False,False,True,0,844,16,0.4,0.3,0.3,balanced
1781461887780.2761,0.4,0.3,0.3,582.6232339089481,596.0,0.11652464678178963,623.9660493827159,774.0152851263962,0.04095837554254276,1.0,1.0,1.0,61,8,2.2411026286245215,0,2.2411026286245215,False,False,False,True,0,845,16,0.4,0.3,0.3,balanced
1781461890400.722,0.4,0.3,0.3,579.87284144427,592.5555555555555,0.115974568288854,651.9326866549088,786.7034097589653,0.04282406181820606,1.0,1.0,1.0,64,8,2.2407629541389964,0,2.2407629541389964,False,False,False,True,0,846,16,0.4,0.3,0.3,balanced
1781461896609.684,0.4,0.3,0.3,581.3908948194662,593.7777777777778,0.11627817896389324,649.1931216931216,846.8121693121693,0.04264130231441772,1.0,1.0,1.0,65,8,2.2406963377201174,0,2.2406963377201174,False,False,False,True,0,847,16,0.4,0.3,0.3,balanced
1781461899226.516,0.4,0.3,0.3,582.5839874411304,595.0,0.11651679748822608,650.0194611688866,768.3654138539196,0.04269642836350144,1.0,1.0,1.0,64,8,2.240584352495659,1,2.240584352495659,False,False,False,True,0,848,16,0.4,0.3,0.3,balanced
1781461901851.472,0.4,0.3,0.3,583.3469387755101,595.8888888888889,0.11666938775510202,562.7204585537919,709.7045855379188,0.03687261231179399,1.0,1.0,1.0,61,8,2.242270461204421,1,2.242270461204421,False,False,False,True,0,849,16,0.4,0.3,0.3,balanced
1781461904475.6392,0.4,0.3,0.3,584.116169544741,596.2222222222222,0.11682323390894819,716.2095825984715,861.5828924162257,0.04711204687114553,0.9958718530147102,0.9958847736625516,0.9958718530147102,64,8,2.23789864827949,0,2.23789864827949,False,False,False,True,0,850,16,0.4,0.3,0.3,balanced
1781461907103.4219,0.4,0.3,0.3,583.1114599686027,595.4444444444445,0.11662229199372054,670.5989124044679,812.7660199882422,0.044069307031652294,0.9942812289751065,0.9960317460317462,0.9942812289751065,65,8,2.238414659785548,0,2.238414659785548,False,False,False,True,0,851,16,0.4,0.3,0.3,balanced
1781461909728.282,0.4,0.3,0.3,579.690737833595,591.5555555555555,0.115938147566719,699.6428571428571,813.2539682539683,0.04600686171733536,1.0,1.0,1.0,67,8,2.2398226824581116,0,2.2398226824581116,False,False,False,True,0,852,16,0.4,0.3,0.3,balanced
1781461912340.493,0.4,0.3,0.3,580.0926216640502,591.6666666666666,0.11601852433281003,657.6703612479475,797.5109469074987,0.04320682863562025,1.0,1.0,1.0,68,8,2.24063054167619,0,2.24063054167619,False,False,False,True,0,853,16,0.4,0.3,0.3,balanced
1781461914963.8691,0.4,0.3,0.3,578.8869701726843,590.8888888888889,0.11577739403453687,642.2345374931581,762.1907498631637,0.042177087224360116,1.0,1.0,1.0,67,8,2.2410359162188773,1,2.2410359162188773,False,False,False,True,0,854,16,0.4,0.3,0.3,balanced
1781461917589.254,0.4,0.3,0.3,583.8116169544741,596.0,0.11676232339089482,682.6388888888888,829.0873015873017,0.04487250759765769,1.0,1.0,1.0,65,8,2.2398333183643446,1,2.2398333183643446,False,False,False,True,0,855,16,0.4,0.3,0.3,balanced
1781461920205.4592,0.4,0.3,0.3,581.2967032967033,592.4444444444445,0.11625934065934065,705.5158730158729,857.3015873015873,0.04639865730592881,1.0,1.0,1.0,67,8,2.239576666544485,0,2.239576666544485,False,False,False,True,0,856,16,0.4,0.3,0.3,balanced
1781461922829.2998,0.4,0.3,0.3,581.2967032967033,593.3333333333334,0.11625934065934065,634.4246031746031,765.2380952380952,0.04165607759670468,1.0,1.0,1.0,65,8,2.2409994404572524,1,2.2409994404572524,False,False,False,True,0,857,16,0.4,0.3,0.3,balanced
1781461925442.002,0.4,0.3,0.3,582.9481946624803,595.4444444444445,0.11658963893249606,606.7842192219587,727.0833079932696,0.03981215605216536,0.9942812289751065,0.9960317460317462,0.9942812289751065,64,8,2.239704866303884,1,2.239704866303884,False,False,False,True,0,858,16,0.4,0.3,0.3,balanced
1781461933238.779,0.4,0.3,0.3,227.92778649921505,267.1111111111111,0.04558555729984301,230.9744990892532,264.55373406193075,0.014741460913225696,0.38775510204081626,0.4444444444444444,0.38775510204081626,65,8,2.0936698694183398,0,2.0936698694183398,False,False,False,True,0,859,16,0.4,0.3,0.3,balanced
1781461935857.927,0.4,0.3,0.3,581.9372056514912,593.8888888888889,0.11638744113029825,662.6278659611993,806.2713109935332,0.04353754943036686,1.0,1.0,1.0,64,8,2.2403837587187705,1,2.2403837587187705,False,False,False,True,0,860,16,0.4,0.3,0.3,balanced
1781461938480.747,0.4,0.3,0.3,582.6593406593406,596.1111111111111,0.11653186813186812,526.8151087595531,640.3292181069959,0.03447732546761528,1.0,1.0,1.0,61,8,2.243044055106968,1,2.243044055106968,False,False,False,True,0,861,16,0.4,0.3,0.3,balanced
1781461941104.182,0.4,0.3,0.3,586.9529042386185,600.0,0.1173905808477237,519.13139329806,642.9703115814226,0.03396473604389993,1.0,1.0,1.0,59,8,2.2428543468477407,1,2.2428543468477407,False,False,False,True,0,862,16,0.4,0.3,0.3,balanced
1781461943727.0159,0.4,0.3,0.3,585.0612244897959,599.0,0.11701224489795918,506.275720164609,622.962962962963,0.03310711942392322,1.0,1.0,1.0,58,8,2.2432629662136394,1,2.2432629662136394,False,False,False,True,0,863,16,0.4,0.3,0.3,balanced
1781461946350.1812,0.4,0.3,0.3,588.3359497645212,602.1111111111111,0.11766718995290423,482.63888888888886,596.8004115226336,0.031530279445556295,1.0,1.0,1.0,56,8,2.2434740401851716,1,2.2434740401851716,False,False,False,True,0,864,16,0.4,0.3,0.3,balanced
1781461948972.193,0.4,0.3,0.3,587.7660910518052,602.7777777777778,0.11755321821036105,453.22163433274545,571.710758377425,0.029567820836073747,1.0,1.0,1.0,55,8,2.2441083664650336,1,2.2441083664650336,False,False,False,True,0,865,16,0.4,0.3,0.3,balanced
1781461951584.055,0.4,0.3,0.3,592.5871271585556,607.3333333333334,0.11851742543171112,1192.2117442228553,1440.719784742007,0.0788666940775754,0.9938413235116531,0.9957264957264957,0.9938413235116531,53,8,2.227085418657539,1,2.227085418657539,False,False,False,True,0,866,16,0.4,0.3,0.3,balanced
1781461954205.6301,0.4,0.3,0.3,593.1773940345369,608.2222222222222,0.11863547880690738,554.9794238683127,667.4897119341564,0.036356199057259016,1.0,1.0,1.0,52,8,2.2416389487600594,1,2.2416389487600594,False,False,False,True,0,867,16,0.4,0.3,0.3,balanced
1781461956827.627,0.4,0.3,0.3,593.9890109890109,609.6666666666666,0.11879780219780219,520.432098765432,640.2057613168724,0.03405150758942175,1.0,1.0,1.0,50,8,2.2422654268440527,1,2.2422654268440527,False,False,False,True,0,868,16,0.4,0.3,0.3,balanced
1781461959440.254,0.4,0.3,0.3,593.1302982731554,607.5555555555555,0.11862605965463108,505.6584362139917,640.5761316872428,0.03306593970740438,1.0,1.0,1.0,52,8,2.2426297942259263,0,2.2426297942259263,False,False,False,True,0,869,16,0.4,0.3,0.3,balanced
1781461962061.1218,0.4,0.3,0.3,594.0926216640502,610.3333333333334,0.11881852433281004,498.3744855967078,627.2427983539095,0.03258001905248217,1.0,1.0,1.0,50,8,2.2426985845511314,1,2.2426985845511314,False,False,False,True,0,870,16,0.4,0.3,0.3,balanced
1781461968276.279,0.4,0.3,0.3,590.9795918367347,605.5555555555555,0.11819591836734694,477.14873603762493,574.3268665490888,0.03116402508589893,1.0,1.0,1.0,52,8,2.2433724251272915,0,2.2433724251272915,False,False,False,True,0,871,16,0.4,0.3,0.3,balanced
1781461970900.382,0.4,0.3,0.3,591.894819466248,607.7777777777778,0.1183789638932496,466.25989237100345,550.2152579930357,0.030437617903335788,0.9940694226408511,0.9958847736625513,0.9940694226408511,50,8,2.2417379558639547,1,2.2417379558639547,False,False,False,True,0,872,16,0.4,0.3,0.3,balanced
1781461973522.4,0.4,0.3,0.3,593.087912087912,608.4444444444445,0.11861758241758238,448.66334283000947,564.3827160493827,0.0292637320100073,1.0,1.0,1.0,49,8,2.243773847429965,1,2.243773847429965,False,False,False,True,0,873,16,0.4,0.3,0.3,balanced
1781461976735.786,0.4,0.3,0.3,519.4740973312402,539.0,0.10389481946624803,712.3283469993996,1026.3319406740459,0.04685312521677116,0.7151696437410723,0.7848682015348682,0.7151696437410723,47,8,2.158937027770791,1,2.158937027770791,False,False,False,True,0,874,16,0.4,0.3,0.3,balanced
1781461979456.534,0.4,0.3,0.3,595.7660910518053,613.2222222222222,0.11915321821036107,401.9506020799124,487.9091406677613,0.026147471786518505,0.9944784279759649,0.9961685823754789,0.9944784279759649,46,8,2.2428379995726893,1,2.2428379995726893,False,False,False,True,0,875,16,0.4,0.3,0.3,balanced
1781461982171.774,0.4,0.3,0.3,595.9607535321821,612.8888888888889,0.11919215070643643,429.79406130268194,542.7107279693486,0.02800494071398812,1.0,1.0,1.0,47,8,2.243921657503229,0,2.243921657503229,False,False,False,True,0,876,16,0.4,0.3,0.3,balanced
1781461984991.554,0.4,0.3,0.3,522.668759811617,538.5555555555555,0.1045337519623234,402.09677419354836,493.2258064516129,0.026157223094966535,0.8885400313971743,0.8888888888888888,0.8885400313971743,49,8,2.216901341705733,0,2.216901341705733,False,False,False,True,0,877,16,0.4,0.3,0.3,balanced
1781461987613.307,0.4,0.3,0.3,593.5400313971743,608.3333333333334,0.11870800627943486,520.761316872428,660.082304526749,0.034073470104898466,1.0,1.0,1.0,50,8,2.2422947564567566,0,2.2422947564567566,False,False,False,True,0,878,16,0.4,0.3,0.3,balanced
1781461990327.002,0.4,0.3,0.3,594.1601255886969,610.4444444444445,0.11883202511773938,486.42172961138476,586.9334975369459,0.0317826370654693,1.0,1.0,1.0,49,8,2.2429323988332635,1,2.2429323988332635,False,False,False,True,0,879,16,0.4,0.3,0.3,balanced
1781461993052.705,0.4,0.3,0.3,596.8414442700157,613.4444444444445,0.11936828885400314,432.6683087027914,529.5320197044334,0.028196685036877348,1.0,1.0,1.0,47,8,2.2437936789473354,1,2.2437936789473354,False,False,False,True,0,880,16,0.4,0.3,0.3,balanced
1781461995777.57,0.4,0.3,0.3,597.2574568288854,614.7777777777778,0.11945149136577708,438.3928571428571,523.9285714285713,0.028578576193652908,1.0,1.0,1.0,46,8,2.243645830595593,1,2.243645830595593,False,False,False,True,0,881,16,0.4,0.3,0.3,balanced
1781462002381.316,0.4,0.3,0.3,526.9984301412873,545.4444444444445,0.10539968602825746,380.65639589168995,442.4855275443511,0.02472691100011274,0.8885400313971743,0.8888888888888888,0.8885400313971743,44,8,2.2169840617078154,1,2.2169840617078154,False,False,False,True,0,882,16,0.4,0.3,0.3,balanced
1781462005098.276,0.4,0.3,0.3,602.7174254317111,621.1111111111111,0.12054348508634223,419.1351943076081,521.4846743295019,0.02729387553753223,1.0,1.0,1.0,43,8,2.2435944433042034,1,2.2435944433042034,False,False,False,True,0,883,16,0.4,0.3,0.3,balanced
1781462007827.034,0.4,0.3,0.3,603.0690737833595,621.7777777777778,0.1206138147566719,396.4770723104057,485.5232216343328,0.025782326371608117,1.0,1.0,1.0,41,8,2.2440197761858487,1,2.2440197761858487,False,False,False,True,0,884,16,0.4,0.3,0.3,balanced
1781462010551.471,0.4,0.3,0.3,607.8414442700157,627.5555555555555,0.12156828885400314,406.88492063492055,504.9603174603174,0.026476645806198837,1.0,1.0,1.0,40,8,2.243429690716539,1,2.243429690716539,False,False,False,True,0,885,16,0.4,0.3,0.3,balanced
1781462013270.9192,0.4,0.3,0.3,610.5729984301413,630.6666666666666,0.12211459968602827,400.8009994121105,492.0311581422693,0.026070780481128118,1.0,1.0,1.0,38,8,2.2433329259812504,1,2.2433329259812504,False,False,False,True,0,886,16,0.4,0.3,0.3,balanced
1781462015988.111,0.4,0.3,0.3,613.1177394034537,633.6666666666666,0.12262354788069074,390.216784244562,482.95561434450326,0.025364695413246298,1.0,1.0,1.0,37,8,2.24334117222375,1,2.24334117222375,False,False,False,True,0,887,16,0.4,0.3,0.3,balanced
1781462018805.0388,0.4,0.3,0.3,614.3924646781788,636.3333333333334,0.12287849293563577,360.3769841269841,457.6190476190476,0.023374048307337164,1.0,1.0,1.0,35,8,2.2438363883335444,1,2.2438363883335444,False,False,False,True,0,888,16,0.4,0.3,0.3,balanced
1781462021528.644,0.4,0.3,0.3,614.3610675039246,635.7777777777778,0.12287221350078492,332.875118708452,418.21937321937327,0.021539367492224952,1.0,1.0,1.0,35,8,2.2443893043520187,2,2.2443893043520187,False,False,False,True,0,889,16,0.4,0.3,0.3,balanced
1781462024354.284,0.4,0.3,0.3,617.3861852433281,640.0,0.12347723704866562,330.2380952380952,402.1237000547345,0.021363448648305215,1.0,1.0,1.0,34,8,2.244200070586042,1,2.244200070586042,False,False,False,True,0,890,16,0.4,0.3,0.3,balanced
1781462029980.412,0.4,0.3,0.3,123.83987441130299,232.66666666666666,0.024767974882260596,79.83539094650206,53.223593964334704,0.0046587985954971356,0.17739403453689168,0.3333333333333333,0.17739403453689168,32,8,2.0419133808295142,1,2.0419133808295142,False,False,False,True,0,891,16,0.4,0.3,0.3,balanced
1781462032705.678,0.4,0.3,0.3,617.8131868131867,641.0,0.12356263736263734,331.49414371636584,418.3792339347895,0.02144724107514115,0.9939531368102796,0.9958847736625513,0.9939531368102796,34,8,2.2423267137754865,0,2.2423267137754865,False,False,False,True,0,892,16,0.4,0.3,0.3,balanced
1781462039014.428,0.4,0.3,0.3,616.3736263736263,637.8888888888889,0.12327472527472526,282.6903292181069,356.43004115226336,0.018191482936498127,1.0,1.0,1.0,35,8,2.2452326650091603,0,2.2452326650091603,False,False,False,True,0,893,16,0.4,0.3,0.3,balanced
1781462041738.3389,0.4,0.3,0.3,617.9262166405023,640.3333333333334,0.12358524332810046,303.2383665716999,371.2535612535612,0.019562265948745824,1.0,1.0,1.0,34,8,2.244697222884136,1,2.244697222884136,False,False,False,True,0,894,16,0.4,0.3,0.3,balanced
1781462044560.2131,0.4,0.3,0.3,622.1287284144427,646.6666666666666,0.12442574568288853,254.9986316365627,317.36316365626715,0.01634413820123834,1.0,1.0,1.0,32,8,2.2453264602664733,1,2.2453264602664733,False,False,False,True,0,895,16,0.4,0.3,0.3,balanced
1781462047385.049,0.4,0.3,0.3,629.3343799058084,655.5555555555555,0.1258668759811617,240.10361552028218,296.6901822457378,0.015350474684475129,1.0,1.0,1.0,29,8,2.2450481072021926,1,2.2450481072021926,False,False,False,True,0,896,16,0.4,0.3,0.3,balanced
1781462050205.673,0.4,0.3,0.3,632.9670329670329,660.4444444444445,0.12659340659340657,224.2445620223398,276.64902998236334,0.014292499134245485,1.0,1.0,1.0,28,8,2.245074887622364,1,2.245074887622364,False,False,False,True,0,897,16,0.4,0.3,0.3,balanced
1781462053121.15,0.4,0.3,0.3,640.3563579277865,669.1111111111111,0.12807127158555728,227.4206349206349,284.44444444444446,0.01450437858042928,1.0,1.0,1.0,26,8,2.2444201777916484,1,2.2444201777916484,False,False,False,True,0,898,16,0.4,0.3,0.3,balanced
1781462055941.592,0.4,0.3,0.3,644.0612244897959,673.8888888888889,0.12881224489795917,206.02484963596072,265.2659069325736,0.013077041336621796,1.0,1.0,1.0,25,8,2.2445519896398296,1,2.2445519896398296,False,False,False,True,0,899,16,0.4,0.3,0.3,balanced
1781462058859.3088,0.4,0.3,0.3,652.342229199372,685.5555555555555,0.1304684458398744,197.3148148148148,249.37242798353913,0.012495984977639414,1.0,1.0,1.0,23,8,2.244063826170758,1,2.244063826170758,False,False,False,True,0,900,16,0.4,0.3,0.3,balanced
1781462061776.19,0.4,0.3,0.3,659.5384615384615,694.0,0.1319076923076923,195.42621987066428,241.0758377425044,0.012369994654480606,1.0,1.0,1.0,22,8,2.2435259246805788,1,2.2435259246805788,False,False,False,True,0,901,16,0.4,0.3,0.3,balanced
1781462064795.948,0.4,0.3,0.3,670.4945054945053,707.6666666666666,0.13409890109890107,164.0079365079365,209.68253968253967,0.010274045130616178,1.0,1.0,1.0,20,8,2.2432782260212547,1,2.2432782260212547,False,False,False,True,0,902,16,0.4,0.3,0.3,balanced
1781462067816.6511,0.4,0.3,0.3,675.9120879120878,715.6666666666666,0.13518241758241756,159.68768371546147,202.76308054085834,0.009985836138456402,1.0,1.0,1.0,19,8,2.242931282125496,1,2.242931282125496,False,False,False,True,0,903,16,0.4,0.3,0.3,balanced
1781462074412.059,0.4,0.3,0.3,691.9246467817896,736.5555555555555,0.13838492935635793,132.84742006964228,174.5346628679962,0.008195291532331039,1.0,1.0,1.0,17,8,2.2421874407977573,1,2.2421874407977573,False,False,False,True,0,904,16,0.4,0.3,0.3,balanced
1781462077529.024,0.4,0.3,0.3,702.3014128728414,749.2222222222222,0.14046028257456827,170.55555555555554,219.46502057613168,0.010710844266548069,1.0,1.0,1.0,16,8,2.2406026336902083,1,2.2406026336902083,False,False,False,True,0,905,16,0.4,0.3,0.3,balanced
1781462080546.154,0.4,0.3,0.3,692.9591836734694,736.7777777777778,0.13859183673469389,156.94998417220637,194.67078189300412,0.009803201078866336,1.0,1.0,1.0,17,8,2.2416223049824624,0,2.2416223049824624,False,False,False,True,0,906,16,0.4,0.3,0.3,balanced
1781462083669.002,0.4,0.3,0.3,701.9262166405023,749.3333333333334,0.14038524332810046,144.55246913580245,180.96413874191649,0.008976148708192291,1.0,1.0,1.0,16,8,2.241153058056302,1,2.241153058056302,False,False,False,True,0,907,16,0.4,0.3,0.3,balanced
1781462086888.154,0.4,0.3,0.3,723.9968602825745,777.6666666666666,0.1447993720565149,144.90593768371545,179.2019400352734,0.008999728998246527,1.0,1.0,1.0,14,8,2.23938033247792,1,2.23938033247792,False,False,False,True,0,908,16,0.4,0.3,0.3,balanced
1781462090210.775,0.4,0.3,0.3,738.7582417582418,796.4444444444445,0.14775164835164836,186.62771898883008,220.17342739564958,0.01178303662367112,1.0,1.0,1.0,13,8,2.2373644296722395,1,2.2373644296722395,False,False,False,True,0,909,16,0.4,0.3,0.3,balanced
1781462093625.0342,0.4,0.3,0.3,773.230769230769,841.4444444444445,0.15464615384615382,136.8885949441505,174.72663139329808,0.00846488291822218,1.0,1.0,1.0,11,8,2.235602073586072,1,2.235602073586072,False,False,False,True,0,910,16,0.4,0.3,0.3,balanced
1781462097939.387,0.4,0.3,0.3,783.756671899529,860.0,0.1567513343799058,375.20712953064213,469.2627700436625,0.024363384224859383,0.7014913196975495,0.7354945170734645,0.7014913196975495,10,8,2.140437846889845,1,2.140437846889845,False,False,False,True,0,911,16,0.4,0.3,0.3,balanced
1781462101363.846,0.4,0.3,0.3,772.2621664050235,840.6666666666666,0.15445243328100472,156.75688509021842,200.8420386198164,0.009790319218827113,1.0,1.0,1.0,11,8,2.23528193092195,0,2.23528193092195,False,False,False,True,0,912,16,0.4,0.3,0.3,balanced
1781462104884.478,0.4,0.3,0.3,795.557299843014,870.6666666666666,0.1591114599686028,128.91692669470447,157.59134898023788,0.007933083835537324,0.9940694226408512,0.9958847736625513,0.9940694226408512,10,8,2.232196317654153,1,2.232196317654153,False,False,False,True,0,913,16,0.4,0.3,0.3,balanced
1781462111895.967,0.4,0.3,0.3,775.2386185243328,842.5555555555555,0.15504772370486655,84.25338036449146,106.80776014109347,0.004953527709439057,1.0,1.0,1.0,11,8,2.2364948522052215,0,2.2364948522052215,False,False,False,True,0,914,16,0.4,0.3,0.3,balanced
1781462115209.399,0.4,0.3,0.3,740.4693877551019,798.0,0.14809387755102038,99.89271017048793,127.44415049970605,0.00599684524152688,1.0,1.0,1.0,13,8,2.2389633954071337,0,2.2389633954071337,False,False,False,True,0,915,16,0.4,0.3,0.3,balanced
1781462118432.911,0.4,0.3,0.3,725.0423861852432,779.2222222222222,0.14500847723704866,108.77057613168722,139.54438565549677,0.00658909780731736,1.0,1.0,1.0,14,8,2.2400198797629853,0,2.2400198797629853,False,False,False,True,0,916,16,0.4,0.3,0.3,balanced
1781462121546.725,0.4,0.3,0.3,702.6153846153845,749.6666666666666,0.14052307692307692,129.87286890064667,165.6466784244562,0.007996855830596842,1.0,1.0,1.0,16,8,2.2413917124815903,0,2.2413917124815903,False,False,False,True,0,917,16,0.4,0.3,0.3,balanced
1781462124567.779,0.4,0.3,0.3,693.2119309262166,737.6666666666666,0.13864238618524333,144.82510288065842,184.93510604621713,0.008994336416321443,1.0,1.0,1.0,17,8,2.241844744601006,0,2.241844744601006,False,False,False,True,0,918,16,0.4,0.3,0.3,balanced
1781462127585.211,0.4,0.3,0.3,677.065934065934,716.7777777777778,0.13541318681318681,165.85023515579073,205.6011169900059,0.010396946975036073,1.0,1.0,1.0,19,8,2.2427156411822144,0,2.2427156411822144,False,False,False,True,0,919,16,0.4,0.3,0.3,balanced
1781462130605.073,0.4,0.3,0.3,670.38147566719,708.4444444444445,0.134076295133438,170.4365079365079,210.23221634332745,0.010702902464076578,1.0,1.0,1.0,20,8,2.243158611207402,0,2.243158611207402,False,False,False,True,0,920,16,0.4,0.3,0.3,balanced
1781462133532.9968,0.4,0.3,0.3,657.0957613814755,691.6666666666666,0.1314191522762951,196.70781893004116,256.5020576131687,0.01245549158972923,1.0,1.0,1.0,22,8,2.243695691612563,0,2.243695691612563,False,False,False,True,0,921,16,0.4,0.3,0.3,balanced
1781462136453.834,0.4,0.3,0.3,654.1255886970173,687.2222222222222,0.13082511773940345,192.50367430922987,243.11875367430923,0.01217502830615276,1.0,1.0,1.0,23,8,2.2440174444123926,0,2.2440174444123926,False,False,False,True,0,922,16,0.4,0.3,0.3,balanced
1781462139382.366,0.4,0.3,0.3,658.3265306122449,692.6666666666666,0.13166530612244898,186.98265726043502,233.92563198118756,0.011806714960669448,0.9939531368102796,0.9958847736625513,0.9939531368102796,22,8,2.2419778041059035,1,2.2419778041059035,False,False,False,True,0,923,16,0.4,0.3,0.3,balanced
1781462145886.082,0.4,0.3,0.3,655.0549450549449,688.0,0.13101098901098898,206.56305114638445,257.336860670194,0.01311294537334119,1.0,1.0,1.0,23,8,2.243661720783602,0,2.243661720783602,False,False,False,True,0,924,16,0.4,0.3,0.3,balanced
1781462148711.578,0.4,0.3,0.3,645.4536891679749,675.1111111111111,0.12909073783359498,228.4140550807217,291.5352959797404,0.014570650772563157,1.0,1.0,1.0,25,8,2.243992509634793,0,2.243992509634793,False,False,False,True,0,925,16,0.4,0.3,0.3,balanced
1781462151628.236,0.4,0.3,0.3,640.0062794348509,669.4444444444445,0.12800125588697017,248.5515873015873,309.16666666666663,0.015914048519118564,1.0,1.0,1.0,26,8,2.2440252830894765,0,2.2440252830894765,False,False,False,True,0,926,16,0.4,0.3,0.3,balanced
1781462154454.161,0.4,0.3,0.3,631.8084772370487,659.0,0.12636169544740974,279.39447383891826,346.29335684891237,0.0179716126643708,1.0,1.0,1.0,28,8,2.244063838021725,0,2.244063838021725,False,False,False,True,0,927,16,0.4,0.3,0.3,balanced
1781462157272.9448,0.4,0.3,0.3,631.993720565149,658.1111111111111,0.12639874411302982,301.6181657848324,377.68518518518516,0.019454180505992822,1.0,1.0,1.0,29,8,2.24360424820299,0,2.24360424820299,False,False,False,True,0,928,16,0.4,0.3,0.3,balanced
1781462160093.515,0.4,0.3,0.3,623.2496075353217,647.3333333333334,0.12464992150706435,345.3395061728395,434.32686654908883,0.022370880998855203,1.0,1.0,1.0,32,8,2.2434287670975177,0,2.2434287670975177,False,False,False,True,0,929,16,0.4,0.3,0.3,balanced
1781462162910.753,0.4,0.3,0.3,616.9199372056514,639.0,0.12338398744113029,361.13095238095235,439.80158730158735,0.023424346389656594,1.0,1.0,1.0,34,8,2.243619101106651,0,2.243619101106651,False,False,False,True,0,930,16,0.4,0.3,0.3,balanced
1781462165629.7769,0.4,0.3,0.3,614.38147566719,636.4444444444445,0.122876295133438,377.03703703703707,472.05761316872423,0.024485459442097204,1.0,1.0,1.0,35,8,2.2435038441139956,0,2.2435038441139956,False,False,False,True,0,931,16,0.4,0.3,0.3,balanced
1781462168444.997,0.4,0.3,0.3,616.4521193092621,638.6666666666666,0.12329042386185242,344.9575807334428,434.6004378762999,0.02234540231710759,1.0,1.0,1.0,34,8,2.2439802097601267,1,2.2439802097601267,False,False,False,True,0,932,16,0.4,0.3,0.3,balanced
1781462171269.65,0.4,0.3,0.3,614.4646781789638,636.1111111111111,0.12289293563579276,351.4532019704433,441.84592227695674,0.02277873261977607,1.0,1.0,1.0,35,8,2.24400920595975,0,2.24400920595975,False,False,False,True,0,933,16,0.4,0.3,0.3,balanced
1781462173990.618,0.4,0.3,0.3,612.2354788069073,633.0,0.12244709576138145,403.8271604938271,510.6172839506173,0.02627265913901448,1.0,1.0,1.0,37,8,2.243139363953743,0,2.243139363953743,False,False,False,True,0,934,16,0.4,0.3,0.3,balanced
1781462176711.055,0.4,0.3,0.3,610.3343799058085,630.7777777777778,0.12206687598116171,352.80790711346265,456.80041152263374,0.022869106545261017,1.0,1.0,1.0,38,8,2.244312517643957,0,2.244312517643957,False,False,False,True,0,935,16,0.4,0.3,0.3,balanced
1781462183030.273,0.4,0.3,0.3,605.3437990580848,625.5555555555555,0.12106875981161695,384.80379188712516,478.7242798353909,0.02500358851815378,1.0,1.0,1.0,40,8,2.244071419519907,0,2.244071419519907,False,False,False,True,0,936,16,0.4,0.3,0.3,balanced
1781462185757.272,0.4,0.3,0.3,605.320251177394,624.2222222222222,0.1210640502354788,420.2182539682539,526.1904761904761,0.027366127683005597,1.0,1.0,1.0,41,8,2.243364541600907,0,2.243364541600907,False,False,False,True,0,937,16,0.4,0.3,0.3,balanced
1781462188476.561,0.4,0.3,0.3,602.8806907378336,621.5555555555555,0.12057613814756671,395.48596979152535,517.3608284719395,0.025716208791963,0.9940694226408512,0.9958847736625513,0.9940694226408512,43,8,2.2422755088956396,0,2.2422755088956396,False,False,False,True,0,938,16,0.4,0.3,0.3,balanced
1781462191201.3718,0.4,0.3,0.3,601.1444270015699,619.1111111111111,0.12022888540031397,435.10949441504994,549.3856554967666,0.028359539320550364,1.0,1.0,1.0,44,8,2.2434005840437092,0,2.2434005840437092,False,False,False,True,0,939,16,0.4,0.3,0.3,balanced
1781462195024.911,0.4,0.3,0.3,306.8226059654631,349.0,0.06136452119309262,237.02499055177626,277.8821806500378,0.015145096100852318,0.499215070643642,0.5555555555555556,0.499215070643642,46,8,2.1206751838856,0,2.1206751838856,False,False,False,True,0,940,16,0.4,0.3,0.3,balanced
1781462197744.73,0.4,0.3,0.3,598.7503924646782,615.0,0.11975007849293563,495.4645593869731,606.5243568691844,0.03238589455550188,1.0,1.0,1.0,47,8,2.242384200236175,0,2.242384200236175,False,False,False,True,0,941,16,0.4,0.3,0.3,balanced
1781462200463.6309,0.4,0.3,0.3,600.0376766091051,616.6666666666666,0.12000753532182103,481.6541740152851,609.0138154027043,0.03146458799301435,1.0,1.0,1.0,46,8,2.2425576094733675,1,2.2425576094733675,False,False,False,True,0,942,16,0.4,0.3,0.3,balanced
1781462203178.213,0.4,0.3,0.3,597.6985871271586,614.6666666666666,0.11953971742543172,480.2777777777777,610.0793650793652,0.03137276702987176,1.0,1.0,1.0,47,8,2.242772282920866,0,2.242772282920866,False,False,False,True,0,943,16,0.4,0.3,0.3,balanced
1781462205792.1392,0.4,0.3,0.3,594.6091051805337,610.4444444444445,0.11892182103610674,603.9854384298828,715.153529597974,0.03962544619278738,1.0,1.0,1.0,49,8,2.240543637727721,0,2.240543637727721,False,False,False,True,0,944,16,0.4,0.3,0.3,balanced
1781462208519.017,0.4,0.3,0.3,593.2260596546311,609.3333333333334,0.11864521193092621,6551.822057784701,6622.491743037721,0.43641241212706483,0.9941690962099126,0.9960317460317462,0.9941690962099126,50,8,2.119868920452484,0,2.119868920452484,False,False,False,True,0,945,16,0.4,0.3,0.3,balanced
1781462211143.765,0.4,0.3,0.3,592.0957613814755,607.3333333333334,0.11841915227629511,580.925925925926,710.4526748971193,0.03808711980826724,1.0,1.0,1.0,52,8,2.241206203147002,0,2.241206203147002,False,False,False,True,0,946,16,0.4,0.3,0.3,balanced
1781462217340.2852,0.4,0.3,0.3,592.1852433281003,608.1111111111111,0.11843704866562006,437.3615068059513,541.4308325419437,0.02850977363615419,1.0,1.0,1.0,50,8,2.244072248442906,1,2.244072248442906,False,False,False,True,0,947,16,0.4,0.3,0.3,balanced
1781462219959.686,0.4,0.3,0.3,591.6483516483515,606.5555555555555,0.1183296703296703,455.08230452674906,557.8189300411522,0.0296919482672948,1.0,1.0,1.0,52,8,2.2437605473879434,0,2.2437605473879434,False,False,False,True,0,948,16,0.4,0.3,0.3,balanced
1781462222677.1628,0.4,0.3,0.3,594.2558869701727,610.6666666666666,0.11885117739403454,509.86658456486043,601.4189928845101,0.03334667008438028,1.0,1.0,1.0,50,8,2.242455528017072,1,2.242455528017072,False,False,False,True,0,949,16,0.4,0.3,0.3,balanced
1781462225403.385,0.4,0.3,0.3,595.4301412872841,611.4444444444445,0.11908602825745682,449.16119321291734,562.116858237548,0.02929694417697914,1.0,1.0,1.0,49,8,2.2435765054439236,1,2.2435765054439236,False,False,False,True,0,950,16,0.4,0.3,0.3,balanced
1781462228130.465,0.4,0.3,0.3,593.1773940345367,608.8888888888889,0.11863547880690735,447.7442528735632,552.2632731253422,0.029202418470551248,1.0,1.0,1.0,50,8,2.2437850829360717,0,2.2437850829360717,False,False,False,True,0,951,16,0.4,0.3,0.3,balanced
1781462230750.4321,0.4,0.3,0.3,592.6703296703297,607.7777777777778,0.11853406593406594,484.3415637860082,598.9711934156379,0.0316438668302874,1.0,1.0,1.0,52,8,2.2430932135772874,0,2.2430932135772874,False,False,False,True,0,952,16,0.4,0.3,0.3,balanced
1781462233366.904,0.4,0.3,0.3,591.0518053375196,605.4444444444445,0.11821036106750392,481.20370370370364,605.5761316872428,0.03143453660465001,1.0,1.0,1.0,53,8,2.2432854945916034,0,2.2432854945916034,False,False,False,True,0,953,16,0.4,0.3,0.3,balanced
1781462235983.761,0.4,0.3,0.3,591.1083202511774,605.5555555555555,0.11822166405023547,484.54257676479904,623.3713200379867,0.03165727663541021,1.0,1.0,1.0,53,8,2.243214151389283,2,2.243214151389283,False,False,False,True,0,954,16,0.4,0.3,0.3,balanced
1781462238608.706,0.4,0.3,0.3,591.0706436420721,605.0,0.11821412872841443,513.0864197530863,630.6995884773663,0.033561468962847646,1.0,1.0,1.0,55,8,2.24264590781978,0,2.24264590781978,False,False,False,True,0,955,16,0.4,0.3,0.3,balanced
1781462241231.177,0.4,0.3,0.3,592.5102040816327,607.3333333333334,0.11850204081632654,471.13021751910634,584.6075837742504,0.030762522849840317,1.0,1.0,1.0,53,8,2.243370426818517,1,2.243370426818517,False,False,False,True,0,956,16,0.4,0.3,0.3,balanced
1781462243954.737,0.4,0.3,0.3,591.2590266875982,605.0,0.11825180533751964,826.0982383587746,914.3385229783697,0.054442844453554004,0.9960192868356132,0.9960317460317462,0.9960192868356132,55,8,2.23517221057961,0,2.23517221057961,False,False,False,True,0,957,16,0.4,0.3,0.3,balanced
1781462246580.442,0.4,0.3,0.3,590.5949764521192,604.1111111111111,0.11811899529042384,550.3086419753085,684.8559670781892,0.03604460586893319,1.0,1.0,1.0,56,8,2.2419390201231506,0,2.2419390201231506,False,False,False,True,0,958,16,0.4,0.3,0.3,balanced
1781462249201.7861,0.4,0.3,0.3,589.408163265306,603.7777777777778,0.1178816326530612,570.5149120426897,723.9604531271198,0.037392589195643075,0.9939531368102796,0.9958847736625513,0.9939531368102796,56,8,2.2398155112231666,2,2.2398155112231666,False,False,False,True,0,959,16,0.4,0.3,0.3,balanced
1781462255407.8792,0.4,0.3,0.3,588.7378335949765,602.0,0.11774756671899529,577.7002215891105,721.772712883824,0.037871929392202165,1.0,1.0,1.0,58,8,2.2415393944947413,0,2.2415393944947413,False,False,False,True,0,960,16,0.4,0.3,0.3,balanced
1781462258031.398,0.4,0.3,0.3,587.2511773940345,600.4444444444445,0.1174502354788069,630.4504703115814,782.4882422104645,0.04139095865987868,1.0,1.0,1.0,59,8,2.2406026182105134,0,2.2406026182105134,False,False,False,True,0,961,16,0.4,0.3,0.3,balanced
1781462260657.6182,0.4,0.3,0.3,586.7080062794348,599.2222222222222,0.11734160125588697,613.1672545561435,779.4444444444445,0.040237975620823443,1.0,1.0,1.0,61,8,2.2409919668113982,0,2.2409919668113982,False,False,False,True,0,962,16,0.4,0.3,0.3,balanced
1781462263281.827,0.4,0.3,0.3,582.4960753532182,594.8888888888889,0.11649921507064365,628.4053497942386,781.6990005878895,0.041254526337174025,1.0,1.0,1.0,64,8,2.2410239560705905,0,2.2410239560705905,False,False,False,True,0,963,16,0.4,0.3,0.3,balanced
1781462265898.7861,0.4,0.3,0.3,584.4866562009419,596.4444444444445,0.11689733124018838,616.8062904174014,782.3045267489712,0.04048073985439636,1.0,1.0,1.0,65,8,2.241096845547606,0,2.241096845547606,False,False,False,True,0,964,16,0.4,0.3,0.3,balanced
1781462268519.918,0.4,0.3,0.3,579.596546310832,591.4444444444445,0.1159193092621664,657.5984714873605,792.935038212816,0.04320203278768249,1.0,1.0,1.0,67,8,2.240671666458829,0,2.240671666458829,False,False,False,True,0,965,16,0.4,0.3,0.3,balanced
1781462271141.9648,0.4,0.3,0.3,580.9403453689167,592.0,0.11618806907378335,538.5868606701939,693.1363903586125,0.03526263246632381,1.0,1.0,1.0,68,8,2.2429459826305895,0,2.2429459826305895,False,False,False,True,0,966,16,0.4,0.3,0.3,balanced
1781462273763.354,0.4,0.3,0.3,582.7252747252747,594.5555555555555,0.11654505494505495,709.5032333921222,854.9500293944737,0.04666465866525165,1.0,1.0,1.0,67,8,2.2393825804224026,1,2.2393825804224026,False,False,False,True,0,967,16,0.4,0.3,0.3,balanced
1781462276386.554,0.4,0.3,0.3,583.6373626373626,595.1111111111111,0.11672747252747251,642.9761904761905,819.3518518518517,0.042226563740906636,1.0,1.0,1.0,65,8,2.240641041866739,1,2.240641041866739,False,False,False,True,0,968,16,0.4,0.3,0.3,balanced
1781462279008.031,0.4,0.3,0.3,583.9544740973312,596.1111111111111,0.11679089481946624,726.1890064667842,875.9641387419165,0.04777778562153331,1.0,1.0,1.0,64,8,2.2389503063857537,1,2.2389503063857537,False,False,False,True,0,969,16,0.4,0.3,0.3,balanced
1781462281629.426,0.4,0.3,0.3,583.8759811616954,597.6666666666666,0.11677519623233909,630.8619929453262,762.7116402116403,0.041418411804224564,1.0,1.0,1.0,61,8,2.240864397965797,1,2.240864397965797,False,False,False,True,0,970,16,0.4,0.3,0.3,balanced
1781462284253.353,0.4,0.3,0.3,588.087912087912,601.4444444444445,0.11761758241758238,578.5648148148148,723.1055261610818,0.037929607392582707,1.0,1.0,1.0,59,8,2.241574084815192,1,2.241574084815192,False,False,False,True,0,971,16,0.4,0.3,0.3,balanced
1781462290463.268,0.4,0.3,0.3,585.7927786499215,598.8888888888889,0.1171585557299843,587.3243680188125,752.6499118165785,0.03851396717937375,1.0,1.0,1.0,61,8,2.2415823875541943,0,2.2415823875541943,False,False,False,True,0,972,16,0.4,0.3,0.3,balanced
1781462293086.439,0.4,0.3,0.3,587.2967032967032,601.0,0.11745934065934063,573.068783068783,716.601998824221,0.037562960845148964,0.9941690962099126,0.9960317460317462,0.9941690962099126,59,8,2.239998104345693,1,2.239998104345693,False,False,False,True,0,973,16,0.4,0.3,0.3,balanced
1781462295709.352,0.4,0.3,0.3,589.7441130298273,603.4444444444445,0.11794882260596547,563.5523221634332,688.810880477547,0.03692810688215031,0.9939531368102796,0.9958847736625513,0.9939531368102796,58,8,2.2399279799360525,1,2.2399279799360525,False,False,False,True,0,974,16,0.4,0.3,0.3,balanced
1781462298428.984,0.4,0.3,0.3,589.4992150706436,603.6666666666666,0.11789984301412872,562.4322660098522,685.5788177339901,0.036853386658429105,1.0,1.0,1.0,56,8,2.2417840467968198,1,2.2417840467968198,False,False,False,True,0,975,16,0.4,0.3,0.3,balanced
1781462301044.846,0.4,0.3,0.3,589.684458398744,604.0,0.1179368916797488,1541.5343915343917,1700.032333921223,0.10217040637320825,1.0,1.0,1.0,55,8,2.222174121416138,1,2.222174121416138,False,False,False,True,0,976,16,0.4,0.3,0.3,balanced
1781462303665.509,0.4,0.3,0.3,590.6263736263735,605.3333333333334,0.1181252747252747,490.4320987654321,576.2139917695473,0.032050173366606545,1.0,1.0,1.0,53,8,2.243134838099908,1,2.243134838099908,False,False,False,True,0,977,16,0.4,0.3,0.3,balanced
1781462306287.3708,0.4,0.3,0.3,591.0078492935636,604.6666666666666,0.11820156985871272,540.7569077013521,651.600529100529,0.035407398779276324,1.0,1.0,1.0,55,8,2.242097152422732,0,2.242097152422732,False,False,False,True,0,978,16,0.4,0.3,0.3,balanced
1781462308900.732,0.4,0.3,0.3,592.2558869701727,606.7777777777778,0.11845117739403455,560.1014109347443,665.2880658436214,0.03669789265742123,1.0,1.0,1.0,53,8,2.24161016124516,1,2.24161016124516,False,False,False,True,0,979,16,0.4,0.3,0.3,balanced
1781462311625.1099,0.4,0.3,0.3,593.2433281004709,608.3333333333334,0.11864866562009417,519.290503557745,639.2651888341543,0.033975350470830216,1.0,1.0,1.0,52,8,2.2423479286107133,1,2.2423479286107133,False,False,False,True,0,980,16,0.4,0.3,0.3,balanced
1781462314347.7212,0.4,0.3,0.3,593.552590266876,609.5555555555555,0.1187105180533752,454.9568712116605,563.1239230472946,0.02968358046775587,0.9942812289751065,0.9960317460317462,0.9942812289751065,50,8,2.241895087330855,1,2.241895087330855,False,False,False,True,0,981,16,0.4,0.3,0.3,balanced
1781462316973.2239,0.4,0.3,0.3,592.6546310832024,607.2222222222222,0.11853092621664048,473.361031972143,578.3602405824628,0.03091134302682742,1.0,1.0,1.0,52,8,2.2433142266052957,0,2.2433142266052957,False,False,False,True,0,982,16,0.4,0.3,0.3,balanced
1781462319593.8152,0.4,0.3,0.3,594.1255886970172,609.7777777777778,0.11882511773940344,501.5281734726179,622.9392212725547,0.03279040516828672,1.0,1.0,1.0,50,8,2.2426328313537525,1,2.2426328313537525,False,False,False,True,0,983,16,0.4,0.3,0.3,balanced
1781462325799.273,0.4,0.3,0.3,594.6766091051804,609.3333333333334,0.11893532182103608,517.951883507439,645.1313706869263,0.033886049600229416,1.0,1.0,1.0,52,8,2.2422600563915167,0,2.2422600563915167,False,False,False,True,0,984,16,0.4,0.3,0.3,balanced
1781462328419.95,0.4,0.3,0.3,594.8430141287284,610.4444444444445,0.11896860282574569,479.15637860082296,596.0493827160493,0.03129795721152922,1.0,1.0,1.0,50,8,2.243023171706243,1,2.243023171706243,False,False,False,True,0,985,16,0.4,0.3,0.3,balanced
1781462331139.0222,0.4,0.3,0.3,595.9073783359497,611.5555555555555,0.11918147566718994,461.4319923371648,589.5306513409962,0.030115543184600718,1.0,1.0,1.0,49,8,2.243292746777744,1,2.243292746777744,False,False,False,True,0,986,16,0.4,0.3,0.3,balanced
1781462333761.8152,0.4,0.3,0.3,598.4317111459968,615.0,0.11968634222919937,437.64165875276984,550.3482114593226,0.028528462892112732,1.0,1.0,1.0,47,8,2.2435669242406866,1,2.2435669242406866,False,False,False,True,0,987,16,0.4,0.3,0.3,balanced
1781462336487.641,0.4,0.3,0.3,597.8869701726844,615.2222222222222,0.11957739403453688,401.776135741653,512.887246852764,0.026135832938068912,1.0,1.0,1.0,46,8,2.2443282925047647,1,2.2443282925047647,False,False,False,True,0,988,16,0.4,0.3,0.3,balanced
1781462339210.708,0.4,0.3,0.3,601.3343799058084,619.2222222222222,0.12026687598116169,362.13844797178126,463.396531452087,0.023491557569831973,1.0,1.0,1.0,44,8,2.2448457823365855,1,2.2448457823365855,False,False,False,True,0,989,16,0.4,0.3,0.3,balanced
1781462341931.8572,0.4,0.3,0.3,603.1962323390894,620.4444444444445,0.12063924646781789,384.6516754850088,469.70164609053495,0.024993440659440213,1.0,1.0,1.0,43,8,2.244246269215041,1,2.244246269215041,False,False,False,True,0,990,16,0.4,0.3,0.3,balanced
1781462344656.482,0.4,0.3,0.3,604.9560439560439,624.0,0.12099120879120878,319.42460317460313,396.78571428571433,0.02064206825714497,1.0,1.0,1.0,41,8,2.245410896006373,1,2.245410896006373,False,False,False,True,0,991,16,0.4,0.3,0.3,balanced
1781462347374.4531,0.4,0.3,0.3,608.712715855573,628.3333333333334,0.1217425431711146,375.8722810111699,473.39359200470307,0.02440775723890393,1.0,1.0,1.0,40,8,2.243980655559883,1,2.243980655559883,False,False,False,True,0,992,16,0.4,0.3,0.3,balanced
1781462350088.116,0.4,0.3,0.3,609.4427001569859,629.3333333333334,0.12188854003139718,325.2270723104056,404.90593768371554,0.02102915759242199,1.0,1.0,1.0,38,8,2.2449358367097147,1,2.2449358367097147,False,False,False,True,0,993,16,0.4,0.3,0.3,balanced
1781462352912.993,0.4,0.3,0.3,612.5981161695447,633.0,0.12251962323390894,348.5091680350301,436.96360153256705,0.022582332757507012,1.0,1.0,1.0,37,8,2.244217450879184,1,2.244217450879184,False,False,False,True,0,994,16,0.4,0.3,0.3,balanced
1781462355938.626,0.4,0.3,0.3,613.3547880690737,634.8888888888889,0.12267095761381475,570.6956952056638,604.2499528879457,0.03740464944667537,0.9165082146917121,0.8928400383141764,0.9165082146917121,35,8,2.2146626865279853,1,2.2146626865279853,False,False,False,True,0,995,16,0.4,0.3,0.3,balanced
1781462362242.77,0.4,0.3,0.3,616.0596546310832,639.0,0.12321193092621663,332.1517885406774,410.1503640392529,0.021491113311586218,1.0,1.0,1.0,34,8,2.2442678936360374,1,2.2442678936360374,False,False,False,True,0,996,16,0.4,0.3,0.3,balanced
1781462368164.866,0.4,0.3,0.3,622.7660910518053,650.1111111111111,0.12455321821036107,1963.1451657003126,2402.4289150392087,0.13029654207473734,0.31612276838958697,0.39512780343948406,0.31612276838958697,35,8,2.0059265806103106,0,2.0059265806103106,False,False,False,True,0,997,16,0.4,0.3,0.3,balanced
1781462391697.471,0.4,0.3,0.3,617.5792778649922,640.1111111111111,0.12351585557299843,310.88081671415006,370.332383665717,0.020072102515953972,1.0,1.0,1.0,34,8,2.2445720270160145,1,2.2445720270160145,False,False,False,True,0,998,16,0.4,0.3,0.3,balanced
1781462418619.111,0.4,0.3,0.3,620.8116169544742,645.7777777777778,0.12416232339089484,293.16951566951565,365.1202912314023,0.018890561418913654,1.0,1.0,1.0,32,8,2.244667902217968,1,2.244667902217968,False,False,False,True,0,999,16,0.4,0.3,0.3,balanced
1781462445639.486,0.4,0.3,0.3,630.8414442700156,656.7777777777778,0.1261682888540031,306.06046217157325,385.2105096549541,0.019750531165548584,1.0,1.0,1.0,29,8,2.243607525108734,1,2.243607525108734,False,False,False,True,0,1000,16,0.4,0.3,0.3,balanced
1781462472751.911,0.4,0.3,0.3,633.2621664050235,660.7777777777778,0.1266524332810047,285.1574865463754,365.9654954099399,0.018356069816302563,0.9940694226408512,0.9958847736625513,0.9940694226408512,28,8,2.2420530325349626,1,2.2420530325349626,False,False,False,True,0,1001,16,0.4,0.3,0.3,balanced
1781462495988.8699,0.4,0.3,0.3,640.0627943485086,669.0,0.12801255886970173,230.74944602722377,292.4469768914213,0.014726447366726068,1.0,1.0,1.0,26,8,2.2443770422421014,1,2.2443770422421014,False,False,False,True,0,1002,16,0.4,0.3,0.3,balanced
1781462522718.7979,0.4,0.3,0.3,643.9215070643642,674.7777777777778,0.12878430141287284,264.8591326369104,326.4355808800253,0.01700194347144165,1.0,1.0,1.0,25,8,2.2433856963934184,1,2.2433856963934184,False,False,False,True,0,1003,16,0.4,0.3,0.3,balanced
1781462552145.3208,0.4,0.3,0.3,566.3971742543171,626.1111111111111,0.11327943485086342,195.51851851851856,217.51851851851853,0.012376152002569618,0.8398744113029827,0.8888888888888888,0.8398744113029827,23,8,2.2029377038497784,1,2.2029377038497784,False,False,False,True,0,1004,16,0.4,0.3,0.3,balanced
1781462578859.614,0.4,0.3,0.3,658.3500784929356,692.6666666666666,0.13167001569858713,218.64909781576446,277.3393478949035,0.013919219333940257,1.0,1.0,1.0,22,8,2.243156227920383,1,2.243156227920383,False,False,False,True,0,1005,16,0.4,0.3,0.3,balanced
1781462602394.765,0.4,0.3,0.3,669.0141287284143,707.8888888888889,0.13380282574568286,227.77777777777774,280.5761316872428,0.014528203987843746,1.0,1.0,1.0,20,8,2.242120408505374,1,2.242120408505374,False,False,False,True,0,1006,16,0.4,0.3,0.3,balanced
1781462635922.6128,0.4,0.3,0.3,501.5871271585557,596.2222222222222,0.10031742543171114,151.6858076563959,161.7861811391223,0.009452021858331947,0.6766091051805337,0.7777777777777778,0.6766091051805337,19,8,2.160020154823976,1,2.160020154823976,False,False,False,True,0,1007,16,0.4,0.3,0.3,balanced
1781462663143.283,0.4,0.3,0.3,694.0659340659341,738.6666666666666,0.13881318681318683,166.78854067742955,223.37132003798672,0.01045954240676648,1.0,1.0,1.0,17,8,2.2413368625526955,1,2.2413368625526955,False,False,False,True,0,1008,16,0.4,0.3,0.3,balanced
1781462690359.526,0.4,0.3,0.3,703.7205651491365,751.0,0.1407441130298273,133.17742956631847,178.28901551123772,0.008217306842316108,1.0,1.0,1.0,16,8,2.2412371627353744,1,2.2412371627353744,False,False,False,True,0,1009,16,0.4,0.3,0.3,balanced
1781462713794.225,0.4,0.3,0.3,726.7849293563579,780.5555555555555,0.14535698587127158,128.11490978157644,174.21652421652422,0.007879580372353331,1.0,1.0,1.0,14,8,2.2394933315397854,1,2.2394933315397854,False,False,False,True,0,1010,16,0.4,0.3,0.3,balanced
1781462740712.035,0.4,0.3,0.3,740.1883830455257,797.6666666666666,0.14803767660910513,112.67806267806267,151.21715732826843,0.0068497706923323996,1.0,1.0,1.0,13,8,2.238729998148658,1,2.238729998148658,False,False,False,True,0,1011,16,0.4,0.3,0.3,balanced
1781462767540.3472,0.4,0.3,0.3,775.8681318681319,845.0,0.15517362637362636,89.0289648622982,111.67458056346946,0.005272112399085937,1.0,1.0,1.0,11,8,2.2363489157308236,1,2.2363489157308236,False,False,False,True,0,1012,16,0.4,0.3,0.3,balanced
1781462797170.0461,0.4,0.3,0.3,711.6923076923076,812.6666666666666,0.14233846153846152,76.98148148148148,88.07407407407408,0.004468411039458405,0.8398744113029827,0.8888888888888888,0.8398744113029827,10,8,2.193686415463673,1,2.193686415463673,False,False,False,True,0,1013,16,0.4,0.3,0.3,balanced
1781462820705.7432,0.4,0.3,0.3,777.1742543171115,845.7777777777778,0.1554348508634223,83.41326369104145,106.49730927508705,0.0048974825677812845,1.0,1.0,1.0,11,8,2.2363568148842967,0,2.2363568148842967,False,False,False,True,0,1014,16,0.4,0.3,0.3,balanced
1781462847724.082,0.4,0.3,0.3,822.4935988620198,874.8888888888889,0.16449871977240396,90.58404558404558,101.329534662868,0.005375853608008378,1.0,1.0,1.0,10,8,2.232587756008636,1,2.232587756008636,False,False,False,True,0,1015,16,0.4,0.3,0.3,balanced
1781462875042.0872,0.4,0.3,0.3,775.9089481946623,844.2222222222222,0.15518178963893248,116.00981323203544,164.43178220955997,0.007072035572517375,1.0,1.0,1.0,11,8,2.235805673472672,0,2.235805673472672,False,False,False,True,0,1016,16,0.4,0.3,0.3,balanced
1781462902360.882,0.4,0.3,0.3,739.5416012558869,797.2222222222222,0.1479083202511774,130.36087369420704,182.20639442861665,0.008029411187071851,1.0,1.0,1.0,13,8,2.2384278485434077,0,2.2384278485434077,False,False,False,True,0,1017,16,0.4,0.3,0.3,balanced
1781462925993.208,0.4,0.3,0.3,726.1664050235478,780.7777777777778,0.14523328100470956,127.5815131370687,159.52200063311173,0.007843996873720394,0.9939531368102796,0.9958847736625513,0.9939531368102796,14,8,2.237739429579084,0,2.237739429579084,False,False,False,True,0,1018,16,0.4,0.3,0.3,balanced
1781462953216.653,0.4,0.3,0.3,702.5934065934066,750.6666666666666,0.1405186813186813,127.230136119025,173.95853118075343,0.007820556112009673,1.0,1.0,1.0,16,8,2.2414463606389248,0,2.2414463606389248,False,False,False,True,0,1019,16,0.4,0.3,0.3,balanced
1781462980330.4739,0.4,0.3,0.3,694.3218210361067,738.7777777777778,0.13886436420722134,147.18344412788858,200.39411206077872,0.009151664051226723,1.0,1.0,1.0,17,8,2.2417087551017434,0,2.2417087551017434,False,False,False,True,0,1020,16,0.4,0.3,0.3,balanced
1781463202341.8801,0.4,0.3,0.3,47.16483516483516,90.22222222222223,0.009432967032967032,12.701388888888888,8.467592592592592,0.00018021273441553619,0.057843756717497086,0.11065006915629322,0.057843756717497086,19,8,2.013525876381738,0,2.013525876381738,False,False,False,True,0,1021,16,0.4,0.3,0.3,balanced
1781463229557.556,0.4,0.3,0.3,677.8194662480377,717.8888888888889,0.13556389324960752,151.6611269389047,197.98512187401076,0.00945037537951332,1.0,1.0,1.0,19,8,2.242939330086303,2,2.242939330086303,False,False,False,True,0,1022,16,0.4,0.3,0.3,balanced
1781463256674.402,0.4,0.3,0.3,670.7864992150706,708.6666666666666,0.13415729984301414,182.14783159227602,225.12662234884456,0.01148417822496838,1.0,1.0,1.0,20,8,2.242891826595304,0,2.242891826595304,False,False,False,True,0,1023,16,0.4,0.3,0.3,balanced
1781463287015.84,0.4,0.3,0.3,671.7613814756671,710.8888888888889,0.13435227629513344,571.6546890171073,616.4101166202474,0.037468625017819036,0.8049973236047665,0.7834762187703364,0.8049973236047665,22,8,2.176517699058031,0,2.176517699058031,False,False,False,True,0,1024,16,0.4,0.3,0.3,balanced
1781463313828.136,0.4,0.3,0.3,654.0627943485086,687.1111111111111,0.13081255886970172,215.01187084520416,279.7799936688825,0.013676575773529296,1.0,1.0,1.0,23,8,2.2435720037200606,0,2.2435720037200606,False,False,False,True,0,1025,16,0.4,0.3,0.3,balanced
1781463340450.661,0.4,0.3,0.3,644.1868131868131,674.4444444444445,0.12883736263736262,235.30231085786642,296.2773029439696,0.015030174173306632,1.0,1.0,1.0,25,8,2.243956002693063,0,2.243956002693063,False,False,False,True,0,1026,16,0.4,0.3,0.3,balanced
1781463372671.25,0.4,0.3,0.3,645.0957613814757,674.2222222222222,0.12901915227629512,419.20097331862036,570.5815861698215,0.027298263730394953,0.7519684616458809,0.8144889757792984,0.7519684616458809,26,8,2.1657933984641278,0,2.1657933984641278,False,False,False,True,0,1027,16,0.4,0.3,0.3,balanced
1781463405592.4739,0.4,0.3,0.3,466.2182103610675,520.3333333333334,0.0932436420722135,206.44724556489263,238.7535014005602,0.013105219850893437,0.7284144427001569,0.7777777777777778,0.7284144427001569,28,8,2.177295310025894,0,2.177295310025894,False,False,False,True,0,1028,16,0.4,0.3,0.3,balanced
1781463428629.2988,0.4,0.3,0.3,630.4662480376766,657.0,0.12609324960753532,254.47926559037668,322.9740424184869,0.016309490699824996,1.0,1.0,1.0,29,8,2.2446698529470384,0,2.2446698529470384,False,False,False,True,0,1029,16,0.4,0.3,0.3,balanced
1781463455639.782,0.4,0.3,0.3,622.6169544740974,646.6666666666666,0.12452339089481948,315.2951883507439,386.1807534029756,0.020366590283571975,1.0,1.0,1.0,32,8,2.2440806665570006,0,2.2440806665570006,False,False,False,True,0,1030,16,0.4,0.3,0.3,balanced
1781463482570.3,0.4,0.3,0.3,617.5572998430141,640.2222222222222,0.12351145996860283,489.2212725546059,659.9905033238367,0.03196939776881961,1.0,1.0,1.0,34,8,2.241004596681913,0,2.241004596681913,False,False,False,True,0,1031,16,0.4,0.3,0.3,balanced
1781463509576.92,0.4,0.3,0.3,614.1365777080063,636.1111111111111,0.12282731554160126,310.125039569484,399.83855650522315,0.02002168376047258,1.0,1.0,1.0,35,8,2.2448625686552175,0,2.2448625686552175,False,False,False,True,0,1032,16,0.4,0.3,0.3,balanced
1781463533016.269,0.4,0.3,0.3,610.9403453689168,632.2222222222222,0.12218806907378336,356.0011079455523,434.0534979423868,0.023082128615447117,1.0,1.0,1.0,37,8,2.2442001337858524,0,2.2442001337858524,False,False,False,True,0,1033,16,0.4,0.3,0.3,balanced
1781463560047.078,0.4,0.3,0.3,607.6452119309263,628.3333333333334,0.12152904238618525,358.47499208610316,447.7492877492877,0.023247164248572594,1.0,1.0,1.0,38,8,2.244414233770954,0,2.244414233770954,False,False,False,True,0,1034,16,0.4,0.3,0.3,balanced
1781463587067.647,0.4,0.3,0.3,606.6546310832025,626.3333333333334,0.1213309262166405,418.23124406457737,493.8429882874328,0.02723357198562891,1.0,1.0,1.0,40,8,2.2432975579176553,0,2.2432975579176553,False,False,False,True,0,1035,16,0.4,0.3,0.3,balanced
1781463610205.04,0.4,0.3,0.3,603.5871271585557,623.5555555555555,0.12071742543171114,411.92386831275724,504.94301994302,0.026812799754019827,1.0,1.0,1.0,41,8,2.2436691899011096,0,2.2436691899011096,False,False,False,True,0,1036,16,0.4,0.3,0.3,balanced
1781463636913.334,0.4,0.3,0.3,602.1365777080061,620.5555555555555,0.12042731554160123,458.47340930674267,541.4988920544475,0.029918172735606582,1.0,1.0,1.0,43,8,2.2428536219626776,0,2.2428536219626776,False,False,False,True,0,1037,16,0.4,0.3,0.3,balanced
1781463663831.1519,0.4,0.3,0.3,602.0298273155416,619.5555555555555,0.12040596546310833,425.2532446976892,520.3133903133903,0.0277020176582848,1.0,1.0,1.0,44,8,2.243527008517271,0,2.243527008517271,False,False,False,True,0,1038,16,0.4,0.3,0.3,balanced
1781463690852.8381,0.4,0.3,0.3,597.513343799058,614.1111111111111,0.11950266875981161,462.52136752136744,559.406457739791,0.030188216645855064,1.0,1.0,1.0,46,8,2.243142467502319,0,2.243142467502319,False,False,False,True,0,1039,16,0.4,0.3,0.3,balanced
1781463714187.4841,0.4,0.3,0.3,600.0722135007849,617.8888888888889,0.12001444270015697,424.38825577714465,527.0892687559353,0.027644313260650078,1.0,1.0,1.0,44,8,2.2437009289417422,1,2.2437009289417422,False,False,False,True,0,1040,16,0.4,0.3,0.3,balanced
1781463741094.861,0.4,0.3,0.3,598.3437990580848,615.5555555555555,0.11966875981161695,411.05492244381134,504.59797404241846,0.026754831383843318,1.0,1.0,1.0,46,8,2.2441060466602,0,2.2441060466602,False,False,False,True,0,1041,16,0.4,0.3,0.3,balanced
1781463778733.154,0.4,0.3,0.3,346.0989010989011,420.8888888888889,0.06921978021978022,226.76388888888889,249.30555555555554,0.014460566303461566,0.5604395604395604,0.6666666666666666,0.5604395604395604,47,8,2.1361057861529176,0,2.1361057861529176,False,False,False,True,0,1042,16,0.4,0.3,0.3,balanced
1781463805343.6748,0.4,0.3,0.3,596.5918367346939,613.5555555555555,0.11931836734693878,435.8974358974359,538.6229819563154,0.028412103795692856,1.0,1.0,1.0,46,8,2.2437490219225165,1,2.2437490219225165,False,False,False,True,0,1043,16,0.4,0.3,0.3,balanced
1781463831968.1821,0.4,0.3,0.3,595.1130298273155,612.1111111111111,0.11902260596546309,471.48464704020256,566.343779677113,0.030786167247511844,1.0,1.0,1.0,47,8,2.243155107439561,0,2.243155107439561,False,False,False,True,0,1044,16,0.4,0.3,0.3,balanced
1781463855106.059,0.4,0.3,0.3,594.353218210361,609.5555555555555,0.1188706436420722,490.2477049699271,587.6543209876543,0.03203787224615925,1.0,1.0,1.0,49,8,2.2428403808693234,0,2.2428403808693234,False,False,False,True,0,1045,16,0.4,0.3,0.3,balanced
1781463881825.906,0.4,0.3,0.3,592.4505494505494,607.6666666666666,0.11849010989010987,494.8678379233935,602.7651155428935,0.0323460865859502,1.0,1.0,1.0,50,8,2.242900130068171,0,2.242900130068171,False,False,False,True,0,1046,16,0.4,0.3,0.3,balanced
1781463911148.0278,0.4,0.3,0.3,552.8963893249608,535.1111111111111,0.11057927786499215,521.9999999999999,658.8888888888889,0.03415610406937958,0.9419152276295133,0.8888888888888888,0.9419152276295133,52,8,2.228096025922043,0,2.228096025922043,False,False,False,True,0,1047,16,0.4,0.3,0.3,balanced
1781463937956.146,0.4,0.3,0.3,589.7739403453689,604.0,0.1179547880690738,592.5498575498575,723.5248496359607,0.038862565547021846,1.0,1.0,1.0,53,8,2.241159315108264,0,2.241159315108264,False,False,False,True,0,1048,16,0.4,0.3,0.3,balanced
1781463961390.961,0.4,0.3,0.3,587.5494505494505,602.0,0.1175098901098901,517.7287116176005,647.534029756252,0.03387116154887262,1.0,1.0,1.0,55,8,2.242834695491382,0,2.242834695491382,False,False,False,True,0,1049,16,0.4,0.3,0.3,balanced
1781463988314.17,0.4,0.3,0.3,588.2653061224488,602.6666666666666,0.11765306122448976,529.9398543842988,657.809433364989,0.03468578081282847,1.0,1.0,1.0,56,8,2.2425330412663556,0,2.2425330412663556,False,False,False,True,0,1050,16,0.4,0.3,0.3,balanced
1781464015227.582,0.4,0.3,0.3,586.4034536891679,599.7777777777778,0.11728069073783358,554.0930674264008,674.5014245014245,0.03629706920789865,1.0,1.0,1.0,58,8,2.242198602942497,0,2.242198602942497,False,False,False,True,0,1051,16,0.4,0.3,0.3,balanced
1781464038561.958,0.4,0.3,0.3,584.3500784929355,597.6666666666666,0.1168700156985871,578.2921810699588,704.6913580246913,0.03791141968445356,1.0,1.0,1.0,59,8,2.241878567815229,0,2.241878567815229,False,False,False,True,0,1052,16,0.4,0.3,0.3,balanced
1781464065585.133,0.4,0.3,0.3,583.8210361067504,597.4444444444445,0.11676420722135009,658.1893004115226,832.1193415637858,0.04324144765920764,1.0,1.0,1.0,61,8,2.2403218828136975,0,2.2403218828136975,False,False,False,True,0,1053,16,0.4,0.3,0.3,balanced
1781464092594.4631,0.4,0.3,0.3,582.4427001569859,594.8888888888889,0.11648854003139718,647.6440329218107,789.1152263374486,0.04253796083534427,1.0,1.0,1.0,64,8,2.240643195736838,0,2.240643195736838,False,False,False,True,0,1054,16,0.4,0.3,0.3,balanced
1781464119622.342,0.4,0.3,0.3,584.7315541601256,596.0,0.11694631083202511,4876.79249762583,5106.351693573916,0.3246692793612962,0.9940694226408512,0.9958847736625513,0.9940694226408512,65,8,2.1540415186510566,0,2.1540415186510566,False,False,False,True,0,1055,16,0.4,0.3,0.3,balanced
1781464142859.8188,0.4,0.3,0.3,582.778649921507,596.0,0.11655572998430141,619.974675530231,771.4529914529915,0.04069210643964183,1.0,1.0,1.0,64,8,2.2411700760743867,1,2.2411700760743867,False,False,False,True,0,1056,16,0.4,0.3,0.3,balanced
1781464169778.356,0.4,0.3,0.3,583.993720565149,596.0,0.1167987441130298,618.8271604938271,782.5925925925926,0.04061555440252349,1.0,1.0,1.0,65,8,2.241095836034031,0,2.241095836034031,False,False,False,True,0,1057,16,0.4,0.3,0.3,balanced
1781464196696.51,0.4,0.3,0.3,583.7064364207221,595.7777777777778,0.11674128728414442,680.6639759417536,825.0791389680279,0.04474075890205161,1.0,1.0,1.0,64,8,2.2398812574157265,1,2.2398812574157265,False,False,False,True,0,1058,16,0.4,0.3,0.3,balanced
1781464219932.762,0.4,0.3,0.3,583.4050235478807,595.8888888888889,0.11668100470957614,625.2833175055397,794.1057296612852,0.04104625200170378,1.0,1.0,1.0,65,8,2.2410137225156586,0,2.2410137225156586,False,False,False,True,0,1059,16,0.4,0.3,0.3,balanced
1781464246747.3892,0.4,0.3,0.3,581.5541601255886,593.5555555555555,0.11631083202511773,638.5691674580563,780.8056346945236,0.041932566208009094,1.0,1.0,1.0,65,8,2.24089589732755,2,2.24089589732755,False,False,False,True,0,1060,16,0.4,0.3,0.3,balanced
1781464273672.112,0.4,0.3,0.3,579.8697017268446,591.5555555555555,0.11597394034536893,692.4208610319721,831.2678062678062,0.04552507411821028,1.0,1.0,1.0,67,8,2.2399529016263893,0,2.2399529016263893,False,False,False,True,0,1061,16,0.4,0.3,0.3,balanced
1781464300685.4329,0.4,0.3,0.3,579.7189952904238,591.4444444444445,0.11594379905808476,648.5984488762266,812.5071225071225,0.04260163101242339,1.0,1.0,1.0,68,8,2.2408419910730393,0,2.2408419910730393,False,False,False,True,0,1062,16,0.4,0.3,0.3,balanced
1781464324021.801,0.4,0.3,0.3,581.5353218210361,593.8888888888889,0.11630706436420721,667.548274770497,789.3526432415322,0.04386579551504316,1.0,1.0,1.0,67,8,2.2403174355998043,1,2.2403174355998043,False,False,False,True,0,1063,16,0.4,0.3,0.3,balanced
1781464350949.2249,0.4,0.3,0.3,581.0392464678179,593.6666666666666,0.11620784929356358,599.6153846153846,732.5957581513136,0.0393339149176374,1.0,1.0,1.0,65,8,2.2417166858072832,1,2.2417166858072832,False,False,False,True,0,1064,16,0.4,0.3,0.3,balanced
1781464379660.895,0.4,0.3,0.3,582.3877551020407,594.2222222222222,0.11647755102040815,790.9079091406677,1068.252599890531,0.0520952574476763,0.9281632653061225,0.9511111111111111,0.9281632653061225,67,8,2.2162293819493706,0,2.2162293819493706,False,False,False,True,0,1065,16,0.4,0.3,0.3,balanced
1781464406483.4248,0.4,0.3,0.3,583.8351648351648,596.1111111111111,0.11676703296703297,588.3499525166192,728.4710351377017,0.03858238509116872,1.0,1.0,1.0,65,8,2.2417184712858362,1,2.2417184712858362,False,False,False,True,0,1066,16,0.4,0.3,0.3,balanced
1781464429714.427,0.4,0.3,0.3,581.8257456828885,594.6666666666666,0.11636514913657771,593.5066476733142,753.1244064577397,0.03892639410762603,1.0,1.0,1.0,64,8,2.241776022113081,1,2.241776022113081,False,False,False,True,0,1067,16,0.4,0.3,0.3,balanced
1781464456639.907,0.4,0.3,0.3,584.0549450549449,595.6666666666666,0.11681098901098899,598.4876543209876,735.0633111744222,0.039258682743227996,1.0,1.0,1.0,61,8,2.241497999572636,1,2.241497999572636,False,False,False,True,0,1068,16,0.4,0.3,0.3,balanced
1781464483660.721,0.4,0.3,0.3,581.2998430141287,593.6666666666666,0.11625996860282574,561.70465337132,707.7540360873694,0.03680484678928085,1.0,1.0,1.0,64,8,2.2424545585220854,0,2.2424545585220854,False,False,False,True,0,1069,16,0.4,0.3,0.3,balanced
1781464512686.5781,0.4,0.3,0.3,585.6310832025117,598.0,0.11712621664050234,698.375188668292,955.402995471961,0.045922294107291,0.9008746355685131,0.9325396825396824,0.9008746355685131,61,8,2.2096352157821655,1,2.2096352157821655,False,False,False,True,0,1070,16,0.4,0.3,0.3,balanced
1781464536115.5022,0.4,0.3,0.3,582.193092621664,594.2222222222222,0.11643861852433281,583.991769547325,727.1684077239632,0.038291645733644096,1.0,1.0,1.0,64,8,2.2419370588701737,0,2.2419370588701737,False,False,False,True,0,1071,16,0.4,0.3,0.3,balanced
1781464563034.69,0.4,0.3,0.3,583.5604395604395,596.3333333333334,0.1167120879120879,593.3198797087684,749.5948084836974,0.038913934603653666,1.0,1.0,1.0,61,8,2.241640984454069,1,2.241640984454069,False,False,False,True,0,1072,16,0.4,0.3,0.3,balanced
1781464653779.337,0.4,0.3,0.3,500.31711145996854,542.7777777777778,0.1000634222919937,261059.3266705161,280821.5668397209,1.0,0.2025968813849613,0.30159952434902104,0.2025968813849613,59,8,1.7207536954986908,1,1.7207536954986908,False,False,False,True,0,1073,16,0.4,0.3,0.3,balanced
1781464677018.29,0.4,0.3,0.3,585.2825745682889,599.0,0.11705651491365777,525.6489395378284,643.9822728711619,0.034399528988514234,1.0,1.0,1.0,58,8,2.2428575353379827,1,2.2428575353379827,False,False,False,True,0,1074,16,0.4,0.3,0.3,balanced
1781464703639.6812,0.4,0.3,0.3,586.3171114599686,600.6666666666666,0.11726342229199373,571.9246597024373,695.3149730927508,0.037486635070209294,1.0,1.0,1.0,56,8,2.24184864056214,1,2.24184864056214,False,False,False,True,0,1075,16,0.4,0.3,0.3,balanced
1781464730164.896,0.4,0.3,0.3,586.6734693877552,600.6666666666666,0.11733469387755104,565.76685660019,687.5894270338714,0.03707584100067978,1.0,1.0,1.0,58,8,2.2419433701487756,0,2.2419433701487756,False,False,False,True,0,1076,16,0.4,0.3,0.3,balanced
1781464753303.352,0.4,0.3,0.3,585.6750392464678,599.4444444444445,0.11713500784929357,642.3219373219373,792.3963279518836,0.042182917766640245,1.0,1.0,1.0,59,8,2.2404911215302903,0,2.2404911215302903,False,False,False,True,0,1077,16,0.4,0.3,0.3,balanced
1781464780017.456,0.4,0.3,0.3,586.2166405023547,600.0,0.11724332810047094,628.9245014245014,763.4836973725863,0.04128915953465653,1.0,1.0,1.0,58,8,2.2407159208994147,1,2.2407159208994147,False,False,False,True,0,1078,16,0.4,0.3,0.3,balanced
1781464806725.6938,0.4,0.3,0.3,588.8178963893249,603.1111111111111,0.11776357927786499,621.8399810066477,768.741690408357,0.04081654309584041,0.9940694226408512,0.9958847736625513,0.9940694226408512,56,8,2.2388704321523574,1,2.2388704321523574,False,False,False,True,0,1079,16,0.4,0.3,0.3,balanced
1781464833652.545,0.4,0.3,0.3,588.50863422292,603.0,0.117701726844584,527.1984805318139,656.3564419119975,0.03450290063587817,1.0,1.0,1.0,55,8,2.242568439071403,1,2.242568439071403,False,False,False,True,0,1080,16,0.4,0.3,0.3,balanced
1781464857086.656,0.4,0.3,0.3,590.5431711145997,604.6666666666666,0.11810863422291994,548.7622665400443,669.5235834124724,0.03594144539960269,1.0,1.0,1.0,53,8,2.241974112690951,1,2.241974112690951,False,False,False,True,0,1081,16,0.4,0.3,0.3,balanced
1781464883904.747,0.4,0.3,0.3,588.7833594976452,603.5555555555555,0.11775667189952903,496.39126305792973,621.5891104779994,0.032447716014538344,1.0,1.0,1.0,55,8,2.243163016435827,0,2.243163016435827,False,False,False,True,0,1082,16,0.4,0.3,0.3,balanced
1781464910816.375,0.4,0.3,0.3,591.6028257456829,605.8888888888889,0.11832056514913658,517.8363406141184,633.2890155112377,0.03387834160200923,1.0,1.0,1.0,53,8,2.2425082714597426,1,2.2425082714597426,False,False,False,True,0,1083,16,0.4,0.3,0.3,balanced
1781464934253.535,0.4,0.3,0.3,591.5918367346939,606.6666666666666,0.11831836734693878,510.58404558404555,619.0614118391896,0.033394532727421315,1.0,1.0,1.0,52,8,2.2426542932429983,1,2.2426542932429983,False,False,False,True,0,1084,16,0.4,0.3,0.3,balanced
1781464961380.716,0.4,0.3,0.3,593.7017268445838,609.6666666666666,0.11874034536891677,499.4650205761317,601.2662234884458,0.03265276988499878,1.0,1.0,1.0,50,8,2.242708030886934,1,2.242708030886934,False,False,False,True,0,1085,16,0.4,0.3,0.3,balanced
1781464989605.8518,0.4,0.3,0.3,589.0921933085501,599.5555555555555,0.11781843866171002,920.02331002331,915.5318138651471,0.060708693130307544,0.9811584903459138,0.9801587301587301,0.9811584903459138,49,8,2.229007563699998,1,2.229007563699998,False,False,False,True,0,1086,16,0.4,0.3,0.3,balanced
1781465016733.9512,0.4,0.3,0.3,595.8037676609105,612.4444444444445,0.1191607535321821,392.96771130104463,506.40392529281417,0.025548212895333197,1.0,1.0,1.0,47,8,2.244671234718527,1,2.244671234718527,False,False,False,True,0,1087,16,0.4,0.3,0.3,balanced
1781465040071.419,0.4,0.3,0.3,596.5572998430141,613.5555555555555,0.11931145996860282,427.2467553023109,544.1389680278569,0.027835007024837283,1.0,1.0,1.0,46,8,2.243924913905108,1,2.243924913905108,False,False,False,True,0,1088,16,0.4,0.3,0.3,balanced
1781465067190.276,0.4,0.3,0.3,597.7896389324961,615.3333333333334,0.11955792778649922,386.67537195314975,484.2450142450142,0.025128443759382904,1.0,1.0,1.0,44,8,2.2446382957575857,1,2.2446382957575857,False,False,False,True,0,1089,16,0.4,0.3,0.3,balanced
1781465094008.949,0.4,0.3,0.3,601.3343799058084,619.5555555555555,0.12026687598116169,381.2765115542893,463.5644191199747,0.024768279623368198,1.0,1.0,1.0,43,8,2.2444627657205247,1,2.2444627657205247,False,False,False,True,0,1090,16,0.4,0.3,0.3,balanced
1781465120548.428,0.4,0.3,0.3,603.0627943485086,621.4444444444445,0.12061255886970174,331.5843621399177,417.2427983539094,0.02145325964909391,1.0,1.0,1.0,41,8,2.245318998557391,1,2.245318998557391,False,False,False,True,0,1091,16,0.4,0.3,0.3,balanced
1781465144086.569,0.4,0.3,0.3,604.4317111459968,623.7777777777778,0.12088634222919936,376.61918328584994,456.52738208293766,0.024457583941684454,1.0,1.0,1.0,40,8,2.244308187925815,1,2.244308187925815,False,False,False,True,0,1092,16,0.4,0.3,0.3,balanced
1781465171291.523,0.4,0.3,0.3,609.3343799058083,629.7777777777778,0.12186687598116167,363.39341563786,443.7004115226338,0.02357527789445364,0.9938413235116531,0.9957264957264957,0.9938413235116531,38,8,2.242333063292695,1,2.242333063292695,False,False,False,True,0,1093,16,0.4,0.3,0.3,balanced
1781465198103.976,0.4,0.3,0.3,606.2417582417582,625.1111111111111,0.12124835164835165,419.17695473251024,506.6049382716049,0.027296661423116094,1.0,1.0,1.0,40,8,2.2433116609137245,0,2.2433116609137245,False,False,False,True,0,1094,16,0.4,0.3,0.3,balanced
1781465273542.667,0.4,0.3,0.3,119.67660910518053,224.88888888888889,0.023935321821036106,149.34825102880657,99.56550068587106,0.009296080789113181,0.1759598426265093,0.33058984910836764,0.1759598426265093,38,8,2.0404249998228043,1,2.0404249998228043,False,False,False,True,0,1095,16,0.4,0.3,0.3,balanced
1781465300570.395,0.4,0.3,0.3,610.6923076923076,631.3333333333334,0.12213846153846153,341.3224121557455,432.49446027223803,0.022102896074432655,1.0,1.0,1.0,37,8,2.2445137465622857,1,2.2445137465622857,False,False,False,True,0,1096,16,0.4,0.3,0.3,balanced
1781465324201.096,0.4,0.3,0.3,615.7080062794348,638.3333333333334,0.12314160125588697,311.3268213268213,387.7252068918736,0.020101855992449718,0.9899412756555613,0.9917695473251028,0.9899412756555613,35,8,2.2416951853965785,1,2.2416951853965785,False,False,False,True,0,1097,16,0.4,0.3,0.3,balanced
1781465350911.518,0.4,0.3,0.3,618.1365777080063,640.4444444444445,0.12362731554160125,328.2874327318772,410.4273504273504,0.021233317727276664,1.0,1.0,1.0,34,8,2.2441790784651765,1,2.2441790784651765,False,False,False,True,0,1098,16,0.4,0.3,0.3,balanced
1781465378030.038,0.4,0.3,0.3,620.850863422292,645.4444444444445,0.1241701726844584,286.4181703070592,373.49635960747077,0.018440171468116023,1.0,1.0,1.0,32,8,2.244799879485782,1,2.244799879485782,False,False,False,True,0,1099,16,0.4,0.3,0.3,balanced
1781465401467.104,0.4,0.3,0.3,631.3877551020407,657.5555555555555,0.12627755102040814,270.3988603988604,337.8062678062678,0.017371505029943987,1.0,1.0,1.0,29,8,2.2442775280828533,1,2.2442775280828533,False,False,False,True,0,1100,16,0.4,0.3,0.3,balanced
1781465428184.4949,0.4,0.3,0.3,633.8257456828885,661.1111111111111,0.12676514913657771,272.83792339347895,346.2947135169357,0.017534217704701732,1.0,1.0,1.0,28,8,2.2440336750339585,1,2.2440336750339585,False,False,False,True,0,1101,16,0.4,0.3,0.3,balanced
1781465455297.72,0.4,0.3,0.3,639.6907378335949,669.6666666666666,0.12793814756671898,259.1745805634694,321.47673314339977,0.0166227205179099,1.0,1.0,1.0,26,8,2.2438379248179396,1,2.2438379248179396,False,False,False,True,0,1102,16,0.4,0.3,0.3,balanced
1781465482315.831,0.4,0.3,0.3,644.9372056514914,674.8888888888889,0.12898744113029828,704.2458056346944,784.5409939854385,0.04631392966208769,1.0,1.0,1.0,25,8,2.2345108446492543,1,2.2345108446492543,False,False,False,True,0,1103,16,0.4,0.3,0.3,balanced
1781465505640.24,0.4,0.3,0.3,654.6781789638932,687.7777777777778,0.13093563579277864,200.37670148781257,263.17347261791707,0.012700246930474487,1.0,1.0,1.0,23,8,2.243815671603746,1,2.243815671603746,False,False,False,True,0,1104,16,0.4,0.3,0.3,balanced
1781465532263.752,0.4,0.3,0.3,657.2935635792778,691.3333333333334,0.13145871271585557,185.4677113010446,247.63532763532763,0.011705651187527992,1.0,1.0,1.0,22,8,2.2439048195573994,1,2.2439048195573994,False,False,False,True,0,1105,16,0.4,0.3,0.3,balanced
1781465559172.748,0.4,0.3,0.3,669.4552590266876,707.1111111111111,0.13389105180533753,190.39569484013927,239.24343146565369,0.012034402591069998,1.0,1.0,1.0,20,8,2.242833258500544,1,2.242833258500544,False,False,False,True,0,1106,16,0.4,0.3,0.3,balanced
1781465586191.3718,0.4,0.3,0.3,677.2213500784928,717.0,0.13544427001569856,186.67220639442863,258.05001582779363,0.011786004429248074,1.0,1.0,1.0,19,8,2.242286490664946,1,2.242286490664946,False,False,False,True,0,1107,16,0.4,0.3,0.3,balanced
1781465609621.335,0.4,0.3,0.3,692.6970172684457,736.5555555555555,0.13853940345368915,138.1386514719848,184.1057296612852,0.008548275615209126,1.0,1.0,1.0,17,8,2.2420197559339616,1,2.2420197559339616,False,False,False,True,0,1108,16,0.4,0.3,0.3,balanced
1781465636836.3162,0.4,0.3,0.3,700.8178963893248,748.1111111111111,0.14016357927786496,148.9506172839506,191.44032921810697,0.009269554188388967,1.0,1.0,1.0,16,8,2.2411537020323373,1,2.2411537020323373,False,False,False,True,0,1109,16,0.4,0.3,0.3,balanced
1781465664058.568,0.4,0.3,0.3,725.662480376766,779.1111111111111,0.1451324960753532,134.35580880025324,186.81544792655905,0.00829591786526039,1.0,1.0,1.0,14,8,2.2394582262102807,1,2.2394582262102807,False,False,False,True,0,1110,16,0.4,0.3,0.3,balanced
1781465687790.607,0.4,0.3,0.3,703.2637362637362,750.3333333333334,0.14065274725274723,157.41532130421018,203.63564419119973,0.009834244249780532,1.0,1.0,1.0,16,8,2.240788627823967,0,2.240788627823967,False,False,False,True,0,1111,16,0.4,0.3,0.3,balanced
1781465714801.748,0.4,0.3,0.3,691.9403453689167,736.5555555555555,0.13838806907378334,149.50300728078506,193.16555872111428,0.009306404755222486,1.0,1.0,1.0,17,8,2.24185285094392,0,2.24185285094392,False,False,False,True,0,1112,16,0.4,0.3,0.3,balanced
1781465741817.7249,0.4,0.3,0.3,702.0832025117738,749.2222222222222,0.14041664050235478,141.5281734726179,190.6869262424818,0.008774394494504196,0.9940694226408511,0.9958847736625513,0.9940694226408511,16,8,2.239421852242962,1,2.239421852242962,False,False,False,True,0,1113,16,0.4,0.3,0.3,balanced
1781465769133.9878,0.4,0.3,0.3,693.0973312401883,737.2222222222222,0.13861946624803764,144.1943653054764,188.82082937638492,0.008952259193160533,1.0,1.0,1.0,17,8,2.2418665357428367,0,2.2418665357428367,False,False,False,True,0,1114,16,0.4,0.3,0.3,balanced
1781465792567.792,0.4,0.3,0.3,676.9497645211931,716.8888888888889,0.1353899529042386,190.74390629946183,248.71636593858815,0.012057632174747287,1.0,1.0,1.0,19,8,2.24222672918588,0,2.24222672918588,False,False,False,True,0,1115,16,0.4,0.3,0.3,balanced
1781465819468.869,0.4,0.3,0.3,691.6530612244896,735.7777777777778,0.13833061224489793,144.25688509021842,180.60778727445393,0.008956429959320776,1.0,1.0,1.0,17,8,2.2419808261142444,1,2.2419808261142444,False,False,False,True,0,1116,16,0.4,0.3,0.3,balanced
1781465846402.129,0.4,0.3,0.3,702.248037676609,749.4444444444445,0.1404496075353218,166.32953466286799,209.889205444761,0.010428921591919145,1.0,1.0,1.0,16,8,2.2406914805082954,1,2.2406914805082954,False,False,False,True,0,1117,16,0.4,0.3,0.3,balanced
1781465876510.992,0.4,0.3,0.3,672.3359497645212,677.8888888888889,0.13446718995290424,141.62962962962962,196.07407407407408,0.008781162750475625,0.9419152276295133,0.8888888888888888,0.9419152276295133,14,8,2.2261533434825496,1,2.2261533434825496,False,False,False,True,0,1118,16,0.4,0.3,0.3,balanced
1781465900041.574,0.4,0.3,0.3,737.8304552590266,795.3333333333334,0.14756609105180532,184.0756568534346,227.119341563786,0.01161278564732719,1.0,1.0,1.0,13,8,2.23748972788508,1,2.23748972788508,False,False,False,True,0,1119,16,0.4,0.3,0.3,balanced
1781465926958.9282,0.4,0.3,0.3,723.7221350078493,777.1111111111111,0.14474442700156986,139.97863247863248,173.1940487496043,0.00867102284714026,1.0,1.0,1.0,14,8,2.23950092234523,0,2.23950092234523,False,False,False,True,0,1120,16,0.4,0.3,0.3,balanced
1781465953864.337,0.4,0.3,0.3,739.0722135007849,796.4444444444445,0.14781444270015698,213.87147831592276,251.4561570117126,0.013600498886986175,1.0,1.0,1.0,13,8,2.2367940732538414,1,2.2367940732538414,False,False,False,True,0,1121,16,0.4,0.3,0.3,balanced
1781465980676.2532,0.4,0.3,0.3,772.822605965463,840.6666666666666,0.1545645211930926,149.25292814181702,190.43368154479265,0.009289721690581523,1.0,1.0,1.0,11,8,2.2353872750155883,1,2.2353872750155883,False,False,False,True,0,1122,16,0.4,0.3,0.3,balanced
1781466004010.384,0.4,0.3,0.3,796.1993720565148,871.0,0.15923987441130297,146.96660335549225,181.61918328584994,0.009137198355936774,1.0,1.0,1.0,10,8,2.233562890728698,1,2.233562890728698,False,False,False,True,0,1123,16,0.4,0.3,0.3,balanced
1781466031231.21,0.4,0.3,0.3,773.9858712715856,842.5555555555555,0.1547971742543171,183.3127572016461,214.3621399176955,0.011561891741270586,1.0,1.0,1.0,11,8,2.234612562775892,0,2.234612562775892,False,False,False,True,0,1124,16,0.4,0.3,0.3,balanced
1781466058438.4338,0.4,0.3,0.3,737.8288854003139,795.5555555555555,0.14756577708006277,160.66001899335234,204.40012662234886,0.010050701734046187,1.0,1.0,1.0,13,8,2.237958478647761,0,2.237958478647761,False,False,False,True,0,1125,16,0.4,0.3,0.3,balanced
1781466081972.4988,0.4,0.3,0.3,723.883830455259,777.4444444444445,0.1447767660910518,158.9806900918012,209.113643558088,0.00993867178731162,1.0,1.0,1.0,14,8,2.239107692027386,0,2.239107692027386,False,False,False,True,0,1126,16,0.4,0.3,0.3,balanced
1781466110798.2112,0.4,0.3,0.3,701.3940345368916,748.6666666666666,0.14027880690737832,171.3287432731877,217.94871794871796,0.010762424501213322,1.0,1.0,1.0,16,8,2.2406597498866847,0,2.2406597498866847,False,False,False,True,0,1127,16,0.4,0.3,0.3,balanced
1781466139510.648,0.4,0.3,0.3,692.0706436420721,736.7777777777778,0.13841412872841444,161.38334916112694,205.6378600823045,0.01009895591468492,1.0,1.0,1.0,17,8,2.241604661734229,0,2.241604661734229,False,False,False,True,0,1128,16,0.4,0.3,0.3,balanced
1781466169139.3809,0.4,0.3,0.3,673.7660910518053,713.7777777777778,0.13475321821036107,193.10620449509338,253.27793605571384,0.012215223782194355,1.0,1.0,1.0,19,8,2.242434145581197,0,2.242434145581197,False,False,False,True,0,1129,16,0.4,0.3,0.3,balanced
1781466196252.9768,0.4,0.3,0.3,670.5494505494505,708.5555555555555,0.1341098901098901,224.60667932890155,279.7071858182969,0.01431665639285534,1.0,1.0,1.0,20,8,2.242061047038187,0,2.242061047038187,False,False,False,True,0,1130,16,0.4,0.3,0.3,balanced
1781466219885.813,0.4,0.3,0.3,657.8492935635792,692.0,0.13156985871271584,207.59575815131367,259.88287432731875,0.013181838435711387,1.0,1.0,1.0,22,8,2.2434175049842002,0,2.2434175049842002,False,False,False,True,0,1131,16,0.4,0.3,0.3,balanced
1781466247010.915,0.4,0.3,0.3,670.861852433281,709.0,0.1341723704866562,187.41927825261158,251.4482431149098,0.01183584244513753,1.0,1.0,1.0,20,8,2.2427802990717964,1,2.2427802990717964,False,False,False,True,0,1132,16,0.4,0.3,0.3,balanced
1781466273928.0269,0.4,0.3,0.3,657.149136577708,692.0,0.1314298273155416,199.73725862614754,262.1272554605888,0.01265758896772165,1.0,1.0,1.0,22,8,2.243630792383467,0,2.243630792383467,False,False,False,True,0,1133,16,0.4,0.3,0.3,balanced
1781466297365.3008,0.4,0.3,0.3,653.651491365777,687.1111111111111,0.1307302982731554,198.6593858816081,257.92814181703073,0.012585682847338766,1.0,1.0,1.0,23,8,2.243932175836536,0,2.243932175836536,False,False,False,True,0,1134,16,0.4,0.3,0.3,balanced
1781466323895.709,0.4,0.3,0.3,643.6624803767661,674.5555555555555,0.12873249607535323,221.53054764165879,292.5419436530548,0.014111444138869833,1.0,1.0,1.0,25,8,2.2442735683281976,0,2.2442735683281976,False,False,False,True,0,1135,16,0.4,0.3,0.3,balanced
1781466350805.804,0.4,0.3,0.3,641.7331240188383,671.2222222222222,0.12834662480376766,241.10161443494775,303.4377967711301,0.015417052330550216,1.0,1.0,1.0,26,8,2.244036234379328,0,2.244036234379328,False,False,False,True,0,1136,16,0.4,0.3,0.3,balanced
1781466377636.131,0.4,0.3,0.3,633.7692307692307,661.1111111111111,0.12675384615384613,263.96881924659704,334.7562519784742,0.016942549649539496,1.0,1.0,1.0,28,8,2.2442156966435998,0,2.2442156966435998,False,False,False,True,0,1137,16,0.4,0.3,0.3,balanced
1781466400978.365,0.4,0.3,0.3,631.0408163265306,657.3333333333334,0.12620816326530612,273.48765432098764,350.43526432415325,0.01757756199606322,1.0,1.0,1.0,29,8,2.2442434660950585,0,2.2442434660950585,False,False,False,True,0,1138,16,0.4,0.3,0.3,balanced
1781466428896.09,0.4,0.3,0.3,628.8320251177392,655.0,0.12576640502354786,260.8230452674897,329.5061728395061,0.016732691478818527,0.9706212155191747,0.9761904761904763,0.9706212155191747,29,8,2.235859995202688,2,2.235859995202688,False,False,False,True,0,1139,16,0.4,0.3,0.3,balanced
1781466456109.728,0.4,0.3,0.3,633.276295133438,660.2222222222222,0.1266552590266876,1239.7261791706235,1288.1354859132634,0.08203643623553192,0.9881388452817024,0.9917695473251028,0.9881388452817024,28,8,2.2211686191031763,1,2.2211686191031763,False,False,False,True,0,1140,16,0.4,0.3,0.3,balanced
1781466482936.6099,0.4,0.3,0.3,631.3437990580846,657.6666666666666,0.12626875981161692,245.809591642925,318.2731877176322,0.015731126860768847,1.0,1.0,1.0,29,8,2.2447731580171224,0,2.2447731580171224,False,False,False,True,0,1141,16,0.4,0.3,0.3,balanced
1781466506075.657,0.4,0.3,0.3,623.2810047095761,647.5555555555555,0.12465620094191522,288.3958531180753,366.59544159544157,0.018572104944501355,1.0,1.0,1.0,32,8,2.2445658881398836,0,2.2445658881398836,False,False,False,True,0,1142,16,0.4,0.3,0.3,balanced
1781466532990.3208,0.4,0.3,0.3,618.1538461538461,640.8888888888889,0.12363076923076921,308.1964229186451,375.82779360557134,0.01989302354360541,1.0,1.0,1.0,34,8,2.2445797852446105,0,2.2445797852446105,False,False,False,True,0,1143,16,0.4,0.3,0.3,balanced
1781466560017.803,0.4,0.3,0.3,614.1946624803768,636.1111111111111,0.12283893249607536,318.0080721747388,405.622032288699,0.020547569858221402,1.0,1.0,1.0,35,8,2.2447001560441033,0,2.2447001560441033,False,False,False,True,0,1144,16,0.4,0.3,0.3,balanced
1781466583456.4568,0.4,0.3,0.3,612.8116169544742,633.5555555555555,0.12256232339089483,304.9026590693257,385.1392845837291,0.019673292799821593,1.0,1.0,1.0,37,8,2.2450730828036956,0,2.2450730828036956,False,False,False,True,0,1145,16,0.4,0.3,0.3,balanced
1781466610276.182,0.4,0.3,0.3,606.2982731554159,627.0,0.12125965463108318,326.9452358341247,405.5777144666033,0.02114377824110238,1.0,1.0,1.0,38,8,2.245153004675236,0,2.245153004675236,False,False,False,True,0,1146,16,0.4,0.3,0.3,balanced
1781466636995.469,0.4,0.3,0.3,604.5494505494505,623.6666666666666,0.1209098901098901,404.49113643558087,481.77587844254515,0.02631695373152641,1.0,1.0,1.0,40,8,2.243740957836586,0,2.243740957836586,False,False,False,True,0,1147,16,0.4,0.3,0.3,balanced
1781466664016.55,0.4,0.3,0.3,604.7315541601256,623.3333333333334,0.12094631083202512,397.268376068376,499.7440962329851,0.025835115147990396,0.9938413235116531,0.9957264957264957,0.9938413235116531,41,8,2.242023338176289,0,2.242023338176289,False,False,False,True,0,1148,16,0.4,0.3,0.3,balanced
1781466690051.763,0.4,0.3,0.3,565.8053375196232,549.7777777777778,0.11316106750392464,358.6624850657108,477.34767025089604,0.023259672119126808,0.9419152276295133,0.8888888888888888,0.9419152276295133,40,8,2.230332239651546,1,2.230332239651546,False,False,False,True,0,1149,16,0.4,0.3,0.3,balanced
1781466719065.317,0.4,0.3,0.3,604.1868131868132,623.1111111111111,0.12083736263736264,421.3469452358341,530.0553972776195,0.027441423965032293,1.0,1.0,1.0,41,8,2.243432627755545,0,2.243432627755545,False,False,False,True,0,1150,16,0.4,0.3,0.3,balanced
1781466748591.279,0.4,0.3,0.3,601.004709576138,618.6666666666666,0.1202009419152276,424.99366888255776,533.4362139917696,0.027684701059543546,1.0,1.0,1.0,43,8,2.2436142129160457,0,2.2436142129160457,False,False,False,True,0,1151,16,0.4,0.3,0.3,balanced
1781466775407.037,0.4,0.3,0.3,598.3296703296703,615.7777777777778,0.11966593406593407,431.906457739791,524.5093383982273,0.028145861090046097,1.0,1.0,1.0,44,8,2.2436898680466126,0,2.2436898680466126,False,False,False,True,0,1152,16,0.4,0.3,0.3,balanced
1781466798541.012,0.4,0.3,0.3,602.1978021978022,620.2222222222222,0.12043956043956043,445.6953466286799,573.4451408673631,0.029065733597643754,1.0,1.0,1.0,43,8,2.2431044557448825,1,2.2431044557448825,False,False,False,True,0,1153,16,0.4,0.3,0.3,balanced
1781466827548.2522,0.4,0.3,0.3,601.8037676609105,619.3333333333334,0.12036075353218209,714.0900383141761,767.6526181353768,0.04697064965404777,0.9502130522538685,0.9047619047619047,0.9502130522538685,44,8,2.2228284193670733,0,2.2228284193670733,False,False,False,True,0,1154,16,0.4,0.3,0.3,balanced
1781466854267.825,0.4,0.3,0.3,597.1664050235479,614.6666666666666,0.11943328100470958,460.55080721747385,592.8300094966762,0.030056758320044952,1.0,1.0,1.0,46,8,2.2432096601021025,0,2.2432096601021025,False,False,False,True,0,1155,16,0.4,0.3,0.3,balanced
1781466880885.9128,0.4,0.3,0.3,596.215070643642,612.8888888888889,0.1192430141287284,477.94317822095593,607.8822412155746,0.031217023230217206,1.0,1.0,1.0,47,8,2.2429376873794435,0,2.2429376873794435,False,False,False,True,0,1156,16,0.4,0.3,0.3,balanced
1781466903920.155,0.4,0.3,0.3,594.6169544740973,610.5555555555555,0.11892339089481946,637.1968977524533,775.9211775878443,0.041841020530517234,0.9956974242688528,0.9958847736625513,0.9956974242688528,49,8,2.2385875647635727,0,2.2385875647635727,False,False,False,True,0,1157,16,0.4,0.3,0.3,balanced
1781466930746.554,0.4,0.3,0.3,592.8885400313972,608.1111111111111,0.11857770800627943,507.7405824628046,617.1082621082621,0.0332048420588929,1.0,1.0,1.0,50,8,2.2426074641798204,0,2.2426074641798204,False,False,False,True,0,1158,16,0.4,0.3,0.3,balanced
1781466957464.489,0.4,0.3,0.3,590.414442700157,605.8888888888889,0.1180828885400314,468.5628363406141,574.985754985755,0.030591249922656046,1.0,1.0,1.0,52,8,2.2435894696071905,0,2.2435894696071905,False,False,False,True,0,1159,16,0.4,0.3,0.3,balanced
1781466984283.918,0.4,0.3,0.3,595.6593406593406,611.3333333333334,0.11913186813186813,521.4007597340931,628.8334916112694,0.034116128067651304,1.0,1.0,1.0,50,8,2.2421124143269573,1,2.2421124143269573,False,False,False,True,0,1160,16,0.4,0.3,0.3,balanced
1781467007318.605,0.4,0.3,0.3,592.87284144427,608.1111111111111,0.11857456828885399,512.9241848686293,629.2133586578032,0.033550646088634374,1.0,1.0,1.0,52,8,2.242504978857868,0,2.242504978857868,False,False,False,True,0,1161,16,0.4,0.3,0.3,balanced
1781467034025.033,0.4,0.3,0.3,590.138147566719,605.5555555555555,0.11802762951334379,443.5834124723013,576.4909781576448,0.02892484406086066,1.0,1.0,1.0,53,8,2.244111494976404,0,2.244111494976404,False,False,False,True,0,1162,16,0.4,0.3,0.3,balanced
1781467060639.565,0.4,0.3,0.3,590.4599686028256,604.4444444444445,0.11809199372056511,479.74438113327,599.7230136119024,0.03133718353123883,1.0,1.0,1.0,55,8,2.2433620474524023,0,2.2433620474524023,False,False,False,True,0,1163,16,0.4,0.3,0.3,balanced
1781467238626.693,0.4,0.3,0.3,595.0298273155416,614.8888888888889,0.11900596546310832,3886.7663355163354,4268.548889382222,0.2586235047042252,0.14066338847425286,0.1526398783813798,0.14066338847425286,56,8,1.917009578945765,0,1.917009578945765,False,False,False,True,0,1164,16,0.4,0.3,0.3,balanced
1781467261757.4102,0.4,0.3,0.3,588.2558869701726,601.4444444444445,0.11765117739403452,501.93573915796145,628.4647040202597,0.03281759434009082,1.0,1.0,1.0,58,8,2.243094250740359,0,2.243094250740359,False,False,False,True,0,1165,16,0.4,0.3,0.3,balanced
1781467288374.346,0.4,0.3,0.3,585.4897959183673,599.0,0.11709795918367347,545.3426717315606,665.525482747705,0.03571332032899003,1.0,1.0,1.0,59,8,2.2424468202278334,0,2.2424468202278334,False,False,False,True,0,1166,16,0.4,0.3,0.3,balanced
1781467314985.7732,0.4,0.3,0.3,585.0989010989011,597.2222222222222,0.11701978021978023,548.8825577714465,665.2405824628047,0.035949470164873015,1.0,1.0,1.0,61,8,2.242407246862626,0,2.242407246862626,False,False,False,True,0,1167,16,0.4,0.3,0.3,balanced
1781467341892.7031,0.4,0.3,0.3,582.8414442700157,595.2222222222222,0.11656828885400314,595.5270655270655,750.1440329218107,0.039061178487462676,1.0,1.0,1.0,64,8,2.24165433091216,0,2.24165433091216,False,False,False,True,0,1168,16,0.4,0.3,0.3,balanced
1781467365228.2441,0.4,0.3,0.3,582.6593406593406,594.2222222222222,0.11653186813186812,568.4037670148782,728.3998100664768,0.0372517523025269,1.0,1.0,1.0,65,8,2.2422117270564947,0,2.2422117270564947,False,False,False,True,0,1169,16,0.4,0.3,0.3,balanced
1781467392044.6392,0.4,0.3,0.3,580.3500784929356,592.3333333333334,0.11607001569858712,573.7535612535613,717.2412155745488,0.03760864317902344,1.0,1.0,1.0,67,8,2.2422894007668583,0,2.2422894007668583,False,False,False,True,0,1170,16,0.4,0.3,0.3,balanced
1781467421679.252,0.4,0.3,0.3,493.87755102040813,532.6666666666666,0.09877551020408162,604.7676224611708,688.9438470728793,0.039677626581799255,0.8398744113029827,0.8888888888888888,0.8398744113029827,65,8,2.2005488313347223,1,2.2005488313347223,False,False,False,True,0,1171,16,0.4,0.3,0.3,balanced
1781467448690.678,0.4,0.3,0.3,580.5384615384615,592.0,0.11610769230769231,723.9931307375751,911.0410256410256,0.04763129624666946,0.9938413235116532,0.9957264957264957,0.9938413235116532,67,8,2.2374199312564182,0,2.2374199312564182,False,False,False,True,0,1172,16,0.4,0.3,0.3,balanced
1781467471823.496,0.4,0.3,0.3,578.8147566718995,590.2222222222222,0.11576295133437992,709.8694207027542,882.2997784108896,0.046689087438475926,1.0,1.0,1.0,68,8,2.2396880932347054,0,2.2396880932347054,False,False,False,True,0,1173,16,0.4,0.3,0.3,balanced
1781467498336.9329,0.4,0.3,0.3,580.4238618524332,591.5555555555555,0.11608477237048664,762.3662551440328,904.4444444444445,0.0501912111503691,1.0,1.0,1.0,67,8,2.2385087277066944,1,2.2385087277066944,False,False,False,True,0,1174,16,0.4,0.3,0.3,balanced
1781467524962.729,0.4,0.3,0.3,581.2998430141287,593.2222222222222,0.11625996860282574,730.4138968027855,902.5276986388097,0.04805963287543599,1.0,1.0,1.0,65,8,2.239078122696239,1,2.239078122696239,False,False,False,True,0,1175,16,0.4,0.3,0.3,balanced
1781467547997.766,0.4,0.3,0.3,581.1554160125588,594.2222222222222,0.11623108320251177,663.5098132320355,809.4792655903767,0.043596385138894966,1.0,1.0,1.0,64,8,2.240428651177327,1,2.240428651177327,False,False,False,True,0,1176,16,0.4,0.3,0.3,balanced
1781467574814.2249,0.4,0.3,0.3,582.6106750392464,594.2222222222222,0.11652213500784929,729.1674580563468,900.7185818296929,0.04797648152477297,1.0,1.0,1.0,65,8,2.2389982015394283,0,2.2389982015394283,False,False,False,True,0,1177,16,0.4,0.3,0.3,balanced
1781467601430.851,0.4,0.3,0.3,581.723704866562,594.0,0.1163447409733124,699.3668882557771,850.3133903133903,0.04598845151806385,1.0,1.0,1.0,64,8,2.2396655681552557,1,2.2396655681552557,False,False,False,True,0,1178,16,0.4,0.3,0.3,balanced
1781467627849.353,0.4,0.3,0.3,584.0188383045527,596.4444444444445,0.11680376766091054,754.4238683127571,863.1275720164608,0.04966136546449347,1.0,1.0,1.0,61,8,2.238380083296288,1,2.238380083296288,False,False,False,True,0,1179,16,0.4,0.3,0.3,balanced
1781467650784.6921,0.4,0.3,0.3,586.447409733124,599.4444444444445,0.11728948194662481,719.9295663184553,858.4077239632795,0.04736021122871616,1.0,1.0,1.0,59,8,2.2388761438527354,1,2.2388761438527354,False,False,False,True,0,1180,16,0.4,0.3,0.3,balanced
1781467679795.166,0.4,0.3,0.3,586.270015698587,599.7777777777778,0.1172540031397174,826.9003831417624,1076.30779054917,0.054496356447082214,0.8575091575091576,0.8999999999999999,0.8575091575091576,58,8,2.1940022390627356,1,2.1940022390627356,False,False,False,True,0,1181,16,0.4,0.3,0.3,balanced
1781467706211.914,0.4,0.3,0.3,587.9591836734693,601.4444444444445,0.11759183673469385,642.7967711301045,769.9556821779045,0.04221459447165474,1.0,1.0,1.0,56,8,2.240298886964626,1,2.240298886964626,False,False,False,True,0,1182,16,0.4,0.3,0.3,balanced
1781467729344.834,0.4,0.3,0.3,588.414442700157,602.2222222222222,0.1176828885400314,583.1069958847736,718.80658436214,0.03823262147330044,1.0,1.0,1.0,55,8,2.2414570581419975,1,2.2414570581419975,False,False,False,True,0,1183,16,0.4,0.3,0.3,balanced
1781467755972.346,0.4,0.3,0.3,591.0926216640501,605.6666666666666,0.11821852433281001,581.5701171256727,718.7464387464388,0.03813009453807023,1.0,1.0,1.0,53,8,2.241273561905455,1,2.241273561905455,False,False,False,True,0,1184,16,0.4,0.3,0.3,balanced
1781467782883.2449,0.4,0.3,0.3,591.7692307692307,606.4444444444445,0.11835384615384614,511.98163975941753,637.5846786957898,0.03348776782918062,1.0,1.0,1.0,52,8,2.2426121311897074,1,2.2426121311897074,False,False,False,True,0,1185,16,0.4,0.3,0.3,balanced
1781467809605.477,0.4,0.3,0.3,594.5698587127158,610.0,0.11891397174254316,493.89996834441274,619.4586894586896,0.032281518902229,1.0,1.0,1.0,50,8,2.242749955632314,1,2.242749955632314,False,False,False,True,0,1186,16,0.4,0.3,0.3,balanced
1781467832840.8762,0.4,0.3,0.3,596.2668759811618,611.4444444444445,0.11925337519623236,486.4395378284267,616.2788857233302,0.03178382507194308,1.0,1.0,1.0,49,8,2.242763502399924,1,2.242763502399924,False,False,False,True,0,1187,16,0.4,0.3,0.3,balanced
1781467859961.735,0.4,0.3,0.3,596.8869701726844,613.0,0.11937739403453689,459.41991136435576,582.5118708452042,0.02998131496760212,1.0,1.0,1.0,47,8,2.243254647895905,1,2.243254647895905,False,False,False,True,0,1188,16,0.4,0.3,0.3,balanced
1781467890980.801,0.4,0.3,0.3,598.9403453689166,616.2222222222222,0.11978806907378332,677.7812907298794,859.5601173020527,0.04454845168311403,0.8327752472720804,0.8674055829228242,0.8327752472720804,46,8,2.1885528110471766,1,2.1885528110471766,False,False,False,True,0,1189,16,0.4,0.3,0.3,balanced
1781467923907.8591,0.4,0.3,0.3,603.142857142857,622.5555555555555,0.1206285714285714,1501.4585515365566,1588.1953477042991,0.09949690137001711,0.8103424992825915,0.7854381896127627,0.8103424992825915,44,8,2.1650022508023437,1,2.1650022508023437,False,False,False,True,0,1190,16,0.4,0.3,0.3,balanced
1781467951026.953,0.4,0.3,0.3,603.131868131868,620.7777777777778,0.1206263736263736,435.20417853751184,539.6011396011395,0.028365855806371704,1.0,1.0,1.0,43,8,2.243239693807539,1,2.243239693807539,False,False,False,True,0,1191,16,0.4,0.3,0.3,balanced
1781467980368.1992,0.4,0.3,0.3,440.19309262166394,490.55555555555554,0.08803861852433278,283.5070028011204,349.6507936507937,0.018245964162849924,0.7205651491365777,0.7777777777777778,0.7205651491365777,41,8,2.1754803080823852,1,2.1754803080823852,False,False,False,True,0,1192,16,0.4,0.3,0.3,balanced
1781468007089.677,0.4,0.3,0.3,608.7142857142857,627.6666666666666,0.12174285714285714,396.22111427666977,488.69737258626145,0.025765251119190778,1.0,1.0,1.0,40,8,2.2435732818071,1,2.2435732818071,False,False,False,True,0,1193,16,0.4,0.3,0.3,balanced
1781468033607.055,0.4,0.3,0.3,608.7645211930926,628.6666666666666,0.12175290423861852,343.1069958847737,446.7901234567901,0.022221947690778766,1.0,1.0,1.0,38,8,2.244632253997319,1,2.244632253997319,False,False,False,True,0,1194,16,0.4,0.3,0.3,balanced
1781468060426.971,0.4,0.3,0.3,612.7802197802198,633.2222222222222,0.12255604395604396,329.61775878442546,421.2029123140235,0.02132206529582558,1.0,1.0,1.0,37,8,2.244580962828835,1,2.244580962828835,False,False,False,True,0,1195,16,0.4,0.3,0.3,balanced
1781468083563.157,0.4,0.3,0.3,616.0847723704867,637.4444444444445,0.12321695447409733,299.78157644824313,391.53846153846155,0.01933165953624037,1.0,1.0,1.0,35,8,2.244913720349489,1,2.244913720349489,False,False,False,True,0,1196,16,0.4,0.3,0.3,balanced
1781468110771.6711,0.4,0.3,0.3,616.960753532182,639.5555555555555,0.1233921507064364,310.27223805001586,385.4067742956632,0.020031503539027076,1.0,1.0,1.0,34,8,2.244633688655717,1,2.244633688655717,False,False,False,True,0,1197,16,0.4,0.3,0.3,balanced
1781468137793.5532,0.4,0.3,0.3,614.1868131868132,636.1111111111111,0.12283736263736264,316.15780310224756,404.4096232985122,0.020424136297681625,1.0,1.0,1.0,35,8,2.2447378140557506,0,2.2447378140557506,False,False,False,True,0,1198,16,0.4,0.3,0.3,balanced
1781468161127.2559,0.4,0.3,0.3,611.8320251177394,632.4444444444445,0.12236640502354787,349.8662551440329,447.01962646407094,0.022672865586659968,1.0,1.0,1.0,37,8,2.2442515783145827,0,2.2442515783145827,False,False,False,True,0,1199,16,0.4,0.3,0.3,balanced
1781468188042.5068,0.4,0.3,0.3,616.8053375196231,638.4444444444445,0.12336106750392462,362.09876543209873,455.7043368154479,0.023488910302341477,1.0,1.0,1.0,35,8,2.2436088999077275,1,2.2436088999077275,False,True,False,True,0,1200,16,0.4,0.3,0.3,balanced
