timestamp,alpha,beta,delta,power_wam,power_mean,power_normalized,delay_wam,delay_mean,delay_normalized,pdr_wam,pdr_mean,pdr_normalized,current_sf_len,last_ts_in_schedule,reward,action,returned_reward,terminated,truncated,wait_timeout,valid_cycle,wait_attempts,cycle_idx,seed,alpha_weight,beta_weight,delta_weight,profile
1781478647677.318,0.4,0.3,0.3,774.8398744113028,843.2222222222222,0.15496797488226058,167.57518201962645,218.61665083887303,0.010512020148073812,1.0,1.0,1.0,11,8,2.2348592040026736,0,2.2348592040026736,False,False,False,True,0,1,18,0.4,0.3,0.3,balanced
1781478650894.492,0.4,0.3,0.3,737.1601255886969,794.4444444444445,0.1474320251177394,154.85517568850904,198.0357708135486,0.009663454015244098,1.0,1.0,1.0,13,8,2.238128153748331,0,2.238128153748331,False,False,False,True,0,2,18,0.4,0.3,0.3,balanced
1781478654120.563,0.4,0.3,0.3,739.3061224489795,796.7777777777778,0.1478612244897959,143.1275720164609,174.2798353909465,0.008881092195894657,1.0,1.0,1.0,13,8,2.238191182545313,2,2.238191182545313,False,False,False,True,0,3,18,0.4,0.3,0.3,balanced
1781478657434.784,0.4,0.3,0.3,723.2605965463108,777.2222222222222,0.14465211930926217,1924.7245149911816,2326.5272192827747,0.12773345663717023,0.9684657745882235,0.9720752498530276,0.9684657745882235,14,8,2.194358847661611,0,2.194358847661611,False,False,False,True,0,4,18,0.4,0.3,0.3,balanced
1781478660548.1501,0.4,0.3,0.3,702.4583987441129,750.1111111111111,0.14049167974882257,202.57495590828924,269.9985302763081,0.012846894990546313,1.0,1.0,1.0,16,8,2.239949259603307,0,2.239949259603307,False,False,False,True,0,5,18,0.4,0.3,0.3,balanced
1781478667250.669,0.4,0.3,0.3,690.5777080062794,734.4444444444445,0.1381155416012559,205.65990593768373,276.25073486184596,0.01305269552619638,0.9960192868356132,0.9960317460317462,0.9960192868356132,17,8,2.2396437607523225,0,2.2396437607523225,False,False,False,True,0,6,18,0.4,0.3,0.3,balanced
1781478670271.153,0.4,0.3,0.3,676.3233908948195,716.1111111111111,0.1352646781789639,201.3548591326369,265.1218740107629,0.01276550094280433,0.9939531368102796,0.9958847736625513,0.9939531368102796,19,8,2.240250419488657,0,2.240250419488657,False,False,False,True,0,7,18,0.4,0.3,0.3,balanced
1781478709400.2522,0.4,0.3,0.3,691.7315541601256,736.4444444444445,0.13834631083202512,157.00396825396825,203.96972369194592,0.00980680241854358,1.0,1.0,1.0,17,8,2.241719434941627,1,2.241719434941627,False,False,False,True,1,8,18,0.4,0.3,0.3,balanced
1781478712412.369,0.4,0.3,0.3,677.1726844583987,716.6666666666666,0.13543453689167975,173.76469723691946,222.81599059376836,0.010924929768973947,1.0,1.0,1.0,19,8,2.2425487063126357,0,2.2425487063126357,False,False,False,True,0,9,18,0.4,0.3,0.3,balanced
1781478715325.265,0.4,0.3,0.3,669.9340659340659,707.5555555555555,0.1339868131868132,174.6446660335549,220.48433048433048,0.010983633491231147,1.0,1.0,1.0,20,8,2.2431101846779056,0,2.2431101846779056,False,False,False,True,0,10,18,0.4,0.3,0.3,balanced
1781478718244.7158,0.4,0.3,0.3,659.513343799058,693.5555555555555,0.1319026687598116,213.21066793289015,269.8907882241216,0.013556415472507681,1.0,1.0,1.0,22,8,2.243172007854323,0,2.243172007854323,False,False,False,True,0,11,18,0.4,0.3,0.3,balanced
1781478721161.1208,0.4,0.3,0.3,654.9105180533752,687.8888888888889,0.13098210361067503,230.55041152263377,290.20429159318047,0.014713169547874168,1.0,1.0,1.0,23,8,2.243193207691368,0,2.243193207691368,False,False,False,True,0,12,18,0.4,0.3,0.3,balanced
1781478724084.443,0.4,0.3,0.3,644.7535321821035,674.4444444444445,0.1289507064364207,240.51660787771897,313.05702527924745,0.015378025875765108,1.0,1.0,1.0,25,8,2.2438063096627023,0,2.2438063096627023,False,False,False,True,0,13,18,0.4,0.3,0.3,balanced
1781478726907.698,0.4,0.3,0.3,638.5541601255886,667.8888888888889,0.12771083202511774,242.5110794555239,300.6093700538145,0.015511079349934884,0.9940694226408511,0.9958847736625513,0.9940694226408511,26,8,2.242483170177228,0,2.242483170177228,False,False,False,True,0,14,18,0.4,0.3,0.3,balanced
1781478729826.501,0.4,0.3,0.3,634.0062794348509,660.8888888888889,0.12680125588697017,9266.390584723917,10797.792927237371,0.617504375231749,0.9881388452817024,0.9917695473251028,0.9881388452817024,28,8,2.060469838660198,0,2.060469838660198,False,False,False,True,0,15,18,0.4,0.3,0.3,balanced
1781478736334.514,0.4,0.3,0.3,640.3390894819465,669.3333333333334,0.1280678178963893,259.04625068418164,319.61548987411055,0.016614159485268957,1.0,1.0,1.0,26,8,2.2437886249958634,1,2.2437886249958634,False,False,False,True,0,16,18,0.4,0.3,0.3,balanced
1781478739247.4812,0.4,0.3,0.3,633.6326530612243,660.7777777777778,0.12672653061224487,333.9762746831712,454.0189606051675,0.021612826863453716,0.9169719169719169,0.9423868312757201,0.9169719169719169,28,8,2.217917114787641,0,2.217917114787641,False,False,False,True,0,17,18,0.4,0.3,0.3,balanced
1781478742063.298,0.4,0.3,0.3,642.2982731554159,672.3333333333334,0.1284596546310832,266.6049382716049,316.5020576131687,0.017118408156878245,1.0,1.0,1.0,26,8,2.2434806157005034,1,2.2434806157005034,False,False,False,True,0,18,18,0.4,0.3,0.3,balanced
1781478744879.7031,0.4,0.3,0.3,634.9419152276295,661.6666666666666,0.1269883830455259,293.44966761633424,350.8088002532447,0.0189092506748722,1.0,1.0,1.0,28,8,2.2435318715793278,0,2.2435318715793278,False,False,False,True,0,19,18,0.4,0.3,0.3,balanced
1781478747702.873,0.4,0.3,0.3,632.3657770800627,659.2222222222222,0.12647315541601253,289.64104825215935,365.09926287704064,0.018655173332365535,1.0,1.0,1.0,29,8,2.243814185833885,0,2.243814185833885,False,False,False,True,0,20,18,0.4,0.3,0.3,balanced
1781478750425.921,0.4,0.3,0.3,622.5164835164834,646.1111111111111,0.12450329670329668,325.0189933523267,412.42956631845516,0.021015276407760287,1.0,1.0,1.0,32,8,2.2438940983963533,0,2.2438940983963533,False,False,False,True,0,21,18,0.4,0.3,0.3,balanced
1781478753249.01,0.4,0.3,0.3,618.9795918367347,641.6666666666666,0.12379591836734694,378.7246852764094,470.4570333880678,0.024598044381348192,1.0,1.0,1.0,34,8,2.243102219338657,0,2.243102219338657,False,False,False,True,0,22,18,0.4,0.3,0.3,balanced
1781478755961.804,0.4,0.3,0.3,614.7284144427001,636.8888888888889,0.12294568288854002,388.37448559670787,505.0205761316872,0.025241793568826408,1.0,1.0,1.0,35,8,2.243249188773936,0,2.243249188773936,False,False,False,True,0,23,18,0.4,0.3,0.3,balanced
1781478758784.494,0.4,0.3,0.3,613.5949764521192,635.2222222222222,0.12271899529042385,397.72372742200326,500.16967706622876,0.02586549215623771,1.0,1.0,1.0,37,8,2.2431527542369594,0,2.2431527542369594,False,False,False,True,0,24,18,0.4,0.3,0.3,balanced
1781478761504.7988,0.4,0.3,0.3,610.5196232339089,631.1111111111111,0.12210392464678177,519.9240831185275,670.0349342016009,0.03401761728609256,0.9958718530147102,0.9958847736625513,0.9958718530147102,38,8,2.2397147008598726,0,2.2397147008598726,False,False,False,True,0,25,18,0.4,0.3,0.3,balanced
1781478764226.154,0.4,0.3,0.3,606.5620094191523,625.8888888888889,0.12131240188383047,401.60420340975895,495.19253380364495,0.026124363136074646,1.0,1.0,1.0,40,8,2.2436377303056454,0,2.2436377303056454,False,False,False,True,0,26,18,0.4,0.3,0.3,balanced
1781478766946.651,0.4,0.3,0.3,604.3124018838305,623.5555555555555,0.1208624803767661,470.432833627278,560.0440917107584,0.030715999574868445,1.0,1.0,1.0,41,8,2.242440207976833,0,2.242440207976833,False,False,False,True,0,27,18,0.4,0.3,0.3,balanced
1781478774350.907,0.4,0.3,0.3,278.0313971742543,354.55555555555554,0.055606279434850865,236.56462585034012,236.1753590325019,0.015114384646453644,0.44897959183673464,0.5555555555555556,0.44897959183673464,43,8,2.107917050383144,0,2.107917050383144,False,False,False,True,0,28,18,0.4,0.3,0.3,balanced
1781478777073.921,0.4,0.3,0.3,601.6279434850862,619.0,0.12032558869701725,449.3096606458675,559.4923371647509,0.02930684860879703,1.0,1.0,1.0,44,8,2.243077709938554,0,2.243077709938554,False,False,False,True,0,29,18,0.4,0.3,0.3,balanced
1781478779796.4548,0.4,0.3,0.3,599.8147566718995,617.7777777777778,0.11996295133437991,458.450911228689,559.6737213403879,0.029916671863154703,1.0,1.0,1.0,44,8,2.2430398179073014,2,2.2430398179073014,False,False,False,True,0,30,18,0.4,0.3,0.3,balanced
1781478782520.396,0.4,0.3,0.3,599.1130298273155,615.6666666666666,0.1198226059654631,478.00264550264546,602.6014109347442,0.03122099036041664,1.0,1.0,1.0,46,8,2.24270466050569,0,2.24270466050569,False,False,False,True,0,31,18,0.4,0.3,0.3,balanced
1781478785140.589,0.4,0.3,0.3,597.2715855572998,613.5555555555555,0.11945431711145996,521.2506172839506,669.9402975625198,0.03410611189352573,0.993841323511653,0.9957264957264957,0.993841323511653,47,8,2.2401388366408543,0,2.2401388366408543,False,False,False,True,0,32,18,0.4,0.3,0.3,balanced
1781478787853.928,0.4,0.3,0.3,598.6106750392463,615.4444444444445,0.11972213500784926,473.1549646252711,590.1098745160048,0.0308975960390441,0.996156552806799,0.9961685823754789,0.996156552806799,46,8,2.2416888330271867,1,2.2416888330271867,False,False,False,True,0,33,18,0.4,0.3,0.3,balanced
1781478790573.709,0.4,0.3,0.3,598.8948194662479,616.0,0.11977896389324957,503.78147235905857,623.6603721948549,0.032940725307475556,1.0,1.0,1.0,46,8,2.2422061968504576,2,2.2422061968504576,False,False,False,True,0,34,18,0.4,0.3,0.3,balanced
1781478793295.979,0.4,0.3,0.3,597.7943485086342,614.5555555555555,0.11955886970172686,505.50561029009305,615.2476737821564,0.03305574451568333,1.0,1.0,1.0,47,8,2.2422597287646044,0,2.2422597287646044,False,False,False,True,0,35,18,0.4,0.3,0.3,balanced
1781478832039.433,0.4,0.3,0.3,594.0627943485086,609.5555555555555,0.11881255886970173,551.7371373836891,670.6554460864805,0.036139902427197404,1.0,1.0,1.0,49,8,2.24163300572396,0,2.24163300572396,False,False,False,True,1,36,18,0.4,0.3,0.3,balanced
1781478834758.613,0.4,0.3,0.3,597.3045525902668,614.2222222222222,0.11946091051805335,584.78468547913,690.7995296884186,0.03834454205998199,0.9941690962099123,0.9960317460317462,0.9941690962099123,47,8,2.2389630020377576,1,2.2389630020377576,False,False,False,True,0,37,18,0.4,0.3,0.3,balanced
1781478837480.9749,0.4,0.3,0.3,594.0251177394034,609.8888888888889,0.11880502354788068,581.5017788724684,684.1844553913519,0.03812553561524139,1.0,1.0,1.0,49,8,2.241040329896275,0,2.241040329896275,False,False,False,True,0,38,18,0.4,0.3,0.3,balanced
1781478843689.8489,0.4,0.3,0.3,594.4740973312402,610.1111111111111,0.11889481946624803,566.4814814814815,691.5637860082304,0.03712351444172659,1.0,1.0,1.0,50,8,2.2413050178809826,0,2.2413050178809826,False,False,False,True,0,39,18,0.4,0.3,0.3,balanced
1781478846408.193,0.4,0.3,0.3,591.0470957613815,606.7777777777778,0.11820941915227628,579.7749042145593,729.8864258347016,0.038010333836861865,1.0,1.0,1.0,52,8,2.241313132188031,0,2.241313132188031,False,False,False,True,0,40,18,0.4,0.3,0.3,balanced
1781478849025.763,0.4,0.3,0.3,591.0047095761381,605.5555555555555,0.11820094191522762,611.2962962962963,744.6502057613168,0.04011316186099375,1.0,1.0,1.0,53,8,2.240685674675611,0,2.240685674675611,False,False,False,True,0,41,18,0.4,0.3,0.3,balanced
1781478851639.789,0.4,0.3,0.3,589.7032967032966,603.5555555555555,0.11794065934065932,638.8477366255144,800.0823045267491,0.041951149874950924,1.0,1.0,1.0,55,8,2.240238391301251,0,2.240238391301251,False,False,False,True,0,42,18,0.4,0.3,0.3,balanced
1781478854364.126,0.4,0.3,0.3,589.7770800627943,603.0,0.11795541601255886,652.4302134646961,765.344827586207,0.0428572523992459,1.0,1.0,1.0,56,8,2.2399606578752027,0,2.2399606578752027,False,False,False,True,0,43,18,0.4,0.3,0.3,balanced
1781478856987.133,0.4,0.3,0.3,587.1193092621663,600.7777777777778,0.11742386185243327,692.2075249853028,813.0144032921812,0.04551084222717164,1.0,1.0,1.0,58,8,2.2393772025908754,0,2.2393772025908754,False,False,False,True,0,44,18,0.4,0.3,0.3,balanced
1781478859703.318,0.4,0.3,0.3,586.7645211930926,599.6666666666666,0.11735290423861852,10639.848797789411,10874.546896271037,0.7091293394122355,0.9703911500181732,0.9685276409414342,0.9703911500181732,59,8,2.031437381486334,0,2.031437381486334,False,False,False,True,0,45,18,0.4,0.3,0.3,balanced
1781478862325.854,0.4,0.3,0.3,584.2260596546311,597.0,0.11684521193092622,612.5182019626463,771.0572966128522,0.04019467658189769,1.0,1.0,1.0,61,8,2.24120351225306,0,2.24120351225306,False,False,False,True,0,46,18,0.4,0.3,0.3,balanced
1781478864945.043,0.4,0.3,0.3,583.0533751962322,595.6666666666666,0.11661067503924644,699.2041446208112,848.5758377425043,0.04597759470452376,1.0,1.0,1.0,64,8,2.239562451572944,0,2.239562451572944,False,False,False,True,0,47,18,0.4,0.3,0.3,balanced
1781478867557.6912,0.4,0.3,0.3,583.1130298273155,596.1111111111111,0.11662260596546309,737.5448265726043,890.7686654908878,0.04853534533506366,1.0,1.0,1.0,65,8,2.238790354013296,0,2.238790354013296,False,False,False,True,0,48,18,0.4,0.3,0.3,balanced
1781478870171.61,0.4,0.3,0.3,580.5227629513344,592.5555555555555,0.11610455259026688,671.7269253380364,824.7413286302176,0.044144558061243254,1.0,1.0,1.0,67,8,2.2403148115455203,0,2.2403148115455203,False,False,False,True,0,49,18,0.4,0.3,0.3,balanced
1781478872784.245,0.4,0.3,0.3,580.3202511773941,591.6666666666666,0.11606405023547882,807.3493533215754,981.5755437977659,0.05319208494473485,1.0,1.0,1.0,68,8,2.237616754422388,0,2.237616754422388,False,False,False,True,0,50,18,0.4,0.3,0.3,balanced
1781478875404.958,0.4,0.3,0.3,578.8430141287283,590.7777777777778,0.11576860282574566,585.4063786008229,756.8415637860082,0.03838601591733308,1.0,1.0,1.0,67,8,2.2421767540945017,1,2.2421767540945017,False,False,False,True,0,51,18,0.4,0.3,0.3,balanced
1781478881609.631,0.4,0.3,0.3,581.9466248037676,594.0,0.11638932496075352,638.4729570840681,823.6978248089358,0.041926147904207345,1.0,1.0,1.0,65,8,2.2408664256444366,1,2.2408664256444366,False,False,False,True,0,52,18,0.4,0.3,0.3,balanced
1781478886826.233,0.4,0.3,0.3,109.94505494505495,206.55555555555554,0.02198901098901099,156.85236625514403,104.56824417009602,0.009796688876260442,0.17739403453689168,0.3333333333333333,0.17739403453689168,64,8,2.041483599302585,1,2.041483599302585,False,False,False,True,0,53,18,0.4,0.3,0.3,balanced
1781478889450.344,0.4,0.3,0.3,584.4615384615385,597.4444444444445,0.11689230769230768,585.164609053498,745.4320987654321,0.038369887195029886,1.0,1.0,1.0,61,8,2.241732110764568,1,2.241732110764568,False,False,False,True,0,54,18,0.4,0.3,0.3,balanced
1781478892073.262,0.4,0.3,0.3,585.309262166405,598.6666666666666,0.117061852433281,544.9588477366254,715.4732510288065,0.035687714992436656,1.0,1.0,1.0,59,8,2.2424689445289565,1,2.2424689445289565,False,False,False,True,0,55,18,0.4,0.3,0.3,balanced
1781478894697.151,0.4,0.3,0.3,585.5164835164835,599.5555555555555,0.1171032967032967,550.5643738977071,696.5314520870077,0.03606166603720528,1.0,1.0,1.0,58,8,2.2423401815075197,1,2.2423401815075197,False,False,False,True,0,56,18,0.4,0.3,0.3,balanced
1781478897320.509,0.4,0.3,0.3,589.3657770800628,603.3333333333334,0.11787315541601256,516.0817166372722,669.0064667842446,0.033761288634908085,1.0,1.0,1.0,56,8,2.2427223512431227,1,2.2427223512431227,False,False,False,True,0,57,18,0.4,0.3,0.3,balanced
1781478900035.703,0.4,0.3,0.3,589.9403453689168,604.1111111111111,0.11798806907378337,548.9983579638752,704.7359058565955,0.035957195327810214,1.0,1.0,1.0,55,8,2.2420176137721435,1,2.2420176137721435,False,False,False,True,0,58,18,0.4,0.3,0.3,balanced
1781478902659.294,0.4,0.3,0.3,590.7551020408163,605.3333333333334,0.11815102040816325,561.5226337448559,689.5884773662551,0.03679270405235863,1.0,1.0,1.0,53,8,2.2417017806210273,1,2.2417017806210273,False,False,False,True,0,59,18,0.4,0.3,0.3,balanced
1781478905276.21,0.4,0.3,0.3,587.6263736263736,602.2222222222222,0.11752527472527473,590.0514403292182,731.738683127572,0.038695893284137306,1.0,1.0,1.0,55,8,2.2413811221246487,0,2.2413811221246487,False,False,False,True,0,60,18,0.4,0.3,0.3,balanced
1781478907893.83,0.4,0.3,0.3,591.309262166405,606.0,0.118261852433281,605.4882874327319,722.6495726495726,0.039725702964158234,1.0,1.0,1.0,53,8,2.24077754813744,1,2.24077754813744,False,False,False,True,0,61,18,0.4,0.3,0.3,balanced
1781478910512.326,0.4,0.3,0.3,592.0643642072213,605.4444444444445,0.11841287284144425,600.3079071134625,730.8215755437977,0.039380113883486494,1.0,1.0,1.0,55,8,2.2408208166983763,0,2.2408208166983763,False,False,False,True,0,62,18,0.4,0.3,0.3,balanced
1781478916819.688,0.4,0.3,0.3,589.8492935635792,603.8888888888889,0.11796985871271584,514.1153530377668,650.6910235358512,0.033630110276035144,1.0,1.0,1.0,53,8,2.242723023432103,1,2.242723023432103,False,False,False,True,0,63,18,0.4,0.3,0.3,balanced
1781478919444.0999,0.4,0.3,0.3,592.0580847723704,606.3333333333334,0.11841161695447408,536.8518518518518,669.7942386831277,0.03514688804882267,1.0,1.0,1.0,52,8,2.2420912868035634,1,2.2420912868035634,False,False,False,True,0,64,18,0.4,0.3,0.3,balanced
1781478922168.375,0.4,0.3,0.3,593.8681318681319,608.8888888888889,0.11877362637362637,516.6108171663727,629.5517342739564,0.03379658553478137,1.0,1.0,1.0,50,8,2.242351573790115,1,2.242351573790115,False,False,False,True,0,65,18,0.4,0.3,0.3,balanced
1781478924796.814,0.4,0.3,0.3,595.7127158555729,611.3333333333334,0.11914254317111458,449.3344412788857,575.0854700854701,0.029308501753094445,1.0,1.0,1.0,49,8,2.243550432205626,1,2.243550432205626,False,False,False,True,0,66,18,0.4,0.3,0.3,balanced
1781478927518.938,0.4,0.3,0.3,597.4835164835164,614.3333333333334,0.11949670329670328,447.27307972997625,570.9835492306756,0.02917098597264685,0.9979255438439112,0.9960317460317462,0.9979255438439112,47,8,2.242827686042698,1,2.242827686042698,False,False,False,True,0,67,18,0.4,0.3,0.3,balanced
1781478930131.875,0.4,0.3,0.3,596.1130298273155,612.0,0.1192226059654631,524.7974042418487,651.1554289332066,0.034342722097521594,1.0,1.0,1.0,49,8,2.2420081409845585,0,2.2420081409845585,False,False,False,True,0,68,18,0.4,0.3,0.3,balanced
1781478932854.317,0.4,0.3,0.3,596.8963893249608,613.6666666666666,0.11937927786499215,485.32088122605364,590.012315270936,0.0317091982138795,1.0,1.0,1.0,47,8,2.242735529389839,1,2.242735529389839,False,False,False,True,0,69,18,0.4,0.3,0.3,balanced
1781478935567.939,0.4,0.3,0.3,598.0455259026687,615.1111111111111,0.11960910518053375,496.5592501368363,592.8516694033935,0.03245892262420522,1.0,1.0,1.0,46,8,2.242418681140525,1,2.242418681140525,False,False,False,True,0,70,18,0.4,0.3,0.3,balanced
1781478938284.7422,0.4,0.3,0.3,601.4678178963893,619.3333333333334,0.12029356357927787,519.5436507936507,640.3571428571429,0.03399223821171786,1.0,1.0,1.0,44,8,2.2416849031047734,1,2.2416849031047734,False,False,False,True,0,71,18,0.4,0.3,0.3,balanced
1781478941008.5198,0.4,0.3,0.3,601.5651491365777,620.1111111111111,0.12031302982731554,477.67857142857133,592.3809523809524,0.03119937100924425,1.0,1.0,1.0,43,8,2.2425149767663006,1,2.2425149767663006,False,False,False,True,0,72,18,0.4,0.3,0.3,balanced
1781478943730.165,0.4,0.3,0.3,600.1538461538462,617.7777777777778,0.12003076923076923,470.9345922276956,574.480021893815,0.0307494724634887,1.0,1.0,1.0,44,8,2.2427628505686457,0,2.2427628505686457,False,False,False,True,0,73,18,0.4,0.3,0.3,balanced
1781478946444.046,0.4,0.3,0.3,602.8257456828885,620.4444444444445,0.1205651491365777,478.8073192239858,596.90329218107,0.03127467106230726,1.0,1.0,1.0,43,8,2.2423915390266767,1,2.2423915390266767,False,False,False,True,0,74,18,0.4,0.3,0.3,balanced
1781478952743.542,0.4,0.3,0.3,604.938775510204,624.2222222222222,0.1209877551020408,416.2522045855378,546.6093474426807,0.027101548004372103,1.0,1.0,1.0,41,8,2.2434744335578722,1,2.2434744335578722,False,False,False,True,0,75,18,0.4,0.3,0.3,balanced
1781478955460.4941,0.4,0.3,0.3,605.2621664050235,624.8888888888889,0.1210524332810047,443.3884479717813,544.1754850088183,0.02891183775662317,1.0,1.0,1.0,40,8,2.2429054753606112,1,2.2429054753606112,False,False,False,True,0,76,18,0.4,0.3,0.3,balanced
1781478958273.921,0.4,0.3,0.3,610.6546310832025,631.1111111111111,0.1221309262166405,393.31143951833604,496.1494252873563,0.025571143396820283,1.0,1.0,1.0,38,8,2.243476286494298,1,2.243476286494298,False,False,False,True,0,77,18,0.4,0.3,0.3,balanced
1781478960995.399,0.4,0.3,0.3,606.1773940345369,626.0,0.12123547880690737,415.6069958847736,531.7034097589653,0.027058505395915516,1.0,1.0,1.0,40,8,2.2433882568584624,0,2.2433882568584624,False,False,False,True,0,78,18,0.4,0.3,0.3,balanced
1781478963714.588,0.4,0.3,0.3,604.4992150706436,623.3333333333334,0.12089984301412872,450.0205761316873,572.0987654320987,0.02935427459184038,1.0,1.0,1.0,41,8,2.242833780416796,0,2.242833780416796,False,False,False,True,0,79,18,0.4,0.3,0.3,balanced
1781478966439.847,0.4,0.3,0.3,599.9686028257457,618.3333333333334,0.11999372056514915,425.72971781305114,566.8356848912404,0.02773380372335231,1.0,1.0,1.0,43,8,2.2436823706569347,0,2.2436823706569347,False,False,False,True,0,80,18,0.4,0.3,0.3,balanced
1781478969163.783,0.4,0.3,0.3,603.2574568288853,622.4444444444445,0.12065149136577706,403.74853027630803,508.3700764256321,0.02626741362750554,1.0,1.0,1.0,41,8,2.2438591793654377,1,2.2438591793654377,False,False,False,True,0,81,18,0.4,0.3,0.3,balanced
1781478971889.272,0.4,0.3,0.3,607.1350078492935,626.6666666666666,0.12142700156985871,384.54144620811286,494.86625514403295,0.02498608713863328,1.0,1.0,1.0,40,8,2.2439333732304667,1,2.2439333732304667,False,False,False,True,0,82,18,0.4,0.3,0.3,balanced
1781478974612.3408,0.4,0.3,0.3,610.662480376766,631.2222222222222,0.1221324960753532,405.332383665717,494.01234567901236,0.026373074293910406,1.0,1.0,1.0,38,8,2.2432350792816855,1,2.2432350792816855,False,False,False,True,0,83,18,0.4,0.3,0.3,balanced
1781478977333.4502,0.4,0.3,0.3,609.4678178963893,630.6666666666666,0.12189356357927786,369.58186360964135,461.68283362727806,0.023988116318188216,1.0,1.0,1.0,37,8,2.2440461396728324,1,2.2440461396728324,False,False,False,True,0,84,18,0.4,0.3,0.3,balanced
1781478980152.739,0.4,0.3,0.3,616.5196232339089,638.4444444444445,0.12330392464678178,355.09168035030103,439.45675971538043,0.02302145966312882,1.0,1.0,1.0,35,8,2.2437719922423485,1,2.2437719922423485,False,False,False,True,0,85,18,0.4,0.3,0.3,balanced
1781478983178.674,0.4,0.3,0.3,617.1098901098901,639.4444444444445,0.12342197802197802,544.3747611035917,689.4211579191418,0.03564874990684401,0.8378418022466966,0.8665183537263625,0.8378418022466966,34,8,2.1912891244931645,1,2.1912891244931645,False,False,False,True,0,86,18,0.4,0.3,0.3,balanced
1781478989584.6182,0.4,0.3,0.3,622.25431711146,646.4444444444445,0.12445086342229199,347.6001692716252,419.94308621703266,0.022521692413050378,0.9942812289751064,0.9960317460317462,0.9942812289751064,32,8,2.2417475155997,1,2.2417475155997,False,False,False,True,0,87,18,0.4,0.3,0.3,balanced
1781478992401.918,0.4,0.3,0.3,632.8445839874411,659.7777777777778,0.12656891679748822,332.66754850088176,422.53968253968253,0.021525520246890046,1.0,1.0,1.0,29,8,2.2429147772069378,1,2.2429147772069378,False,False,False,True,0,88,18,0.4,0.3,0.3,balanced
1781478995219.4778,0.4,0.3,0.3,635.1208791208791,662.8888888888889,0.1270241758241758,260.89212228101115,330.8098177542622,0.01673729968519087,1.0,1.0,1.0,28,8,2.2441691397647725,1,2.2441691397647725,False,False,False,True,0,89,18,0.4,0.3,0.3,balanced
1781478998045.447,0.4,0.3,0.3,631.2919937205651,657.1111111111111,0.12625839874411302,306.4180007235563,379.37627187627186,0.019774382970217233,0.9841103718654738,0.987801293356849,0.9841103718654738,29,8,2.238797437170932,0,2.238797437170932,False,False,False,True,0,90,18,0.4,0.3,0.3,balanced
1781479000861.6892,0.4,0.3,0.3,633.0015698587127,659.7777777777778,0.12660031397174254,275.8024691358024,363.4156378600823,0.017731985933008836,1.0,1.0,1.0,28,8,2.2440402786314,1,2.2440402786314,False,False,False,True,0,91,18,0.4,0.3,0.3,balanced
1781479003680.819,0.4,0.3,0.3,629.7613814756671,656.0,0.12595227629513342,273.7257495590829,366.7225161669606,0.017593445601006195,0.9942812289751065,0.9960317460317459,0.9942812289751065,29,8,2.2426254244941766,0,2.2426254244941766,False,False,False,True,0,92,18,0.4,0.3,0.3,balanced
1781479006504.374,0.4,0.3,0.3,619.480376766091,644.0,0.1238960753532182,306.333470169677,387.5738916256158,0.019768743840538828,1.0,1.0,1.0,32,8,2.244510946706551,0,2.244510946706551,False,False,False,True,0,93,18,0.4,0.3,0.3,balanced
1781479009316.4102,0.4,0.3,0.3,630.5949764521193,657.0,0.12611899529042386,282.99603174603175,361.468253968254,0.018211876700869364,1.0,1.0,1.0,29,8,2.24408883887357,1,2.24408883887357,False,False,False,True,0,94,18,0.4,0.3,0.3,balanced
1781479012131.001,0.4,0.3,0.3,634.0188383045524,661.4444444444445,0.12680376766091048,291.3095238095238,371.984126984127,0.01876647924012834,1.0,1.0,1.0,28,8,2.243648549163597,1,2.243648549163597,False,False,False,True,0,95,18,0.4,0.3,0.3,balanced
1781479014943.062,0.4,0.3,0.3,637.1742543171114,666.8888888888889,0.12743485086342227,249.6766607877719,328.2128159905938,0.01598910345482134,1.0,1.0,1.0,26,8,2.244229328618185,1,2.244229328618185,False,False,False,True,0,96,18,0.4,0.3,0.3,balanced
1781479017767.0232,0.4,0.3,0.3,645.2244897959183,675.3333333333334,0.12904489795918367,223.76068376068375,283.7765115542893,0.014260219063421196,1.0,1.0,1.0,25,8,2.2441039750973,1,2.2441039750973,False,False,False,True,0,97,18,0.4,0.3,0.3,balanced
1781479024275.0708,0.4,0.3,0.3,654.8901098901098,687.6666666666666,0.13097802197802197,223.58024691358025,278.641975308642,0.014248181915515695,1.0,1.0,1.0,23,8,2.2433343366341365,1,2.2433343366341365,False,False,False,True,0,98,18,0.4,0.3,0.3,balanced
1781479027187.106,0.4,0.3,0.3,656.6153846153845,691.2222222222222,0.1313230769230769,219.1358024691358,273.4567901234568,0.013951687956580106,1.0,1.0,1.0,22,8,2.2432852628437954,1,2.2432852628437954,False,False,False,True,0,99,18,0.4,0.3,0.3,balanced
1781479030106.924,0.4,0.3,0.3,652.7032967032966,686.3333333333334,0.1305406593406593,227.75132275132273,305.5908289241622,0.014526439142850083,1.0,1.0,1.0,23,8,2.2434258045208813,0,2.2434258045208813,False,False,False,True,0,100,18,0.4,0.3,0.3,balanced
1781479033020.812,0.4,0.3,0.3,658.5839874411303,693.4444444444445,0.13171679748822604,210.66211052322163,269.48118753674305,0.013386398300415051,1.0,1.0,1.0,22,8,2.243297361514585,1,2.243297361514585,False,False,False,True,0,101,18,0.4,0.3,0.3,balanced
1781479036043.136,0.4,0.3,0.3,670.4332810047094,707.6666666666666,0.1340866562009419,215.73412698412693,292.06349206349205,0.013724758304478115,1.0,1.0,1.0,20,8,2.2422479100282797,1,2.2422479100282797,False,False,False,True,0,102,18,0.4,0.3,0.3,balanced
1781479038954.918,0.4,0.3,0.3,657.1381475667191,692.0,0.13142762951334383,239.21415004748337,305.2484963596075,0.015291137428117637,1.0,1.0,1.0,22,8,2.2428416069662274,0,2.2428416069662274,False,False,False,True,0,103,18,0.4,0.3,0.3,balanced
1781479041976.684,0.4,0.3,0.3,670.1538461538461,708.4444444444445,0.1340307692307692,192.26388128686978,236.21358632852883,0.012159031440084709,1.0,1.0,1.0,20,8,2.242739982875667,1,2.242739982875667,False,False,False,True,0,104,18,0.4,0.3,0.3,balanced
1781479044990.072,0.4,0.3,0.3,678.8932496075353,718.2222222222222,0.13577864992150707,164.3092298647854,210.26014109347443,0.01029414475415513,1.0,1.0,1.0,19,8,2.2426002966051506,1,2.2426002966051506,False,False,False,True,0,105,18,0.4,0.3,0.3,balanced
1781479048113.3809,0.4,0.3,0.3,693.6530612244898,737.7777777777778,0.13873061224489794,152.61904761904762,186.74603174603175,0.009514279360843737,1.0,1.0,1.0,17,8,2.241653471293788,1,2.241653471293788,False,False,False,True,0,106,18,0.4,0.3,0.3,balanced
1781479051132.938,0.4,0.3,0.3,678.7158555729984,718.5555555555555,0.1357431711145997,170.65159634604078,219.43517387961833,0.010717251257240878,1.0,1.0,1.0,19,8,2.2424875561769877,0,2.2424875561769877,False,False,False,True,0,107,18,0.4,0.3,0.3,balanced
1781479054255.898,0.4,0.3,0.3,692.6703296703296,737.0,0.13853406593406592,148.3011767925561,192.03886152162016,0.009226229272351975,1.0,1.0,1.0,17,8,2.241818504844668,1,2.241818504844668,False,False,False,True,0,108,18,0.4,0.3,0.3,balanced
1781479060961.634,0.4,0.3,0.3,702.3359497645212,749.6666666666666,0.14046718995290422,139.67225161669603,176.38594944150498,0.008650583830333292,1.0,1.0,1.0,16,8,2.241217948869738,1,2.241217948869738,False,False,False,True,0,109,18,0.4,0.3,0.3,balanced
1781479064180.582,0.4,0.3,0.3,725.2009419152276,778.4444444444445,0.14504018838304553,155.47325102880657,193.29218106995887,0.009704686526271286,1.0,1.0,1.0,14,8,2.2390725186889004,1,2.2390725186889004,False,False,False,True,0,110,18,0.4,0.3,0.3,balanced
1781479067394.905,0.4,0.3,0.3,736.861852433281,795.2222222222222,0.1473723704866562,120.22554605887939,157.52769863880974,0.007353271918537651,1.0,1.0,1.0,13,8,2.238845070229776,1,2.238845070229776,False,False,False,True,0,111,18,0.4,0.3,0.3,balanced
1781479070912.024,0.4,0.3,0.3,637.6828885400313,718.1111111111111,0.12753657770800625,255.55555555555554,320.6093189964157,0.016381291231191163,0.8398744113029827,0.8888888888888888,0.8398744113029827,14,8,2.196033304938335,0,2.196033304938335,False,False,False,True,0,112,18,0.4,0.3,0.3,balanced
1781479074032.0388,0.4,0.3,0.3,702.076923076923,749.2222222222222,0.1404153846153846,141.01631393298058,183.84920634920636,0.008740247760705843,1.0,1.0,1.0,16,8,2.2412117718256344,0,2.2412117718256344,False,False,False,True,0,113,18,0.4,0.3,0.3,balanced
1781479077249.367,0.4,0.3,0.3,724.1978021978022,777.7777777777778,0.14483956043956042,129.35332157554382,172.6278659611993,0.00796219623586016,1.0,1.0,1.0,14,8,2.239675516953418,1,2.239675516953418,False,False,False,True,0,114,18,0.4,0.3,0.3,balanced
1781479080373.807,0.4,0.3,0.3,702.4128728414443,750.1111111111111,0.14048257456828886,149.53042328042326,197.3265726043504,0.00930823370783344,1.0,1.0,1.0,16,8,2.2410145000603343,0,2.2410145000603343,False,False,False,True,0,115,18,0.4,0.3,0.3,balanced
1781479083592.569,0.4,0.3,0.3,725.0879120879121,778.7777777777778,0.14501758241758242,144.05496766607877,200.39976484420927,0.008942959817616995,1.0,1.0,1.0,14,8,2.239310079087682,1,2.239310079087682,False,False,False,True,0,116,18,0.4,0.3,0.3,balanced
1781479086715.667,0.4,0.3,0.3,701.8414442700156,748.2222222222222,0.14036828885400313,156.26322751322752,207.8277483833039,0.009757386758720982,1.0,1.0,1.0,16,8,2.2409254684307824,0,2.2409254684307824,False,False,False,True,0,117,18,0.4,0.3,0.3,balanced
1781479089935.657,0.4,0.3,0.3,725.5792778649922,779.2222222222222,0.14511585557299844,135.30790711346265,177.15608465608466,0.008359433429850743,1.0,1.0,1.0,14,8,2.239445827741845,1,2.239445827741845,False,False,False,True,0,118,18,0.4,0.3,0.3,balanced
1781479096832.659,0.4,0.3,0.3,739.9230769230769,797.5555555555555,0.14798461538461538,119.04100529100528,154.8721340388007,0.007274249852635442,1.0,1.0,1.0,13,8,2.238623878890363,1,2.238623878890363,False,False,False,True,0,119,18,0.4,0.3,0.3,balanced
1781479100055.503,0.4,0.3,0.3,726.186813186813,779.7777777777778,0.1452373626373626,120.87007642563196,156.87683715461492,0.007396269274558503,1.0,1.0,1.0,14,8,2.2396861741626872,0,2.2396861741626872,False,False,False,True,0,120,18,0.4,0.3,0.3,balanced
1781479103579.1309,0.4,0.3,0.3,651.8681318681317,736.3333333333334,0.13037362637362634,97.50776583034647,118.44086021505376,0.005837742883945728,0.8398744113029827,0.8888888888888888,0.8398744113029827,13,8,2.1980615499762606,1,2.1980615499762606,False,False,False,True,0,121,18,0.4,0.3,0.3,balanced
1781479107005.1328,0.4,0.3,0.3,779.5786516853932,837.6666666666666,0.15591573033707865,200.41172686333974,298.18613485280156,0.01270258351323147,0.9999999999999998,1.0,0.9999999999999998,11,8,2.233822932811199,1,2.233822932811199,False,False,False,True,0,122,18,0.4,0.3,0.3,balanced
1781479110525.374,0.4,0.3,0.3,797.6797488226058,872.7777777777778,0.15953594976452115,87.37874779541445,117.0355673133451,0.005162024536051665,1.0,1.0,1.0,10,8,2.234637012733376,1,2.234637012733376,False,False,False,True,0,123,18,0.4,0.3,0.3,balanced
1781479114138.33,0.4,0.3,0.3,782.7174254317111,853.4444444444445,0.15654348508634222,215.40283099191143,262.21264367816093,0.013702657170908034,0.9809393632405595,0.98440065681445,0.9809393632405595,11,8,2.2275536177863584,0,2.2275536177863584,False,False,False,True,0,124,18,0.4,0.3,0.3,balanced
1781479117453.4048,0.4,0.3,0.3,739.0753532182104,796.8888888888889,0.14781507064364208,130.63492063492063,166.78571428571428,0.008047693171108782,1.0,1.0,1.0,13,8,2.2384596637912106,0,2.2384596637912106,False,False,False,True,0,125,18,0.4,0.3,0.3,balanced
1781479120678.27,0.4,0.3,0.3,722.7252747252746,776.3333333333334,0.14454505494505493,182.36625514403292,240.41152263374482,0.011498749509275045,1.0,1.0,1.0,14,8,2.2387323531691954,0,2.2387323531691954,False,False,False,True,0,126,18,0.4,0.3,0.3,balanced
1781479123890.481,0.4,0.3,0.3,737.7708006279435,795.5555555555555,0.1475541601255887,151.60414688192463,209.46343779677113,0.009446574174911583,1.0,1.0,1.0,13,8,2.238144363697291,1,2.238144363697291,False,False,False,True,0,127,18,0.4,0.3,0.3,balanced
1781479130690.2212,0.4,0.3,0.3,724.7551020408163,778.4444444444445,0.14495102040816327,151.20517342739564,208.99470899470896,0.009419958200626794,1.0,1.0,1.0,14,8,2.239193604376547,0,2.239193604376547,False,False,False,True,0,128,18,0.4,0.3,0.3,balanced
1781479133813.205,0.4,0.3,0.3,700.2135007849292,747.2222222222222,0.14004270015698586,178.10699588477365,236.5020576131687,0.011214609465295107,1.0,1.0,1.0,16,8,2.240618537097617,0,2.240618537097617,False,False,False,True,0,129,18,0.4,0.3,0.3,balanced
1781479136930.011,0.4,0.3,0.3,691.9560439560439,735.8888888888889,0.13839120879120878,170.82322264793527,218.14875630967583,0.010728700643624767,0.9960192868356132,0.9960317460317462,0.9960192868356132,17,8,2.240230692341113,0,2.240230692341113,False,False,False,True,0,130,18,0.4,0.3,0.3,balanced
1781479139950.225,0.4,0.3,0.3,673.7535321821035,714.3333333333334,0.1347507064364207,201.07549857549856,256.70465337132003,0.01274686448135414,1.0,1.0,1.0,19,8,2.2422756580810255,0,2.2422756580810255,False,False,False,True,0,131,18,0.4,0.3,0.3,balanced
1781479142970.648,0.4,0.3,0.3,670.1491365777078,707.8888888888889,0.13402982731554158,209.7971781305115,265.8039388594944,0.013328697673816644,1.0,1.0,1.0,20,8,2.2423894597716383,0,2.2423894597716383,False,False,False,True,0,132,18,0.4,0.3,0.3,balanced
1781479145892.135,0.4,0.3,0.3,658.5510204081631,692.7777777777778,0.13171020408163261,198.53468547912993,267.0164609053498,0.012577363941236153,1.0,1.0,1.0,22,8,2.2435427091849762,0,2.2435427091849762,False,False,False,True,0,133,18,0.4,0.3,0.3,balanced
1781479148914.406,0.4,0.3,0.3,669.3720565149137,707.6666666666666,0.13387441130298272,177.99945265462512,240.82238642583468,0.011207435133730828,1.0,1.0,1.0,20,8,2.243088004938688,1,2.243088004938688,False,False,False,True,0,134,18,0.4,0.3,0.3,balanced
1781479151931.335,0.4,0.3,0.3,676.3375196232338,716.4444444444445,0.13526750392464676,200.6003821281599,267.88212815990596,0.012715168921158098,1.0,1.0,1.0,19,8,2.242078447753794,1,2.242078447753794,False,False,False,True,0,135,18,0.4,0.3,0.3,balanced
1781479155050.521,0.4,0.3,0.3,691.5886970172684,736.2222222222222,0.13831773940345368,196.30584950029393,259.52821869488537,0.012428675750519941,1.0,1.0,1.0,17,8,2.2409443015134625,1,2.2409443015134625,False,False,False,True,0,136,18,0.4,0.3,0.3,balanced
1781479158075.336,0.4,0.3,0.3,675.8351648351647,715.8888888888889,0.13516703296703295,207.41990005878895,276.8841857730747,0.013170106741747095,1.0,1.0,1.0,19,8,2.2419821547906627,0,2.2419821547906627,False,False,False,True,0,137,18,0.4,0.3,0.3,balanced
1781479161093.184,0.4,0.3,0.3,669.9795918367347,708.0,0.13399591836734695,236.7174228141661,309.89134180705065,0.015124577906215218,0.9960192868356132,0.9960317460317462,0.9960192868356132,20,8,2.2406700453318806,0,2.2406700453318806,False,False,False,True,0,138,18,0.4,0.3,0.3,balanced
1781479167702.688,0.4,0.3,0.3,676.6483516483516,716.2222222222222,0.13532967032967033,219.8824221046443,291.4432686654909,0.014001495804179072,1.0,1.0,1.0,19,8,2.2416676831268783,1,2.2416676831268783,False,False,False,True,0,139,18,0.4,0.3,0.3,balanced
1781479170722.1091,0.4,0.3,0.3,671.1475667189952,709.1111111111111,0.13422951334379904,205.2057613168724,263.08495002939446,0.013022399020471809,1.0,1.0,1.0,20,8,2.242401474956339,0,2.242401474956339,False,False,False,True,0,140,18,0.4,0.3,0.3,balanced
1781479173640.041,0.4,0.3,0.3,658.2888540031397,692.6666666666666,0.13165777080062793,251.2595532039976,326.21399176954736,0.016094700013608913,1.0,1.0,1.0,22,8,2.242508481675666,0,2.242508481675666,False,False,False,True,0,141,18,0.4,0.3,0.3,balanced
1781479176560.882,0.4,0.3,0.3,652.8649921507064,685.4444444444445,0.13057299843014128,209.62522045855377,278.91240446795996,0.013317226181357823,1.0,1.0,1.0,23,8,2.243775632773536,0,2.243775632773536,False,False,False,True,0,142,18,0.4,0.3,0.3,balanced
1781479179483.685,0.4,0.3,0.3,645.4788069073783,675.8888888888889,0.12909576138147566,233.94418090778245,300.10784731091246,0.01493957177503552,0.9941690962099123,0.9960317460317462,0.9941690962099123,25,8,2.2421305527778728,0,2.2421305527778728,False,False,False,True,0,143,18,0.4,0.3,0.3,balanced
1781479182407.325,0.4,0.3,0.3,652.7158555729984,685.1111111111111,0.13054317111459968,207.62345679012344,263.722810111699,0.0131836862435039,1.0,1.0,1.0,23,8,2.243827625681109,1,2.243827625681109,False,False,False,True,0,144,18,0.4,0.3,0.3,balanced
1781479185226.1218,0.4,0.3,0.3,646.3908948194662,676.4444444444445,0.12927817896389324,231.81782209559984,288.0705919594809,0.014797719953008662,1.0,1.0,1.0,25,8,2.24384941242854,0,2.24384941242854,False,False,False,True,0,145,18,0.4,0.3,0.3,balanced
1781479188344.969,0.4,0.3,0.3,643.3877551020407,672.4444444444445,0.12867755102040815,365.58286807278745,456.2672318720706,0.023721338764028516,0.8524784958293845,0.8795442908346134,0.8524784958293845,26,8,2.1971561267114437,0,2.1971561267114437,False,False,False,True,0,146,18,0.4,0.3,0.3,balanced
1781479191169.677,0.4,0.3,0.3,634.5588697017268,661.2222222222222,0.12691177394034536,289.45552389996834,354.80215257993035,0.018642796791192018,1.0,1.0,1.0,28,8,2.243642451386504,0,2.243642451386504,False,False,False,True,0,147,18,0.4,0.3,0.3,balanced
1781479193995.321,0.4,0.3,0.3,631.6200941915228,657.8888888888889,0.12632401883830455,291.5057319223986,361.2845385067607,0.01877956850716468,1.0,1.0,1.0,29,8,2.2438365219125287,0,2.2438365219125287,False,False,False,True,0,148,18,0.4,0.3,0.3,balanced
1781479196822.5142,0.4,0.3,0.3,634.1287284144428,661.3333333333334,0.12682574568288857,295.66504997060554,355.4556143445032,0.019057041358946335,1.0,1.0,1.0,28,8,2.243552589319161,1,2.243552589319161,False,False,False,True,0,149,18,0.4,0.3,0.3,balanced
1781479203428.792,0.4,0.3,0.3,631.7362637362637,657.7777777777778,0.12634725274725275,257.79513888888886,304.02553763440864,0.016530696390186048,0.8398744113029827,0.8888888888888888,0.8398744113029827,29,8,2.196464213374938,0,2.196464213374938,False,False,False,True,0,150,18,0.4,0.3,0.3,balanced
1781479206246.563,0.4,0.3,0.3,635.3328100470958,662.3333333333334,0.12706656200941915,269.2798353909465,340.1883507439063,0.01729685359512652,1.0,1.0,1.0,28,8,2.2439843191176942,1,2.2439843191176942,False,False,False,True,0,151,18,0.4,0.3,0.3,balanced
1781479209068.789,0.4,0.3,0.3,632.2386185243328,658.5555555555555,0.12644772370486657,291.8084950029394,358.5361552028219,0.018799766177647725,1.0,1.0,1.0,29,8,2.243780980664759,0,2.243780980664759,False,False,False,True,0,152,18,0.4,0.3,0.3,balanced
1781479211791.508,0.4,0.3,0.3,622.8021978021977,646.4444444444445,0.12456043956043955,340.34108895220004,418.95378284267167,0.022037430884069384,1.0,1.0,1.0,32,8,2.2435645949106036,0,2.2435645949106036,False,False,False,True,0,153,18,0.4,0.3,0.3,balanced
1781479214512.002,0.4,0.3,0.3,618.2794348508634,641.1111111111111,0.12365588697017267,327.8410889522001,413.9933523266857,0.02120354162456305,1.0,1.0,1.0,34,8,2.244176582724562,0,2.244176582724562,False,False,False,True,0,154,18,0.4,0.3,0.3,balanced
1781479217238.2441,0.4,0.3,0.3,614.5886970172684,636.6666666666666,0.12291773940345367,336.98339212228103,435.36596119929453,0.021813435098217548,1.0,1.0,1.0,35,8,2.244288873709153,0,2.244288873709153,False,False,False,True,0,155,18,0.4,0.3,0.3,balanced
1781479219953.841,0.4,0.3,0.3,609.4631083202511,630.7777777777778,0.12189262166405021,326.99294532627863,432.7351557907113,0.021146960995749076,1.0,1.0,1.0,37,8,2.244898863035655,0,2.244898863035655,False,False,False,True,0,156,18,0.4,0.3,0.3,balanced
1781479222678.2888,0.4,0.3,0.3,607.8995290423861,627.8888888888889,0.12157990580847722,378.80144032921805,473.89329805996465,0.024603164798480192,1.0,1.0,1.0,38,8,2.243987088237065,0,2.243987088237065,False,False,False,True,0,157,18,0.4,0.3,0.3,balanced
1781479225403.679,0.4,0.3,0.3,606.5274725274725,625.6666666666666,0.1213054945054945,439.1820987654321,555.0308641975308,0.02863122740263056,1.0,1.0,1.0,40,8,2.242888433977013,0,2.242888433977013,False,False,False,True,0,158,18,0.4,0.3,0.3,balanced
1781479228126.098,0.4,0.3,0.3,605.6263736263736,624.7777777777778,0.12112527472527472,472.6932686654908,608.4420928865372,0.03086679577488264,1.0,1.0,1.0,41,8,2.2422898513774254,0,2.2422898513774254,False,False,False,True,0,159,18,0.4,0.3,0.3,balanced
1781479230846.072,0.4,0.3,0.3,599.5557299843014,617.6666666666666,0.11991114599686027,2207.206790123457,2199.02557319224,0.1465781714558677,1.0,1.0,1.0,43,8,2.2080620901644954,0,2.2080620901644954,False,False,False,True,0,160,18,0.4,0.3,0.3,balanced
1781479233569.737,0.4,0.3,0.3,599.4348508634222,616.8888888888889,0.11988697017268443,483.16504997060554,592.4706055261611,0.031565380251541396,1.0,1.0,1.0,44,8,2.242575597855464,0,2.242575597855464,False,False,False,True,0,161,18,0.4,0.3,0.3,balanced
1781479239876.007,0.4,0.3,0.3,597.7315541601256,615.0,0.11954631083202512,475.3514920229479,614.401670416996,0.031044128887454833,0.9942812289751065,0.9960317460317459,0.9942812289751065,46,8,2.2411526056934856,0,2.2411526056934856,False,False,False,True,0,162,18,0.4,0.3,0.3,balanced
1781479242598.206,0.4,0.3,0.3,595.8901098901099,612.4444444444445,0.11917802197802198,475.3828630217519,583.5435038212815,0.03104622168257184,1.0,1.0,1.0,47,8,2.2430149247040196,0,2.2430149247040196,False,False,False,True,0,163,18,0.4,0.3,0.3,balanced
1781479245314.47,0.4,0.3,0.3,593.8100470957613,609.7777777777778,0.11876200941915227,525.5788430740538,637.5848892132417,0.034394852773452556,0.9941690962099123,0.9960317460317462,0.9941690962099123,49,8,2.240427469263277,0,2.240427469263277,False,False,False,True,0,164,18,0.4,0.3,0.3,balanced
1781479247934.155,0.4,0.3,0.3,593.4207221350077,608.7777777777778,0.11868414442700155,851.3034188034188,1043.6356441911998,0.05612431079409065,1.0,1.0,1.0,50,8,2.235689048990972,0,2.235689048990972,False,False,False,True,0,165,18,0.4,0.3,0.3,balanced
1781479250554.835,0.4,0.3,0.3,591.5086342229198,607.0,0.11830172684458395,548.4108895220007,686.1633428300096,0.03591800463789198,1.0,1.0,1.0,52,8,2.2419039078707987,0,2.2419039078707987,False,False,False,True,0,166,18,0.4,0.3,0.3,balanced
1781479253169.009,0.4,0.3,0.3,592.7645211930925,607.8888888888889,0.1185529042386185,573.5802469135803,698.1069958847737,0.037597081181693144,1.0,1.0,1.0,50,8,2.2412997139500446,1,2.2412997139500446,False,False,False,True,0,167,18,0.4,0.3,0.3,balanced
1781479255888.3718,0.4,0.3,0.3,591.7519623233908,607.2222222222222,0.11835039246467816,567.9146141215106,699.6072796934867,0.03721912035500404,1.0,1.0,1.0,52,8,2.2414941069076275,0,2.2414941069076275,False,False,False,True,0,168,18,0.4,0.3,0.3,balanced
1781479258504.52,0.4,0.3,0.3,592.3563579277863,608.6666666666666,0.11847127158555727,537.4485596707818,673.8683127572017,0.03518669510812421,1.0,1.0,1.0,50,8,2.2420554828333397,1,2.2420554828333397,False,False,False,True,0,169,18,0.4,0.3,0.3,balanced
1781479261121.4448,0.4,0.3,0.3,592.2857142857142,607.6666666666666,0.11845714285714284,622.7983539094649,750.9876543209878,0.0408804772454613,1.0,1.0,1.0,52,8,2.2403529996835045,0,2.2403529996835045,False,False,False,True,0,170,18,0.4,0.3,0.3,balanced
1781479263939.634,0.4,0.3,0.3,503.8178963893249,545.3333333333334,0.10076357927786499,575.910991636798,655.7001194743129,0.03775256782100054,0.8398744113029826,0.8888888888888888,0.8398744113029826,53,8,2.2003311213334484,0,2.2003311213334484,False,False,False,True,0,171,18,0.4,0.3,0.3,balanced
1781479266665.906,0.4,0.3,0.3,590.23704866562,604.4444444444445,0.118047409733124,616.7111384783799,774.1365626710453,0.04047439215999866,1.0,1.0,1.0,55,8,2.240638718458751,0,2.240638718458751,False,False,False,True,0,172,18,0.4,0.3,0.3,balanced
1781479269387.6492,0.4,0.3,0.3,591.5620094191521,606.4444444444445,0.11831240188383042,581.2520525451561,738.4551176792556,0.03810887608706845,1.0,1.0,1.0,53,8,2.241242376420347,1,2.241242376420347,False,False,False,True,0,173,18,0.4,0.3,0.3,balanced
1781479275582.54,0.4,0.3,0.3,589.1083202511774,603.4444444444445,0.11782166405023548,604.3621399176955,768.7654320987655,0.03965057637876554,1.0,1.0,1.0,55,8,2.240976161466276,0,2.240976161466276,False,False,False,True,0,174,18,0.4,0.3,0.3,balanced
1781479278300.7778,0.4,0.3,0.3,589.7237048665619,604.6666666666666,0.11794474097331238,553.3141762452107,697.4438970990695,0.03624510848867316,1.0,1.0,1.0,53,8,2.241948571064073,1,2.241948571064073,False,False,False,True,0,175,18,0.4,0.3,0.3,balanced
1781479280916.881,0.4,0.3,0.3,589.0141287284144,603.0,0.11780282574568289,637.1145932257043,770.5666350110794,0.04183552990164805,1.0,1.0,1.0,55,8,2.2403282107312323,0,2.2403282107312323,False,False,False,True,0,176,18,0.4,0.3,0.3,balanced
1781479283529.184,0.4,0.3,0.3,587.6028257456828,601.4444444444445,0.11752056514913656,563.4314656536878,712.6289965178853,0.03692004440651687,1.0,1.0,1.0,56,8,2.24191576061839,0,2.24191576061839,False,False,False,True,0,177,18,0.4,0.3,0.3,balanced
1781479286146.7769,0.4,0.3,0.3,586.4160125588696,599.8888888888889,0.11728320251177393,646.6255144032923,804.0329218106997,0.042470014303088215,1.0,1.0,1.0,58,8,2.2403457147043637,0,2.2403457147043637,False,False,False,True,0,178,18,0.4,0.3,0.3,balanced
1781479288867.309,0.4,0.3,0.3,587.9937205651491,601.8888888888889,0.11759874411302983,553.4428024083196,693.1157635467981,0.036253689286745806,1.0,1.0,1.0,56,8,2.242084395568764,1,2.242084395568764,False,False,False,True,0,179,18,0.4,0.3,0.3,balanced
1781479291490.723,0.4,0.3,0.3,586.3045525902668,599.2222222222222,0.11726091051805336,636.168430335097,786.0655496766608,0.04177241029587038,1.0,1.0,1.0,58,8,2.2405639127040176,0,2.2405639127040176,False,False,False,True,0,180,18,0.4,0.3,0.3,balanced
1781479294212.7449,0.4,0.3,0.3,586.6734693877551,599.4444444444445,0.11733469387755101,634.4295444870157,835.9472115793956,0.041656407237292574,0.8874032371569316,0.9233716475095785,0.8874032371569316,59,8,2.2067901714248714,0,2.2067901714248714,False,False,False,True,0,181,18,0.4,0.3,0.3,balanced
1781479296827.5881,0.4,0.3,0.3,585.905808477237,599.6666666666666,0.1171811616954474,615.8377425044091,766.3932980599646,0.04041612691823943,1.0,1.0,1.0,58,8,2.241002697246349,1,2.241002697246349,False,False,False,True,0,182,18,0.4,0.3,0.3,balanced
1781479299449.665,0.4,0.3,0.3,585.4583987441131,598.5555555555555,0.11709167974882262,594.238683127572,742.9791299235744,0.0389752290278567,1.0,1.0,1.0,59,8,2.241470759392114,0,2.241470759392114,False,False,False,True,0,183,18,0.4,0.3,0.3,balanced
1781479302471.8499,0.4,0.3,0.3,427.88069073783356,466.6666666666667,0.08557613814756672,497.9164332399626,598.5434173669468,0.032549461857235666,0.7284144427001569,0.7777777777777778,0.7284144427001569,61,8,2.1745290389938496,0,2.1745290389938496,False,False,False,True,0,184,18,0.4,0.3,0.3,balanced
1781479305095.258,0.4,0.3,0.3,582.38147566719,595.0,0.116476295133438,753.7771898883009,940.1396237507348,0.04961822480909279,1.0,1.0,1.0,64,8,2.2385240145038967,0,2.2385240145038967,False,False,False,True,0,185,18,0.4,0.3,0.3,balanced
1781479311502.507,0.4,0.3,0.3,547.3908948194662,527.6666666666666,0.10947817896389324,653.8468862007169,835.5275537634409,0.04295176025355016,0.9419152276295133,0.8888888888888888,0.9419152276295133,61,8,2.2258977686272314,1,2.2258977686272314,False,False,False,True,0,186,18,0.4,0.3,0.3,balanced
1781479314126.551,0.4,0.3,0.3,581.9795918367347,594.3333333333334,0.11639591836734695,705.0242504409172,880.9097589653145,0.046365860603129895,1.0,1.0,1.0,64,8,2.239531874472122,0,2.239531874472122,False,False,False,True,0,187,18,0.4,0.3,0.3,balanced
1781479316741.81,0.4,0.3,0.3,582.9120879120878,595.5555555555555,0.11658241758241757,710.1616696061141,856.7195767195767,0.04670858369620507,1.0,1.0,1.0,65,8,2.2393544578581714,0,2.2393544578581714,False,False,False,True,0,188,18,0.4,0.3,0.3,balanced
1781479319357.6401,0.4,0.3,0.3,583.1962323390894,594.6666666666666,0.11663924646781788,753.9285714285713,913.2995296884187,0.04962832364433431,1.0,1.0,1.0,64,8,2.2384558043195724,1,2.2384558043195724,False,False,False,True,0,189,18,0.4,0.3,0.3,balanced
1781479321972.868,0.4,0.3,0.3,582.6263736263736,594.2222222222222,0.11652527472527473,714.077013521458,870.7657260435038,0.04696978075526737,1.0,1.0,1.0,65,8,2.23929895588331,0,2.23929895588331,False,False,False,True,0,190,18,0.4,0.3,0.3,balanced
1781479324591.002,0.4,0.3,0.3,581.3328100470957,593.3333333333334,0.11626656200941914,694.6230158730158,873.531746031746,0.045671982379787576,1.0,1.0,1.0,67,8,2.239791780482296,0,2.239791780482296,False,False,False,True,0,191,18,0.4,0.3,0.3,balanced
1781479327213.9038,0.4,0.3,0.3,581.9764521193092,593.8888888888889,0.11639529042386185,738.7301587301587,898.8888888888889,0.048614420195474226,1.0,1.0,1.0,68,8,2.238857557771813,0,2.238857557771813,False,False,False,True,0,192,18,0.4,0.3,0.3,balanced
1781479329837.132,0.4,0.3,0.3,580.513343799058,592.2222222222222,0.11610266875981161,773.4104938271604,931.7636684303351,0.050927984911751864,1.0,1.0,1.0,67,8,2.2382805370225496,1,2.2382805370225496,False,False,False,True,0,193,18,0.4,0.3,0.3,balanced
1781479332460.16,0.4,0.3,0.3,579.1538461538462,591.2222222222222,0.11583076923076924,674.8420047031158,846.8356848912405,0.044352368559247214,1.0,1.0,1.0,67,8,2.2403619817399183,2,2.2403619817399183,False,False,False,True,0,194,18,0.4,0.3,0.3,balanced
1781479335083.041,0.4,0.3,0.3,580.8712715855573,592.5555555555555,0.11617425431711147,659.1358024691358,822.5984714873604,0.043304589891203185,1.0,1.0,1.0,65,8,2.2405389213057942,1,2.2405389213057942,False,False,False,True,0,195,18,0.4,0.3,0.3,balanced
1781479337700.258,0.4,0.3,0.3,579.8383045525903,591.5555555555555,0.11596766091051806,687.145796590241,848.1893004115227,0.04517316855171721,1.0,1.0,1.0,67,8,2.2400609850702775,0,2.2400609850702775,False,False,False,True,0,196,18,0.4,0.3,0.3,balanced
1781479340323.886,0.4,0.3,0.3,581.712715855573,593.6666666666666,0.1163425431711146,725.0756907701351,912.8380364491475,0.04770351506138326,1.0,1.0,1.0,65,8,2.2391519282131394,1,2.2391519282131394,False,False,False,True,0,197,18,0.4,0.3,0.3,balanced
1781479346536.818,0.4,0.3,0.3,581.342229199372,594.2222222222222,0.1162684458398744,699.8214285714286,903.9021164021165,0.0460187744210426,1.0,1.0,1.0,64,8,2.2396869893377374,1,2.2396869893377374,False,False,False,True,0,198,18,0.4,0.3,0.3,balanced
1781479349162.4802,0.4,0.3,0.3,581.5384615384614,593.8888888888889,0.11630769230769229,637.3412698412699,801.8900646678425,0.04185065175725616,1.0,1.0,1.0,65,8,2.2409217275497464,0,2.2409217275497464,False,False,False,True,0,199,18,0.4,0.3,0.3,balanced
1781479351789.531,0.4,0.3,0.3,581.3375196232338,593.6666666666666,0.11626750392464676,660.8406819517932,816.4359200470312,0.04341832434635044,1.0,1.0,1.0,64,8,2.2404675011262363,1,2.2404675011262363,False,False,False,True,0,200,18,0.4,0.3,0.3,balanced
1781479354413.031,0.4,0.3,0.3,582.7927786499215,596.0,0.1165585557299843,677.6793062904173,835.2777777777778,0.0445416481848177,1.0,1.0,1.0,61,8,2.240014083252561,1,2.240014083252561,False,False,False,True,0,201,18,0.4,0.3,0.3,balanced
1781479357034.886,0.4,0.3,0.3,584.0565149136578,597.4444444444445,0.11681130298273155,587.9938271604938,755.977366255144,0.038558627562407854,1.0,1.0,1.0,59,8,2.241707890538185,1,2.241707890538185,False,False,False,True,0,202,18,0.4,0.3,0.3,balanced
1781479359656.168,0.4,0.3,0.3,584.3469387755101,597.5555555555555,0.11686938775510203,719.7508818342151,905.1778365667255,0.047348290982936296,1.0,1.0,1.0,61,8,2.2390477576030783,0,2.2390477576030783,False,False,False,True,0,203,18,0.4,0.3,0.3,balanced
1781479362278.585,0.4,0.3,0.3,580.6530612244898,593.3333333333334,0.11613061224489796,700.2777777777777,870.0793650793651,0.046049217997183305,1.0,1.0,1.0,64,8,2.239732989702886,0,2.239732989702886,False,False,False,True,0,204,18,0.4,0.3,0.3,balanced
1781479366002.584,0.4,0.3,0.3,250.43014128728413,348.0,0.050086028257456824,345.3628117913832,291.11111111111114,0.02237243574325438,0.40031397174254313,0.5555555555555556,0.40031397174254313,61,8,2.0933480494968038,1,2.0933480494968038,False,False,False,True,0,205,18,0.4,0.3,0.3,balanced
1781479368627.145,0.4,0.3,0.3,585.1224489795918,598.0,0.11702448979591837,623.7566137566137,801.5417401528512,0.040944403853009584,0.9942812289751065,0.9960317460317459,0.9942812289751065,59,8,2.2391912516182617,1,2.2391912516182617,False,False,False,True,0,206,18,0.4,0.3,0.3,balanced
1781479371248.7632,0.4,0.3,0.3,586.9215070643642,600.1111111111111,0.11738430141287283,595.8641975308642,740.7818930041152,0.03908366894802296,1.0,1.0,1.0,58,8,2.241321178750444,1,2.241321178750444,False,False,False,True,0,207,18,0.4,0.3,0.3,balanced
1781479373872.175,0.4,0.3,0.3,587.1883830455258,600.6666666666666,0.11743767660910516,619.4444444444443,778.3539094650206,0.04065673411904232,1.0,1.0,1.0,59,8,2.2408279091206453,0,2.2408279091206453,False,False,False,True,0,208,18,0.4,0.3,0.3,balanced
1781479376696.1902,0.4,0.3,0.3,499.17896389324954,540.8888888888889,0.09983579277864991,533.7886424731182,593.7107974910393,0.03494253785677907,0.8367346938775508,0.8888888888888888,0.8367346938775508,58,8,2.2006033296947716,1,2.2006033296947716,False,False,False,True,0,209,18,0.4,0.3,0.3,balanced
1781479382896.3872,0.4,0.3,0.3,589.1538461538461,603.4444444444445,0.11783076923076921,621.0670194003527,743.1452087007642,0.04076497794532039,1.0,1.0,1.0,56,8,2.240638198924096,1,2.240638198924096,False,False,False,True,0,210,18,0.4,0.3,0.3,balanced
1781479385618.915,0.4,0.3,0.3,588.6718995290424,603.0,0.11773437990580848,610.4768746579091,734.616858237548,0.04005849730873309,1.0,1.0,1.0,55,8,2.2408886988450565,1,2.2408886988450565,False,False,False,True,0,211,18,0.4,0.3,0.3,balanced
1781479388239.712,0.4,0.3,0.3,591.0329670329669,605.5555555555555,0.11820659340659338,559.4080405191515,675.1471984805318,0.03665163712602745,1.0,1.0,1.0,53,8,2.2417218714995544,1,2.2417218714995544,False,False,False,True,0,212,18,0.4,0.3,0.3,balanced
1781479390959.064,0.4,0.3,0.3,588.756671899529,603.3333333333334,0.1177513343799058,687.1250684181718,900.9934318555008,0.0451717857517126,0.9921507064364206,0.9923371647509579,0.9921507064364206,52,8,2.23699314245345,1,2.23699314245345,False,False,False,True,0,213,18,0.4,0.3,0.3,balanced
1781479393575.252,0.4,0.3,0.3,589.596546310832,604.1111111111111,0.1179193092621664,629.710351377018,754.1088952200064,0.04134158448145551,1.0,1.0,1.0,53,8,2.2404298009506967,0,2.2404298009506967,False,False,False,True,0,214,18,0.4,0.3,0.3,balanced
1781479396398.9749,0.4,0.3,0.3,587.5211930926217,601.5555555555555,0.11750423861852434,501.28747795414455,620.5996472663139,0.03277434809567342,1.0,1.0,1.0,55,8,2.243166000123888,0,2.243166000123888,False,False,False,True,0,215,18,0.4,0.3,0.3,balanced
1781479399019.8381,0.4,0.3,0.3,589.5839874411303,604.1111111111111,0.11791679748822605,530.4526748971193,671.8106995884774,0.034719991654244116,1.0,1.0,1.0,53,8,2.2424172835084364,1,2.2424172835084364,False,False,False,True,0,216,18,0.4,0.3,0.3,balanced
1781479401741.204,0.4,0.3,0.3,589.640502354788,604.1111111111111,0.11792810047095761,527.8981937602628,670.6650246305419,0.03454957930355322,1.0,1.0,1.0,52,8,2.242463886020551,1,2.242463886020551,False,False,False,True,0,217,18,0.4,0.3,0.3,balanced
1781479404357.6118,0.4,0.3,0.3,592.629513343799,607.8888888888889,0.1185259026687598,494.97648442092884,619.6649029982364,0.03235333451774042,1.0,1.0,1.0,50,8,2.2428836385771738,1,2.2428836385771738,False,False,False,True,0,218,18,0.4,0.3,0.3,balanced
1781479406973.642,0.4,0.3,0.3,593.6467817896388,609.7777777777778,0.11872935635792776,472.94317822095593,599.1516302627414,0.03088346752641467,1.0,1.0,1.0,49,8,2.2432432171989043,1,2.2432432171989043,False,False,False,True,0,219,18,0.4,0.3,0.3,balanced
1781479409692.93,0.4,0.3,0.3,597.2558869701727,613.5555555555555,0.11945117739403453,494.6467341725962,614.0389527458493,0.032331336502508086,0.9942812289751064,0.9960317460317462,0.9942812289751064,47,8,2.2408044967841656,1,2.2408044967841656,False,False,False,True,0,220,18,0.4,0.3,0.3,balanced
1781479412404.72,0.4,0.3,0.3,593.9623233908948,609.5555555555555,0.11879246467817896,530.6684455391352,664.9507389162561,0.034734385959915626,1.0,1.0,1.0,49,8,2.242062698340754,0,2.242062698340754,False,False,False,True,0,221,18,0.4,0.3,0.3,balanced
1781479418614.837,0.4,0.3,0.3,591.9042386185242,607.2222222222222,0.11838084772370484,473.3515352959797,613.8414055080721,0.03091070949272713,0.9940694226408512,0.9958847736625516,0.9940694226408512,50,8,2.2415952748549555,0,2.2415952748549555,False,False,False,True,0,222,18,0.4,0.3,0.3,balanced
1781479421342.501,0.4,0.3,0.3,594.0690737833594,609.8888888888889,0.11881381475667188,514.5751231527094,664.3171866447728,0.03366078206489055,1.0,1.0,1.0,49,8,2.242376239477864,1,2.242376239477864,False,False,False,True,0,223,18,0.4,0.3,0.3,balanced
1781479424065.6929,0.4,0.3,0.3,592.8571428571428,608.1111111111111,0.11857142857142855,513.3641215106732,643.7178434592228,0.03357999476388747,0.996156552806799,0.9961685823754789,0.996156552806799,50,8,2.241344395984302,0,2.241344395984302,False,False,False,True,0,224,18,0.4,0.3,0.3,balanced
1781479426787.266,0.4,0.3,0.3,594.1773940345367,610.4444444444445,0.11883547880690735,519.8973727422003,641.7966611932129,0.03401583540641764,1.0,1.0,1.0,49,8,2.2422610578553117,1,2.2422610578553117,False,False,False,True,0,225,18,0.4,0.3,0.3,balanced
1781479429400.3142,0.4,0.3,0.3,593.1114599686027,608.5555555555555,0.11862229199372054,584.7989870212092,729.4776828110162,0.03834549613216873,1.0,1.0,1.0,50,8,2.2410474343628612,0,2.2410474343628612,False,False,False,True,0,226,18,0.4,0.3,0.3,balanced
1781479432122.756,0.4,0.3,0.3,596.1695447409733,611.7777777777778,0.11923390894819465,515.1874657909141,638.1746031746031,0.03370163214082149,1.0,1.0,1.0,49,8,2.242195946778476,1,2.242195946778476,False,False,False,True,0,227,18,0.4,0.3,0.3,balanced
1781479434843.492,0.4,0.3,0.3,597.5839874411303,614.2222222222222,0.11951679748822605,538.3627531472358,650.016420361248,0.035247681997814265,1.0,1.0,1.0,47,8,2.2416189764053653,1,2.2416189764053653,False,False,False,True,0,228,18,0.4,0.3,0.3,balanced
1781479437566.7578,0.4,0.3,0.3,597.778649921507,615.0,0.11955572998430142,560.1751505199782,681.0987958401752,0.03670281190927139,1.0,1.0,1.0,46,8,2.241166864433498,1,2.241166864433498,False,False,False,True,0,229,18,0.4,0.3,0.3,balanced
1781479440289.723,0.4,0.3,0.3,600.3076923076923,617.7777777777778,0.12006153846153846,463.9175485008819,579.9897119341564,0.030281357471706596,1.0,1.0,1.0,44,8,2.2428909773738726,1,2.2428909773738726,False,False,False,True,0,230,18,0.4,0.3,0.3,balanced
1781479443008.748,0.4,0.3,0.3,601.1821036106749,619.2222222222222,0.12023642072213497,433.8765736179529,553.7629994526546,0.028277289767708665,1.0,1.0,1.0,43,8,2.2434222447808336,1,2.2434222447808336,False,False,False,True,0,231,18,0.4,0.3,0.3,balanced
1781479446633.363,0.4,0.3,0.3,606.4458398744113,628.3333333333334,0.12128916797488225,1817.511317003259,2141.134416281091,0.12058114189481381,0.5673490960866376,0.632522903453136,0.5673490960866376,41,8,2.0855147190675942,1,2.0855147190675942,False,False,False,True,0,232,18,0.4,0.3,0.3,balanced
1781479452929.12,0.4,0.3,0.3,600.0957613814757,618.6666666666666,0.12001915227629513,449.7023809523809,563.4126984126983,0.029333047428444357,1.0,1.0,1.0,43,8,2.2431924248609487,0,2.2431924248609487,False,False,False,True,0,233,18,0.4,0.3,0.3,balanced
1781479455653.924,0.4,0.3,0.3,600.1114599686027,617.5555555555555,0.12002229199372054,492.36179529282975,617.2906403940887,0.03217890562327083,1.0,1.0,1.0,44,8,2.2423374115155306,0,2.2423374115155306,False,False,False,True,0,234,18,0.4,0.3,0.3,balanced
1781479458381.766,0.4,0.3,0.3,601.4364207221349,619.5555555555555,0.12028728414442698,432.8639846743295,548.7848932676519,0.02820973880415807,1.0,1.0,1.0,43,8,2.2434221647009815,1,2.2434221647009815,False,False,False,True,0,235,18,0.4,0.3,0.3,balanced
1781479461103.7568,0.4,0.3,0.3,603.9073783359497,622.6666666666666,0.12078147566718994,418.8492063492063,519.7619047619048,0.02727479695458348,1.0,1.0,1.0,41,8,2.243504970646749,1,2.243504970646749,False,False,False,True,0,236,18,0.4,0.3,0.3,balanced
1781479463824.59,0.4,0.3,0.3,605.4521193092621,624.8888888888889,0.12109042386185243,382.43900646678424,492.0605526161082,0.02484583098510902,1.0,1.0,1.0,40,8,2.244110081159726,1,2.244110081159726,False,False,False,True,0,237,18,0.4,0.3,0.3,balanced
1781479466550.899,0.4,0.3,0.3,602.85557299843,621.1111111111111,0.120571114599686,414.04761904761904,517.1031746031746,0.026954477588233425,1.0,1.0,1.0,41,8,2.2436852108836556,0,2.2436852108836556,False,False,False,True,0,238,18,0.4,0.3,0.3,balanced
1781479469275.1008,0.4,0.3,0.3,606.1428571428571,625.0,0.12122857142857142,401.74603174603175,520.9126984126983,0.02613382466617957,1.0,1.0,1.0,40,8,2.2436684240287175,1,2.2436684240287175,False,False,False,True,0,239,18,0.4,0.3,0.3,balanced
1781479471997.567,0.4,0.3,0.3,609.3956043956043,630.0,0.12187912087912087,373.6463844797178,488.32157554379774,0.024259265142075905,0.9942812289751065,0.9960317460317459,0.9942812289751065,38,8,2.2422549407982606,1,2.2422549407982606,False,False,False,True,0,240,18,0.4,0.3,0.3,balanced
1781479474718.59,0.4,0.3,0.3,609.6718995290423,630.2222222222222,0.12193437990580847,378.5942092886537,478.64785420340974,0.024589340179363154,1.0,1.0,1.0,37,8,2.2438494459838676,1,2.2438494459838676,False,False,False,True,0,241,18,0.4,0.3,0.3,balanced
1781479477440.827,0.4,0.3,0.3,614.9999999999999,637.3333333333334,0.12299999999999997,387.7389996834441,483.13232035454257,0.02519939957861535,1.0,1.0,1.0,35,8,2.2432401801264152,1,2.2432401801264152,False,False,False,True,0,242,18,0.4,0.3,0.3,balanced
1781479480258.361,0.4,0.3,0.3,617.9026687598116,640.1111111111111,0.12358053375196232,349.592227695676,427.4781061850028,0.022654584902980387,1.0,1.0,1.0,34,8,2.243771411028321,1,2.243771411028321,False,False,False,True,0,243,18,0.4,0.3,0.3,balanced
1781479483081.1309,0.4,0.3,0.3,621.0078492935636,644.5555555555555,0.12420156985871272,288.47442680776015,380.7921810699588,0.018577346684973992,1.0,1.0,1.0,32,8,2.2447461680510226,1,2.2447461680510226,False,False,False,True,0,244,18,0.4,0.3,0.3,balanced
1781479489487.906,0.4,0.3,0.3,630.098901098901,655.8888888888889,0.1260197802197802,270.7032627865961,342.15167548500887,0.01739181206048006,1.0,1.0,1.0,29,8,2.244374544293944,1,2.244374544293944,False,False,False,True,0,245,18,0.4,0.3,0.3,balanced
1781479492701.138,0.4,0.3,0.3,467.3155416012558,521.5555555555555,0.09346310832025116,224.57319223985888,280.9850088183422,0.014314422430944555,0.728414442700157,0.7777777777777778,0.728414442700157,28,8,2.1768447627526633,1,2.1768447627526633,False,False,False,True,0,246,18,0.4,0.3,0.3,balanced
1781479495524.7979,0.4,0.3,0.3,639.8288854003139,668.8888888888889,0.12796577708006276,273.84773662551436,358.8477366255144,0.017601583497365868,1.0,1.0,1.0,26,8,2.243533214118765,1,2.243533214118765,False,False,False,True,0,247,18,0.4,0.3,0.3,balanced
1781479498348.271,0.4,0.3,0.3,634.4882260596546,661.3333333333334,0.12689764521193092,248.2458847736625,324.39447383891826,0.01589365475474733,1.0,1.0,1.0,28,8,2.2444728454888034,0,2.2444728454888034,False,False,False,True,0,248,18,0.4,0.3,0.3,balanced
1781479501667.3838,0.4,0.3,0.3,472.5447409733124,527.6666666666666,0.09450894819466248,177.1111111111111,218.1904761904762,0.011148172855978057,0.728414442700157,0.7777777777777778,0.728414442700157,26,8,2.177376301675389,1,2.177376301675389,False,False,False,True,0,249,18,0.4,0.3,0.3,balanced
1781479504486.277,0.4,0.3,0.3,633.9246467817896,660.5555555555555,0.12678492935635793,287.03703703703707,367.4074074074074,0.018481456773651574,1.0,1.0,1.0,28,8,2.2437415912253615,0,2.2437415912253615,False,False,False,True,0,250,18,0.4,0.3,0.3,balanced
1781479507603.086,0.4,0.3,0.3,642.1852433281003,671.4444444444445,0.12843704866562006,442.1953463203463,631.4393037518038,0.028832244584412695,0.8327214260393982,0.869847670250896,0.8327214260393982,26,8,2.1897919349702475,1,2.1897919349702475,False,False,False,True,0,251,18,0.4,0.3,0.3,balanced
1781479510525.433,0.4,0.3,0.3,642.8634222919936,672.5555555555555,0.12857268445839873,216.97016460905348,287.91005291005297,0.013807215784459871,1.0,1.0,1.0,25,8,2.2444287614813025,1,2.2444287614813025,False,False,False,True,0,252,18,0.4,0.3,0.3,balanced
1781479513441.437,0.4,0.3,0.3,653.4411302982732,686.0,0.13068822605965463,228.0592298647854,294.28718400940625,0.014546979977637452,1.0,1.0,1.0,23,8,2.243360615582847,1,2.243360615582847,False,False,False,True,0,253,18,0.4,0.3,0.3,balanced
1781479516365.4312,0.4,0.3,0.3,657.861852433281,692.6666666666666,0.1315723704866562,215.82304526748973,271.1934156378601,0.013730690144595712,1.0,1.0,1.0,22,8,2.243251844761959,1,2.243251844761959,False,False,False,True,0,254,18,0.4,0.3,0.3,balanced
1781479519386.017,0.4,0.3,0.3,671.1271585557299,708.2222222222222,0.13422543171114598,204.3856048166393,256.74192665571974,0.012967685444739113,0.9944784279759649,0.9961685823754789,0.9944784279759649,20,8,2.2407630500749094,1,2.2407630500749094,False,False,False,True,0,255,18,0.4,0.3,0.3,balanced
1781479525981.505,0.4,0.3,0.3,677.9434850863422,716.7777777777778,0.13558869701726844,160.87962962962962,202.03850676072898,0.010065352210115385,1.0,1.0,1.0,19,8,2.242744915530058,1,2.242744915530058,False,False,False,True,0,256,18,0.4,0.3,0.3,balanced
1781479529094.1802,0.4,0.3,0.3,706.5433854907538,737.6666666666666,0.14130867709815076,168.03240740740742,192.58230452674897,0.010542522175277347,1.0,1.0,1.0,17,8,2.2403137725081566,1,2.2403137725081566,False,False,False,True,0,257,18,0.4,0.3,0.3,balanced
1781479532513.687,0.4,0.3,0.3,681.9905808477235,720.0,0.1363981161695447,253.27907046657046,367.5819203944204,0.016229424313980684,0.8159697445411731,0.873526936026936,0.8159697445411731,19,8,2.18536284960034,0,2.18536284960034,False,False,False,True,0,258,18,0.4,0.3,0.3,balanced
1781479535628.936,0.4,0.3,0.3,692.0204081632652,736.2222222222222,0.13840408163265303,186.3095238095238,248.05555555555554,0.011761809460275103,1.0,1.0,1.0,17,8,2.241109824508856,1,2.241109824508856,False,False,False,True,0,259,18,0.4,0.3,0.3,balanced
1781479538641.4968,0.4,0.3,0.3,675.4301412872841,714.6666666666666,0.1350860282574568,191.40726043503818,244.37536743092298,0.012101885285859785,1.0,1.0,1.0,19,8,2.2423350231112593,0,2.2423350231112593,False,False,False,True,0,260,18,0.4,0.3,0.3,balanced
1781479541560.4849,0.4,0.3,0.3,670.6357927786499,709.0,0.13412715855573,192.36625514403292,253.3744855967078,0.012165860916880114,1.0,1.0,1.0,20,8,2.242699378302644,0,2.242699378302644,False,False,False,True,0,261,18,0.4,0.3,0.3,balanced
1781479544583.081,0.4,0.3,0.3,678.0156985871271,717.3333333333334,0.1356031397174254,205.34979423868316,264.52674897119346,0.013032007620992873,1.0,1.0,1.0,19,8,2.241849141826732,1,2.241849141826732,False,False,False,True,0,262,18,0.4,0.3,0.3,balanced
1781479547706.123,0.4,0.3,0.3,692.6797488226058,737.1111111111111,0.13853594976452116,175.35126396237504,230.09112286890064,0.01103077144512175,1.0,1.0,1.0,17,8,2.241276388660655,1,2.241276388660655,False,False,False,True,0,263,18,0.4,0.3,0.3,balanced
1781479550830.749,0.4,0.3,0.3,705.2386185243327,752.3333333333334,0.14104772370486654,129.79644326866548,162.70576131687244,0.007991757389504035,0.9979255438439112,0.9960317460317462,0.9979255438439112,16,8,2.2405610464543755,1,2.2405610464543755,False,False,False,True,0,264,18,0.4,0.3,0.3,balanced
1781479554045.323,0.4,0.3,0.3,725.5431711145998,779.1111111111111,0.14510863422291995,121.92827748383303,153.0673133450911,0.007466863074305072,1.0,1.0,1.0,14,8,2.2397164873885407,1,2.2397164873885407,False,False,False,True,0,265,18,0.4,0.3,0.3,balanced
1781479560941.408,0.4,0.3,0.3,738.7770800627943,796.2222222222222,0.14775541601255887,110.3012933568489,137.82039976484418,0.006691213699589653,1.0,1.0,1.0,13,8,2.2388904694850997,1,2.2388904694850997,False,False,False,True,0,266,18,0.4,0.3,0.3,balanced
1781479564362.91,0.4,0.3,0.3,775.6718995290424,844.2222222222222,0.1551343799058085,96.51268484601816,118.89951612173834,0.005771359896332099,1.0,1.0,1.0,11,8,2.236214840068777,1,2.236214840068777,False,False,False,True,0,267,18,0.4,0.3,0.3,balanced
1781479567884.721,0.4,0.3,0.3,797.6467817896389,872.4444444444445,0.15952935635792778,109.21053226608782,143.5065346176457,0.006618447782927807,0.9958718530147102,0.9958847736625513,0.9958718530147102,10,8,2.2329642790263637,1,2.2329642790263637,False,False,False,True,0,268,18,0.4,0.3,0.3,balanced
1781479571305.31,0.4,0.3,0.3,775.7080062794349,843.7777777777778,0.155141601255887,102.99235743680188,130.77013521457968,0.0062036262466178705,1.0,1.0,1.0,11,8,2.2360822716236597,0,2.2360822716236597,False,False,False,True,0,269,18,0.4,0.3,0.3,balanced
1781479574618.331,0.4,0.3,0.3,739.4270015698586,797.2222222222222,0.1478854003139717,118.14079952968842,159.29159318048207,0.007214196099378814,1.0,1.0,1.0,13,8,2.2386815810445975,0,2.2386815810445975,False,False,False,True,0,270,18,0.4,0.3,0.3,balanced
1781479577832.4348,0.4,0.3,0.3,725.0062794348509,778.6666666666666,0.14500125588697016,134.46355085243974,168.9476778365667,0.00830310546046963,1.0,1.0,1.0,14,8,2.2395085660070713,0,2.2395085660070713,False,False,False,True,0,271,18,0.4,0.3,0.3,balanced
1781479581049.1372,0.4,0.3,0.3,738.6216640502355,796.6666666666666,0.1477243328100471,138.01994301994299,184.23393478949032,0.008540356438955503,1.0,1.0,1.0,13,8,2.2383481599442945,1,2.2383481599442945,False,False,False,True,0,272,18,0.4,0.3,0.3,balanced
1781479584262.356,0.4,0.3,0.3,724.3751962323391,778.2222222222222,0.14487503924646783,128.1194885361552,165.19694297472074,0.007879885826294543,1.0,1.0,1.0,14,8,2.2396860185535243,0,2.2396860185535243,False,False,False,True,0,273,18,0.4,0.3,0.3,balanced
1781479587375.898,0.4,0.3,0.3,702.5620094191522,749.2222222222222,0.14051240188383043,144.62669018224574,183.5655496766608,0.008981100078868962,1.0,1.0,1.0,16,8,2.241100709222807,0,2.241100709222807,False,False,False,True,0,274,18,0.4,0.3,0.3,balanced
1781479590500.303,0.4,0.3,0.3,693.2244897959183,737.8888888888889,0.13864489795918367,153.74632569077013,191.76219870664318,0.009589481366962652,0.9862888694697278,0.9882320744389711,0.9862888694697278,17,8,2.237551857247156,0,2.237551857247156,False,False,False,True,0,275,18,0.4,0.3,0.3,balanced
1781479597108.768,0.4,0.3,0.3,676.5054945054944,715.5555555555555,0.1353010989010989,189.16225749559084,241.35802469135803,0.011952118578758561,1.0,1.0,1.0,19,8,2.242293924865933,0,2.242293924865933,False,False,False,True,0,276,18,0.4,0.3,0.3,balanced
1781479600022.974,0.4,0.3,0.3,671.1459968602825,708.7777777777778,0.1342291993720565,173.82399493510601,224.6866096866097,0.010928885586064445,1.0,1.0,1.0,20,8,2.243029654575358,0,2.243029654575358,False,False,False,True,0,277,18,0.4,0.3,0.3,balanced
1781479603040.128,0.4,0.3,0.3,658.0612244897958,692.2222222222222,0.13161224489795917,219.90079365079362,277.9761904761904,0.014002721390980228,1.0,1.0,1.0,22,8,2.2431542856235223,0,2.2431542856235223,False,False,False,True,0,278,18,0.4,0.3,0.3,balanced
1781479605962.708,0.4,0.3,0.3,653.7582417582418,686.0,0.13075164835164835,221.9753086419753,277.44855967078195,0.01414111465256673,1.0,1.0,1.0,23,8,2.243457006263571,0,2.243457006263571,False,False,False,True,0,279,18,0.4,0.3,0.3,balanced
1781479608885.063,0.4,0.3,0.3,643.320251177394,673.4444444444445,0.1286640502354788,233.41931216931218,295.8112874779541,0.014904557182742641,1.0,1.0,1.0,25,8,2.2440630127509857,0,2.2440630127509857,False,False,False,True,0,280,18,0.4,0.3,0.3,balanced
1781479611803.355,0.4,0.3,0.3,640.8728414442701,670.2222222222222,0.128174568288854,243.2253086419753,300.80834803057024,0.015558726393727504,1.0,1.0,1.0,26,8,2.24406255476634,0,2.24406255476634,False,False,False,True,0,281,18,0.4,0.3,0.3,balanced
1781479614723.989,0.4,0.3,0.3,632.5572998430141,659.3333333333334,0.12651145996860283,247.3631636562671,317.90777230432406,0.015834767422032495,1.0,1.0,1.0,28,8,2.244644985785949,0,2.244644985785949,False,False,False,True,0,282,18,0.4,0.3,0.3,balanced
1781479617637.448,0.4,0.3,0.3,640.3594976452118,669.7777777777778,0.12807189952904235,232.43827160493825,297.68812463256904,0.014839110847560923,1.0,1.0,1.0,26,8,2.2443195069341146,1,2.2443195069341146,False,False,False,True,0,283,18,0.4,0.3,0.3,balanced
1781479620461.9392,0.4,0.3,0.3,633.3265306122449,660.7777777777778,0.126665306122449,251.39363722697053,311.8930041152264,0.016103644911739195,1.0,1.0,1.0,28,8,2.2445027840774987,0,2.2445027840774987,False,False,False,True,0,284,18,0.4,0.3,0.3,balanced
1781479623286.4321,0.4,0.3,0.3,641.1036106750392,670.0,0.12822072213500785,251.52263374485597,309.67078189300406,0.016112250416601467,1.0,1.0,1.0,26,8,2.2438780360210164,1,2.2438780360210164,False,False,False,True,0,285,18,0.4,0.3,0.3,balanced
1781479626098.9612,0.4,0.3,0.3,635.4301412872842,662.1111111111111,0.12708602825745685,290.23442092886535,376.00088183421514,0.018694757900524706,1.0,1.0,1.0,28,8,2.24355716132686,0,2.24355716132686,False,False,False,True,0,286,18,0.4,0.3,0.3,balanced
1781479632907.9211,0.4,0.3,0.3,463.5761381475667,516.4444444444445,0.09271522762951334,211.59010270774976,261.95051353874885,0.013448305717661759,0.7284144427001569,0.7777777777777778,0.7284144427001569,29,8,2.1774037500429433,0,2.1774037500429433,False,False,False,True,0,287,18,0.4,0.3,0.3,balanced
1781479635727.295,0.4,0.3,0.3,632.585557299843,660.0,0.1265171114599686,288.09908198797086,372.9344729344729,0.018552307003867303,1.0,1.0,1.0,28,8,2.2438274633148523,1,2.2438274633148523,False,False,False,True,0,288,18,0.4,0.3,0.3,balanced
1781479638553.114,0.4,0.3,0.3,628.7378335949765,655.2222222222222,0.12574756671899529,272.224596391263,347.8426717315606,0.017493301960724683,1.0,1.0,1.0,29,8,2.2444529827241846,0,2.2444529827241846,False,False,False,True,0,289,18,0.4,0.3,0.3,balanced
1781479641378.717,0.4,0.3,0.3,620.7032967032966,644.5555555555555,0.12414065934065932,267.7681992337165,341.85550082101804,0.017196010622662874,1.0,1.0,1.0,32,8,2.2451849330769376,0,2.2451849330769376,False,False,False,True,0,290,18,0.4,0.3,0.3,balanced
1781479644198.543,0.4,0.3,0.3,630.0031397174253,656.0,0.12600062794348504,275.6327160493827,345.52910052910056,0.017720661510966157,1.0,1.0,1.0,29,8,2.244283550369316,1,2.244283550369316,False,False,False,True,0,291,18,0.4,0.3,0.3,balanced
1781479647014.079,0.4,0.3,0.3,620.4348508634223,644.5555555555555,0.12408697017268445,300.6150793650794,380.43650793650795,0.019387263466649728,1.0,1.0,1.0,32,8,2.2445490328909314,0,2.2445490328909314,False,False,False,True,0,292,18,0.4,0.3,0.3,balanced
1781479649834.09,0.4,0.3,0.3,631.0376766091051,657.2222222222222,0.12620753532182102,273.0864197530864,350.0117577895355,0.017550795180325977,1.0,1.0,1.0,29,8,2.2442517473171737,1,2.2442517473171737,False,False,False,True,0,293,18,0.4,0.3,0.3,balanced
1781479652557.921,0.4,0.3,0.3,622.2857142857142,646.1111111111111,0.12445714285714285,312.1430832541943,395.26274137385246,0.020156309756784143,1.0,1.0,1.0,32,8,2.2441702499301077,0,2.2441702499301077,False,False,False,True,0,294,18,0.4,0.3,0.3,balanced
1781479655277.8372,0.4,0.3,0.3,618.2103610675039,640.3333333333334,0.12364207221350078,317.1248812915479,411.7315606204495,0.02048865118689446,1.0,1.0,1.0,34,8,2.244396575758531,0,2.244396575758531,False,False,False,True,0,295,18,0.4,0.3,0.3,balanced
1781479658395.596,0.4,0.3,0.3,618.0675039246468,640.5555555555555,0.12361350078492934,700.9104113025681,798.3924209414405,0.04609142170130542,0.8501910379536428,0.8531454248366013,0.8501910379536428,35,8,2.1917844845617296,0,2.1917844845617296,False,False,False,True,0,296,18,0.4,0.3,0.3,balanced
1781479661115.645,0.4,0.3,0.3,613.0361067503924,633.6666666666666,0.12260722135007848,371.8930041152263,463.4156378600823,0.024142295137773603,1.0,1.0,1.0,37,8,2.2437144229186363,0,2.2437144229186363,False,False,False,True,0,297,18,0.4,0.3,0.3,balanced
1781479663839.15,0.4,0.3,0.3,608.4599686028257,628.5555555555555,0.12169199372056515,393.41931216931215,506.9091710758378,0.025578339704423757,1.0,1.0,1.0,38,8,2.243649700600447,0,2.243649700600447,False,False,False,True,0,298,18,0.4,0.3,0.3,balanced
1781479670136.455,0.4,0.3,0.3,606.1459968602826,625.3333333333334,0.12122919937205652,395.03821281599056,486.5196942974721,0.0256863384133416,1.0,1.0,1.0,40,8,2.243802418727175,0,2.243802418727175,False,False,False,True,0,299,18,0.4,0.3,0.3,balanced
1781479672855.633,0.4,0.3,0.3,604.1067503924646,622.6666666666666,0.12082135007849293,368.80364491475603,467.2810111699,0.023936200461291263,1.0,1.0,1.0,41,8,2.2444905998302156,0,2.2444905998302156,False,False,False,True,0,300,18,0.4,0.3,0.3,balanced
1781479675579.204,0.4,0.3,0.3,602.0062794348507,620.2222222222222,0.12040125588697015,406.5695128626162,509.0886699507389,0.02645560459390368,1.0,1.0,1.0,43,8,2.243902816267041,0,2.243902816267041,False,False,False,True,0,301,18,0.4,0.3,0.3,balanced
1781479678303.678,0.4,0.3,0.3,600.010989010989,617.3333333333334,0.1200021978021978,426.92346287173865,551.8436416712279,0.027813439817994574,1.0,1.0,1.0,44,8,2.2436550889337226,0,2.2436550889337226,False,False,False,True,0,302,18,0.4,0.3,0.3,balanced
1781479681026.1482,0.4,0.3,0.3,597.0675039246468,613.6666666666666,0.11941350078492935,486.92118226600985,623.7821565407771,0.0318159561218152,1.0,1.0,1.0,46,8,2.2426898128494837,0,2.2426898128494837,False,False,False,True,0,303,18,0.4,0.3,0.3,balanced
1781479719763.0479,0.4,0.3,0.3,594.0690737833595,610.5555555555555,0.1188138147566719,450.67118226600985,567.2824302134646,0.02939767726924682,1.0,1.0,1.0,47,8,2.2436551709165573,0,2.2436551709165573,False,False,False,True,1,304,18,0.4,0.3,0.3,balanced
1781479722486.511,0.4,0.3,0.3,597.3469387755101,614.3333333333334,0.11946938775510202,447.0436507936508,562.9629629629629,0.029155680506581107,1.0,1.0,1.0,46,8,2.243465540745985,1,2.243465540745985,False,False,False,True,0,305,18,0.4,0.3,0.3,balanced
1781479725111.0188,0.4,0.3,0.3,594.7441130298273,611.7777777777778,0.11894882260596545,454.0210509654954,593.7353592909149,0.02962115083158742,1.0,1.0,1.0,47,8,2.2435341257081376,0,2.2435341257081376,False,False,False,True,0,306,18,0.4,0.3,0.3,balanced
1781479727826.515,0.4,0.3,0.3,593.1459968602825,609.1111111111111,0.1186291993720565,477.3275862068965,617.063492063492,0.031175956384716246,1.0,1.0,1.0,49,8,2.2431955333357623,0,2.2431955333357623,False,False,False,True,0,307,18,0.4,0.3,0.3,balanced
1781479730554.523,0.4,0.3,0.3,592.9434850863421,608.6666666666666,0.11858869701726842,504.7913245758074,632.9460864805692,0.0330080937008544,1.0,1.0,1.0,50,8,2.2426620930828363,0,2.2426620930828363,False,False,False,True,0,308,18,0.4,0.3,0.3,balanced
1781479733374.435,0.4,0.3,0.3,593.1130298273155,607.4444444444445,0.11862260596546309,999.2884615384615,1263.8676132708392,0.06599656181043773,0.8579801151229722,0.8851851851851852,0.8579801151229722,52,8,2.190146023607575,0,2.190146023607575,False,False,False,True,0,309,18,0.4,0.3,0.3,balanced
1781479739669.7139,0.4,0.3,0.3,592.043956043956,607.5555555555555,0.11840879120879119,510.10946907498624,644.5703338806787,0.03336287318712383,1.0,1.0,1.0,50,8,2.2426276215603465,1,2.2426276215603465,False,False,False,True,0,310,18,0.4,0.3,0.3,balanced
1781479742487.8792,0.4,0.3,0.3,591.6467817896389,606.4444444444445,0.11832935635792778,695.0910819978301,929.4628462351858,0.045703207604925286,0.8915871674113433,0.9236467236467237,0.8915871674113433,52,8,2.2064334453987544,0,2.2064334453987544,False,False,False,True,0,311,18,0.4,0.3,0.3,balanced
1781479745111.117,0.4,0.3,0.3,594.0423861852432,610.0,0.11880847723704864,508.4567901234567,623.0452674897119,0.033252621088956415,1.0,1.0,1.0,50,8,2.2425008227784935,1,2.2425008227784935,False,False,False,True,0,312,18,0.4,0.3,0.3,balanced
1781479747727.394,0.4,0.3,0.3,589.9324960753532,604.7777777777778,0.11798649921507065,542.0987654320987,695.761316872428,0.03549691563923274,1.0,1.0,1.0,52,8,2.2421563256222017,0,2.2421563256222017,False,False,False,True,0,313,18,0.4,0.3,0.3,balanced
1781479751150.593,0.4,0.3,0.3,595.546310832025,613.3333333333334,0.11910926216640501,2699.721702122064,3081.4307320262164,0.17943440307685551,0.6567549473853695,0.678863617246159,0.6567549473853695,53,8,2.0955524584259924,0,2.0955524584259924,False,False,False,True,0,314,18,0.4,0.3,0.3,balanced
1781479753770.395,0.4,0.3,0.3,588.8697017268445,602.6666666666666,0.1177739403453689,548.9704585537918,677.9982363315697,0.03595533412633701,1.0,1.0,1.0,55,8,2.2421038236239514,0,2.2421038236239514,False,False,False,True,0,315,18,0.4,0.3,0.3,balanced
1781479756395.081,0.4,0.3,0.3,587.8806907378336,601.7777777777778,0.1175761381475667,590.8230452674896,727.3662551440328,0.038747367929785836,1.0,1.0,1.0,56,8,2.2413453343620375,0,2.2413453343620375,False,False,False,True,0,316,18,0.4,0.3,0.3,balanced
1781479759020.2688,0.4,0.3,0.3,585.9874411302983,598.8888888888889,0.11719748822605966,663.7889476778365,830.7025279247501,0.0436150065161999,1.0,1.0,1.0,58,8,2.240036502754716,0,2.240036502754716,False,False,False,True,0,317,18,0.4,0.3,0.3,balanced
1781479761642.1511,0.4,0.3,0.3,583.6671899529042,597.0,0.11673343799058084,623.806414778637,765.464997964998,0.0409477261359998,0.9958718530147102,0.9958847736625513,0.9958718530147102,59,8,2.2397838628673807,0,2.2397838628673807,False,False,False,True,0,318,18,0.4,0.3,0.3,balanced
1781479764257.999,0.4,0.3,0.3,583.7551020408163,596.2222222222222,0.11675102040816325,553.4869194591416,719.6502057613169,0.03625663238553313,1.0,1.0,1.0,61,8,2.2424226021210747,0,2.2424226021210747,False,False,False,True,0,319,18,0.4,0.3,0.3,balanced
1781479766882.811,0.4,0.3,0.3,581.4065934065935,593.8888888888889,0.1162813186813187,652.4889770723104,809.1754850088183,0.04286117258654506,1.0,1.0,1.0,64,8,2.240629120751509,0,2.240629120751509,False,False,False,True,0,320,18,0.4,0.3,0.3,balanced
1781479769504.3062,0.4,0.3,0.3,580.7723704866561,592.6666666666666,0.11615447409733122,724.9007936507936,884.563492063492,0.04769184747503626,1.0,1.0,1.0,65,8,2.2392306561185564,0,2.2392306561185564,False,False,False,True,0,321,18,0.4,0.3,0.3,balanced
1781479775696.1091,0.4,0.3,0.3,577.5761381475667,589.5555555555555,0.11551522762951333,1140.9435626102293,1485.705467372134,0.07544653519748028,0.9960192868356132,0.9960317460317462,0.9960192868356132,67,8,2.2299657344396344,0,2.2299657344396344,False,False,False,True,0,322,18,0.4,0.3,0.3,balanced
1781479783026.696,0.4,0.3,0.3,104.15855572998429,136.55555555555554,0.020831711145996856,408.9608846293338,326.49991125926954,0.02661513573244388,0.16544392185564286,0.21769810594280806,0.16544392185564286,68,8,2.033315951378561,0,2.033315951378561,False,False,False,True,0,323,18,0.4,0.3,0.3,balanced
1781479785647.6309,0.4,0.3,0.3,581.2197802197802,593.3333333333334,0.11624395604395604,822.1430832541944,1004.5742323520101,0.05417899154464272,1.0,1.0,1.0,67,8,2.237248720119025,1,2.237248720119025,False,False,False,True,0,324,18,0.4,0.3,0.3,balanced
1781479788271.748,0.4,0.3,0.3,583.0706436420722,595.6666666666666,0.11661412872841445,799.8816872427983,945.077895355673,0.052693908421801085,1.0,1.0,1.0,65,8,2.237546175982094,1,2.237546175982094,False,False,False,True,0,325,18,0.4,0.3,0.3,balanced
1781479790897.312,0.4,0.3,0.3,581.9654631083203,593.6666666666666,0.11639309262166404,662.5509881065436,827.0689187355854,0.04353242082098356,0.9958718530147102,0.9958847736625513,0.9958718530147102,64,8,2.239144592609452,1,2.239144592609452,False,False,False,True,0,326,18,0.4,0.3,0.3,balanced
1781479793508.91,0.4,0.3,0.3,584.9748822605966,598.2222222222222,0.11699497645211931,643.1987970876859,827.7967711301044,0.042241414081900325,1.0,1.0,1.0,61,8,2.240529585194582,1,2.240529585194582,False,False,False,True,0,327,18,0.4,0.3,0.3,balanced
1781479796130.9568,0.4,0.3,0.3,585.3547880690738,598.6666666666666,0.11707095761381477,595.6481481481482,762.3280423280423,0.039069256047241374,1.0,1.0,1.0,59,8,2.2414508401403017,1,2.2414508401403017,False,False,False,True,0,328,18,0.4,0.3,0.3,balanced
1781479798752.3142,0.4,0.3,0.3,582.2135007849294,595.1111111111111,0.11644270015698586,626.1779835390946,799.5164609053498,0.04110593619340191,0.9942812289751064,0.9960317460317462,0.9942812289751064,61,8,2.239375507771717,0,2.239375507771717,False,False,False,True,0,329,18,0.4,0.3,0.3,balanced
1781479801566.563,0.4,0.3,0.3,549.684458398744,529.7777777777778,0.10993689167974881,538.7813620071685,701.0752688172043,0.035275607872392825,0.9419152276295133,0.8888888888888888,0.9419152276295133,59,8,2.2280171292552367,1,2.2280171292552367,False,False,False,True,0,330,18,0.4,0.3,0.3,balanced
1781479804191.373,0.4,0.3,0.3,584.436420722135,598.4444444444445,0.116887284144427,567.469135802469,749.5061728395062,0.037189401988156706,1.0,1.0,1.0,58,8,2.242088265745782,1,2.242088265745782,False,False,False,True,0,331,18,0.4,0.3,0.3,balanced
1781479806808.115,0.4,0.3,0.3,585.3893249607535,598.1111111111111,0.1170778649921507,583.4178424456202,734.129923574368,0.038253358401975995,1.0,1.0,1.0,59,8,2.2416928464825467,0,2.2416928464825467,False,False,False,True,0,332,18,0.4,0.3,0.3,balanced
1781479813018.076,0.4,0.3,0.3,582.7990580847724,596.1111111111111,0.11655981161695447,586.0604621715734,729.4349477682812,0.03842965057849055,0.9958718530147102,0.9958847736625513,0.9958718530147102,61,8,2.2406087360840843,0,2.2406087360840843,False,False,False,True,0,333,18,0.4,0.3,0.3,balanced
1781479815638.994,0.4,0.3,0.3,585.2668759811617,598.5555555555555,0.11705337519623234,571.5432098765432,711.0699588477366,0.037461188117181,1.0,1.0,1.0,59,8,2.2419402934863526,1,2.2419402934863526,False,False,False,True,0,334,18,0.4,0.3,0.3,balanced
1781479818262.424,0.4,0.3,0.3,585.2025117739403,599.0,0.11704050235478805,567.6748971193415,711.6519694297472,0.03720312856032965,1.0,1.0,1.0,58,8,2.242022860489986,1,2.242022860489986,False,False,False,True,0,335,18,0.4,0.3,0.3,balanced
1781479820982.757,0.4,0.3,0.3,586.9026687598116,601.0,0.11738053375196232,739.1062306148513,955.7188469257435,0.048639508379910025,0.9960192868356132,0.9960317460317462,0.9960192868356132,59,8,2.237261720035926,0,2.237261720035926,False,False,False,True,0,336,18,0.4,0.3,0.3,balanced
1781479823595.571,0.4,0.3,0.3,585.6122448979592,599.5555555555555,0.11712244897959183,689.8743386243386,846.3345091122869,0.045355192703424856,1.0,1.0,1.0,58,8,2.2395444625971357,1,2.2395444625971357,False,False,False,True,0,337,18,0.4,0.3,0.3,balanced
1781479826214.285,0.4,0.3,0.3,589.1240188383046,603.2222222222222,0.11782480376766091,693.6250734861845,808.3392122281011,0.0456054085047488,1.0,1.0,1.0,56,8,2.239188455941511,1,2.239188455941511,False,False,False,True,0,338,18,0.4,0.3,0.3,balanced
1781479828833.034,0.4,0.3,0.3,590.5447409733124,604.8888888888889,0.11810894819466249,535.2777777777777,674.700176366843,0.03504187977169965,1.0,1.0,1.0,55,8,2.2422438567906253,1,2.2422438567906253,False,False,False,True,0,339,18,0.4,0.3,0.3,balanced
1781479831454.825,0.4,0.3,0.3,591.6420722135007,606.5555555555555,0.11832841444270013,566.5858318636095,705.758377425044,0.03713047577475714,1.0,1.0,1.0,53,8,2.2415294914904926,1,2.2415294914904926,False,False,False,True,0,340,18,0.4,0.3,0.3,balanced
1781479834471.7742,0.4,0.3,0.3,432.89795918367344,475.22222222222223,0.08657959183673469,378.90255731922394,467.0449735449736,0.024609910428233753,0.728414442700157,0.7777777777777778,0.728414442700157,52,8,2.176509522946883,1,2.176509522946883,False,False,False,True,0,341,18,0.4,0.3,0.3,balanced
1781479837195.435,0.4,0.3,0.3,593.0800627943485,609.2222222222222,0.1186160125588697,739.5605448191656,796.8038187865774,0.04866981619874353,0.9688831576586678,0.9404761904761906,0.9688831576586678,50,8,2.2286175974144293,1,2.2286175974144293,False,False,False,True,0,342,18,0.4,0.3,0.3,balanced
1781479839818.8738,0.4,0.3,0.3,593.5729984301413,609.6666666666666,0.11871459968602827,562.6796454574232,730.7027540360874,0.03686988962357727,0.9881388452817024,0.9917695473251028,0.9881388452817024,49,8,2.237894846823026,1,2.237894846823026,False,False,False,True,0,343,18,0.4,0.3,0.3,balanced
1781479842543.333,0.4,0.3,0.3,596.0455259026687,612.5555555555555,0.11920910518053374,524.767378215654,634.051724137931,0.03434071902706164,1.0,1.0,1.0,47,8,2.242014142219668,1,2.242014142219668,False,False,False,True,0,344,18,0.4,0.3,0.3,balanced
1781479848948.934,0.4,0.3,0.3,597.8524332810048,613.7777777777778,0.11957048665620096,499.5372374093174,638.1058265262939,0.03265758755232271,0.9132653061224489,0.9398148148148147,0.9132653061224489,46,8,2.2163541209085573,1,2.2163541209085573,False,False,False,True,0,345,18,0.4,0.3,0.3,balanced
1781479851663.747,0.4,0.3,0.3,600.5117739403452,618.1111111111111,0.12010235478806904,406.3430487137383,515.1190476190477,0.02644049691219068,1.0,1.0,1.0,44,8,2.244026909011115,1,2.244026909011115,False,False,False,True,0,346,18,0.4,0.3,0.3,balanced
1781479854285.4011,0.4,0.3,0.3,596.7048665620093,612.7777777777778,0.11934097331240187,498.7155745489079,598.059512503957,0.03260277348558425,1.0,1.0,1.0,46,8,2.242482778629364,0,2.242482778629364,False,False,False,True,0,347,18,0.4,0.3,0.3,balanced
1781479856907.321,0.4,0.3,0.3,598.5478806907378,616.5555555555555,0.11970957613814756,510.23187717632163,644.2402659069326,0.033371039171202245,1.0,1.0,1.0,44,8,2.24210485779338,1,2.24210485779338,False,False,False,True,0,348,18,0.4,0.3,0.3,balanced
1781479859722.975,0.4,0.3,0.3,601.8163265306122,620.6666666666666,0.12036326530612243,513.776326483223,699.1733426216183,0.033607493427833424,0.8986629134412385,0.9310344827586208,0.8986629134412385,43,8,2.2113713198815725,1,2.2113713198815725,False,False,False,True,0,349,18,0.4,0.3,0.3,balanced
1781479862435.9282,0.4,0.3,0.3,603.1805337519622,622.8888888888889,0.12063610675039245,388.48398001175775,508.0408583186361,0.02524909806616129,0.9979255438439112,0.9960317460317462,0.9979255438439112,41,8,2.243548491033168,1,2.243548491033168,False,False,False,True,0,350,18,0.4,0.3,0.3,balanced
1781479865161.5168,0.4,0.3,0.3,601.3893249607536,619.2222222222222,0.12027786499215072,398.39579659024105,514.4253380364493,0.025910326657120817,1.0,1.0,1.0,43,8,2.2441157560060034,0,2.2441157560060034,False,False,False,True,0,351,18,0.4,0.3,0.3,balanced
1781479867884.649,0.4,0.3,0.3,603.270015698587,622.6666666666666,0.1206540031397174,420.2380952380952,526.0714285714286,0.027367451316750845,1.0,1.0,1.0,41,8,2.2435281633490876,1,2.2435281633490876,False,False,False,True,0,352,18,0.4,0.3,0.3,balanced
1781479870597.0881,0.4,0.3,0.3,600.8649921507064,618.5555555555555,0.12017299843014127,474.648001175779,596.9650205761317,0.030997198210525614,0.9942812289751064,0.9960317460317462,0.9942812289751064,43,8,2.2409160098573175,0,2.2409160098573175,False,False,False,True,0,353,18,0.4,0.3,0.3,balanced
1781479873322.644,0.4,0.3,0.3,604.6153846153845,624.0,0.12092307692307691,405.3203997648441,511.1801881246326,0.026372274834212416,1.0,1.0,1.0,41,8,2.2437190867805055,1,2.2437190867805055,False,False,False,True,0,354,18,0.4,0.3,0.3,balanced
1781479876045.82,0.4,0.3,0.3,605.386185243328,624.5555555555555,0.1210772370486656,432.473544973545,573.7403337403337,0.028183692126320548,0.9940694226408512,0.9958847736625516,0.9940694226408512,40,8,2.241334824334893,1,2.241334824334893,False,False,False,True,0,355,18,0.4,0.3,0.3,balanced
1781479878769.0981,0.4,0.3,0.3,609.0675039246466,628.7777777777778,0.12181350078492933,336.62110523221634,432.1575543797765,0.021789266526498756,1.0,1.0,1.0,38,8,2.2447378197280785,1,2.2447378197280785,False,False,False,True,0,356,18,0.4,0.3,0.3,balanced
1781479885066.4958,0.4,0.3,0.3,609.579277864992,630.7777777777778,0.1219158555729984,315.9641387419165,402.0958259847149,0.020411216727279285,1.0,1.0,1.0,37,8,2.2451102927526168,1,2.2451102927526168,False,False,False,True,0,357,18,0.4,0.3,0.3,balanced
1781479887787.216,0.4,0.3,0.3,613.9686028257456,635.6666666666666,0.12279372056514913,337.83000949667615,438.0357708135486,0.02186991390905111,1.0,1.0,1.0,35,8,2.244321537601225,1,2.244321537601225,False,False,False,True,0,358,18,0.4,0.3,0.3,balanced
1781479890503.392,0.4,0.3,0.3,617.4238618524331,639.5555555555555,0.12348477237048662,320.8388730610953,413.61190250079136,0.020736415814616098,1.0,1.0,1.0,34,8,2.2443851663074206,1,2.2443851663074206,False,False,False,True,0,359,18,0.4,0.3,0.3,balanced
1781479893326.583,0.4,0.3,0.3,621.4364207221348,645.4444444444445,0.12428728414442697,325.98453749315814,410.3297755883963,0.021079688958849777,1.0,1.0,1.0,32,8,2.2439611796545744,1,2.2439611796545744,False,False,False,True,0,360,18,0.4,0.3,0.3,balanced
1781479896150.752,0.4,0.3,0.3,629.4317111459967,655.6666666666666,0.12588634222919934,268.4457671957672,342.30893592004696,0.01724121195435405,1.0,1.0,1.0,29,8,2.244473099522014,1,2.244473099522014,False,False,False,True,0,361,18,0.4,0.3,0.3,balanced
1781479898865.8062,0.4,0.3,0.3,620.6860282574569,644.2222222222222,0.12413720565149138,292.15337132003793,367.4992086103197,0.01882277327018265,1.0,1.0,1.0,32,8,2.2446982857583486,0,2.2446982857583486,False,False,False,True,0,362,18,0.4,0.3,0.3,balanced
1781479901691.3481,0.4,0.3,0.3,630.4160125588696,657.2222222222222,0.12608320251177393,276.0074955908289,344.32245737801287,0.017745663481709733,1.0,1.0,1.0,29,8,2.2442430199507775,1,2.2442430199507775,False,False,False,True,0,363,18,0.4,0.3,0.3,balanced
1781479904505.868,0.4,0.3,0.3,632.1365777080061,659.0,0.12642731554160122,288.8697824808936,354.11963550852437,0.018603721312934862,1.0,1.0,1.0,28,8,2.243847957389479,1,2.243847957389479,False,False,False,True,0,364,18,0.4,0.3,0.3,balanced
1781479907325.834,0.4,0.3,0.3,639.021978021978,668.6666666666666,0.1278043956043956,235.22633744855966,299.87654320987656,0.015025105900504314,1.0,1.0,1.0,26,8,2.2443707099880905,1,2.2443707099880905,False,False,False,True,0,365,18,0.4,0.3,0.3,balanced
1781479910150.702,0.4,0.3,0.3,644.1098901098902,673.5555555555555,0.12882197802197803,205.70037986704654,269.2608420386198,0.013055395588195233,1.0,1.0,1.0,25,8,2.2445545901147503,1,2.2445545901147503,False,False,False,True,0,366,18,0.4,0.3,0.3,balanced
1781479913071.819,0.4,0.3,0.3,651.4018838304552,684.5555555555555,0.13028037676609103,209.00793650793648,268.531746031746,0.013276046464838992,1.0,1.0,1.0,23,8,2.243905035354112,1,2.243905035354112,False,False,False,True,0,367,18,0.4,0.3,0.3,balanced
1781479919582.0068,0.4,0.3,0.3,659.861852433281,693.7777777777778,0.1319723704866562,235.63712522045856,317.28101116990007,0.015052510021378156,1.0,1.0,1.0,22,8,2.242695298798924,1,2.242695298798924,False,False,False,True,0,368,18,0.4,0.3,0.3,balanced
1781479922495.259,0.4,0.3,0.3,672.2951334379906,710.1111111111111,0.1344590266875981,180.70987654320984,222.24279835390948,0.011388250603282845,1.0,1.0,1.0,20,8,2.242799914143976,1,2.242799914143976,False,False,False,True,0,369,18,0.4,0.3,0.3,balanced
1781479925515.248,0.4,0.3,0.3,676.9795918367346,715.7777777777778,0.1353959183673469,169.3907995296884,213.2436801881246,0.010633142063354795,1.0,1.0,1.0,19,8,2.2426516900340547,1,2.2426516900340547,False,False,False,True,0,370,18,0.4,0.3,0.3,balanced
1781479928640.046,0.4,0.3,0.3,695.120879120879,739.7777777777778,0.13902417582417578,143.33627278071725,180.20429159318053,0.008895014861955788,1.0,1.0,1.0,17,8,2.241721825211743,1,2.241721825211743,False,False,False,True,0,371,18,0.4,0.3,0.3,balanced
1781479931752.752,0.4,0.3,0.3,703.9183673469387,750.8888888888889,0.14078367346938775,141.44694297472074,179.7251616696061,0.008768975515324932,1.0,1.0,1.0,16,8,2.2410558379576475,1,2.2410558379576475,False,False,False,True,0,372,18,0.4,0.3,0.3,balanced
1781479934969.056,0.4,0.3,0.3,725.5729984301412,778.7777777777778,0.14511459968602824,138.75667028444806,172.39576267354045,0.008589504355200004,1.0,1.0,1.0,14,8,2.2393773088190287,1,2.2393773088190287,False,False,False,True,0,373,18,0.4,0.3,0.3,balanced
1781479938191.0068,0.4,0.3,0.3,738.4678178963892,795.7777777777778,0.14769356357927785,134.65020576131687,181.19341563786008,0.008315557422369372,1.0,1.0,1.0,13,8,2.238427907341578,1,2.238427907341578,False,False,False,True,0,374,18,0.4,0.3,0.3,balanced
1781479941403.9,0.4,0.3,0.3,724.1020408163265,778.0,0.1448204081632653,138.88888888888889,179.08877131099354,0.008598324809132014,1.0,1.0,1.0,14,8,2.2394923392919543,0,2.2394923392919543,False,False,False,True,0,375,18,0.4,0.3,0.3,balanced
1781479944520.9192,0.4,0.3,0.3,700.4945054945056,747.7777777777778,0.1400989010989011,163.04159318048207,207.67048794826573,0.010209579264875389,1.0,1.0,1.0,16,8,2.240897565780977,0,2.240897565780977,False,False,False,True,0,376,18,0.4,0.3,0.3,balanced
1781479947740.542,0.4,0.3,0.3,725.164835164835,778.7777777777778,0.145032967032967,173.03718400940625,227.85126396237507,0.010876396531648182,1.0,1.0,1.0,14,8,2.2387238942273187,1,2.2387238942273187,False,False,False,True,0,377,18,0.4,0.3,0.3,balanced
1781479954548.48,0.4,0.3,0.3,738.1161695447408,795.8888888888889,0.14762323390894816,161.01930990819878,201.87084520417852,0.01007467044084048,1.0,1.0,1.0,13,8,2.2379283053041688,1,2.2379283053041688,False,False,False,True,0,378,18,0.4,0.3,0.3,balanced
1781479957963.782,0.4,0.3,0.3,773.7692307692307,842.4444444444445,0.15475384615384613,137.6844503233392,181.0670194003527,0.008517975338448246,1.0,1.0,1.0,11,8,2.235543068936927,1,2.235543068936927,False,False,False,True,0,379,18,0.4,0.3,0.3,balanced
1781479961479.343,0.4,0.3,0.3,797.800627943485,873.1111111111111,0.159560125588697,116.23824221046443,150.38800705467372,0.00708727433025113,1.0,1.0,1.0,10,8,2.234049767465446,1,2.234049767465446,False,False,False,True,0,380,18,0.4,0.3,0.3,balanced
1781479964999.959,0.4,0.3,0.3,797.3783359497644,872.4444444444445,0.15947566718995287,108.07245737801291,142.22222222222223,0.006542525508873443,1.0,1.0,1.0,10,8,2.2342469754713568,2,2.2342469754713568,False,False,False,True,0,381,18,0.4,0.3,0.3,balanced
1781479968412.853,0.4,0.3,0.3,774.1664050235478,842.5555555555555,0.15483328100470956,111.90549676660788,155.22339800117578,0.00679823193906657,1.0,1.0,1.0,11,8,2.236027218016396,0,2.236027218016396,False,False,False,True,0,382,18,0.4,0.3,0.3,balanced
1781479971626.947,0.4,0.3,0.3,737.61852433281,795.5555555555555,0.147523704866562,187.01725229503006,262.4675530231086,0.011809022834891932,1.0,1.0,1.0,13,8,2.2374478112029075,0,2.2374478112029075,False,False,False,True,0,383,18,0.4,0.3,0.3,balanced
1781479974848.385,0.4,0.3,0.3,724.4238618524333,777.4444444444445,0.14488477237048666,160.58274544385654,214.30041152263374,0.010045546727408709,0.9942812289751065,0.9960317460317459,0.9942812289751065,14,8,2.2373167957261146,0,2.2373167957261146,False,False,False,True,0,384,18,0.4,0.3,0.3,balanced
1781479977964.8792,0.4,0.3,0.3,701.7943485086342,748.6666666666666,0.14035886970172684,161.71188893411116,216.87615882060325,0.010120873177725894,1.0,1.0,1.0,16,8,2.2408201901659917,0,2.2408201901659917,False,False,False,True,0,385,18,0.4,0.3,0.3,balanced
1781479980986.222,0.4,0.3,0.3,690.7441130298273,734.6666666666666,0.13814882260596545,193.32779360557137,271.3849319404875,0.012230006244534448,1.0,1.0,1.0,17,8,2.2410714690842535,0,2.2410714690842535,False,False,False,True,0,386,18,0.4,0.3,0.3,balanced
1781479984003.282,0.4,0.3,0.3,676.4568288854001,715.7777777777778,0.13529136577708004,189.31069958847735,256.96796002351556,0.011962021320111899,1.0,1.0,1.0,19,8,2.2422948472931346,0,2.2422948472931346,False,False,False,True,0,387,18,0.4,0.3,0.3,balanced
1781479990612.218,0.4,0.3,0.3,669.8257456828885,707.1111111111111,0.1339651491365777,218.20914168136386,291.61669606114054,0.013889869358329811,1.0,1.0,1.0,20,8,2.24224697953787,0,2.24224697953787,False,False,False,True,0,388,18,0.4,0.3,0.3,balanced
1781479993536.171,0.4,0.3,0.3,657.4411302982732,691.8888888888889,0.13148822605965463,195.71869488536151,257.5308641975309,0.012389505996355004,1.0,1.0,1.0,22,8,2.2436878577772315,0,2.2436878577772315,False,False,False,True,0,389,18,0.4,0.3,0.3,balanced
1781479996448.185,0.4,0.3,0.3,653.0675039246468,685.6666666666666,0.13061350078492936,242.9019694297472,305.96560846560845,0.015537156066027165,1.0,1.0,1.0,23,8,2.24309345286622,0,2.24309345286622,False,False,False,True,0,390,18,0.4,0.3,0.3,balanced
1781479999363.748,0.4,0.3,0.3,642.8524332810047,673.5555555555555,0.12857048665620094,221.25889436234263,288.415435139573,0.014093321838715318,1.0,1.0,1.0,25,8,2.244343808785905,0,2.244343808785905,False,False,False,True,0,391,18,0.4,0.3,0.3,balanced
1781480002277.976,0.4,0.3,0.3,640.4270015698586,669.7777777777778,0.12808540031397173,280.36808976464147,368.8108921729611,0.01803656369343839,1.0,1.0,1.0,26,8,2.24335487076638,0,2.24335487076638,False,False,False,True,0,392,18,0.4,0.3,0.3,balanced
1781480005094.079,0.4,0.3,0.3,633.5259026687598,661.2222222222222,0.12670518053375196,286.12286890064667,380.189594356261,0.018420471574426063,1.0,1.0,1.0,28,8,2.2437917863141714,0,2.2437917863141714,False,False,False,True,0,393,18,0.4,0.3,0.3,balanced
1781480007913.1,0.4,0.3,0.3,639.3940345368917,669.0,0.12787880690737835,248.4757834757835,323.170307059196,0.015908991559425184,1.0,1.0,1.0,26,8,2.2440757797692212,1,2.2440757797692212,False,False,False,True,0,394,18,0.4,0.3,0.3,balanced
1781480010728.344,0.4,0.3,0.3,633.9999999999999,661.2222222222222,0.12679999999999997,289.7119341563786,367.22369194591414,0.01865990221189984,1.0,1.0,1.0,28,8,2.24368202933643,0,2.24368202933643,False,False,False,True,0,395,18,0.4,0.3,0.3,balanced
1781480013540.1052,0.4,0.3,0.3,629.6546310832025,656.2222222222222,0.1259309262166405,280.6709288653733,372.45296884185774,0.0180567664353151,1.0,1.0,1.0,29,8,2.2442105995827495,0,2.2442105995827495,False,False,False,True,0,396,18,0.4,0.3,0.3,balanced
1781480016359.7642,0.4,0.3,0.3,633.8492935635793,661.4444444444445,0.12676985871271587,262.4507642563198,344.5282186948853,0.016841278469400922,1.0,1.0,1.0,28,8,2.244239672974093,1,2.244239672974093,False,False,False,True,0,397,18,0.4,0.3,0.3,balanced
1781480019176.299,0.4,0.3,0.3,629.778649921507,656.0,0.1259557299843014,290.8281893004115,377.10464432686655,0.01873436886593806,1.0,1.0,1.0,29,8,2.243997397346498,0,2.243997397346498,False,False,False,True,0,398,18,0.4,0.3,0.3,balanced
1781480021992.9832,0.4,0.3,0.3,623.9372056514914,647.8888888888889,0.12478744113029827,1048.6425834701697,1011.0235358511222,0.06928903158573514,1.0,1.0,1.0,32,8,2.2292983140721603,0,2.2292983140721603,False,False,False,True,0,399,18,0.4,0.3,0.3,balanced
1781480028388.4338,0.4,0.3,0.3,618.2009419152275,640.3333333333334,0.12364018838304551,321.0912698412698,407.9100529100529,0.020753253491745817,1.0,1.0,1.0,34,8,2.244317948599258,0,2.244317948599258,False,False,False,True,0,400,18,0.4,0.3,0.3,balanced
1781480031211.666,0.4,0.3,0.3,621.7331240188383,645.1111111111111,0.12434662480376767,300.27777777777777,374.8412698412698,0.019364761692980504,1.0,1.0,1.0,32,8,2.2444519215705987,1,2.2444519215705987,False,False,False,True,0,401,18,0.4,0.3,0.3,balanced
1781480034033.8271,0.4,0.3,0.3,630.1114599686027,656.7777777777778,0.12602229199372056,272.0590828924162,352.7395649617872,0.01748226036640535,1.0,1.0,1.0,29,8,2.2443464050925903,1,2.2443464050925903,False,False,False,True,0,402,18,0.4,0.3,0.3,balanced
1781480036859.787,0.4,0.3,0.3,621.5086342229199,645.6666666666666,0.12430172684458399,310.7760141093474,399.90887713109936,0.020065111014632913,1.0,1.0,1.0,32,8,2.2442597759577767,0,2.2442597759577767,False,False,False,True,0,403,18,0.4,0.3,0.3,balanced
1781480039578.6182,0.4,0.3,0.3,616.5824175824175,639.5555555555555,0.1233164835164835,312.6954732510288,403.2098765432099,0.020193160323617662,1.0,1.0,1.0,34,8,2.2446154584963214,0,2.2446154584963214,False,False,False,True,0,404,18,0.4,0.3,0.3,balanced
1781480042398.8618,0.4,0.3,0.3,616.0345368916796,638.0,0.12320690737833592,401.92460317460313,507.18253968253964,0.0261457373698868,1.0,1.0,1.0,35,8,2.2428735158376996,0,2.2428735158376996,False,False,False,True,0,405,18,0.4,0.3,0.3,balanced
1781480045123.48,0.4,0.3,0.3,609.5934065934065,630.2222222222222,0.12191868131868129,406.64529914529913,507.22222222222223,0.02646066038327546,1.0,1.0,1.0,37,8,2.243294329357545,0,2.243294329357545,False,False,False,True,0,406,18,0.4,0.3,0.3,balanced
1781480047847.04,0.4,0.3,0.3,611.1475667189952,631.4444444444445,0.12222951334379904,368.18048206937095,459.8162845385067,0.02389462855699606,1.0,1.0,1.0,38,8,2.2439398060953817,0,2.2439398060953817,False,False,False,True,0,407,18,0.4,0.3,0.3,balanced
1781480050561.7559,0.4,0.3,0.3,606.8712715855573,626.7777777777778,0.12137425431711146,389.11449147560256,507.59112286890064,0.025291160205176955,1.0,1.0,1.0,40,8,2.2438629502116023,0,2.2438629502116023,False,False,False,True,0,408,18,0.4,0.3,0.3,balanced
1781480053288.302,0.4,0.3,0.3,604.8131868131868,623.1111111111111,0.12096263736263736,417.56613756613757,531.1419753086419,0.027189201972390765,1.0,1.0,1.0,41,8,2.2434581844632278,0,2.2434581844632278,False,False,False,True,0,409,18,0.4,0.3,0.3,balanced
1781480056214.835,0.4,0.3,0.3,526.6138147566719,544.8888888888889,0.10532276295133439,419.50212813620067,545.924059139785,0.02731835411182126,0.8800529827315542,0.8819444444444444,0.8800529827315542,43,8,2.213691283405386,0,2.213691283405386,False,False,False,True,0,410,18,0.4,0.3,0.3,balanced
1781480063227.4858,0.4,0.3,0.3,338.82417582417577,437.77777777777777,0.06776483516483515,265.81266937669375,232.79403794037938,0.017065554995109658,0.5164835164835164,0.6666666666666666,0.5164835164835164,44,8,2.122719454380588,0,2.122719454380588,False,False,False,True,0,411,18,0.4,0.3,0.3,balanced
1781480065946.9941,0.4,0.3,0.3,597.9309262166404,614.8888888888889,0.11958618524332808,560.8271756978653,696.9170771756978,0.036746309252692816,1.0,1.0,1.0,46,8,2.241141633126861,0,2.241141633126861,False,False,False,True,0,412,18,0.4,0.3,0.3,balanced
1781480068670.338,0.4,0.3,0.3,603.1946624803767,620.7777777777778,0.12063893249607534,505.4727988061322,625.6310767421878,0.03305355562415825,0.9940694226408512,0.9958847736625516,0.9940694226408512,44,8,2.2400491871065777,1,2.2400491871065777,False,False,False,True,0,413,18,0.4,0.3,0.3,balanced
1781480071394.775,0.4,0.3,0.3,598.8838304552589,615.8888888888889,0.11977676609105178,529.161877394636,643.6343732895456,0.034633881080362645,1.0,1.0,1.0,46,8,2.2416991292394703,0,2.2416991292394703,False,False,False,True,0,414,18,0.4,0.3,0.3,balanced
1781480074108.5452,0.4,0.3,0.3,595.3971742543172,611.6666666666666,0.11907943485086343,513.3076131687242,641.0964138741916,0.033576225027933566,1.0,1.0,1.0,47,8,2.2422953585512744,0,2.2422953585512744,False,False,False,True,0,415,18,0.4,0.3,0.3,balanced
1781480076828.8,0.4,0.3,0.3,596.3610675039246,612.1111111111111,0.11927221350078492,570.1256613756613,699.7104644326866,0.03736662183960382,0.9942812289751065,0.9960317460317459,0.9942812289751065,49,8,2.2393654967403367,0,2.2393654967403367,False,False,False,True,0,416,18,0.4,0.3,0.3,balanced
1781480079954.215,0.4,0.3,0.3,599.7723704866562,615.4444444444445,0.11995447409733125,1136.7787598204263,1543.3229517396185,0.07516869645232997,0.7315441927686825,0.7948853615520282,0.7315441927686825,47,8,2.148930859255973,1,2.148930859255973,False,False,False,True,0,417,18,0.4,0.3,0.3,balanced
1781480082679.209,0.4,0.3,0.3,593.9686028257456,609.4444444444445,0.11879372056514913,508.76915708812254,631.0166940339354,0.03327345944550517,1.0,1.0,1.0,49,8,2.242500473940289,0,2.242500473940289,False,False,False,True,0,418,18,0.4,0.3,0.3,balanced
1781480085301.0718,0.4,0.3,0.3,593.8602825745683,609.2222222222222,0.11877205651491365,532.3543842988287,657.3979107312441,0.03484685685782713,1.0,1.0,1.0,50,8,2.2420371203366862,0,2.2420371203366862,False,False,False,True,0,419,18,0.4,0.3,0.3,balanced
1781480087924.17,0.4,0.3,0.3,592.6609105180534,607.1111111111111,0.11853218210361068,585.4882874327318,712.2095599873378,0.03839148014894808,1.0,1.0,1.0,52,8,2.2410696831138712,0,2.2410696831138712,False,False,False,True,0,420,18,0.4,0.3,0.3,balanced
1781480090637.478,0.4,0.3,0.3,591.3594976452118,606.2222222222222,0.11827189952904237,599.9726327312534,747.3631636562671,0.039357747346981546,1.0,1.0,1.0,53,8,2.2408839159842886,0,2.2408839159842886,False,False,False,True,0,421,18,0.4,0.3,0.3,balanced
1781480093255.303,0.4,0.3,0.3,587.9984301412873,602.0,0.11759968602825745,547.9835390946502,704.4444444444445,0.03588949560337893,1.0,1.0,1.0,55,8,2.2421932769076833,0,2.2421932769076833,False,False,False,True,0,422,18,0.4,0.3,0.3,balanced
1781480099466.5862,0.4,0.3,0.3,586.0847723704866,600.0,0.11721695447409732,571.6211052322162,731.7063492063493,0.037466384605217895,1.0,1.0,1.0,56,8,2.241873302828796,0,2.241873302828796,False,False,False,True,0,423,18,0.4,0.3,0.3,balanced
1781480102089.039,0.4,0.3,0.3,585.0565149136577,598.4444444444445,0.11701130298273153,545.8689458689458,700.2928141817031,0.03574842867704776,1.0,1.0,1.0,58,8,2.242470950203793,0,2.242470950203793,False,False,False,True,0,424,18,0.4,0.3,0.3,balanced
1781480104701.886,0.4,0.3,0.3,584.38147566719,596.8888888888889,0.116876295133438,558.7559354226021,739.847940125718,0.036608134451140896,0.9958718530147102,0.9958847736625513,0.9958718530147102,59,8,2.2410285975156956,0,2.2410285975156956,False,False,False,True,0,425,18,0.4,0.3,0.3,balanced
1781480107326.052,0.4,0.3,0.3,582.9136577708007,596.0,0.11658273155416014,580.5687830687831,723.1540270429159,0.03806329440085277,1.0,1.0,1.0,61,8,2.24194791905808,0,2.24194791905808,False,False,False,True,0,426,18,0.4,0.3,0.3,balanced
1781480109946.9,0.4,0.3,0.3,582.5871271585557,595.1111111111111,0.11651742543171115,593.3531746031746,766.2698412698413,0.038916155744040996,1.0,1.0,1.0,64,8,2.241718183104103,0,2.241718183104103,False,False,False,True,0,427,18,0.4,0.3,0.3,balanced
1781480112561.768,0.4,0.3,0.3,581.8335949764521,593.2222222222222,0.11636671899529043,622.7564667842445,787.2912992357437,0.04087768290755467,1.0,1.0,1.0,65,8,2.2411900075296174,0,2.2411900075296174,False,False,False,True,0,428,18,0.4,0.3,0.3,balanced
1781480115181.711,0.4,0.3,0.3,582.3516483516484,595.0,0.11647032967032966,664.2940804051915,819.0867363089585,0.04364870449667722,1.0,1.0,1.0,64,8,2.240317256782865,1,2.240317256782865,False,False,False,True,0,429,18,0.4,0.3,0.3,balanced
1781480117806.305,0.4,0.3,0.3,580.8571428571429,593.7777777777778,0.11617142857142858,714.4628159905938,866.4829512051733,0.046995518078091644,1.0,1.0,1.0,65,8,2.239432773148001,0,2.239432773148001,False,False,False,True,0,430,18,0.4,0.3,0.3,balanced
1781480120430.349,0.4,0.3,0.3,580.5777080062794,592.3333333333334,0.11611554160125588,709.9250440917108,895.0720164609052,0.04669279813820619,1.0,1.0,1.0,67,8,2.239545943918036,0,2.239545943918036,False,False,False,True,0,431,18,0.4,0.3,0.3,balanced
1781480123054.9631,0.4,0.3,0.3,579.9654631083201,591.4444444444445,0.11599309262166403,724.3827160493827,891.3609641387419,0.04765728592724367,1.0,1.0,1.0,68,8,2.239305577173161,0,2.239305577173161,False,False,False,True,0,432,18,0.4,0.3,0.3,balanced
1781480125675.55,0.4,0.3,0.3,580.2433281004709,592.3333333333334,0.11604866562009418,718.830834803057,902.3838918283363,0.04728691359593442,1.0,1.0,1.0,67,8,2.239394459673182,1,2.239394459673182,False,False,False,True,0,433,18,0.4,0.3,0.3,balanced
1781480128294.964,0.4,0.3,0.3,581.3767660910518,593.3333333333334,0.11627535321821035,684.9176954732509,866.8312757201644,0.045024529384473044,1.0,1.0,1.0,65,8,2.239982499897374,1,2.239982499897374,False,False,False,True,0,434,18,0.4,0.3,0.3,balanced
1781480134505.726,0.4,0.3,0.3,581.9560439560439,594.1111111111111,0.11639120879120879,684.238683127572,858.2451499118166,0.04497923169630234,1.0,1.0,1.0,64,8,2.239949746974626,1,2.239949746974626,False,False,False,True,0,435,18,0.4,0.3,0.3,balanced
1781480137126.665,0.4,0.3,0.3,583.0502354788069,596.0,0.1166100470957614,732.1557454890788,956.5748654637545,0.0481758335883308,0.9940694226408511,0.9958847736625513,0.9940694226408511,61,8,2.2371240578774514,1,2.2371240578774514,False,False,False,True,0,436,18,0.4,0.3,0.3,balanced
1781480139742.888,0.4,0.3,0.3,582.7064364207221,595.6666666666666,0.11654128728414441,641.3521457965902,814.2666078777189,0.04211822186768447,1.0,1.0,1.0,61,8,2.2407480185260367,2,2.2407480185260367,False,False,False,True,0,437,18,0.4,0.3,0.3,balanced
1781480142362.8682,0.4,0.3,0.3,585.7441130298273,599.0,0.11714882260596546,659.7119341563786,818.6831275720165,0.04334302429328743,1.0,1.0,1.0,59,8,2.2401375636696277,1,2.2401375636696277,False,False,False,True,0,438,18,0.4,0.3,0.3,balanced
1781480145079.9229,0.4,0.3,0.3,585.4992150706436,599.0,0.11709984301412872,555.1943076081006,729.459496442255,0.036370534196671155,1.0,1.0,1.0,58,8,2.242248902535347,1,2.242248902535347,False,False,False,True,0,439,18,0.4,0.3,0.3,balanced
1781480147902.282,0.4,0.3,0.3,501.39874411302975,542.3333333333334,0.10027974882260594,508.584229390681,597.168458781362,0.033261122707850636,0.8398744113029826,0.8888888888888888,0.8398744113029826,56,8,2.201872087049497,1,2.201872087049497,False,False,False,True,0,440,18,0.4,0.3,0.3,balanced
1781480150525.249,0.4,0.3,0.3,590.2558869701727,604.4444444444445,0.11805117739403453,622.633744855967,782.2222222222222,0.04086949598772295,1.0,1.0,1.0,55,8,2.2405186802460695,1,2.2405186802460695,False,False,False,True,0,441,18,0.4,0.3,0.3,balanced
1781480153238.811,0.4,0.3,0.3,590.7456828885399,605.7777777777778,0.11814913657770798,620.4570333880678,739.7769567597154,0.04072428508259291,0.9944784279759649,0.9961685823754789,0.9944784279759649,53,8,2.2388665882369283,1,2.2388665882369283,False,False,False,True,0,442,18,0.4,0.3,0.3,balanced
1781480155862.4639,0.4,0.3,0.3,591.6813186813185,606.6666666666666,0.11833626373626371,530.2318771763216,665.9639126305792,0.03470526198641238,1.0,1.0,1.0,52,8,2.2422539159095707,1,2.2422539159095707,False,False,False,True,0,443,18,0.4,0.3,0.3,balanced
1781480158482.31,0.4,0.3,0.3,594.1302982731554,609.0,0.11882605965463108,492.63928458372897,632.2712883823993,0.03219741725041554,1.0,1.0,1.0,50,8,2.242810350963023,1,2.242810350963023,False,False,False,True,0,444,18,0.4,0.3,0.3,balanced
1781480161105.221,0.4,0.3,0.3,593.4050235478807,609.3333333333334,0.11868100470957613,542.3171889838557,645.8167141500476,0.035511486923539407,1.0,1.0,1.0,49,8,2.2418741520391077,1,2.2418741520391077,False,False,False,True,0,445,18,0.4,0.3,0.3,balanced
1781480163823.211,0.4,0.3,0.3,596.2935635792778,612.7777777777778,0.11925871271585556,482.65257252326217,615.9017515051996,0.031531192296415086,1.0,1.0,1.0,47,8,2.2428371572247334,1,2.2428371572247334,False,False,False,True,0,446,18,0.4,0.3,0.3,balanced
1781480170125.395,0.4,0.3,0.3,596.4568288854002,613.6666666666666,0.11929136577708005,445.28051450465233,564.2610837438423,0.02903805967342577,1.0,1.0,1.0,46,8,2.2435720357871403,1,2.2435720357871403,False,False,False,True,0,447,18,0.4,0.3,0.3,balanced
1781480172842.842,0.4,0.3,0.3,600.9105180533751,618.2222222222222,0.12018210361067502,443.1746031746032,542.1825396825398,0.028897571926257717,1.0,1.0,1.0,44,8,2.2432578869778528,1,2.2432578869778528,False,False,False,True,0,448,18,0.4,0.3,0.3,balanced
1781480175765.059,0.4,0.3,0.3,600.4850863422291,618.0,0.12009701726844582,572.532034050179,803.1341845878137,0.037527153705815816,0.867482271423158,0.9080459770114943,0.867482271423158,43,8,2.2009477284078245,1,2.2009477284078245,False,False,False,True,0,449,18,0.4,0.3,0.3,balanced
1781480178489.51,0.4,0.3,0.3,605.6263736263736,624.5555555555555,0.12112527472527472,417.52792475014695,528.1334509112288,0.02718665275184436,1.0,1.0,1.0,41,8,2.2433938942843366,1,2.2433938942843366,False,False,False,True,0,450,18,0.4,0.3,0.3,balanced
1781480181214.91,0.4,0.3,0.3,602.7425431711146,621.0,0.12054850863422291,433.04324028461957,552.8393541324575,0.028221697150408242,1.0,1.0,1.0,43,8,2.2433140874011883,0,2.2433140874011883,False,False,False,True,0,451,18,0.4,0.3,0.3,balanced
1781480183937.333,0.4,0.3,0.3,604.8100470957614,623.7777777777778,0.12096200941915229,425.61965811965814,533.502690724913,0.027726461515654312,1.0,1.0,1.0,41,8,2.243297257777643,1,2.243297257777643,False,False,False,True,0,452,18,0.4,0.3,0.3,balanced
1781480186661.9019,0.4,0.3,0.3,605.2684458398743,625.0,0.12105368916797486,388.05702527924745,503.9476778365667,0.025220615428902433,1.0,1.0,1.0,40,8,2.244012339704139,1,2.244012339704139,False,False,False,True,0,453,18,0.4,0.3,0.3,balanced
1781480189387.144,0.4,0.3,0.3,602.1648351648352,621.0,0.12043296703296703,412.19672816895036,525.5765839099172,0.02683100254629422,0.9939531368102796,0.9958847736625513,0.9939531368102796,41,8,2.241963453466009,0,2.241963453466009,False,False,False,True,0,454,18,0.4,0.3,0.3,balanced
1781480192112.1099,0.4,0.3,0.3,605.2417582417582,624.5555555555555,0.12104835164835165,1762.1228462895128,2003.396192285081,0.11688611382851986,0.9956974242688528,0.9958847736625513,0.9956974242688528,40,8,2.215224052472759,1,2.215224052472759,False,False,False,True,0,455,18,0.4,0.3,0.3,balanced
1781480194829.798,0.4,0.3,0.3,607.4427001569859,627.7777777777778,0.12148854003139718,349.97134038800704,455.6951793062904,0.022679875943162578,1.0,1.0,1.0,38,8,2.2446006212044924,1,2.2446006212044924,False,False,False,True,0,456,18,0.4,0.3,0.3,balanced
1781480197553.3892,0.4,0.3,0.3,610.2072213500785,631.4444444444445,0.1220414442700157,338.17505539727756,441.3026274137385,0.02189293231469497,1.0,1.0,1.0,37,8,2.244615542597585,1,2.244615542597585,False,False,False,True,0,457,18,0.4,0.3,0.3,balanced
1781480200277.53,0.4,0.3,0.3,614.3987441130298,636.6666666666666,0.12287974882260597,320.2200063311174,410.9211775878443,0.020695130509080548,1.0,1.0,1.0,35,8,2.2446395613182335,1,2.2446395613182335,False,False,False,True,0,458,18,0.4,0.3,0.3,balanced
1781480206578.054,0.4,0.3,0.3,611.7802197802198,632.7777777777778,0.12235604395604396,340.4526748971193,433.2921810699588,0.022044874909747787,1.0,1.0,1.0,37,8,2.244444119944658,0,2.244444119944658,False,False,False,True,0,459,18,0.4,0.3,0.3,balanced
1781480209502.8591,0.4,0.3,0.3,609.452119309262,629.7777777777778,0.1218904238618524,401.48347272003184,542.7626443647948,0.02611630905403815,0.8892128279883382,0.9246031746031745,0.8892128279883382,38,8,2.210172786135549,0,2.210172786135549,False,False,False,True,0,460,18,0.4,0.3,0.3,balanced
1781480212229.705,0.4,0.3,0.3,612.2150706436421,632.7777777777778,0.12244301412872842,359.93753674309227,440.9611992945326,0.02334473227105352,1.0,1.0,1.0,37,8,2.2440193746671926,1,2.2440193746671926,False,False,False,True,0,461,18,0.4,0.3,0.3,balanced
1781480214953.6482,0.4,0.3,0.3,615.7488226059654,637.3333333333334,0.12314976452119308,320.67268122823674,425.7502374169041,0.02072532896786102,1.0,1.0,1.0,35,8,2.2445224955011644,1,2.2445224955011644,False,False,False,True,0,462,18,0.4,0.3,0.3,balanced
1781480217676.6208,0.4,0.3,0.3,616.0345368916797,638.6666666666666,0.12320690737833595,298.3246280468503,384.49984172206393,0.019234464846354257,1.0,1.0,1.0,34,8,2.2449468975947595,1,2.2449468975947595,False,False,False,True,0,463,18,0.4,0.3,0.3,balanced
1781480220402.442,0.4,0.3,0.3,616.0580847723704,637.7777777777778,0.12321161695447408,335.22396327951884,434.5220006331117,0.021696061593029944,1.0,1.0,1.0,34,8,2.2442065347403015,2,2.2442065347403015,False,False,False,True,0,464,18,0.4,0.3,0.3,balanced
1781480223226.66,0.4,0.3,0.3,622.817896389325,646.8888888888889,0.124563579277865,312.12301587301585,398.05555555555554,0.020154971038893653,1.0,1.0,1.0,32,8,2.244128076977186,1,2.244128076977186,False,False,False,True,0,465,18,0.4,0.3,0.3,balanced
1781480226043.804,0.4,0.3,0.3,630.1240188383046,656.2222222222222,0.1260248037676609,274.1071428571429,349.56349206349205,0.01761888878299819,1.0,1.0,1.0,29,8,2.244304411858036,1,2.244304411858036,False,False,False,True,0,466,18,0.4,0.3,0.3,balanced
1781480228868.857,0.4,0.3,0.3,632.1946624803768,658.8888888888889,0.12643893249607535,287.71751910640796,375.21604938271605,0.018526852508766376,1.0,1.0,1.0,28,8,2.2438663712489397,1,2.2438663712489397,False,False,False,True,0,467,18,0.4,0.3,0.3,balanced
1781480231694.209,0.4,0.3,0.3,639.6153846153844,668.7777777777778,0.1279230769230769,277.99936688825574,364.69135802469134,0.01787854348820919,1.0,1.0,1.0,26,8,2.2434672061843064,1,2.2434672061843064,False,False,False,True,0,468,18,0.4,0.3,0.3,balanced
1781480234606.149,0.4,0.3,0.3,644.5981161695448,674.6666666666666,0.12891962323390896,231.031746031746,311.984126984127,0.014745279922064442,1.0,1.0,1.0,25,8,2.244008566729817,1,2.244008566729817,False,False,False,True,0,469,18,0.4,0.3,0.3,balanced
1781480237526.9019,0.4,0.3,0.3,651.2967032967032,684.5555555555555,0.13025934065934064,238.66746936191376,304.81436259214036,0.015254667735951551,0.9940694226408511,0.9958847736625513,0.9940694226408511,23,8,2.2415406902077337,1,2.2415406902077337,False,False,False,True,0,470,18,0.4,0.3,0.3,balanced
1781480244033.8289,0.4,0.3,0.3,658.9167974882259,693.1111111111111,0.1317833594976452,203.26131687242798,261.8724279835391,0.012892682913437491,1.0,1.0,1.0,22,8,2.2434188513269104,1,2.2434188513269104,False,False,False,True,0,471,18,0.4,0.3,0.3,balanced
1781480247052.734,0.4,0.3,0.3,670.1381475667189,707.8888888888889,0.13402762951334377,1384.4500407000405,1559.7451725229503,0.09169113013342499,0.9918786806541908,0.9919165196942975,0.9918786806541908,20,8,2.2164452133508923,1,2.2164452133508923,False,False,False,True,0,472,18,0.4,0.3,0.3,balanced
1781480250067.769,0.4,0.3,0.3,676.1444270015699,716.3333333333334,0.13522888540031397,226.92256817256813,296.2318545651879,0.01447115197949087,0.9940694226408511,0.9958847736625513,0.9940694226408511,19,8,2.2397879270382823,1,2.2397879270382823,False,False,False,True,0,473,18,0.4,0.3,0.3,balanced
1781480253084.4878,0.4,0.3,0.3,667.9686028257457,705.7777777777778,0.13359372056514915,205.56363903586123,249.9265138154027,0.013046273451358321,1.0,1.0,1.0,20,8,2.242648629738533,0,2.242648629738533,False,False,False,True,0,474,18,0.4,0.3,0.3,balanced
1781480256006.5479,0.4,0.3,0.3,657.1601255886969,691.3333333333334,0.13143202511773938,211.55276308054087,272.17519106407997,0.013445814748535082,1.0,1.0,1.0,22,8,2.2433934455283437,0,2.2433934455283437,False,False,False,True,0,475,18,0.4,0.3,0.3,balanced
1781480259026.239,0.4,0.3,0.3,669.7974882260595,707.6666666666666,0.1339594976452119,169.73765432098762,218.16872427983537,0.010656281142160615,1.0,1.0,1.0,20,8,2.243219316599267,1,2.243219316599267,False,False,False,True,0,476,18,0.4,0.3,0.3,balanced
1781480262053.771,0.4,0.3,0.3,678.2511773940345,717.7777777777778,0.1356502354788069,168.260582010582,221.62404467960025,0.010557743963347698,1.0,1.0,1.0,19,8,2.242572582619473,1,2.242572582619473,False,False,False,True,0,477,18,0.4,0.3,0.3,balanced
1781480265170.4731,0.4,0.3,0.3,692.6075353218209,736.8888888888889,0.1385215070643642,166.74603174603175,212.89682539682542,0.010456706587460424,1.0,1.0,1.0,17,8,2.241454385198016,1,2.241454385198016,False,False,False,True,0,478,18,0.4,0.3,0.3,balanced
1781480268288.3079,0.4,0.3,0.3,701.2731554160124,748.1111111111111,0.1402546310832025,152.23471487360376,203.51557907113465,0.00948864008496356,1.0,1.0,1.0,16,8,2.24105155554123,1,2.24105155554123,False,False,False,True,0,479,18,0.4,0.3,0.3,balanced
1781480271512.354,0.4,0.3,0.3,724.5557299843014,778.2222222222222,0.14491114599686028,177.8284832451499,228.33480305702525,0.011196029569389586,1.0,1.0,1.0,14,8,2.238676732730439,1,2.238676732730439,False,False,False,True,0,480,18,0.4,0.3,0.3,balanced
1781480278410.54,0.4,0.3,0.3,738.054945054945,796.0,0.147610989010989,113.79482657260435,146.9268077601411,0.0069242712856974215,1.0,1.0,1.0,13,8,2.238878323009895,1,2.238878323009895,False,False,False,True,0,481,18,0.4,0.3,0.3,balanced
1781480281826.994,0.4,0.3,0.3,774.3155416012559,842.1111111111111,0.15486310832025116,103.62360376249264,136.19488536155205,0.00624573740910558,1.0,1.0,1.0,11,8,2.236181035449168,1,2.236181035449168,False,False,False,True,0,482,18,0.4,0.3,0.3,balanced
1781480285343.153,0.4,0.3,0.3,797.9811616954473,872.8888888888889,0.15959623233908946,115.17489711934157,138.70517342739564,0.007016337366200238,1.0,1.0,1.0,10,8,2.234056605854504,1,2.234056605854504,False,False,False,True,0,483,18,0.4,0.3,0.3,balanced
1781480288759.9001,0.4,0.3,0.3,774.9026687598114,843.1111111111111,0.15498053375196227,100.4211888934111,129.48435309546423,0.00603210066000074,0.9940694226408511,0.9958847736625513,0.9940694226408511,11,8,2.23441898309347,0,2.23441898309347,False,False,False,True,0,484,18,0.4,0.3,0.3,balanced
1781480292074.047,0.4,0.3,0.3,737.1475667189952,795.5555555555555,0.14742951334379906,116.26984126984127,144.973544973545,0.007089382339549117,1.0,1.0,1.0,13,8,2.2389013799606157,0,2.2389013799606157,False,False,False,True,0,485,18,0.4,0.3,0.3,balanced
1781480295293.8708,0.4,0.3,0.3,722.4160125588696,775.5555555555555,0.14448320251177393,2180.7540247818024,2185.867250033917,0.14481347730365593,0.9804328324736488,0.9841269841269842,0.9804328324736488,14,8,2.1928925255462883,0,2.1928925255462883,False,False,False,True,0,486,18,0.4,0.3,0.3,balanced
1781480298412.7979,0.4,0.3,0.3,701.497645211931,748.3333333333334,0.14029952904238618,176.5248383303939,227.4573780129336,0.01110906192997958,1.0,1.0,1.0,16,8,2.2405474698040515,0,2.2405474698040515,False,False,False,True,0,487,18,0.4,0.3,0.3,balanced
1781480301533.684,0.4,0.3,0.3,692.1004709576137,737.1111111111111,0.13842009419152274,187.93503821281595,240.50117577895355,0.011870249380441358,1.0,1.0,1.0,17,8,2.2410708875092586,0,2.2410708875092586,False,False,False,True,0,488,18,0.4,0.3,0.3,balanced
1781480304549.5278,0.4,0.3,0.3,677.054945054945,716.5555555555555,0.135410989010989,201.17724867724866,271.24779541446213,0.012753652346714387,1.0,1.0,1.0,19,8,2.24200950869159,0,2.24200950869159,False,False,False,True,0,489,18,0.4,0.3,0.3,balanced
1781480307562.591,0.4,0.3,0.3,669.4929356357927,707.2222222222222,0.13389858712715855,197.99674126781403,242.74772446228386,0.012541477069233758,0.9942812289751064,0.9960317460317462,0.9942812289751064,20,8,2.2409624907208983,0,2.2409624907208983,False,False,False,True,0,490,18,0.4,0.3,0.3,balanced
1781480314165.3308,0.4,0.3,0.3,681.3761194029848,714.6666666666666,0.13627522388059696,173.10625104742752,221.71415004748337,0.01088100407254353,0.9942509673852955,0.9958847736625513,0.9942509673852955,19,8,2.240500899441587,1,2.240500899441587,False,False,False,True,0,491,18,0.4,0.3,0.3,balanced
1781480317287.99,0.4,0.3,0.3,693.6436420722134,738.1111111111111,0.1387287284144427,155.43650793650795,199.810405643739,0.009702235352668976,1.0,1.0,1.0,17,8,2.2415978380284223,1,2.2415978380284223,False,False,False,True,0,492,18,0.4,0.3,0.3,balanced
1781480320311.897,0.4,0.3,0.3,679.2888540031396,719.2222222222222,0.13585777080062791,183.3333333333333,230.72604350382127,0.011563264398487878,1.0,1.0,1.0,19,8,2.2421879123602024,0,2.2421879123602024,False,False,False,True,0,493,18,0.4,0.3,0.3,balanced
1781480323324.419,0.4,0.3,0.3,671.7221350078493,710.0,0.13434442700156984,353.98809523809524,400.35714285714283,0.02294783824136726,1.0,1.0,1.0,20,8,2.239377877726962,0,2.239377877726962,False,False,False,True,0,494,18,0.4,0.3,0.3,balanced
1781480326238.959,0.4,0.3,0.3,659.342229199372,693.5555555555555,0.1318684458398744,185.01984126984127,242.11493239271016,0.011675773266833974,1.0,1.0,1.0,22,8,2.243749889684,0,2.243749889684,False,False,False,True,0,495,18,0.4,0.3,0.3,balanced
1781480329259.485,0.4,0.3,0.3,653.9246467817896,687.4444444444445,0.13078492935635794,221.68615317561674,294.6613047091974,0.014121824761548815,0.9942812289751064,0.9960317460317462,0.9942812289751064,23,8,2.241733849521524,0,2.241733849521524,False,False,False,True,0,496,18,0.4,0.3,0.3,balanced
1781480332184.606,0.4,0.3,0.3,643.5478806907379,674.3333333333334,0.12870957613814757,230.27093596059112,297.5615763546798,0.014694525414315618,1.0,1.0,1.0,25,8,2.244107811920446,0,2.244107811920446,False,False,False,True,0,497,18,0.4,0.3,0.3,balanced
1781480335109.619,0.4,0.3,0.3,664.0327169274537,687.2222222222222,0.13280654338549075,213.87311762311762,268.89375028263913,0.013600608247039202,1.0,1.0,1.0,23,8,2.242797200171692,1,2.242797200171692,False,False,False,True,0,498,18,0.4,0.3,0.3,balanced
1781480338122.589,0.4,0.3,0.3,657.1805337519623,691.2222222222222,0.13143610675039247,215.8928571428571,275.515873015873,0.0137353473744401,1.0,1.0,1.0,22,8,2.243304953087511,1,2.243304953087511,False,False,False,True,0,499,18,0.4,0.3,0.3,balanced
1781480341039.994,0.4,0.3,0.3,654.0345368916796,686.5555555555555,0.13080690737833592,222.69400352733683,290.13962375073487,0.01418905960822794,1.0,1.0,1.0,23,8,2.243420519166197,0,2.243420519166197,False,False,False,True,0,500,18,0.4,0.3,0.3,balanced
1781480343956.616,0.4,0.3,0.3,644.1569858712716,674.4444444444445,0.12883139717425432,247.6607827038861,318.9819376026272,0.015854621928211216,1.0,1.0,1.0,25,8,2.243711054551835,0,2.243711054551835,False,False,False,True,0,501,18,0.4,0.3,0.3,balanced
1781480350363.542,0.4,0.3,0.3,639.6828885400314,668.8888888888889,0.1279365777080063,245.98369737258625,328.6340614118392,0.01574274165260749,1.0,1.0,1.0,26,8,2.2441025464210154,0,2.2441025464210154,False,False,False,True,0,502,18,0.4,0.3,0.3,balanced
1781480353186.134,0.4,0.3,0.3,634.2087912087911,661.7777777777778,0.12684175824175822,291.20370370370364,387.0164609053498,0.018759419860153677,0.9940694226408512,0.9958847736625516,0.9940694226408512,28,8,2.241856297537506,0,2.241856297537506,False,False,False,True,0,503,18,0.4,0.3,0.3,balanced
1781480356011.908,0.4,0.3,0.3,639.8367346938776,669.5555555555555,0.1279673469387755,254.2347261791706,330.48591326369103,0.016293177196742534,1.0,1.0,1.0,26,8,2.243925108065467,1,2.243925108065467,False,False,False,True,0,504,18,0.4,0.3,0.3,balanced
1781480358838.728,0.4,0.3,0.3,630.2778649921507,658.1111111111111,0.12605557299843015,282.20746845746845,356.0918916474472,0.01815927074432745,1.0,1.0,1.0,28,8,2.24412998957733,0,2.24412998957733,False,False,False,True,0,505,18,0.4,0.3,0.3,balanced
1781480361658.5842,0.4,0.3,0.3,628.7331240188381,654.5555555555555,0.1257466248037676,287.010582010582,380.88183421516754,0.018479691928657907,0.9942812289751064,0.9960317460317462,0.9942812289751064,29,8,2.2424418111924274,0,2.2424418111924274,False,False,False,True,0,506,18,0.4,0.3,0.3,balanced
1781480364482.169,0.4,0.3,0.3,623.822605965463,647.5555555555555,0.1247645211930926,302.6709187293478,388.90348476555374,0.019524410855860427,0.9807730974163064,0.98440065681445,0.9807730974163064,32,8,2.2384687974908966,0,2.2384687974908966,False,False,False,True,0,507,18,0.4,0.3,0.3,balanced
1781480367194.723,0.4,0.3,0.3,617.701726844584,640.1111111111111,0.1235403453689168,340.88477366255137,417.03703703703707,0.022073700711310967,1.0,1.0,1.0,34,8,2.24396175163904,0,2.24396175163904,False,False,False,True,0,508,18,0.4,0.3,0.3,balanced
1781480369916.1611,0.4,0.3,0.3,616.6153846153846,638.5555555555555,0.12332307692307692,389.9110817166372,473.8888888888889,0.025344301648875064,1.0,1.0,1.0,35,8,2.2430674787361067,0,2.2430674787361067,False,False,False,True,0,509,18,0.4,0.3,0.3,balanced
1781480372631.771,0.4,0.3,0.3,618.767660910518,641.3333333333334,0.1237535321821036,338.0173427395649,419.2034097589653,0.021882411123386587,1.0,1.0,1.0,34,8,2.2439338637901427,1,2.2439338637901427,False,False,False,True,0,510,18,0.4,0.3,0.3,balanced
1781480375454.427,0.4,0.3,0.3,622.9042386185242,645.8888888888889,0.12458084772370484,297.3392172961138,371.64614121510675,0.01916872697105496,1.0,1.0,1.0,32,8,2.2444170428192014,1,2.2444170428192014,False,False,False,True,0,511,18,0.4,0.3,0.3,balanced
1781480378277.553,0.4,0.3,0.3,619.8712715855573,643.0,0.12397425431711147,360.72807070891355,451.11121247136566,0.023397469693723385,1.0,1.0,1.0,34,8,2.2433910573650384,0,2.2433910573650384,False,False,False,True,0,512,18,0.4,0.3,0.3,balanced
1781480384581.3179,0.4,0.3,0.3,617.5196232339088,639.2222222222222,0.12350392464678175,343.858024691358,436.38651471984804,0.02227204967921001,0.9940694226408512,0.9958847736625516,0.9940694226408512,35,8,2.2421376420297796,0,2.2421376420297796,False,False,False,True,0,513,18,0.4,0.3,0.3,balanced
1781480387296.236,0.4,0.3,0.3,612.624803767661,633.4444444444445,0.1225249607535322,374.8398001175778,466.3624338624338,0.024338879260678972,1.0,1.0,1.0,37,8,2.243688351920383,0,2.243688351920383,False,False,False,True,0,514,18,0.4,0.3,0.3,balanced
1781480390021.073,0.4,0.3,0.3,611.0627943485085,631.1111111111111,0.12221255886970171,387.49044679600235,483.95208700764255,0.025182818331954793,1.0,1.0,1.0,38,8,2.243560130952533,0,2.243560130952533,False,False,False,True,0,515,18,0.4,0.3,0.3,balanced
1781480392742.3079,0.4,0.3,0.3,606.0973312401883,624.7777777777778,0.12121946624803766,447.66607877718985,547.9512051734274,0.02919720338740426,1.0,1.0,1.0,40,8,2.242753052484564,0,2.242753052484564,False,False,False,True,0,516,18,0.4,0.3,0.3,balanced
1781480395466.773,0.4,0.3,0.3,604.4458398744113,623.4444444444445,0.12088916797488225,418.0357142857142,514.0873015873016,0.0272205279710283,1.0,1.0,1.0,41,8,2.2434781744187386,0,2.2434781744187386,False,False,False,True,0,517,18,0.4,0.3,0.3,balanced
1781480398184.635,0.4,0.3,0.3,608.3249607535321,627.2222222222222,0.12166499215070642,410.9839800117578,510.10435038212813,0.026750098733272703,1.0,1.0,1.0,40,8,2.243308973519736,1,2.243308973519736,False,False,False,True,0,518,18,0.4,0.3,0.3,balanced
1781480400905.975,0.4,0.3,0.3,611.5164835164834,631.7777777777778,0.12230329670329668,393.10699588477365,484.07407407407413,0.025557504728804113,1.0,1.0,1.0,38,8,2.24341142990004,1,2.24341142990004,False,False,False,True,0,519,18,0.4,0.3,0.3,balanced
1781480403632.169,0.4,0.3,0.3,607.3124018838304,626.5555555555555,0.12146248037676607,385.86934156378595,490.7716049382716,0.02507467255262081,1.0,1.0,1.0,40,8,2.243892606083507,0,2.243892606083507,False,False,False,True,0,520,18,0.4,0.3,0.3,balanced
1781480406356.0122,0.4,0.3,0.3,606.116169544741,624.6666666666666,0.1212232339089482,414.8559670781893,509.4591416813639,0.027008403407484276,1.0,1.0,1.0,41,8,2.243408185414175,0,2.243408185414175,False,False,False,True,0,521,18,0.4,0.3,0.3,balanced
1781480409078.1802,0.4,0.3,0.3,603.1177394034536,620.4444444444445,0.12062354788069071,406.2830687830687,521.6137566137567,0.026436495582592975,1.0,1.0,1.0,43,8,2.2438196321729458,0,2.2438196321729458,False,False,False,True,0,522,18,0.4,0.3,0.3,balanced
1781480411993.275,0.4,0.3,0.3,514.6483516483516,558.4444444444445,0.10292967032967033,412.44679659498206,470.6922043010753,0.02684768489626298,0.8348704866562009,0.8854166666666666,0.8348704866562009,44,8,2.2012349723961133,0,2.2012349723961133,False,False,False,True,0,523,18,0.4,0.3,0.3,balanced
1781480414711.8,0.4,0.3,0.3,598.149136577708,615.0,0.11962982731554159,472.7558839627805,567.8366174055831,0.030870972912793896,1.0,1.0,1.0,46,8,2.2428867771999452,0,2.2428867771999452,False,False,False,True,0,524,18,0.4,0.3,0.3,balanced
1781480421014.602,0.4,0.3,0.3,598.8006279434851,614.5555555555555,0.11976012558869702,459.2783656672545,566.0964138741916,0.029971872292678753,1.0,1.0,1.0,47,8,2.2431043880767176,0,2.2431043880767176,False,False,False,True,0,525,18,0.4,0.3,0.3,balanced
1781480423637.326,0.4,0.3,0.3,596.1742543171115,611.7777777777778,0.1192348508634223,501.54954099398543,614.224438113327,0.03279183062001237,1.0,1.0,1.0,49,8,2.2424685104686275,0,2.2424685104686275,False,False,False,True,0,526,18,0.4,0.3,0.3,balanced
1781480426260.0059,0.4,0.3,0.3,597.7598116169545,614.3333333333334,0.1195519623233909,527.3472617917062,648.4140550807217,0.034512826003449376,1.0,1.0,1.0,47,8,2.241825367269609,1,2.241825367269609,False,False,False,True,0,527,18,0.4,0.3,0.3,balanced
1781480428984.588,0.4,0.3,0.3,594.712715855573,610.8888888888889,0.1189425431711146,514.4062316284538,637.6601998824221,0.033649515118642684,1.0,1.0,1.0,49,8,2.2423281281959615,0,2.2423281281959615,False,False,False,True,0,528,18,0.4,0.3,0.3,balanced
1781480431706.6492,0.4,0.3,0.3,593.3799058084772,609.0,0.11867598116169545,579.0359879584017,719.9863163656266,0.03796103989048711,1.0,1.0,1.0,50,8,2.2411412955681755,0,2.2411412955681755,False,False,False,True,0,529,18,0.4,0.3,0.3,balanced
1781480434328.202,0.4,0.3,0.3,591.7394034536891,606.7777777777778,0.11834788069073782,616.2559354226021,754.1595441595442,0.040444025044870054,1.0,1.0,1.0,52,8,2.2405276402102436,0,2.2405276402102436,False,False,False,True,0,530,18,0.4,0.3,0.3,balanced
1781480436940.1602,0.4,0.3,0.3,594.3029827315542,610.1111111111111,0.11886059654631083,554.7293447293448,680.3323836657169,0.03633951599261807,1.0,1.0,1.0,50,8,2.2415539065836905,1,2.2415539065836905,False,False,False,True,0,531,18,0.4,0.3,0.3,balanced
1781480439661.616,0.4,0.3,0.3,591.0659340659339,606.0,0.11821318681318678,565.489189928845,705.1190476190477,0.03705731754028319,1.0,1.0,1.0,52,8,2.2415975300126405,0,2.2415975300126405,False,False,False,True,0,532,18,0.4,0.3,0.3,balanced
1781480442283.687,0.4,0.3,0.3,590.458398744113,605.2222222222222,0.11809167974882259,578.0808800253244,727.0671098448877,0.03789732355072211,1.0,1.0,1.0,53,8,2.2413941310352543,0,2.2413941310352543,False,False,False,True,0,533,18,0.4,0.3,0.3,balanced
1781480444904.789,0.4,0.3,0.3,587.9544740973312,602.2222222222222,0.11759089481946623,733.4156378600824,977.9423868312757,0.048259882445635914,1.0,1.0,1.0,55,8,2.238485677338523,0,2.238485677338523,False,False,False,True,0,534,18,0.4,0.3,0.3,balanced
1781480447528.278,0.4,0.3,0.3,588.8634222919936,602.8888888888889,0.11777268445839872,583.3293763849318,737.0702754036088,0.038247456730148885,1.0,1.0,1.0,56,8,2.241416689197596,0,2.241416689197596,False,False,False,True,0,535,18,0.4,0.3,0.3,balanced
1781480450145.684,0.4,0.3,0.3,585.4929356357927,599.0,0.11709858712715854,560.3086419753085,730.2469135802469,0.03671171727653826,1.0,1.0,1.0,58,8,2.2421470499661753,0,2.2421470499661753,False,False,False,True,0,536,18,0.4,0.3,0.3,balanced
1781480456340.2031,0.4,0.3,0.3,587.3186813186813,600.6666666666666,0.11746373626373627,582.1825396825396,744.6649029982362,0.038170949945466284,1.0,1.0,1.0,59,8,2.2415632205108658,0,2.2415632205108658,False,False,False,True,0,537,18,0.4,0.3,0.3,balanced
1781480458960.265,0.4,0.3,0.3,583.6875981161696,596.4444444444445,0.11673751962323392,618.6890064667841,789.0476190476189,0.04060633798977879,1.0,1.0,1.0,61,8,2.241123090753773,0,2.241123090753773,False,False,False,True,0,538,18,0.4,0.3,0.3,balanced
1781480461580.133,0.4,0.3,0.3,582.1758241758241,594.3333333333334,0.11643516483516482,652.5058788947676,830.8847736625515,0.04286230012640211,0.9942812289751065,0.9960317460317459,0.9942812289751065,64,8,2.2388516127205453,0,2.2388516127205453,False,False,False,True,0,539,18,0.4,0.3,0.3,balanced
1781480464403.188,0.4,0.3,0.3,548.3453689167975,527.8888888888889,0.1096690737833595,581.7204301075269,769.9283154121864,0.03814012208856084,0.9419152276295133,0.8888888888888888,0.9419152276295133,61,8,2.227264902148942,1,2.227264902148942,False,False,False,True,0,540,18,0.4,0.3,0.3,balanced
1781480467024.239,0.4,0.3,0.3,582.0047095761381,593.8888888888889,0.11640094191522762,644.0549676660787,806.7063492063493,0.04229853019787049,1.0,1.0,1.0,64,8,2.2407500641745477,0,2.2407500641745477,False,False,False,True,0,541,18,0.4,0.3,0.3,balanced
1781480469642.2441,0.4,0.3,0.3,583.4992150706436,596.5555555555555,0.11669984301412871,659.0586419753087,832.7028218694885,0.043299442426638336,1.0,1.0,1.0,61,8,2.2403302300663572,1,2.2403302300663572,False,False,False,True,0,542,18,0.4,0.3,0.3,balanced
1781480472266.165,0.4,0.3,0.3,584.2496075353217,597.6666666666666,0.11684992150706434,630.4027042915932,768.2789535567313,0.04138777213419568,1.0,1.0,1.0,59,8,2.2408436997569154,1,2.2408436997569154,False,False,False,True,0,543,18,0.4,0.3,0.3,balanced
1781480474888.617,0.4,0.3,0.3,584.6813186813187,597.8888888888889,0.11693626373626373,644.4444444444445,822.6337448559669,0.042324512638055,1.0,1.0,1.0,61,8,2.240528140714078,0,2.240528140714078,False,False,False,True,0,544,18,0.4,0.3,0.3,balanced
1781480477512.687,0.4,0.3,0.3,584.734693877551,597.7777777777778,0.1169469387755102,619.2842445620223,758.6507936507937,0.04064604700213625,1.0,1.0,1.0,59,8,2.241027410389155,1,2.241027410389155,False,False,False,True,0,545,18,0.4,0.3,0.3,balanced
1781480480137.079,0.4,0.3,0.3,584.2967032967033,596.8888888888889,0.11685934065934066,621.8614050558494,778.9226925338037,0.04081797231860237,1.0,1.0,1.0,61,8,2.241010872040683,0,2.241010872040683,False,False,False,True,0,546,18,0.4,0.3,0.3,balanced
1781480482756.1592,0.4,0.3,0.3,581.2323390894819,593.1111111111111,0.11624646781789638,673.8210978835978,804.1269841269841,0.04428426270070699,1.0,1.0,1.0,64,8,2.240216134062629,0,2.240216134062629,False,False,False,True,0,547,18,0.4,0.3,0.3,balanced
1781480485378.343,0.4,0.3,0.3,581.1726844583986,593.2222222222222,0.11623453689167973,704.07480893592,868.7081128747795,0.04630252227724617,1.0,1.0,1.0,65,8,2.239615428560154,0,2.239615428560154,False,False,False,True,0,548,18,0.4,0.3,0.3,balanced
1781480487994.545,0.4,0.3,0.3,579.3893249607535,591.4444444444445,0.11587786499215069,653.8936372269706,849.8448876226653,0.04295487906784327,1.0,1.0,1.0,67,8,2.2407623902827867,0,2.2407623902827867,False,False,False,True,0,549,18,0.4,0.3,0.3,balanced
1781480494206.5562,0.4,0.3,0.3,578.6357927786498,590.5555555555555,0.11572715855572997,681.4756025867136,848.1746031746031,0.04479490344140852,1.0,1.0,1.0,68,8,2.2402706655452853,0,2.2402706655452853,False,False,False,True,0,550,18,0.4,0.3,0.3,balanced
1781480496832.653,0.4,0.3,0.3,579.6891679748823,591.4444444444445,0.11593783359497645,668.7808641975308,843.6052322163433,0.04394802296180993,1.0,1.0,1.0,67,8,2.2404404596734664,1,2.2404404596734664,False,False,False,True,0,551,18,0.4,0.3,0.3,balanced
1781480499456.424,0.4,0.3,0.3,582.2967032967033,594.7777777777778,0.11645934065934066,694.8978542034096,861.0684891240447,0.04569031715833286,1.0,1.0,1.0,65,8,2.239709168588764,1,2.239709168588764,False,False,False,True,0,552,18,0.4,0.3,0.3,balanced
1781480502071.329,0.4,0.3,0.3,581.4662480376766,592.8888888888889,0.11629324960753532,735.8774250440916,906.7621987066432,0.04842411107699077,1.0,1.0,1.0,67,8,2.2389554668338887,0,2.2389554668338887,False,False,False,True,0,553,18,0.4,0.3,0.3,balanced
1781480504696.5088,0.4,0.3,0.3,579.9356357927787,592.3333333333334,0.11598712715855575,661.9466490299824,811.8121693121692,0.04349210467178001,1.0,1.0,1.0,65,8,2.2405575177350436,1,2.2405575177350436,False,False,False,True,0,554,18,0.4,0.3,0.3,balanced
1781480507314.765,0.4,0.3,0.3,582.0565149136577,594.8888888888889,0.11641130298273153,604.6428571428571,779.1269841269841,0.0396693033450872,1.0,1.0,1.0,64,8,2.241534687803381,1,2.241534687803381,False,False,False,True,0,555,18,0.4,0.3,0.3,balanced
1781480509938.858,0.4,0.3,0.3,583.7320993667803,598.6666666666666,0.11674641987335606,704.6896621896623,836.5020576131686,0.04634353983920362,1.0,1.0,1.0,61,8,2.2393983700988964,1,2.2393983700988964,False,False,False,True,0,556,18,0.4,0.3,0.3,balanced
1781480512560.377,0.4,0.3,0.3,586.524332810047,600.3333333333334,0.11730486656200939,674.1034685479129,804.2401528512639,0.044303099969840755,1.0,1.0,1.0,59,8,2.239787123384244,1,2.239787123384244,False,False,False,True,0,557,18,0.4,0.3,0.3,balanced
1781480515186.758,0.4,0.3,0.3,585.8210361067503,598.6666666666666,0.11716420722135006,698.015138154027,857.5382128159906,0.045898274726752966,1.0,1.0,1.0,61,8,2.239364834693434,0,2.239364834693434,False,False,False,True,0,558,18,0.4,0.3,0.3,balanced
1781480517812.1382,0.4,0.3,0.3,584.4709576138147,598.0,0.11689419152276294,587.4968344412789,718.173472617917,0.038525472611159364,1.0,1.0,1.0,59,8,2.241684681607547,1,2.241684681607547,False,False,False,True,0,559,18,0.4,0.3,0.3,balanced
1781480520524.8489,0.4,0.3,0.3,585.9324960753531,599.8888888888889,0.11718649921507063,599.1431764276591,760.5003648969166,0.03930241337075778,0.9889568559519297,0.9923371647509579,0.9889568559519297,58,8,2.238021733088323,1,2.238021733088323,False,False,False,True,0,560,18,0.4,0.3,0.3,balanced
1781480523147.482,0.4,0.3,0.3,586.1036106750391,600.2222222222222,0.11722072213500782,542.5550581106137,682.023696468141,0.03552735544433714,1.0,1.0,1.0,56,8,2.242453504512696,1,2.242453504512696,False,False,False,True,0,561,18,0.4,0.3,0.3,balanced
1781480529348.623,0.4,0.3,0.3,588.1365777080061,602.5555555555555,0.11762731554160123,541.3249559082893,694.213697824809,0.035445293923168066,1.0,1.0,1.0,55,8,2.242315485606409,1,2.242315485606409,False,False,False,True,0,562,18,0.4,0.3,0.3,balanced
1781480531968.079,0.4,0.3,0.3,587.6028257456828,601.1111111111111,0.11752056514913656,666.0155790711347,837.1516754850088,0.04376354763649998,1.0,1.0,1.0,56,8,2.2398627096493953,0,2.2398627096493953,False,False,False,True,0,563,18,0.4,0.3,0.3,balanced
1781480534585.699,0.4,0.3,0.3,585.8147566718994,599.0,0.11716295133437989,607.9975014697236,765.5511463844798,0.03989309549497823,1.0,1.0,1.0,58,8,2.2411668908177544,0,2.2411668908177544,False,False,False,True,0,564,18,0.4,0.3,0.3,balanced
1781480539906.484,0.4,0.3,0.3,112.07378335949764,210.55555555555554,0.022414756671899527,130.33333333333334,86.88888888888889,0.00802757393818101,0.17739403453689168,0.3333333333333333,0.17739403453689168,56,8,2.0418440355108536,1,2.0418440355108536,False,False,False,True,0,565,18,0.4,0.3,0.3,balanced
1781480542530.597,0.4,0.3,0.3,588.2825745682889,602.5555555555555,0.11765651491365776,507.18186134852806,636.1570117125673,0.03316756913599253,1.0,1.0,1.0,55,8,2.242987123293739,1,2.242987123293739,False,False,False,True,0,566,18,0.4,0.3,0.3,balanced
1781480545252.866,0.4,0.3,0.3,590.6420722135007,605.4444444444445,0.11812841444270014,523.334017515052,654.4909688013137,0.0342450978996032,1.0,1.0,1.0,53,8,2.242475104853039,1,2.242475104853039,False,False,False,True,0,567,18,0.4,0.3,0.3,balanced
1781480548073.441,0.4,0.3,0.3,552.5698587127159,533.7777777777778,0.11051397174254318,479.4634856630824,622.0799731182796,0.03131844467398815,0.9419152276295133,0.8888888888888888,0.9419152276295133,52,8,2.22897344618964,1,2.22897344618964,False,False,False,True,0,568,18,0.4,0.3,0.3,balanced
1781480550794.803,0.4,0.3,0.3,592.6970172684458,608.0,0.11853940345368917,462.4904974761297,582.987289424071,0.030186157269921927,0.9942812289751064,0.9960317460317462,0.9942812289751064,50,8,2.2418127601300797,1,2.2418127601300797,False,False,False,True,0,569,18,0.4,0.3,0.3,balanced
1781480553513.739,0.4,0.3,0.3,595.6200941915226,611.0,0.11912401883830452,471.00437876299947,586.7597153804049,0.030754128002868544,1.0,1.0,1.0,49,8,2.2431241540638176,1,2.2431241540638176,False,False,False,True,0,570,18,0.4,0.3,0.3,balanced
1781480556235.402,0.4,0.3,0.3,592.0094191522762,607.6666666666666,0.11840188383045525,522.183908045977,643.2963875205255,0.03416837278492175,1.0,1.0,1.0,50,8,2.2423887346323412,0,2.2423887346323412,False,False,False,True,0,571,18,0.4,0.3,0.3,balanced
1781480558855.4941,0.4,0.3,0.3,590.2982731554159,605.3333333333334,0.11805965463108319,502.32431149097823,635.7882241215575,0.03284351644369435,1.0,1.0,1.0,52,8,2.242923083214458,0,2.242923083214458,False,False,False,True,0,572,18,0.4,0.3,0.3,balanced
1781480565162.24,0.4,0.3,0.3,590.9152276295132,605.6666666666666,0.11818304552590264,534.5847016967707,658.5577449370553,0.03499564387570185,1.0,1.0,1.0,52,8,2.2422280886269284,2,2.2422280886269284,False,False,False,True,0,573,18,0.4,0.3,0.3,balanced
1781480567785.623,0.4,0.3,0.3,593.6609105180532,609.2222222222222,0.11873218210361065,516.6840772396328,623.1655587211143,0.033801472797840744,1.0,1.0,1.0,50,8,2.2423666853192037,1,2.2423666853192037,False,False,False,True,0,574,18,0.4,0.3,0.3,balanced
1781480570409.968,0.4,0.3,0.3,593.6436420722134,609.8888888888889,0.11872872841444268,502.0465337132004,620.5001582779362,0.032824985571260866,1.0,1.0,1.0,49,8,2.2426610129628446,1,2.2426610129628446,False,False,False,True,0,575,18,0.4,0.3,0.3,balanced
1781480573234.2888,0.4,0.3,0.3,509.204081632653,552.5555555555555,0.10184081632653061,458.22759856630825,518.1851851851851,0.029901774420701018,0.8398744113029826,0.8888888888888888,0.8398744113029826,47,8,2.202255464534072,1,2.202255464534072,False,False,False,True,0,576,18,0.4,0.3,0.3,balanced
1781480575958.986,0.4,0.3,0.3,598.4175824175824,615.4444444444445,0.11968351648351647,427.38300492610836,526.9663382594417,0.027844096392669004,0.996156552806799,0.9961685823754789,0.996156552806799,46,8,2.2426203303308325,1,2.2426203303308325,False,False,False,True,0,577,18,0.4,0.3,0.3,balanced
1781480578784.75,0.4,0.3,0.3,510.3343799058084,555.6666666666666,0.10206687598116168,320.8103448275862,371.5836526181354,0.020734512663614823,0.8367346938775508,0.8888888888888888,0.8367346938775508,44,8,2.203973303971716,1,2.203973303971716,False,False,False,True,0,578,18,0.4,0.3,0.3,balanced
1781480581506.5479,0.4,0.3,0.3,601.2951334379906,619.5555555555555,0.12025902668759811,407.44731800766283,498.5098522167488,0.026514163976495187,1.0,1.0,1.0,43,8,2.2439421401320123,1,2.2439421401320123,False,False,False,True,0,579,18,0.4,0.3,0.3,balanced
1781480584229.045,0.4,0.3,0.3,599.8759811616953,617.4444444444445,0.11997519623233907,433.15476190476187,537.2933771209633,0.028229136884907396,1.0,1.0,1.0,44,8,2.2435411804415923,0,2.2435411804415923,False,False,False,True,0,580,18,0.4,0.3,0.3,balanced
1781480586942.273,0.4,0.3,0.3,599.2448979591836,617.4444444444445,0.11984897959183673,447.7374110563765,583.2334428024083,0.02920196204512185,1.0,1.0,1.0,43,8,2.243299819549729,1,2.243299819549729,False,False,False,True,0,581,18,0.4,0.3,0.3,balanced
1781480589667.443,0.4,0.3,0.3,604.0219780219779,623.1111111111111,0.12080439560439558,417.797619047619,529.6825396825396,0.027204644366085322,1.0,1.0,1.0,41,8,2.243516848448416,1,2.243516848448416,False,False,False,True,0,582,18,0.4,0.3,0.3,balanced
1781480592391.846,0.4,0.3,0.3,604.1475667189952,622.4444444444445,0.12082951334379904,445.06687242798347,558.0820105820105,0.02902380736677675,0.9903005158107199,0.9920634920634921,0.9903005158107199,40,8,2.240051207195663,1,2.240051207195663,False,False,False,True,0,583,18,0.4,0.3,0.3,balanced
1781480595118.218,0.4,0.3,0.3,608.2354788069073,628.4444444444445,0.12164709576138145,316.78718400940625,413.6478542034098,0.020466123015971064,1.0,1.0,1.0,38,8,2.245201324790656,1,2.245201324790656,False,False,False,True,0,584,18,0.4,0.3,0.3,balanced
1781480601418.55,0.4,0.3,0.3,610.2291993720565,631.3333333333334,0.12204583987441131,357.71678424456206,461.16255144032925,0.023196583338529825,1.0,1.0,1.0,37,8,2.2442226890486765,1,2.2442226890486765,False,False,False,True,0,585,18,0.4,0.3,0.3,balanced
1781480604135.8188,0.4,0.3,0.3,614.1255886970172,635.6666666666666,0.12282511773940344,343.9175485008818,437.03850676072904,0.02227602058044575,1.0,1.0,1.0,35,8,2.2441871467301047,1,2.2441871467301047,False,False,False,True,0,586,18,0.4,0.3,0.3,balanced
1781480606862.404,0.4,0.3,0.3,617.1412872841444,638.4444444444445,0.12342825745682888,308.1687242798354,397.61316872427983,0.0198911757358129,1.0,1.0,1.0,34,8,2.2446613442965244,1,2.2446613442965244,False,False,False,True,0,587,18,0.4,0.3,0.3,balanced
1781480609582.843,0.4,0.3,0.3,617.6813186813187,640.2222222222222,0.12353626373626374,354.05349794238685,449.79423868312756,0.022952201330379375,1.0,1.0,1.0,34,8,2.2436998341063807,2,2.2436998341063807,False,False,False,True,0,588,18,0.4,0.3,0.3,balanced
1781480612403.108,0.4,0.3,0.3,624.5306122448978,648.4444444444445,0.12490612244897957,308.56663929939793,393.007662835249,0.019917721100693658,1.0,1.0,1.0,32,8,2.2440622346902,1,2.2440622346902,False,False,False,True,0,589,18,0.4,0.3,0.3,balanced
1781480615227.148,0.4,0.3,0.3,618.2574568288854,641.2222222222222,0.12365149136577709,313.1328680897646,383.0541871921182,0.020222339432272488,1.0,1.0,1.0,34,8,2.2444727016240074,0,2.2444727016240074,False,False,False,True,0,590,18,0.4,0.3,0.3,balanced
1781480618050.916,0.4,0.3,0.3,621.8053375196232,646.0,0.12436106750392464,297.84538506760725,377.094356261023,0.019202494000507487,1.0,1.0,1.0,32,8,2.244494824798278,1,2.244494824798278,False,False,False,True,0,591,18,0.4,0.3,0.3,balanced
1781480621072.8718,0.4,0.3,0.3,544.7943485086342,597.6666666666666,0.10895886970172684,255.15471923536435,299.68219832735963,0.016354550983012965,0.8398744113029826,0.8888888888888888,0.8398744113029826,29,8,2.2034724102153,1,2.2034724102153,False,False,False,True,0,592,18,0.4,0.3,0.3,balanced
1781480623891.031,0.4,0.3,0.3,619.9560439560438,644.0,0.12399120879120876,294.5238095238095,386.0949441504997,0.01898090790685854,1.0,1.0,1.0,32,8,2.244709244111459,0,2.244709244111459,False,False,False,True,0,593,18,0.4,0.3,0.3,balanced
1781480626712.3699,0.4,0.3,0.3,631.5368916797488,657.6666666666666,0.12630737833594977,307.7087007642563,413.1657848324515,0.019860487042311963,1.0,1.0,1.0,29,8,2.2435189025529265,1,2.2435189025529265,False,False,False,True,0,594,18,0.4,0.3,0.3,balanced
1781480629536.9211,0.4,0.3,0.3,631.7111459968602,659.6666666666666,0.12634222919937205,295.1139035861258,401.8959435626102,0.01902027375491166,1.0,1.0,1.0,28,8,2.243757026193778,1,2.243757026193778,False,False,False,True,0,595,18,0.4,0.3,0.3,balanced
1781480635946.445,0.4,0.3,0.3,633.5808477237048,660.8888888888889,0.12671616954474096,291.2139917695473,367.4485596707819,0.018760106188762327,1.0,1.0,1.0,28,8,2.243685500325475,2,2.243685500325475,False,False,False,True,0,596,18,0.4,0.3,0.3,balanced
1781480638761.2551,0.4,0.3,0.3,631.6718995290423,658.3333333333334,0.12633437990580845,274.4635508524397,363.6243386243386,0.01764266516694061,1.0,1.0,1.0,29,8,2.2441734484875946,0,2.2441734484875946,False,False,False,True,0,597,18,0.4,0.3,0.3,balanced
1781480641580.792,0.4,0.3,0.3,629.4756671899528,655.5555555555555,0.12589513343799055,302.0868945868946,391.951566951567,0.019485449939085697,0.9940694226408512,0.9958847736625516,0.9940694226408512,29,8,2.2420171384353336,2,2.2420171384353336,False,False,False,True,0,598,18,0.4,0.3,0.3,balanced
1781480644400.928,0.4,0.3,0.3,635.9811616954474,662.8888888888889,0.1271962323390895,278.1916745805634,355.96391263057933,0.017891372553740053,0.9940694226408512,0.9958847736625516,0.9940694226408512,28,8,2.2419749220904976,1,2.2419749220904976,False,False,False,True,0,599,18,0.4,0.3,0.3,balanced
1781480647217.0452,0.4,0.3,0.3,639.23704866562,668.4444444444445,0.127847409733124,239.40329218106993,298.724279835391,0.015303755315615073,1.0,1.0,1.0,26,8,2.2442699095120657,1,2.2442699095120657,False,False,False,True,0,600,18,0.4,0.3,0.3,balanced
1781480650030.211,0.4,0.3,0.3,632.6875981161695,660.1111111111111,0.1265375196232339,275.0317121150454,342.9073395740063,0.017680567852904963,1.0,1.0,1.0,28,8,2.244080821794835,0,2.244080821794835,False,False,False,True,0,601,18,0.4,0.3,0.3,balanced
1781480652856.438,0.4,0.3,0.3,640.734693877551,669.8888888888889,0.1281469387755102,260.8436213991769,329.05349794238685,0.016734064136035818,1.0,1.0,1.0,26,8,2.243721005248985,1,2.243721005248985,False,False,False,True,0,602,18,0.4,0.3,0.3,balanced
1781480656077.7148,0.4,0.3,0.3,475.3956043956043,532.7777777777778,0.09507912087912086,192.39682539682536,242.25396825396825,0.012167900293317236,0.728414442700157,0.7777777777777778,0.728414442700157,25,8,2.1768423143704037,1,2.1768423143704037,False,False,False,True,0,603,18,0.4,0.3,0.3,balanced
1781480658993.351,0.4,0.3,0.3,652.2715855572998,686.0,0.13045431711145997,235.86787184009404,305.88771310993536,0.015067903391600669,1.0,1.0,1.0,23,8,2.243297902137936,1,2.243297902137936,False,False,False,True,0,604,18,0.4,0.3,0.3,balanced
1781480661912.8772,0.4,0.3,0.3,657.7315541601256,692.3333333333334,0.13154631083202512,234.31657848324517,303.3112874779541,0.014964414842111085,1.0,1.0,1.0,22,8,2.2428921512145568,1,2.2428921512145568,False,False,False,True,0,605,18,0.4,0.3,0.3,balanced
1781480664838.479,0.4,0.3,0.3,654.0062794348507,686.7777777777778,0.13080125588697014,221.086125808348,282.8880070546737,0.014081796251390792,1.0,1.0,1.0,23,8,2.2434549587697945,0,2.2434549587697945,False,False,False,True,0,606,18,0.4,0.3,0.3,balanced
1781480671334.602,0.4,0.3,0.3,657.3108320251176,691.3333333333334,0.13146216640502353,207.46619635508523,260.68048206937095,0.013173195220486007,1.0,1.0,1.0,22,8,2.2434631748718448,1,2.2434631748718448,False,False,False,True,0,607,18,0.4,0.3,0.3,balanced
1781480674254.8179,0.4,0.3,0.3,669.6091051805338,708.0,0.13392182103610675,180.05302310857866,223.0531813865147,0.011344431161346142,1.0,1.0,1.0,20,8,2.2430279422371533,1,2.2430279422371533,False,False,False,True,0,608,18,0.4,0.3,0.3,balanced
1781480677281.949,0.4,0.3,0.3,676.8995290423861,716.2222222222222,0.13537990580847722,167.49485596707817,212.5984714873604,0.010506661505475528,1.0,1.0,1.0,19,8,2.2426960392249664,1,2.2426960392249664,False,False,False,True,0,609,18,0.4,0.3,0.3,balanced
1781480680399.7,0.4,0.3,0.3,691.7519623233909,736.1111111111111,0.13835039246467817,150.1600985221675,194.24740010946908,0.009350240061518845,1.0,1.0,1.0,17,8,2.241854770995673,1,2.241854770995673,False,False,False,True,0,610,18,0.4,0.3,0.3,balanced
1781480683423.302,0.4,0.3,0.3,677.2040816326529,716.2222222222222,0.13544081632653057,175.29394473838914,217.0840681951793,0.011026947614302144,1.0,1.0,1.0,19,8,2.242515589185097,0,2.242515589185097,False,False,False,True,0,611,18,0.4,0.3,0.3,balanced
1781480686446.0261,0.4,0.3,0.3,691.0172684458399,735.8888888888889,0.13820345368916798,155.57771446660334,195.9449192782526,0.009711655401374471,1.0,1.0,1.0,17,8,2.2418051219039206,1,2.2418051219039206,False,False,False,True,0,612,18,0.4,0.3,0.3,balanced
1781480689762.916,0.4,0.3,0.3,683.6028257456828,725.6666666666666,0.13672056514913655,351.3140807072258,413.9288293844745,0.022769451681602788,0.8908156935230667,0.8878808243727598,0.8908156935230667,19,8,2.2057256464927844,0,2.2057256464927844,False,False,False,True,0,613,18,0.4,0.3,0.3,balanced
1781480692779.699,0.4,0.3,0.3,694.9748822605965,739.2222222222222,0.1389949764521193,151.72997784108892,191.21557454890788,0.009454968501740421,1.0,1.0,1.0,17,8,2.2415655188686303,1,2.2415655188686303,False,False,False,True,0,614,18,0.4,0.3,0.3,balanced
1781480695895.633,0.4,0.3,0.3,703.0910518053374,749.5555555555555,0.14061821036106747,143.80805408583186,173.81834215167547,0.008926487931009463,1.0,1.0,1.0,16,8,2.24107476947627,1,2.24107476947627,False,False,False,True,0,615,18,0.4,0.3,0.3,balanced
1781480735140.899,0.4,0.3,0.3,724.2684458398743,777.7777777777778,0.14485368916797486,143.4185773074662,186.6931216931217,0.008900505490824964,1.0,1.0,1.0,14,8,2.2393883726855623,1,2.2393883726855623,False,False,False,True,1,616,18,0.4,0.3,0.3,balanced
1781480738460.906,0.4,0.3,0.3,737.8555729984301,796.1111111111111,0.14757111459968603,143.4185773074662,197.38242210464432,0.008900505490824964,1.0,1.0,1.0,13,8,2.238301402512878,1,2.238301402512878,False,False,False,True,0,617,18,0.4,0.3,0.3,balanced
1781480745463.354,0.4,0.3,0.3,773.8194662480377,842.5555555555555,0.15476389324960754,176.6829466829467,216.6300366300366,0.01111960951854214,0.9958718530147102,0.9958847736625513,0.9958718530147102,11,8,2.233520115749007,1,2.233520115749007,False,False,False,True,0,618,18,0.4,0.3,0.3,balanced
1781480748982.7559,0.4,0.3,0.3,797.2009419152275,872.0,0.1594401883830455,171.5674603174603,210.79365079365078,0.010778349587555724,0.9940694226408512,0.9958847736625516,0.9940694226408512,10,8,2.2312112465627703,1,2.2312112465627703,False,False,False,True,0,619,18,0.4,0.3,0.3,balanced
1781480752598.304,0.4,0.3,0.3,780.8602825745683,848.8888888888889,0.15617205651491364,166.64819376026273,232.491789819376,0.010450179703820062,0.9542498318008522,0.9682539682539681,0.9542498318008522,11,8,2.2206710730231443,0,2.2206710730231443,False,False,False,True,0,620,18,0.4,0.3,0.3,balanced
1781480755914.113,0.4,0.3,0.3,738.0957613814757,795.6666666666666,0.14761915227629513,136.3234861845973,181.19488536155205,0.008427183868218632,1.0,1.0,1.0,13,8,2.238424183929016,0,2.238424183929016,False,False,False,True,0,621,18,0.4,0.3,0.3,balanced
1781480759137.0671,0.4,0.3,0.3,723.164835164835,776.8888888888889,0.14463296703296702,208.54650205761314,256.241975308642,0.013245263646271724,0.9957130781306605,0.9957264957264957,0.9957130781306605,14,8,2.23688715753213,0,2.23688715753213,False,False,False,True,0,622,18,0.4,0.3,0.3,balanced
1781480762258.0781,0.4,0.3,0.3,701.5494505494505,748.8888888888889,0.1403098901098901,163.08495002939446,227.40152851263963,0.010212471649726116,1.0,1.0,1.0,16,8,2.240812302461126,0,2.240812302461126,False,False,False,True,0,623,18,0.4,0.3,0.3,balanced
1781480765271.2441,0.4,0.3,0.3,691.6138147566719,735.6666666666666,0.1383227629513344,203.03577081354857,276.88350743906295,0.012877636478555608,1.0,1.0,1.0,17,8,2.2408076038758997,0,2.2408076038758997,False,False,False,True,0,624,18,0.4,0.3,0.3,balanced
1781480768295.874,0.4,0.3,0.3,676.7739403453688,716.8888888888889,0.13535478806907378,198.5119047619048,266.3095238095238,0.012575844213602722,1.0,1.0,1.0,19,8,2.2420853315082896,0,2.2420853315082896,False,False,False,True,0,625,18,0.4,0.3,0.3,balanced
1781480771308.259,0.4,0.3,0.3,677.4332810047096,717.5555555555555,0.1354866562009419,174.35552616108168,227.50440917107585,0.010964344640499111,1.0,1.0,1.0,19,8,2.2425160341274735,2,2.2425160341274735,False,False,False,True,0,626,18,0.4,0.3,0.3,balanced
1781480774233.0251,0.4,0.3,0.3,670.6499215070644,708.3333333333334,0.13412998430141287,194.08673630895854,239.44127888572334,0.012280636178049269,1.0,1.0,1.0,20,8,2.24266381542602,0,2.24266381542602,False,False,False,True,0,627,18,0.4,0.3,0.3,balanced
1781480780739.6072,0.4,0.3,0.3,657.800627943485,692.0,0.131560125588697,204.5135214579659,272.4573780129336,0.012976218909804263,1.0,1.0,1.0,22,8,2.24348308409158,0,2.24348308409158,False,False,False,True,0,628,18,0.4,0.3,0.3,balanced
1781480783662.834,0.4,0.3,0.3,656.8916797488226,689.7777777777778,0.13137833594976453,215.7006020799124,271.3136288998358,0.013722521819874075,1.0,1.0,1.0,23,8,2.243331909074132,0,2.243331909074132,False,False,False,True,0,629,18,0.4,0.3,0.3,balanced
1781480786581.651,0.4,0.3,0.3,660.0392464678179,695.1111111111111,0.13200784929356357,216.39920634920634,276.88788947677835,0.013769126507618835,0.9940694226408511,0.9958847736625513,0.9940694226408511,22,8,2.2412869491225442,1,2.2412869491225442,False,False,False,True,0,630,18,0.4,0.3,0.3,balanced
1781480789493.884,0.4,0.3,0.3,653.4992150706436,686.7777777777778,0.1306998430141287,220.34611992945327,278.15402704291597,0.014032429615040245,1.0,1.0,1.0,23,8,2.2435103339098363,0,2.2435103339098363,False,False,False,True,0,631,18,0.4,0.3,0.3,balanced
1781480792308.965,0.4,0.3,0.3,644.0392464678177,674.0,0.12880784929356354,245.9370053814498,308.4425451092118,0.015739626776614397,1.0,1.0,1.0,25,8,2.24375497224959,0,2.24375497224959,False,False,False,True,0,632,18,0.4,0.3,0.3,balanced
1781480795132.999,0.4,0.3,0.3,640.9560439560439,670.2222222222222,0.1281912087912088,246.35644191199748,317.423235201013,0.01576760786604386,1.0,1.0,1.0,26,8,2.243993234123703,0,2.243993234123703,False,False,False,True,0,633,18,0.4,0.3,0.3,balanced
1781480797952.656,0.4,0.3,0.3,633.4615384615385,661.2222222222222,0.1266923076923077,305.6687242798354,388.3759553203997,0.019724397883911633,0.9942812289751064,0.9960317460317462,0.9942812289751064,28,8,2.241690126250435,0,2.241690126250435,False,False,False,True,0,634,18,0.4,0.3,0.3,balanced
1781480800776.5469,0.4,0.3,0.3,629.3940345368917,655.8888888888889,0.12587880690737835,296.07804232804233,386.2345679012346,0.019084592550236312,1.0,1.0,1.0,29,8,2.243923099471978,0,2.243923099471978,False,False,False,True,0,635,18,0.4,0.3,0.3,balanced
1781480803589.329,0.4,0.3,0.3,621.723704866562,645.8888888888889,0.1243447409733124,371.7982069370958,471.0185185185185,0.02413597110987964,0.9903005158107199,0.9920634920634921,0.9903005158107199,32,8,2.240111467020927,0,2.240111467020927,False,False,False,True,0,636,18,0.4,0.3,0.3,balanced
1781480806312.94,0.4,0.3,0.3,617.5996860282573,641.2222222222222,0.12351993720565146,368.06584362139915,470.3703703703703,0.02388698089535685,1.0,1.0,1.0,34,8,2.243425930849132,0,2.243425930849132,False,False,False,True,0,637,18,0.4,0.3,0.3,balanced
1781480810431.873,0.4,0.3,0.3,621.1334379905808,648.0,0.12422668759811616,2511.564671113771,2976.2210399684163,0.1668822328961822,0.5447569219745081,0.5662405482287478,0.5447569219745081,35,8,2.063671731684251,0,2.063671731684251,False,False,False,True,0,638,18,0.4,0.3,0.3,balanced
1781480816732.385,0.4,0.3,0.3,611.149136577708,632.0,0.12222982731554159,433.2818930041152,546.5637860082304,0.028237617945571395,0.9940694226408511,0.9958847736625513,0.9940694226408511,37,8,2.2408576104823674,0,2.2408576104823674,False,False,False,True,0,639,18,0.4,0.3,0.3,balanced
1781480819456.011,0.4,0.3,0.3,609.6153846153845,630.0,0.12192307692307691,393.5611405055849,494.9764844209289,0.025587801234528678,0.9960192868356132,0.9960317460317462,0.9960192868356132,38,8,2.242360214911095,0,2.242360214911095,False,False,False,True,0,640,18,0.4,0.3,0.3,balanced
1781480822173.377,0.4,0.3,0.3,606.8367346938775,626.2222222222222,0.12136734693877549,445.51587301587307,566.031746031746,0.029053760708197002,1.0,1.0,1.0,40,8,2.2427369330120306,0,2.2427369330120306,False,False,False,True,0,641,18,0.4,0.3,0.3,balanced
1781480824889.7751,0.4,0.3,0.3,605.2354788069073,624.8888888888889,0.12104709576138145,462.09215167548496,574.7795414462081,0.03015958316714376,0.9942812289751064,0.9960317460317462,0.9942812289751064,41,8,2.2408176554378363,0,2.2408176554378363,False,False,False,True,0,642,18,0.4,0.3,0.3,balanced
1781480827608.561,0.4,0.3,0.3,601.8775510204081,619.8888888888889,0.12037551020408162,484.9274767378215,592.3399014778325,0.031682953751689225,1.0,1.0,1.0,43,8,2.2423449097928607,0,2.2423449097928607,False,False,False,True,0,643,18,0.4,0.3,0.3,balanced
1781480830333.6091,0.4,0.3,0.3,601.7551020408163,618.8888888888889,0.12035102040816326,473.0877120963327,587.6272577996715,0.030893109546119596,1.0,1.0,1.0,44,8,2.242591658972899,0,2.242591658972899,False,False,False,True,0,644,18,0.4,0.3,0.3,balanced
1781480833054.872,0.4,0.3,0.3,594.2276295133437,610.7777777777778,0.11884552590266874,554.9221046443269,680.3350970017638,0.036352375226439415,0.9942812289751065,0.9960317460317459,0.9942812289751065,46,8,2.239840445763533,0,2.239840445763533,False,False,False,True,0,645,18,0.4,0.3,0.3,balanced
1781480835675.062,0.4,0.3,0.3,596.2684458398744,612.8888888888889,0.11925368916797488,496.64213358657804,623.7147831592276,0.03246445187368766,1.0,1.0,1.0,47,8,2.242559188770704,0,2.242559188770704,False,False,False,True,0,646,18,0.4,0.3,0.3,balanced
1781480838292.593,0.4,0.3,0.3,594.5431711145997,611.1111111111111,0.11890863422291993,477.01725229503006,589.2323520101297,0.031155253655438964,1.0,1.0,1.0,49,8,2.2430899702142004,0,2.2430899702142004,False,False,False,True,0,647,18,0.4,0.3,0.3,balanced
1781480840914.853,0.4,0.3,0.3,593.0298273155415,608.5555555555555,0.11860596546310831,505.67584678695795,642.298195631529,0.03306710118658825,1.0,1.0,1.0,50,8,2.2426374834587803,0,2.2426374834587803,False,False,False,True,0,648,18,0.4,0.3,0.3,balanced
1781480843537.482,0.4,0.3,0.3,590.2323390894819,605.6666666666666,0.11804646781789638,627.8600823045267,770.6584362139918,0.04121815092091573,1.0,1.0,1.0,52,8,2.240415967596567,0,2.240415967596567,False,False,False,True,0,649,18,0.4,0.3,0.3,balanced
1781480846160.253,0.4,0.3,0.3,590.1208791208791,604.7777777777778,0.11802417582417582,588.3080088635643,742.3836657169991,0.03857958698222577,1.0,1.0,1.0,53,8,2.241216453575662,0,2.241216453575662,False,False,False,True,0,650,18,0.4,0.3,0.3,balanced
1781480852367.5388,0.4,0.3,0.3,588.5400313971743,603.3333333333334,0.11770800627943485,592.8711052322163,722.1208112874779,0.03888399634637867,1.0,1.0,1.0,55,8,2.2412515985843124,0,2.2412515985843124,False,False,False,True,0,651,18,0.4,0.3,0.3,balanced
1781480854991.921,0.4,0.3,0.3,587.9010989010989,602.4444444444445,0.11758021978021978,669.4444444444443,795.5555555555555,0.04399229115706767,1.0,1.0,1.0,56,8,2.239770224740792,0,2.239770224740792,False,False,False,True,0,652,18,0.4,0.3,0.3,balanced
1781480857609.47,0.4,0.3,0.3,585.9026687598116,599.5555555555555,0.11718053375196232,794.0637860082304,928.0864197530864,0.0523057895936111,1.0,1.0,1.0,58,8,2.237436049621132,0,2.237436049621132,False,False,False,True,0,653,18,0.4,0.3,0.3,balanced
1781480860222.579,0.4,0.3,0.3,586.3092621664049,600.3333333333334,0.11726185243328098,803.20252792475,974.1240446796003,0.052915445491977985,1.0,1.0,1.0,56,8,2.237220625379094,1,2.237220625379094,False,False,False,True,0,654,18,0.4,0.3,0.3,balanced
1781480862843.359,0.4,0.3,0.3,585.502354788069,599.2222222222222,0.1171004709576138,681.2722154388821,852.8551078551077,0.044781335252760644,1.0,1.0,1.0,58,8,2.2397254110411264,0,2.2397254110411264,False,False,False,True,0,655,18,0.4,0.3,0.3,balanced
1781480865456.5188,0.4,0.3,0.3,587.5918367346939,601.4444444444445,0.11751836734693877,603.0658436213992,742.6337448559672,0.03956409897407599,1.0,1.0,1.0,56,8,2.2411234233690016,1,2.2411234233690016,False,False,False,True,0,656,18,0.4,0.3,0.3,balanced
1781480868079.8909,0.4,0.3,0.3,585.3563579277865,598.4444444444445,0.11707127158555729,645.0044091710758,775.703997648442,0.042361868523754224,1.0,1.0,1.0,58,8,2.240462930808651,0,2.240462930808651,False,False,False,True,0,657,18,0.4,0.3,0.3,balanced
1781480870703.089,0.4,0.3,0.3,584.7645211930925,597.8888888888889,0.1169529042386185,608.7630579297246,770.8214624881291,0.039944166639741464,1.0,1.0,1.0,59,8,2.2412355883126303,0,2.2412355883126303,False,False,False,True,0,658,18,0.4,0.3,0.3,balanced
1781480873320.01,0.4,0.3,0.3,586.4034536891679,599.8888888888889,0.11728069073783358,615.5555555555555,780.8641975308642,0.04039730190497368,1.0,1.0,1.0,59,8,2.2409685331333744,2,2.2409685331333744,False,False,False,True,0,659,18,0.4,0.3,0.3,balanced
1781480876044.413,0.4,0.3,0.3,582.2087912087911,595.4444444444445,0.11644175824175823,627.865687526607,778.3392933163047,0.04121852485167492,0.9392627077356142,0.9578544061302681,0.9392627077356142,61,8,2.2228365515684785,0,2.2228365515684785,False,False,False,True,0,660,18,0.4,0.3,0.3,balanced
1781480878670.114,0.4,0.3,0.3,585.142857142857,598.1111111111111,0.1170285714285714,536.7482363315696,676.8342151675485,0.035139975739264154,1.0,1.0,1.0,59,8,2.2426465787067924,1,2.2426465787067924,False,False,False,True,0,661,18,0.4,0.3,0.3,balanced
1781480881292.958,0.4,0.3,0.3,582.9466248037676,595.5555555555555,0.11658932496075351,623.4420928865374,775.8230452674898,0.04092342180697381,1.0,1.0,1.0,61,8,2.2410872434736064,0,2.2410872434736064,False,False,False,True,0,662,18,0.4,0.3,0.3,balanced
1781480887494.063,0.4,0.3,0.3,582.1224489795919,594.3333333333334,0.11642448979591838,746.6446208112874,888.7639623750734,0.0491424029894121,1.0,1.0,1.0,64,8,2.238687483184809,0,2.238687483184809,False,False,False,True,0,663,18,0.4,0.3,0.3,balanced
1781480890117.087,0.4,0.3,0.3,581.0376766091051,592.7777777777778,0.11620753532182103,658.884479717813,831.0376249265139,0.04328782386376337,1.0,1.0,1.0,65,8,2.2405306387121424,0,2.2405306387121424,False,False,False,True,0,664,18,0.4,0.3,0.3,balanced
1781480892737.561,0.4,0.3,0.3,580.6467817896389,593.2222222222222,0.11612935635792779,592.2699882422104,753.3083480305702,0.03884389514624485,1.0,1.0,1.0,64,8,2.2418950889129556,1,2.2418950889129556,False,False,False,True,0,665,18,0.4,0.3,0.3,balanced
1781480895355.011,0.4,0.3,0.3,581.9686028257457,594.0,0.11639372056514914,699.0601116990005,861.6093474426808,0.0459679861040027,1.0,1.0,1.0,65,8,2.2396521159427394,0,2.2396521159427394,False,False,False,True,0,666,18,0.4,0.3,0.3,balanced
1781480897975.394,0.4,0.3,0.3,580.0251177394034,592.0,0.11600502354788068,2101.3142721476056,2330.0369692036356,0.13951396078369618,0.9899412756555612,0.9917695473251028,0.9899412756555612,67,8,2.208726185042407,0,2.208726185042407,False,False,False,True,0,667,18,0.4,0.3,0.3,balanced
1781480900588.171,0.4,0.3,0.3,579.0486656200942,590.8888888888889,0.11580973312401883,710.7643069999391,884.4459648482637,0.04674878632421208,1.0,1.0,1.0,68,8,2.2396514708531288,0,2.2396514708531288,False,False,False,True,0,668,18,0.4,0.3,0.3,balanced
1781480903213.0278,0.4,0.3,0.3,579.6923076923077,591.8888888888889,0.11593846153846155,670.8377425044091,844.9676660787771,0.04408523966006732,1.0,1.0,1.0,67,8,2.2403990434865952,1,2.2403990434865952,False,False,False,True,0,669,18,0.4,0.3,0.3,balanced
1781480905836.6301,0.4,0.3,0.3,580.5698587127159,591.7777777777778,0.11611397174254319,728.2150205761317,890.4174015285126,0.04791294333396476,1.0,1.0,1.0,65,8,2.2391805283027932,1,2.2391805283027932,False,False,False,True,0,670,18,0.4,0.3,0.3,balanced
1781480908458.437,0.4,0.3,0.3,582.0188383045526,594.2222222222222,0.11640376766091051,691.8592004703115,843.503821281599,0.04548760510142172,1.0,1.0,1.0,64,8,2.2397922114052093,1,2.2397922114052093,False,False,False,True,0,671,18,0.4,0.3,0.3,balanced
1781480911082.928,0.4,0.3,0.3,583.5871271585557,595.7777777777778,0.11671742543171115,620.0617283950618,751.1522633744856,0.04069791383556116,1.0,1.0,1.0,61,8,2.241103655676647,1,2.241103655676647,False,False,False,True,0,672,18,0.4,0.3,0.3,balanced
1781480913705.597,0.4,0.3,0.3,586.1789638932496,599.2222222222222,0.11723579277864991,585.9545855379189,732.2089947089946,0.03842258742747958,1.0,1.0,1.0,59,8,2.2415789066602962,1,2.2415789066602962,False,False,False,True,0,673,18,0.4,0.3,0.3,balanced
1781480916327.708,0.4,0.3,0.3,585.5117739403454,598.5555555555555,0.11710235478806907,635.6385949441504,774.594356261023,0.04173706437252504,1.0,1.0,1.0,58,8,2.240637938773015,1,2.240637938773015,False,False,False,True,0,674,18,0.4,0.3,0.3,balanced
1781480922545.103,0.4,0.3,0.3,587.0062794348507,600.6666666666666,0.11740125588697015,558.6190250079139,713.7780943336497,0.03659900100119506,1.0,1.0,1.0,56,8,2.2420597973448535,1,2.2420597973448535,False,False,False,True,0,675,18,0.4,0.3,0.3,balanced
1781480925268.514,0.4,0.3,0.3,587.5714285714286,601.3333333333334,0.11751428571428571,1164.963054187192,1338.5563765736179,0.07704890288106685,0.9903643154874682,0.9923371647509579,0.9903643154874682,55,8,2.226988909496206,1,2.226988909496206,False,False,False,True,0,676,18,0.4,0.3,0.3,balanced
1781480927892.865,0.4,0.3,0.3,590.5337519623233,605.1111111111111,0.11810675039246467,603.4077239632795,723.4377967711301,0.03958690620168642,1.0,1.0,1.0,53,8,2.2408812279825083,1,2.2408812279825083,False,False,False,True,0,677,18,0.4,0.3,0.3,balanced
1781480930616.548,0.4,0.3,0.3,592.839874411303,607.7777777777778,0.11856797488226059,608.7041598248494,749.2022441160373,0.03994023747997661,1.0,1.0,1.0,52,8,2.2405907388031028,1,2.2405907388031028,False,False,False,True,0,678,18,0.4,0.3,0.3,balanced
1781480933237.966,0.4,0.3,0.3,592.4050235478807,607.7777777777778,0.11848100470957613,500.1646090534979,623.1275720164608,0.03269944023038678,1.0,1.0,1.0,50,8,2.2427977660470537,1,2.2427977660470537,False,False,False,True,0,679,18,0.4,0.3,0.3,balanced
1781480936052.386,0.4,0.3,0.3,509.1883830455258,551.4444444444445,0.10183767660910517,469.2807646356033,538.7252090800479,0.03063914373819902,0.8398744113029827,0.8888888888888888,0.8398744113029827,49,8,2.202035509625793,1,2.202035509625793,False,False,False,True,0,680,18,0.4,0.3,0.3,balanced
1781480938675.085,0.4,0.3,0.3,594.1946624803767,609.2222222222222,0.11883893249607534,568.4654954099398,697.0702754036088,0.03725587027417877,1.0,1.0,1.0,50,8,2.2412876659193164,0,2.2412876659193164,False,False,False,True,0,681,18,0.4,0.3,0.3,balanced
1781480941395.3909,0.4,0.3,0.3,595.2354788069074,610.5555555555555,0.11904709576138148,534.4458128078817,641.7939244663381,0.0349863784394851,1.0,1.0,1.0,49,8,2.241885248163602,1,2.241885248163602,False,False,False,True,0,682,18,0.4,0.3,0.3,balanced
1781480944115.7861,0.4,0.3,0.3,596.6562009419152,613.5555555555555,0.11933124018838305,498.77326217843466,606.3943623426381,0.03260662189315775,1.0,1.0,1.0,47,8,2.2424855173566995,1,2.2424855173566995,False,False,False,True,0,683,18,0.4,0.3,0.3,balanced
1781480946834.6519,0.4,0.3,0.3,598.5651491365777,614.8888888888889,0.11971302982731553,500.6273946360153,613.3182813355228,0.03273031318452404,1.0,1.0,1.0,46,8,2.2422956941137167,1,2.2422956941137167,False,False,False,True,0,684,18,0.4,0.3,0.3,balanced
1781480949557.144,0.4,0.3,0.3,600.9152276295133,619.0,0.12018304552590266,471.80213464696226,567.7353585112206,0.030807347207936108,1.0,1.0,1.0,44,8,2.242684577627258,1,2.242684577627258,False,False,False,True,0,685,18,0.4,0.3,0.3,balanced
1781480952273.251,0.4,0.3,0.3,601.6828885400314,619.2222222222222,0.12033657770800628,460.47986478542026,572.0194003527337,0.030052025669474333,1.0,1.0,1.0,43,8,2.2428497612159553,1,2.2428497612159553,False,False,False,True,0,686,18,0.4,0.3,0.3,balanced
1781480958578.671,0.4,0.3,0.3,604.7331240188383,623.3333333333334,0.12094662480376767,460.96854791299234,549.7721928277483,0.03008462627838508,1.0,1.0,1.0,41,8,2.2425959621949776,1,2.2425959621949776,False,False,False,True,0,687,18,0.4,0.3,0.3,balanced
1781480961301.2258,0.4,0.3,0.3,604.0973312401883,623.6666666666666,0.12081946624803766,424.0329218106995,532.2222222222222,0.027620608526397566,1.0,1.0,1.0,40,8,2.2433860309428657,1,2.2433860309428657,False,False,False,True,0,688,18,0.4,0.3,0.3,balanced
1781480964023.977,0.4,0.3,0.3,609.5259026687597,629.6666666666666,0.12190518053375195,408.451646090535,487.3353909465021,0.026581163848601402,1.0,1.0,1.0,38,8,2.2432635786319186,1,2.2432635786319186,False,False,False,True,0,689,18,0.4,0.3,0.3,balanced
1781480968443.881,0.4,0.3,0.3,240.21036106750392,284.8888888888889,0.048042072213500785,171.49999999999997,176.0,0.01077384923282188,0.38775510204081626,0.4444444444444444,0.38775510204081626,37,8,2.093877546956998,1,2.093877546956998,False,False,False,True,0,690,18,0.4,0.3,0.3,balanced
1781480971163.9978,0.4,0.3,0.3,614.9607535321819,637.1111111111111,0.12299215070643638,356.56378600823047,464.1342196897753,0.02311966551088929,1.0,1.0,1.0,35,8,2.2438672400641586,1,2.2438672400641586,False,False,False,True,0,691,18,0.4,0.3,0.3,balanced
1781480973877.827,0.4,0.3,0.3,617.5996860282575,639.8888888888889,0.12351993720565149,347.0789806900918,440.7344096232985,0.022486923328224936,1.0,1.0,1.0,34,8,2.243845948119272,1,2.243845948119272,False,False,False,True,0,692,18,0.4,0.3,0.3,balanced
1781480976696.096,0.4,0.3,0.3,621.9215070643642,646.3333333333334,0.12438430141287284,332.6587301587302,410.1984126984127,0.021524931965225494,1.0,1.0,1.0,32,8,2.2437887998452832,1,2.2437887998452832,False,False,False,True,0,693,18,0.4,0.3,0.3,balanced
1781480979520.03,0.4,0.3,0.3,630.4803767660911,656.4444444444445,0.12609607535321823,287.281746031746,359.56496178718396,0.018497781589842964,1.0,1.0,1.0,29,8,2.24401223538176,1,2.24401223538176,False,False,False,True,0,694,18,0.4,0.3,0.3,balanced
1781480982334.3079,0.4,0.3,0.3,635.1522762951334,662.4444444444445,0.12703045525902668,300.0455614344503,368.3127572016461,0.019349270275813894,1.0,1.0,1.0,28,8,2.243383036813645,1,2.243383036813645,False,False,False,True,0,695,18,0.4,0.3,0.3,balanced
1781480985158.09,0.4,0.3,0.3,641.7959183673469,670.7777777777778,0.12835918367346938,245.2057613168724,317.44855967078195,0.01569084465089209,1.0,1.0,1.0,26,8,2.2439490731353446,1,2.2439490731353446,False,False,False,True,0,696,18,0.4,0.3,0.3,balanced
1781480988078.623,0.4,0.3,0.3,644.0,674.3333333333334,0.1288,425.0477660199882,505.4041740152851,0.02768830994129341,0.9941690962099123,0.9960317460317462,0.9941690962099123,25,8,2.2384242358805855,1,2.2384242358805855,False,False,False,True,0,697,18,0.4,0.3,0.3,balanced
1781480994577.3088,0.4,0.3,0.3,652.6216640502354,685.7777777777778,0.13052433281004708,233.83744855967078,305.8333333333333,0.014932451538336944,1.0,1.0,1.0,23,8,2.24331053141448,1,2.24331053141448,False,False,False,True,0,698,18,0.4,0.3,0.3,balanced
1781480997501.48,0.4,0.3,0.3,657.9843014128727,692.6666666666666,0.13159686028257453,197.44929453262787,266.3242210464433,0.012504956273023874,1.0,1.0,1.0,22,8,2.243609769005063,1,2.243609769005063,False,False,False,True,0,699,18,0.4,0.3,0.3,balanced
1781481000524.466,0.4,0.3,0.3,671.6891679748823,709.7777777777778,0.13433783359497645,196.820252792475,260.28953556731335,0.012462992180952301,1.0,1.0,1.0,20,8,2.2425259689077235,1,2.2425259689077235,False,False,False,True,0,700,18,0.4,0.3,0.3,balanced
1781481003536.4238,0.4,0.3,0.3,675.850863422292,715.6666666666666,0.1351701726844584,195.6165490887713,259.5708406819518,0.012382691733740582,1.0,1.0,1.0,19,8,2.2422171234060944,1,2.2422171234060944,False,False,False,True,0,701,18,0.4,0.3,0.3,balanced
1781481006551.2422,0.4,0.3,0.3,692.0832025117738,736.1111111111111,0.13841664050235478,190.28648306426084,255.19784742006965,0.012027116948916667,1.0,1.0,1.0,17,8,2.241025208714383,1,2.241025208714383,False,False,False,True,0,702,18,0.4,0.3,0.3,balanced
1781481009763.842,0.4,0.3,0.3,702.226059654631,749.8888888888889,0.14044521193092618,183.9504652435687,232.06486042692939,0.011604433972219393,1.0,1.0,1.0,16,8,2.240340585035964,1,2.240340585035964,False,False,False,True,0,703,18,0.4,0.3,0.3,balanced
1781481012977.727,0.4,0.3,0.3,724.8838304552588,778.4444444444445,0.14497676609105176,788.3575837742503,1066.847442680776,0.05192512233317213,1.0,1.0,1.0,14,8,2.2264317568636276,1,2.2264317568636276,False,False,False,True,0,704,18,0.4,0.3,0.3,balanced
1781481016304.05,0.4,0.3,0.3,738.0470957613813,796.7777777777778,0.14760941915227627,167.19740650296205,218.95830506941618,0.01048681831240574,0.9880225594511308,0.9917695473251028,0.9880225594511308,13,8,2.234216954680707,1,2.234216954680707,False,False,False,True,0,705,18,0.4,0.3,0.3,balanced
1781481019723.788,0.4,0.3,0.3,773.0486656200942,841.0,0.15460973312401885,311.46723646723643,413.0357708135486,0.02011122324664686,1.0,1.0,1.0,11,8,2.2321227397763983,1,2.2321227397763983,False,False,False,True,0,706,18,0.4,0.3,0.3,balanced
1781481023149.085,0.4,0.3,0.3,774.1507064364207,842.5555555555555,0.15483014128728415,91.23750734861845,115.29688418577308,0.005419446787766407,1.0,1.0,1.0,11,8,2.2364421094487565,2,2.2364421094487565,False,False,False,True,0,707,18,0.4,0.3,0.3,balanced
1781481030244.627,0.4,0.3,0.3,798.4458398744113,872.8888888888889,0.15968916797488225,78.78894767783656,93.28042328042328,0.0045889891713033065,1.0,1.0,1.0,10,8,2.234747636058656,1,2.234747636058656,False,False,False,True,0,708,18,0.4,0.3,0.3,balanced
1781481033666.013,0.4,0.3,0.3,774.7802197802197,843.0,0.15495604395604393,91.97135169357391,113.55017410572967,0.005468402381159033,1.0,1.0,1.0,11,8,2.2363770617032346,0,2.2363770617032346,False,False,False,True,0,709,18,0.4,0.3,0.3,balanced
1781481036890.0298,0.4,0.3,0.3,739.3500784929357,797.2222222222222,0.14787001569858715,114.34631212408988,137.28869895536562,0.006961061515949958,1.0,1.0,1.0,13,8,2.2387636752657802,0,2.2387636752657802,False,False,False,True,0,710,18,0.4,0.3,0.3,balanced
1781481040113.352,0.4,0.3,0.3,726.5321821036107,779.8888888888889,0.14530643642072213,123.67430922986479,151.31099353321576,0.007583342843886911,1.0,1.0,1.0,14,8,2.239602422578545,0,2.239602422578545,False,False,False,True,0,711,18,0.4,0.3,0.3,balanced
1781481043233.775,0.4,0.3,0.3,703.287284144427,750.3333333333334,0.1406574568288854,147.48971193415636,182.9218106995885,0.009172095525961065,1.0,1.0,1.0,16,8,2.2409853886106577,0,2.2409853886106577,False,False,False,True,0,712,18,0.4,0.3,0.3,balanced
1781481046349.253,0.4,0.3,0.3,692.9999999999999,736.4444444444445,0.13859999999999997,155.55555555555557,186.70634920634922,0.009710177155140465,1.0,1.0,1.0,17,8,2.2416469468534577,0,2.2416469468534577,False,False,False,True,0,713,18,0.4,0.3,0.3,balanced
1781481049369.8462,0.4,0.3,0.3,677.4128728414443,717.4444444444445,0.13548257456828885,171.80261610817166,214.27395649617873,0.010794037098610518,0.9979255438439112,0.9960317460317462,0.9979255438439112,19,8,2.241946422196275,0,2.241946422196275,False,False,False,True,0,714,18,0.4,0.3,0.3,balanced
1781481053193.44,0.4,0.3,0.3,448.5211930926217,471.0,0.08970423861852433,144.89159891598914,184.16182733255903,0.008998772442694406,0.6703296703296704,0.6666666666666666,0.6703296703296704,20,8,2.162517573918683,0,2.162517573918683,False,False,False,True,0,715,18,0.4,0.3,0.3,balanced
1781481056106.547,0.4,0.3,0.3,659.6483516483516,694.2222222222222,0.13192967032967032,198.0452674897119,259.25925925925924,0.012544714308853363,1.0,1.0,1.0,22,8,2.243464717575476,0,2.243464717575476,False,False,False,True,0,716,18,0.4,0.3,0.3,balanced
1781481059027.28,0.4,0.3,0.3,652.1679748822606,685.4444444444445,0.13043359497645213,218.857289829512,273.60229276895944,0.013933108060674585,1.0,1.0,1.0,23,8,2.2436466295912165,0,2.2436466295912165,False,False,False,True,0,717,18,0.4,0.3,0.3,balanced
1781481065428.551,0.4,0.3,0.3,644.3547880690737,674.6666666666666,0.12887095761381476,231.24960430515986,306.0082304526749,0.014759813496007997,1.0,1.0,1.0,25,8,2.2440236729056715,0,2.2440236729056715,False,False,False,True,0,718,18,0.4,0.3,0.3,balanced
1781481068653.6008,0.4,0.3,0.3,641.6467817896389,672.0,0.12832935635792778,558.3049796207691,613.3713228779019,0.036578050675168054,0.8502999463590595,0.8474979681876234,0.8502999463590595,26,8,2.192784826161996,0,2.192784826161996,False,False,False,True,0,719,18,0.4,0.3,0.3,balanced
1781481071470.546,0.4,0.3,0.3,634.7252747252746,661.8888888888889,0.12694505494505492,265.55482069370953,330.22486772486775,0.017048353615324186,1.0,1.0,1.0,28,8,2.244107471937381,0,2.244107471937381,False,False,False,True,0,720,18,0.4,0.3,0.3,balanced
1781481074291.877,0.4,0.3,0.3,630.4945054945055,656.5555555555555,0.1260989010989011,262.41373852484963,327.6954732510288,0.016838808440617054,1.0,1.0,1.0,29,8,2.2445087970282542,0,2.2445087970282542,False,False,False,True,0,721,18,0.4,0.3,0.3,balanced
1781481077118.4722,0.4,0.3,0.3,634.5259026687597,661.4444444444445,0.12690518053375194,265.14697236919454,340.55408583186363,0.01702114558833853,1.0,1.0,1.0,28,8,2.2441315841099976,1,2.2441315841099976,False,False,False,True,0,722,18,0.4,0.3,0.3,balanced
1781481080040.472,0.4,0.3,0.3,631.1020408163264,657.4444444444445,0.12622040816326527,273.3825690770135,358.2877718988831,0.017570551639560606,1.0,1.0,1.0,29,8,2.244240671242826,0,2.244240671242826,False,False,False,True,0,723,18,0.4,0.3,0.3,balanced
1781481082859.634,0.4,0.3,0.3,620.3375196232339,644.6666666666666,0.12406750392464679,295.7400058788947,380.243974132863,0.019062041753095043,1.0,1.0,1.0,32,8,2.2446543859042127,0,2.2446543859042127,False,False,False,True,0,724,18,0.4,0.3,0.3,balanced
1781481085676.465,0.4,0.3,0.3,618.7723704866562,641.1111111111111,0.12375447409733124,366.55446086480566,460.6020799124247,0.023786154827538736,1.0,1.0,1.0,34,8,2.243362363912806,0,2.243362363912806,False,False,False,True,0,725,18,0.4,0.3,0.3,balanced
1781481088490.735,0.4,0.3,0.3,615.6357927786498,637.4444444444445,0.12312715855572996,371.4792768959435,463.3436213991769,0.024114694923011572,1.0,1.0,1.0,35,8,2.2435147281008048,0,2.2435147281008048,False,False,False,True,0,726,18,0.4,0.3,0.3,balanced
1781481091405.3882,0.4,0.3,0.3,617.3767660910518,639.7777777777778,0.12347535321821035,321.241789819376,408.80405035577445,0.020763294851192528,1.0,1.0,1.0,34,8,2.244380870257358,1,2.244380870257358,False,False,False,True,0,727,18,0.4,0.3,0.3,balanced
1781481094133.914,0.4,0.3,0.3,613.7582417582416,635.4444444444445,0.12275164835164833,342.2333016777461,450.28173472617914,0.022163662553552108,1.0,1.0,1.0,35,8,2.244250241893275,0,2.244250241893275,False,False,False,True,0,728,18,0.4,0.3,0.3,balanced
1781481096851.759,0.4,0.3,0.3,609.6797488226059,629.6666666666666,0.12193594976452118,362.83142269253386,465.2072310405644,0.023537786703971574,1.0,1.0,1.0,37,8,2.244164284083,0,2.244164284083,False,False,False,True,0,729,18,0.4,0.3,0.3,balanced
1781481103350.521,0.4,0.3,0.3,522.5808477237049,569.7777777777778,0.10451616954474098,306.7590725806451,372.08445340501794,0.019797136262884932,0.8398744113029827,0.8888888888888888,0.8398744113029827,38,8,2.204216714694133,0,2.204216714694133,False,False,False,True,0,730,18,0.4,0.3,0.3,balanced
1781481106073.92,0.4,0.3,0.3,605.2213500784928,624.5555555555555,0.12104427001569856,350.45414462081123,453.3994708994708,0.022712084364296947,1.0,1.0,1.0,40,8,2.2447686666844313,0,2.2447686666844313,False,False,False,True,0,731,18,0.4,0.3,0.3,balanced
1781481108793.447,0.4,0.3,0.3,601.7943485086341,620.4444444444445,0.12035886970172682,404.1563786008231,517.0781893004116,0.026294621654491198,1.0,1.0,1.0,41,8,2.243968065622962,0,2.243968065622962,False,False,False,True,0,732,18,0.4,0.3,0.3,balanced
1781481111507.642,0.4,0.3,0.3,600.4897959183672,618.7777777777778,0.12009795918367344,435.94356261022926,572.3412698412699,0.028415180961322832,1.0,1.0,1.0,43,8,2.243436262038134,0,2.243436262038134,False,False,False,True,0,733,18,0.4,0.3,0.3,balanced
1781481114229.6199,0.4,0.3,0.3,599.6766091051805,617.5555555555555,0.11993532182103611,404.93165784832445,524.4782480893592,0.026346341417499964,1.0,1.0,1.0,44,8,2.2441219688463354,0,2.2441219688463354,False,False,False,True,0,734,18,0.4,0.3,0.3,balanced
1781481116955.1821,0.4,0.3,0.3,598.2244897959183,615.0,0.11964489795918366,475.6150793650794,585.7539682539682,0.03106171309973845,0.9959941536296215,0.9961685823754789,0.9959941536296215,46,8,2.2416217729752916,0,2.2416217729752916,False,False,False,True,0,735,18,0.4,0.3,0.3,balanced
1781481119779.5269,0.4,0.3,0.3,560.4929356357928,543.5555555555555,0.11209858712715856,450.5973715651135,578.225806451613,0.029392753273189694,0.9419152276295133,0.8888888888888888,0.9419152276295133,44,8,2.2289173074560336,1,2.2289173074560336,False,False,False,True,0,736,18,0.4,0.3,0.3,balanced
1781481122504.205,0.4,0.3,0.3,597.5384615384615,614.6666666666666,0.11950769230769231,464.81937602627255,589.4827586206897,0.030341519414694634,1.0,1.0,1.0,46,8,2.2430944672525146,0,2.2430944672525146,False,False,False,True,0,737,18,0.4,0.3,0.3,balanced
1781481125221.99,0.4,0.3,0.3,596.7064364207221,613.2222222222222,0.11934128728414442,491.4388341543514,614.8823207443897,0.032117333832845325,1.0,1.0,1.0,47,8,2.2426282849364885,0,2.2426282849364885,False,False,False,True,0,738,18,0.4,0.3,0.3,balanced
1781481127836.107,0.4,0.3,0.3,593.2998430141288,609.3333333333334,0.11865996860282575,496.95077556188664,655.471668249446,0.03248504173194707,1.0,1.0,1.0,49,8,2.2427905000392854,0,2.2427905000392854,False,False,False,True,0,739,18,0.4,0.3,0.3,balanced
1781481130657.044,0.4,0.3,0.3,507.8147566718995,549.5555555555555,0.1015629513343799,394.27938450129767,489.0079924195609,0.025635716110827062,0.8398744113029826,0.8888888888888888,0.8398744113029826,50,8,2.2036464280238945,0,2.2036464280238945,False,False,False,True,0,740,18,0.4,0.3,0.3,balanced
1781481133377.103,0.4,0.3,0.3,590.9686028257456,605.7777777777778,0.11819372056514912,488.8991516146689,616.1179529282978,0.031947908713453564,1.0,1.0,1.0,52,8,2.243138139159904,0,2.243138139159904,False,False,False,True,0,741,18,0.4,0.3,0.3,balanced
1781481139585.437,0.4,0.3,0.3,589.3767660910518,603.5555555555555,0.11787535321821035,508.2716049382716,626.9547325102881,0.033240267174000776,1.0,1.0,1.0,53,8,2.2428777785605156,0,2.2428777785605156,False,False,False,True,0,742,18,0.4,0.3,0.3,balanced
1781481142204.811,0.4,0.3,0.3,587.5290423861852,601.4444444444445,0.11750580847723704,509.65020576131684,641.9753086419754,0.0333322352075595,1.0,1.0,1.0,55,8,2.2429980060468373,0,2.2429980060468373,False,False,False,True,0,743,18,0.4,0.3,0.3,balanced
1781481144826.3591,0.4,0.3,0.3,590.0863422291993,604.3333333333334,0.11801726844583986,466.9753086419753,606.6666666666666,0.030485344138890945,1.0,1.0,1.0,53,8,2.2436474893799967,1,2.2436474893799967,False,False,False,True,0,744,18,0.4,0.3,0.3,balanced
1781481147445.615,0.4,0.3,0.3,592.3249607535321,607.4444444444445,0.11846499215070641,615.9053497942388,738.641975308642,0.040420637077667694,1.0,1.0,1.0,52,8,2.240487812016417,1,2.240487812016417,False,False,False,True,0,745,18,0.4,0.3,0.3,balanced
1781481150172.516,0.4,0.3,0.3,590.7346938775509,605.3333333333334,0.11814693877551018,605.3249863163657,737.4671592775039,0.039714808960397974,1.0,1.0,1.0,53,8,2.2408267818016765,0,2.2408267818016765,False,False,False,True,0,746,18,0.4,0.3,0.3,balanced
1781481152798.353,0.4,0.3,0.3,588.7629513343799,602.7777777777778,0.11775259026687597,560.2910052910053,700.2674897119342,0.03671054071320916,1.0,1.0,1.0,55,8,2.241885801679287,0,2.241885801679287,False,False,False,True,0,747,18,0.4,0.3,0.3,balanced
1781481155421.1882,0.4,0.3,0.3,587.1522762951333,600.7777777777778,0.11743045525902666,533.1525573192239,655.4761904761904,0.034900103890541954,1.0,1.0,1.0,56,8,2.242557786729227,0,2.242557786729227,False,False,False,True,0,748,18,0.4,0.3,0.3,balanced
1781481158040.978,0.4,0.3,0.3,586.171114599686,599.6666666666666,0.1172342229199372,601.8209876543209,725.5922986478541,0.03948105321242968,1.0,1.0,1.0,58,8,2.2412619948682964,0,2.2412619948682964,False,False,False,True,0,749,18,0.4,0.3,0.3,balanced
1781481160664.46,0.4,0.3,0.3,586.0957613814757,599.1111111111111,0.11721915227629513,646.6740152851263,782.6543209876544,0.042473249852243246,1.0,1.0,1.0,59,8,2.240370364133809,0,2.240370364133809,False,False,False,True,0,750,18,0.4,0.3,0.3,balanced
1781481163289.4238,0.4,0.3,0.3,584.2417582417582,596.8888888888889,0.11684835164835165,622.4742798353909,767.9129923574369,0.04085885789428892,1.0,1.0,1.0,61,8,2.2410030019723726,0,2.2410030019723726,False,False,False,True,0,751,18,0.4,0.3,0.3,balanced
1781481166203.0,0.4,0.3,0.3,583.9026687598116,596.3333333333334,0.11678053375196232,823.6584595959596,1039.736952861953,0.05428008402908336,0.8137149223390171,0.8489503328213006,0.8137149223390171,64,8,2.1811182379921954,0,2.1811182379921954,False,False,False,True,0,752,18,0.4,0.3,0.3,balanced
1781481168820.75,0.4,0.3,0.3,581.9874411302982,593.6666666666666,0.11639748822605964,685.5151381540271,843.0526161081716,0.045064385467246636,1.0,1.0,1.0,65,8,2.2399216890694023,0,2.2399216890694023,False,False,False,True,0,753,18,0.4,0.3,0.3,balanced
1781481175010.4949,0.4,0.3,0.3,580.1883830455259,592.0,0.11603767660910519,875.3284832451498,1000.7657260435038,0.05772705024984321,1.0,1.0,1.0,67,8,2.236266814281405,0,2.236266814281405,False,False,False,True,0,754,18,0.4,0.3,0.3,balanced
1781481177629.519,0.4,0.3,0.3,579.5902668759811,590.5555555555555,0.11591805337519623,812.3464138741916,969.8618459729571,0.05352544455464921,1.0,1.0,1.0,68,8,2.2375751452835266,0,2.2375751452835266,False,False,False,True,0,755,18,0.4,0.3,0.3,balanced
1781481180256.0862,0.4,0.3,0.3,580.6059654631083,592.4444444444445,0.11612119309262166,827.9188712522046,959.8971193415637,0.054564300950780825,1.0,1.0,1.0,67,8,2.237182232477717,1,2.237182232477717,False,False,False,True,0,756,18,0.4,0.3,0.3,balanced
1781481184580.044,0.4,0.3,0.3,296.574568288854,334.77777777777777,0.05931491365777079,407.2435655994978,513.2448210922788,0.026500571420913797,0.35052702399641167,0.45238095238095233,0.35052702399641167,65,8,2.073481970309541,1,2.073481970309541,False,False,False,True,0,757,18,0.4,0.3,0.3,balanced
1781481187205.446,0.4,0.3,0.3,582.1177394034536,594.2222222222222,0.11642354788069072,647.9901528512639,816.3653733098176,0.04256105089067805,1.0,1.0,1.0,64,8,2.24066226558052,1,2.24066226558052,False,False,False,True,0,758,18,0.4,0.3,0.3,balanced
1781481189830.035,0.4,0.3,0.3,585.4160125588696,598.1111111111111,0.11708320251177393,611.0214579659024,754.5061728395062,0.04009482708244846,1.0,1.0,1.0,61,8,2.241138270870556,1,2.241138270870556,False,False,False,True,0,759,18,0.4,0.3,0.3,balanced
1781481192456.104,0.4,0.3,0.3,583.6656200941915,596.8888888888889,0.1167331240188383,576.2962962962963,741.8930041152263,0.037778271934376,1.0,1.0,1.0,59,8,2.241973268812152,1,2.241973268812152,False,False,False,True,0,760,18,0.4,0.3,0.3,balanced
1781481195080.7349,0.4,0.3,0.3,585.8885400313972,598.8888888888889,0.11717770800627943,575.7524985302763,714.106407995297,0.0377419945650618,1.0,1.0,1.0,58,8,2.2418063184279697,1,2.2418063184279697,False,False,False,True,0,761,18,0.4,0.3,0.3,balanced
1781481197702.6938,0.4,0.3,0.3,587.1240188383044,601.1111111111111,0.11742480376766089,610.5381449825893,753.573915796138,0.04006258472198728,1.0,1.0,1.0,56,8,2.2410113030763394,1,2.2410113030763394,False,False,False,True,0,762,18,0.4,0.3,0.3,balanced
1781481200324.449,0.4,0.3,0.3,589.960753532182,603.5555555555555,0.1179921507064364,581.3540677429565,703.5090218423552,0.03811568163728863,1.0,1.0,1.0,55,8,2.2413684352262386,1,2.2413684352262386,False,False,False,True,0,763,18,0.4,0.3,0.3,balanced
1781481202948.858,0.4,0.3,0.3,589.010989010989,603.4444444444445,0.11780219780219779,589.6090534979423,722.8395061728394,0.038666381153965465,1.0,1.0,1.0,55,8,2.2412792065329312,2,2.2412792065329312,False,False,False,True,0,764,18,0.4,0.3,0.3,balanced
1781481209164.762,0.4,0.3,0.3,589.7770800627944,604.2222222222222,0.11795541601255889,582.3456790123456,712.1810699588476,0.038181833156260545,1.0,1.0,1.0,53,8,2.241363283648098,1,2.241363283648098,False,False,False,True,0,765,18,0.4,0.3,0.3,balanced
1781481211882.876,0.4,0.3,0.3,592.8492935635793,608.0,0.11856985871271586,577.0443349753693,699.0585659551177,0.03782817444798995,1.0,1.0,1.0,52,8,2.2412236041805165,1,2.2412236041805165,False,False,False,True,0,766,18,0.4,0.3,0.3,balanced
1781481214505.726,0.4,0.3,0.3,594.5667189952903,609.7777777777778,0.11891334379905806,560.451883507439,679.9905033238367,0.036721273082550965,1.0,1.0,1.0,50,8,2.2414182805556115,1,2.2414182805556115,False,False,False,True,0,767,18,0.4,0.3,0.3,balanced
1781481217429.035,0.4,0.3,0.3,507.10989010989005,550.6666666666666,0.10142197802197801,451.40512992831543,505.3797043010752,0.029446639755057735,0.8367346938775508,0.8888888888888888,0.8367346938775508,49,8,2.2016176250279567,1,2.2016176250279567,False,False,False,True,0,768,18,0.4,0.3,0.3,balanced
1781481220153.158,0.4,0.3,0.3,597.6609105180534,614.2222222222222,0.11953218210361068,507.4933862433862,619.9074074074074,0.03318835131710382,1.0,1.0,1.0,47,8,2.2422306217634245,1,2.2422306217634245,False,False,False,True,0,769,18,0.4,0.3,0.3,balanced
1781481222879.725,0.4,0.3,0.3,598.7880690737833,615.3333333333334,0.11975761381475665,490.8292282430213,616.8773946360154,0.03207666632708615,1.0,1.0,1.0,46,8,2.2424739545759715,1,2.2424739545759715,False,False,False,True,0,770,18,0.4,0.3,0.3,balanced
1781481225602.272,0.4,0.3,0.3,600.1711145996859,617.8888888888889,0.12003422291993718,478.8661081716637,592.9805996472664,0.03127859294007096,1.0,1.0,1.0,44,8,2.242602732950004,1,2.242602732950004,False,False,False,True,0,771,18,0.4,0.3,0.3,balanced
1781481228323.1821,0.4,0.3,0.3,601.7912087912088,619.3333333333334,0.12035824175824175,429.48339212228103,531.4079952968842,0.027984215618564446,1.0,1.0,1.0,43,8,2.243461438611134,1,2.243461438611134,False,False,False,True,0,772,18,0.4,0.3,0.3,balanced
1781481231044.023,0.4,0.3,0.3,604.425431711146,623.0,0.12088508634222919,430.5584950029394,524.6061140505585,0.028055936958168073,1.0,1.0,1.0,41,8,2.2432291843756578,1,2.2432291843756578,False,False,False,True,0,773,18,0.4,0.3,0.3,balanced
1781481233762.941,0.4,0.3,0.3,608.3532182103611,627.1111111111111,0.12167064364207222,403.2128159905937,489.4944150499707,0.026231675516383834,1.0,1.0,1.0,40,8,2.243462239888256,1,2.243462239888256,False,False,False,True,0,774,18,0.4,0.3,0.3,balanced
1781481236586.396,0.4,0.3,0.3,610.7708006279433,631.0,0.12215416012558866,410.2162014230979,497.57252326217844,0.02669887934777171,1.0,1.0,1.0,38,8,2.243128672145433,1,2.243128672145433,False,False,False,True,0,775,18,0.4,0.3,0.3,balanced
1781481239300.02,0.4,0.3,0.3,612.083202511774,632.7777777777778,0.12241664050235479,378.75881834215164,456.3227513227514,0.02460032143710151,1.0,1.0,1.0,37,8,2.2436532473679276,1,2.2436532473679276,False,False,False,True,0,776,18,0.4,0.3,0.3,balanced
1781481245609.4912,0.4,0.3,0.3,615.7864992150706,637.6666666666666,0.12315729984301413,374.9588477366255,446.09053497942386,0.02434682106315047,1.0,1.0,1.0,35,8,2.243433033743849,1,2.243433033743849,False,False,False,True,0,777,18,0.4,0.3,0.3,balanced
1781481248333.08,0.4,0.3,0.3,619.640502354788,642.2222222222222,0.1239281004709576,396.34852801519463,471.00348211459317,0.025773751035036332,1.0,1.0,1.0,34,8,2.242696634501106,1,2.242696634501106,False,False,False,True,0,778,18,0.4,0.3,0.3,balanced
1781481251057.229,0.4,0.3,0.3,618.5368916797487,641.1111111111111,0.12370737833594973,334.98179803735354,419.06774295663183,0.02167990647347255,1.0,1.0,1.0,34,8,2.2440130767235784,2,2.2440130767235784,False,False,False,True,0,779,18,0.4,0.3,0.3,balanced
1781481253873.071,0.4,0.3,0.3,624.414442700157,648.3333333333334,0.1248828885400314,332.2345374931582,401.79802955665025,0.02149663358860295,1.0,1.0,1.0,32,8,2.2435978545074065,1,2.2435978545074065,False,False,False,True,0,780,18,0.4,0.3,0.3,balanced
1781481256798.035,0.4,0.3,0.3,632.3626373626374,658.2222222222222,0.1264725274725275,278.5632183908046,339.7933771209634,0.01791615866516375,1.0,1.0,1.0,29,8,2.24403614141144,1,2.24403614141144,False,False,False,True,0,781,18,0.4,0.3,0.3,balanced
1781481259615.012,0.4,0.3,0.3,633.9073783359497,660.8888888888889,0.12678147566718995,271.5895061728395,329.3312757201646,0.01745093436776781,1.0,1.0,1.0,28,8,2.2440521294227938,1,2.2440521294227938,False,False,False,True,0,782,18,0.4,0.3,0.3,balanced
1781481262437.746,0.4,0.3,0.3,641.5871271585556,670.4444444444445,0.12831742543171112,257.4200696422919,315.5745489078822,0.01650567509288138,1.0,1.0,1.0,26,8,2.243721327299451,1,2.243721327299451,False,False,False,True,0,783,18,0.4,0.3,0.3,balanced
1781481265252.1838,0.4,0.3,0.3,631.9183673469388,659.6666666666666,0.12638367346938775,288.62727807172246,362.31775426219866,0.018587543567159602,1.0,1.0,1.0,28,8,2.243870267542097,0,2.243870267542097,False,False,False,True,0,784,18,0.4,0.3,0.3,balanced
1781481268177.5479,0.4,0.3,0.3,641.6138147566719,670.1111111111111,0.12832276295133438,251.78277483833037,318.2084068195179,0.016129604725705828,0.9942812289751064,0.9960317460317462,0.9942812289751064,26,8,2.242116382094286,1,2.242116382094286,False,False,False,True,0,785,18,0.4,0.3,0.3,balanced
1781481271099.468,0.4,0.3,0.3,644.221350078493,674.5555555555555,0.1288442700156986,235.1190476190476,295.7539682539683,0.015017948473585563,1.0,1.0,1.0,25,8,2.2439569074516448,1,2.2439569074516448,False,False,False,True,0,786,18,0.4,0.3,0.3,balanced
1781481274013.661,0.4,0.3,0.3,642.0078492935635,670.8888888888889,0.1284015698587127,250.45361247947454,325.0410509031199,0.01604093478849063,1.0,1.0,1.0,26,8,2.2438270916199676,0,2.2438270916199676,False,False,False,True,0,787,18,0.4,0.3,0.3,balanced
1781481280511.444,0.4,0.3,0.3,645.1350078492935,675.4444444444445,0.1290270015698587,231.14463601532563,285.94280240831966,0.014752810941649475,1.0,1.0,1.0,25,8,2.2439633560895618,1,2.2439633560895618,False,False,False,True,0,788,18,0.4,0.3,0.3,balanced
1781481283432.8052,0.4,0.3,0.3,654.9434850863422,687.6666666666666,0.13098869701726845,225.81790123456784,287.2766019988242,0.014397458387896453,1.0,1.0,1.0,23,8,2.2432852836767236,1,2.2432852836767236,False,False,False,True,0,789,18,0.4,0.3,0.3,balanced
1781481286355.153,0.4,0.3,0.3,659.9356357927785,693.5555555555555,0.1319871271585557,214.93753674309227,281.3183421516755,0.013671616860780004,1.0,1.0,1.0,22,8,2.243103664078344,1,2.243103664078344,False,False,False,True,0,790,18,0.4,0.3,0.3,balanced
1781481289380.921,0.4,0.3,0.3,670.5918367346937,708.6666666666666,0.13411836734693874,1172.3192239858906,1178.906525573192,0.07753964135996602,0.9821501250072678,0.9839800117577896,0.9821501250072678,20,8,2.217735798155415,1,2.217735798155415,False,False,False,True,0,791,18,0.4,0.3,0.3,balanced
1781481292398.0789,0.4,0.3,0.3,676.7535321821035,715.6666666666666,0.1353507064364207,235.55555555555554,296.5432098765432,0.015047068415981024,1.0,1.0,1.0,19,8,2.2413455969006373,1,2.2413455969006373,False,False,False,True,0,792,18,0.4,0.3,0.3,balanced
1781481295324.394,0.4,0.3,0.3,670.3940345368917,708.2222222222222,0.13407880690737833,188.8651471984805,251.8898385565052,0.011932298011906638,1.0,1.0,1.0,20,8,2.2427887878334767,0,2.2427887878334767,False,False,False,True,0,793,18,0.4,0.3,0.3,balanced
1781481298342.8472,0.4,0.3,0.3,677.806907378336,717.1111111111111,0.13556138147566718,187.58004341337673,244.28854067742955,0.01184656727240672,0.9940694226408512,0.9958847736625516,0.9940694226408512,19,8,2.2404423040202666,1,2.2404423040202666,False,False,False,True,0,794,18,0.4,0.3,0.3,balanced
1781481301467.114,0.4,0.3,0.3,693.2653061224489,737.2222222222222,0.13865306122448978,160.70252792475014,210.73045267489712,0.010053537553352244,1.0,1.0,1.0,17,8,2.2415227142441982,1,2.2415227142441982,False,False,False,True,0,795,18,0.4,0.3,0.3,balanced
1781481304487.246,0.4,0.3,0.3,675.0141287284143,715.0,0.13500282574568287,179.99044679600235,238.80658436213992,0.01134025662414959,1.0,1.0,1.0,19,8,2.242596792714482,0,2.242596792714482,False,False,False,True,0,796,18,0.4,0.3,0.3,balanced
1781481307604.727,0.4,0.3,0.3,692.0329670329669,736.0,0.1384065934065934,180.896531452087,234.03880070546737,0.011400702565182589,1.0,1.0,1.0,17,8,2.241217151867808,1,2.241217151867808,False,False,False,True,0,797,18,0.4,0.3,0.3,balanced
1781481310723.4868,0.4,0.3,0.3,702.0156985871271,748.4444444444445,0.1404031397174254,164.62962962962962,220.0102880658436,0.010315518987967285,1.0,1.0,1.0,16,8,2.2407440884166396,1,2.2407440884166396,False,False,False,True,0,798,18,0.4,0.3,0.3,balanced
1781481317518.3179,0.4,0.3,0.3,725.4379905808478,779.1111111111111,0.14508759811616956,131.16108171663726,171.53733098177543,0.00808279397709388,1.0,1.0,1.0,14,8,2.239540122560404,1,2.239540122560404,False,False,False,True,0,799,18,0.4,0.3,0.3,balanced
1781481320732.941,0.4,0.3,0.3,709.1585557299843,755.7777777777778,0.14183171114599685,224.90320197044332,286.29824849480025,0.01433643775653391,0.9825362884828048,0.984263820470717,0.9825362884828048,16,8,2.2337272707594824,0,2.2337272707594824,False,False,False,True,0,800,18,0.4,0.3,0.3,balanced
1781481323945.821,0.4,0.3,0.3,721.1412872841444,772.5555555555555,0.14422825745682888,122.19819789264231,152.01985257540815,0.0074848697726912815,0.9940694226408511,0.9958847736625513,0.9940694226408511,14,8,2.2382840628777165,1,2.2382840628777165,False,False,False,True,0,801,18,0.4,0.3,0.3,balanced
1781481327071.717,0.4,0.3,0.3,700.9733124018837,748.1111111111111,0.14019466248037674,147.6954732510288,183.00411522633743,0.00918582209813401,1.0,1.0,1.0,16,8,2.241166388378409,0,2.241166388378409,False,False,False,True,0,802,18,0.4,0.3,0.3,balanced
1781481330285.1,0.4,0.3,0.3,725.2244897959184,779.0,0.14504489795918368,126.76440329218106,169.0681951793063,0.007789486543841298,1.0,1.0,1.0,14,8,2.239645194853174,1,2.239645194853174,False,False,False,True,0,803,18,0.4,0.3,0.3,balanced
1781481333608.864,0.4,0.3,0.3,738.4709576138147,796.2222222222222,0.14769419152276295,117.99823633156966,154.19165196942976,0.007204685545801845,1.0,1.0,1.0,13,8,2.2387609177271544,1,2.2387609177271544,False,False,False,True,0,804,18,0.4,0.3,0.3,balanced
1781481337033.735,0.4,0.3,0.3,785.313432835821,842.5555555555555,0.1570626865671642,97.09850606909431,117.11493239271016,0.005810440698405224,1.0,1.0,1.0,11,8,2.2354317931636127,1,2.2354317931636127,False,False,False,True,0,805,18,0.4,0.3,0.3,balanced
1781481340658.511,0.4,0.3,0.3,797.3265306122448,872.3333333333334,0.15946530612244897,464.5272830617658,520.9343817102438,0.03032203355982427,0.985113408758729,0.9885057471264367,0.985113408758729,10,8,2.222651290110692,1,2.222651290110692,False,False,False,True,0,806,18,0.4,0.3,0.3,balanced
1781481344085.5352,0.4,0.3,0.3,774.7959183673469,842.5555555555555,0.15495918367346936,109.79423868312756,148.80658436213992,0.006657387503877756,1.0,1.0,1.0,11,8,2.236019110279449,0,2.236019110279449,False,False,False,True,0,807,18,0.4,0.3,0.3,balanced
1781481347611.4558,0.4,0.3,0.3,799.3516483516482,874.2222222222222,0.15987032967032966,78.91387419165196,95.86713697824808,0.004597323161551164,1.0,1.0,1.0,10,8,2.234672671183403,1,2.234672671183403,False,False,False,True,0,808,18,0.4,0.3,0.3,balanced
1781481354624.829,0.4,0.3,0.3,774.36420722135,842.3333333333334,0.15487284144427,89.51940035273368,113.48177542621987,0.005304829910122327,1.0,1.0,1.0,11,8,2.2364594144492553,0,2.2364594144492553,False,False,False,True,0,809,18,0.4,0.3,0.3,balanced
1781481358449.6082,0.4,0.3,0.3,751.9795918367347,814.8888888888889,0.15039591836734695,282.26704545454544,301.2916666666667,0.01816324519376554,0.8436801293944151,0.8417508417508418,0.8436801293944151,13,8,2.187496697913256,0,2.187496697913256,False,False,False,True,0,810,18,0.4,0.3,0.3,balanced
1781481361673.041,0.4,0.3,0.3,724.1302982731554,777.4444444444445,0.14482605965463108,137.5198412698413,175.38800705467372,0.008506994080709892,1.0,1.0,1.0,14,8,2.2395174779139344,0,2.2395174779139344,False,False,False,True,0,811,18,0.4,0.3,0.3,balanced
1781481364798.323,0.4,0.3,0.3,700.7346938775509,747.4444444444445,0.14014693877551018,169.32833627278072,216.8312757201646,0.010628975068230868,1.0,1.0,1.0,16,8,2.240752531969327,0,2.240752531969327,False,False,False,True,0,812,18,0.4,0.3,0.3,balanced
1781481367817.014,0.4,0.3,0.3,691.2967032967032,735.2222222222222,0.13825934065934065,212.81497309275085,276.4371636593859,0.013530018218328943,1.0,1.0,1.0,17,8,2.240637258270765,0,2.240637258270765,False,False,False,True,0,813,18,0.4,0.3,0.3,balanced
1781481370829.815,0.4,0.3,0.3,676.0502354788068,715.7777777777778,0.13521004709576137,160.5761316872428,207.75867136978252,0.010045105516160294,1.0,1.0,1.0,19,8,2.2429024495068473,0,2.2429024495068473,False,False,False,True,0,814,18,0.4,0.3,0.3,balanced
1781481373749.216,0.4,0.3,0.3,670.1491365777078,708.1111111111111,0.13402982731554158,181.11111111111111,238.1893004115226,0.011415017419020087,1.0,1.0,1.0,20,8,2.242963563848077,0,2.242963563848077,False,False,False,True,0,815,18,0.4,0.3,0.3,balanced
1781481376762.335,0.4,0.3,0.3,678.0047095761381,717.3333333333334,0.13560094191522762,180.5783362727807,229.28718400940625,0.011379475401786571,1.0,1.0,1.0,19,8,2.242345780613373,1,2.242345780613373,False,False,False,True,0,816,18,0.4,0.3,0.3,balanced
1781481379781.286,0.4,0.3,0.3,675.9748822605965,715.2222222222222,0.13519497645211928,180.08303938859493,223.23780129335682,0.011346433581627414,1.0,1.0,1.0,19,8,2.242518079344664,2,2.242518079344664,False,False,False,True,0,817,18,0.4,0.3,0.3,balanced
1781481382806.8472,0.4,0.3,0.3,670.3029827315542,707.8888888888889,0.13406059654631083,168.9880952380952,212.49999999999997,0.010606277200673463,1.0,1.0,1.0,20,8,2.2431938782212737,0,2.2431938782212737,False,False,False,True,0,818,18,0.4,0.3,0.3,balanced
1781481389511.968,0.4,0.3,0.3,569.1679748822606,629.2222222222222,0.11383359497645212,204.31839904420545,250.0334528076463,0.01296320207099436,0.8398744113029827,0.8888888888888888,0.8398744113029827,22,8,2.202539924779016,0,2.202539924779016,False,False,False,True,0,819,18,0.4,0.3,0.3,balanced
1781481392432.146,0.4,0.3,0.3,654.1193092621662,686.3333333333334,0.13082386185243325,211.55287613620945,262.22979695201917,0.013445822290607702,1.0,1.0,1.0,23,8,2.2436367085718443,0,2.2436367085718443,False,False,False,True,0,820,18,0.4,0.3,0.3,balanced
1781481395354.904,0.4,0.3,0.3,645.469387755102,675.8888888888889,0.12909387755102042,238.7896825396825,297.3412698412699,0.01526282071645647,1.0,1.0,1.0,25,8,2.2437836027646547,0,2.2437836027646547,False,False,False,True,0,821,18,0.4,0.3,0.3,balanced
1781481398175.486,0.4,0.3,0.3,641.7362637362637,670.2222222222222,0.12834725274725275,252.51187084520416,313.55175688509024,0.016178243552048308,1.0,1.0,1.0,26,8,2.243807625835484,0,2.243807625835484,False,False,False,True,0,822,18,0.4,0.3,0.3,balanced
1781481401000.0588,0.4,0.3,0.3,633.1915227629513,660.0,0.12663830455259026,275.18518518518516,336.46090534979425,0.017690806216490003,1.0,1.0,1.0,28,8,2.244037436314017,0,2.244037436314017,False,False,False,True,0,823,18,0.4,0.3,0.3,balanced
1781481403823.749,0.4,0.3,0.3,629.61852433281,656.0,0.12592370486656201,263.2201646090535,344.2225161669606,0.016892606044633322,1.0,1.0,1.0,29,8,2.244562736239985,0,2.244562736239985,False,False,False,True,0,824,18,0.4,0.3,0.3,balanced
1781481406635.0352,0.4,0.3,0.3,625.6761194029851,645.5555555555555,0.12513522388059703,369.9886877828054,456.8833943833944,0.02401525602286894,0.9891257995735608,0.9920634920634921,0.9891257995735608,32,8,2.239479073512969,0,2.239479073512969,False,False,False,True,0,825,18,0.4,0.3,0.3,balanced
1781481409352.821,0.4,0.3,0.3,615.7142857142856,637.6666666666666,0.12314285714285711,332.28395061728395,422.2127255460589,0.021499929994481918,1.0,1.0,1.0,34,8,2.2442928781445124,0,2.2442928781445124,False,False,False,True,0,826,18,0.4,0.3,0.3,balanced
1781481412176.2021,0.4,0.3,0.3,612.7692307692307,634.1111111111111,0.12255384615384614,382.6495726495726,476.7460317460317,0.024859878095368416,0.9844343109649232,0.9879482657260437,0.9844343109649232,35,8,2.238850791399328,0,2.238850791399328,False,False,False,True,0,827,18,0.4,0.3,0.3,balanced
1781481414994.469,0.4,0.3,0.3,609.4364207221349,630.0,0.12188728414442698,321.28694581280786,408.1832694763729,0.02076630725902654,1.0,1.0,1.0,37,8,2.2450151941645213,0,2.2450151941645213,False,False,False,True,0,828,18,0.4,0.3,0.3,balanced
1781481417718.091,0.4,0.3,0.3,609.2888540031396,629.2222222222222,0.12185777080062792,394.30041152263374,502.3045267489712,0.025637118847407186,1.0,1.0,1.0,38,8,2.243565756025527,0,2.243565756025527,False,False,False,True,0,829,18,0.4,0.3,0.3,balanced
1781481424024.561,0.4,0.3,0.3,604.9874411302983,624.0,0.12099748822605966,430.3299529688419,535.6202233980011,0.028040690658361702,1.0,1.0,1.0,40,8,2.2431887975120675,0,2.2431887975120675,False,False,False,True,0,830,18,0.4,0.3,0.3,balanced
1781481426736.9338,0.4,0.3,0.3,603.9968602825745,621.6666666666666,0.1207993720565149,431.1030276308053,542.1208112874779,0.02809226335095432,1.0,1.0,1.0,41,8,2.243252572172108,0,2.243252572172108,False,False,False,True,0,831,18,0.4,0.3,0.3,balanced
1781481429459.166,0.4,0.3,0.3,599.6059654631083,617.0,0.11992119309262166,404.3768371546149,505.8612580834803,0.026309328696105066,1.0,1.0,1.0,43,8,2.2441387241541197,0,2.2441387241541197,False,False,False,True,0,832,18,0.4,0.3,0.3,balanced
1781481432184.314,0.4,0.3,0.3,599.7127158555729,616.8888888888889,0.11994254317111458,421.01190476190476,527.3412698412698,0.027419073032815527,1.0,1.0,1.0,44,8,2.2437972608217094,0,2.2437972608217094,False,False,False,True,0,833,18,0.4,0.3,0.3,balanced
1781481434905.427,0.4,0.3,0.3,596.5761381475667,613.6666666666666,0.11931522762951334,459.5498084291187,575.4912424740011,0.029989980548973894,1.0,1.0,1.0,46,8,2.2432769147835026,0,2.2432769147835026,False,False,False,True,0,834,18,0.4,0.3,0.3,balanced
1781481437524.107,0.4,0.3,0.3,599.2527472527471,615.5555555555555,0.11985054945054942,488.9878125989237,596.6587527698639,0.03195382338885415,1.0,1.0,1.0,47,8,2.242473633203124,0,2.242473633203124,False,False,False,True,0,835,18,0.4,0.3,0.3,balanced
1781481440148.254,0.4,0.3,0.3,595.4270015698587,611.3333333333334,0.11908540031397175,527.5783475783475,643.9221272554605,0.034528241999889756,1.0,1.0,1.0,49,8,2.2420073672744443,0,2.2420073672744443,False,False,False,True,0,836,18,0.4,0.3,0.3,balanced
1781481442771.728,0.4,0.3,0.3,595.2919937205652,610.3333333333334,0.11905839874411303,566.5637860082303,675.4320987654322,0.03712900507059575,1.0,1.0,1.0,50,8,2.241237938981176,0,2.241237938981176,False,False,False,True,0,837,18,0.4,0.3,0.3,balanced
1781481445392.377,0.4,0.3,0.3,590.9890109890109,605.7777777777778,0.11819780219780218,574.9588477366254,697.4074074074074,0.03768904921525187,1.0,1.0,1.0,52,8,2.2414141643563035,0,2.2414141643563035,False,False,False,True,0,838,18,0.4,0.3,0.3,balanced
1781481484035.431,0.4,0.3,0.3,590.7472527472526,606.0,0.11814945054945052,579.0123456790122,696.1316872427983,0.037959462687058854,1.0,1.0,1.0,53,8,2.241352380974102,0,2.241352380974102,False,False,False,True,1,839,18,0.4,0.3,0.3,balanced
1781481486756.2449,0.4,0.3,0.3,589.243328100471,603.4444444444445,0.1178486656200942,583.8615216201423,731.6242474001095,0.03828295674584005,1.0,1.0,1.0,55,8,2.24137564672821,0,2.24137564672821,False,False,False,True,0,840,18,0.4,0.3,0.3,balanced
1781481489373.07,0.4,0.3,0.3,587.6499215070643,601.3333333333334,0.11752998430141286,639.5053814498259,798.105413105413,0.04199502211139599,1.0,1.0,1.0,56,8,2.240389499646016,0,2.240389499646016,False,False,False,True,0,841,18,0.4,0.3,0.3,balanced
1781481495578.5798,0.4,0.3,0.3,586.2998430141288,599.3333333333334,0.11725996860282575,707.8468547912992,842.6587301587301,0.04655415975925945,1.0,1.0,1.0,58,8,2.239129764631092,0,2.239129764631092,False,False,False,True,0,842,18,0.4,0.3,0.3,balanced
1781481498190.927,0.4,0.3,0.3,587.0784929356357,600.1111111111111,0.11741569858712715,709.3672839506172,834.9279835390946,0.046655589322923095,1.0,1.0,1.0,59,8,2.2390370437682723,0,2.2390370437682723,False,False,False,True,0,843,18,0.4,0.3,0.3,balanced
1781481500813.326,0.4,0.3,0.3,586.3579277864991,599.6666666666666,0.11727158555729982,718.7720458553792,861.2389770723105,0.04728299171817073,1.0,1.0,1.0,61,8,2.2389064682616286,0,2.2389064682616286,False,False,False,True,0,844,18,0.4,0.3,0.3,balanced
1781481503435.8909,0.4,0.3,0.3,583.6718995290424,596.3333333333334,0.11673437990580848,688.3781599059377,835.3880070546736,0.045255380914338734,1.0,1.0,1.0,64,8,2.2397296337633747,0,2.2397296337633747,False,False,False,True,0,845,18,0.4,0.3,0.3,balanced
1781481506060.8052,0.4,0.3,0.3,582.9136577708006,595.4444444444445,0.11658273155416012,662.0318930041153,828.7404467960023,0.04349779139453738,0.9979255438439112,0.9960317460317462,0.9979255438439112,65,8,2.239695233113148,0,2.239695233113148,False,False,False,True,0,846,18,0.4,0.3,0.3,balanced
1781481508681.835,0.4,0.3,0.3,579.3642072213501,590.3333333333334,0.11587284144427001,583.7522045855378,764.5208700764256,0.038275664081757026,1.0,1.0,1.0,67,8,2.242168164197765,0,2.242168164197765,False,False,False,True,0,847,18,0.4,0.3,0.3,balanced
1781481511305.134,0.4,0.3,0.3,579.519623233909,590.8888888888889,0.1159039246467818,662.2912992357436,836.7636684303351,0.04351509668016969,1.0,1.0,1.0,68,8,2.2405839011372364,0,2.2405839011372364,False,False,False,True,0,848,18,0.4,0.3,0.3,balanced
1781481513928.664,0.4,0.3,0.3,579.149136577708,590.7777777777778,0.11582982731554159,638.6963550852439,834.2798353909467,0.0419410510397094,1.0,1.0,1.0,67,8,2.2410857537618707,1,2.2410857537618707,False,False,False,True,0,849,18,0.4,0.3,0.3,balanced
1781481516552.309,0.4,0.3,0.3,580.9010989010989,591.8888888888889,0.11618021978021978,748.7308935920046,961.3462669018224,0.04928158062655134,1.0,1.0,1.0,68,8,2.238743437899947,0,2.238743437899947,False,False,False,True,0,850,18,0.4,0.3,0.3,balanced
1781481519178.831,0.4,0.3,0.3,579.9513343799058,592.0,0.11599026687598116,712.013012707457,889.4505494505495,0.04683208890643476,0.9958718530147102,0.9958847736625513,0.9958718530147102,67,8,2.23831582248209,1,2.23831582248209,False,False,False,True,0,851,18,0.4,0.3,0.3,balanced
1781481521802.736,0.4,0.3,0.3,579.4536891679749,591.6666666666666,0.11589073783359498,581.7085537918871,768.1995884773662,0.03813932980599647,1.0,1.0,1.0,65,8,2.242201905924763,1,2.242201905924763,False,False,False,True,0,852,18,0.4,0.3,0.3,balanced
1781481524628.48,0.4,0.3,0.3,494.04866562009414,533.2222222222222,0.09880973312401883,576.4779345878136,691.587141577061,0.03779038923200891,0.8398744113029827,0.8888888888888888,0.8398744113029827,64,8,2.2011013133716846,1,2.2011013133716846,False,False,False,True,0,853,18,0.4,0.3,0.3,balanced
1781481527251.28,0.4,0.3,0.3,583.3877551020407,596.1111111111111,0.11667755102040815,629.9382716049382,790.2057613168724,0.04135678929986246,1.0,1.0,1.0,61,8,2.240921942801878,1,2.240921942801878,False,False,False,True,0,854,18,0.4,0.3,0.3,balanced
1781481533455.882,0.4,0.3,0.3,581.1742543171115,593.8888888888889,0.11623485086342229,662.8549382716049,824.0843621399176,0.04355269768322914,1.0,1.0,1.0,64,8,2.2404402503496623,0,2.2404402503496623,False,False,False,True,0,855,18,0.4,0.3,0.3,balanced
1781481536076.001,0.4,0.3,0.3,582.0973312401883,595.4444444444445,0.11641946624803766,572.8990299823633,737.880658436214,0.03755163642310629,1.0,1.0,1.0,61,8,2.242166722573853,1,2.242166722573853,False,False,False,True,0,856,18,0.4,0.3,0.3,balanced
1781481538694.19,0.4,0.3,0.3,587.2762951334379,600.4444444444445,0.11745525902668758,631.9207027540361,767.2981956315291,0.04148903954329794,1.0,1.0,1.0,59,8,2.2405711845263356,1,2.2405711845263356,False,False,False,True,0,857,18,0.4,0.3,0.3,balanced
1781481541310.3481,0.4,0.3,0.3,588.4034536891679,601.3333333333334,0.11768069073783359,626.4276669832225,768.5754985754987,0.04112259286078869,1.0,1.0,1.0,58,8,2.24059094584663,1,2.24059094584663,False,False,False,True,0,858,18,0.4,0.3,0.3,balanced
1781481543930.655,0.4,0.3,0.3,587.2354788069073,601.1111111111111,0.11744709576138146,642.2104644326866,779.7795414462081,0.042175481283034465,1.0,1.0,1.0,59,8,2.240368517310537,0,2.240368517310537,False,False,False,True,0,859,18,0.4,0.3,0.3,balanced
1781481546546.354,0.4,0.3,0.3,586.8712715855572,601.0,0.11737425431711145,658.8675778953557,796.9121105232217,0.04328669632390632,1.0,1.0,1.0,58,8,2.2400642893759835,1,2.2400642893759835,False,False,False,True,0,860,18,0.4,0.3,0.3,balanced
1781481549169.364,0.4,0.3,0.3,588.1507064364206,602.6666666666666,0.11763014128728412,606.1554289332066,739.7040202595758,0.03977020873470358,1.0,1.0,1.0,56,8,2.241016880864675,1,2.241016880864675,False,False,False,True,0,861,18,0.4,0.3,0.3,balanced
1781481551795.322,0.4,0.3,0.3,590.4882260596545,604.4444444444445,0.1180976452119309,590.4754556143445,745.4791299235743,0.03872417982750797,1.0,1.0,1.0,55,8,2.241143687966975,1,2.241143687966975,False,False,False,True,0,862,18,0.4,0.3,0.3,balanced
1781481554816.426,0.4,0.3,0.3,432.7001569858713,473.8888888888889,0.08654003139717426,424.9682539682539,504.57142857142867,0.027683005601618006,0.728414442700157,0.7777777777777778,0.728414442700157,53,8,2.175603418570692,1,2.175603418570692,False,False,False,True,0,863,18,0.4,0.3,0.3,balanced
1781481557540.955,0.4,0.3,0.3,593.0470957613813,607.2222222222222,0.11860941915227627,567.3494040017029,701.231020292323,0.037181414543142284,0.9979255438439112,0.9960317460317462,0.9979255438439112,52,8,2.2407794711293203,1,2.2407794711293203,False,False,False,True,0,864,18,0.4,0.3,0.3,balanced
1781481560164.949,0.4,0.3,0.3,591.0816326530612,605.7777777777778,0.11821632653061225,574.238683127572,709.917695473251,0.037641006212646565,1.0,1.0,1.0,53,8,2.2414211675239613,0,2.2414211675239613,False,False,False,True,0,865,18,0.4,0.3,0.3,balanced
1781481562792.264,0.4,0.3,0.3,592.5934065934065,607.2222222222222,0.11851868131868129,589.3668882557772,693.0547641658753,0.03865022603440808,1.0,1.0,1.0,52,8,2.240997459662205,1,2.240997459662205,False,False,False,True,0,866,18,0.4,0.3,0.3,balanced
1781481569102.8298,0.4,0.3,0.3,594.1742543171114,609.5555555555555,0.11883485086342227,502.687465790914,624.5361247947455,0.032867742881315144,1.0,1.0,1.0,50,8,2.2426057367902366,1,2.2426057367902366,False,False,False,True,0,867,18,0.4,0.3,0.3,balanced
1781481571727.192,0.4,0.3,0.3,592.9277864992149,607.8888888888889,0.11858555729984298,557.3528015194681,677.5609370053814,0.03651452978782309,1.0,1.0,1.0,52,8,2.241611418143716,0,2.241611418143716,False,False,False,True,0,868,18,0.4,0.3,0.3,balanced
1781481574348.905,0.4,0.3,0.3,592.9968602825745,608.2222222222222,0.1185993720565149,522.7959797404242,651.190250079139,0.03420920478588554,1.0,1.0,1.0,50,8,2.2422974897416283,1,2.2422974897416283,False,False,False,True,0,869,18,0.4,0.3,0.3,balanced
1781481577063.457,0.4,0.3,0.3,594.8288854003139,610.3333333333334,0.11896577708006277,523.6432676518882,631.9950738916256,0.03426572832901189,1.0,1.0,1.0,49,8,2.242133970669271,1,2.242133970669271,False,False,False,True,0,870,18,0.4,0.3,0.3,balanced
1781481579781.388,0.4,0.3,0.3,596.1726844583987,612.6666666666666,0.11923453689167975,476.5674603174603,598.3730158730158,0.03112524751951036,1.0,1.0,1.0,47,8,2.242968610987475,1,2.242968610987475,False,False,False,True,0,871,18,0.4,0.3,0.3,balanced
1781481582503.977,0.4,0.3,0.3,597.5290423861852,613.8888888888889,0.11950580847723705,508.3121237000547,667.2591680350301,0.03324297022682153,1.0,1.0,1.0,46,8,2.2422247855410586,1,2.2422247855410586,False,False,False,True,0,872,18,0.4,0.3,0.3,balanced
1781481585220.3281,0.4,0.3,0.3,599.1836734693877,616.7777777777778,0.11983673469387754,458.21428571428567,591.6666666666666,0.029900886305155815,1.0,1.0,1.0,44,8,2.2430950402309024,1,2.2430950402309024,False,False,False,True,0,873,18,0.4,0.3,0.3,balanced
1781481587937.694,0.4,0.3,0.3,599.9309262166404,617.4444444444445,0.11998618524332808,452.9445914168136,572.3177542621987,0.029549338987112313,1.0,1.0,1.0,43,8,2.243140724206535,1,2.243140724206535,False,False,False,True,0,874,18,0.4,0.3,0.3,balanced
1781481590859.592,0.4,0.3,0.3,564.4317111459969,548.3333333333334,0.11288634222919938,415.15232974910396,563.0286738351255,0.027028174099339823,0.9419152276295133,0.8888888888888888,0.9419152276295133,41,8,2.2293115791673723,1,2.2293115791673723,False,False,False,True,0,875,18,0.4,0.3,0.3,balanced
1781481593582.794,0.4,0.3,0.3,605.5839874411301,625.3333333333334,0.12111679748822603,411.7188418577307,527.2413286302175,0.026799122205318927,1.0,1.0,1.0,40,8,2.243513544343114,1,2.243513544343114,False,False,False,True,0,876,18,0.4,0.3,0.3,balanced
1781481596297.3508,0.4,0.3,0.3,610.0172684458399,630.7777777777778,0.12200345368916798,371.98780129335677,480.7304526748972,0.024148619165667563,1.0,1.0,1.0,38,8,2.2439540327746323,1,2.2439540327746323,False,False,False,True,0,877,18,0.4,0.3,0.3,balanced
1781481599010.3171,0.4,0.3,0.3,604.9623233908948,624.2222222222222,0.12099246467817895,408.90799529688417,511.50499706055257,0.026611607424742105,1.0,1.0,1.0,40,8,2.243619531901306,0,2.243619531901306,False,False,False,True,0,878,18,0.4,0.3,0.3,balanced
1781481605322.146,0.4,0.3,0.3,609.7723704866561,630.3333333333334,0.12195447409733122,363.37448559670776,468.2304526748972,0.023574015049813726,1.0,1.0,1.0,38,8,2.2441460058461233,1,2.2441460058461233,False,False,False,True,0,879,18,0.4,0.3,0.3,balanced
1781481608046.562,0.4,0.3,0.3,611.5588697017267,632.2222222222222,0.12231177394034534,389.17616334283,511.53213042101936,0.02529527440579253,0.9940694226408511,0.9958847736625513,0.9940694226408511,37,8,2.2417075348943794,1,2.2417075348943794,False,False,False,True,0,880,18,0.4,0.3,0.3,balanced
1781481610860.7732,0.4,0.3,0.3,615.3359497645212,637.7777777777778,0.12306718995290424,414.2261904761904,513.9285714285714,0.026966390291940655,1.0,1.0,1.0,35,8,2.242683206931256,1,2.242683206931256,False,False,False,True,0,881,18,0.4,0.3,0.3,balanced
1781481613583.122,0.4,0.3,0.3,611.8383045525901,632.3333333333334,0.12236766091051803,427.6447677836567,546.7945326278659,0.02786155889150478,1.0,1.0,1.0,37,8,2.242694467968341,0,2.242694467968341,False,False,False,True,0,882,18,0.4,0.3,0.3,balanced
1781481616307.3171,0.4,0.3,0.3,614.9230769230769,636.4444444444445,0.12298461538461539,377.7350427350427,462.423235201013,0.024532024198468495,1.0,1.0,1.0,35,8,2.2434465465866134,1,2.2434465465866134,False,False,False,True,0,883,18,0.4,0.3,0.3,balanced
1781481619023.901,0.4,0.3,0.3,612.6609105180534,633.1111111111111,0.12253218210361067,388.8007054673721,468.88594944150503,0.025270227182613215,1.0,1.0,1.0,37,8,2.243406059003772,0,2.243406059003772,False,False,False,True,0,884,18,0.4,0.3,0.3,balanced
1781481621746.294,0.4,0.3,0.3,616.1726844583986,638.0,0.12323453689167972,348.6625514403292,427.0576131687243,0.022592565139448247,1.0,1.0,1.0,35,8,2.2439284157014936,1,2.2439284157014936,False,False,False,True,0,885,18,0.4,0.3,0.3,balanced
1781481624465.25,0.4,0.3,0.3,617.949764521193,640.4444444444445,0.12358995290423859,393.5976574865463,480.96074707185824,0.025590237323985746,1.0,1.0,1.0,34,8,2.2428869476411086,1,2.2428869476411086,False,False,False,True,0,886,18,0.4,0.3,0.3,balanced
1781481627188.253,0.4,0.3,0.3,614.4175824175824,636.5555555555555,0.12288351648351648,363.1385949441504,453.6022927689594,0.023558278515286885,1.0,1.0,1.0,35,8,2.2437791098520075,0,2.2437791098520075,False,False,False,True,0,887,18,0.4,0.3,0.3,balanced
1781481629903.975,0.4,0.3,0.3,610.9717425431711,630.7777777777778,0.12219434850863423,390.12786596119923,487.1369782480894,0.0253587635731287,1.0,1.0,1.0,37,8,2.2435146315246075,0,2.2435146315246075,False,False,False,True,0,888,18,0.4,0.3,0.3,balanced
1781481632626.904,0.4,0.3,0.3,615.1491365777078,636.7777777777778,0.12302982731554157,337.01646090534973,422.75720164609055,0.021815641154459622,1.0,1.0,1.0,35,8,2.2442433767274457,1,2.2442433767274457,False,False,False,True,0,889,18,0.4,0.3,0.3,balanced
1781481638915.925,0.4,0.3,0.3,617.0251177394034,639.2222222222222,0.12340502354788069,349.3787591009813,429.1975308641975,0.022640344169511762,1.0,1.0,1.0,34,8,2.2438458873299942,1,2.2438458873299942,False,False,False,True,0,890,18,0.4,0.3,0.3,balanced
1781481641728.631,0.4,0.3,0.3,621.9795918367346,645.4444444444445,0.12439591836734691,319.0873015873015,401.2903667214012,0.02061956648347575,1.0,1.0,1.0,32,8,2.2440557627080184,1,2.2440557627080184,False,False,False,True,0,891,18,0.4,0.3,0.3,balanced
1781481644554.647,0.4,0.3,0.3,629.9843014128728,655.6666666666666,0.12599686028257456,305.7524985302762,396.7181069958848,0.0197299865597249,1.0,1.0,1.0,29,8,2.2436822599190527,1,2.2436822599190527,False,False,False,True,0,892,18,0.4,0.3,0.3,balanced
1781481647377.444,0.4,0.3,0.3,622.7111459968603,646.6666666666666,0.12454222919937206,314.6391828336272,408.3259847148736,0.020322827407179934,1.0,1.0,1.0,32,8,2.244086260098097,0,2.244086260098097,False,False,False,True,0,893,18,0.4,0.3,0.3,balanced
1781481650199.98,0.4,0.3,0.3,629.1334379905809,655.2222222222222,0.1258266875981162,264.4150499706055,342.3530276308054,0.016972318210180484,1.0,1.0,1.0,29,8,2.2445776294976993,1,2.2445776294976993,False,False,False,True,0,894,18,0.4,0.3,0.3,balanced
1781481653123.111,0.4,0.3,0.3,632.2276295133438,659.7777777777778,0.12644552590266875,255.31472359058566,336.6242474001095,0.01636522505607643,1.0,1.0,1.0,28,8,2.2445122221221094,1,2.2445122221221094,False,False,False,True,0,895,18,0.4,0.3,0.3,balanced
1781481656143.893,0.4,0.3,0.3,551.6734693877551,607.3333333333334,0.11033469387755102,223.16129032258064,281.65232974910396,0.014220232843400977,0.8398744113029827,0.8888888888888888,0.8398744113029827,26,8,2.203562375986854,1,2.203562375986854,False,False,False,True,0,896,18,0.4,0.3,0.3,balanced
1781481658961.688,0.4,0.3,0.3,644.5368916797488,674.6666666666666,0.12890737833594976,227.99699271921492,296.73472617917065,0.014542828066658768,1.0,1.0,1.0,25,8,2.2440742002456227,1,2.2440742002456227,False,False,False,True,0,897,18,0.4,0.3,0.3,balanced
1781481661880.859,0.4,0.3,0.3,653.1067503924647,685.8888888888889,0.13062135007849296,213.46340388007053,270.91122868900646,0.013573275775855272,1.0,1.0,1.0,23,8,2.243679477235846,1,2.243679477235846,False,False,False,True,0,898,18,0.4,0.3,0.3,balanced
1781481664804.846,0.4,0.3,0.3,656.9403453689167,691.7777777777778,0.13138806907378334,213.8217903495681,267.2998914665581,0.013597184146068584,1.0,1.0,1.0,22,8,2.243365617126666,1,2.243365617126666,False,False,False,True,0,899,18,0.4,0.3,0.3,balanced
1781481667829.753,0.4,0.3,0.3,670.0863422291992,707.4444444444445,0.13401726844583983,196.7445620223398,251.83568489124048,0.012457942763331542,1.0,1.0,1.0,20,8,2.2426557097926647,1,2.2426557097926647,False,False,False,True,0,900,18,0.4,0.3,0.3,balanced
1781481670853.194,0.4,0.3,0.3,678.3406593406592,718.3333333333334,0.13566813186813184,184.0924456202234,238.98001175778958,0.011613905645111635,1.0,1.0,1.0,19,8,2.2422485755592136,1,2.2422485755592136,False,False,False,True,0,901,18,0.4,0.3,0.3,balanced
1781481677555.328,0.4,0.3,0.3,693.1475667189952,737.3333333333334,0.13862951334379905,145.9126984126984,185.15873015873015,0.00906689115494986,1.0,1.0,1.0,17,8,2.2418281273159955,1,2.2418281273159955,False,False,False,True,0,902,18,0.4,0.3,0.3,balanced
1781481680678.4312,0.4,0.3,0.3,703.3579277864991,750.4444444444445,0.1406715855572998,142.744708994709,176.30511463844798,0.00885555096695857,1.0,1.0,1.0,16,8,2.2410747004869926,1,2.2410747004869926,False,False,False,True,0,903,18,0.4,0.3,0.3,balanced
1781481683898.8901,0.4,0.3,0.3,725.8869701726845,779.7777777777778,0.14517739403453692,120.82304526748972,149.87654320987656,0.007393131772347546,1.0,1.0,1.0,14,8,2.239711102854481,1,2.239711102854481,False,False,False,True,0,904,18,0.4,0.3,0.3,balanced
1781481687222.4988,0.4,0.3,0.3,737.5839874411303,795.2222222222222,0.14751679748822605,401.4087301587301,378.6507936507936,0.02611132289251035,1.0,1.0,1.0,13,8,2.2331598841369567,1,2.2331598841369567,False,False,False,True,0,905,18,0.4,0.3,0.3,balanced
1781481690741.694,0.4,0.3,0.3,772.9811616954474,841.0,0.15459623233908948,117.21560846560847,162.25161669606115,0.007152475548072613,1.0,1.0,1.0,11,8,2.2360157643999425,1,2.2360157643999425,False,False,False,True,0,906,18,0.4,0.3,0.3,balanced
1781481694265.838,0.4,0.3,0.3,797.9356357927785,872.4444444444445,0.1595871271585557,119.22308144530366,149.4619680730792,0.007286396360593974,1.0,1.0,1.0,10,8,2.2339792302283996,1,2.2339792302283996,False,False,False,True,0,907,18,0.4,0.3,0.3,balanced
1781481697692.121,0.4,0.3,0.3,773.2307692307692,842.0,0.15464615384615382,116.51867679645457,153.75435264324153,0.007105982441391232,1.0,1.0,1.0,11,8,2.236009743729121,0,2.236009743729121,False,False,False,True,0,908,18,0.4,0.3,0.3,balanced
1781481701212.426,0.4,0.3,0.3,796.9686028257456,871.6666666666666,0.1593937205651491,111.8775720164609,148.14520870076427,0.006796369047128813,1.0,1.0,1.0,10,8,2.234203601059802,1,2.234203601059802,False,False,False,True,0,909,18,0.4,0.3,0.3,balanced
1781481704929.716,0.4,0.3,0.3,684.579277864992,780.8888888888889,0.1369158555729984,106.86379928315411,131.39784946236557,0.006461894548575991,0.8367346938775508,0.8888888888888888,0.8367346938775508,11,8,2.194315497569493,0,2.194315497569493,False,False,False,True,0,910,18,0.4,0.3,0.3,balanced
1781481711939.3972,0.4,0.3,0.3,797.7927786499214,872.4444444444445,0.15955855572998429,129.57106679328902,166.74897119341566,0.00797672226773109,1.0,1.0,1.0,10,8,2.233783561027687,1,2.233783561027687,False,False,False,True,0,911,18,0.4,0.3,0.3,balanced
1781481715459.281,0.4,0.3,0.3,772.0549450549449,840.0,0.15441098901098899,245.761316872428,296.2110523221634,0.01572790639575904,0.9900201838977347,0.9920634920634921,0.9900201838977347,11,8,2.230523287646197,0,2.230523287646197,False,False,False,True,0,912,18,0.4,0.3,0.3,balanced
1781481718785.385,0.4,0.3,0.3,738.7755102040816,796.1111111111111,0.14775510204081632,132.12301587301587,174.12698412698413,0.008146965702002393,1.0,1.0,1.0,13,8,2.238453869473073,0,2.238453869473073,False,False,False,True,0,913,18,0.4,0.3,0.3,balanced
1781481722209.744,0.4,0.3,0.3,773.4348508634222,841.2222222222222,0.15468697017268443,120.3615520282187,160.15873015873018,0.007362345031902515,1.0,1.0,1.0,11,8,2.2359165084213553,1,2.2359165084213553,False,False,False,True,0,914,18,0.4,0.3,0.3,balanced
1781481725528.5188,0.4,0.3,0.3,738.74568288854,796.4444444444445,0.147749136577708,167.5685448721847,214.38585821727585,0.010511577376396578,1.0,1.0,1.0,13,8,2.2377468721559977,0,2.2377468721559977,False,False,False,True,0,915,18,0.4,0.3,0.3,balanced
1781481728753.374,0.4,0.3,0.3,725.5824175824175,778.8888888888889,0.1451164835164835,121.39476778365666,150.56584362139918,0.00743127203359951,1.0,1.0,1.0,14,8,2.239724024983327,0,2.239724024983327,False,False,False,True,0,916,18,0.4,0.3,0.3,balanced
1781481731876.214,0.4,0.3,0.3,702.043956043956,748.6666666666666,0.14040879120879118,162.48971193415636,202.83950617283952,0.01017276263736867,1.0,1.0,1.0,16,8,2.2407846547252728,0,2.2407846547252728,False,False,False,True,0,917,18,0.4,0.3,0.3,balanced
1781481734995.2349,0.4,0.3,0.3,694.182103610675,738.1111111111111,0.138836420722135,161.1574074074074,207.59553203997646,0.010083883082548858,0.9941690962099123,0.9960317460317462,0.9941690962099123,17,8,2.239690995649355,0,2.239690995649355,False,False,False,True,0,918,18,0.4,0.3,0.3,balanced
1781481738016.86,0.4,0.3,0.3,676.6028257456828,716.4444444444445,0.13532056514913657,179.32907113462667,227.1516754850088,0.011296135499307984,1.0,1.0,1.0,19,8,2.242482933290553,0,2.242482933290553,False,False,False,True,0,919,18,0.4,0.3,0.3,balanced
1781481741036.842,0.4,0.3,0.3,682.1310408921931,707.3333333333334,0.13642620817843862,209.90793650793648,250.4967666078777,0.013336086491523447,0.9999999999999999,1.0,0.9999999999999999,20,8,2.2414286907811674,0,2.2414286907811674,False,False,False,True,0,920,18,0.4,0.3,0.3,balanced
1781481747538.157,0.4,0.3,0.3,658.3045525902668,692.1111111111111,0.13166091051805334,214.91769547325103,275.1028806584362,0.013670293227034759,1.0,1.0,1.0,22,8,2.243234547824668,0,2.243234547824668,False,False,False,True,0,921,18,0.4,0.3,0.3,balanced
1781481750451.168,0.4,0.3,0.3,652.4960753532182,685.5555555555555,0.13049921507064363,213.87860082304528,288.2745443856555,0.013600974037561393,1.0,1.0,1.0,23,8,2.243720021760474,0,2.243720021760474,False,False,False,True,0,922,18,0.4,0.3,0.3,balanced
1781481753375.297,0.4,0.3,0.3,643.6075353218209,673.5555555555555,0.1287215070643642,206.87683715461492,261.8768371546149,0.013133878395904932,1.0,1.0,1.0,25,8,2.244571233655483,0,2.244571233655483,False,False,False,True,0,923,18,0.4,0.3,0.3,balanced
1781481756296.081,0.4,0.3,0.3,639.7268445839874,669.3333333333334,0.12794536891679748,247.9761904761905,327.38095238095235,0.015875663140506372,1.0,1.0,1.0,26,8,2.244059153491129,0,2.244059153491129,False,False,False,True,0,924,18,0.4,0.3,0.3,balanced
1781481759122.18,0.4,0.3,0.3,633.4175824175825,660.6666666666666,0.1266835164835165,277.7814520870076,364.594356261023,0.017864006143229326,1.0,1.0,1.0,28,8,2.2439673915636247,0,2.2439673915636247,False,False,False,True,0,925,18,0.4,0.3,0.3,balanced
1781481761942.476,0.4,0.3,0.3,629.2386185243328,655.5555555555555,0.12584772370486655,285.82146248812916,379.9446027223805,0.018400364408814488,1.0,1.0,1.0,29,8,2.244140801195409,0,2.244140801195409,False,False,False,True,0,926,18,0.4,0.3,0.3,balanced
1781481764765.3079,0.4,0.3,0.3,622.4662480376766,646.2222222222222,0.12449324960753531,647.9166666666666,786.8253968253968,0.04255614854347342,1.0,1.0,1.0,32,8,2.2374358555939438,0,2.2374358555939438,False,False,False,True,0,927,18,0.4,0.3,0.3,balanced
1781481767487.893,0.4,0.3,0.3,618.4128728414443,640.3333333333334,0.12368257456828885,363.01123773345995,466.4245014245014,0.023549782370477647,1.0,1.0,1.0,34,8,2.2434620354615413,0,2.2434620354615413,False,False,False,True,0,928,18,0.4,0.3,0.3,balanced
1781481770403.1091,0.4,0.3,0.3,616.7284144427001,638.0,0.12334568288854002,419.36909323116214,579.7420178799489,0.027309479201545174,0.8730038434471932,0.9118773946360155,0.8730038434471932,35,8,2.2043700361182785,0,2.2043700361182785,False,False,False,True,0,929,18,0.4,0.3,0.3,balanced
1781481773119.683,0.4,0.3,0.3,613.2056514913658,633.2222222222222,0.12264113029827316,410.9670781893004,504.32098765432096,0.026748971193415638,1.0,1.0,1.0,37,8,2.242918856522666,0,2.242918856522666,False,False,False,True,0,930,18,0.4,0.3,0.3,balanced
1781481775842.252,0.4,0.3,0.3,612.3689167974883,632.5555555555555,0.12247378335949766,407.44562022339795,489.74720752498536,0.02651405071537011,1.0,1.0,1.0,37,8,2.24305627144159,2,2.24305627144159,False,False,False,True,0,931,18,0.4,0.3,0.3,balanced
1781481782148.0151,0.4,0.3,0.3,609.171114599686,629.1111111111111,0.1218342229199372,385.24250440917103,481.984126984127,0.02503285553096538,1.0,1.0,1.0,38,8,2.2437564541727353,0,2.2437564541727353,False,False,False,True,0,932,18,0.4,0.3,0.3,balanced
1781481784868.54,0.4,0.3,0.3,608.9356357927786,627.7777777777778,0.12178712715855572,397.7654625068418,490.1464148877942,0.025868276351357026,1.0,1.0,1.0,40,8,2.2435246662311705,0,2.2435246662311705,False,False,False,True,0,933,18,0.4,0.3,0.3,balanced
1781481787594.562,0.4,0.3,0.3,605.7378335949763,624.2222222222222,0.12114756671899526,428.55158730158723,526.3492063492063,0.02792205385600982,1.0,1.0,1.0,41,8,2.243164357155599,0,2.243164357155599,False,False,False,True,0,934,18,0.4,0.3,0.3,balanced
1781481790318.862,0.4,0.3,0.3,601.524332810047,619.5555555555555,0.1203048665620094,449.0934592227695,558.7958401751505,0.02929242556522812,1.0,1.0,1.0,43,8,2.243090325705628,0,2.243090325705628,False,False,False,True,0,935,18,0.4,0.3,0.3,balanced
1781481795741.02,0.4,0.3,0.3,116.47095761381476,218.88888888888889,0.023294191522762953,102.5925925925926,68.39506172839506,0.006176957477824723,0.17739403453689168,0.3333333333333333,0.17739403453689168,44,8,2.0420474465086147,0,2.0420474465086147,False,False,False,True,0,936,18,0.4,0.3,0.3,balanced
1781481798363.842,0.4,0.3,0.3,597.4411302982732,613.8888888888889,0.11948822605965463,518.5517568850902,626.0477999366889,0.03392606783756439,1.0,1.0,1.0,46,8,2.242026889224869,0,2.242026889224869,False,False,False,True,0,937,18,0.4,0.3,0.3,balanced
1781481801087.859,0.4,0.3,0.3,601.6200941915228,618.4444444444445,0.12032401883830456,465.75807334428026,564.1310892172961,0.030404140983607757,1.0,1.0,1.0,44,8,2.2427491501695958,1,2.2427491501695958,False,False,False,True,0,938,18,0.4,0.3,0.3,balanced
1781481803804.351,0.4,0.3,0.3,598.2888540031397,614.8888888888889,0.11965777080062794,474.6832238642583,601.0125889436235,0.030999547956254724,1.0,1.0,1.0,46,8,2.2428370272928726,0,2.2428370272928726,False,False,False,True,0,939,18,0.4,0.3,0.3,balanced
1781481806525.564,0.4,0.3,0.3,597.3799058084772,613.4444444444445,0.11947598116169544,554.2378215654078,671.9280240831964,0.036306725921641615,0.996156552806799,0.9961685823754789,0.996156552806799,47,8,2.240164555600869,0,2.240164555600869,False,False,False,True,0,940,18,0.4,0.3,0.3,balanced
1781481809251.163,0.4,0.3,0.3,597.883830455259,614.4444444444445,0.1195767660910518,455.33114395183355,558.2676518883414,0.029708548629208374,1.0,1.0,1.0,46,8,2.2432567289748166,1,2.2432567289748166,False,False,False,True,0,941,18,0.4,0.3,0.3,balanced
1781481811974.318,0.4,0.3,0.3,594.4960753532182,611.3333333333334,0.11889921507064365,468.68979200875754,598.4414340448824,0.030599719280103906,1.0,1.0,1.0,47,8,2.2432603981877115,0,2.2432603981877115,False,False,False,True,0,942,18,0.4,0.3,0.3,balanced
1781481818286.267,0.4,0.3,0.3,595.4536891679749,611.0,0.11909073783359497,499.7721674876847,635.1272577996715,0.032673260005849546,1.0,1.0,1.0,49,8,2.2425617268648073,0,2.2425617268648073,False,False,False,True,0,943,18,0.4,0.3,0.3,balanced
1781481821011.075,0.4,0.3,0.3,591.8854003139718,607.6666666666666,0.11837708006279436,540.1609347442682,660.242504409171,0.035367640743446845,1.0,1.0,1.0,50,8,2.2420388757518483,0,2.2420388757518483,False,False,False,True,0,944,18,0.4,0.3,0.3,balanced
1781481823733.8318,0.4,0.3,0.3,597.0518053375196,613.0,0.11941036106750391,764.1173802428591,950.2743315291209,0.05030803070332616,0.9938481645026331,0.9922003284072249,0.9938481645026331,49,8,2.2352978957127907,1,2.2352978957127907,False,False,False,True,0,945,18,0.4,0.3,0.3,balanced
1781481826755.5698,0.4,0.3,0.3,484.9968602825746,466.8888888888889,0.09699937205651492,415.98366013071893,551.7068160597573,0.027083633097446227,0.8304552590266876,0.7777777777777778,0.8304552590266876,50,8,2.2022117389561666,0,2.2022117389561666,False,False,False,True,0,946,18,0.4,0.3,0.3,balanced
1781481829472.62,0.4,0.3,0.3,592.2857142857142,607.2222222222222,0.11845714285714284,568.3702791461412,687.5766283524904,0.03724951828860182,1.0,1.0,1.0,52,8,2.241442287370562,0,2.241442287370562,False,False,False,True,0,947,18,0.4,0.3,0.3,balanced
1781481832195.3298,0.4,0.3,0.3,592.5918367346939,607.5555555555555,0.11851836734693877,646.1425834701696,786.351943076081,0.04243779742963106,1.0,1.0,1.0,53,8,2.239861313832335,0,2.239861313832335,False,False,False,True,0,948,18,0.4,0.3,0.3,balanced
1781481834908.3618,0.4,0.3,0.3,590.8037676609105,605.2222222222222,0.1181607535321821,615.1559934318554,779.6031746031747,0.04037064665989696,1.0,1.0,1.0,55,8,2.240624504589158,0,2.240624504589158,False,False,False,True,0,949,18,0.4,0.3,0.3,balanced
1781481837629.4119,0.4,0.3,0.3,588.6718995290423,602.2222222222222,0.11773437990580847,669.4225506294472,802.3864258347018,0.04399083059569361,1.0,1.0,1.0,56,8,2.2397089988589687,0,2.2397089988589687,False,False,False,True,0,950,18,0.4,0.3,0.3,balanced
1781481840253.978,0.4,0.3,0.3,587.8163265306122,600.7777777777778,0.11756326530612243,654.4666033554922,808.4583729028174,0.04299310229189408,1.0,1.0,1.0,58,8,2.240076763189983,0,2.240076763189983,False,False,False,True,0,951,18,0.4,0.3,0.3,balanced
1781481842878.722,0.4,0.3,0.3,585.662480376766,599.5555555555555,0.1171324960753532,641.3592117758783,789.6611721611721,0.042118693247223365,0.9940694226408512,0.9958847736625516,0.9940694226408512,58,8,2.238732220387947,2,2.238732220387947,False,False,False,True,0,952,18,0.4,0.3,0.3,balanced
1781481845505.485,0.4,0.3,0.3,586.3657770800627,599.4444444444445,0.11727315541601253,603.2098765432099,751.19341563786,0.03957370757459706,1.0,1.0,1.0,59,8,2.241218625561216,0,2.241218625561216,False,False,False,True,0,953,18,0.4,0.3,0.3,balanced
1781481848131.106,0.4,0.3,0.3,585.6153846153845,598.7777777777778,0.1171230769230769,717.4316578483246,904.3371546149324,0.04719357290515841,1.0,1.0,1.0,61,8,2.2389926973592216,0,2.2389926973592216,False,False,False,True,0,954,18,0.4,0.3,0.3,balanced
1781481854441.602,0.4,0.3,0.3,582.6750392464678,595.1111111111111,0.11653500784929356,1006.6966794380587,1170.3243933588763,0.06649077247752226,0.9314092500905689,0.9316239316239316,0.9314092500905689,64,8,2.2128615401441967,0,2.2128615401441967,False,False,False,True,0,955,18,0.4,0.3,0.3,balanced
1781481857066.052,0.4,0.3,0.3,584.4238618524333,596.7777777777778,0.11688477237048667,746.6181657848324,882.9306290417402,0.049140638144418436,1.0,1.0,1.0,61,8,2.23850389960848,1,2.23850389960848,False,False,False,True,0,956,18,0.4,0.3,0.3,balanced
1781481859688.5322,0.4,0.3,0.3,581.7755102040816,594.0,0.11635510204081631,780.8671369782479,955.1837154614932,0.05142542608260493,1.0,1.0,1.0,64,8,2.238030331358892,0,2.238030331358892,False,False,False,True,0,957,18,0.4,0.3,0.3,balanced
1781481862311.8948,0.4,0.3,0.3,580.7048665620093,592.6666666666666,0.11614097331240186,820.9218966218967,1009.6480260480262,0.05409752479132066,0.9822082679225536,0.9876543209876544,0.9822082679225536,65,8,2.231976833614409,0,2.231976833614409,False,False,False,True,0,958,18,0.4,0.3,0.3,balanced
1781481864933.77,0.4,0.3,0.3,578.839874411303,590.8888888888889,0.1157679748822606,738.9908319649699,918.5372194854954,0.04863181000433421,1.0,1.0,1.0,67,8,2.2391032670457953,0,2.2391032670457953,False,False,False,True,0,959,18,0.4,0.3,0.3,balanced
1781481867559.239,0.4,0.3,0.3,580.2558869701726,592.2222222222222,0.11605117739403452,799.6818048206937,1005.9685479129924,0.05268057403740452,1.0,1.0,1.0,68,8,2.2377753568311647,0,2.2377753568311647,False,False,False,True,0,960,18,0.4,0.3,0.3,balanced
1781481870183.675,0.4,0.3,0.3,580.3485086342229,592.7777777777778,0.11606970172684457,774.046149323927,935.2028218694886,0.05097039021507185,1.0,1.0,1.0,67,8,2.2382810022447406,1,2.2382810022447406,False,False,False,True,0,961,18,0.4,0.3,0.3,balanced
1781481872796.257,0.4,0.3,0.3,579.9843014128728,592.0,0.11599686028257457,729.0792181069959,913.8653733098176,0.04797059493709112,1.0,1.0,1.0,65,8,2.239210077405843,1,2.239210077405843,False,False,False,True,0,962,18,0.4,0.3,0.3,balanced
1781481875417.413,0.4,0.3,0.3,583.2967032967032,595.6666666666666,0.11665934065934064,713.8234861845973,851.0008818342152,0.046952867657411426,1.0,1.0,1.0,64,8,2.23925040343904,1,2.23925040343904,False,False,False,True,0,963,18,0.4,0.3,0.3,balanced
1781481878040.3372,0.4,0.3,0.3,585.4725274725274,598.3333333333334,0.11709450549450548,648.7705761316873,811.466784244562,0.04261311381799115,1.0,1.0,1.0,61,8,2.2403782636568006,1,2.2403782636568006,False,False,False,True,0,964,18,0.4,0.3,0.3,balanced
1781481880664.632,0.4,0.3,0.3,582.2668759811617,594.3333333333334,0.11645337519623233,678.8095238095237,852.6190476190476,0.044617046284824796,1.0,1.0,1.0,64,8,2.2400335360360595,0,2.2400335360360595,False,False,False,True,0,965,18,0.4,0.3,0.3,balanced
1781481883278.95,0.4,0.3,0.3,584.9042386185243,597.7777777777778,0.11698084772370487,697.9408040519152,847.0718581829692,0.04589331581400368,1.0,1.0,1.0,61,8,2.2394396661663167,1,2.2394396661663167,False,False,False,True,0,966,18,0.4,0.3,0.3,balanced
1781481885902.951,0.4,0.3,0.3,586.3249607535322,599.4444444444445,0.11726499215070645,703.9219576719577,865.3924162257496,0.04629232539506055,1.0,1.0,1.0,59,8,2.2392063055211993,1,2.2392063055211993,False,False,False,True,0,967,18,0.4,0.3,0.3,balanced
1781481892097.368,0.4,0.3,0.3,585.9560439560439,599.2222222222222,0.11719120879120878,668.0577601410935,804.3151087595533,0.04389978386531644,0.9942812289751065,0.9960317460317459,0.9942812289751065,58,8,2.2382379500164533,1,2.2382379500164533,False,False,False,True,0,968,18,0.4,0.3,0.3,balanced
1781481894717.7178,0.4,0.3,0.3,589.4175824175824,602.8888888888889,0.11788351648351647,525.9832451499118,668.530276308054,0.03442183089725896,1.0,1.0,1.0,56,8,2.242520044137416,1,2.242520044137416,False,False,False,True,0,969,18,0.4,0.3,0.3,balanced
1781481897335.743,0.4,0.3,0.3,588.3171114599686,602.5555555555555,0.11766342229199372,574.7979129923574,701.7357436801882,0.037678313074873744,1.0,1.0,1.0,55,8,2.2416311371607405,1,2.2416311371607405,False,False,False,True,0,970,18,0.4,0.3,0.3,balanced
1781481899954.686,0.4,0.3,0.3,591.2919937205651,605.8888888888889,0.11825839874411301,556.9499841722063,694.849635960747,0.03648765738306913,1.0,1.0,1.0,53,8,2.241750343287434,1,2.241750343287434,False,False,False,True,0,971,18,0.4,0.3,0.3,balanced
1781481902571.902,0.4,0.3,0.3,592.5871271585556,607.6666666666666,0.11851742543171112,530.2793605571383,665.9844887622666,0.03470842965691383,1.0,1.0,1.0,52,8,2.2421805009302416,1,2.2421805009302416,False,False,False,True,0,972,18,0.4,0.3,0.3,balanced
1781481905296.376,0.4,0.3,0.3,594.3139717425431,609.5555555555555,0.11886279434850862,512.3200602079912,645.4638752052546,0.033510344243361655,1.0,1.0,1.0,50,8,2.242401778987588,1,2.242401778987588,False,False,False,True,0,973,18,0.4,0.3,0.3,balanced
1781481908118.205,0.4,0.3,0.3,504.0345368916797,545.4444444444445,0.10080690737833593,519.5495818399045,610.6248506571087,0.03399263387857935,0.8398744113029826,0.8888888888888888,0.8398744113029826,52,8,2.2014417702759865,0,2.2014417702759865,False,False,False,True,0,974,18,0.4,0.3,0.3,balanced
1781481911044.015,0.4,0.3,0.3,593.1726844583986,608.8888888888889,0.11863453689167973,1004.9007352941177,1113.917619825708,0.0663709629949378,0.8392156313074679,0.8373015873015873,0.8392156313074679,50,8,2.1843995857370873,1,2.1843995857370873,False,False,False,True,0,975,18,0.4,0.3,0.3,balanced
1781481913664.44,0.4,0.3,0.3,590.5808477237048,605.5555555555555,0.11811616954474095,543.4156378600824,672.8806584362139,0.03558476570113958,1.0,1.0,1.0,52,8,2.2420781024717615,0,2.2420781024717615,False,False,False,True,0,976,18,0.4,0.3,0.3,balanced
1781481916490.194,0.4,0.3,0.3,597.3814756671899,613.1111111111111,0.11947629513343798,821.3509131251067,1086.7308414405188,0.05412614497165488,0.8484241033691582,0.882051282051282,0.8484241033691582,50,8,2.1904988694658756,1,2.1904988694658756,False,False,False,True,0,977,18,0.4,0.3,0.3,balanced
1781481919111.5261,0.4,0.3,0.3,595.4097331240188,610.7777777777778,0.11908194662480376,494.32098765432085,616.4292497625831,0.03230960558067517,1.0,1.0,1.0,49,8,2.242674339675876,1,2.242674339675876,False,False,False,True,0,978,18,0.4,0.3,0.3,balanced
1781481921736.326,0.4,0.3,0.3,594.894819466248,609.5555555555555,0.1189789638932496,554.5473251028807,685.6172839506174,0.03632737325569584,1.0,1.0,1.0,50,8,2.2415102024659914,0,2.2415102024659914,False,False,False,True,0,979,18,0.4,0.3,0.3,balanced
1781481928035.0461,0.4,0.3,0.3,596.4631083202512,612.2222222222222,0.11929262166405023,535.0246305418719,670.3530377668308,0.035024992030812004,1.0,1.0,1.0,49,8,2.241775453725136,1,2.241775453725136,False,False,False,True,0,980,18,0.4,0.3,0.3,balanced
1781481930759.1008,0.4,0.3,0.3,598.1695447409733,614.3333333333334,0.11963390894819466,505.6363903586126,628.6537330981777,0.033064469003243,1.0,1.0,1.0,47,8,2.242227095719749,1,2.242227095719749,False,False,False,True,0,981,18,0.4,0.3,0.3,balanced
1781481933479.574,0.4,0.3,0.3,598.4913657770801,615.4444444444445,0.11969827315541602,507.53078817733984,644.7550629447181,0.03319084644278451,1.0,1.0,1.0,46,8,2.242163436804998,1,2.242163436804998,False,False,False,True,0,982,18,0.4,0.3,0.3,balanced
1781481936202.1028,0.4,0.3,0.3,601.1004709576138,618.6666666666666,0.12022009419152276,455.48500881834207,564.2827748383304,0.02971881312997612,1.0,1.0,1.0,44,8,2.242996318384398,1,2.242996318384398,False,False,False,True,0,983,18,0.4,0.3,0.3,balanced
1781481968746.409,0.4,0.3,0.3,564.0690737833595,546.8888888888889,0.1128138147566719,498.0935487117552,619.3029937051675,0.032561277432405285,0.8391664358050913,0.8027332144979203,0.8391664358050913,43,8,2.196856021609137,1,2.196856021609137,False,False,False,True,0,984,18,0.4,0.3,0.3,balanced
1781481992178.519,0.4,0.3,0.3,605.1036106750392,623.1111111111111,0.12102072213500785,413.1093700538145,536.0129787907566,0.026891885927539324,1.0,1.0,1.0,41,8,2.243524145367735,1,2.243524145367735,False,False,False,True,0,985,18,0.4,0.3,0.3,balanced
1781482018791.744,0.4,0.3,0.3,605.5981161695447,624.7777777777778,0.12111962323390894,524.9081987970876,685.8657803102246,0.03435011332869164,1.0,1.0,1.0,40,8,2.2412471167078287,1,2.2412471167078287,False,False,False,True,0,986,18,0.4,0.3,0.3,balanced
1781482045504.3508,0.4,0.3,0.3,610.3799058084772,630.6666666666666,0.12207598116169545,360.4677113010447,481.45773979107315,0.023380100820616725,1.0,1.0,1.0,38,8,2.2441555772891366,1,2.2441555772891366,False,False,False,True,0,987,18,0.4,0.3,0.3,balanced
1781482072526.8718,0.4,0.3,0.3,611.7127158555729,632.1111111111111,0.12234254317111458,382.5751820196265,482.67173156062046,0.02485491541158282,1.0,1.0,1.0,37,8,2.2436065081080794,1,2.2436065081080794,False,False,False,True,0,988,18,0.4,0.3,0.3,balanced
1781482096361.9202,0.4,0.3,0.3,615.2762951334379,637.7777777777778,0.12305525902668758,336.75846786957896,440.07280785058566,0.02179843014473509,1.0,1.0,1.0,35,8,2.2442383673459045,1,2.2442383673459045,False,False,False,True,0,989,18,0.4,0.3,0.3,balanced
1781482123472.553,0.4,0.3,0.3,614.9952904238618,637.4444444444445,0.12299905808477235,338.255777144666,428.74802152579934,0.021898317354547434,0.9958718530147102,0.9958847736625513,0.9958718530147102,34,8,2.2429924374641397,1,2.2429924374641397,False,False,False,True,0,990,18,0.4,0.3,0.3,balanced
1781482150991.451,0.4,0.3,0.3,622.5494505494505,646.8888888888889,0.12450989010989011,324.7863247863248,405.20576131687244,0.02099975482230319,1.0,1.0,1.0,32,8,2.243896117509353,1,2.243896117509353,False,False,False,True,0,991,18,0.4,0.3,0.3,balanced
1781482178731.686,0.4,0.3,0.3,630.0502354788068,656.8888888888889,0.12601004709576136,305.1559037670148,387.63057929724596,0.019690187042495984,1.0,1.0,1.0,29,8,2.2436889250489465,1,2.2436889250489465,False,False,False,True,0,992,18,0.4,0.3,0.3,balanced
1781482202455.868,0.4,0.3,0.3,633.5368916797487,660.5555555555555,0.12670737833594975,324.5496992719215,399.28774928774925,0.020983969264304302,1.0,1.0,1.0,28,8,2.243021857886329,1,2.243021857886329,False,False,False,True,0,993,18,0.4,0.3,0.3,balanced
1781482229364.136,0.4,0.3,0.3,627.8681318681319,654.6666666666666,0.12557362637362637,347.83792339347895,444.59322570433676,0.022537553261739757,1.0,1.0,1.0,29,8,2.2430092834720274,0,2.2430092834720274,False,False,False,True,0,994,18,0.4,0.3,0.3,balanced
1781482256185.383,0.4,0.3,0.3,633.5494505494505,661.0,0.1267098901098901,289.91452991452985,364.59322570433676,0.01867341760603935,1.0,1.0,1.0,28,8,2.243714018674232,1,2.243714018674232,False,False,False,True,0,995,18,0.4,0.3,0.3,balanced
1781482279619.312,0.4,0.3,0.3,640.7723704866562,670.1111111111111,0.12815447409733124,255.44871794871796,327.5435264324153,0.016374163972562906,0.9899412756555613,0.9917695473251028,0.9899412756555613,26,8,2.240808343865967,1,2.240808343865967,False,False,False,True,0,996,18,0.4,0.3,0.3,balanced
1781482306545.594,0.4,0.3,0.3,633.0894819466248,660.3333333333334,0.12661789638932497,291.7830009496676,377.3140234251345,0.018798065440271353,1.0,1.0,1.0,28,8,2.2437134218121884,0,2.2437134218121884,False,False,False,True,0,997,18,0.4,0.3,0.3,balanced
1781482333564.136,0.4,0.3,0.3,639.2182103610675,668.4444444444445,0.1278436420722135,272.4817980373536,346.56853434631216,0.017510460175940868,1.0,1.0,1.0,26,8,2.2436094051183324,1,2.2436094051183324,False,False,False,True,0,998,18,0.4,0.3,0.3,balanced
1781482360581.1401,0.4,0.3,0.3,643.0643642072213,673.5555555555555,0.12861287284144426,214.87416904083574,278.3491611269389,0.0136673895290751,1.0,1.0,1.0,25,8,2.2444546340046996,1,2.2444546340046996,False,False,False,True,0,999,18,0.4,0.3,0.3,balanced
1781482386721.344,0.4,0.3,0.3,553.7394034536891,610.1111111111111,0.11074788069073782,225.59259259259258,272.037037037037,0.014382427791367083,0.8398744113029826,0.8888888888888888,0.8398744113029826,26,8,2.2033484427771897,0,2.2033484427771897,False,False,False,True,0,1000,18,0.4,0.3,0.3,balanced
1781482414138.3318,0.4,0.3,0.3,644.0298273155414,674.4444444444445,0.12880596546310827,197.61079455523898,255.18360240582464,0.012515730123765108,1.0,1.0,1.0,25,8,2.244722894777627,1,2.244722894777627,False,False,False,True,0,1001,18,0.4,0.3,0.3,balanced
1781482441851.375,0.4,0.3,0.3,654.6420722135007,687.5555555555555,0.13092841444270015,288.86831275720164,388.76384931940487,0.01860362326599077,1.0,1.0,1.0,23,8,2.2420475472431227,1,2.2420475472431227,False,False,False,True,0,1002,18,0.4,0.3,0.3,balanced
1781482469375.117,0.4,0.3,0.3,658.4819466248038,692.7777777777778,0.13169638932496075,217.94001266223484,298.5612535612535,0.013871915454451957,1.0,1.0,1.0,22,8,2.24315986963368,1,2.24315986963368,False,False,False,True,0,1003,18,0.4,0.3,0.3,balanced
1781482493209.9941,0.4,0.3,0.3,652.4756671899529,685.3333333333334,0.13049513343799057,234.93713200379864,309.5941120607788,0.015005812675370156,0.9937205651491365,0.9957264957264957,0.9937205651491365,23,8,2.241416372366934,0,2.241416372366934,False,False,False,True,0,1004,18,0.4,0.3,0.3,balanced
1781482520330.482,0.4,0.3,0.3,657.87284144427,692.6666666666666,0.131574568288854,220.30151946818611,292.437480215258,0.014029454267390669,1.0,1.0,1.0,22,8,2.243161336404241,1,2.243161336404241,False,False,False,True,0,1005,18,0.4,0.3,0.3,balanced
1781482547351.031,0.4,0.3,0.3,653.9293563579279,686.5555555555555,0.13078587127158559,241.15305476416586,305.664767331434,0.015420483973593453,1.0,1.0,1.0,23,8,2.2430595062992875,0,2.2430595062992875,False,False,False,True,0,1006,18,0.4,0.3,0.3,balanced
1781482574168.111,0.4,0.3,0.3,658.4976452119308,693.0,0.13169952904238616,245.87606837606836,303.71478315922764,0.01573556159947087,1.0,1.0,1.0,22,8,2.2425995199032043,1,2.2425995199032043,False,False,False,True,0,1007,18,0.4,0.3,0.3,balanced
1781482597702.301,0.4,0.3,0.3,670.3720565149135,707.8888888888889,0.1340744113029827,197.0148781259892,251.11427666983218,0.012475975858971929,1.0,1.0,1.0,20,8,2.2426274427211155,1,2.2426274427211155,False,False,False,True,0,1008,18,0.4,0.3,0.3,balanced
1781482625122.53,0.4,0.3,0.3,678.1868131868132,717.8888888888889,0.13563736263736265,595.5804051915162,652.565811965812,0.03906473683732596,0.989433643279797,0.9914529914529915,0.989433643279797,19,8,2.230855726877796,1,2.230855726877796,False,False,False,True,0,1009,18,0.4,0.3,0.3,balanced
1781482652845.0579,0.4,0.3,0.3,694.4191522762951,738.5555555555555,0.138883830455259,143.96327951883507,178.15922760367206,0.00893684319672015,1.0,1.0,1.0,17,8,2.24176541485888,1,2.24176541485888,False,False,False,True,0,1010,18,0.4,0.3,0.3,balanced
1781482693779.339,0.4,0.3,0.3,695.5196232339088,742.6666666666666,0.13910392464678176,713.4408706952566,751.8622482131254,0.04692734294164487,0.6846004976297484,0.6789421875101191,0.6846004976297484,16,8,2.1356603765477185,1,2.1356603765477185,False,False,False,True,0,1011,18,0.4,0.3,0.3,balanced
1781482720897.94,0.4,0.3,0.3,726.8681318681317,780.3333333333334,0.14537362637362636,118.80974992086104,147.54985754985756,0.007258822543086126,1.0,1.0,1.0,14,8,2.2396729026876234,1,2.2396729026876234,False,False,False,True,0,1012,18,0.4,0.3,0.3,balanced
1781482744737.153,0.4,0.3,0.3,741.1208791208791,799.0,0.14822417582417582,107.81180753402975,132.24279835390945,0.006525137260442278,1.0,1.0,1.0,13,8,2.238752788492197,1,2.238752788492197,False,False,False,True,0,1013,18,0.4,0.3,0.3,balanced
1781482772559.7998,0.4,0.3,0.3,774.7739403453688,843.0,0.15495478806907376,89.2426400759734,111.63501107945552,0.005286366916342455,1.0,1.0,1.0,11,8,2.236432174697468,1,2.236432174697468,False,False,False,True,0,1014,18,0.4,0.3,0.3,balanced
1781482800075.433,0.4,0.3,0.3,798.7959183673469,873.5555555555555,0.15975918367346936,75.40677429566318,94.99366888255777,0.004363360526728698,1.0,1.0,1.0,10,8,2.2347873183725935,1,2.2347873183725935,False,False,False,True,0,1015,18,0.4,0.3,0.3,balanced
1781482827399.559,0.4,0.3,0.3,774.7362637362636,842.5555555555555,0.1549472527472527,85.69563152896485,105.43526432415322,0.005049741929884246,1.0,1.0,1.0,11,8,2.2365061763221337,0,2.2365061763221337,False,False,False,True,0,1016,18,0.4,0.3,0.3,balanced
1781482851136.354,0.4,0.3,0.3,740.072213500785,797.6666666666666,0.14801444270015698,105.51769547325102,131.3234567901235,0.0063720944278352915,0.9937205651491365,0.9957264957264957,0.9937205651491365,13,8,2.2369987641363274,0,2.2369987641363274,False,False,False,True,0,1017,18,0.4,0.3,0.3,balanced
1781482893059.126,0.4,0.3,0.3,477.23076923076917,518.5555555555555,0.09544615384615383,70.625,86.80555555555556,0.004044362908605737,0.6593406593406592,0.6666666666666666,0.6593406593406592,14,8,2.1584104273911544,0,2.1584104273911544,False,False,False,True,0,1018,18,0.4,0.3,0.3,balanced
1781482916788.295,0.4,0.3,0.3,703.1554160125588,750.2222222222222,0.14063108320251178,141.3548591326369,175.74232352010128,0.00876283249717391,1.0,1.0,1.0,16,8,2.241118716969843,0,2.241118716969843,False,False,False,True,0,1019,18,0.4,0.3,0.3,balanced
1781482943896.444,0.4,0.3,0.3,725.4913657770801,778.3333333333334,0.145098273155416,118.05318138651471,146.06204495093385,0.007208350993096378,1.0,1.0,1.0,14,8,2.2397981854399047,1,2.2397981854399047,False,False,False,True,0,1020,18,0.4,0.3,0.3,balanced
1781482971123.359,0.4,0.3,0.3,701.9858712715856,748.8888888888889,0.1403971742543171,133.91104779993668,171.05096549540994,0.008266247351563488,1.0,1.0,1.0,16,8,2.2413612560928042,0,2.2413612560928042,False,False,False,True,0,1021,18,0.4,0.3,0.3,balanced
1781482994359.043,0.4,0.3,0.3,692.8822605965463,737.2222222222222,0.13857645211930927,157.59654954099398,194.60272238050013,0.009846334192194394,1.0,1.0,1.0,17,8,2.241615518894618,0,2.241615518894618,False,False,False,True,0,1022,18,0.4,0.3,0.3,balanced
1781483021278.5298,0.4,0.3,0.3,678.0957613814757,717.4444444444445,0.13561915227629512,152.9012345679012,196.82652738208296,0.009533104374109487,1.0,1.0,1.0,19,8,2.242892407777249,0,2.242892407777249,False,False,False,True,0,1023,18,0.4,0.3,0.3,balanced
1781483048491.585,0.4,0.3,0.3,671.182103610675,708.6666666666666,0.13423642072213499,164.98021525799302,207.21430832541944,0.010338906955169648,1.0,1.0,1.0,20,8,2.243203759624595,0,2.243203759624595,False,False,False,True,0,1024,18,0.4,0.3,0.3,balanced
1781483076014.72,0.4,0.3,0.3,658.4772370486656,692.7777777777778,0.13169544740973313,241.03751187084518,300.19784742006965,0.015412775975373261,1.0,1.0,1.0,22,8,2.2426979882434948,0,2.2426979882434948,False,False,False,True,0,1025,18,0.4,0.3,0.3,balanced
1781483099753.033,0.4,0.3,0.3,669.9120879120878,707.7777777777778,0.13398241758241758,188.83744855967078,238.3412472301361,0.011930450204114127,0.9958718530147102,0.9958847736625513,0.9958718530147102,20,8,2.241589453810212,1,2.241589453810212,False,False,False,True,0,1026,18,0.4,0.3,0.3,balanced
1781483127176.248,0.4,0.3,0.3,657.1208791208791,691.3333333333334,0.13142417582417582,195.1076289965179,247.57676479898703,0.012348741093830412,1.0,1.0,1.0,22,8,2.2437257073421804,0,2.2437257073421804,False,False,False,True,0,1027,18,0.4,0.3,0.3,balanced
1781483154695.882,0.4,0.3,0.3,668.3689167974882,705.6666666666666,0.13367378335949764,205.71462488129154,270.9702437480215,0.013056345889345667,1.0,1.0,1.0,20,8,2.242613582889397,1,2.242613582889397,False,False,False,True,0,1028,18,0.4,0.3,0.3,balanced
1781483182020.3901,0.4,0.3,0.3,655.4207221350078,690.7777777777778,0.13108414442700156,207.6440329218107,263.59449192782523,0.013185058900721193,1.0,1.0,1.0,22,8,2.243610824558983,0,2.243610824558983,False,False,False,True,0,1029,18,0.4,0.3,0.3,balanced
1781483205454.0151,0.4,0.3,0.3,652.2982731554159,684.8888888888889,0.1304596546310832,219.77682811016143,286.92465970243745,0.013994451508349662,1.0,1.0,1.0,23,8,2.243617802695062,0,2.243617802695062,False,False,False,True,0,1030,18,0.4,0.3,0.3,balanced
1781483232464.072,0.4,0.3,0.3,642.9497645211931,673.7777777777778,0.1285899529042386,208.28426717315605,277.55777144666035,0.013227769657982391,1.0,1.0,1.0,25,8,2.24459568794091,0,2.24459568794091,False,False,False,True,0,1031,18,0.4,0.3,0.3,balanced
1781483259479.289,0.4,0.3,0.3,639.7488226059654,669.2222222222222,0.12794976452119308,284.54811649256095,364.3684710351377,0.018315418044867308,1.0,1.0,1.0,26,8,2.2433254687780626,0,2.2433254687780626,False,False,False,True,0,1032,18,0.4,0.3,0.3,balanced
1781483282912.0432,0.4,0.3,0.3,633.6483516483516,661.1111111111111,0.12672967032967034,266.0288065843621,335.4732510288066,0.017079973754794003,1.0,1.0,1.0,28,8,2.2441841397416935,0,2.2441841397416935,False,False,False,True,0,1033,18,0.4,0.3,0.3,balanced
1781483310035.1602,0.4,0.3,0.3,630.1051805337519,657.2222222222222,0.1260210361067504,280.17173156062046,362.3710034821146,0.018023464413650464,1.0,1.0,1.0,29,8,2.2441845462332046,0,2.2441845462332046,False,False,False,True,0,1034,18,0.4,0.3,0.3,balanced
1781483336739.8801,0.4,0.3,0.3,620.480376766091,644.2222222222222,0.1240960753532182,357.1343779677113,440.50648939537837,0.02315773035141503,1.0,1.0,1.0,32,8,2.2434142507532884,0,2.2434142507532884,False,False,False,True,0,1035,18,0.4,0.3,0.3,balanced
1781483363261.574,0.4,0.3,0.3,623.3453689167975,647.4444444444445,0.1246690737833595,357.4422285533397,455.89743589743586,0.02317826741516609,1.0,1.0,1.0,32,8,2.243178890262106,2,2.243178890262106,False,False,False,True,0,1036,18,0.4,0.3,0.3,balanced
1781483386398.612,0.4,0.3,0.3,616.8320251177392,639.0,0.12336640502354786,356.32953466286807,432.2032288698956,0.023104038336415483,1.0,1.0,1.0,34,8,2.2437222264896564,0,2.2437222264896564,False,False,False,True,0,1037,18,0.4,0.3,0.3,balanced
1781483413117.5898,0.4,0.3,0.3,613.5886970172684,635.6666666666666,0.12271773940345368,338.14181703070597,433.30484330484325,0.02189071494534396,1.0,1.0,1.0,35,8,2.2443456897550154,0,2.2443456897550154,False,False,False,True,0,1038,18,0.4,0.3,0.3,balanced
1781483439841.276,0.4,0.3,0.3,617.2888540031397,640.5555555555555,0.12345777080062795,391.3406141183919,469.29249762583095,0.025439667386150226,0.9958718530147102,0.9958847736625513,0.9958718530147102,34,8,2.241746547368317,1,2.241746547368317,False,False,False,True,0,1039,18,0.4,0.3,0.3,balanced
1781483466469.696,0.4,0.3,0.3,614.9858712715856,636.5555555555555,0.12299717425431711,337.62741373852487,428.6514719848053,0.0218563985149116,1.0,1.0,1.0,35,8,2.2442442107437994,0,2.2442442107437994,False,False,False,True,0,1040,18,0.4,0.3,0.3,balanced
1781483492103.246,0.4,0.3,0.3,611.6891679748821,631.3333333333334,0.12233783359497642,393.7865104244414,555.4657411553964,0.0256028359189087,0.9002869052130135,0.9320660182729148,0.9002869052130135,37,8,2.213470087350241,0,2.213470087350241,False,False,False,True,0,1041,18,0.4,0.3,0.3,balanced
1781483522118.294,0.4,0.3,0.3,568.2527472527472,553.2222222222222,0.11365054945054945,357.86973180076626,462.6653895274585,0.023206786644480736,0.9419152276295133,0.8888888888888888,0.9419152276295133,38,8,2.23015231251529,0,2.23015231251529,False,False,False,True,0,1042,18,0.4,0.3,0.3,balanced
1781483549330.628,0.4,0.3,0.3,606.0235478806907,624.7777777777778,0.12120470957613813,415.5033238366571,516.3880974992086,0.027051589315320687,1.0,1.0,1.0,40,8,2.2434026393749487,0,2.2434026393749487,False,False,False,True,0,1043,18,0.4,0.3,0.3,balanced
1781483576364.45,0.4,0.3,0.3,605.6295133437991,624.0,0.12112590266875982,492.85137701804365,611.5052231718897,0.032211566178655344,1.0,1.0,1.0,41,8,2.2418861690788994,0,2.2418861690788994,False,False,False,True,0,1044,18,0.4,0.3,0.3,balanced
1781483599901.49,0.4,0.3,0.3,602.2590266875981,620.3333333333334,0.12045180533751962,447.63532763532766,555.7233301677746,0.029195151943650945,0.9940694226408511,0.9958847736625513,0.9940694226408511,43,8,2.241281559074152,0,2.241281559074152,False,False,False,True,0,1045,18,0.4,0.3,0.3,balanced
1781483627017.4639,0.4,0.3,0.3,599.7959183673469,617.2222222222222,0.11995918367346937,396.8249446027223,507.7888572333016,0.025805533329067532,1.0,1.0,1.0,44,8,2.244274666531892,0,2.244274666531892,False,False,False,True,0,1046,18,0.4,0.3,0.3,balanced
1781483654344.5662,0.4,0.3,0.3,596.7409733124018,613.2222222222222,0.11934819466248037,464.2980373535929,574.0566635011079,0.030306740317117605,0.9958718530147102,0.9958847736625513,0.9958718530147102,46,8,2.2419302559442857,0,2.2419302559442857,False,False,False,True,0,1047,18,0.4,0.3,0.3,balanced
1781483681465.158,0.4,0.3,0.3,600.6357927786498,618.2222222222222,0.12012715855572996,439.3930041152263,581.3026274137386,0.028645297139107826,0.9956974242688528,0.9958847736625513,0.9956974242688528,44,8,2.2420647747166313,1,2.2420647747166313,False,False,False,True,0,1048,18,0.4,0.3,0.3,balanced
1781483705004.147,0.4,0.3,0.3,598.3987441130298,615.2222222222222,0.11967974882260596,468.9506172839506,576.8724279835392,0.030617119231751207,1.0,1.0,1.0,46,8,2.2429429647014323,0,2.2429429647014323,False,False,False,True,0,1049,18,0.4,0.3,0.3,balanced
1781483732128.042,0.4,0.3,0.3,596.0832025117738,612.5555555555555,0.11921664050235477,460.8847736625514,586.5020576131687,0.030079037602571808,1.0,1.0,1.0,47,8,2.2432896325182865,0,2.2432896325182865,False,False,False,True,0,1050,18,0.4,0.3,0.3,balanced
1781483758846.486,0.4,0.3,0.3,594.3610675039246,610.3333333333334,0.11887221350078492,491.7711301044634,610.5302310857866,0.03213950167474739,1.0,1.0,1.0,49,8,2.2428092640972617,0,2.2428092640972617,False,False,False,True,0,1051,18,0.4,0.3,0.3,balanced
1781483784780.59,0.4,0.3,0.3,510.861852433281,554.0,0.1021723704866562,448.88888888888886,517.2222222222222,0.029278778444889183,0.8398744113029826,0.8888888888888888,0.8398744113029826,47,8,2.2023097416627655,1,2.2023097416627655,False,False,False,True,0,1052,18,0.4,0.3,0.3,balanced
1781483811805.755,0.4,0.3,0.3,594.3783359497645,610.3333333333334,0.1188756671899529,520.8380816714149,638.7939221272555,0.034078591172209134,1.0,1.0,1.0,49,8,2.242226155772356,0,2.242226155772356,False,False,False,True,0,1053,18,0.4,0.3,0.3,balanced
1781483838520.446,0.4,0.3,0.3,598.7519623233909,615.3333333333334,0.11975039246467818,479.7799936688826,596.8850902184236,0.031339559284114915,1.0,1.0,1.0,47,8,2.2426979752288942,1,2.2426979752288942,False,False,False,True,0,1054,18,0.4,0.3,0.3,balanced
1781483865130.393,0.4,0.3,0.3,597.6153846153845,614.5555555555555,0.11952307692307691,468.255777144666,590.5444761000316,0.030570765653413344,1.0,1.0,1.0,46,8,2.243019539534745,1,2.243019539534745,False,False,False,True,0,1055,18,0.4,0.3,0.3,balanced
1781483899366.512,0.4,0.3,0.3,527.7660910518053,544.0,0.10555321821036107,669.2044837878171,886.7066883733551,0.04397628310792643,0.7262859589390203,0.7550745550745551,0.7262859589390203,47,8,2.1624716154651837,0,2.1624716154651837,False,False,False,True,0,1056,18,0.4,0.3,0.3,balanced
1781483922305.8691,0.4,0.3,0.3,595.1240188383044,611.0,0.11902480376766089,565.3505856283633,692.4089901867678,0.03704807108928374,1.0,1.0,1.0,49,8,2.2412756571661507,0,2.2412756571661507,False,False,False,True,0,1057,18,0.4,0.3,0.3,balanced
1781483948929.975,0.4,0.3,0.3,597.2244897959183,613.3333333333334,0.11944489795918366,506.3809749920861,619.5235834124722,0.03311414109353476,1.0,1.0,1.0,47,8,2.242287798488266,1,2.242287798488266,False,False,False,True,0,1058,18,0.4,0.3,0.3,balanced
1781483975644.745,0.4,0.3,0.3,594.4646781789638,609.8888888888889,0.11889293563579277,510.1374485596707,631.1390946502057,0.033364739730465026,0.9938413235116531,0.9957264957264957,0.9938413235116531,49,8,2.2405858008800394,0,2.2405858008800394,False,False,False,True,0,1059,18,0.4,0.3,0.3,balanced
1781483999071.527,0.4,0.3,0.3,596.3328100470958,612.7777777777778,0.11926656200941915,484.4307692307693,623.490408357075,0.031649817827269465,1.0,1.0,1.0,47,8,2.2427984298480514,1,2.2427984298480514,False,False,False,True,0,1060,18,0.4,0.3,0.3,balanced
1781484025803.5059,0.4,0.3,0.3,592.6923076923076,608.8888888888889,0.11853846153846152,518.1600189933523,648.0642608420386,0.033899934555927436,1.0,1.0,1.0,49,8,2.242414635017837,0,2.242414635017837,False,False,False,True,0,1061,18,0.4,0.3,0.3,balanced
1781484052223.03,0.4,0.3,0.3,594.8445839874411,610.4444444444445,0.11896891679748821,565.0205761316872,695.5555555555555,0.03702605577929868,1.0,1.0,1.0,50,8,2.241304616547215,0,2.241304616547215,False,False,False,True,0,1062,18,0.4,0.3,0.3,balanced
1781484079045.906,0.4,0.3,0.3,590.8697017268445,606.3333333333334,0.11817394034536889,500.6766381766382,650.62519784742,0.03273359827729408,1.0,1.0,1.0,52,8,2.2429103443786644,0,2.2429103443786644,False,False,False,True,0,1063,18,0.4,0.3,0.3,balanced
1781484105190.616,0.4,0.3,0.3,553.4479553903345,536.3333333333334,0.1106895910780669,488.0172784575454,623.3174720883286,0.031889077949135786,0.9465613382899629,0.8888888888888888,0.9465613382899629,50,8,2.2301258416710215,1,2.2301258416710215,False,False,False,True,0,1064,18,0.4,0.3,0.3,balanced
1781484131605.073,0.4,0.3,0.3,590.3642072213501,605.0,0.11807284144427001,620.9108895220006,784.363722697056,0.040754562343028725,1.0,1.0,1.0,52,8,2.2405444947193836,0,2.2405444947193836,False,False,False,True,0,1065,18,0.4,0.3,0.3,balanced
1781484158110.821,0.4,0.3,0.3,591.7676609105181,606.6666666666666,0.11835353218210362,579.1413421968978,719.9699271921494,0.03796806819192113,1.0,1.0,1.0,53,8,2.2412681666695824,0,2.2412681666695824,False,False,False,True,0,1066,18,0.4,0.3,0.3,balanced
1781484185542.671,0.4,0.3,0.3,588.0722135007849,602.5555555555555,0.11761444270015697,565.0213675213676,712.5530231085787,0.03702610857380704,1.0,1.0,1.0,55,8,2.241846390347795,0,2.241846390347795,False,False,False,True,0,1067,18,0.4,0.3,0.3,balanced
1781484209588.9448,0.4,0.3,0.3,587.4725274725274,600.6666666666666,0.11749450549450548,578.2169990503323,738.8841405508073,0.037906404206159594,1.0,1.0,1.0,56,8,2.24163027654035,0,2.24163027654035,False,False,False,True,0,1068,18,0.4,0.3,0.3,balanced
1781484236320.2642,0.4,0.3,0.3,585.5572998430141,598.8888888888889,0.11711145996860282,648.2676479898702,805.9433364988921,0.04257956290792996,1.0,1.0,1.0,58,8,2.24038154714018,0,2.24038154714018,False,False,False,True,0,1069,18,0.4,0.3,0.3,balanced
1781484263128.0068,0.4,0.3,0.3,586.3720565149137,599.7777777777778,0.11727441130298273,612.4897119341564,775.7660652105096,0.04019277597959683,1.0,1.0,1.0,59,8,2.2410324026849278,0,2.2410324026849278,False,False,False,True,0,1070,18,0.4,0.3,0.3,balanced
1781484286475.996,0.4,0.3,0.3,585.3579277864991,597.6666666666666,0.11707158555729982,667.9637543526433,828.034188034188,0.04389351263193084,1.0,1.0,1.0,61,8,2.240003311987501,0,2.240003311987501,False,False,False,True,0,1071,18,0.4,0.3,0.3,balanced
1781484313307.646,0.4,0.3,0.3,581.513343799058,593.8888888888889,0.1163026687598116,654.5006331117443,826.5732826843938,0.04299537245575345,1.0,1.0,1.0,64,8,2.2405803207593493,0,2.2405803207593493,False,False,False,True,0,1072,18,0.4,0.3,0.3,balanced
1781484371636.5718,0.4,0.3,0.3,179.8053375196232,276.8888888888889,0.035961067503924644,266.71578782172,213.3352165725047,0.017125803056819214,0.2888540031397174,0.4444444444444444,0.2888540031397174,64,8,2.0671340330232995,2,2.0671340330232995,False,False,False,True,0,1073,18,0.4,0.3,0.3,balanced
1781484398562.337,0.4,0.3,0.3,581.0188383045527,592.6666666666666,0.11620376766091053,652.3717948717948,808.6119025007914,0.042853355228271835,1.0,1.0,1.0,65,8,2.240662486367154,0,2.240662486367154,False,False,False,True,0,1074,18,0.4,0.3,0.3,balanced
1781484421900.928,0.4,0.3,0.3,581.7535321821035,593.3333333333334,0.1163507064364207,774.2600506489395,962.9772079772081,0.05098465981647361,1.0,1.0,1.0,67,8,2.2381643194804894,0,2.2381643194804894,False,False,False,True,0,1075,18,0.4,0.3,0.3,balanced
1781484448516.1282,0.4,0.3,0.3,580.7613814756671,592.5555555555555,0.11615227629513343,651.159385881608,825.4811649256094,0.04277247404146818,1.0,1.0,1.0,68,8,2.240707347269506,0,2.240707347269506,False,False,False,True,0,1076,18,0.4,0.3,0.3,balanced
1781484475440.479,0.4,0.3,0.3,580.2197802197803,591.8888888888889,0.11604395604395606,726.1475150364039,864.8322253877809,0.04777501768088085,1.0,1.0,1.0,67,8,2.2392499122781535,1,2.2392499122781535,False,False,False,True,0,1077,18,0.4,0.3,0.3,balanced
1781484498678.3892,0.4,0.3,0.3,580.7613814756671,592.7777777777778,0.11615227629513343,729.2006964229184,877.1699905033238,0.047978698894123976,1.0,1.0,1.0,65,8,2.2391454798137094,1,2.2391454798137094,False,False,False,True,0,1078,18,0.4,0.3,0.3,balanced
1781484536601.1692,0.4,0.3,0.3,585.6530612244898,600.4444444444445,0.11713061224489796,4390.573090043485,5110.862441895337,0.29223302802158,0.7513740471982229,0.7582595182595182,0.7513740471982229,64,8,2.090890060855034,1,2.090890060855034,False,False,False,True,0,1079,18,0.4,0.3,0.3,balanced
1781484569540.447,0.4,0.3,0.3,427.901098901099,467.3333333333333,0.08558021978021979,428.21241830065355,520.8020541549953,0.027899427505046936,0.728414442700157,0.7777777777777778,0.728414442700157,61,8,2.1759224166464453,1,2.1759224166464453,False,False,False,True,0,1080,18,0.4,0.3,0.3,balanced
1781484596167.4768,0.4,0.3,0.3,585.2998430141287,598.4444444444445,0.11705996860282573,643.5034821145931,783.3254194365304,0.04226173996761795,1.0,1.0,1.0,59,8,2.2404974905685844,1,2.2404974905685844,False,False,False,True,0,1081,18,0.4,0.3,0.3,balanced
1781484622787.8162,0.4,0.3,0.3,588.0847723704866,601.5555555555555,0.11761695447409731,685.7257043368155,838.5723330167775,0.04507843257750604,1.0,1.0,1.0,58,8,2.2394296884371094,1,2.2394296884371094,False,False,False,True,0,1082,18,0.4,0.3,0.3,balanced
1781484649810.6091,0.4,0.3,0.3,585.6248037676609,600.0,0.11712496075353217,1467.4268529824085,1672.2979695201918,0.0972266079374522,0.9958718530147102,0.9958847736625513,0.9958718530147102,56,8,2.2227435892217646,1,2.2227435892217646,False,False,False,True,0,1083,18,0.4,0.3,0.3,balanced
1781484672742.707,0.4,0.3,0.3,588.447409733124,602.1111111111111,0.1176894819466248,644.1041468819245,792.6622348844571,0.04230181099946127,1.0,1.0,1.0,55,8,2.2402336639215115,1,2.2402336639215115,False,False,False,True,0,1084,18,0.4,0.3,0.3,balanced
1781484699360.572,0.4,0.3,0.3,588.0737833594976,601.5555555555555,0.11761475667189952,600.2983539094649,735.9924026590693,0.03937947657834989,1.0,1.0,1.0,56,8,2.241140254357735,0,2.241140254357735,False,False,False,True,0,1085,18,0.4,0.3,0.3,balanced
1781484726175.3481,0.4,0.3,0.3,588.8335949764521,603.2222222222222,0.11776671899529043,570.9710351377017,710.8341247230136,0.03742301768763854,1.0,1.0,1.0,55,8,2.2416664070955923,1,2.2416664070955923,False,False,False,True,0,1086,18,0.4,0.3,0.3,balanced
1781484749220.511,0.4,0.3,0.3,589.9576138147567,604.4444444444445,0.11799152276295133,591.3509021842355,749.1152263374486,0.03878258186686027,1.0,1.0,1.0,53,8,2.2411686163347615,1,2.2411686163347615,False,False,False,True,0,1087,18,0.4,0.3,0.3,balanced
1781484775639.034,0.4,0.3,0.3,592.2244897959183,606.6666666666666,0.11844489795918366,547.5973409306741,688.491611269389,0.03586373188330048,1.0,1.0,1.0,52,8,2.2418629212513363,1,2.2418629212513363,False,False,False,True,0,1088,18,0.4,0.3,0.3,balanced
1781484802263.0762,0.4,0.3,0.3,593.1004709576138,608.3333333333334,0.11862009419152275,500.78031022475466,612.5799303577082,0.032740514357888904,1.0,1.0,1.0,50,8,2.242729808016024,1,2.242729808016024,False,False,False,True,0,1089,18,0.4,0.3,0.3,balanced
1781484828778.6829,0.4,0.3,0.3,595.3453689167974,611.1111111111111,0.11906907378335947,495.75419436530547,611.5716999050333,0.03240521643531057,1.0,1.0,1.0,49,8,2.242650805556063,1,2.242650805556063,False,False,False,True,0,1090,18,0.4,0.3,0.3,balanced
1781484852213.574,0.4,0.3,0.3,593.3453689167975,608.4444444444445,0.1186690737833595,495.73994935106043,606.0462171573282,0.032404266134160135,1.0,1.0,1.0,50,8,2.2428110906464083,0,2.2428110906464083,False,False,False,True,0,1091,18,0.4,0.3,0.3,balanced
1781484879339.615,0.4,0.3,0.3,595.7142857142857,611.2222222222222,0.11914285714285713,552.227761949984,665.6046217157327,0.03617263255170007,1.0,1.0,1.0,49,8,2.241491067377347,1,2.241491067377347,False,False,False,True,0,1092,18,0.4,0.3,0.3,balanced
1781484906258.351,0.4,0.3,0.3,594.3877551020407,609.2222222222222,0.11887755102040815,1394.4982589427032,1553.6435580880025,0.09236145823500355,1.0,1.0,1.0,50,8,2.2247405421213355,0,2.2247405421213355,False,False,False,True,0,1093,18,0.4,0.3,0.3,balanced
1781484929295.281,0.4,0.3,0.3,597.5227629513344,613.7777777777778,0.11950455259026688,542.0346628679962,652.6005064893953,0.035492639284055785,1.0,1.0,1.0,49,8,2.2415503871786764,1,2.2415503871786764,False,False,False,True,0,1094,18,0.4,0.3,0.3,balanced
1781484955810.493,0.4,0.3,0.3,597.7566718995289,613.8888888888889,0.11955133437990578,491.74264007597344,607.923393478949,0.03213760107244653,1.0,1.0,1.0,47,8,2.242538185926304,1,2.242538185926304,False,False,False,True,0,1095,18,0.4,0.3,0.3,balanced
1781484982428.302,0.4,0.3,0.3,597.7551020408164,614.1111111111111,0.11955102040816327,484.15796138018356,596.4593225704336,0.03163161850434847,1.0,1.0,1.0,46,8,2.2426901062854303,1,2.2426901062854303,False,False,False,True,0,1096,18,0.4,0.3,0.3,balanced
1781485009338.868,0.4,0.3,0.3,600.1632653061224,618.2222222222222,0.12003265306122449,448.0705919594809,553.6672997784109,0.02922418892324756,1.0,1.0,1.0,44,8,2.2432196820985357,1,2.2432196820985357,False,False,False,True,0,1097,18,0.4,0.3,0.3,balanced
1781485032475.993,0.4,0.3,0.3,602.3594976452118,620.0,0.12047189952904237,434.4713516935739,541.3152896486231,0.028316968091632682,1.0,1.0,1.0,43,8,2.243316149760893,1,2.243316149760893,False,False,False,True,0,1098,18,0.4,0.3,0.3,balanced
1781485059200.5,0.4,0.3,0.3,604.4505494505494,623.2222222222222,0.12089010989010987,387.49006014561564,479.4724912947135,0.02518279253806642,1.0,1.0,1.0,41,8,2.244089118282536,1,2.244089118282536,False,False,False,True,0,1099,18,0.4,0.3,0.3,balanced
1781485088317.004,0.4,0.3,0.3,607.5478806907379,626.1111111111111,0.12150957613814757,412.4355044699872,565.0625798212004,0.026846931585722964,0.8972033257747543,0.9300411522633745,0.8972033257747543,40,8,2.2125030878014504,1,2.2125030878014504,False,False,False,True,0,1100,18,0.4,0.3,0.3,balanced
1781485115038.5051,0.4,0.3,0.3,609.7488226059654,630.0,0.12194976452119308,356.8439379550491,447.1446660335549,0.02313835476684784,1.0,1.0,1.0,38,8,2.2442785877614684,1,2.2442785877614684,False,False,False,True,0,1101,18,0.4,0.3,0.3,balanced
1781485138176.045,0.4,0.3,0.3,605.0031397174254,624.7777777777778,0.12100062794348507,355.1503640392529,437.7635327635328,0.023025374518962836,1.0,1.0,1.0,40,8,2.244692136466917,0,2.244692136466917,False,False,False,True,0,1102,18,0.4,0.3,0.3,balanced
1781485165085.403,0.4,0.3,0.3,610.1868131868131,630.6666666666666,0.12203736263736262,367.2451725229502,454.417537195315,0.02383223299019014,1.0,1.0,1.0,38,8,2.2440353850479977,1,2.2440353850479977,False,False,False,True,0,1103,18,0.4,0.3,0.3,balanced
1781485191808.008,0.4,0.3,0.3,612.2511773940344,633.4444444444445,0.12245023547880687,335.8792339347895,423.49161126938907,0.021739775445949933,1.0,1.0,1.0,37,8,2.2444979731746924,1,2.2444979731746924,False,False,False,True,0,1104,18,0.4,0.3,0.3,balanced
1781485236348.203,0.4,0.3,0.3,285.8053375196232,366.3333333333333,0.05716106750392464,160.91336682427107,170.1600669818755,0.010067602856855975,0.4489795918367347,0.5555555555555556,0.4489795918367347,35,8,2.108809169692394,1,2.108809169692394,False,False,False,True,0,1105,18,0.4,0.3,0.3,balanced
1781485263558.094,0.4,0.3,0.3,610.4897959183673,631.3333333333334,0.12209795918367347,358.90155112377334,447.37575182019623,0.023275620488577276,1.0,1.0,1.0,37,8,2.2441781301799573,0,2.2441781301799573,False,False,False,True,0,1106,18,0.4,0.3,0.3,balanced
1781485286592.584,0.4,0.3,0.3,614.6263736263736,636.3333333333334,0.12292527472527472,343.8960113960114,440.8800253244698,0.022274583815611166,1.0,1.0,1.0,35,8,2.244147514965207,1,2.244147514965207,False,False,False,True,0,1107,18,0.4,0.3,0.3,balanced
1781485313210.511,0.4,0.3,0.3,611.131868131868,631.7777777777778,0.1222263736263736,418.5929091484647,525.1060462171574,0.02725769907594828,1.0,1.0,1.0,37,8,2.242932140826666,0,2.242932140826666,False,False,False,True,0,1108,18,0.4,0.3,0.3,balanced
1781485340043.407,0.4,0.3,0.3,615.1020408163265,637.2222222222222,0.1230204081632653,312.2333016777461,402.1209243431465,0.0201623283307369,1.0,1.0,1.0,35,8,2.2447431382354726,1,2.2447431382354726,False,False,False,True,0,1109,18,0.4,0.3,0.3,balanced
1781485366856.677,0.4,0.3,0.3,617.5557299843014,639.7777777777778,0.12351114599686028,335.4194365305476,411.00031655587213,0.021709101836594236,1.0,1.0,1.0,34,8,2.2440828110502777,1,2.2440828110502777,False,False,False,True,0,1110,18,0.4,0.3,0.3,balanced
1781485390095.3928,0.4,0.3,0.3,621.1475667189953,645.7777777777778,0.12422951334379907,334.5144666033555,414.70161443494777,0.0216487302603973,0.993841323511653,0.9957264957264957,0.993841323511653,32,8,2.241965972637857,1,2.241965972637857,False,False,False,True,0,1111,18,0.4,0.3,0.3,balanced
1781485416609.231,0.4,0.3,0.3,630.1397174254317,656.0,0.12602794348508634,291.04859132636903,372.7113010446344,0.018749072136515613,1.0,1.0,1.0,29,8,2.2439641009650106,1,2.2439641009650106,False,False,False,True,0,1112,18,0.4,0.3,0.3,balanced
1781485443343.4949,0.4,0.3,0.3,623.0643642072213,646.7777777777778,0.12461287284144426,261.5131370686926,341.4419119974675,0.01677872829010624,0.9940694226408511,0.9958847736625513,0.9940694226408511,32,8,2.2433420591686457,0,2.2433420591686457,False,False,False,True,0,1113,18,0.4,0.3,0.3,balanced
1781485466282.877,0.4,0.3,0.3,629.0251177394034,655.7777777777778,0.12580502354788067,252.12408990186765,335.8673630895853,0.016152374242953144,1.0,1.0,1.0,29,8,2.2448322783079617,1,2.2448322783079617,False,False,False,True,0,1114,18,0.4,0.3,0.3,balanced
1781485493092.293,0.4,0.3,0.3,633.2935635792778,660.3333333333334,0.12665871271585558,276.4181703070592,367.3789173789174,0.017773060060510954,1.0,1.0,1.0,28,8,2.2440045968955045,1,2.2440045968955045,False,False,False,True,0,1115,18,0.4,0.3,0.3,balanced
1781485519913.187,0.4,0.3,0.3,639.1883830455258,668.2222222222222,0.12783767660910517,261.89300411522635,327.51503640392525,0.016804069654117834,1.0,1.0,1.0,26,8,2.2438237084601225,1,2.2438237084601225,False,False,False,True,0,1116,18,0.4,0.3,0.3,balanced
1781485546953.33,0.4,0.3,0.3,644.116169544741,674.7777777777778,0.1288232339089482,259.3004115226337,332.7572016460906,0.016631114844738736,1.0,1.0,1.0,25,8,2.243481371982999,1,2.243481371982999,False,False,False,True,0,1117,18,0.4,0.3,0.3,balanced
1781485570388.256,0.4,0.3,0.3,653.76295133438,686.5555555555555,0.130752590266876,308.9506172839506,402.880658436214,0.019943336710070085,1.0,1.0,1.0,23,8,2.2417159628802286,1,2.2417159628802286,False,False,False,True,0,1118,18,0.4,0.3,0.3,balanced
1781485596911.511,0.4,0.3,0.3,657.2464678178964,692.2222222222222,0.13144929356357926,214.54653371320035,275.8151313706869,0.0136455326026151,1.0,1.0,1.0,22,8,2.243326622793784,1,2.243326622793784,False,False,False,True,0,1119,18,0.4,0.3,0.3,balanced
1781485623628.217,0.4,0.3,0.3,669.579277864992,707.4444444444445,0.1339158555729984,204.85754985754986,267.96454574232354,0.01299916943679452,1.0,1.0,1.0,20,8,2.2425339069397623,1,2.2425339069397623,False,False,False,True,0,1120,18,0.4,0.3,0.3,balanced
1781485647002.555,0.4,0.3,0.3,675.1475667189952,715.5555555555555,0.13502951334379903,179.48401392845838,238.70212092434315,0.011306471909837117,1.0,1.0,1.0,19,8,2.242596253089529,1,2.242596253089529,False,False,False,True,0,1121,18,0.4,0.3,0.3,balanced
1781485674032.216,0.4,0.3,0.3,690.6844583987441,735.2222222222222,0.13813689167974882,198.31275720164604,254.1769547325103,0.012562558852678188,1.0,1.0,1.0,17,8,2.240976475672297,1,2.240976475672297,False,False,False,True,0,1122,18,0.4,0.3,0.3,balanced
1781485700547.4702,0.4,0.3,0.3,700.9513343799057,748.4444444444445,0.14019026687598113,180.77635327635326,227.58309591642924,0.011392685341984874,1.0,1.0,1.0,16,8,2.240506087647012,1,2.240506087647012,False,False,False,True,0,1123,18,0.4,0.3,0.3,balanced
1781485727352.805,0.4,0.3,0.3,722.806907378336,777.2222222222222,0.1445613814756672,156.3501107945552,210.11554289332068,0.009763182841531368,1.0,1.0,1.0,14,8,2.2392464925572737,1,2.2392464925572737,False,False,False,True,0,1124,18,0.4,0.3,0.3,balanced
1781485751285.1501,0.4,0.3,0.3,738.6687598116168,796.8888888888889,0.14773375196232336,147.74849635960746,202.24754669199112,0.00918935933019396,0.9899412756555612,0.9917695473251028,0.9899412756555612,13,8,2.235132074112681,1,2.235132074112681,False,False,False,True,0,1125,18,0.4,0.3,0.3,balanced
1781485778624.9312,0.4,0.3,0.3,723.6766091051804,777.6666666666666,0.1447353218210361,169.26875593542258,226.8914213358658,0.010625000395958812,1.0,1.0,1.0,14,8,2.238918371152798,0,2.238918371152798,False,False,False,True,0,1126,18,0.4,0.3,0.3,balanced
1781485805527.508,0.4,0.3,0.3,738.0109890109889,795.8888888888889,0.14760219780219777,190.30705919594806,240.7375751820196,0.01202848960613396,1.0,1.0,1.0,13,8,2.2373505739972805,1,2.2373505739972805,False,False,False,True,0,1127,18,0.4,0.3,0.3,balanced
1781485832758.959,0.4,0.3,0.3,773.0832025117738,841.3333333333334,0.15461664050235477,156.91832858499524,209.42861665083885,0.009801089298532037,1.0,1.0,1.0,11,8,2.2352130170094986,1,2.2352130170094986,False,False,False,True,0,1128,18,0.4,0.3,0.3,balanced
1781485856099.7788,0.4,0.3,0.3,797.9748822605965,873.4444444444445,0.15959497645211929,121.87717632162077,156.15384615384616,0.007463454057479705,1.0,1.0,1.0,10,8,2.233922973201908,1,2.233922973201908,False,False,False,True,0,1129,18,0.4,0.3,0.3,balanced
1781485883219.825,0.4,0.3,0.3,773.7032967032966,841.7777777777778,0.1547406593406593,106.19104146881925,140.41943653054764,0.0064170141073261674,1.0,1.0,1.0,11,8,2.2361786320315384,0,2.2361786320315384,False,False,False,True,0,1130,18,0.4,0.3,0.3,balanced
1781485909939.085,0.4,0.3,0.3,739.7237048665619,797.5555555555555,0.14794474097331237,124.01709401709398,157.47071858182966,0.007606210408078318,0.9939531368102796,0.9958847736625513,0.9939531368102796,13,8,2.2367261815313353,0,2.2367261815313353,False,False,False,True,0,1131,18,0.4,0.3,0.3,balanced
1781485934390.2532,0.4,0.3,0.3,772.9921507064363,838.1111111111111,0.15459843014128727,175.12878171211506,187.7685524352191,0.011015929400407942,0.9792762037659997,0.9641387419165197,0.9792762037659997,11,8,2.2286387102531626,1,2.2286387102531626,False,False,False,True,0,1132,18,0.4,0.3,0.3,balanced
1781485961907.8828,0.4,0.3,0.3,738.5494505494505,796.8888888888889,0.1477098901098901,118.36340614118394,153.81608103830328,0.007229046440372511,1.0,1.0,1.0,13,8,2.2387473300239322,0,2.2387473300239322,False,False,False,True,0,1133,18,0.4,0.3,0.3,balanced
1781485989629.602,0.4,0.3,0.3,727.0690737833594,781.8888888888889,0.14541381475667187,132.48417220639442,165.97815764482434,0.008171058852994958,1.0,1.0,1.0,14,8,2.239383156441433,0,2.239383156441433,False,False,False,True,0,1134,18,0.4,0.3,0.3,balanced
1781486016850.048,0.4,0.3,0.3,705.1852433281005,752.0,0.14103704866562009,146.1712567268123,187.40582462804684,0.009084139875037511,1.0,1.0,1.0,16,8,2.2408599385712407,0,2.2408599385712407,False,False,False,True,0,1135,18,0.4,0.3,0.3,balanced
1781486040486.2449,0.4,0.3,0.3,690.9748822605965,735.0,0.13819497645211928,145.75102880658437,184.08515352959796,0.009056105991099692,1.0,1.0,1.0,17,8,2.2420051776218224,0,2.2420051776218224,False,False,False,True,0,1136,18,0.4,0.3,0.3,balanced
1781486067509.438,0.4,0.3,0.3,678.6718995290424,718.6666666666666,0.1357343799058085,163.38873061095282,206.53687875910097,0.010232737198862763,1.0,1.0,1.0,19,8,2.242636426878018,0,2.242636426878018,False,False,False,True,0,1137,18,0.4,0.3,0.3,balanced
1781486094229.295,0.4,0.3,0.3,671.36420722135,709.1111111111111,0.13427284144426999,168.94982589427033,210.47958214624882,0.01060372420909075,1.0,1.0,1.0,20,8,2.243109746159565,0,2.243109746159565,False,False,False,True,0,1138,18,0.4,0.3,0.3,balanced
1781486120947.525,0.4,0.3,0.3,659.8775510204081,694.4444444444445,0.1319755102040816,200.36324786324786,253.4836973725863,0.012699349423832412,1.0,1.0,1.0,22,8,2.2433999910912177,0,2.2433999910912177,False,False,False,True,0,1139,18,0.4,0.3,0.3,balanced
1781486143885.924,0.4,0.3,0.3,655.8822605965463,688.5555555555555,0.13117645211930926,223.6672997784109,272.8236783792339,0.014253989311435017,1.0,1.0,1.0,23,8,2.2432532223588457,0,2.2432532223588457,False,False,False,True,0,1140,18,0.4,0.3,0.3,balanced
1781486170915.662,0.4,0.3,0.3,645.921507064364,676.6666666666666,0.12918430141287282,232.2214308325419,301.10952833175054,0.014824645152270974,1.0,1.0,1.0,25,8,2.2438788858891696,0,2.2438788858891696,False,False,False,True,0,1141,18,0.4,0.3,0.3,balanced
1781486197726.849,0.4,0.3,0.3,641.5996860282573,670.7777777777778,0.12831993720565146,292.3061095283318,373.3206710984489,0.01883296261029565,1.0,1.0,1.0,26,8,2.2430221363346505,0,2.2430221363346505,False,False,False,True,0,1142,18,0.4,0.3,0.3,balanced
1781486221056.845,0.4,0.3,0.3,634.734693877551,662.6666666666666,0.1269469387755102,285.57692307692304,371.1570117125673,0.018384050905732023,1.0,1.0,1.0,28,8,2.2437060092180765,0,2.2437060092180765,False,False,False,True,0,1143,18,0.4,0.3,0.3,balanced
1781486248273.8198,0.4,0.3,0.3,629.6703296703296,656.2222222222222,0.12593406593406592,310.55792972459636,405.0031655587211,0.02005056235654412,0.9856386999244141,0.9876543209876544,0.9856386999244141,29,8,2.2393028148967344,0,2.2393028148967344,False,False,False,True,0,1144,18,0.4,0.3,0.3,balanced
1781486275195.407,0.4,0.3,0.3,623.1601255886969,647.3333333333334,0.12463202511773938,344.95884773662556,452.4153213042102,0.02234548684033526,1.0,1.0,1.0,32,8,2.2434435439008036,0,2.2434435439008036,False,False,False,True,0,1145,18,0.4,0.3,0.3,balanced
1781486302216.76,0.4,0.3,0.3,630.640502354788,656.6666666666666,0.1261281004709576,301.7078189300412,392.2222222222223,0.01946016136958247,1.0,1.0,1.0,29,8,2.2437107114007424,1,2.2437107114007424,False,False,False,True,0,1146,18,0.4,0.3,0.3,balanced
1781486325551.2322,0.4,0.3,0.3,622.723704866562,646.6666666666666,0.1245447409733124,362.09876543209873,494.07407407407413,0.023488910302341477,0.9940694226408512,0.9958847736625516,0.9940694226408512,32,8,2.241356257312228,0,2.241356257312228,False,False,False,True,0,1147,18,0.4,0.3,0.3,balanced
1781486352355.3171,0.4,0.3,0.3,618.0533751962323,640.5555555555555,0.12361067503924646,370.2682811016145,485.6885090218423,0.02403390801211571,1.0,1.0,1.0,34,8,2.2433455575806667,0,2.2433455575806667,False,False,False,True,0,1148,18,0.4,0.3,0.3,balanced
1781486378885.179,0.4,0.3,0.3,621.5996860282575,645.8888888888889,0.12431993720565149,332.7524533080089,435.2579930357708,0.021531184343429547,1.0,1.0,1.0,32,8,2.2438126698147105,1,2.2438126698147105,False,False,False,True,0,1149,18,0.4,0.3,0.3,balanced
1781486405199.794,0.4,0.3,0.3,630.8021978021977,657.3333333333334,0.12616043956043954,287.1502057613169,376.8518518518518,0.01848900638834669,1.0,1.0,1.0,29,8,2.24398912225932,1,2.24398912225932,False,False,False,True,0,1150,18,0.4,0.3,0.3,balanced
1781486427932.2432,0.4,0.3,0.3,622.5431711145997,647.1111111111111,0.12450863422291993,342.97799936688824,431.5527065527065,0.022213342185916495,1.0,1.0,1.0,32,8,2.243532543655057,0,2.243532543655057,False,False,False,True,0,1151,18,0.4,0.3,0.3,balanced
1781486454763.8718,0.4,0.3,0.3,623.7488226059654,648.0,0.12474976452119309,344.8132320354542,442.5482747704971,0.022335772650797475,0.9939531368102796,0.9958847736625513,0.9939531368102796,32,8,2.2415853034393676,2,2.2415853034393676,False,False,False,True,0,1152,18,0.4,0.3,0.3,balanced
1781486481677.82,0.4,0.3,0.3,618.2182103610673,640.4444444444445,0.12364364207221347,357.6384931940487,430.70750237416905,0.02319136045323874,1.0,1.0,1.0,34,8,2.243585135035143,0,2.243585135035143,False,False,False,True,0,1153,18,0.4,0.3,0.3,balanced
1781486504514.8662,0.4,0.3,0.3,617.7613814756671,639.2222222222222,0.12355227629513342,370.2761949984172,439.40012662234886,0.02403443595719928,1.0,1.0,1.0,35,8,2.243368758694787,0,2.243368758694787,False,False,False,True,0,1154,18,0.4,0.3,0.3,balanced
1781486530731.214,0.4,0.3,0.3,619.3218210361067,641.7777777777778,0.12386436420722134,349.23314339981,422.7049699271922,0.022630629979973983,1.0,1.0,1.0,34,8,2.2436650653231194,1,2.2436650653231194,False,False,False,True,0,1155,18,0.4,0.3,0.3,balanced
1781486557058.445,0.4,0.3,0.3,614.1664050235478,636.3333333333334,0.12283328100470955,357.88065843621393,445.3909465020576,0.023207515572796128,1.0,1.0,1.0,35,8,2.243904432926277,0,2.243904432926277,False,False,False,True,0,1156,18,0.4,0.3,0.3,balanced
1781486579891.734,0.4,0.3,0.3,612.458398744113,633.4444444444445,0.1224916797488226,353.2296612852168,448.488445710668,0.02289724224717924,0.9958718530147102,0.9958847736625513,0.9958718530147102,37,8,2.24289571133073,0,2.24289571133073,False,False,False,True,0,1157,18,0.4,0.3,0.3,balanced
1781486606405.529,0.4,0.3,0.3,609.3877551020407,629.3333333333334,0.12187755102040815,394.47056030389365,497.6812282367838,0.025648469666704046,1.0,1.0,1.0,38,8,2.2435544386918256,0,2.2435544386918256,False,False,False,True,0,1158,18,0.4,0.3,0.3,balanced
1781486636025.337,0.4,0.3,0.3,520.0910518053375,566.6666666666666,0.10401821036106751,341.6176821983273,411.02508960573476,0.02212259387580569,0.8398744113029827,0.8888888888888888,0.8398744113029827,40,8,2.203718261083726,0,2.203718261083726,False,False,False,True,0,1159,18,0.4,0.3,0.3,balanced
1781486662652.056,0.4,0.3,0.3,605.0392464678177,623.6666666666666,0.12100784929356355,448.24390629946186,571.3026274137386,0.02923575092057784,1.0,1.0,1.0,41,8,2.242826135006401,0,2.242826135006401,False,False,False,True,0,1160,18,0.4,0.3,0.3,balanced
1781486686489.645,0.4,0.3,0.3,603.1648351648352,620.5555555555555,0.12063296703296703,1238.2384230995342,1688.0980644869533,0.08193718633085618,0.9816870582176704,0.9800117577895355,0.9816870582176704,43,8,2.2216717747528576,0,2.2216717747528576,False,False,False,True,0,1161,18,0.4,0.3,0.3,balanced
1781486713003.24,0.4,0.3,0.3,601.9324960753532,620.0,0.12038649921507065,462.1826527382083,585.3197214308325,0.03016562059627807,1.0,1.0,1.0,44,8,2.2427957141350885,0,2.2427957141350885,False,False,False,True,0,1162,18,0.4,0.3,0.3,balanced
1781486746335.4458,0.4,0.3,0.3,438.09733124018834,486.77777777777777,0.08761946624803767,333.53314659197014,387.2427637721755,0.021583265282986666,0.7205651491365777,0.7777777777777778,0.7205651491365777,43,8,2.174646778656862,1,2.174646778656862,False,False,False,True,0,1163,18,0.4,0.3,0.3,balanced
1781486773355.133,0.4,0.3,0.3,602.0580847723704,619.8888888888889,0.12041161695447408,480.0,614.8971193415639,0.03135423615743829,1.0,1.0,1.0,44,8,2.242429082370979,0,2.242429082370979,False,False,False,True,0,1164,18,0.4,0.3,0.3,balanced
1781486799673.903,0.4,0.3,0.3,597.6028257456828,614.2222222222222,0.11952056514913656,496.44666033554915,625.7739791073124,0.03245141163012336,1.0,1.0,1.0,46,8,2.242456350451308,0,2.242456350451308,False,False,False,True,0,1165,18,0.4,0.3,0.3,balanced
1781486822515.0981,0.4,0.3,0.3,597.2982731554159,613.6666666666666,0.11945965463108318,504.6296296296296,633.2921810699588,0.03299730684653967,1.0,1.0,1.0,47,8,2.242316946093605,0,2.242316946093605,False,False,False,True,0,1166,18,0.4,0.3,0.3,balanced
1781486849128.84,0.4,0.3,0.3,594.5510204081631,610.2222222222222,0.11891020408163262,558.477366255144,679.3004115226337,0.036589550784199065,1.0,1.0,1.0,49,8,2.241459053132087,0,2.241459053132087,False,False,False,True,0,1167,18,0.4,0.3,0.3,balanced
1781486875646.707,0.4,0.3,0.3,593.0722135007849,609.0,0.11861444270015697,521.7378917378918,649.4048749604304,0.034138618528211595,1.0,1.0,1.0,50,8,2.242312637361474,0,2.242312637361474,False,False,False,True,0,1168,18,0.4,0.3,0.3,balanced
1781486898680.703,0.4,0.3,0.3,592.2967032967032,606.4444444444445,0.11845934065934063,588.9680278569168,718.6419753086419,0.03862361760219592,1.0,1.0,1.0,52,8,2.241029178455605,0,2.241029178455605,False,False,False,True,0,1169,18,0.4,0.3,0.3,balanced
1781486925198.631,0.4,0.3,0.3,589.9215070643642,604.5555555555555,0.11798430141287283,577.4074074074074,721.7695473251028,0.0378523954241099,1.0,1.0,1.0,53,8,2.241450560807618,0,2.241450560807618,False,False,False,True,0,1170,18,0.4,0.3,0.3,balanced
1781486951817.2458,0.4,0.3,0.3,590.1004709576139,603.8888888888889,0.11802009419152278,622.3132320354542,753.9427033871478,0.04084811421183818,1.0,1.0,1.0,55,8,2.240537528059839,0,2.240537528059839,False,False,False,True,0,1171,18,0.4,0.3,0.3,balanced
1781486978542.703,0.4,0.3,0.3,588.5871271585556,601.8888888888889,0.11771742543171113,657.7738208293764,823.4330484330484,0.04321373054231997,1.0,1.0,1.0,56,8,2.2399489106646193,0,2.2399489106646193,False,False,False,True,0,1172,18,0.4,0.3,0.3,balanced
1781487001973.168,0.4,0.3,0.3,586.4678178963893,600.2222222222222,0.11729356357927787,637.5443178220955,809.377967711301,0.04186419731968616,1.0,1.0,1.0,58,8,2.240523315372383,0,2.240523315372383,False,False,False,True,0,1173,18,0.4,0.3,0.3,balanced
1781487028478.977,0.4,0.3,0.3,583.8445839874411,597.5555555555555,0.11676891679748821,560.667932890155,733.5454257676479,0.03673568598333256,1.0,1.0,1.0,59,8,2.242271727486005,0,2.242271727486005,False,False,False,True,0,1174,18,0.4,0.3,0.3,balanced
1781487054908.834,0.4,0.3,0.3,583.5777080062794,596.3333333333334,0.11671554160125588,676.7537195314973,904.0772396327951,0.04447990123625732,1.0,1.0,1.0,61,8,2.2399698129886203,0,2.2399698129886203,False,False,False,True,0,1175,18,0.4,0.3,0.3,balanced
1781487078447.426,0.4,0.3,0.3,583.8288854003139,595.4444444444445,0.11676577708006278,702.6248134581468,890.5406322072989,0.04620579142482634,0.9823037884262373,0.987801293356849,0.9823037884262373,64,8,2.2341230882683982,0,2.2341230882683982,False,False,False,True,0,1176,18,0.4,0.3,0.3,balanced
1781487105073.937,0.4,0.3,0.3,580.7833594976453,592.8888888888889,0.11615667189952905,730.1638176638177,897.8964862298195,0.048042949810795044,1.0,1.0,1.0,65,8,2.23912444629695,0,2.23912444629695,False,False,False,True,0,1177,18,0.4,0.3,0.3,balanced
1781487134006.116,0.4,0.3,0.3,493.3296703296703,531.6666666666666,0.09866593406593406,788.1666666666666,1112.2962962962965,0.05191238603513453,0.8645091172563699,0.9059829059829059,0.8645091172563699,67,8,2.204312645739997,0,2.204312645739997,False,False,False,True,0,1178,18,0.4,0.3,0.3,balanced
1781487160518.193,0.4,0.3,0.3,579.6813186813187,591.4444444444445,0.11593626373626373,685.7439062994619,902.4311490978157,0.04507964685119826,1.0,1.0,1.0,65,8,2.240101600450135,1,2.240101600450135,False,False,False,True,0,1179,18,0.4,0.3,0.3,balanced
1781487183552.4521,0.4,0.3,0.3,580.2998430141288,591.4444444444445,0.11605996860282576,672.4279835390947,849.2181069958848,0.04419132645357537,1.0,1.0,1.0,67,8,2.240318614622797,0,2.240318614622797,False,False,False,True,0,1180,18,0.4,0.3,0.3,balanced
1781487210064.512,0.4,0.3,0.3,579.138147566719,591.2222222222222,0.1158276295133438,740.9639126305793,927.9439696106363,0.04876343646634952,1.0,1.0,1.0,68,8,2.2390399172547575,0,2.2390399172547575,False,False,False,True,0,1181,18,0.4,0.3,0.3,balanced
1781487236992.511,0.4,0.3,0.3,578.6828885400313,590.1111111111111,0.11573657770800626,730.4415954415955,928.827160493827,0.04806148068322852,1.0,1.0,1.0,67,8,2.2392869247118288,1,2.2392869247118288,False,False,False,True,0,1182,18,0.4,0.3,0.3,balanced
1781487259834.783,0.4,0.3,0.3,580.5604395604396,592.0,0.11611208791208792,718.4979423868313,860.6584362139916,0.04726470596309748,1.0,1.0,1.0,65,8,2.2393757530462355,1,2.2393757530462355,False,False,False,True,0,1183,18,0.4,0.3,0.3,balanced
1781487286655.366,0.4,0.3,0.3,581.3547880690737,594.3333333333334,0.11627095761381474,775.6323203545425,939.5378284267172,0.05107620549396547,1.0,1.0,1.0,64,8,2.2381687553062846,1,2.2381687553062846,False,False,False,True,0,1184,18,0.4,0.3,0.3,balanced
1781487313469.962,0.4,0.3,0.3,584.1664050235478,596.8888888888889,0.11683328100470956,701.3152896486228,828.4504590060146,0.046118431597639946,1.0,1.0,1.0,61,8,2.239431158118824,1,2.239431158118824,False,False,False,True,0,1185,18,0.4,0.3,0.3,balanced
1781487340292.551,0.4,0.3,0.3,585.6263736263735,598.7777777777778,0.1171252747252747,658.957739791073,800.6521050965496,0.043292711126822744,1.0,1.0,1.0,59,8,2.2401620767718433,1,2.2401620767718433,False,False,False,True,0,1186,18,0.4,0.3,0.3,balanced
1781487363539.8381,0.4,0.3,0.3,583.3673469387755,596.7777777777778,0.11667346938775511,649.8543842988287,772.6717315606205,0.042685415897186704,1.0,1.0,1.0,58,8,2.240524987475742,1,2.240524987475742,False,False,False,True,0,1187,18,0.4,0.3,0.3,balanced
1781487390159.909,0.4,0.3,0.3,584.9010989010989,597.5555555555555,0.11698021978021977,678.5905349794239,807.4279835390947,0.04460243729015503,1.0,1.0,1.0,59,8,2.2398271809008654,0,2.2398271809008654,False,False,False,True,0,1188,18,0.4,0.3,0.3,balanced
1781487416684.2239,0.4,0.3,0.3,584.9874411302983,597.7777777777778,0.11699748822605965,740.1147515036403,880.0933839822727,0.04870678795888194,1.0,1.0,1.0,61,8,2.2385889683219116,0,2.2385889683219116,False,False,False,True,0,1189,18,0.4,0.3,0.3,balanced
1781487439617.734,0.4,0.3,0.3,585.2135007849292,598.4444444444445,0.11704270015698585,709.0843621399176,841.3596074707186,0.0466367152861853,1.0,1.0,1.0,59,8,2.2391919053513503,1,2.2391919053513503,False,False,False,True,0,1190,18,0.4,0.3,0.3,balanced
1781487466441.581,0.4,0.3,0.3,586.1240188383046,600.2222222222222,0.11722480376766091,756.8027856916746,883.8651471984806,0.04982006575661605,1.0,1.0,1.0,58,8,2.2381640587659506,1,2.2381640587659506,False,False,False,True,0,1191,18,0.4,0.3,0.3,balanced
1781487493051.939,0.4,0.3,0.3,588.7441130298273,602.5555555555555,0.11774882260596546,678.5517568850902,799.9398543842989,0.04459985035924551,1.0,1.0,1.0,56,8,2.23952051584984,1,2.23952051584984,False,False,False,True,0,1192,18,0.4,0.3,0.3,balanced
1781487525886.7769,0.4,0.3,0.3,431.45368916797486,472.8888888888889,0.08629073783359498,483.563025210084,595.967320261438,0.031591929633761444,0.728414442700157,0.7777777777777778,0.728414442700157,55,8,2.1745304587864807,1,2.1745304587864807,False,False,False,True,0,1193,18,0.4,0.3,0.3,balanced
1781487552495.299,0.4,0.3,0.3,587.778649921507,601.6666666666666,0.11755572998430142,609.8820829376384,754.6153846153846,0.04001881807455893,1.0,1.0,1.0,56,8,2.2409720625839116,0,2.2409720625839116,False,False,False,True,0,1194,18,0.4,0.3,0.3,balanced
1781487575639.438,0.4,0.3,0.3,589.7927786499215,603.5555555555555,0.1179585557299843,611.0018993352326,745.815131370687,0.040093522303884764,1.0,1.0,1.0,55,8,2.240788521016841,1,2.240788521016841,False,False,False,True,0,1195,18,0.4,0.3,0.3,balanced
1781487602655.029,0.4,0.3,0.3,590.8838304552589,605.5555555555555,0.11817676609105178,544.9024691358024,694.2794555239,0.03568395391166127,0.9937205651491365,0.9957264957264957,0.9937205651491365,53,8,2.240140276934822,1,2.240140276934822,False,False,False,True,0,1196,18,0.4,0.3,0.3,balanced
1781487630672.935,0.4,0.3,0.3,586.6860282574568,601.2222222222222,0.11733720565149135,23227.910561660563,24481.29426129426,1.0,0.9817431246002672,0.9835390946502057,0.9817431246002672,55,8,1.9475880551194837,0,1.9475880551194837,False,False,False,True,0,1197,18,0.4,0.3,0.3,balanced
1781487653815.341,0.4,0.3,0.3,590.3736263736263,604.4444444444445,0.11807472527472526,546.8724279835391,667.1684077239632,0.035815372113645036,1.0,1.0,1.0,53,8,2.2420254982560164,1,2.2420254982560164,False,False,False,True,0,1198,18,0.4,0.3,0.3,balanced
1781487680828.189,0.4,0.3,0.3,589.6703296703297,603.4444444444445,0.11793406593406594,581.8328584995251,712.1921494143717,0.0381476223148449,1.0,1.0,1.0,55,8,2.24138208693192,0,2.24138208693192,False,False,False,True,0,1199,18,0.4,0.3,0.3,balanced
1781487707847.43,0.4,0.3,0.3,591.7409733124018,607.1111111111111,0.11834819466248037,493.954574232352,606.0335549224437,0.03228516172330567,1.0,1.0,1.0,53,8,2.2429751736180163,1,2.2429751736180163,False,True,False,True,0,1200,18,0.4,0.3,0.3,balanced
